WARNING: huggingface-hub 1.13.0 does not provide the extra 'cli'
2026-05-07 16:20:58,257 - __main__ - INFO - ================================================================================
2026-05-07 16:20:58,257 - __main__ - INFO - IRC Conversation Disentanglement Training
2026-05-07 16:20:58,257 - __main__ - INFO - ================================================================================
2026-05-07 16:20:58,257 - __main__ - INFO - --- System Diagnostics ---
2026-05-07 16:20:58,257 - __main__ - INFO - OS: Linux 5.14.0-611.24.1.el9_7.x86_64
2026-05-07 16:20:58,257 - __main__ - INFO - Python: 3.10.20
2026-05-07 16:20:58,257 - __main__ - INFO - RAM: 2003.13 GB total, 1964.46 GB available
2026-05-07 16:20:58,275 - __main__ - INFO - GPU 0: NVIDIA L40
2026-05-07 16:20:58,275 - __main__ - INFO -   Total Memory: 45460 MB
2026-05-07 16:20:58,275 - __main__ - INFO -   Compute Capability: 8.9
2026-05-07 16:20:58,275 - __main__ - INFO - --------------------------
2026-05-07 16:20:58,275 - __main__ - INFO - Mode: train
2026-05-07 16:20:58,275 - __main__ - INFO - Device: cuda
2026-05-07 16:20:58,275 - __main__ - INFO - Model: microsoft/deberta-v3-base
2026-05-07 16:20:58,275 - __main__ - INFO - Batch size: 32
2026-05-07 16:20:58,275 - __main__ - INFO - Learning rate: 5e-05
2026-05-07 16:20:58,275 - __main__ - INFO - Epochs: 3
2026-05-07 16:20:58,275 - __main__ - INFO - Max dist: 30
2026-05-07 16:20:58,275 - __main__ - INFO - Max length: 128
2026-05-07 16:20:58,275 - __main__ - INFO - Output dir: /scratch/user/s4901673/ircbert_runs/checkpoints
2026-05-07 16:20:58,275 - __main__ - INFO - Using device: cuda
2026-05-07 16:20:58,275 - __main__ - INFO - Loading tokenizer: microsoft/deberta-v3-base
2026-05-07 16:20:58,539 - httpx - INFO - HTTP Request: HEAD https://huggingface.co/microsoft/deberta-v3-base/resolve/main/config.json "HTTP/1.1 307 Temporary Redirect"
Warning: You are sending unauthenticated requests to the HF Hub. Please set a HF_TOKEN to enable higher rate limits and faster downloads.
2026-05-07 16:20:58,540 - huggingface_hub.utils._http - WARNING - Warning: You are sending unauthenticated requests to the HF Hub. Please set a HF_TOKEN to enable higher rate limits and faster downloads.
2026-05-07 16:20:58,545 - httpx - INFO - HTTP Request: HEAD https://huggingface.co/api/resolve-cache/models/microsoft/deberta-v3-base/8ccc9b6f36199bec6961081d44eb72fb3f7353f3/config.json "HTTP/1.1 200 OK"
2026-05-07 16:20:58,781 - httpx - INFO - HTTP Request: HEAD https://huggingface.co/microsoft/deberta-v3-base/resolve/main/tokenizer_config.json "HTTP/1.1 307 Temporary Redirect"
2026-05-07 16:20:58,787 - httpx - INFO - HTTP Request: HEAD https://huggingface.co/api/resolve-cache/models/microsoft/deberta-v3-base/8ccc9b6f36199bec6961081d44eb72fb3f7353f3/tokenizer_config.json "HTTP/1.1 200 OK"
2026-05-07 16:20:59,018 - httpx - INFO - HTTP Request: GET https://huggingface.co/api/models/microsoft/deberta-v3-base/tree/main/additional_chat_templates?recursive=false&expand=false "HTTP/1.1 404 Not Found"
2026-05-07 16:20:59,250 - httpx - INFO - HTTP Request: GET https://huggingface.co/api/models/microsoft/deberta-v3-base/tree/main?recursive=true&expand=false "HTTP/1.1 200 OK"
2026-05-07 16:20:59,734 - httpx - INFO - HTTP Request: GET https://huggingface.co/api/models/microsoft/deberta-v3-base "HTTP/1.1 200 OK"
2026-05-07 16:20:59,736 - __main__ - INFO - Tokenizer loaded: DebertaV2Tokenizer
2026-05-07 16:20:59,736 - __main__ - INFO - Creating dataloaders...
2026-05-07 16:20:59,779 - __main__ - INFO - Loading 153 train files...
2026-05-07 16:20:59,779 - data_loader - INFO - Initializing IRCDisentanglementDataset with 153 files
2026-05-07 16:20:59,779 - data_loader - INFO -   max_dist=30, max_length=128, skip_labels=False
2026-05-07 16:20:59,779 - data_loader - INFO -   test_start=0, test_end=1000000000
2026-05-07 16:20:59,780 - data_loader - INFO - Loading conversation from data/train/2004-12-25.train-c.ascii.txt
2026-05-07 16:20:59,781 - data_loader - INFO -   Read 1500 lines from ASCII file
2026-05-07 16:20:59,788 - data_loader - INFO -   Parsed 1500 messages, found 94 unique users
2026-05-07 16:20:59,969 - data_loader - INFO -   Loaded 382 gold links from annotation file
2026-05-07 16:20:59,972 - data_loader - INFO -   Conversation '2004-12-25.train-c' loaded in 0.19s
2026-05-07 16:20:59,972 - data_loader - INFO -   Creating samples for 2004-12-25.train-c: all 1500 messages
2026-05-07 16:20:59,992 - data_loader - INFO -   Created 174 samples for 2004-12-25.train-c
2026-05-07 16:20:59,993 - data_loader - INFO -   File 1/153: 2004-12-25.train-c - 1500 messages, 174 total samples so far
2026-05-07 16:20:59,993 - data_loader - INFO - Loading conversation from data/train/2005-02-06.train-c.ascii.txt
2026-05-07 16:20:59,994 - data_loader - INFO -   Read 1500 lines from ASCII file
2026-05-07 16:20:59,998 - data_loader - INFO -   Parsed 1500 messages, found 70 unique users
2026-05-07 16:21:00,140 - data_loader - INFO -   Loaded 346 gold links from annotation file
2026-05-07 16:21:00,140 - data_loader - INFO -   Conversation '2005-02-06.train-c' loaded in 0.15s
2026-05-07 16:21:00,140 - data_loader - INFO -   Creating samples for 2005-02-06.train-c: all 1500 messages
2026-05-07 16:21:00,156 - data_loader - INFO -   Created 98 samples for 2005-02-06.train-c
2026-05-07 16:21:00,156 - data_loader - INFO -   File 2/153: 2005-02-06.train-c - 1500 messages, 272 total samples so far
2026-05-07 16:21:00,156 - data_loader - INFO - Loading conversation from data/train/2005-02-08.train-a.ascii.txt
2026-05-07 16:21:00,157 - data_loader - INFO -   Read 1246 lines from ASCII file
2026-05-07 16:21:00,160 - data_loader - INFO -   Parsed 1246 messages, found 71 unique users
2026-05-07 16:21:00,261 - data_loader - INFO -   Loaded 214 gold links from annotation file
2026-05-07 16:21:00,261 - data_loader - INFO -   Conversation '2005-02-08.train-a' loaded in 0.10s
2026-05-07 16:21:00,261 - data_loader - INFO -   Creating samples for 2005-02-08.train-a: all 1246 messages
2026-05-07 16:21:00,272 - data_loader - INFO -   Created 84 samples for 2005-02-08.train-a
2026-05-07 16:21:00,272 - data_loader - INFO -   File 3/153: 2005-02-08.train-a - 1246 messages, 356 total samples so far
2026-05-07 16:21:00,272 - data_loader - INFO - Loading conversation from data/train/2005-02-27.train-c.ascii.txt
2026-05-07 16:21:00,274 - data_loader - INFO -   Read 1500 lines from ASCII file
2026-05-07 16:21:00,278 - data_loader - INFO -   Parsed 1500 messages, found 74 unique users
2026-05-07 16:21:00,435 - data_loader - INFO -   Loaded 355 gold links from annotation file
2026-05-07 16:21:00,436 - data_loader - INFO -   Conversation '2005-02-27.train-c' loaded in 0.16s
2026-05-07 16:21:00,436 - data_loader - INFO -   Creating samples for 2005-02-27.train-c: all 1500 messages
2026-05-07 16:21:00,454 - data_loader - INFO -   Created 109 samples for 2005-02-27.train-c
2026-05-07 16:21:00,454 - data_loader - INFO -   File 4/153: 2005-02-27.train-c - 1500 messages, 465 total samples so far
2026-05-07 16:21:00,454 - data_loader - INFO - Loading conversation from data/train/2005-05-14.train-c.ascii.txt
2026-05-07 16:21:00,455 - data_loader - INFO -   Read 1500 lines from ASCII file
2026-05-07 16:21:00,459 - data_loader - INFO -   Parsed 1500 messages, found 85 unique users
2026-05-07 16:21:00,634 - data_loader - INFO -   Loaded 370 gold links from annotation file
2026-05-07 16:21:00,634 - data_loader - INFO -   Conversation '2005-05-14.train-c' loaded in 0.18s
2026-05-07 16:21:00,635 - data_loader - INFO -   Creating samples for 2005-05-14.train-c: all 1500 messages
2026-05-07 16:21:00,654 - data_loader - INFO -   Created 147 samples for 2005-05-14.train-c
2026-05-07 16:21:00,654 - data_loader - INFO -   File 5/153: 2005-05-14.train-c - 1500 messages, 612 total samples so far
2026-05-07 16:21:00,654 - data_loader - INFO - Loading conversation from data/train/2005-05-19.train-a.ascii.txt
2026-05-07 16:21:00,655 - data_loader - INFO -   Read 1191 lines from ASCII file
2026-05-07 16:21:00,658 - data_loader - INFO -   Parsed 1191 messages, found 68 unique users
2026-05-07 16:21:00,764 - data_loader - INFO -   Loaded 165 gold links from annotation file
2026-05-07 16:21:00,764 - data_loader - INFO -   Conversation '2005-05-19.train-a' loaded in 0.11s
2026-05-07 16:21:00,765 - data_loader - INFO -   Creating samples for 2005-05-19.train-a: all 1191 messages
2026-05-07 16:21:00,892 - data_loader - INFO -   Created 62 samples for 2005-05-19.train-a
2026-05-07 16:21:00,892 - data_loader - INFO -   File 6/153: 2005-05-19.train-a - 1191 messages, 674 total samples so far
2026-05-07 16:21:00,892 - data_loader - INFO - Loading conversation from data/train/2005-06-06.train-c.ascii.txt
2026-05-07 16:21:00,894 - data_loader - INFO -   Read 1500 lines from ASCII file
2026-05-07 16:21:00,897 - data_loader - INFO -   Parsed 1500 messages, found 97 unique users
2026-05-07 16:21:01,077 - data_loader - INFO -   Loaded 388 gold links from annotation file
2026-05-07 16:21:01,077 - data_loader - INFO -   Conversation '2005-06-06.train-c' loaded in 0.19s
2026-05-07 16:21:01,077 - data_loader - INFO -   Creating samples for 2005-06-06.train-c: all 1500 messages
2026-05-07 16:21:01,098 - data_loader - INFO -   Created 163 samples for 2005-06-06.train-c
2026-05-07 16:21:01,098 - data_loader - INFO -   File 7/153: 2005-06-06.train-c - 1500 messages, 837 total samples so far
2026-05-07 16:21:01,098 - data_loader - INFO - Loading conversation from data/train/2005-06-12.train-c.ascii.txt
2026-05-07 16:21:01,099 - data_loader - INFO -   Read 1500 lines from ASCII file
2026-05-07 16:21:01,103 - data_loader - INFO -   Parsed 1500 messages, found 93 unique users
2026-05-07 16:21:01,306 - data_loader - INFO -   Loaded 371 gold links from annotation file
2026-05-07 16:21:01,307 - data_loader - INFO -   Conversation '2005-06-12.train-c' loaded in 0.21s
2026-05-07 16:21:01,307 - data_loader - INFO -   Creating samples for 2005-06-12.train-c: all 1500 messages
2026-05-07 16:21:01,325 - data_loader - INFO -   Created 116 samples for 2005-06-12.train-c
2026-05-07 16:21:01,325 - data_loader - INFO -   File 8/153: 2005-06-12.train-c - 1500 messages, 953 total samples so far
2026-05-07 16:21:01,325 - data_loader - INFO - Loading conversation from data/train/2005-06-16.train-c.ascii.txt
2026-05-07 16:21:01,326 - data_loader - INFO -   Read 1500 lines from ASCII file
2026-05-07 16:21:01,330 - data_loader - INFO -   Parsed 1500 messages, found 90 unique users
2026-05-07 16:21:01,511 - data_loader - INFO -   Loaded 388 gold links from annotation file
2026-05-07 16:21:01,511 - data_loader - INFO -   Conversation '2005-06-16.train-c' loaded in 0.19s
2026-05-07 16:21:01,511 - data_loader - INFO -   Creating samples for 2005-06-16.train-c: all 1500 messages
2026-05-07 16:21:01,528 - data_loader - INFO -   Created 98 samples for 2005-06-16.train-c
2026-05-07 16:21:01,528 - data_loader - INFO -   File 9/153: 2005-06-16.train-c - 1500 messages, 1051 total samples so far
2026-05-07 16:21:01,528 - data_loader - INFO - Loading conversation from data/train/2005-06-20.train-a.ascii.txt
2026-05-07 16:21:01,529 - data_loader - INFO -   Read 1457 lines from ASCII file
2026-05-07 16:21:01,533 - data_loader - INFO -   Parsed 1457 messages, found 77 unique users
2026-05-07 16:21:01,685 - data_loader - INFO -   Loaded 326 gold links from annotation file
2026-05-07 16:21:01,685 - data_loader - INFO -   Conversation '2005-06-20.train-a' loaded in 0.16s
2026-05-07 16:21:01,685 - data_loader - INFO -   Creating samples for 2005-06-20.train-a: all 1457 messages
2026-05-07 16:21:01,702 - data_loader - INFO -   Created 123 samples for 2005-06-20.train-a
2026-05-07 16:21:01,702 - data_loader - INFO -   File 10/153: 2005-06-20.train-a - 1457 messages, 1174 total samples so far
2026-05-07 16:21:01,702 - data_loader - INFO - Loading conversation from data/train/2005-07-25.train-a.ascii.txt
2026-05-07 16:21:01,704 - data_loader - INFO -   Read 1283 lines from ASCII file
2026-05-07 16:21:01,707 - data_loader - INFO -   Parsed 1283 messages, found 88 unique users
2026-05-07 16:21:01,859 - data_loader - INFO -   Loaded 217 gold links from annotation file
2026-05-07 16:21:01,859 - data_loader - INFO -   Conversation '2005-07-25.train-a' loaded in 0.16s
2026-05-07 16:21:01,859 - data_loader - INFO -   Creating samples for 2005-07-25.train-a: all 1283 messages
2026-05-07 16:21:01,873 - data_loader - INFO -   Created 104 samples for 2005-07-25.train-a
2026-05-07 16:21:01,873 - data_loader - INFO -   File 11/153: 2005-07-25.train-a - 1283 messages, 1278 total samples so far
2026-05-07 16:21:01,873 - data_loader - INFO - Loading conversation from data/train/2005-07-29.train-c.ascii.txt
2026-05-07 16:21:01,874 - data_loader - INFO -   Read 1500 lines from ASCII file
2026-05-07 16:21:01,878 - data_loader - INFO -   Parsed 1500 messages, found 84 unique users
2026-05-07 16:21:02,055 - data_loader - INFO -   Loaded 396 gold links from annotation file
2026-05-07 16:21:02,055 - data_loader - INFO -   Conversation '2005-07-29.train-c' loaded in 0.18s
2026-05-07 16:21:02,056 - data_loader - INFO -   Creating samples for 2005-07-29.train-c: all 1500 messages
2026-05-07 16:21:02,075 - data_loader - INFO -   Created 152 samples for 2005-07-29.train-c
2026-05-07 16:21:02,075 - data_loader - INFO -   File 12/153: 2005-07-29.train-c - 1500 messages, 1430 total samples so far
2026-05-07 16:21:02,075 - data_loader - INFO - Loading conversation from data/train/2005-09-26.train-c.ascii.txt
2026-05-07 16:21:02,077 - data_loader - INFO -   Read 1500 lines from ASCII file
2026-05-07 16:21:02,081 - data_loader - INFO -   Parsed 1500 messages, found 114 unique users
2026-05-07 16:21:02,314 - data_loader - INFO -   Loaded 403 gold links from annotation file
2026-05-07 16:21:02,314 - data_loader - INFO -   Conversation '2005-09-26.train-c' loaded in 0.24s
2026-05-07 16:21:02,314 - data_loader - INFO -   Creating samples for 2005-09-26.train-c: all 1500 messages
2026-05-07 16:21:02,333 - data_loader - INFO -   Created 119 samples for 2005-09-26.train-c
2026-05-07 16:21:02,333 - data_loader - INFO -   File 13/153: 2005-09-26.train-c - 1500 messages, 1549 total samples so far
2026-05-07 16:21:02,333 - data_loader - INFO - Loading conversation from data/train/2005-10-07.train-c.ascii.txt
2026-05-07 16:21:02,334 - data_loader - INFO -   Read 1500 lines from ASCII file
2026-05-07 16:21:02,338 - data_loader - INFO -   Parsed 1500 messages, found 99 unique users
2026-05-07 16:21:02,529 - data_loader - INFO -   Loaded 375 gold links from annotation file
2026-05-07 16:21:02,529 - data_loader - INFO -   Conversation '2005-10-07.train-c' loaded in 0.20s
2026-05-07 16:21:02,529 - data_loader - INFO -   Creating samples for 2005-10-07.train-c: all 1500 messages
2026-05-07 16:21:02,549 - data_loader - INFO -   Created 151 samples for 2005-10-07.train-c
2026-05-07 16:21:02,549 - data_loader - INFO -   File 14/153: 2005-10-07.train-c - 1500 messages, 1700 total samples so far
2026-05-07 16:21:02,549 - data_loader - INFO - Loading conversation from data/train/2005-10-12.train-c.ascii.txt
2026-05-07 16:21:02,550 - data_loader - INFO -   Read 1500 lines from ASCII file
2026-05-07 16:21:02,554 - data_loader - INFO -   Parsed 1500 messages, found 138 unique users
2026-05-07 16:21:02,808 - data_loader - INFO -   Loaded 370 gold links from annotation file
2026-05-07 16:21:02,809 - data_loader - INFO -   Conversation '2005-10-12.train-c' loaded in 0.26s
2026-05-07 16:21:02,809 - data_loader - INFO -   Creating samples for 2005-10-12.train-c: all 1500 messages
2026-05-07 16:21:02,827 - data_loader - INFO -   Created 139 samples for 2005-10-12.train-c
2026-05-07 16:21:02,827 - data_loader - INFO -   File 15/153: 2005-10-12.train-c - 1500 messages, 1839 total samples so far
2026-05-07 16:21:02,827 - data_loader - INFO - Loading conversation from data/train/2005-12-03.train-c.ascii.txt
2026-05-07 16:21:02,829 - data_loader - INFO -   Read 1500 lines from ASCII file
2026-05-07 16:21:02,833 - data_loader - INFO -   Parsed 1500 messages, found 104 unique users
2026-05-07 16:21:03,043 - data_loader - INFO -   Loaded 387 gold links from annotation file
2026-05-07 16:21:03,043 - data_loader - INFO -   Conversation '2005-12-03.train-c' loaded in 0.22s
2026-05-07 16:21:03,043 - data_loader - INFO -   Creating samples for 2005-12-03.train-c: all 1500 messages
2026-05-07 16:21:03,062 - data_loader - INFO -   Created 161 samples for 2005-12-03.train-c
2026-05-07 16:21:03,063 - data_loader - INFO -   File 16/153: 2005-12-03.train-c - 1500 messages, 2000 total samples so far
2026-05-07 16:21:03,063 - data_loader - INFO - Loading conversation from data/train/2005-12-04.train-c.ascii.txt
2026-05-07 16:21:03,064 - data_loader - INFO -   Read 1500 lines from ASCII file
2026-05-07 16:21:03,068 - data_loader - INFO -   Parsed 1500 messages, found 128 unique users
2026-05-07 16:21:03,323 - data_loader - INFO -   Loaded 399 gold links from annotation file
2026-05-07 16:21:03,323 - data_loader - INFO -   Conversation '2005-12-04.train-c' loaded in 0.26s
2026-05-07 16:21:03,323 - data_loader - INFO -   Creating samples for 2005-12-04.train-c: all 1500 messages
2026-05-07 16:21:03,347 - data_loader - INFO -   Created 190 samples for 2005-12-04.train-c
2026-05-07 16:21:03,347 - data_loader - INFO -   File 17/153: 2005-12-04.train-c - 1500 messages, 2190 total samples so far
2026-05-07 16:21:03,347 - data_loader - INFO - Loading conversation from data/train/2005-12-16.train-c.ascii.txt
2026-05-07 16:21:03,348 - data_loader - INFO -   Read 1500 lines from ASCII file
2026-05-07 16:21:03,352 - data_loader - INFO -   Parsed 1500 messages, found 83 unique users
2026-05-07 16:21:03,527 - data_loader - INFO -   Loaded 371 gold links from annotation file
2026-05-07 16:21:03,527 - data_loader - INFO -   Conversation '2005-12-16.train-c' loaded in 0.18s
2026-05-07 16:21:03,527 - data_loader - INFO -   Creating samples for 2005-12-16.train-c: all 1500 messages
2026-05-07 16:21:03,543 - data_loader - INFO -   Created 82 samples for 2005-12-16.train-c
2026-05-07 16:21:03,543 - data_loader - INFO -   File 18/153: 2005-12-16.train-c - 1500 messages, 2272 total samples so far
2026-05-07 16:21:03,543 - data_loader - INFO - Loading conversation from data/train/2005-12-23.train-c.ascii.txt
2026-05-07 16:21:03,544 - data_loader - INFO -   Read 1500 lines from ASCII file
2026-05-07 16:21:03,548 - data_loader - INFO -   Parsed 1500 messages, found 117 unique users
2026-05-07 16:21:03,772 - data_loader - INFO -   Loaded 380 gold links from annotation file
2026-05-07 16:21:03,772 - data_loader - INFO -   Conversation '2005-12-23.train-c' loaded in 0.23s
2026-05-07 16:21:03,772 - data_loader - INFO -   Creating samples for 2005-12-23.train-c: all 1500 messages
2026-05-07 16:21:03,793 - data_loader - INFO -   Created 170 samples for 2005-12-23.train-c
2026-05-07 16:21:03,793 - data_loader - INFO -   File 19/153: 2005-12-23.train-c - 1500 messages, 2442 total samples so far
2026-05-07 16:21:03,793 - data_loader - INFO - Loading conversation from data/train/2006-01-02.train-c.ascii.txt
2026-05-07 16:21:03,794 - data_loader - INFO -   Read 1500 lines from ASCII file
2026-05-07 16:21:03,798 - data_loader - INFO -   Parsed 1500 messages, found 120 unique users
2026-05-07 16:21:04,048 - data_loader - INFO -   Loaded 371 gold links from annotation file
2026-05-07 16:21:04,048 - data_loader - INFO -   Conversation '2006-01-02.train-c' loaded in 0.25s
2026-05-07 16:21:04,048 - data_loader - INFO -   Creating samples for 2006-01-02.train-c: all 1500 messages
2026-05-07 16:21:04,072 - data_loader - INFO -   Created 174 samples for 2006-01-02.train-c
2026-05-07 16:21:04,072 - data_loader - INFO -   File 20/153: 2006-01-02.train-c - 1500 messages, 2616 total samples so far
2026-05-07 16:21:04,072 - data_loader - INFO - Loading conversation from data/train/2006-01-12.train-c.ascii.txt
2026-05-07 16:21:04,073 - data_loader - INFO -   Read 1500 lines from ASCII file
2026-05-07 16:21:04,077 - data_loader - INFO -   Parsed 1500 messages, found 115 unique users
2026-05-07 16:21:04,305 - data_loader - INFO -   Loaded 378 gold links from annotation file
2026-05-07 16:21:04,305 - data_loader - INFO -   Conversation '2006-01-12.train-c' loaded in 0.23s
2026-05-07 16:21:04,305 - data_loader - INFO -   Creating samples for 2006-01-12.train-c: all 1500 messages
2026-05-07 16:21:04,324 - data_loader - INFO -   Created 128 samples for 2006-01-12.train-c
2026-05-07 16:21:04,324 - data_loader - INFO -   File 21/153: 2006-01-12.train-c - 1500 messages, 2744 total samples so far
2026-05-07 16:21:04,324 - data_loader - INFO - Loading conversation from data/train/2006-02-20.train-c.ascii.txt
2026-05-07 16:21:04,326 - data_loader - INFO -   Read 1500 lines from ASCII file
2026-05-07 16:21:04,329 - data_loader - INFO -   Parsed 1500 messages, found 115 unique users
2026-05-07 16:21:04,551 - data_loader - INFO -   Loaded 385 gold links from annotation file
2026-05-07 16:21:04,551 - data_loader - INFO -   Conversation '2006-02-20.train-c' loaded in 0.23s
2026-05-07 16:21:04,551 - data_loader - INFO -   Creating samples for 2006-02-20.train-c: all 1500 messages
2026-05-07 16:21:04,571 - data_loader - INFO -   Created 169 samples for 2006-02-20.train-c
2026-05-07 16:21:04,571 - data_loader - INFO -   File 22/153: 2006-02-20.train-c - 1500 messages, 2913 total samples so far
2026-05-07 16:21:04,571 - data_loader - INFO - Loading conversation from data/train/2006-02-24.train-a.ascii.txt
2026-05-07 16:21:04,573 - data_loader - INFO -   Read 1331 lines from ASCII file
2026-05-07 16:21:04,576 - data_loader - INFO -   Parsed 1331 messages, found 102 unique users
2026-05-07 16:21:04,767 - data_loader - INFO -   Loaded 280 gold links from annotation file
2026-05-07 16:21:04,767 - data_loader - INFO -   Conversation '2006-02-24.train-a' loaded in 0.20s
2026-05-07 16:21:04,767 - data_loader - INFO -   Creating samples for 2006-02-24.train-a: all 1331 messages
2026-05-07 16:21:04,783 - data_loader - INFO -   Created 110 samples for 2006-02-24.train-a
2026-05-07 16:21:04,783 - data_loader - INFO -   File 23/153: 2006-02-24.train-a - 1331 messages, 3023 total samples so far
2026-05-07 16:21:04,783 - data_loader - INFO - Loading conversation from data/train/2006-02-28.train-c.ascii.txt
2026-05-07 16:21:04,784 - data_loader - INFO -   Read 1500 lines from ASCII file
2026-05-07 16:21:04,788 - data_loader - INFO -   Parsed 1500 messages, found 137 unique users
2026-05-07 16:21:05,048 - data_loader - INFO -   Loaded 380 gold links from annotation file
2026-05-07 16:21:05,048 - data_loader - INFO -   Conversation '2006-02-28.train-c' loaded in 0.26s
2026-05-07 16:21:05,048 - data_loader - INFO -   Creating samples for 2006-02-28.train-c: all 1500 messages
2026-05-07 16:21:05,240 - data_loader - INFO -   Created 208 samples for 2006-02-28.train-c
2026-05-07 16:21:05,241 - data_loader - INFO -   File 24/153: 2006-02-28.train-c - 1500 messages, 3231 total samples so far
2026-05-07 16:21:05,241 - data_loader - INFO - Loading conversation from data/train/2006-03-05.train-c.ascii.txt
2026-05-07 16:21:05,242 - data_loader - INFO -   Read 1500 lines from ASCII file
2026-05-07 16:21:05,247 - data_loader - INFO -   Parsed 1500 messages, found 130 unique users
2026-05-07 16:21:05,524 - data_loader - INFO -   Loaded 364 gold links from annotation file
2026-05-07 16:21:05,524 - data_loader - INFO -   Conversation '2006-03-05.train-c' loaded in 0.28s
2026-05-07 16:21:05,524 - data_loader - INFO -   Creating samples for 2006-03-05.train-c: all 1500 messages
2026-05-07 16:21:05,544 - data_loader - INFO -   Created 134 samples for 2006-03-05.train-c
2026-05-07 16:21:05,544 - data_loader - INFO -   File 25/153: 2006-03-05.train-c - 1500 messages, 3365 total samples so far
2026-05-07 16:21:05,544 - data_loader - INFO - Loading conversation from data/train/2006-05-02.train-c.ascii.txt
2026-05-07 16:21:05,545 - data_loader - INFO -   Read 1500 lines from ASCII file
2026-05-07 16:21:05,549 - data_loader - INFO -   Parsed 1500 messages, found 124 unique users
2026-05-07 16:21:05,808 - data_loader - INFO -   Loaded 398 gold links from annotation file
2026-05-07 16:21:05,808 - data_loader - INFO -   Conversation '2006-05-02.train-c' loaded in 0.26s
2026-05-07 16:21:05,808 - data_loader - INFO -   Creating samples for 2006-05-02.train-c: all 1500 messages
2026-05-07 16:21:05,830 - data_loader - INFO -   Created 187 samples for 2006-05-02.train-c
2026-05-07 16:21:05,830 - data_loader - INFO -   File 26/153: 2006-05-02.train-c - 1500 messages, 3552 total samples so far
2026-05-07 16:21:05,830 - data_loader - INFO - Loading conversation from data/train/2006-05-15.train-c.ascii.txt
2026-05-07 16:21:05,832 - data_loader - INFO -   Read 1500 lines from ASCII file
2026-05-07 16:21:05,835 - data_loader - INFO -   Parsed 1500 messages, found 101 unique users
2026-05-07 16:21:06,042 - data_loader - INFO -   Loaded 369 gold links from annotation file
2026-05-07 16:21:06,042 - data_loader - INFO -   Conversation '2006-05-15.train-c' loaded in 0.21s
2026-05-07 16:21:06,042 - data_loader - INFO -   Creating samples for 2006-05-15.train-c: all 1500 messages
2026-05-07 16:21:06,066 - data_loader - INFO -   Created 199 samples for 2006-05-15.train-c
2026-05-07 16:21:06,066 - data_loader - INFO -   File 27/153: 2006-05-15.train-c - 1500 messages, 3751 total samples so far
2026-05-07 16:21:06,067 - data_loader - INFO - Loading conversation from data/train/2006-05-27.train-c.ascii.txt
2026-05-07 16:21:06,068 - data_loader - INFO -   Read 1500 lines from ASCII file
2026-05-07 16:21:06,072 - data_loader - INFO -   Parsed 1500 messages, found 117 unique users
2026-05-07 16:21:06,265 - data_loader - INFO -   Loaded 415 gold links from annotation file
2026-05-07 16:21:06,265 - data_loader - INFO -   Conversation '2006-05-27.train-c' loaded in 0.20s
2026-05-07 16:21:06,265 - data_loader - INFO -   Creating samples for 2006-05-27.train-c: all 1500 messages
2026-05-07 16:21:06,290 - data_loader - INFO -   Created 261 samples for 2006-05-27.train-c
2026-05-07 16:21:06,290 - data_loader - INFO -   File 28/153: 2006-05-27.train-c - 1500 messages, 4012 total samples so far
2026-05-07 16:21:06,290 - data_loader - INFO - Loading conversation from data/train/2006-05-29.train-c.ascii.txt
2026-05-07 16:21:06,291 - data_loader - INFO -   Read 1500 lines from ASCII file
2026-05-07 16:21:06,295 - data_loader - INFO -   Parsed 1500 messages, found 115 unique users
2026-05-07 16:21:06,514 - data_loader - INFO -   Loaded 371 gold links from annotation file
2026-05-07 16:21:06,514 - data_loader - INFO -   Conversation '2006-05-29.train-c' loaded in 0.22s
2026-05-07 16:21:06,515 - data_loader - INFO -   Creating samples for 2006-05-29.train-c: all 1500 messages
2026-05-07 16:21:06,539 - data_loader - INFO -   Created 212 samples for 2006-05-29.train-c
2026-05-07 16:21:06,539 - data_loader - INFO -   File 29/153: 2006-05-29.train-c - 1500 messages, 4224 total samples so far
2026-05-07 16:21:06,539 - data_loader - INFO - Loading conversation from data/train/2006-06-01.train-a.ascii.txt
2026-05-07 16:21:06,540 - data_loader - INFO -   Read 2165 lines from ASCII file
2026-05-07 16:21:06,545 - data_loader - INFO -   Parsed 2165 messages, found 223 unique users
2026-05-07 16:21:07,153 - data_loader - INFO -   Loaded 844 gold links from annotation file
2026-05-07 16:21:07,153 - data_loader - INFO -   Conversation '2006-06-01.train-a' loaded in 0.61s
2026-05-07 16:21:07,153 - data_loader - INFO -   Creating samples for 2006-06-01.train-a: all 2165 messages
2026-05-07 16:21:07,195 - data_loader - INFO -   Created 361 samples for 2006-06-01.train-a
2026-05-07 16:21:07,195 - data_loader - INFO -   File 30/153: 2006-06-01.train-a - 2165 messages, 4585 total samples so far
2026-05-07 16:21:07,195 - data_loader - INFO - Loading conversation from data/train/2006-06-05.train-a.ascii.txt
2026-05-07 16:21:07,196 - data_loader - INFO -   Read 1753 lines from ASCII file
2026-05-07 16:21:07,201 - data_loader - INFO -   Parsed 1753 messages, found 135 unique users
2026-05-07 16:21:07,532 - data_loader - INFO -   Loaded 582 gold links from annotation file
2026-05-07 16:21:07,532 - data_loader - INFO -   Conversation '2006-06-05.train-a' loaded in 0.34s
2026-05-07 16:21:07,532 - data_loader - INFO -   Creating samples for 2006-06-05.train-a: all 1753 messages
2026-05-07 16:21:07,562 - data_loader - INFO -   Created 232 samples for 2006-06-05.train-a
2026-05-07 16:21:07,563 - data_loader - INFO -   File 31/153: 2006-06-05.train-a - 1753 messages, 4817 total samples so far
2026-05-07 16:21:07,563 - data_loader - INFO - Loading conversation from data/train/2006-06-08.train-c.ascii.txt
2026-05-07 16:21:07,564 - data_loader - INFO -   Read 1500 lines from ASCII file
2026-05-07 16:21:07,567 - data_loader - INFO -   Parsed 1500 messages, found 110 unique users
2026-05-07 16:21:07,801 - data_loader - INFO -   Loaded 385 gold links from annotation file
2026-05-07 16:21:07,801 - data_loader - INFO -   Conversation '2006-06-08.train-c' loaded in 0.24s
2026-05-07 16:21:07,801 - data_loader - INFO -   Creating samples for 2006-06-08.train-c: all 1500 messages
2026-05-07 16:21:07,819 - data_loader - INFO -   Created 134 samples for 2006-06-08.train-c
2026-05-07 16:21:07,819 - data_loader - INFO -   File 32/153: 2006-06-08.train-c - 1500 messages, 4951 total samples so far
2026-05-07 16:21:07,819 - data_loader - INFO - Loading conversation from data/train/2006-06-21.train-c.ascii.txt
2026-05-07 16:21:07,820 - data_loader - INFO -   Read 1500 lines from ASCII file
2026-05-07 16:21:07,824 - data_loader - INFO -   Parsed 1500 messages, found 145 unique users
2026-05-07 16:21:08,104 - data_loader - INFO -   Loaded 385 gold links from annotation file
2026-05-07 16:21:08,104 - data_loader - INFO -   Conversation '2006-06-21.train-c' loaded in 0.28s
2026-05-07 16:21:08,104 - data_loader - INFO -   Creating samples for 2006-06-21.train-c: all 1500 messages
2026-05-07 16:21:08,130 - data_loader - INFO -   Created 255 samples for 2006-06-21.train-c
2026-05-07 16:21:08,130 - data_loader - INFO -   File 33/153: 2006-06-21.train-c - 1500 messages, 5206 total samples so far
2026-05-07 16:21:08,130 - data_loader - INFO - Loading conversation from data/train/2006-06-28.train-c.ascii.txt
2026-05-07 16:21:08,132 - data_loader - INFO -   Read 1500 lines from ASCII file
2026-05-07 16:21:08,135 - data_loader - INFO -   Parsed 1500 messages, found 127 unique users
2026-05-07 16:21:08,373 - data_loader - INFO -   Loaded 392 gold links from annotation file
2026-05-07 16:21:08,373 - data_loader - INFO -   Conversation '2006-06-28.train-c' loaded in 0.24s
2026-05-07 16:21:08,373 - data_loader - INFO -   Creating samples for 2006-06-28.train-c: all 1500 messages
2026-05-07 16:21:08,397 - data_loader - INFO -   Created 207 samples for 2006-06-28.train-c
2026-05-07 16:21:08,397 - data_loader - INFO -   File 34/153: 2006-06-28.train-c - 1500 messages, 5413 total samples so far
2026-05-07 16:21:08,397 - data_loader - INFO - Loading conversation from data/train/2006-07-01.train-c.ascii.txt
2026-05-07 16:21:08,398 - data_loader - INFO -   Read 1500 lines from ASCII file
2026-05-07 16:21:08,402 - data_loader - INFO -   Parsed 1500 messages, found 107 unique users
2026-05-07 16:21:08,609 - data_loader - INFO -   Loaded 379 gold links from annotation file
2026-05-07 16:21:08,609 - data_loader - INFO -   Conversation '2006-07-01.train-c' loaded in 0.21s
2026-05-07 16:21:08,610 - data_loader - INFO -   Creating samples for 2006-07-01.train-c: all 1500 messages
2026-05-07 16:21:08,630 - data_loader - INFO -   Created 164 samples for 2006-07-01.train-c
2026-05-07 16:21:08,630 - data_loader - INFO -   File 35/153: 2006-07-01.train-c - 1500 messages, 5577 total samples so far
2026-05-07 16:21:08,630 - data_loader - INFO - Loading conversation from data/train/2006-08-06.train-c.ascii.txt
2026-05-07 16:21:08,632 - data_loader - INFO -   Read 1500 lines from ASCII file
2026-05-07 16:21:08,636 - data_loader - INFO -   Parsed 1500 messages, found 116 unique users
2026-05-07 16:21:08,890 - data_loader - INFO -   Loaded 407 gold links from annotation file
2026-05-07 16:21:08,890 - data_loader - INFO -   Conversation '2006-08-06.train-c' loaded in 0.26s
2026-05-07 16:21:08,890 - data_loader - INFO -   Creating samples for 2006-08-06.train-c: all 1500 messages
2026-05-07 16:21:08,913 - data_loader - INFO -   Created 189 samples for 2006-08-06.train-c
2026-05-07 16:21:08,913 - data_loader - INFO -   File 36/153: 2006-08-06.train-c - 1500 messages, 5766 total samples so far
2026-05-07 16:21:08,913 - data_loader - INFO - Loading conversation from data/train/2006-08-11.train-c.ascii.txt
2026-05-07 16:21:08,915 - data_loader - INFO -   Read 1500 lines from ASCII file
2026-05-07 16:21:08,919 - data_loader - INFO -   Parsed 1500 messages, found 88 unique users
2026-05-07 16:21:09,116 - data_loader - INFO -   Loaded 394 gold links from annotation file
2026-05-07 16:21:09,116 - data_loader - INFO -   Conversation '2006-08-11.train-c' loaded in 0.20s
2026-05-07 16:21:09,116 - data_loader - INFO -   Creating samples for 2006-08-11.train-c: all 1500 messages
2026-05-07 16:21:09,135 - data_loader - INFO -   Created 122 samples for 2006-08-11.train-c
2026-05-07 16:21:09,135 - data_loader - INFO -   File 37/153: 2006-08-11.train-c - 1500 messages, 5888 total samples so far
2026-05-07 16:21:09,135 - data_loader - INFO - Loading conversation from data/train/2006-08-13.train-c.ascii.txt
2026-05-07 16:21:09,136 - data_loader - INFO -   Read 1500 lines from ASCII file
2026-05-07 16:21:09,140 - data_loader - INFO -   Parsed 1500 messages, found 84 unique users
2026-05-07 16:21:09,320 - data_loader - INFO -   Loaded 385 gold links from annotation file
2026-05-07 16:21:09,320 - data_loader - INFO -   Conversation '2006-08-13.train-c' loaded in 0.19s
2026-05-07 16:21:09,320 - data_loader - INFO -   Creating samples for 2006-08-13.train-c: all 1500 messages
2026-05-07 16:21:09,342 - data_loader - INFO -   Created 171 samples for 2006-08-13.train-c
2026-05-07 16:21:09,342 - data_loader - INFO -   File 38/153: 2006-08-13.train-c - 1500 messages, 6059 total samples so far
2026-05-07 16:21:09,342 - data_loader - INFO - Loading conversation from data/train/2006-08-15.train-c.ascii.txt
2026-05-07 16:21:09,344 - data_loader - INFO -   Read 1500 lines from ASCII file
2026-05-07 16:21:09,348 - data_loader - INFO -   Parsed 1500 messages, found 106 unique users
2026-05-07 16:21:09,574 - data_loader - INFO -   Loaded 393 gold links from annotation file
2026-05-07 16:21:09,574 - data_loader - INFO -   Conversation '2006-08-15.train-c' loaded in 0.23s
2026-05-07 16:21:09,574 - data_loader - INFO -   Creating samples for 2006-08-15.train-c: all 1500 messages
2026-05-07 16:21:09,593 - data_loader - INFO -   Created 141 samples for 2006-08-15.train-c
2026-05-07 16:21:09,594 - data_loader - INFO -   File 39/153: 2006-08-15.train-c - 1500 messages, 6200 total samples so far
2026-05-07 16:21:09,594 - data_loader - INFO - Loading conversation from data/train/2006-08-23.train-a.ascii.txt
2026-05-07 16:21:09,595 - data_loader - INFO -   Read 1673 lines from ASCII file
2026-05-07 16:21:09,599 - data_loader - INFO -   Parsed 1673 messages, found 148 unique users
2026-05-07 16:21:09,948 - data_loader - INFO -   Loaded 475 gold links from annotation file
2026-05-07 16:21:09,949 - data_loader - INFO -   Conversation '2006-08-23.train-a' loaded in 0.35s
2026-05-07 16:21:09,949 - data_loader - INFO -   Creating samples for 2006-08-23.train-a: all 1673 messages
2026-05-07 16:21:09,973 - data_loader - INFO -   Created 186 samples for 2006-08-23.train-a
2026-05-07 16:21:09,973 - data_loader - INFO -   File 40/153: 2006-08-23.train-a - 1673 messages, 6386 total samples so far
2026-05-07 16:21:09,973 - data_loader - INFO - Loading conversation from data/train/2006-09-13.train-c.ascii.txt
2026-05-07 16:21:09,974 - data_loader - INFO -   Read 1500 lines from ASCII file
2026-05-07 16:21:09,978 - data_loader - INFO -   Parsed 1500 messages, found 98 unique users
2026-05-07 16:21:10,171 - data_loader - INFO -   Loaded 388 gold links from annotation file
2026-05-07 16:21:10,171 - data_loader - INFO -   Conversation '2006-09-13.train-c' loaded in 0.20s
2026-05-07 16:21:10,171 - data_loader - INFO -   Creating samples for 2006-09-13.train-c: all 1500 messages
2026-05-07 16:21:10,192 - data_loader - INFO -   Created 156 samples for 2006-09-13.train-c
2026-05-07 16:21:10,192 - data_loader - INFO -   File 41/153: 2006-09-13.train-c - 1500 messages, 6542 total samples so far
2026-05-07 16:21:10,192 - data_loader - INFO - Loading conversation from data/train/2006-09-24.train-c.ascii.txt
2026-05-07 16:21:10,193 - data_loader - INFO -   Read 1500 lines from ASCII file
2026-05-07 16:21:10,197 - data_loader - INFO -   Parsed 1500 messages, found 114 unique users
2026-05-07 16:21:10,428 - data_loader - INFO -   Loaded 417 gold links from annotation file
2026-05-07 16:21:10,429 - data_loader - INFO -   Conversation '2006-09-24.train-c' loaded in 0.24s
2026-05-07 16:21:10,429 - data_loader - INFO -   Creating samples for 2006-09-24.train-c: all 1500 messages
2026-05-07 16:21:10,450 - data_loader - INFO -   Created 188 samples for 2006-09-24.train-c
2026-05-07 16:21:10,450 - data_loader - INFO -   File 42/153: 2006-09-24.train-c - 1500 messages, 6730 total samples so far
2026-05-07 16:21:10,450 - data_loader - INFO - Loading conversation from data/train/2006-11-01.train-c.ascii.txt
2026-05-07 16:21:10,452 - data_loader - INFO -   Read 1500 lines from ASCII file
2026-05-07 16:21:10,456 - data_loader - INFO -   Parsed 1500 messages, found 126 unique users
2026-05-07 16:21:10,692 - data_loader - INFO -   Loaded 383 gold links from annotation file
2026-05-07 16:21:10,692 - data_loader - INFO -   Conversation '2006-11-01.train-c' loaded in 0.24s
2026-05-07 16:21:10,692 - data_loader - INFO -   Creating samples for 2006-11-01.train-c: all 1500 messages
2026-05-07 16:21:10,717 - data_loader - INFO -   Created 216 samples for 2006-11-01.train-c
2026-05-07 16:21:10,717 - data_loader - INFO -   File 43/153: 2006-11-01.train-c - 1500 messages, 6946 total samples so far
2026-05-07 16:21:10,717 - data_loader - INFO - Loading conversation from data/train/2006-12-06.train-c.ascii.txt
2026-05-07 16:21:10,719 - data_loader - INFO -   Read 1500 lines from ASCII file
2026-05-07 16:21:10,722 - data_loader - INFO -   Parsed 1500 messages, found 110 unique users
2026-05-07 16:21:10,921 - data_loader - INFO -   Loaded 404 gold links from annotation file
2026-05-07 16:21:10,921 - data_loader - INFO -   Conversation '2006-12-06.train-c' loaded in 0.20s
2026-05-07 16:21:10,921 - data_loader - INFO -   Creating samples for 2006-12-06.train-c: all 1500 messages
2026-05-07 16:21:11,160 - data_loader - INFO -   Created 212 samples for 2006-12-06.train-c
2026-05-07 16:21:11,160 - data_loader - INFO -   File 44/153: 2006-12-06.train-c - 1500 messages, 7158 total samples so far
2026-05-07 16:21:11,160 - data_loader - INFO - Loading conversation from data/train/2006-12-10.train-a.ascii.txt
2026-05-07 16:21:11,162 - data_loader - INFO -   Read 1681 lines from ASCII file
2026-05-07 16:21:11,166 - data_loader - INFO -   Parsed 1681 messages, found 147 unique users
2026-05-07 16:21:11,468 - data_loader - INFO -   Loaded 561 gold links from annotation file
2026-05-07 16:21:11,468 - data_loader - INFO -   Conversation '2006-12-10.train-a' loaded in 0.31s
2026-05-07 16:21:11,468 - data_loader - INFO -   Creating samples for 2006-12-10.train-a: all 1681 messages
2026-05-07 16:21:11,496 - data_loader - INFO -   Created 259 samples for 2006-12-10.train-a
2026-05-07 16:21:11,496 - data_loader - INFO -   File 45/153: 2006-12-10.train-a - 1681 messages, 7417 total samples so far
2026-05-07 16:21:11,496 - data_loader - INFO - Loading conversation from data/train/2006-12-20.train-c.ascii.txt
2026-05-07 16:21:11,498 - data_loader - INFO -   Read 1500 lines from ASCII file
2026-05-07 16:21:11,501 - data_loader - INFO -   Parsed 1500 messages, found 115 unique users
2026-05-07 16:21:11,733 - data_loader - INFO -   Loaded 383 gold links from annotation file
2026-05-07 16:21:11,733 - data_loader - INFO -   Conversation '2006-12-20.train-c' loaded in 0.24s
2026-05-07 16:21:11,733 - data_loader - INFO -   Creating samples for 2006-12-20.train-c: all 1500 messages
2026-05-07 16:21:11,755 - data_loader - INFO -   Created 170 samples for 2006-12-20.train-c
2026-05-07 16:21:11,755 - data_loader - INFO -   File 46/153: 2006-12-20.train-c - 1500 messages, 7587 total samples so far
2026-05-07 16:21:11,755 - data_loader - INFO - Loading conversation from data/train/2007-01-12.train-c.ascii.txt
2026-05-07 16:21:11,756 - data_loader - INFO -   Read 1500 lines from ASCII file
2026-05-07 16:21:11,760 - data_loader - INFO -   Parsed 1500 messages, found 113 unique users
2026-05-07 16:21:11,996 - data_loader - INFO -   Loaded 407 gold links from annotation file
2026-05-07 16:21:11,996 - data_loader - INFO -   Conversation '2007-01-12.train-c' loaded in 0.24s
2026-05-07 16:21:11,996 - data_loader - INFO -   Creating samples for 2007-01-12.train-c: all 1500 messages
2026-05-07 16:21:12,022 - data_loader - INFO -   Created 226 samples for 2007-01-12.train-c
2026-05-07 16:21:12,022 - data_loader - INFO -   File 47/153: 2007-01-12.train-c - 1500 messages, 7813 total samples so far
2026-05-07 16:21:12,022 - data_loader - INFO - Loading conversation from data/train/2007-01-19.train-a.ascii.txt
2026-05-07 16:21:12,023 - data_loader - INFO -   Read 1740 lines from ASCII file
2026-05-07 16:21:12,028 - data_loader - INFO -   Parsed 1740 messages, found 102 unique users
2026-05-07 16:21:12,288 - data_loader - INFO -   Loaded 540 gold links from annotation file
2026-05-07 16:21:12,288 - data_loader - INFO -   Conversation '2007-01-19.train-a' loaded in 0.27s
2026-05-07 16:21:12,288 - data_loader - INFO -   Creating samples for 2007-01-19.train-a: all 1740 messages
2026-05-07 16:21:12,310 - data_loader - INFO -   Created 146 samples for 2007-01-19.train-a
2026-05-07 16:21:12,310 - data_loader - INFO -   File 48/153: 2007-01-19.train-a - 1740 messages, 7959 total samples so far
2026-05-07 16:21:12,310 - data_loader - INFO - Loading conversation from data/train/2007-01-21.train-c.ascii.txt
2026-05-07 16:21:12,312 - data_loader - INFO -   Read 1500 lines from ASCII file
2026-05-07 16:21:12,315 - data_loader - INFO -   Parsed 1500 messages, found 127 unique users
2026-05-07 16:21:12,575 - data_loader - INFO -   Loaded 379 gold links from annotation file
2026-05-07 16:21:12,575 - data_loader - INFO -   Conversation '2007-01-21.train-c' loaded in 0.26s
2026-05-07 16:21:12,575 - data_loader - INFO -   Creating samples for 2007-01-21.train-c: all 1500 messages
2026-05-07 16:21:12,601 - data_loader - INFO -   Created 239 samples for 2007-01-21.train-c
2026-05-07 16:21:12,601 - data_loader - INFO -   File 49/153: 2007-01-21.train-c - 1500 messages, 8198 total samples so far
2026-05-07 16:21:12,601 - data_loader - INFO - Loading conversation from data/train/2007-01-29.train-c.ascii.txt
2026-05-07 16:21:12,603 - data_loader - INFO -   Read 1500 lines from ASCII file
2026-05-07 16:21:12,607 - data_loader - INFO -   Parsed 1500 messages, found 115 unique users
2026-05-07 16:21:12,850 - data_loader - INFO -   Loaded 389 gold links from annotation file
2026-05-07 16:21:12,850 - data_loader - INFO -   Conversation '2007-01-29.train-c' loaded in 0.25s
2026-05-07 16:21:12,850 - data_loader - INFO -   Creating samples for 2007-01-29.train-c: all 1500 messages
2026-05-07 16:21:12,872 - data_loader - INFO -   Created 168 samples for 2007-01-29.train-c
2026-05-07 16:21:12,873 - data_loader - INFO -   File 50/153: 2007-01-29.train-c - 1500 messages, 8366 total samples so far
2026-05-07 16:21:12,873 - data_loader - INFO - Loading conversation from data/train/2007-02-06.train-c.ascii.txt
2026-05-07 16:21:12,874 - data_loader - INFO -   Read 1500 lines from ASCII file
2026-05-07 16:21:12,878 - data_loader - INFO -   Parsed 1500 messages, found 131 unique users
2026-05-07 16:21:13,144 - data_loader - INFO -   Loaded 387 gold links from annotation file
2026-05-07 16:21:13,145 - data_loader - INFO -   Conversation '2007-02-06.train-c' loaded in 0.27s
2026-05-07 16:21:13,145 - data_loader - INFO -   Creating samples for 2007-02-06.train-c: all 1500 messages
2026-05-07 16:21:13,171 - data_loader - INFO -   Created 225 samples for 2007-02-06.train-c
2026-05-07 16:21:13,171 - data_loader - INFO -   File 51/153: 2007-02-06.train-c - 1500 messages, 8591 total samples so far
2026-05-07 16:21:13,171 - data_loader - INFO - Loading conversation from data/train/2007-02-07.train-c.ascii.txt
2026-05-07 16:21:13,172 - data_loader - INFO -   Read 1500 lines from ASCII file
2026-05-07 16:21:13,176 - data_loader - INFO -   Parsed 1500 messages, found 112 unique users
2026-05-07 16:21:13,407 - data_loader - INFO -   Loaded 369 gold links from annotation file
2026-05-07 16:21:13,408 - data_loader - INFO -   Conversation '2007-02-07.train-c' loaded in 0.24s
2026-05-07 16:21:13,408 - data_loader - INFO -   Creating samples for 2007-02-07.train-c: all 1500 messages
2026-05-07 16:21:13,428 - data_loader - INFO -   Created 145 samples for 2007-02-07.train-c
2026-05-07 16:21:13,428 - data_loader - INFO -   File 52/153: 2007-02-07.train-c - 1500 messages, 8736 total samples so far
2026-05-07 16:21:13,428 - data_loader - INFO - Loading conversation from data/train/2007-02-15.train-c.ascii.txt
2026-05-07 16:21:13,430 - data_loader - INFO -   Read 1500 lines from ASCII file
2026-05-07 16:21:13,433 - data_loader - INFO -   Parsed 1500 messages, found 121 unique users
2026-05-07 16:21:13,673 - data_loader - INFO -   Loaded 414 gold links from annotation file
2026-05-07 16:21:13,673 - data_loader - INFO -   Conversation '2007-02-15.train-c' loaded in 0.24s
2026-05-07 16:21:13,673 - data_loader - INFO -   Creating samples for 2007-02-15.train-c: all 1500 messages
2026-05-07 16:21:13,698 - data_loader - INFO -   Created 236 samples for 2007-02-15.train-c
2026-05-07 16:21:13,698 - data_loader - INFO -   File 53/153: 2007-02-15.train-c - 1500 messages, 8972 total samples so far
2026-05-07 16:21:13,698 - data_loader - INFO - Loading conversation from data/train/2007-06-01.train-c.ascii.txt
2026-05-07 16:21:13,703 - data_loader - INFO -   Read 1500 lines from ASCII file
2026-05-07 16:21:13,707 - data_loader - INFO -   Parsed 1500 messages, found 93 unique users
2026-05-07 16:21:13,893 - data_loader - INFO -   Loaded 394 gold links from annotation file
2026-05-07 16:21:13,893 - data_loader - INFO -   Conversation '2007-06-01.train-c' loaded in 0.19s
2026-05-07 16:21:13,893 - data_loader - INFO -   Creating samples for 2007-06-01.train-c: all 1500 messages
2026-05-07 16:21:13,915 - data_loader - INFO -   Created 161 samples for 2007-06-01.train-c
2026-05-07 16:21:13,915 - data_loader - INFO -   File 54/153: 2007-06-01.train-c - 1500 messages, 9133 total samples so far
2026-05-07 16:21:13,915 - data_loader - INFO - Loading conversation from data/train/2007-06-04.train-a.ascii.txt
2026-05-07 16:21:13,917 - data_loader - INFO -   Read 1910 lines from ASCII file
2026-05-07 16:21:13,921 - data_loader - INFO -   Parsed 1910 messages, found 152 unique users
2026-05-07 16:21:14,309 - data_loader - INFO -   Loaded 763 gold links from annotation file
2026-05-07 16:21:14,309 - data_loader - INFO -   Conversation '2007-06-04.train-a' loaded in 0.39s
2026-05-07 16:21:14,309 - data_loader - INFO -   Creating samples for 2007-06-04.train-a: all 1910 messages
2026-05-07 16:21:14,346 - data_loader - INFO -   Created 343 samples for 2007-06-04.train-a
2026-05-07 16:21:14,346 - data_loader - INFO -   File 55/153: 2007-06-04.train-a - 1910 messages, 9476 total samples so far
2026-05-07 16:21:14,346 - data_loader - INFO - Loading conversation from data/train/2007-06-17.train-a.ascii.txt
2026-05-07 16:21:14,348 - data_loader - INFO -   Read 1764 lines from ASCII file
2026-05-07 16:21:14,352 - data_loader - INFO -   Parsed 1764 messages, found 146 unique users
2026-05-07 16:21:14,675 - data_loader - INFO -   Loaded 585 gold links from annotation file
2026-05-07 16:21:14,675 - data_loader - INFO -   Conversation '2007-06-17.train-a' loaded in 0.33s
2026-05-07 16:21:14,675 - data_loader - INFO -   Creating samples for 2007-06-17.train-a: all 1764 messages
2026-05-07 16:21:14,705 - data_loader - INFO -   Created 267 samples for 2007-06-17.train-a
2026-05-07 16:21:14,705 - data_loader - INFO -   File 56/153: 2007-06-17.train-a - 1764 messages, 9743 total samples so far
2026-05-07 16:21:14,705 - data_loader - INFO - Loading conversation from data/train/2007-07-03.train-a.ascii.txt
2026-05-07 16:21:14,706 - data_loader - INFO -   Read 1800 lines from ASCII file
2026-05-07 16:21:14,711 - data_loader - INFO -   Parsed 1800 messages, found 138 unique users
2026-05-07 16:21:15,034 - data_loader - INFO -   Loaded 625 gold links from annotation file
2026-05-07 16:21:15,034 - data_loader - INFO -   Conversation '2007-07-03.train-a' loaded in 0.33s
2026-05-07 16:21:15,034 - data_loader - INFO -   Creating samples for 2007-07-03.train-a: all 1800 messages
2026-05-07 16:21:15,067 - data_loader - INFO -   Created 304 samples for 2007-07-03.train-a
2026-05-07 16:21:15,067 - data_loader - INFO -   File 57/153: 2007-07-03.train-a - 1800 messages, 10047 total samples so far
2026-05-07 16:21:15,067 - data_loader - INFO - Loading conversation from data/train/2007-08-19.train-a.ascii.txt
2026-05-07 16:21:15,068 - data_loader - INFO -   Read 1708 lines from ASCII file
2026-05-07 16:21:15,072 - data_loader - INFO -   Parsed 1708 messages, found 134 unique users
2026-05-07 16:21:15,384 - data_loader - INFO -   Loaded 581 gold links from annotation file
2026-05-07 16:21:15,384 - data_loader - INFO -   Conversation '2007-08-19.train-a' loaded in 0.32s
2026-05-07 16:21:15,385 - data_loader - INFO -   Creating samples for 2007-08-19.train-a: all 1708 messages
2026-05-07 16:21:15,416 - data_loader - INFO -   Created 268 samples for 2007-08-19.train-a
2026-05-07 16:21:15,416 - data_loader - INFO -   File 58/153: 2007-08-19.train-a - 1708 messages, 10315 total samples so far
2026-05-07 16:21:15,416 - data_loader - INFO - Loading conversation from data/train/2007-08-22.train-c.ascii.txt
2026-05-07 16:21:15,417 - data_loader - INFO -   Read 1500 lines from ASCII file
2026-05-07 16:21:15,421 - data_loader - INFO -   Parsed 1500 messages, found 96 unique users
2026-05-07 16:21:15,619 - data_loader - INFO -   Loaded 409 gold links from annotation file
2026-05-07 16:21:15,619 - data_loader - INFO -   Conversation '2007-08-22.train-c' loaded in 0.20s
2026-05-07 16:21:15,619 - data_loader - INFO -   Creating samples for 2007-08-22.train-c: all 1500 messages
2026-05-07 16:21:15,639 - data_loader - INFO -   Created 148 samples for 2007-08-22.train-c
2026-05-07 16:21:15,639 - data_loader - INFO -   File 59/153: 2007-08-22.train-c - 1500 messages, 10463 total samples so far
2026-05-07 16:21:15,639 - data_loader - INFO - Loading conversation from data/train/2007-08-24.train-c.ascii.txt
2026-05-07 16:21:15,641 - data_loader - INFO -   Read 1500 lines from ASCII file
2026-05-07 16:21:15,644 - data_loader - INFO -   Parsed 1500 messages, found 103 unique users
2026-05-07 16:21:15,854 - data_loader - INFO -   Loaded 414 gold links from annotation file
2026-05-07 16:21:15,854 - data_loader - INFO -   Conversation '2007-08-24.train-c' loaded in 0.21s
2026-05-07 16:21:15,854 - data_loader - INFO -   Creating samples for 2007-08-24.train-c: all 1500 messages
2026-05-07 16:21:15,875 - data_loader - INFO -   Created 171 samples for 2007-08-24.train-c
2026-05-07 16:21:15,875 - data_loader - INFO -   File 60/153: 2007-08-24.train-c - 1500 messages, 10634 total samples so far
2026-05-07 16:21:15,875 - data_loader - INFO - Loading conversation from data/train/2007-09-07.train-a.ascii.txt
2026-05-07 16:21:15,877 - data_loader - INFO -   Read 1759 lines from ASCII file
2026-05-07 16:21:15,881 - data_loader - INFO -   Parsed 1759 messages, found 149 unique users
2026-05-07 16:21:16,233 - data_loader - INFO -   Loaded 591 gold links from annotation file
2026-05-07 16:21:16,233 - data_loader - INFO -   Conversation '2007-09-07.train-a' loaded in 0.36s
2026-05-07 16:21:16,233 - data_loader - INFO -   Creating samples for 2007-09-07.train-a: all 1759 messages
2026-05-07 16:21:16,266 - data_loader - INFO -   Created 313 samples for 2007-09-07.train-a
2026-05-07 16:21:16,266 - data_loader - INFO -   File 61/153: 2007-09-07.train-a - 1759 messages, 10947 total samples so far
2026-05-07 16:21:16,266 - data_loader - INFO - Loading conversation from data/train/2007-10-24.train-c.ascii.txt
2026-05-07 16:21:16,267 - data_loader - INFO -   Read 1500 lines from ASCII file
2026-05-07 16:21:16,271 - data_loader - INFO -   Parsed 1500 messages, found 206 unique users
2026-05-07 16:21:16,841 - data_loader - INFO -   Loaded 380 gold links from annotation file
2026-05-07 16:21:16,841 - data_loader - INFO -   Conversation '2007-10-24.train-c' loaded in 0.58s
2026-05-07 16:21:16,841 - data_loader - INFO -   Creating samples for 2007-10-24.train-c: all 1500 messages
2026-05-07 16:21:16,863 - data_loader - INFO -   Created 117 samples for 2007-10-24.train-c
2026-05-07 16:21:16,863 - data_loader - INFO -   File 62/153: 2007-10-24.train-c - 1500 messages, 11064 total samples so far
2026-05-07 16:21:16,863 - data_loader - INFO - Loading conversation from data/train/2007-12-17.train-a.ascii.txt
2026-05-07 16:21:16,864 - data_loader - INFO -   Read 1650 lines from ASCII file
2026-05-07 16:21:16,869 - data_loader - INFO -   Parsed 1650 messages, found 170 unique users
2026-05-07 16:21:17,398 - data_loader - INFO -   Loaded 472 gold links from annotation file
2026-05-07 16:21:17,398 - data_loader - INFO -   Conversation '2007-12-17.train-a' loaded in 0.54s
2026-05-07 16:21:17,399 - data_loader - INFO -   Creating samples for 2007-12-17.train-a: all 1650 messages
2026-05-07 16:21:17,416 - data_loader - INFO -   Created 73 samples for 2007-12-17.train-a
2026-05-07 16:21:17,416 - data_loader - INFO -   File 63/153: 2007-12-17.train-a - 1650 messages, 11137 total samples so far
2026-05-07 16:21:17,416 - data_loader - INFO - Loading conversation from data/train/2008-01-02.train-c.ascii.txt
2026-05-07 16:21:17,418 - data_loader - INFO -   Read 1500 lines from ASCII file
2026-05-07 16:21:17,422 - data_loader - INFO -   Parsed 1500 messages, found 159 unique users
2026-05-07 16:21:17,848 - data_loader - INFO -   Loaded 342 gold links from annotation file
2026-05-07 16:21:17,848 - data_loader - INFO -   Conversation '2008-01-02.train-c' loaded in 0.43s
2026-05-07 16:21:17,848 - data_loader - INFO -   Creating samples for 2008-01-02.train-c: all 1500 messages
2026-05-07 16:21:17,869 - data_loader - INFO -   Created 103 samples for 2008-01-02.train-c
2026-05-07 16:21:17,869 - data_loader - INFO -   File 64/153: 2008-01-02.train-c - 1500 messages, 11240 total samples so far
2026-05-07 16:21:17,869 - data_loader - INFO - Loading conversation from data/train/2008-01-03.train-c.ascii.txt
2026-05-07 16:21:17,871 - data_loader - INFO -   Read 1500 lines from ASCII file
2026-05-07 16:21:17,875 - data_loader - INFO -   Parsed 1500 messages, found 180 unique users
2026-05-07 16:21:18,372 - data_loader - INFO -   Loaded 364 gold links from annotation file
2026-05-07 16:21:18,373 - data_loader - INFO -   Conversation '2008-01-03.train-c' loaded in 0.50s
2026-05-07 16:21:18,373 - data_loader - INFO -   Creating samples for 2008-01-03.train-c: all 1500 messages
2026-05-07 16:21:18,394 - data_loader - INFO -   Created 103 samples for 2008-01-03.train-c
2026-05-07 16:21:18,395 - data_loader - INFO -   File 65/153: 2008-01-03.train-c - 1500 messages, 11343 total samples so far
2026-05-07 16:21:18,395 - data_loader - INFO - Loading conversation from data/train/2008-02-07.train-c.ascii.txt
2026-05-07 16:21:18,396 - data_loader - INFO -   Read 1500 lines from ASCII file
2026-05-07 16:21:18,400 - data_loader - INFO -   Parsed 1500 messages, found 193 unique users
2026-05-07 16:21:18,954 - data_loader - INFO -   Loaded 352 gold links from annotation file
2026-05-07 16:21:18,954 - data_loader - INFO -   Conversation '2008-02-07.train-c' loaded in 0.56s
2026-05-07 16:21:18,954 - data_loader - INFO -   Creating samples for 2008-02-07.train-c: all 1500 messages
2026-05-07 16:21:18,980 - data_loader - INFO -   Created 137 samples for 2008-02-07.train-c
2026-05-07 16:21:18,980 - data_loader - INFO -   File 66/153: 2008-02-07.train-c - 1500 messages, 11480 total samples so far
2026-05-07 16:21:18,980 - data_loader - INFO - Loading conversation from data/train/2008-02-14.train-c.ascii.txt
2026-05-07 16:21:18,981 - data_loader - INFO -   Read 1500 lines from ASCII file
2026-05-07 16:21:18,985 - data_loader - INFO -   Parsed 1500 messages, found 197 unique users
2026-05-07 16:21:19,534 - data_loader - INFO -   Loaded 365 gold links from annotation file
2026-05-07 16:21:19,534 - data_loader - INFO -   Conversation '2008-02-14.train-c' loaded in 0.55s
2026-05-07 16:21:19,534 - data_loader - INFO -   Creating samples for 2008-02-14.train-c: all 1500 messages
2026-05-07 16:21:19,558 - data_loader - INFO -   Created 129 samples for 2008-02-14.train-c
2026-05-07 16:21:19,558 - data_loader - INFO -   File 67/153: 2008-02-14.train-c - 1500 messages, 11609 total samples so far
2026-05-07 16:21:19,558 - data_loader - INFO - Loading conversation from data/train/2008-03-01.train-c.ascii.txt
2026-05-07 16:21:19,560 - data_loader - INFO -   Read 1500 lines from ASCII file
2026-05-07 16:21:19,564 - data_loader - INFO -   Parsed 1500 messages, found 127 unique users
2026-05-07 16:21:19,931 - data_loader - INFO -   Loaded 374 gold links from annotation file
2026-05-07 16:21:19,931 - data_loader - INFO -   Conversation '2008-03-01.train-c' loaded in 0.37s
2026-05-07 16:21:19,931 - data_loader - INFO -   Creating samples for 2008-03-01.train-c: all 1500 messages
2026-05-07 16:21:19,949 - data_loader - INFO -   Created 76 samples for 2008-03-01.train-c
2026-05-07 16:21:19,949 - data_loader - INFO -   File 68/153: 2008-03-01.train-c - 1500 messages, 11685 total samples so far
2026-05-07 16:21:19,949 - data_loader - INFO - Loading conversation from data/train/2008-04-20.train-a.ascii.txt
2026-05-07 16:21:19,950 - data_loader - INFO -   Read 1378 lines from ASCII file
2026-05-07 16:21:20,152 - data_loader - INFO -   Parsed 1378 messages, found 132 unique users
2026-05-07 16:21:20,470 - data_loader - INFO -   Loaded 265 gold links from annotation file
2026-05-07 16:21:20,470 - data_loader - INFO -   Conversation '2008-04-20.train-a' loaded in 0.52s
2026-05-07 16:21:20,470 - data_loader - INFO -   Creating samples for 2008-04-20.train-a: all 1378 messages
2026-05-07 16:21:20,483 - data_loader - INFO -   Created 45 samples for 2008-04-20.train-a
2026-05-07 16:21:20,483 - data_loader - INFO -   File 69/153: 2008-04-20.train-a - 1378 messages, 11730 total samples so far
2026-05-07 16:21:20,483 - data_loader - INFO - Loading conversation from data/train/2008-04-27.train-a.ascii.txt
2026-05-07 16:21:20,485 - data_loader - INFO -   Read 1979 lines from ASCII file
2026-05-07 16:21:20,490 - data_loader - INFO -   Parsed 1979 messages, found 179 unique users
2026-05-07 16:21:21,164 - data_loader - INFO -   Loaded 755 gold links from annotation file
2026-05-07 16:21:21,164 - data_loader - INFO -   Conversation '2008-04-27.train-a' loaded in 0.68s
2026-05-07 16:21:21,164 - data_loader - INFO -   Creating samples for 2008-04-27.train-a: all 1979 messages
2026-05-07 16:21:21,190 - data_loader - INFO -   Created 107 samples for 2008-04-27.train-a
2026-05-07 16:21:21,190 - data_loader - INFO -   File 70/153: 2008-04-27.train-a - 1979 messages, 11837 total samples so far
2026-05-07 16:21:21,190 - data_loader - INFO - Loading conversation from data/train/2008-04-30.train-a.ascii.txt
2026-05-07 16:21:21,191 - data_loader - INFO -   Read 1699 lines from ASCII file
2026-05-07 16:21:21,196 - data_loader - INFO -   Parsed 1699 messages, found 172 unique users
2026-05-07 16:21:21,736 - data_loader - INFO -   Loaded 483 gold links from annotation file
2026-05-07 16:21:21,736 - data_loader - INFO -   Conversation '2008-04-30.train-a' loaded in 0.55s
2026-05-07 16:21:21,736 - data_loader - INFO -   Creating samples for 2008-04-30.train-a: all 1699 messages
2026-05-07 16:21:21,754 - data_loader - INFO -   Created 75 samples for 2008-04-30.train-a
2026-05-07 16:21:21,754 - data_loader - INFO -   File 71/153: 2008-04-30.train-a - 1699 messages, 11912 total samples so far
2026-05-07 16:21:21,754 - data_loader - INFO - Loading conversation from data/train/2008-05-24.train-c.ascii.txt
2026-05-07 16:21:21,755 - data_loader - INFO -   Read 1500 lines from ASCII file
2026-05-07 16:21:21,759 - data_loader - INFO -   Parsed 1500 messages, found 147 unique users
2026-05-07 16:21:22,143 - data_loader - INFO -   Loaded 369 gold links from annotation file
2026-05-07 16:21:22,143 - data_loader - INFO -   Conversation '2008-05-24.train-c' loaded in 0.39s
2026-05-07 16:21:22,143 - data_loader - INFO -   Creating samples for 2008-05-24.train-c: all 1500 messages
2026-05-07 16:21:22,163 - data_loader - INFO -   Created 97 samples for 2008-05-24.train-c
2026-05-07 16:21:22,163 - data_loader - INFO -   File 72/153: 2008-05-24.train-c - 1500 messages, 12009 total samples so far
2026-05-07 16:21:22,163 - data_loader - INFO - Loading conversation from data/train/2008-06-03.train-a.ascii.txt
2026-05-07 16:21:22,164 - data_loader - INFO -   Read 1436 lines from ASCII file
2026-05-07 16:21:22,168 - data_loader - INFO -   Parsed 1436 messages, found 140 unique users
2026-05-07 16:21:22,529 - data_loader - INFO -   Loaded 310 gold links from annotation file
2026-05-07 16:21:22,529 - data_loader - INFO -   Conversation '2008-06-03.train-a' loaded in 0.37s
2026-05-07 16:21:22,529 - data_loader - INFO -   Creating samples for 2008-06-03.train-a: all 1436 messages
2026-05-07 16:21:22,543 - data_loader - INFO -   Created 53 samples for 2008-06-03.train-a
2026-05-07 16:21:22,543 - data_loader - INFO -   File 73/153: 2008-06-03.train-a - 1436 messages, 12062 total samples so far
2026-05-07 16:21:22,543 - data_loader - INFO - Loading conversation from data/train/2008-07-03.train-c.ascii.txt
2026-05-07 16:21:22,545 - data_loader - INFO -   Read 1500 lines from ASCII file
2026-05-07 16:21:22,550 - data_loader - INFO -   Parsed 1500 messages, found 154 unique users
2026-05-07 16:21:22,964 - data_loader - INFO -   Loaded 344 gold links from annotation file
2026-05-07 16:21:22,964 - data_loader - INFO -   Conversation '2008-07-03.train-c' loaded in 0.42s
2026-05-07 16:21:22,964 - data_loader - INFO -   Creating samples for 2008-07-03.train-c: all 1500 messages
2026-05-07 16:21:22,985 - data_loader - INFO -   Created 99 samples for 2008-07-03.train-c
2026-05-07 16:21:22,985 - data_loader - INFO -   File 74/153: 2008-07-03.train-c - 1500 messages, 12161 total samples so far
2026-05-07 16:21:22,985 - data_loader - INFO - Loading conversation from data/train/2008-10-02.train-c.ascii.txt
2026-05-07 16:21:22,987 - data_loader - INFO -   Read 1500 lines from ASCII file
2026-05-07 16:21:22,991 - data_loader - INFO -   Parsed 1500 messages, found 156 unique users
2026-05-07 16:21:23,406 - data_loader - INFO -   Loaded 364 gold links from annotation file
2026-05-07 16:21:23,406 - data_loader - INFO -   Conversation '2008-10-02.train-c' loaded in 0.42s
2026-05-07 16:21:23,406 - data_loader - INFO -   Creating samples for 2008-10-02.train-c: all 1500 messages
2026-05-07 16:21:23,424 - data_loader - INFO -   Created 87 samples for 2008-10-02.train-c
2026-05-07 16:21:23,424 - data_loader - INFO -   File 75/153: 2008-10-02.train-c - 1500 messages, 12248 total samples so far
2026-05-07 16:21:23,424 - data_loader - INFO - Loading conversation from data/train/2009-01-05.train-a.ascii.txt
2026-05-07 16:21:23,425 - data_loader - INFO -   Read 1312 lines from ASCII file
2026-05-07 16:21:23,429 - data_loader - INFO -   Parsed 1312 messages, found 126 unique users
2026-05-07 16:21:23,744 - data_loader - INFO -   Loaded 211 gold links from annotation file
2026-05-07 16:21:23,744 - data_loader - INFO -   Conversation '2009-01-05.train-a' loaded in 0.32s
2026-05-07 16:21:23,744 - data_loader - INFO -   Creating samples for 2009-01-05.train-a: all 1312 messages
2026-05-07 16:21:23,756 - data_loader - INFO -   Created 46 samples for 2009-01-05.train-a
2026-05-07 16:21:23,756 - data_loader - INFO -   File 76/153: 2009-01-05.train-a - 1312 messages, 12294 total samples so far
2026-05-07 16:21:23,756 - data_loader - INFO - Loading conversation from data/train/2009-03-25.train-a.ascii.txt
2026-05-07 16:21:23,757 - data_loader - INFO -   Read 1350 lines from ASCII file
2026-05-07 16:21:23,761 - data_loader - INFO -   Parsed 1350 messages, found 163 unique users
2026-05-07 16:21:24,146 - data_loader - INFO -   Loaded 242 gold links from annotation file
2026-05-07 16:21:24,146 - data_loader - INFO -   Conversation '2009-03-25.train-a' loaded in 0.39s
2026-05-07 16:21:24,146 - data_loader - INFO -   Creating samples for 2009-03-25.train-a: all 1350 messages
2026-05-07 16:21:24,157 - data_loader - INFO -   Created 33 samples for 2009-03-25.train-a
2026-05-07 16:21:24,157 - data_loader - INFO -   File 77/153: 2009-03-25.train-a - 1350 messages, 12327 total samples so far
2026-05-07 16:21:24,157 - data_loader - INFO - Loading conversation from data/train/2009-05-04.train-c.ascii.txt
2026-05-07 16:21:24,158 - data_loader - INFO -   Read 1500 lines from ASCII file
2026-05-07 16:21:24,163 - data_loader - INFO -   Parsed 1500 messages, found 157 unique users
2026-05-07 16:21:24,596 - data_loader - INFO -   Loaded 368 gold links from annotation file
2026-05-07 16:21:24,596 - data_loader - INFO -   Conversation '2009-05-04.train-c' loaded in 0.44s
2026-05-07 16:21:24,596 - data_loader - INFO -   Creating samples for 2009-05-04.train-c: all 1500 messages
2026-05-07 16:21:24,619 - data_loader - INFO -   Created 134 samples for 2009-05-04.train-c
2026-05-07 16:21:24,619 - data_loader - INFO -   File 78/153: 2009-05-04.train-c - 1500 messages, 12461 total samples so far
2026-05-07 16:21:24,619 - data_loader - INFO - Loading conversation from data/train/2009-05-08.train-c.ascii.txt
2026-05-07 16:21:24,621 - data_loader - INFO -   Read 1500 lines from ASCII file
2026-05-07 16:21:24,625 - data_loader - INFO -   Parsed 1500 messages, found 154 unique users
2026-05-07 16:21:25,053 - data_loader - INFO -   Loaded 339 gold links from annotation file
2026-05-07 16:21:25,053 - data_loader - INFO -   Conversation '2009-05-08.train-c' loaded in 0.43s
2026-05-07 16:21:25,053 - data_loader - INFO -   Creating samples for 2009-05-08.train-c: all 1500 messages
2026-05-07 16:21:25,071 - data_loader - INFO -   Created 77 samples for 2009-05-08.train-c
2026-05-07 16:21:25,071 - data_loader - INFO -   File 79/153: 2009-05-08.train-c - 1500 messages, 12538 total samples so far
2026-05-07 16:21:25,071 - data_loader - INFO - Loading conversation from data/train/2009-07-02.train-c.ascii.txt
2026-05-07 16:21:25,072 - data_loader - INFO -   Read 1500 lines from ASCII file
2026-05-07 16:21:25,077 - data_loader - INFO -   Parsed 1500 messages, found 156 unique users
2026-05-07 16:21:25,526 - data_loader - INFO -   Loaded 376 gold links from annotation file
2026-05-07 16:21:25,526 - data_loader - INFO -   Conversation '2009-07-02.train-c' loaded in 0.46s
2026-05-07 16:21:25,527 - data_loader - INFO -   Creating samples for 2009-07-02.train-c: all 1500 messages
2026-05-07 16:21:25,545 - data_loader - INFO -   Created 70 samples for 2009-07-02.train-c
2026-05-07 16:21:25,545 - data_loader - INFO -   File 80/153: 2009-07-02.train-c - 1500 messages, 12608 total samples so far
2026-05-07 16:21:25,545 - data_loader - INFO - Loading conversation from data/train/2009-11-13.train-c.ascii.txt
2026-05-07 16:21:25,546 - data_loader - INFO -   Read 1500 lines from ASCII file
2026-05-07 16:21:25,551 - data_loader - INFO -   Parsed 1500 messages, found 182 unique users
2026-05-07 16:21:26,025 - data_loader - INFO -   Loaded 349 gold links from annotation file
2026-05-07 16:21:26,025 - data_loader - INFO -   Conversation '2009-11-13.train-c' loaded in 0.48s
2026-05-07 16:21:26,025 - data_loader - INFO -   Creating samples for 2009-11-13.train-c: all 1500 messages
2026-05-07 16:21:26,046 - data_loader - INFO -   Created 103 samples for 2009-11-13.train-c
2026-05-07 16:21:26,046 - data_loader - INFO -   File 81/153: 2009-11-13.train-c - 1500 messages, 12711 total samples so far
2026-05-07 16:21:26,046 - data_loader - INFO - Loading conversation from data/train/2009-12-05.train-c.ascii.txt
2026-05-07 16:21:26,047 - data_loader - INFO -   Read 1500 lines from ASCII file
2026-05-07 16:21:26,051 - data_loader - INFO -   Parsed 1500 messages, found 169 unique users
2026-05-07 16:21:26,507 - data_loader - INFO -   Loaded 355 gold links from annotation file
2026-05-07 16:21:26,507 - data_loader - INFO -   Conversation '2009-12-05.train-c' loaded in 0.46s
2026-05-07 16:21:26,507 - data_loader - INFO -   Creating samples for 2009-12-05.train-c: all 1500 messages
2026-05-07 16:21:26,523 - data_loader - INFO -   Created 72 samples for 2009-12-05.train-c
2026-05-07 16:21:26,523 - data_loader - INFO -   File 82/153: 2009-12-05.train-c - 1500 messages, 12783 total samples so far
2026-05-07 16:21:26,523 - data_loader - INFO - Loading conversation from data/train/2010-01-04.train-c.ascii.txt
2026-05-07 16:21:26,525 - data_loader - INFO -   Read 1500 lines from ASCII file
2026-05-07 16:21:26,529 - data_loader - INFO -   Parsed 1500 messages, found 191 unique users
2026-05-07 16:21:27,048 - data_loader - INFO -   Loaded 354 gold links from annotation file
2026-05-07 16:21:27,049 - data_loader - INFO -   Conversation '2010-01-04.train-c' loaded in 0.53s
2026-05-07 16:21:27,049 - data_loader - INFO -   Creating samples for 2010-01-04.train-c: all 1500 messages
2026-05-07 16:21:27,070 - data_loader - INFO -   Created 110 samples for 2010-01-04.train-c
2026-05-07 16:21:27,070 - data_loader - INFO -   File 83/153: 2010-01-04.train-c - 1500 messages, 12893 total samples so far
2026-05-07 16:21:27,070 - data_loader - INFO - Loading conversation from data/train/2010-02-13.train-a.ascii.txt
2026-05-07 16:21:27,071 - data_loader - INFO -   Read 1318 lines from ASCII file
2026-05-07 16:21:27,075 - data_loader - INFO -   Parsed 1318 messages, found 141 unique users
2026-05-07 16:21:27,410 - data_loader - INFO -   Loaded 218 gold links from annotation file
2026-05-07 16:21:27,410 - data_loader - INFO -   Conversation '2010-02-13.train-a' loaded in 0.34s
2026-05-07 16:21:27,410 - data_loader - INFO -   Creating samples for 2010-02-13.train-a: all 1318 messages
2026-05-07 16:21:27,421 - data_loader - INFO -   Created 37 samples for 2010-02-13.train-a
2026-05-07 16:21:27,421 - data_loader - INFO -   File 84/153: 2010-02-13.train-a - 1318 messages, 12930 total samples so far
2026-05-07 16:21:27,421 - data_loader - INFO - Loading conversation from data/train/2010-03-08.train-c.ascii.txt
2026-05-07 16:21:27,423 - data_loader - INFO -   Read 1500 lines from ASCII file
2026-05-07 16:21:27,427 - data_loader - INFO -   Parsed 1500 messages, found 237 unique users
2026-05-07 16:21:28,057 - data_loader - INFO -   Loaded 363 gold links from annotation file
2026-05-07 16:21:28,057 - data_loader - INFO -   Conversation '2010-03-08.train-c' loaded in 0.64s
2026-05-07 16:21:28,057 - data_loader - INFO -   Creating samples for 2010-03-08.train-c: all 1500 messages
2026-05-07 16:21:28,078 - data_loader - INFO -   Created 112 samples for 2010-03-08.train-c
2026-05-07 16:21:28,078 - data_loader - INFO -   File 85/153: 2010-03-08.train-c - 1500 messages, 13042 total samples so far
2026-05-07 16:21:28,079 - data_loader - INFO - Loading conversation from data/train/2010-03-20.train-c.ascii.txt
2026-05-07 16:21:28,080 - data_loader - INFO -   Read 1500 lines from ASCII file
2026-05-07 16:21:28,084 - data_loader - INFO -   Parsed 1500 messages, found 177 unique users
2026-05-07 16:21:28,567 - data_loader - INFO -   Loaded 375 gold links from annotation file
2026-05-07 16:21:28,567 - data_loader - INFO -   Conversation '2010-03-20.train-c' loaded in 0.49s
2026-05-07 16:21:28,567 - data_loader - INFO -   Creating samples for 2010-03-20.train-c: all 1500 messages
2026-05-07 16:21:28,587 - data_loader - INFO -   Created 101 samples for 2010-03-20.train-c
2026-05-07 16:21:28,587 - data_loader - INFO -   File 86/153: 2010-03-20.train-c - 1500 messages, 13143 total samples so far
2026-05-07 16:21:28,588 - data_loader - INFO - Loading conversation from data/train/2010-04-12.train-c.ascii.txt
2026-05-07 16:21:28,589 - data_loader - INFO -   Read 1500 lines from ASCII file
2026-05-07 16:21:28,593 - data_loader - INFO -   Parsed 1500 messages, found 162 unique users
2026-05-07 16:21:29,007 - data_loader - INFO -   Loaded 344 gold links from annotation file
2026-05-07 16:21:29,007 - data_loader - INFO -   Conversation '2010-04-12.train-c' loaded in 0.42s
2026-05-07 16:21:29,007 - data_loader - INFO -   Creating samples for 2010-04-12.train-c: all 1500 messages
2026-05-07 16:21:29,024 - data_loader - INFO -   Created 73 samples for 2010-04-12.train-c
2026-05-07 16:21:29,024 - data_loader - INFO -   File 87/153: 2010-04-12.train-c - 1500 messages, 13216 total samples so far
2026-05-07 16:21:29,024 - data_loader - INFO - Loading conversation from data/train/2010-05-30.train-c.ascii.txt
2026-05-07 16:21:29,025 - data_loader - INFO -   Read 1500 lines from ASCII file
2026-05-07 16:21:29,030 - data_loader - INFO -   Parsed 1500 messages, found 196 unique users
2026-05-07 16:21:29,572 - data_loader - INFO -   Loaded 345 gold links from annotation file
2026-05-07 16:21:29,572 - data_loader - INFO -   Conversation '2010-05-30.train-c' loaded in 0.55s
2026-05-07 16:21:29,572 - data_loader - INFO -   Creating samples for 2010-05-30.train-c: all 1500 messages
2026-05-07 16:21:29,594 - data_loader - INFO -   Created 112 samples for 2010-05-30.train-c
2026-05-07 16:21:29,594 - data_loader - INFO -   File 88/153: 2010-05-30.train-c - 1500 messages, 13328 total samples so far
2026-05-07 16:21:29,594 - data_loader - INFO - Loading conversation from data/train/2010-06-21.train-c.ascii.txt
2026-05-07 16:21:29,595 - data_loader - INFO -   Read 1500 lines from ASCII file
2026-05-07 16:21:29,599 - data_loader - INFO -   Parsed 1500 messages, found 120 unique users
2026-05-07 16:21:29,923 - data_loader - INFO -   Loaded 356 gold links from annotation file
2026-05-07 16:21:29,923 - data_loader - INFO -   Conversation '2010-06-21.train-c' loaded in 0.33s
2026-05-07 16:21:29,923 - data_loader - INFO -   Creating samples for 2010-06-21.train-c: all 1500 messages
2026-05-07 16:21:29,937 - data_loader - INFO -   Created 52 samples for 2010-06-21.train-c
2026-05-07 16:21:29,937 - data_loader - INFO -   File 89/153: 2010-06-21.train-c - 1500 messages, 13380 total samples so far
2026-05-07 16:21:29,937 - data_loader - INFO - Loading conversation from data/train/2010-08-05.train-a.ascii.txt
2026-05-07 16:21:29,939 - data_loader - INFO -   Read 1279 lines from ASCII file
2026-05-07 16:21:29,942 - data_loader - INFO -   Parsed 1279 messages, found 152 unique users
2026-05-07 16:21:30,310 - data_loader - INFO -   Loaded 227 gold links from annotation file
2026-05-07 16:21:30,310 - data_loader - INFO -   Conversation '2010-08-05.train-a' loaded in 0.37s
2026-05-07 16:21:30,310 - data_loader - INFO -   Creating samples for 2010-08-05.train-a: all 1279 messages
2026-05-07 16:21:30,322 - data_loader - INFO -   Created 46 samples for 2010-08-05.train-a
2026-05-07 16:21:30,322 - data_loader - INFO -   File 90/153: 2010-08-05.train-a - 1279 messages, 13426 total samples so far
2026-05-07 16:21:30,322 - data_loader - INFO - Loading conversation from data/train/2010-08-15.train-c.ascii.txt
2026-05-07 16:21:30,323 - data_loader - INFO -   Read 1500 lines from ASCII file
2026-05-07 16:21:30,328 - data_loader - INFO -   Parsed 1500 messages, found 139 unique users
2026-05-07 16:21:30,716 - data_loader - INFO -   Loaded 346 gold links from annotation file
2026-05-07 16:21:30,716 - data_loader - INFO -   Conversation '2010-08-15.train-c' loaded in 0.39s
2026-05-07 16:21:30,717 - data_loader - INFO -   Creating samples for 2010-08-15.train-c: all 1500 messages
2026-05-07 16:21:30,734 - data_loader - INFO -   Created 77 samples for 2010-08-15.train-c
2026-05-07 16:21:30,734 - data_loader - INFO -   File 91/153: 2010-08-15.train-c - 1500 messages, 13503 total samples so far
2026-05-07 16:21:30,734 - data_loader - INFO - Loading conversation from data/train/2010-08-29.train-a.ascii.txt
2026-05-07 16:21:30,735 - data_loader - INFO -   Read 1428 lines from ASCII file
2026-05-07 16:21:30,739 - data_loader - INFO -   Parsed 1428 messages, found 171 unique users
2026-05-07 16:21:31,203 - data_loader - INFO -   Loaded 329 gold links from annotation file
2026-05-07 16:21:31,203 - data_loader - INFO -   Conversation '2010-08-29.train-a' loaded in 0.47s
2026-05-07 16:21:31,203 - data_loader - INFO -   Creating samples for 2010-08-29.train-a: all 1428 messages
2026-05-07 16:21:31,217 - data_loader - INFO -   Created 54 samples for 2010-08-29.train-a
2026-05-07 16:21:31,217 - data_loader - INFO -   File 92/153: 2010-08-29.train-a - 1428 messages, 13557 total samples so far
2026-05-07 16:21:31,217 - data_loader - INFO - Loading conversation from data/train/2010-10-17.train-c.ascii.txt
2026-05-07 16:21:31,219 - data_loader - INFO -   Read 1500 lines from ASCII file
2026-05-07 16:21:31,223 - data_loader - INFO -   Parsed 1500 messages, found 119 unique users
2026-05-07 16:21:31,550 - data_loader - INFO -   Loaded 350 gold links from annotation file
2026-05-07 16:21:31,550 - data_loader - INFO -   Conversation '2010-10-17.train-c' loaded in 0.33s
2026-05-07 16:21:31,550 - data_loader - INFO -   Creating samples for 2010-10-17.train-c: all 1500 messages
2026-05-07 16:21:31,569 - data_loader - INFO -   Created 95 samples for 2010-10-17.train-c
2026-05-07 16:21:31,569 - data_loader - INFO -   File 93/153: 2010-10-17.train-c - 1500 messages, 13652 total samples so far
2026-05-07 16:21:31,569 - data_loader - INFO - Loading conversation from data/train/2010-10-27.train-c.ascii.txt
2026-05-07 16:21:31,571 - data_loader - INFO -   Read 1500 lines from ASCII file
2026-05-07 16:21:31,575 - data_loader - INFO -   Parsed 1500 messages, found 171 unique users
2026-05-07 16:21:32,057 - data_loader - INFO -   Loaded 359 gold links from annotation file
2026-05-07 16:21:32,057 - data_loader - INFO -   Conversation '2010-10-27.train-c' loaded in 0.49s
2026-05-07 16:21:32,058 - data_loader - INFO -   Creating samples for 2010-10-27.train-c: all 1500 messages
2026-05-07 16:21:32,075 - data_loader - INFO -   Created 75 samples for 2010-10-27.train-c
2026-05-07 16:21:32,075 - data_loader - INFO -   File 94/153: 2010-10-27.train-c - 1500 messages, 13727 total samples so far
2026-05-07 16:21:32,075 - data_loader - INFO - Loading conversation from data/train/2011-02-13.train-c.ascii.txt
2026-05-07 16:21:32,077 - data_loader - INFO -   Read 1500 lines from ASCII file
2026-05-07 16:21:32,081 - data_loader - INFO -   Parsed 1500 messages, found 124 unique users
2026-05-07 16:21:32,410 - data_loader - INFO -   Loaded 340 gold links from annotation file
2026-05-07 16:21:32,410 - data_loader - INFO -   Conversation '2011-02-13.train-c' loaded in 0.33s
2026-05-07 16:21:32,410 - data_loader - INFO -   Creating samples for 2011-02-13.train-c: all 1500 messages
2026-05-07 16:21:32,427 - data_loader - INFO -   Created 80 samples for 2011-02-13.train-c
2026-05-07 16:21:32,427 - data_loader - INFO -   File 95/153: 2011-02-13.train-c - 1500 messages, 13807 total samples so far
2026-05-07 16:21:32,427 - data_loader - INFO - Loading conversation from data/train/2011-02-23.train-c.ascii.txt
2026-05-07 16:21:32,428 - data_loader - INFO -   Read 1500 lines from ASCII file
2026-05-07 16:21:32,433 - data_loader - INFO -   Parsed 1500 messages, found 199 unique users
2026-05-07 16:21:32,977 - data_loader - INFO -   Loaded 365 gold links from annotation file
2026-05-07 16:21:32,977 - data_loader - INFO -   Conversation '2011-02-23.train-c' loaded in 0.55s
2026-05-07 16:21:32,977 - data_loader - INFO -   Creating samples for 2011-02-23.train-c: all 1500 messages
2026-05-07 16:21:32,999 - data_loader - INFO -   Created 110 samples for 2011-02-23.train-c
2026-05-07 16:21:32,999 - data_loader - INFO -   File 96/153: 2011-02-23.train-c - 1500 messages, 13917 total samples so far
2026-05-07 16:21:32,999 - data_loader - INFO - Loading conversation from data/train/2011-03-18.train-c.ascii.txt
2026-05-07 16:21:33,000 - data_loader - INFO -   Read 1500 lines from ASCII file
2026-05-07 16:21:33,004 - data_loader - INFO -   Parsed 1500 messages, found 161 unique users
2026-05-07 16:21:33,426 - data_loader - INFO -   Loaded 369 gold links from annotation file
2026-05-07 16:21:33,426 - data_loader - INFO -   Conversation '2011-03-18.train-c' loaded in 0.43s
2026-05-07 16:21:33,426 - data_loader - INFO -   Creating samples for 2011-03-18.train-c: all 1500 messages
2026-05-07 16:21:33,445 - data_loader - INFO -   Created 90 samples for 2011-03-18.train-c
2026-05-07 16:21:33,445 - data_loader - INFO -   File 97/153: 2011-03-18.train-c - 1500 messages, 14007 total samples so far
2026-05-07 16:21:33,445 - data_loader - INFO - Loading conversation from data/train/2011-04-14.train-c.ascii.txt
2026-05-07 16:21:33,446 - data_loader - INFO -   Read 1500 lines from ASCII file
2026-05-07 16:21:33,450 - data_loader - INFO -   Parsed 1500 messages, found 129 unique users
2026-05-07 16:21:33,794 - data_loader - INFO -   Loaded 363 gold links from annotation file
2026-05-07 16:21:33,794 - data_loader - INFO -   Conversation '2011-04-14.train-c' loaded in 0.35s
2026-05-07 16:21:33,794 - data_loader - INFO -   Creating samples for 2011-04-14.train-c: all 1500 messages
2026-05-07 16:21:33,812 - data_loader - INFO -   Created 72 samples for 2011-04-14.train-c
2026-05-07 16:21:33,812 - data_loader - INFO -   File 98/153: 2011-04-14.train-c - 1500 messages, 14079 total samples so far
2026-05-07 16:21:33,812 - data_loader - INFO - Loading conversation from data/train/2011-04-17.train-c.ascii.txt
2026-05-07 16:21:33,813 - data_loader - INFO -   Read 1500 lines from ASCII file
2026-05-07 16:21:33,817 - data_loader - INFO -   Parsed 1500 messages, found 141 unique users
2026-05-07 16:21:34,207 - data_loader - INFO -   Loaded 361 gold links from annotation file
2026-05-07 16:21:34,207 - data_loader - INFO -   Conversation '2011-04-17.train-c' loaded in 0.40s
2026-05-07 16:21:34,208 - data_loader - INFO -   Creating samples for 2011-04-17.train-c: all 1500 messages
2026-05-07 16:21:34,225 - data_loader - INFO -   Created 75 samples for 2011-04-17.train-c
2026-05-07 16:21:34,225 - data_loader - INFO -   File 99/153: 2011-04-17.train-c - 1500 messages, 14154 total samples so far
2026-05-07 16:21:34,225 - data_loader - INFO - Loading conversation from data/train/2011-04-28.train-a.ascii.txt
2026-05-07 16:21:34,227 - data_loader - INFO -   Read 1411 lines from ASCII file
2026-05-07 16:21:34,231 - data_loader - INFO -   Parsed 1411 messages, found 168 unique users
2026-05-07 16:21:34,631 - data_loader - INFO -   Loaded 270 gold links from annotation file
2026-05-07 16:21:34,631 - data_loader - INFO -   Conversation '2011-04-28.train-a' loaded in 0.41s
2026-05-07 16:21:34,631 - data_loader - INFO -   Creating samples for 2011-04-28.train-a: all 1411 messages
2026-05-07 16:21:34,646 - data_loader - INFO -   Created 78 samples for 2011-04-28.train-a
2026-05-07 16:21:34,647 - data_loader - INFO -   File 100/153: 2011-04-28.train-a - 1411 messages, 14232 total samples so far
2026-05-07 16:21:34,647 - data_loader - INFO - Loading conversation from data/train/2011-08-17.train-a.ascii.txt
2026-05-07 16:21:34,648 - data_loader - INFO -   Read 1137 lines from ASCII file
2026-05-07 16:21:34,651 - data_loader - INFO -   Parsed 1137 messages, found 119 unique users
2026-05-07 16:21:34,898 - data_loader - INFO -   Loaded 90 gold links from annotation file
2026-05-07 16:21:34,898 - data_loader - INFO -   Conversation '2011-08-17.train-a' loaded in 0.25s
2026-05-07 16:21:34,898 - data_loader - INFO -   Creating samples for 2011-08-17.train-a: all 1137 messages
2026-05-07 16:21:34,908 - data_loader - INFO -   Created 30 samples for 2011-08-17.train-a
2026-05-07 16:21:34,908 - data_loader - INFO -   File 101/153: 2011-08-17.train-a - 1137 messages, 14262 total samples so far
2026-05-07 16:21:34,908 - data_loader - INFO - Loading conversation from data/train/2011-08-22.train-c.ascii.txt
2026-05-07 16:21:34,910 - data_loader - INFO -   Read 1500 lines from ASCII file
2026-05-07 16:21:35,229 - data_loader - INFO -   Parsed 1500 messages, found 158 unique users
2026-05-07 16:21:35,661 - data_loader - INFO -   Loaded 349 gold links from annotation file
2026-05-07 16:21:35,661 - data_loader - INFO -   Conversation '2011-08-22.train-c' loaded in 0.75s
2026-05-07 16:21:35,661 - data_loader - INFO -   Creating samples for 2011-08-22.train-c: all 1500 messages
2026-05-07 16:21:35,683 - data_loader - INFO -   Created 110 samples for 2011-08-22.train-c
2026-05-07 16:21:35,683 - data_loader - INFO -   File 102/153: 2011-08-22.train-c - 1500 messages, 14372 total samples so far
2026-05-07 16:21:35,683 - data_loader - INFO - Loading conversation from data/train/2011-11-24.train-c.ascii.txt
2026-05-07 16:21:35,685 - data_loader - INFO -   Read 1500 lines from ASCII file
2026-05-07 16:21:35,689 - data_loader - INFO -   Parsed 1500 messages, found 161 unique users
2026-05-07 16:21:36,106 - data_loader - INFO -   Loaded 361 gold links from annotation file
2026-05-07 16:21:36,106 - data_loader - INFO -   Conversation '2011-11-24.train-c' loaded in 0.42s
2026-05-07 16:21:36,106 - data_loader - INFO -   Creating samples for 2011-11-24.train-c: all 1500 messages
2026-05-07 16:21:36,123 - data_loader - INFO -   Created 84 samples for 2011-11-24.train-c
2026-05-07 16:21:36,123 - data_loader - INFO -   File 103/153: 2011-11-24.train-c - 1500 messages, 14456 total samples so far
2026-05-07 16:21:36,124 - data_loader - INFO - Loading conversation from data/train/2011-12-07.train-c.ascii.txt
2026-05-07 16:21:36,125 - data_loader - INFO -   Read 1500 lines from ASCII file
2026-05-07 16:21:36,129 - data_loader - INFO -   Parsed 1500 messages, found 142 unique users
2026-05-07 16:21:36,484 - data_loader - INFO -   Loaded 369 gold links from annotation file
2026-05-07 16:21:36,484 - data_loader - INFO -   Conversation '2011-12-07.train-c' loaded in 0.36s
2026-05-07 16:21:36,484 - data_loader - INFO -   Creating samples for 2011-12-07.train-c: all 1500 messages
2026-05-07 16:21:36,505 - data_loader - INFO -   Created 119 samples for 2011-12-07.train-c
2026-05-07 16:21:36,505 - data_loader - INFO -   File 104/153: 2011-12-07.train-c - 1500 messages, 14575 total samples so far
2026-05-07 16:21:36,505 - data_loader - INFO - Loading conversation from data/train/2012-02-03.train-a.ascii.txt
2026-05-07 16:21:36,507 - data_loader - INFO -   Read 1242 lines from ASCII file
2026-05-07 16:21:36,510 - data_loader - INFO -   Parsed 1242 messages, found 153 unique users
2026-05-07 16:21:36,844 - data_loader - INFO -   Loaded 167 gold links from annotation file
2026-05-07 16:21:36,844 - data_loader - INFO -   Conversation '2012-02-03.train-a' loaded in 0.34s
2026-05-07 16:21:36,844 - data_loader - INFO -   Creating samples for 2012-02-03.train-a: all 1242 messages
2026-05-07 16:21:36,855 - data_loader - INFO -   Created 49 samples for 2012-02-03.train-a
2026-05-07 16:21:36,855 - data_loader - INFO -   File 105/153: 2012-02-03.train-a - 1242 messages, 14624 total samples so far
2026-05-07 16:21:36,855 - data_loader - INFO - Loading conversation from data/train/2012-03-24.train-c.ascii.txt
2026-05-07 16:21:36,857 - data_loader - INFO -   Read 1500 lines from ASCII file
2026-05-07 16:21:36,861 - data_loader - INFO -   Parsed 1500 messages, found 163 unique users
2026-05-07 16:21:37,315 - data_loader - INFO -   Loaded 342 gold links from annotation file
2026-05-07 16:21:37,315 - data_loader - INFO -   Conversation '2012-03-24.train-c' loaded in 0.46s
2026-05-07 16:21:37,315 - data_loader - INFO -   Creating samples for 2012-03-24.train-c: all 1500 messages
2026-05-07 16:21:37,334 - data_loader - INFO -   Created 80 samples for 2012-03-24.train-c
2026-05-07 16:21:37,334 - data_loader - INFO -   File 106/153: 2012-03-24.train-c - 1500 messages, 14704 total samples so far
2026-05-07 16:21:37,334 - data_loader - INFO - Loading conversation from data/train/2012-05-04.train-a.ascii.txt
2026-05-07 16:21:37,336 - data_loader - INFO -   Read 1211 lines from ASCII file
2026-05-07 16:21:37,339 - data_loader - INFO -   Parsed 1211 messages, found 136 unique users
2026-05-07 16:21:37,643 - data_loader - INFO -   Loaded 154 gold links from annotation file
2026-05-07 16:21:37,643 - data_loader - INFO -   Conversation '2012-05-04.train-a' loaded in 0.31s
2026-05-07 16:21:37,643 - data_loader - INFO -   Creating samples for 2012-05-04.train-a: all 1211 messages
2026-05-07 16:21:37,653 - data_loader - INFO -   Created 21 samples for 2012-05-04.train-a
2026-05-07 16:21:37,653 - data_loader - INFO -   File 107/153: 2012-05-04.train-a - 1211 messages, 14725 total samples so far
2026-05-07 16:21:37,653 - data_loader - INFO - Loading conversation from data/train/2012-05-20.train-a.ascii.txt
2026-05-07 16:21:37,654 - data_loader - INFO -   Read 1365 lines from ASCII file
2026-05-07 16:21:37,658 - data_loader - INFO -   Parsed 1365 messages, found 131 unique users
2026-05-07 16:21:37,999 - data_loader - INFO -   Loaded 288 gold links from annotation file
2026-05-07 16:21:38,000 - data_loader - INFO -   Conversation '2012-05-20.train-a' loaded in 0.35s
2026-05-07 16:21:38,000 - data_loader - INFO -   Creating samples for 2012-05-20.train-a: all 1365 messages
2026-05-07 16:21:38,013 - data_loader - INFO -   Created 47 samples for 2012-05-20.train-a
2026-05-07 16:21:38,013 - data_loader - INFO -   File 108/153: 2012-05-20.train-a - 1365 messages, 14772 total samples so far
2026-05-07 16:21:38,013 - data_loader - INFO - Loading conversation from data/train/2012-06-02.train-a.ascii.txt
2026-05-07 16:21:38,014 - data_loader - INFO -   Read 1141 lines from ASCII file
2026-05-07 16:21:38,017 - data_loader - INFO -   Parsed 1141 messages, found 169 unique users
2026-05-07 16:21:38,360 - data_loader - INFO -   Loaded 115 gold links from annotation file
2026-05-07 16:21:38,360 - data_loader - INFO -   Conversation '2012-06-02.train-a' loaded in 0.35s
2026-05-07 16:21:38,360 - data_loader - INFO -   Creating samples for 2012-06-02.train-a: all 1141 messages
2026-05-07 16:21:38,369 - data_loader - INFO -   Created 29 samples for 2012-06-02.train-a
2026-05-07 16:21:38,369 - data_loader - INFO -   File 109/153: 2012-06-02.train-a - 1141 messages, 14801 total samples so far
2026-05-07 16:21:38,369 - data_loader - INFO - Loading conversation from data/train/2012-06-20.train-c.ascii.txt
2026-05-07 16:21:38,371 - data_loader - INFO -   Read 1500 lines from ASCII file
2026-05-07 16:21:38,375 - data_loader - INFO -   Parsed 1500 messages, found 147 unique users
2026-05-07 16:21:38,780 - data_loader - INFO -   Loaded 372 gold links from annotation file
2026-05-07 16:21:38,780 - data_loader - INFO -   Conversation '2012-06-20.train-c' loaded in 0.41s
2026-05-07 16:21:38,780 - data_loader - INFO -   Creating samples for 2012-06-20.train-c: all 1500 messages
2026-05-07 16:21:38,797 - data_loader - INFO -   Created 73 samples for 2012-06-20.train-c
2026-05-07 16:21:38,797 - data_loader - INFO -   File 110/153: 2012-06-20.train-c - 1500 messages, 14874 total samples so far
2026-05-07 16:21:38,797 - data_loader - INFO - Loading conversation from data/train/2012-11-24.train-a.ascii.txt
2026-05-07 16:21:38,798 - data_loader - INFO -   Read 1216 lines from ASCII file
2026-05-07 16:21:38,802 - data_loader - INFO -   Parsed 1216 messages, found 125 unique users
2026-05-07 16:21:39,070 - data_loader - INFO -   Loaded 154 gold links from annotation file
2026-05-07 16:21:39,070 - data_loader - INFO -   Conversation '2012-11-24.train-a' loaded in 0.27s
2026-05-07 16:21:39,070 - data_loader - INFO -   Creating samples for 2012-11-24.train-a: all 1216 messages
2026-05-07 16:21:39,078 - data_loader - INFO -   Created 19 samples for 2012-11-24.train-a
2026-05-07 16:21:39,078 - data_loader - INFO -   File 111/153: 2012-11-24.train-a - 1216 messages, 14893 total samples so far
2026-05-07 16:21:39,078 - data_loader - INFO - Loading conversation from data/train/2012-11-30.train-a.ascii.txt
2026-05-07 16:21:39,079 - data_loader - INFO -   Read 1284 lines from ASCII file
2026-05-07 16:21:39,083 - data_loader - INFO -   Parsed 1284 messages, found 133 unique users
2026-05-07 16:21:39,369 - data_loader - INFO -   Loaded 207 gold links from annotation file
2026-05-07 16:21:39,370 - data_loader - INFO -   Conversation '2012-11-30.train-a' loaded in 0.29s
2026-05-07 16:21:39,370 - data_loader - INFO -   Creating samples for 2012-11-30.train-a: all 1284 messages
2026-05-07 16:21:39,380 - data_loader - INFO -   Created 29 samples for 2012-11-30.train-a
2026-05-07 16:21:39,380 - data_loader - INFO -   File 112/153: 2012-11-30.train-a - 1284 messages, 14922 total samples so far
2026-05-07 16:21:39,380 - data_loader - INFO - Loading conversation from data/train/2012-12-15.train-a.ascii.txt
2026-05-07 16:21:39,381 - data_loader - INFO -   Read 1175 lines from ASCII file
2026-05-07 16:21:39,384 - data_loader - INFO -   Parsed 1175 messages, found 137 unique users
2026-05-07 16:21:39,689 - data_loader - INFO -   Loaded 127 gold links from annotation file
2026-05-07 16:21:39,689 - data_loader - INFO -   Conversation '2012-12-15.train-a' loaded in 0.31s
2026-05-07 16:21:39,690 - data_loader - INFO -   Creating samples for 2012-12-15.train-a: all 1175 messages
2026-05-07 16:21:39,698 - data_loader - INFO -   Created 28 samples for 2012-12-15.train-a
2026-05-07 16:21:39,698 - data_loader - INFO -   File 113/153: 2012-12-15.train-a - 1175 messages, 14950 total samples so far
2026-05-07 16:21:39,699 - data_loader - INFO - Loading conversation from data/train/2013-01-11.train-a.ascii.txt
2026-05-07 16:21:39,700 - data_loader - INFO -   Read 1079 lines from ASCII file
2026-05-07 16:21:39,703 - data_loader - INFO -   Parsed 1079 messages, found 109 unique users
2026-05-07 16:21:39,912 - data_loader - INFO -   Loaded 54 gold links from annotation file
2026-05-07 16:21:39,912 - data_loader - INFO -   Conversation '2013-01-11.train-a' loaded in 0.21s
2026-05-07 16:21:39,912 - data_loader - INFO -   Creating samples for 2013-01-11.train-a: all 1079 messages
2026-05-07 16:21:39,919 - data_loader - INFO -   Created 25 samples for 2013-01-11.train-a
2026-05-07 16:21:39,919 - data_loader - INFO -   File 114/153: 2013-01-11.train-a - 1079 messages, 14975 total samples so far
2026-05-07 16:21:39,919 - data_loader - INFO - Loading conversation from data/train/2013-01-30.train-a.ascii.txt
2026-05-07 16:21:39,921 - data_loader - INFO -   Read 1292 lines from ASCII file
2026-05-07 16:21:39,924 - data_loader - INFO -   Parsed 1292 messages, found 137 unique users
2026-05-07 16:21:40,226 - data_loader - INFO -   Loaded 255 gold links from annotation file
2026-05-07 16:21:40,226 - data_loader - INFO -   Conversation '2013-01-30.train-a' loaded in 0.31s
2026-05-07 16:21:40,226 - data_loader - INFO -   Creating samples for 2013-01-30.train-a: all 1292 messages
2026-05-07 16:21:40,236 - data_loader - INFO -   Created 29 samples for 2013-01-30.train-a
2026-05-07 16:21:40,236 - data_loader - INFO -   File 115/153: 2013-01-30.train-a - 1292 messages, 15004 total samples so far
2026-05-07 16:21:40,236 - data_loader - INFO - Loading conversation from data/train/2013-02-24.train-a.ascii.txt
2026-05-07 16:21:40,237 - data_loader - INFO -   Read 1281 lines from ASCII file
2026-05-07 16:21:40,241 - data_loader - INFO -   Parsed 1281 messages, found 103 unique users
2026-05-07 16:21:40,475 - data_loader - INFO -   Loaded 227 gold links from annotation file
2026-05-07 16:21:40,475 - data_loader - INFO -   Conversation '2013-02-24.train-a' loaded in 0.24s
2026-05-07 16:21:40,475 - data_loader - INFO -   Creating samples for 2013-02-24.train-a: all 1281 messages
2026-05-07 16:21:40,484 - data_loader - INFO -   Created 25 samples for 2013-02-24.train-a
2026-05-07 16:21:40,485 - data_loader - INFO -   File 116/153: 2013-02-24.train-a - 1281 messages, 15029 total samples so far
2026-05-07 16:21:40,485 - data_loader - INFO - Loading conversation from data/train/2013-05-05.train-a.ascii.txt
2026-05-07 16:21:40,486 - data_loader - INFO -   Read 1163 lines from ASCII file
2026-05-07 16:21:40,489 - data_loader - INFO -   Parsed 1163 messages, found 131 unique users
2026-05-07 16:21:40,755 - data_loader - INFO -   Loaded 130 gold links from annotation file
2026-05-07 16:21:40,755 - data_loader - INFO -   Conversation '2013-05-05.train-a' loaded in 0.27s
2026-05-07 16:21:40,756 - data_loader - INFO -   Creating samples for 2013-05-05.train-a: all 1163 messages
2026-05-07 16:21:40,765 - data_loader - INFO -   Created 33 samples for 2013-05-05.train-a
2026-05-07 16:21:40,765 - data_loader - INFO -   File 117/153: 2013-05-05.train-a - 1163 messages, 15062 total samples so far
2026-05-07 16:21:40,765 - data_loader - INFO - Loading conversation from data/train/2013-05-07.train-a.ascii.txt
2026-05-07 16:21:40,767 - data_loader - INFO -   Read 1147 lines from ASCII file
2026-05-07 16:21:40,770 - data_loader - INFO -   Parsed 1147 messages, found 116 unique users
2026-05-07 16:21:41,010 - data_loader - INFO -   Loaded 127 gold links from annotation file
2026-05-07 16:21:41,011 - data_loader - INFO -   Conversation '2013-05-07.train-a' loaded in 0.25s
2026-05-07 16:21:41,011 - data_loader - INFO -   Creating samples for 2013-05-07.train-a: all 1147 messages
2026-05-07 16:21:41,018 - data_loader - INFO -   Created 18 samples for 2013-05-07.train-a
2026-05-07 16:21:41,018 - data_loader - INFO -   File 118/153: 2013-05-07.train-a - 1147 messages, 15080 total samples so far
2026-05-07 16:21:41,018 - data_loader - INFO - Loading conversation from data/train/2013-05-19.train-a.ascii.txt
2026-05-07 16:21:41,020 - data_loader - INFO -   Read 1181 lines from ASCII file
2026-05-07 16:21:41,023 - data_loader - INFO -   Parsed 1181 messages, found 131 unique users
2026-05-07 16:21:41,292 - data_loader - INFO -   Loaded 127 gold links from annotation file
2026-05-07 16:21:41,292 - data_loader - INFO -   Conversation '2013-05-19.train-a' loaded in 0.27s
2026-05-07 16:21:41,292 - data_loader - INFO -   Creating samples for 2013-05-19.train-a: all 1181 messages
2026-05-07 16:21:41,301 - data_loader - INFO -   Created 28 samples for 2013-05-19.train-a
2026-05-07 16:21:41,302 - data_loader - INFO -   File 119/153: 2013-05-19.train-a - 1181 messages, 15108 total samples so far
2026-05-07 16:21:41,302 - data_loader - INFO - Loading conversation from data/train/2013-05-28.train-c.ascii.txt
2026-05-07 16:21:41,303 - data_loader - INFO -   Read 1500 lines from ASCII file
2026-05-07 16:21:41,307 - data_loader - INFO -   Parsed 1500 messages, found 145 unique users
2026-05-07 16:21:41,690 - data_loader - INFO -   Loaded 353 gold links from annotation file
2026-05-07 16:21:41,690 - data_loader - INFO -   Conversation '2013-05-28.train-c' loaded in 0.39s
2026-05-07 16:21:41,690 - data_loader - INFO -   Creating samples for 2013-05-28.train-c: all 1500 messages
2026-05-07 16:21:41,709 - data_loader - INFO -   Created 98 samples for 2013-05-28.train-c
2026-05-07 16:21:41,709 - data_loader - INFO -   File 120/153: 2013-05-28.train-c - 1500 messages, 15206 total samples so far
2026-05-07 16:21:41,710 - data_loader - INFO - Loading conversation from data/train/2013-07-10.train-a.ascii.txt
2026-05-07 16:21:41,711 - data_loader - INFO -   Read 1140 lines from ASCII file
2026-05-07 16:21:41,714 - data_loader - INFO -   Parsed 1140 messages, found 104 unique users
2026-05-07 16:21:41,933 - data_loader - INFO -   Loaded 107 gold links from annotation file
2026-05-07 16:21:41,933 - data_loader - INFO -   Conversation '2013-07-10.train-a' loaded in 0.22s
2026-05-07 16:21:41,933 - data_loader - INFO -   Creating samples for 2013-07-10.train-a: all 1140 messages
2026-05-07 16:21:41,940 - data_loader - INFO -   Created 17 samples for 2013-07-10.train-a
2026-05-07 16:21:41,940 - data_loader - INFO -   File 121/153: 2013-07-10.train-a - 1140 messages, 15223 total samples so far
2026-05-07 16:21:41,940 - data_loader - INFO - Loading conversation from data/train/2013-07-19.train-a.ascii.txt
2026-05-07 16:21:41,941 - data_loader - INFO -   Read 1192 lines from ASCII file
2026-05-07 16:21:41,945 - data_loader - INFO -   Parsed 1192 messages, found 92 unique users
2026-05-07 16:21:42,129 - data_loader - INFO -   Loaded 130 gold links from annotation file
2026-05-07 16:21:42,129 - data_loader - INFO -   Conversation '2013-07-19.train-a' loaded in 0.19s
2026-05-07 16:21:42,129 - data_loader - INFO -   Creating samples for 2013-07-19.train-a: all 1192 messages
2026-05-07 16:21:42,136 - data_loader - INFO -   Created 13 samples for 2013-07-19.train-a
2026-05-07 16:21:42,136 - data_loader - INFO -   File 122/153: 2013-07-19.train-a - 1192 messages, 15236 total samples so far
2026-05-07 16:21:42,136 - data_loader - INFO - Loading conversation from data/train/2013-08-29.train-c.ascii.txt
2026-05-07 16:21:42,137 - data_loader - INFO -   Read 1500 lines from ASCII file
2026-05-07 16:21:42,141 - data_loader - INFO -   Parsed 1500 messages, found 128 unique users
2026-05-07 16:21:42,478 - data_loader - INFO -   Loaded 358 gold links from annotation file
2026-05-07 16:21:42,478 - data_loader - INFO -   Conversation '2013-08-29.train-c' loaded in 0.34s
2026-05-07 16:21:42,478 - data_loader - INFO -   Creating samples for 2013-08-29.train-c: all 1500 messages
2026-05-07 16:21:42,495 - data_loader - INFO -   Created 67 samples for 2013-08-29.train-c
2026-05-07 16:21:42,495 - data_loader - INFO -   File 123/153: 2013-08-29.train-c - 1500 messages, 15303 total samples so far
2026-05-07 16:21:42,495 - data_loader - INFO - Loading conversation from data/train/2013-08-30.train-a.ascii.txt
2026-05-07 16:21:42,496 - data_loader - INFO -   Read 1126 lines from ASCII file
2026-05-07 16:21:42,499 - data_loader - INFO -   Parsed 1126 messages, found 97 unique users
2026-05-07 16:21:42,695 - data_loader - INFO -   Loaded 95 gold links from annotation file
2026-05-07 16:21:42,696 - data_loader - INFO -   Conversation '2013-08-30.train-a' loaded in 0.20s
2026-05-07 16:21:42,696 - data_loader - INFO -   Creating samples for 2013-08-30.train-a: all 1126 messages
2026-05-07 16:21:42,703 - data_loader - INFO -   Created 20 samples for 2013-08-30.train-a
2026-05-07 16:21:42,703 - data_loader - INFO -   File 124/153: 2013-08-30.train-a - 1126 messages, 15323 total samples so far
2026-05-07 16:21:42,704 - data_loader - INFO - Loading conversation from data/train/2013-09-12.train-a.ascii.txt
2026-05-07 16:21:42,705 - data_loader - INFO -   Read 1256 lines from ASCII file
2026-05-07 16:21:42,708 - data_loader - INFO -   Parsed 1256 messages, found 110 unique users
2026-05-07 16:21:42,944 - data_loader - INFO -   Loaded 216 gold links from annotation file
2026-05-07 16:21:42,944 - data_loader - INFO -   Conversation '2013-09-12.train-a' loaded in 0.24s
2026-05-07 16:21:42,945 - data_loader - INFO -   Creating samples for 2013-09-12.train-a: all 1256 messages
2026-05-07 16:21:42,953 - data_loader - INFO -   Created 17 samples for 2013-09-12.train-a
2026-05-07 16:21:42,953 - data_loader - INFO -   File 125/153: 2013-09-12.train-a - 1256 messages, 15340 total samples so far
2026-05-07 16:21:42,953 - data_loader - INFO - Loading conversation from data/train/2013-09-16.train-c.ascii.txt
2026-05-07 16:21:42,954 - data_loader - INFO -   Read 1500 lines from ASCII file
2026-05-07 16:21:42,958 - data_loader - INFO -   Parsed 1500 messages, found 124 unique users
2026-05-07 16:21:43,290 - data_loader - INFO -   Loaded 360 gold links from annotation file
2026-05-07 16:21:43,290 - data_loader - INFO -   Conversation '2013-09-16.train-c' loaded in 0.34s
2026-05-07 16:21:43,290 - data_loader - INFO -   Creating samples for 2013-09-16.train-c: all 1500 messages
2026-05-07 16:21:43,307 - data_loader - INFO -   Created 77 samples for 2013-09-16.train-c
2026-05-07 16:21:43,307 - data_loader - INFO -   File 126/153: 2013-09-16.train-c - 1500 messages, 15417 total samples so far
2026-05-07 16:21:43,307 - data_loader - INFO - Loading conversation from data/train/2013-10-04.train-a.ascii.txt
2026-05-07 16:21:43,308 - data_loader - INFO -   Read 1062 lines from ASCII file
2026-05-07 16:21:43,311 - data_loader - INFO -   Parsed 1062 messages, found 97 unique users
2026-05-07 16:21:43,493 - data_loader - INFO -   Loaded 39 gold links from annotation file
2026-05-07 16:21:43,493 - data_loader - INFO -   Conversation '2013-10-04.train-a' loaded in 0.19s
2026-05-07 16:21:43,493 - data_loader - INFO -   Creating samples for 2013-10-04.train-a: all 1062 messages
2026-05-07 16:21:43,500 - data_loader - INFO -   Created 18 samples for 2013-10-04.train-a
2026-05-07 16:21:43,500 - data_loader - INFO -   File 127/153: 2013-10-04.train-a - 1062 messages, 15435 total samples so far
2026-05-07 16:21:43,500 - data_loader - INFO - Loading conversation from data/train/2013-10-11.train-a.ascii.txt
2026-05-07 16:21:43,502 - data_loader - INFO -   Read 1084 lines from ASCII file
2026-05-07 16:21:43,505 - data_loader - INFO -   Parsed 1084 messages, found 108 unique users
2026-05-07 16:21:43,713 - data_loader - INFO -   Loaded 61 gold links from annotation file
2026-05-07 16:21:43,713 - data_loader - INFO -   Conversation '2013-10-11.train-a' loaded in 0.21s
2026-05-07 16:21:43,713 - data_loader - INFO -   Creating samples for 2013-10-11.train-a: all 1084 messages
2026-05-07 16:21:43,720 - data_loader - INFO -   Created 23 samples for 2013-10-11.train-a
2026-05-07 16:21:43,721 - data_loader - INFO -   File 128/153: 2013-10-11.train-a - 1084 messages, 15458 total samples so far
2026-05-07 16:21:43,721 - data_loader - INFO - Loading conversation from data/train/2013-10-28.train-a.ascii.txt
2026-05-07 16:21:43,722 - data_loader - INFO -   Read 1307 lines from ASCII file
2026-05-07 16:21:43,725 - data_loader - INFO -   Parsed 1307 messages, found 143 unique users
2026-05-07 16:21:44,056 - data_loader - INFO -   Loaded 226 gold links from annotation file
2026-05-07 16:21:44,056 - data_loader - INFO -   Conversation '2013-10-28.train-a' loaded in 0.34s
2026-05-07 16:21:44,056 - data_loader - INFO -   Creating samples for 2013-10-28.train-a: all 1307 messages
2026-05-07 16:21:44,068 - data_loader - INFO -   Created 45 samples for 2013-10-28.train-a
2026-05-07 16:21:44,068 - data_loader - INFO -   File 129/153: 2013-10-28.train-a - 1307 messages, 15503 total samples so far
2026-05-07 16:21:44,068 - data_loader - INFO - Loading conversation from data/train/2013-12-02.train-a.ascii.txt
2026-05-07 16:21:44,069 - data_loader - INFO -   Read 1181 lines from ASCII file
2026-05-07 16:21:44,072 - data_loader - INFO -   Parsed 1181 messages, found 141 unique users
2026-05-07 16:21:44,377 - data_loader - INFO -   Loaded 132 gold links from annotation file
2026-05-07 16:21:44,377 - data_loader - INFO -   Conversation '2013-12-02.train-a' loaded in 0.31s
2026-05-07 16:21:44,377 - data_loader - INFO -   Creating samples for 2013-12-02.train-a: all 1181 messages
2026-05-07 16:21:44,388 - data_loader - INFO -   Created 43 samples for 2013-12-02.train-a
2026-05-07 16:21:44,388 - data_loader - INFO -   File 130/153: 2013-12-02.train-a - 1181 messages, 15546 total samples so far
2026-05-07 16:21:44,388 - data_loader - INFO - Loading conversation from data/train/2014-01-08.train-c.ascii.txt
2026-05-07 16:21:44,389 - data_loader - INFO -   Read 1500 lines from ASCII file
2026-05-07 16:21:44,393 - data_loader - INFO -   Parsed 1500 messages, found 84 unique users
2026-05-07 16:21:44,610 - data_loader - INFO -   Loaded 389 gold links from annotation file
2026-05-07 16:21:44,610 - data_loader - INFO -   Conversation '2014-01-08.train-c' loaded in 0.22s
2026-05-07 16:21:44,611 - data_loader - INFO -   Creating samples for 2014-01-08.train-c: all 1500 messages
2026-05-07 16:21:44,628 - data_loader - INFO -   Created 81 samples for 2014-01-08.train-c
2026-05-07 16:21:44,628 - data_loader - INFO -   File 131/153: 2014-01-08.train-c - 1500 messages, 15627 total samples so far
2026-05-07 16:21:44,628 - data_loader - INFO - Loading conversation from data/train/2014-08-14.train-c.ascii.txt
2026-05-07 16:21:44,630 - data_loader - INFO -   Read 1500 lines from ASCII file
2026-05-07 16:21:44,634 - data_loader - INFO -   Parsed 1500 messages, found 135 unique users
2026-05-07 16:21:45,000 - data_loader - INFO -   Loaded 370 gold links from annotation file
2026-05-07 16:21:45,000 - data_loader - INFO -   Conversation '2014-08-14.train-c' loaded in 0.37s
2026-05-07 16:21:45,000 - data_loader - INFO -   Creating samples for 2014-08-14.train-c: all 1500 messages
2026-05-07 16:21:45,017 - data_loader - INFO -   Created 78 samples for 2014-08-14.train-c
2026-05-07 16:21:45,017 - data_loader - INFO -   File 132/153: 2014-08-14.train-c - 1500 messages, 15705 total samples so far
2026-05-07 16:21:45,017 - data_loader - INFO - Loading conversation from data/train/2014-09-29.train-c.ascii.txt
2026-05-07 16:21:45,018 - data_loader - INFO -   Read 1500 lines from ASCII file
2026-05-07 16:21:45,023 - data_loader - INFO -   Parsed 1500 messages, found 152 unique users
2026-05-07 16:21:45,427 - data_loader - INFO -   Loaded 370 gold links from annotation file
2026-05-07 16:21:45,427 - data_loader - INFO -   Conversation '2014-09-29.train-c' loaded in 0.41s
2026-05-07 16:21:45,427 - data_loader - INFO -   Creating samples for 2014-09-29.train-c: all 1500 messages
2026-05-07 16:21:45,446 - data_loader - INFO -   Created 97 samples for 2014-09-29.train-c
2026-05-07 16:21:45,446 - data_loader - INFO -   File 133/153: 2014-09-29.train-c - 1500 messages, 15802 total samples so far
2026-05-07 16:21:45,446 - data_loader - INFO - Loading conversation from data/train/2014-12-21.train-c.ascii.txt
2026-05-07 16:21:45,448 - data_loader - INFO -   Read 1500 lines from ASCII file
2026-05-07 16:21:45,452 - data_loader - INFO -   Parsed 1500 messages, found 137 unique users
2026-05-07 16:21:45,806 - data_loader - INFO -   Loaded 366 gold links from annotation file
2026-05-07 16:21:45,806 - data_loader - INFO -   Conversation '2014-12-21.train-c' loaded in 0.36s
2026-05-07 16:21:45,806 - data_loader - INFO -   Creating samples for 2014-12-21.train-c: all 1500 messages
2026-05-07 16:21:45,828 - data_loader - INFO -   Created 120 samples for 2014-12-21.train-c
2026-05-07 16:21:45,828 - data_loader - INFO -   File 134/153: 2014-12-21.train-c - 1500 messages, 15922 total samples so far
2026-05-07 16:21:45,828 - data_loader - INFO - Loading conversation from data/train/2014-12-27.train-c.ascii.txt
2026-05-07 16:21:45,829 - data_loader - INFO -   Read 1500 lines from ASCII file
2026-05-07 16:21:45,833 - data_loader - INFO -   Parsed 1500 messages, found 142 unique users
2026-05-07 16:21:46,202 - data_loader - INFO -   Loaded 370 gold links from annotation file
2026-05-07 16:21:46,203 - data_loader - INFO -   Conversation '2014-12-27.train-c' loaded in 0.37s
2026-05-07 16:21:46,203 - data_loader - INFO -   Creating samples for 2014-12-27.train-c: all 1500 messages
2026-05-07 16:21:46,221 - data_loader - INFO -   Created 92 samples for 2014-12-27.train-c
2026-05-07 16:21:46,221 - data_loader - INFO -   File 135/153: 2014-12-27.train-c - 1500 messages, 16014 total samples so far
2026-05-07 16:21:46,221 - data_loader - INFO - Loading conversation from data/train/2015-01-20.train-b.ascii.txt
2026-05-07 16:21:46,222 - data_loader - INFO -   Read 1100 lines from ASCII file
2026-05-07 16:21:46,225 - data_loader - INFO -   Parsed 1100 messages, found 91 unique users
2026-05-07 16:21:46,400 - data_loader - INFO -   Loaded 74 gold links from annotation file
2026-05-07 16:21:46,400 - data_loader - INFO -   Conversation '2015-01-20.train-b' loaded in 0.18s
2026-05-07 16:21:46,400 - data_loader - INFO -   Creating samples for 2015-01-20.train-b: all 1100 messages
2026-05-07 16:21:46,406 - data_loader - INFO -   Created 5 samples for 2015-01-20.train-b
2026-05-07 16:21:46,406 - data_loader - INFO -   File 136/153: 2015-01-20.train-b - 1100 messages, 16019 total samples so far
2026-05-07 16:21:46,406 - data_loader - INFO - Loading conversation from data/train/2015-02-04.train-b.ascii.txt
2026-05-07 16:21:46,408 - data_loader - INFO -   Read 1100 lines from ASCII file
2026-05-07 16:21:46,411 - data_loader - INFO -   Parsed 1100 messages, found 139 unique users
2026-05-07 16:21:46,677 - data_loader - INFO -   Loaded 69 gold links from annotation file
2026-05-07 16:21:46,677 - data_loader - INFO -   Conversation '2015-02-04.train-b' loaded in 0.27s
2026-05-07 16:21:46,677 - data_loader - INFO -   Creating samples for 2015-02-04.train-b: all 1100 messages
2026-05-07 16:21:46,684 - data_loader - INFO -   Created 15 samples for 2015-02-04.train-b
2026-05-07 16:21:46,684 - data_loader - INFO -   File 137/153: 2015-02-04.train-b - 1100 messages, 16034 total samples so far
2026-05-07 16:21:46,684 - data_loader - INFO - Loading conversation from data/train/2015-04-19.train-b.ascii.txt
2026-05-07 16:21:46,685 - data_loader - INFO -   Read 1100 lines from ASCII file
2026-05-07 16:21:46,688 - data_loader - INFO -   Parsed 1100 messages, found 131 unique users
2026-05-07 16:21:46,948 - data_loader - INFO -   Loaded 75 gold links from annotation file
2026-05-07 16:21:46,948 - data_loader - INFO -   Conversation '2015-04-19.train-b' loaded in 0.26s
2026-05-07 16:21:46,948 - data_loader - INFO -   Creating samples for 2015-04-19.train-b: all 1100 messages
2026-05-07 16:21:46,954 - data_loader - INFO -   Created 6 samples for 2015-04-19.train-b
2026-05-07 16:21:46,954 - data_loader - INFO -   File 138/153: 2015-04-19.train-b - 1100 messages, 16040 total samples so far
2026-05-07 16:21:46,954 - data_loader - INFO - Loading conversation from data/train/2015-05-08.train-c.ascii.txt
2026-05-07 16:21:46,955 - data_loader - INFO -   Read 1500 lines from ASCII file
2026-05-07 16:21:46,959 - data_loader - INFO -   Parsed 1500 messages, found 115 unique users
2026-05-07 16:21:47,270 - data_loader - INFO -   Loaded 367 gold links from annotation file
2026-05-07 16:21:47,270 - data_loader - INFO -   Conversation '2015-05-08.train-c' loaded in 0.32s
2026-05-07 16:21:47,271 - data_loader - INFO -   Creating samples for 2015-05-08.train-c: all 1500 messages
2026-05-07 16:21:47,290 - data_loader - INFO -   Created 91 samples for 2015-05-08.train-c
2026-05-07 16:21:47,290 - data_loader - INFO -   File 139/153: 2015-05-08.train-c - 1500 messages, 16131 total samples so far
2026-05-07 16:21:47,290 - data_loader - INFO - Loading conversation from data/train/2015-06-12.train-b.ascii.txt
2026-05-07 16:21:47,291 - data_loader - INFO -   Read 1100 lines from ASCII file
2026-05-07 16:21:47,294 - data_loader - INFO -   Parsed 1100 messages, found 142 unique users
2026-05-07 16:21:47,574 - data_loader - INFO -   Loaded 74 gold links from annotation file
2026-05-07 16:21:47,574 - data_loader - INFO -   Conversation '2015-06-12.train-b' loaded in 0.28s
2026-05-07 16:21:47,574 - data_loader - INFO -   Creating samples for 2015-06-12.train-b: all 1100 messages
2026-05-07 16:21:47,582 - data_loader - INFO -   Created 25 samples for 2015-06-12.train-b
2026-05-07 16:21:47,582 - data_loader - INFO -   File 140/153: 2015-06-12.train-b - 1100 messages, 16156 total samples so far
2026-05-07 16:21:47,582 - data_loader - INFO - Loading conversation from data/train/2015-08-10.train-b.ascii.txt
2026-05-07 16:21:47,583 - data_loader - INFO -   Read 1100 lines from ASCII file
2026-05-07 16:21:47,587 - data_loader - INFO -   Parsed 1100 messages, found 94 unique users
2026-05-07 16:21:47,776 - data_loader - INFO -   Loaded 69 gold links from annotation file
2026-05-07 16:21:47,776 - data_loader - INFO -   Conversation '2015-08-10.train-b' loaded in 0.19s
2026-05-07 16:21:47,776 - data_loader - INFO -   Creating samples for 2015-08-10.train-b: all 1100 messages
2026-05-07 16:21:47,783 - data_loader - INFO -   Created 14 samples for 2015-08-10.train-b
2026-05-07 16:21:47,783 - data_loader - INFO -   File 141/153: 2015-08-10.train-b - 1100 messages, 16170 total samples so far
2026-05-07 16:21:47,783 - data_loader - INFO - Loading conversation from data/train/2015-09-25.train-b.ascii.txt
2026-05-07 16:21:47,784 - data_loader - INFO -   Read 1100 lines from ASCII file
2026-05-07 16:21:47,787 - data_loader - INFO -   Parsed 1100 messages, found 142 unique users
2026-05-07 16:21:48,083 - data_loader - INFO -   Loaded 75 gold links from annotation file
2026-05-07 16:21:48,083 - data_loader - INFO -   Conversation '2015-09-25.train-b' loaded in 0.30s
2026-05-07 16:21:48,083 - data_loader - INFO -   Creating samples for 2015-09-25.train-b: all 1100 messages
2026-05-07 16:21:48,090 - data_loader - INFO -   Created 15 samples for 2015-09-25.train-b
2026-05-07 16:21:48,090 - data_loader - INFO -   File 142/153: 2015-09-25.train-b - 1100 messages, 16185 total samples so far
2026-05-07 16:21:48,090 - data_loader - INFO - Loading conversation from data/train/2015-10-14.train-b.ascii.txt
2026-05-07 16:21:48,092 - data_loader - INFO -   Read 1100 lines from ASCII file
2026-05-07 16:21:48,095 - data_loader - INFO -   Parsed 1100 messages, found 121 unique users
2026-05-07 16:21:48,331 - data_loader - INFO -   Loaded 70 gold links from annotation file
2026-05-07 16:21:48,331 - data_loader - INFO -   Conversation '2015-10-14.train-b' loaded in 0.24s
2026-05-07 16:21:48,331 - data_loader - INFO -   Creating samples for 2015-10-14.train-b: all 1100 messages
2026-05-07 16:21:48,337 - data_loader - INFO -   Created 6 samples for 2015-10-14.train-b
2026-05-07 16:21:48,337 - data_loader - INFO -   File 143/153: 2015-10-14.train-b - 1100 messages, 16191 total samples so far
2026-05-07 16:21:48,337 - data_loader - INFO - Loading conversation from data/train/2015-10-19.train-b.ascii.txt
2026-05-07 16:21:48,338 - data_loader - INFO -   Read 1100 lines from ASCII file
2026-05-07 16:21:48,341 - data_loader - INFO -   Parsed 1100 messages, found 114 unique users
2026-05-07 16:21:48,561 - data_loader - INFO -   Loaded 71 gold links from annotation file
2026-05-07 16:21:48,561 - data_loader - INFO -   Conversation '2015-10-19.train-b' loaded in 0.22s
2026-05-07 16:21:48,561 - data_loader - INFO -   Creating samples for 2015-10-19.train-b: all 1100 messages
2026-05-07 16:21:48,569 - data_loader - INFO -   Created 15 samples for 2015-10-19.train-b
2026-05-07 16:21:48,569 - data_loader - INFO -   File 144/153: 2015-10-19.train-b - 1100 messages, 16206 total samples so far
2026-05-07 16:21:48,569 - data_loader - INFO - Loading conversation from data/train/2015-11-26.train-b.ascii.txt
2026-05-07 16:21:48,570 - data_loader - INFO -   Read 1100 lines from ASCII file
2026-05-07 16:21:48,573 - data_loader - INFO -   Parsed 1100 messages, found 100 unique users
2026-05-07 16:21:48,753 - data_loader - INFO -   Loaded 66 gold links from annotation file
2026-05-07 16:21:48,753 - data_loader - INFO -   Conversation '2015-11-26.train-b' loaded in 0.18s
2026-05-07 16:21:48,753 - data_loader - INFO -   Creating samples for 2015-11-26.train-b: all 1100 messages
2026-05-07 16:21:48,761 - data_loader - INFO -   Created 32 samples for 2015-11-26.train-b
2026-05-07 16:21:48,761 - data_loader - INFO -   File 145/153: 2015-11-26.train-b - 1100 messages, 16238 total samples so far
2026-05-07 16:21:48,761 - data_loader - INFO - Loading conversation from data/train/2015-12-28.train-b.ascii.txt
2026-05-07 16:21:48,762 - data_loader - INFO -   Read 1100 lines from ASCII file
2026-05-07 16:21:48,765 - data_loader - INFO -   Parsed 1100 messages, found 131 unique users
2026-05-07 16:21:49,013 - data_loader - INFO -   Loaded 72 gold links from annotation file
2026-05-07 16:21:49,013 - data_loader - INFO -   Conversation '2015-12-28.train-b' loaded in 0.25s
2026-05-07 16:21:49,013 - data_loader - INFO -   Creating samples for 2015-12-28.train-b: all 1100 messages
2026-05-07 16:21:49,020 - data_loader - INFO -   Created 19 samples for 2015-12-28.train-b
2026-05-07 16:21:49,020 - data_loader - INFO -   File 146/153: 2015-12-28.train-b - 1100 messages, 16257 total samples so far
2026-05-07 16:21:49,020 - data_loader - INFO - Loading conversation from data/train/2017-02-06.train-c.ascii.txt
2026-05-07 16:21:49,022 - data_loader - INFO -   Read 1500 lines from ASCII file
2026-05-07 16:21:49,026 - data_loader - INFO -   Parsed 1500 messages, found 156 unique users
2026-05-07 16:21:49,439 - data_loader - INFO -   Loaded 388 gold links from annotation file
2026-05-07 16:21:49,439 - data_loader - INFO -   Conversation '2017-02-06.train-c' loaded in 0.42s
2026-05-07 16:21:49,439 - data_loader - INFO -   Creating samples for 2017-02-06.train-c: all 1500 messages
2026-05-07 16:21:49,459 - data_loader - INFO -   Created 110 samples for 2017-02-06.train-c
2026-05-07 16:21:49,459 - data_loader - INFO -   File 147/153: 2017-02-06.train-c - 1500 messages, 16367 total samples so far
2026-05-07 16:21:49,459 - data_loader - INFO - Loading conversation from data/train/2017-03-02.train-c.ascii.txt
2026-05-07 16:21:49,461 - data_loader - INFO -   Read 1500 lines from ASCII file
2026-05-07 16:21:49,465 - data_loader - INFO -   Parsed 1500 messages, found 158 unique users
2026-05-07 16:21:49,880 - data_loader - INFO -   Loaded 363 gold links from annotation file
2026-05-07 16:21:49,880 - data_loader - INFO -   Conversation '2017-03-02.train-c' loaded in 0.42s
2026-05-07 16:21:49,881 - data_loader - INFO -   Creating samples for 2017-03-02.train-c: all 1500 messages
2026-05-07 16:21:49,899 - data_loader - INFO -   Created 85 samples for 2017-03-02.train-c
2026-05-07 16:21:49,899 - data_loader - INFO -   File 148/153: 2017-03-02.train-c - 1500 messages, 16452 total samples so far
2026-05-07 16:21:49,899 - data_loader - INFO - Loading conversation from data/train/2017-03-23.train-c.ascii.txt
2026-05-07 16:21:49,900 - data_loader - INFO -   Read 1500 lines from ASCII file
2026-05-07 16:21:49,904 - data_loader - INFO -   Parsed 1500 messages, found 138 unique users
2026-05-07 16:21:50,263 - data_loader - INFO -   Loaded 375 gold links from annotation file
2026-05-07 16:21:50,263 - data_loader - INFO -   Conversation '2017-03-23.train-c' loaded in 0.36s
2026-05-07 16:21:50,263 - data_loader - INFO -   Creating samples for 2017-03-23.train-c: all 1500 messages
2026-05-07 16:21:50,279 - data_loader - INFO -   Created 68 samples for 2017-03-23.train-c
2026-05-07 16:21:50,279 - data_loader - INFO -   File 149/153: 2017-03-23.train-c - 1500 messages, 16520 total samples so far
2026-05-07 16:21:50,279 - data_loader - INFO - Loading conversation from data/train/2017-05-09.train-c.ascii.txt
2026-05-07 16:21:50,281 - data_loader - INFO -   Read 1500 lines from ASCII file
2026-05-07 16:21:50,285 - data_loader - INFO -   Parsed 1500 messages, found 114 unique users
2026-05-07 16:21:50,588 - data_loader - INFO -   Loaded 347 gold links from annotation file
2026-05-07 16:21:50,588 - data_loader - INFO -   Conversation '2017-05-09.train-c' loaded in 0.31s
2026-05-07 16:21:50,588 - data_loader - INFO -   Creating samples for 2017-05-09.train-c: all 1500 messages
2026-05-07 16:21:50,602 - data_loader - INFO -   Created 50 samples for 2017-05-09.train-c
2026-05-07 16:21:50,602 - data_loader - INFO -   File 150/153: 2017-05-09.train-c - 1500 messages, 16570 total samples so far
2026-05-07 16:21:50,602 - data_loader - INFO - Loading conversation from data/train/2017-07-15.train-c.ascii.txt
2026-05-07 16:21:50,603 - data_loader - INFO -   Read 1500 lines from ASCII file
2026-05-07 16:21:50,872 - data_loader - INFO -   Parsed 1500 messages, found 83 unique users
2026-05-07 16:21:51,105 - data_loader - INFO -   Loaded 350 gold links from annotation file
2026-05-07 16:21:51,105 - data_loader - INFO -   Conversation '2017-07-15.train-c' loaded in 0.50s
2026-05-07 16:21:51,106 - data_loader - INFO -   Creating samples for 2017-07-15.train-c: all 1500 messages
2026-05-07 16:21:51,119 - data_loader - INFO -   Created 35 samples for 2017-07-15.train-c
2026-05-07 16:21:51,119 - data_loader - INFO -   File 151/153: 2017-07-15.train-c - 1500 messages, 16605 total samples so far
2026-05-07 16:21:51,119 - data_loader - INFO - Loading conversation from data/train/2017-09-02.train-c.ascii.txt
2026-05-07 16:21:51,120 - data_loader - INFO -   Read 1500 lines from ASCII file
2026-05-07 16:21:51,124 - data_loader - INFO -   Parsed 1500 messages, found 110 unique users
2026-05-07 16:21:51,429 - data_loader - INFO -   Loaded 365 gold links from annotation file
2026-05-07 16:21:51,429 - data_loader - INFO -   Conversation '2017-09-02.train-c' loaded in 0.31s
2026-05-07 16:21:51,429 - data_loader - INFO -   Creating samples for 2017-09-02.train-c: all 1500 messages
2026-05-07 16:21:51,441 - data_loader - INFO -   Created 36 samples for 2017-09-02.train-c
2026-05-07 16:21:51,441 - data_loader - INFO -   File 152/153: 2017-09-02.train-c - 1500 messages, 16641 total samples so far
2026-05-07 16:21:51,441 - data_loader - INFO - Loading conversation from data/train/2018-02-27.train-c.ascii.txt
2026-05-07 16:21:51,443 - data_loader - INFO -   Read 1500 lines from ASCII file
2026-05-07 16:21:51,447 - data_loader - INFO -   Parsed 1500 messages, found 148 unique users
2026-05-07 16:21:51,838 - data_loader - INFO -   Loaded 375 gold links from annotation file
2026-05-07 16:21:51,838 - data_loader - INFO -   Conversation '2018-02-27.train-c' loaded in 0.40s
2026-05-07 16:21:51,838 - data_loader - INFO -   Creating samples for 2018-02-27.train-c: all 1500 messages
2026-05-07 16:21:51,858 - data_loader - INFO -   Created 113 samples for 2018-02-27.train-c
2026-05-07 16:21:51,858 - data_loader - INFO -   File 153/153: 2018-02-27.train-c - 1500 messages, 16754 total samples so far
2026-05-07 16:21:51,858 - data_loader - INFO - Dataset initialization complete: 16754 samples from 153 conversations in 52.08s
2026-05-07 16:21:51,858 - __main__ - INFO -   Train dataset created: 16754 samples
2026-05-07 16:21:51,858 - __main__ - INFO - Loading 10 dev files...
2026-05-07 16:21:51,858 - data_loader - INFO - Initializing IRCDisentanglementDataset with 10 files
2026-05-07 16:21:51,858 - data_loader - INFO -   max_dist=30, max_length=128, skip_labels=False
2026-05-07 16:21:51,858 - data_loader - INFO -   test_start=0, test_end=1000000000
2026-05-07 16:21:51,858 - data_loader - INFO - Loading conversation from data/dev/2004-11-15_03.ascii.txt
2026-05-07 16:21:51,859 - data_loader - INFO -   Read 1250 lines from ASCII file
2026-05-07 16:21:51,863 - data_loader - INFO -   Parsed 1250 messages, found 76 unique users
2026-05-07 16:21:51,991 - data_loader - INFO -   Loaded 189 gold links from annotation file
2026-05-07 16:21:51,991 - data_loader - INFO -   Conversation '2004-11-15_03' loaded in 0.13s
2026-05-07 16:21:51,991 - data_loader - INFO -   Creating samples for 2004-11-15_03: all 1250 messages
2026-05-07 16:21:52,002 - data_loader - INFO -   Created 65 samples for 2004-11-15_03
2026-05-07 16:21:52,002 - data_loader - INFO -   File 1/10: 2004-11-15_03 - 1250 messages, 65 total samples so far
2026-05-07 16:21:52,002 - data_loader - INFO - Loading conversation from data/dev/2005-06-27_12.ascii.txt
2026-05-07 16:21:52,004 - data_loader - INFO -   Read 1250 lines from ASCII file
2026-05-07 16:21:52,007 - data_loader - INFO -   Parsed 1250 messages, found 77 unique users
2026-05-07 16:21:52,132 - data_loader - INFO -   Loaded 182 gold links from annotation file
2026-05-07 16:21:52,132 - data_loader - INFO -   Conversation '2005-06-27_12' loaded in 0.13s
2026-05-07 16:21:52,132 - data_loader - INFO -   Creating samples for 2005-06-27_12: all 1250 messages
2026-05-07 16:21:52,142 - data_loader - INFO -   Created 41 samples for 2005-06-27_12
2026-05-07 16:21:52,142 - data_loader - INFO -   File 2/10: 2005-06-27_12 - 1250 messages, 106 total samples so far
2026-05-07 16:21:52,142 - data_loader - INFO - Loading conversation from data/dev/2005-08-08_01.ascii.txt
2026-05-07 16:21:52,143 - data_loader - INFO -   Read 1250 lines from ASCII file
2026-05-07 16:21:52,147 - data_loader - INFO -   Parsed 1250 messages, found 95 unique users
2026-05-07 16:21:52,311 - data_loader - INFO -   Loaded 186 gold links from annotation file
2026-05-07 16:21:52,312 - data_loader - INFO -   Conversation '2005-08-08_01' loaded in 0.17s
2026-05-07 16:21:52,312 - data_loader - INFO -   Creating samples for 2005-08-08_01: all 1250 messages
2026-05-07 16:21:52,323 - data_loader - INFO -   Created 70 samples for 2005-08-08_01
2026-05-07 16:21:52,324 - data_loader - INFO -   File 3/10: 2005-08-08_01 - 1250 messages, 176 total samples so far
2026-05-07 16:21:52,324 - data_loader - INFO - Loading conversation from data/dev/2008-12-11_11.ascii.txt
2026-05-07 16:21:52,325 - data_loader - INFO -   Read 1250 lines from ASCII file
2026-05-07 16:21:52,329 - data_loader - INFO -   Parsed 1250 messages, found 142 unique users
2026-05-07 16:21:52,633 - data_loader - INFO -   Loaded 172 gold links from annotation file
2026-05-07 16:21:52,633 - data_loader - INFO -   Conversation '2008-12-11_11' loaded in 0.31s
2026-05-07 16:21:52,633 - data_loader - INFO -   Creating samples for 2008-12-11_11: all 1250 messages
2026-05-07 16:21:52,645 - data_loader - INFO -   Created 44 samples for 2008-12-11_11
2026-05-07 16:21:52,645 - data_loader - INFO -   File 4/10: 2008-12-11_11 - 1250 messages, 220 total samples so far
2026-05-07 16:21:52,645 - data_loader - INFO - Loading conversation from data/dev/2009-02-23_10.ascii.txt
2026-05-07 16:21:52,646 - data_loader - INFO -   Read 1250 lines from ASCII file
2026-05-07 16:21:52,650 - data_loader - INFO -   Parsed 1250 messages, found 111 unique users
2026-05-07 16:21:52,885 - data_loader - INFO -   Loaded 186 gold links from annotation file
2026-05-07 16:21:52,885 - data_loader - INFO -   Conversation '2009-02-23_10' loaded in 0.24s
2026-05-07 16:21:52,885 - data_loader - INFO -   Creating samples for 2009-02-23_10: all 1250 messages
2026-05-07 16:21:52,898 - data_loader - INFO -   Created 53 samples for 2009-02-23_10
2026-05-07 16:21:52,898 - data_loader - INFO -   File 5/10: 2009-02-23_10 - 1250 messages, 273 total samples so far
2026-05-07 16:21:52,898 - data_loader - INFO - Loading conversation from data/dev/2009-03-03_10.ascii.txt
2026-05-07 16:21:52,899 - data_loader - INFO -   Read 1250 lines from ASCII file
2026-05-07 16:21:52,902 - data_loader - INFO -   Parsed 1250 messages, found 134 unique users
2026-05-07 16:21:53,189 - data_loader - INFO -   Loaded 188 gold links from annotation file
2026-05-07 16:21:53,189 - data_loader - INFO -   Conversation '2009-03-03_10' loaded in 0.29s
2026-05-07 16:21:53,189 - data_loader - INFO -   Creating samples for 2009-03-03_10: all 1250 messages
2026-05-07 16:21:53,199 - data_loader - INFO -   Created 28 samples for 2009-03-03_10
2026-05-07 16:21:53,199 - data_loader - INFO -   File 6/10: 2009-03-03_10 - 1250 messages, 301 total samples so far
2026-05-07 16:21:53,199 - data_loader - INFO - Loading conversation from data/dev/2009-10-01_17.ascii.txt
2026-05-07 16:21:53,200 - data_loader - INFO -   Read 1250 lines from ASCII file
2026-05-07 16:21:53,204 - data_loader - INFO -   Parsed 1250 messages, found 166 unique users
2026-05-07 16:21:53,567 - data_loader - INFO -   Loaded 171 gold links from annotation file
2026-05-07 16:21:53,567 - data_loader - INFO -   Conversation '2009-10-01_17' loaded in 0.37s
2026-05-07 16:21:53,567 - data_loader - INFO -   Creating samples for 2009-10-01_17: all 1250 messages
2026-05-07 16:21:53,579 - data_loader - INFO -   Created 45 samples for 2009-10-01_17
2026-05-07 16:21:53,579 - data_loader - INFO -   File 7/10: 2009-10-01_17 - 1250 messages, 346 total samples so far
2026-05-07 16:21:53,579 - data_loader - INFO - Loading conversation from data/dev/2011-05-29_19.ascii.txt
2026-05-07 16:21:53,580 - data_loader - INFO -   Read 1250 lines from ASCII file
2026-05-07 16:21:53,583 - data_loader - INFO -   Parsed 1250 messages, found 152 unique users
2026-05-07 16:21:53,921 - data_loader - INFO -   Loaded 181 gold links from annotation file
2026-05-07 16:21:53,921 - data_loader - INFO -   Conversation '2011-05-29_19' loaded in 0.34s
2026-05-07 16:21:53,921 - data_loader - INFO -   Creating samples for 2011-05-29_19: all 1250 messages
2026-05-07 16:21:53,932 - data_loader - INFO -   Created 42 samples for 2011-05-29_19
2026-05-07 16:21:53,932 - data_loader - INFO -   File 8/10: 2011-05-29_19 - 1250 messages, 388 total samples so far
2026-05-07 16:21:53,932 - data_loader - INFO - Loading conversation from data/dev/2011-11-13_02.ascii.txt
2026-05-07 16:21:53,933 - data_loader - INFO -   Read 1250 lines from ASCII file
2026-05-07 16:21:53,937 - data_loader - INFO -   Parsed 1250 messages, found 164 unique users
2026-05-07 16:21:54,302 - data_loader - INFO -   Loaded 165 gold links from annotation file
2026-05-07 16:21:54,302 - data_loader - INFO -   Conversation '2011-11-13_02' loaded in 0.37s
2026-05-07 16:21:54,302 - data_loader - INFO -   Creating samples for 2011-11-13_02: all 1250 messages
2026-05-07 16:21:54,314 - data_loader - INFO -   Created 39 samples for 2011-11-13_02
2026-05-07 16:21:54,314 - data_loader - INFO -   File 9/10: 2011-11-13_02 - 1250 messages, 427 total samples so far
2026-05-07 16:21:54,314 - data_loader - INFO - Loading conversation from data/dev/2016-12-19_20.ascii.txt
2026-05-07 16:21:54,315 - data_loader - INFO -   Read 1250 lines from ASCII file
2026-05-07 16:21:54,319 - data_loader - INFO -   Parsed 1250 messages, found 165 unique users
2026-05-07 16:21:54,682 - data_loader - INFO -   Loaded 176 gold links from annotation file
2026-05-07 16:21:54,682 - data_loader - INFO -   Conversation '2016-12-19_20' loaded in 0.37s
2026-05-07 16:21:54,682 - data_loader - INFO -   Creating samples for 2016-12-19_20: all 1250 messages
2026-05-07 16:21:54,692 - data_loader - INFO -   Created 35 samples for 2016-12-19_20
2026-05-07 16:21:54,692 - data_loader - INFO -   File 10/10: 2016-12-19_20 - 1250 messages, 462 total samples so far
2026-05-07 16:21:54,692 - data_loader - INFO - Dataset initialization complete: 462 samples from 10 conversations in 2.83s
2026-05-07 16:21:54,692 - __main__ - INFO -   Dev dataset created: 462 samples
2026-05-07 16:21:54,693 - __main__ - INFO -   Train dataset: 16754 samples
2026-05-07 16:21:54,693 - __main__ - INFO -   Dev dataset: 462 samples
2026-05-07 16:21:54,693 - __main__ - INFO - Creating model...
2026-05-07 16:21:54,926 - httpx - INFO - HTTP Request: HEAD https://huggingface.co/microsoft/deberta-v3-base/resolve/main/config.json "HTTP/1.1 307 Temporary Redirect"
2026-05-07 16:21:54,932 - httpx - INFO - HTTP Request: HEAD https://huggingface.co/api/resolve-cache/models/microsoft/deberta-v3-base/8ccc9b6f36199bec6961081d44eb72fb3f7353f3/config.json "HTTP/1.1 200 OK"
2026-05-07 16:21:55,610 - httpx - INFO - HTTP Request: HEAD https://huggingface.co/microsoft/deberta-v3-base/resolve/main/model.safetensors "HTTP/1.1 404 Not Found"
2026-05-07 16:21:55,845 - httpx - INFO - HTTP Request: GET https://huggingface.co/api/models/microsoft/deberta-v3-base "HTTP/1.1 200 OK"
Loading weights:   0%|          | 0/198 [00:00<?, ?it/s]Loading weights: 100%|██████████| 198/198 [00:00<00:00, 28769.91it/s]2026-05-07 16:21:56,096 - httpx - INFO - HTTP Request: GET https://huggingface.co/api/models/microsoft/deberta-v3-base/commits/main "HTTP/1.1 200 OK"

2026-05-07 16:21:56,350 - httpx - INFO - HTTP Request: GET https://huggingface.co/api/models/microsoft/deberta-v3-base/discussions?p=0 "HTTP/1.1 200 OK"
2026-05-07 16:21:56,595 - httpx - INFO - HTTP Request: GET https://huggingface.co/api/models/microsoft/deberta-v3-base/commits/refs%2Fpr%2F14 "HTTP/1.1 200 OK"
2026-05-07 16:21:56,828 - httpx - INFO - HTTP Request: HEAD https://huggingface.co/microsoft/deberta-v3-base/resolve/refs%2Fpr%2F14/model.safetensors.index.json "HTTP/1.1 404 Not Found"
[transformers] [1mDebertaV2Model LOAD REPORT[0m from: microsoft/deberta-v3-base
Key                                     | Status     |  | 
----------------------------------------+------------+--+-
lm_predictions.lm_head.dense.weight     | UNEXPECTED |  | 
mask_predictions.LayerNorm.weight       | UNEXPECTED |  | 
lm_predictions.lm_head.LayerNorm.weight | UNEXPECTED |  | 
lm_predictions.lm_head.dense.bias       | UNEXPECTED |  | 
mask_predictions.classifier.bias        | UNEXPECTED |  | 
mask_predictions.classifier.weight      | UNEXPECTED |  | 
lm_predictions.lm_head.LayerNorm.bias   | UNEXPECTED |  | 
mask_predictions.dense.bias             | UNEXPECTED |  | 
mask_predictions.LayerNorm.bias         | UNEXPECTED |  | 
lm_predictions.lm_head.bias             | UNEXPECTED |  | 
mask_predictions.dense.weight           | UNEXPECTED |  | 

Notes:
- UNEXPECTED:	can be ignored when loading from different task/architecture; not ok if you expect identical arch.
2026-05-07 16:21:57,069 - httpx - INFO - HTTP Request: HEAD https://huggingface.co/microsoft/deberta-v3-base/resolve/refs%2Fpr%2F14/model.safetensors "HTTP/1.1 302 Found"
2026-05-07 16:21:57,231 - httpx - INFO - HTTP Request: HEAD https://huggingface.co/microsoft/deberta-v3-base/resolve/main/config.json "HTTP/1.1 307 Temporary Redirect"
2026-05-07 16:21:57,238 - httpx - INFO - HTTP Request: HEAD https://huggingface.co/api/resolve-cache/models/microsoft/deberta-v3-base/8ccc9b6f36199bec6961081d44eb72fb3f7353f3/config.json "HTTP/1.1 200 OK"
2026-05-07 16:21:57,743 - __main__ - INFO -   Parameters: 183,832,326 trainable, 183,832,326 total
2026-05-07 16:21:57,743 - __main__ - INFO -   BERT hidden size: 768
2026-05-07 16:21:57,743 - __main__ - INFO -   Combined size: 773
2026-05-07 16:21:57,744 - __main__ - INFO - Created AdamW optimizer with lr=5e-05
2026-05-07 16:21:57,744 - __main__ - INFO - Created scheduler with 157 warmup steps (10% of 1572 total steps)
2026-05-07 16:21:57,744 - __main__ - INFO - Starting training from epoch 1...
2026-05-07 16:21:57,744 - __main__ - INFO - ================================================================================
2026-05-07 16:21:57,744 - __main__ - INFO - Epoch 1/3
2026-05-07 16:21:57,744 - __main__ - INFO - --------------------------------------------------------------------------------
2026-05-07 16:21:57,745 - __main__ - INFO - Starting epoch 1 with 524 batches
2026-05-07 16:21:58,778 - __main__ - ERROR -   Batch 1: CUDA Out of Memory (OOM) during forward pass!
2026-05-07 16:21:58,779 - __main__ - ERROR -   Memory at OOM: 44413/44496MB
2026-05-07 16:21:59,089 - __main__ - ERROR -   Batch 2: CUDA Out of Memory (OOM) during forward pass!
2026-05-07 16:21:59,090 - __main__ - ERROR -   Memory at OOM: 44413/44496MB
2026-05-07 16:21:59,345 - __main__ - ERROR -   Batch 3: CUDA Out of Memory (OOM) during forward pass!
2026-05-07 16:21:59,346 - __main__ - ERROR -   Memory at OOM: 44413/44496MB
2026-05-07 16:21:59,597 - __main__ - ERROR -   Batch 4: CUDA Out of Memory (OOM) during forward pass!
2026-05-07 16:21:59,597 - __main__ - ERROR -   Memory at OOM: 44413/44496MB
2026-05-07 16:21:59,852 - __main__ - ERROR -   Batch 5: CUDA Out of Memory (OOM) during forward pass!
2026-05-07 16:21:59,852 - __main__ - ERROR -   Memory at OOM: 44413/44496MB
2026-05-07 16:22:00,116 - __main__ - ERROR -   Batch 6: CUDA Out of Memory (OOM) during forward pass!
2026-05-07 16:22:00,116 - __main__ - ERROR -   Memory at OOM: 44413/44496MB
2026-05-07 16:22:00,375 - __main__ - ERROR -   Batch 7: CUDA Out of Memory (OOM) during forward pass!
2026-05-07 16:22:00,375 - __main__ - ERROR -   Memory at OOM: 44413/44496MB
2026-05-07 16:22:00,633 - __main__ - ERROR -   Batch 8: CUDA Out of Memory (OOM) during forward pass!
2026-05-07 16:22:00,633 - __main__ - ERROR -   Memory at OOM: 44413/44496MB
2026-05-07 16:22:00,889 - __main__ - ERROR -   Batch 9: CUDA Out of Memory (OOM) during forward pass!
2026-05-07 16:22:00,890 - __main__ - ERROR -   Memory at OOM: 44413/44496MB
2026-05-07 16:22:01,149 - __main__ - ERROR -   Batch 10: CUDA Out of Memory (OOM) during forward pass!
2026-05-07 16:22:01,149 - __main__ - ERROR -   Memory at OOM: 44413/44496MB
2026-05-07 16:22:01,408 - __main__ - ERROR -   Batch 11: CUDA Out of Memory (OOM) during forward pass!
2026-05-07 16:22:01,409 - __main__ - ERROR -   Memory at OOM: 44413/44496MB
2026-05-07 16:22:01,667 - __main__ - ERROR -   Batch 12: CUDA Out of Memory (OOM) during forward pass!
2026-05-07 16:22:01,668 - __main__ - ERROR -   Memory at OOM: 44413/44496MB
2026-05-07 16:22:01,922 - __main__ - ERROR -   Batch 13: CUDA Out of Memory (OOM) during forward pass!
2026-05-07 16:22:01,923 - __main__ - ERROR -   Memory at OOM: 44413/44496MB
2026-05-07 16:22:02,181 - __main__ - ERROR -   Batch 14: CUDA Out of Memory (OOM) during forward pass!
2026-05-07 16:22:02,182 - __main__ - ERROR -   Memory at OOM: 44413/44496MB
2026-05-07 16:22:02,440 - __main__ - ERROR -   Batch 15: CUDA Out of Memory (OOM) during forward pass!
2026-05-07 16:22:02,440 - __main__ - ERROR -   Memory at OOM: 44413/44496MB
2026-05-07 16:22:02,699 - __main__ - ERROR -   Batch 16: CUDA Out of Memory (OOM) during forward pass!
2026-05-07 16:22:02,699 - __main__ - ERROR -   Memory at OOM: 44413/44496MB
2026-05-07 16:22:02,957 - __main__ - ERROR -   Batch 17: CUDA Out of Memory (OOM) during forward pass!
2026-05-07 16:22:02,958 - __main__ - ERROR -   Memory at OOM: 44413/44496MB
2026-05-07 16:22:03,220 - __main__ - ERROR -   Batch 18: CUDA Out of Memory (OOM) during forward pass!
2026-05-07 16:22:03,221 - __main__ - ERROR -   Memory at OOM: 44413/44496MB
2026-05-07 16:22:03,476 - __main__ - ERROR -   Batch 19: CUDA Out of Memory (OOM) during forward pass!
2026-05-07 16:22:03,477 - __main__ - ERROR -   Memory at OOM: 44413/44496MB
2026-05-07 16:22:03,737 - __main__ - ERROR -   Batch 20: CUDA Out of Memory (OOM) during forward pass!
2026-05-07 16:22:03,738 - __main__ - ERROR -   Memory at OOM: 44413/44496MB
2026-05-07 16:22:03,996 - __main__ - ERROR -   Batch 21: CUDA Out of Memory (OOM) during forward pass!
2026-05-07 16:22:03,997 - __main__ - ERROR -   Memory at OOM: 44413/44496MB
2026-05-07 16:22:04,257 - __main__ - ERROR -   Batch 22: CUDA Out of Memory (OOM) during forward pass!
2026-05-07 16:22:04,257 - __main__ - ERROR -   Memory at OOM: 44413/44496MB
2026-05-07 16:22:04,517 - __main__ - ERROR -   Batch 23: CUDA Out of Memory (OOM) during forward pass!
2026-05-07 16:22:04,518 - __main__ - ERROR -   Memory at OOM: 44413/44496MB
2026-05-07 16:22:04,776 - __main__ - ERROR -   Batch 24: CUDA Out of Memory (OOM) during forward pass!
2026-05-07 16:22:04,776 - __main__ - ERROR -   Memory at OOM: 44413/44496MB
2026-05-07 16:22:05,036 - __main__ - ERROR -   Batch 25: CUDA Out of Memory (OOM) during forward pass!
2026-05-07 16:22:05,036 - __main__ - ERROR -   Memory at OOM: 44413/44496MB
2026-05-07 16:22:05,294 - __main__ - ERROR -   Batch 26: CUDA Out of Memory (OOM) during forward pass!
2026-05-07 16:22:05,294 - __main__ - ERROR -   Memory at OOM: 44413/44496MB
2026-05-07 16:22:05,554 - __main__ - ERROR -   Batch 27: CUDA Out of Memory (OOM) during forward pass!
2026-05-07 16:22:05,554 - __main__ - ERROR -   Memory at OOM: 44413/44496MB
2026-05-07 16:22:05,817 - __main__ - ERROR -   Batch 28: CUDA Out of Memory (OOM) during forward pass!
2026-05-07 16:22:05,817 - __main__ - ERROR -   Memory at OOM: 44413/44496MB
2026-05-07 16:22:06,075 - __main__ - ERROR -   Batch 29: CUDA Out of Memory (OOM) during forward pass!
2026-05-07 16:22:06,075 - __main__ - ERROR -   Memory at OOM: 44413/44496MB
2026-05-07 16:22:06,334 - __main__ - ERROR -   Batch 30: CUDA Out of Memory (OOM) during forward pass!
2026-05-07 16:22:06,334 - __main__ - ERROR -   Memory at OOM: 44413/44496MB
2026-05-07 16:22:06,596 - __main__ - ERROR -   Batch 31: CUDA Out of Memory (OOM) during forward pass!
2026-05-07 16:22:06,596 - __main__ - ERROR -   Memory at OOM: 44413/44496MB
2026-05-07 16:22:06,857 - __main__ - ERROR -   Batch 32: CUDA Out of Memory (OOM) during forward pass!
2026-05-07 16:22:06,858 - __main__ - ERROR -   Memory at OOM: 44413/44496MB
2026-05-07 16:22:07,117 - __main__ - ERROR -   Batch 33: CUDA Out of Memory (OOM) during forward pass!
2026-05-07 16:22:07,118 - __main__ - ERROR -   Memory at OOM: 44413/44496MB
2026-05-07 16:22:07,376 - __main__ - ERROR -   Batch 34: CUDA Out of Memory (OOM) during forward pass!
2026-05-07 16:22:07,377 - __main__ - ERROR -   Memory at OOM: 44413/44496MB
2026-05-07 16:22:07,638 - __main__ - ERROR -   Batch 35: CUDA Out of Memory (OOM) during forward pass!
2026-05-07 16:22:07,639 - __main__ - ERROR -   Memory at OOM: 44413/44496MB
2026-05-07 16:22:07,898 - __main__ - ERROR -   Batch 36: CUDA Out of Memory (OOM) during forward pass!
2026-05-07 16:22:07,898 - __main__ - ERROR -   Memory at OOM: 44413/44496MB
2026-05-07 16:22:08,159 - __main__ - ERROR -   Batch 37: CUDA Out of Memory (OOM) during forward pass!
2026-05-07 16:22:08,160 - __main__ - ERROR -   Memory at OOM: 44413/44496MB
2026-05-07 16:22:08,419 - __main__ - ERROR -   Batch 38: CUDA Out of Memory (OOM) during forward pass!
2026-05-07 16:22:08,419 - __main__ - ERROR -   Memory at OOM: 44413/44496MB
2026-05-07 16:22:08,681 - __main__ - ERROR -   Batch 39: CUDA Out of Memory (OOM) during forward pass!
2026-05-07 16:22:08,681 - __main__ - ERROR -   Memory at OOM: 44413/44496MB
2026-05-07 16:22:08,940 - __main__ - ERROR -   Batch 40: CUDA Out of Memory (OOM) during forward pass!
2026-05-07 16:22:08,941 - __main__ - ERROR -   Memory at OOM: 44413/44496MB
2026-05-07 16:22:09,200 - __main__ - ERROR -   Batch 41: CUDA Out of Memory (OOM) during forward pass!
2026-05-07 16:22:09,201 - __main__ - ERROR -   Memory at OOM: 44413/44496MB
2026-05-07 16:22:09,461 - __main__ - ERROR -   Batch 42: CUDA Out of Memory (OOM) during forward pass!
2026-05-07 16:22:09,461 - __main__ - ERROR -   Memory at OOM: 44413/44496MB
2026-05-07 16:22:09,720 - __main__ - ERROR -   Batch 43: CUDA Out of Memory (OOM) during forward pass!
2026-05-07 16:22:09,721 - __main__ - ERROR -   Memory at OOM: 44413/44496MB
2026-05-07 16:22:09,980 - __main__ - ERROR -   Batch 44: CUDA Out of Memory (OOM) during forward pass!
2026-05-07 16:22:09,980 - __main__ - ERROR -   Memory at OOM: 44413/44496MB
2026-05-07 16:22:10,240 - __main__ - ERROR -   Batch 45: CUDA Out of Memory (OOM) during forward pass!
2026-05-07 16:22:10,241 - __main__ - ERROR -   Memory at OOM: 44413/44496MB
2026-05-07 16:22:10,502 - __main__ - ERROR -   Batch 46: CUDA Out of Memory (OOM) during forward pass!
2026-05-07 16:22:10,504 - __main__ - ERROR -   Memory at OOM: 44413/44496MB
2026-05-07 16:22:10,764 - __main__ - ERROR -   Batch 47: CUDA Out of Memory (OOM) during forward pass!
2026-05-07 16:22:10,765 - __main__ - ERROR -   Memory at OOM: 44413/44496MB
2026-05-07 16:22:11,025 - __main__ - ERROR -   Batch 48: CUDA Out of Memory (OOM) during forward pass!
2026-05-07 16:22:11,026 - __main__ - ERROR -   Memory at OOM: 44413/44496MB
2026-05-07 16:22:11,284 - __main__ - ERROR -   Batch 49: CUDA Out of Memory (OOM) during forward pass!
2026-05-07 16:22:11,285 - __main__ - ERROR -   Memory at OOM: 44413/44496MB
2026-05-07 16:22:11,546 - __main__ - ERROR -   Batch 50: CUDA Out of Memory (OOM) during forward pass!
2026-05-07 16:22:11,546 - __main__ - ERROR -   Memory at OOM: 44413/44496MB
2026-05-07 16:22:11,809 - __main__ - ERROR -   Batch 51: CUDA Out of Memory (OOM) during forward pass!
2026-05-07 16:22:11,809 - __main__ - ERROR -   Memory at OOM: 44413/44496MB
2026-05-07 16:22:12,069 - __main__ - ERROR -   Batch 52: CUDA Out of Memory (OOM) during forward pass!
2026-05-07 16:22:12,070 - __main__ - ERROR -   Memory at OOM: 44413/44496MB
2026-05-07 16:22:12,330 - __main__ - ERROR -   Batch 53: CUDA Out of Memory (OOM) during forward pass!
2026-05-07 16:22:12,331 - __main__ - ERROR -   Memory at OOM: 44413/44496MB
2026-05-07 16:22:12,587 - __main__ - ERROR -   Batch 54: CUDA Out of Memory (OOM) during forward pass!
2026-05-07 16:22:12,588 - __main__ - ERROR -   Memory at OOM: 44413/44496MB
2026-05-07 16:22:12,850 - __main__ - ERROR -   Batch 55: CUDA Out of Memory (OOM) during forward pass!
2026-05-07 16:22:12,851 - __main__ - ERROR -   Memory at OOM: 44413/44496MB
2026-05-07 16:22:13,114 - __main__ - ERROR -   Batch 56: CUDA Out of Memory (OOM) during forward pass!
2026-05-07 16:22:13,115 - __main__ - ERROR -   Memory at OOM: 44413/44496MB
2026-05-07 16:22:13,376 - __main__ - ERROR -   Batch 57: CUDA Out of Memory (OOM) during forward pass!
2026-05-07 16:22:13,376 - __main__ - ERROR -   Memory at OOM: 44413/44496MB
2026-05-07 16:22:13,635 - __main__ - ERROR -   Batch 58: CUDA Out of Memory (OOM) during forward pass!
2026-05-07 16:22:13,635 - __main__ - ERROR -   Memory at OOM: 44413/44496MB
2026-05-07 16:22:13,902 - __main__ - ERROR -   Batch 59: CUDA Out of Memory (OOM) during forward pass!
2026-05-07 16:22:13,903 - __main__ - ERROR -   Memory at OOM: 44413/44496MB
2026-05-07 16:22:14,161 - __main__ - ERROR -   Batch 60: CUDA Out of Memory (OOM) during forward pass!
2026-05-07 16:22:14,162 - __main__ - ERROR -   Memory at OOM: 44413/44496MB
2026-05-07 16:22:14,427 - __main__ - ERROR -   Batch 61: CUDA Out of Memory (OOM) during forward pass!
2026-05-07 16:22:14,428 - __main__ - ERROR -   Memory at OOM: 44413/44496MB
2026-05-07 16:22:14,690 - __main__ - ERROR -   Batch 62: CUDA Out of Memory (OOM) during forward pass!
2026-05-07 16:22:14,690 - __main__ - ERROR -   Memory at OOM: 44413/44496MB
2026-05-07 16:22:14,947 - __main__ - ERROR -   Batch 63: CUDA Out of Memory (OOM) during forward pass!
2026-05-07 16:22:14,947 - __main__ - ERROR -   Memory at OOM: 44413/44496MB
2026-05-07 16:22:15,213 - __main__ - ERROR -   Batch 64: CUDA Out of Memory (OOM) during forward pass!
2026-05-07 16:22:15,214 - __main__ - ERROR -   Memory at OOM: 44413/44496MB
2026-05-07 16:22:15,477 - __main__ - ERROR -   Batch 65: CUDA Out of Memory (OOM) during forward pass!
2026-05-07 16:22:15,480 - __main__ - ERROR -   Memory at OOM: 44413/44496MB
2026-05-07 16:22:15,743 - __main__ - ERROR -   Batch 66: CUDA Out of Memory (OOM) during forward pass!
2026-05-07 16:22:15,743 - __main__ - ERROR -   Memory at OOM: 44413/44496MB
2026-05-07 16:22:16,006 - __main__ - ERROR -   Batch 67: CUDA Out of Memory (OOM) during forward pass!
2026-05-07 16:22:16,007 - __main__ - ERROR -   Memory at OOM: 44413/44496MB
2026-05-07 16:22:16,264 - __main__ - ERROR -   Batch 68: CUDA Out of Memory (OOM) during forward pass!
2026-05-07 16:22:16,265 - __main__ - ERROR -   Memory at OOM: 44413/44496MB
2026-05-07 16:22:16,529 - __main__ - ERROR -   Batch 69: CUDA Out of Memory (OOM) during forward pass!
2026-05-07 16:22:16,530 - __main__ - ERROR -   Memory at OOM: 44413/44496MB
2026-05-07 16:22:16,791 - __main__ - ERROR -   Batch 70: CUDA Out of Memory (OOM) during forward pass!
2026-05-07 16:22:16,791 - __main__ - ERROR -   Memory at OOM: 44413/44496MB
2026-05-07 16:22:17,055 - __main__ - ERROR -   Batch 71: CUDA Out of Memory (OOM) during forward pass!
2026-05-07 16:22:17,056 - __main__ - ERROR -   Memory at OOM: 44413/44496MB
2026-05-07 16:22:17,322 - __main__ - ERROR -   Batch 72: CUDA Out of Memory (OOM) during forward pass!
2026-05-07 16:22:17,323 - __main__ - ERROR -   Memory at OOM: 44413/44496MB
2026-05-07 16:22:17,581 - __main__ - ERROR -   Batch 73: CUDA Out of Memory (OOM) during forward pass!
2026-05-07 16:22:17,581 - __main__ - ERROR -   Memory at OOM: 44413/44496MB
2026-05-07 16:22:17,842 - __main__ - ERROR -   Batch 74: CUDA Out of Memory (OOM) during forward pass!
2026-05-07 16:22:17,844 - __main__ - ERROR -   Memory at OOM: 44413/44496MB
2026-05-07 16:22:18,107 - __main__ - ERROR -   Batch 75: CUDA Out of Memory (OOM) during forward pass!
2026-05-07 16:22:18,107 - __main__ - ERROR -   Memory at OOM: 44413/44496MB
2026-05-07 16:22:18,367 - __main__ - ERROR -   Batch 76: CUDA Out of Memory (OOM) during forward pass!
2026-05-07 16:22:18,368 - __main__ - ERROR -   Memory at OOM: 44413/44496MB
2026-05-07 16:22:18,631 - __main__ - ERROR -   Batch 77: CUDA Out of Memory (OOM) during forward pass!
2026-05-07 16:22:18,631 - __main__ - ERROR -   Memory at OOM: 44413/44496MB
2026-05-07 16:22:18,895 - __main__ - ERROR -   Batch 78: CUDA Out of Memory (OOM) during forward pass!
2026-05-07 16:22:18,895 - __main__ - ERROR -   Memory at OOM: 44413/44496MB
2026-05-07 16:22:19,158 - __main__ - ERROR -   Batch 79: CUDA Out of Memory (OOM) during forward pass!
2026-05-07 16:22:19,158 - __main__ - ERROR -   Memory at OOM: 44413/44496MB
2026-05-07 16:22:19,421 - __main__ - ERROR -   Batch 80: CUDA Out of Memory (OOM) during forward pass!
2026-05-07 16:22:19,422 - __main__ - ERROR -   Memory at OOM: 44413/44496MB
2026-05-07 16:22:19,681 - __main__ - ERROR -   Batch 81: CUDA Out of Memory (OOM) during forward pass!
2026-05-07 16:22:19,681 - __main__ - ERROR -   Memory at OOM: 44413/44496MB
2026-05-07 16:22:19,945 - __main__ - ERROR -   Batch 82: CUDA Out of Memory (OOM) during forward pass!
2026-05-07 16:22:19,946 - __main__ - ERROR -   Memory at OOM: 44413/44496MB
2026-05-07 16:22:20,210 - __main__ - ERROR -   Batch 83: CUDA Out of Memory (OOM) during forward pass!
2026-05-07 16:22:20,210 - __main__ - ERROR -   Memory at OOM: 44413/44496MB
2026-05-07 16:22:20,474 - __main__ - ERROR -   Batch 84: CUDA Out of Memory (OOM) during forward pass!
2026-05-07 16:22:20,475 - __main__ - ERROR -   Memory at OOM: 44413/44496MB
2026-05-07 16:22:20,733 - __main__ - ERROR -   Batch 85: CUDA Out of Memory (OOM) during forward pass!
2026-05-07 16:22:20,734 - __main__ - ERROR -   Memory at OOM: 44413/44496MB
2026-05-07 16:22:20,998 - __main__ - ERROR -   Batch 86: CUDA Out of Memory (OOM) during forward pass!
2026-05-07 16:22:20,999 - __main__ - ERROR -   Memory at OOM: 44413/44496MB
2026-05-07 16:22:21,261 - __main__ - ERROR -   Batch 87: CUDA Out of Memory (OOM) during forward pass!
2026-05-07 16:22:21,261 - __main__ - ERROR -   Memory at OOM: 44413/44496MB
2026-05-07 16:22:21,525 - __main__ - ERROR -   Batch 88: CUDA Out of Memory (OOM) during forward pass!
2026-05-07 16:22:21,526 - __main__ - ERROR -   Memory at OOM: 44413/44496MB
2026-05-07 16:22:21,786 - __main__ - ERROR -   Batch 89: CUDA Out of Memory (OOM) during forward pass!
2026-05-07 16:22:21,786 - __main__ - ERROR -   Memory at OOM: 44413/44496MB
2026-05-07 16:22:22,052 - __main__ - ERROR -   Batch 90: CUDA Out of Memory (OOM) during forward pass!
2026-05-07 16:22:22,052 - __main__ - ERROR -   Memory at OOM: 44413/44496MB
2026-05-07 16:22:22,317 - __main__ - ERROR -   Batch 91: CUDA Out of Memory (OOM) during forward pass!
2026-05-07 16:22:22,318 - __main__ - ERROR -   Memory at OOM: 44413/44496MB
2026-05-07 16:22:22,577 - __main__ - ERROR -   Batch 92: CUDA Out of Memory (OOM) during forward pass!
2026-05-07 16:22:22,578 - __main__ - ERROR -   Memory at OOM: 44413/44496MB
2026-05-07 16:22:22,841 - __main__ - ERROR -   Batch 93: CUDA Out of Memory (OOM) during forward pass!
2026-05-07 16:22:22,841 - __main__ - ERROR -   Memory at OOM: 44413/44496MB
2026-05-07 16:22:23,107 - __main__ - ERROR -   Batch 94: CUDA Out of Memory (OOM) during forward pass!
2026-05-07 16:22:23,109 - __main__ - ERROR -   Memory at OOM: 44413/44496MB
2026-05-07 16:22:23,369 - __main__ - ERROR -   Batch 95: CUDA Out of Memory (OOM) during forward pass!
2026-05-07 16:22:23,370 - __main__ - ERROR -   Memory at OOM: 44413/44496MB
2026-05-07 16:22:23,633 - __main__ - ERROR -   Batch 96: CUDA Out of Memory (OOM) during forward pass!
2026-05-07 16:22:23,634 - __main__ - ERROR -   Memory at OOM: 44413/44496MB
2026-05-07 16:22:23,896 - __main__ - ERROR -   Batch 97: CUDA Out of Memory (OOM) during forward pass!
2026-05-07 16:22:23,896 - __main__ - ERROR -   Memory at OOM: 44413/44496MB
2026-05-07 16:22:24,162 - __main__ - ERROR -   Batch 98: CUDA Out of Memory (OOM) during forward pass!
2026-05-07 16:22:24,162 - __main__ - ERROR -   Memory at OOM: 44413/44496MB
2026-05-07 16:22:24,426 - __main__ - ERROR -   Batch 99: CUDA Out of Memory (OOM) during forward pass!
2026-05-07 16:22:24,426 - __main__ - ERROR -   Memory at OOM: 44413/44496MB
2026-05-07 16:22:24,686 - __main__ - ERROR -   Batch 100: CUDA Out of Memory (OOM) during forward pass!
2026-05-07 16:22:24,687 - __main__ - ERROR -   Memory at OOM: 44413/44496MB
2026-05-07 16:22:24,952 - __main__ - ERROR -   Batch 101: CUDA Out of Memory (OOM) during forward pass!
2026-05-07 16:22:24,952 - __main__ - ERROR -   Memory at OOM: 44413/44496MB
2026-05-07 16:22:25,218 - __main__ - ERROR -   Batch 102: CUDA Out of Memory (OOM) during forward pass!
2026-05-07 16:22:25,219 - __main__ - ERROR -   Memory at OOM: 44413/44496MB
2026-05-07 16:22:25,480 - __main__ - ERROR -   Batch 103: CUDA Out of Memory (OOM) during forward pass!
2026-05-07 16:22:25,481 - __main__ - ERROR -   Memory at OOM: 44413/44496MB
2026-05-07 16:22:25,746 - __main__ - ERROR -   Batch 104: CUDA Out of Memory (OOM) during forward pass!
2026-05-07 16:22:25,746 - __main__ - ERROR -   Memory at OOM: 44413/44496MB
2026-05-07 16:22:26,015 - __main__ - ERROR -   Batch 105: CUDA Out of Memory (OOM) during forward pass!
2026-05-07 16:22:26,015 - __main__ - ERROR -   Memory at OOM: 44413/44496MB
2026-05-07 16:22:26,276 - __main__ - ERROR -   Batch 106: CUDA Out of Memory (OOM) during forward pass!
2026-05-07 16:22:26,276 - __main__ - ERROR -   Memory at OOM: 44413/44496MB
2026-05-07 16:22:26,539 - __main__ - ERROR -   Batch 107: CUDA Out of Memory (OOM) during forward pass!
2026-05-07 16:22:26,539 - __main__ - ERROR -   Memory at OOM: 44413/44496MB
2026-05-07 16:22:26,803 - __main__ - ERROR -   Batch 108: CUDA Out of Memory (OOM) during forward pass!
2026-05-07 16:22:26,803 - __main__ - ERROR -   Memory at OOM: 44413/44496MB
2026-05-07 16:22:27,064 - __main__ - ERROR -   Batch 109: CUDA Out of Memory (OOM) during forward pass!
2026-05-07 16:22:27,064 - __main__ - ERROR -   Memory at OOM: 44413/44496MB
2026-05-07 16:22:27,332 - __main__ - ERROR -   Batch 110: CUDA Out of Memory (OOM) during forward pass!
2026-05-07 16:22:27,332 - __main__ - ERROR -   Memory at OOM: 44413/44496MB
2026-05-07 16:22:27,595 - __main__ - ERROR -   Batch 111: CUDA Out of Memory (OOM) during forward pass!
2026-05-07 16:22:27,596 - __main__ - ERROR -   Memory at OOM: 44413/44496MB
2026-05-07 16:22:27,860 - __main__ - ERROR -   Batch 112: CUDA Out of Memory (OOM) during forward pass!
2026-05-07 16:22:27,861 - __main__ - ERROR -   Memory at OOM: 44413/44496MB
2026-05-07 16:22:28,128 - __main__ - ERROR -   Batch 113: CUDA Out of Memory (OOM) during forward pass!
2026-05-07 16:22:28,129 - __main__ - ERROR -   Memory at OOM: 44413/44496MB
2026-05-07 16:22:28,392 - __main__ - ERROR -   Batch 114: CUDA Out of Memory (OOM) during forward pass!
2026-05-07 16:22:28,393 - __main__ - ERROR -   Memory at OOM: 44413/44496MB
2026-05-07 16:22:28,656 - __main__ - ERROR -   Batch 115: CUDA Out of Memory (OOM) during forward pass!
2026-05-07 16:22:28,656 - __main__ - ERROR -   Memory at OOM: 44413/44496MB
2026-05-07 16:22:28,925 - __main__ - ERROR -   Batch 116: CUDA Out of Memory (OOM) during forward pass!
2026-05-07 16:22:28,926 - __main__ - ERROR -   Memory at OOM: 44413/44496MB
2026-05-07 16:22:29,184 - __main__ - ERROR -   Batch 117: CUDA Out of Memory (OOM) during forward pass!
2026-05-07 16:22:29,185 - __main__ - ERROR -   Memory at OOM: 44413/44496MB
2026-05-07 16:22:29,451 - __main__ - ERROR -   Batch 118: CUDA Out of Memory (OOM) during forward pass!
2026-05-07 16:22:29,451 - __main__ - ERROR -   Memory at OOM: 44413/44496MB
2026-05-07 16:22:29,714 - __main__ - ERROR -   Batch 119: CUDA Out of Memory (OOM) during forward pass!
2026-05-07 16:22:29,715 - __main__ - ERROR -   Memory at OOM: 44413/44496MB
2026-05-07 16:22:29,983 - __main__ - ERROR -   Batch 120: CUDA Out of Memory (OOM) during forward pass!
2026-05-07 16:22:29,983 - __main__ - ERROR -   Memory at OOM: 44413/44496MB
2026-05-07 16:22:30,244 - __main__ - ERROR -   Batch 121: CUDA Out of Memory (OOM) during forward pass!
2026-05-07 16:22:30,245 - __main__ - ERROR -   Memory at OOM: 44413/44496MB
2026-05-07 16:22:30,511 - __main__ - ERROR -   Batch 122: CUDA Out of Memory (OOM) during forward pass!
2026-05-07 16:22:30,511 - __main__ - ERROR -   Memory at OOM: 44413/44496MB
2026-05-07 16:22:30,774 - __main__ - ERROR -   Batch 123: CUDA Out of Memory (OOM) during forward pass!
2026-05-07 16:22:30,775 - __main__ - ERROR -   Memory at OOM: 44413/44496MB
2026-05-07 16:22:31,044 - __main__ - ERROR -   Batch 124: CUDA Out of Memory (OOM) during forward pass!
2026-05-07 16:22:31,044 - __main__ - ERROR -   Memory at OOM: 44413/44496MB
2026-05-07 16:22:31,304 - __main__ - ERROR -   Batch 125: CUDA Out of Memory (OOM) during forward pass!
2026-05-07 16:22:31,304 - __main__ - ERROR -   Memory at OOM: 44413/44496MB
2026-05-07 16:22:31,568 - __main__ - ERROR -   Batch 126: CUDA Out of Memory (OOM) during forward pass!
2026-05-07 16:22:31,568 - __main__ - ERROR -   Memory at OOM: 44413/44496MB
2026-05-07 16:22:31,835 - __main__ - ERROR -   Batch 127: CUDA Out of Memory (OOM) during forward pass!
2026-05-07 16:22:31,836 - __main__ - ERROR -   Memory at OOM: 44413/44496MB
2026-05-07 16:22:32,100 - __main__ - ERROR -   Batch 128: CUDA Out of Memory (OOM) during forward pass!
2026-05-07 16:22:32,101 - __main__ - ERROR -   Memory at OOM: 44413/44496MB
2026-05-07 16:22:32,364 - __main__ - ERROR -   Batch 129: CUDA Out of Memory (OOM) during forward pass!
2026-05-07 16:22:32,365 - __main__ - ERROR -   Memory at OOM: 44413/44496MB
2026-05-07 16:22:32,629 - __main__ - ERROR -   Batch 130: CUDA Out of Memory (OOM) during forward pass!
2026-05-07 16:22:32,630 - __main__ - ERROR -   Memory at OOM: 44413/44496MB
2026-05-07 16:22:32,896 - __main__ - ERROR -   Batch 131: CUDA Out of Memory (OOM) during forward pass!
2026-05-07 16:22:32,898 - __main__ - ERROR -   Memory at OOM: 44413/44496MB
2026-05-07 16:22:33,165 - __main__ - ERROR -   Batch 132: CUDA Out of Memory (OOM) during forward pass!
2026-05-07 16:22:33,166 - __main__ - ERROR -   Memory at OOM: 44413/44496MB
2026-05-07 16:22:33,430 - __main__ - ERROR -   Batch 133: CUDA Out of Memory (OOM) during forward pass!
2026-05-07 16:22:33,430 - __main__ - ERROR -   Memory at OOM: 44413/44496MB
2026-05-07 16:22:33,693 - __main__ - ERROR -   Batch 134: CUDA Out of Memory (OOM) during forward pass!
2026-05-07 16:22:33,694 - __main__ - ERROR -   Memory at OOM: 44413/44496MB
2026-05-07 16:22:33,962 - __main__ - ERROR -   Batch 135: CUDA Out of Memory (OOM) during forward pass!
2026-05-07 16:22:33,963 - __main__ - ERROR -   Memory at OOM: 44413/44496MB
2026-05-07 16:22:34,225 - __main__ - ERROR -   Batch 136: CUDA Out of Memory (OOM) during forward pass!
2026-05-07 16:22:34,226 - __main__ - ERROR -   Memory at OOM: 44413/44496MB
2026-05-07 16:22:34,491 - __main__ - ERROR -   Batch 137: CUDA Out of Memory (OOM) during forward pass!
2026-05-07 16:22:34,492 - __main__ - ERROR -   Memory at OOM: 44413/44496MB
2026-05-07 16:22:34,758 - __main__ - ERROR -   Batch 138: CUDA Out of Memory (OOM) during forward pass!
2026-05-07 16:22:34,758 - __main__ - ERROR -   Memory at OOM: 44413/44496MB
2026-05-07 16:22:35,027 - __main__ - ERROR -   Batch 139: CUDA Out of Memory (OOM) during forward pass!
2026-05-07 16:22:35,028 - __main__ - ERROR -   Memory at OOM: 44413/44496MB
2026-05-07 16:22:35,291 - __main__ - ERROR -   Batch 140: CUDA Out of Memory (OOM) during forward pass!
2026-05-07 16:22:35,292 - __main__ - ERROR -   Memory at OOM: 44413/44496MB
2026-05-07 16:22:35,559 - __main__ - ERROR -   Batch 141: CUDA Out of Memory (OOM) during forward pass!
2026-05-07 16:22:35,560 - __main__ - ERROR -   Memory at OOM: 44413/44496MB
2026-05-07 16:22:35,823 - __main__ - ERROR -   Batch 142: CUDA Out of Memory (OOM) during forward pass!
2026-05-07 16:22:35,823 - __main__ - ERROR -   Memory at OOM: 44413/44496MB
2026-05-07 16:22:36,092 - __main__ - ERROR -   Batch 143: CUDA Out of Memory (OOM) during forward pass!
2026-05-07 16:22:36,093 - __main__ - ERROR -   Memory at OOM: 44413/44496MB
2026-05-07 16:22:36,358 - __main__ - ERROR -   Batch 144: CUDA Out of Memory (OOM) during forward pass!
2026-05-07 16:22:36,358 - __main__ - ERROR -   Memory at OOM: 44413/44496MB
2026-05-07 16:22:36,629 - __main__ - ERROR -   Batch 145: CUDA Out of Memory (OOM) during forward pass!
2026-05-07 16:22:36,630 - __main__ - ERROR -   Memory at OOM: 44413/44496MB
2026-05-07 16:22:36,893 - __main__ - ERROR -   Batch 146: CUDA Out of Memory (OOM) during forward pass!
2026-05-07 16:22:36,893 - __main__ - ERROR -   Memory at OOM: 44413/44496MB
2026-05-07 16:22:37,161 - __main__ - ERROR -   Batch 147: CUDA Out of Memory (OOM) during forward pass!
2026-05-07 16:22:37,161 - __main__ - ERROR -   Memory at OOM: 44413/44496MB
2026-05-07 16:22:37,427 - __main__ - ERROR -   Batch 148: CUDA Out of Memory (OOM) during forward pass!
2026-05-07 16:22:37,428 - __main__ - ERROR -   Memory at OOM: 44413/44496MB
2026-05-07 16:22:37,693 - __main__ - ERROR -   Batch 149: CUDA Out of Memory (OOM) during forward pass!
2026-05-07 16:22:37,694 - __main__ - ERROR -   Memory at OOM: 44413/44496MB
2026-05-07 16:22:37,959 - __main__ - ERROR -   Batch 150: CUDA Out of Memory (OOM) during forward pass!
2026-05-07 16:22:37,959 - __main__ - ERROR -   Memory at OOM: 44413/44496MB
2026-05-07 16:22:38,225 - __main__ - ERROR -   Batch 151: CUDA Out of Memory (OOM) during forward pass!
2026-05-07 16:22:38,225 - __main__ - ERROR -   Memory at OOM: 44413/44496MB
2026-05-07 16:22:38,491 - __main__ - ERROR -   Batch 152: CUDA Out of Memory (OOM) during forward pass!
2026-05-07 16:22:38,491 - __main__ - ERROR -   Memory at OOM: 44413/44496MB
2026-05-07 16:22:38,757 - __main__ - ERROR -   Batch 153: CUDA Out of Memory (OOM) during forward pass!
2026-05-07 16:22:38,757 - __main__ - ERROR -   Memory at OOM: 44413/44496MB
2026-05-07 16:22:39,024 - __main__ - ERROR -   Batch 154: CUDA Out of Memory (OOM) during forward pass!
2026-05-07 16:22:39,025 - __main__ - ERROR -   Memory at OOM: 44413/44496MB
2026-05-07 16:22:39,293 - __main__ - ERROR -   Batch 155: CUDA Out of Memory (OOM) during forward pass!
2026-05-07 16:22:39,293 - __main__ - ERROR -   Memory at OOM: 44413/44496MB
2026-05-07 16:22:39,562 - __main__ - ERROR -   Batch 156: CUDA Out of Memory (OOM) during forward pass!
2026-05-07 16:22:39,563 - __main__ - ERROR -   Memory at OOM: 44413/44496MB
2026-05-07 16:22:39,832 - __main__ - ERROR -   Batch 157: CUDA Out of Memory (OOM) during forward pass!
2026-05-07 16:22:39,833 - __main__ - ERROR -   Memory at OOM: 44413/44496MB
2026-05-07 16:22:40,097 - __main__ - ERROR -   Batch 158: CUDA Out of Memory (OOM) during forward pass!
2026-05-07 16:22:40,098 - __main__ - ERROR -   Memory at OOM: 44413/44496MB
2026-05-07 16:22:40,364 - __main__ - ERROR -   Batch 159: CUDA Out of Memory (OOM) during forward pass!
2026-05-07 16:22:40,366 - __main__ - ERROR -   Memory at OOM: 44413/44496MB
2026-05-07 16:22:40,636 - __main__ - ERROR -   Batch 160: CUDA Out of Memory (OOM) during forward pass!
2026-05-07 16:22:40,637 - __main__ - ERROR -   Memory at OOM: 44413/44496MB
2026-05-07 16:22:40,901 - __main__ - ERROR -   Batch 161: CUDA Out of Memory (OOM) during forward pass!
2026-05-07 16:22:40,901 - __main__ - ERROR -   Memory at OOM: 44413/44496MB
2026-05-07 16:22:41,169 - __main__ - ERROR -   Batch 162: CUDA Out of Memory (OOM) during forward pass!
2026-05-07 16:22:41,170 - __main__ - ERROR -   Memory at OOM: 44413/44496MB
2026-05-07 16:22:41,436 - __main__ - ERROR -   Batch 163: CUDA Out of Memory (OOM) during forward pass!
2026-05-07 16:22:41,436 - __main__ - ERROR -   Memory at OOM: 44413/44496MB
2026-05-07 16:22:41,705 - __main__ - ERROR -   Batch 164: CUDA Out of Memory (OOM) during forward pass!
2026-05-07 16:22:41,705 - __main__ - ERROR -   Memory at OOM: 44413/44496MB
2026-05-07 16:22:41,972 - __main__ - ERROR -   Batch 165: CUDA Out of Memory (OOM) during forward pass!
2026-05-07 16:22:41,972 - __main__ - ERROR -   Memory at OOM: 44413/44496MB
2026-05-07 16:22:42,241 - __main__ - ERROR -   Batch 166: CUDA Out of Memory (OOM) during forward pass!
2026-05-07 16:22:42,241 - __main__ - ERROR -   Memory at OOM: 44413/44496MB
2026-05-07 16:22:42,510 - __main__ - ERROR -   Batch 167: CUDA Out of Memory (OOM) during forward pass!
2026-05-07 16:22:42,511 - __main__ - ERROR -   Memory at OOM: 44413/44496MB
2026-05-07 16:22:42,778 - __main__ - ERROR -   Batch 168: CUDA Out of Memory (OOM) during forward pass!
2026-05-07 16:22:42,779 - __main__ - ERROR -   Memory at OOM: 44413/44496MB
2026-05-07 16:22:43,044 - __main__ - ERROR -   Batch 169: CUDA Out of Memory (OOM) during forward pass!
2026-05-07 16:22:43,044 - __main__ - ERROR -   Memory at OOM: 44413/44496MB
2026-05-07 16:22:43,312 - __main__ - ERROR -   Batch 170: CUDA Out of Memory (OOM) during forward pass!
2026-05-07 16:22:43,312 - __main__ - ERROR -   Memory at OOM: 44413/44496MB
2026-05-07 16:22:43,580 - __main__ - ERROR -   Batch 171: CUDA Out of Memory (OOM) during forward pass!
2026-05-07 16:22:43,580 - __main__ - ERROR -   Memory at OOM: 44413/44496MB
2026-05-07 16:22:43,849 - __main__ - ERROR -   Batch 172: CUDA Out of Memory (OOM) during forward pass!
2026-05-07 16:22:43,850 - __main__ - ERROR -   Memory at OOM: 44413/44496MB
2026-05-07 16:22:44,115 - __main__ - ERROR -   Batch 173: CUDA Out of Memory (OOM) during forward pass!
2026-05-07 16:22:44,116 - __main__ - ERROR -   Memory at OOM: 44413/44496MB
2026-05-07 16:22:44,382 - __main__ - ERROR -   Batch 174: CUDA Out of Memory (OOM) during forward pass!
2026-05-07 16:22:44,383 - __main__ - ERROR -   Memory at OOM: 44413/44496MB
2026-05-07 16:22:44,652 - __main__ - ERROR -   Batch 175: CUDA Out of Memory (OOM) during forward pass!
2026-05-07 16:22:44,652 - __main__ - ERROR -   Memory at OOM: 44413/44496MB
2026-05-07 16:22:44,920 - __main__ - ERROR -   Batch 176: CUDA Out of Memory (OOM) during forward pass!
2026-05-07 16:22:44,921 - __main__ - ERROR -   Memory at OOM: 44413/44496MB
2026-05-07 16:22:45,191 - __main__ - ERROR -   Batch 177: CUDA Out of Memory (OOM) during forward pass!
2026-05-07 16:22:45,191 - __main__ - ERROR -   Memory at OOM: 44413/44496MB
2026-05-07 16:22:45,460 - __main__ - ERROR -   Batch 178: CUDA Out of Memory (OOM) during forward pass!
2026-05-07 16:22:45,461 - __main__ - ERROR -   Memory at OOM: 44413/44496MB
2026-05-07 16:22:45,729 - __main__ - ERROR -   Batch 179: CUDA Out of Memory (OOM) during forward pass!
2026-05-07 16:22:45,729 - __main__ - ERROR -   Memory at OOM: 44413/44496MB
2026-05-07 16:22:45,998 - __main__ - ERROR -   Batch 180: CUDA Out of Memory (OOM) during forward pass!
2026-05-07 16:22:45,998 - __main__ - ERROR -   Memory at OOM: 44413/44496MB
2026-05-07 16:22:46,269 - __main__ - ERROR -   Batch 181: CUDA Out of Memory (OOM) during forward pass!
2026-05-07 16:22:46,270 - __main__ - ERROR -   Memory at OOM: 44413/44496MB
2026-05-07 16:22:46,537 - __main__ - ERROR -   Batch 182: CUDA Out of Memory (OOM) during forward pass!
2026-05-07 16:22:46,538 - __main__ - ERROR -   Memory at OOM: 44413/44496MB
2026-05-07 16:22:46,803 - __main__ - ERROR -   Batch 183: CUDA Out of Memory (OOM) during forward pass!
2026-05-07 16:22:46,804 - __main__ - ERROR -   Memory at OOM: 44413/44496MB
2026-05-07 16:22:47,071 - __main__ - ERROR -   Batch 184: CUDA Out of Memory (OOM) during forward pass!
2026-05-07 16:22:47,072 - __main__ - ERROR -   Memory at OOM: 44413/44496MB
2026-05-07 16:22:47,341 - __main__ - ERROR -   Batch 185: CUDA Out of Memory (OOM) during forward pass!
2026-05-07 16:22:47,342 - __main__ - ERROR -   Memory at OOM: 44413/44496MB
2026-05-07 16:22:47,611 - __main__ - ERROR -   Batch 186: CUDA Out of Memory (OOM) during forward pass!
2026-05-07 16:22:47,612 - __main__ - ERROR -   Memory at OOM: 44413/44496MB
2026-05-07 16:22:47,875 - __main__ - ERROR -   Batch 187: CUDA Out of Memory (OOM) during forward pass!
2026-05-07 16:22:47,875 - __main__ - ERROR -   Memory at OOM: 44413/44496MB
2026-05-07 16:22:48,146 - __main__ - ERROR -   Batch 188: CUDA Out of Memory (OOM) during forward pass!
2026-05-07 16:22:48,148 - __main__ - ERROR -   Memory at OOM: 44413/44496MB
2026-05-07 16:22:48,409 - __main__ - ERROR -   Batch 189: CUDA Out of Memory (OOM) during forward pass!
2026-05-07 16:22:48,410 - __main__ - ERROR -   Memory at OOM: 44413/44496MB
2026-05-07 16:22:48,679 - __main__ - ERROR -   Batch 190: CUDA Out of Memory (OOM) during forward pass!
2026-05-07 16:22:48,679 - __main__ - ERROR -   Memory at OOM: 44413/44496MB
2026-05-07 16:22:48,952 - __main__ - ERROR -   Batch 191: CUDA Out of Memory (OOM) during forward pass!
2026-05-07 16:22:48,952 - __main__ - ERROR -   Memory at OOM: 44413/44496MB
2026-05-07 16:22:49,217 - __main__ - ERROR -   Batch 192: CUDA Out of Memory (OOM) during forward pass!
2026-05-07 16:22:49,218 - __main__ - ERROR -   Memory at OOM: 44413/44496MB
2026-05-07 16:22:49,487 - __main__ - ERROR -   Batch 193: CUDA Out of Memory (OOM) during forward pass!
2026-05-07 16:22:49,487 - __main__ - ERROR -   Memory at OOM: 44413/44496MB
2026-05-07 16:22:49,757 - __main__ - ERROR -   Batch 194: CUDA Out of Memory (OOM) during forward pass!
2026-05-07 16:22:49,758 - __main__ - ERROR -   Memory at OOM: 44413/44496MB
2026-05-07 16:22:50,029 - __main__ - ERROR -   Batch 195: CUDA Out of Memory (OOM) during forward pass!
2026-05-07 16:22:50,029 - __main__ - ERROR -   Memory at OOM: 44413/44496MB
2026-05-07 16:22:50,296 - __main__ - ERROR -   Batch 196: CUDA Out of Memory (OOM) during forward pass!
2026-05-07 16:22:50,296 - __main__ - ERROR -   Memory at OOM: 44413/44496MB
2026-05-07 16:22:50,565 - __main__ - ERROR -   Batch 197: CUDA Out of Memory (OOM) during forward pass!
2026-05-07 16:22:50,566 - __main__ - ERROR -   Memory at OOM: 44413/44496MB
2026-05-07 16:22:50,832 - __main__ - ERROR -   Batch 198: CUDA Out of Memory (OOM) during forward pass!
2026-05-07 16:22:50,833 - __main__ - ERROR -   Memory at OOM: 44413/44496MB
2026-05-07 16:22:51,108 - __main__ - ERROR -   Batch 199: CUDA Out of Memory (OOM) during forward pass!
2026-05-07 16:22:51,109 - __main__ - ERROR -   Memory at OOM: 44413/44496MB
2026-05-07 16:22:51,372 - __main__ - ERROR -   Batch 200: CUDA Out of Memory (OOM) during forward pass!
2026-05-07 16:22:51,372 - __main__ - ERROR -   Memory at OOM: 44413/44496MB
2026-05-07 16:22:51,640 - __main__ - ERROR -   Batch 201: CUDA Out of Memory (OOM) during forward pass!
2026-05-07 16:22:51,641 - __main__ - ERROR -   Memory at OOM: 44413/44496MB
2026-05-07 16:22:51,911 - __main__ - ERROR -   Batch 202: CUDA Out of Memory (OOM) during forward pass!
2026-05-07 16:22:51,911 - __main__ - ERROR -   Memory at OOM: 44413/44496MB
2026-05-07 16:22:52,181 - __main__ - ERROR -   Batch 203: CUDA Out of Memory (OOM) during forward pass!
2026-05-07 16:22:52,182 - __main__ - ERROR -   Memory at OOM: 44413/44496MB
2026-05-07 16:22:52,450 - __main__ - ERROR -   Batch 204: CUDA Out of Memory (OOM) during forward pass!
2026-05-07 16:22:52,450 - __main__ - ERROR -   Memory at OOM: 44413/44496MB
2026-05-07 16:22:52,718 - __main__ - ERROR -   Batch 205: CUDA Out of Memory (OOM) during forward pass!
2026-05-07 16:22:52,719 - __main__ - ERROR -   Memory at OOM: 44413/44496MB
2026-05-07 16:22:52,992 - __main__ - ERROR -   Batch 206: CUDA Out of Memory (OOM) during forward pass!
2026-05-07 16:22:52,993 - __main__ - ERROR -   Memory at OOM: 44413/44496MB
2026-05-07 16:22:53,259 - __main__ - ERROR -   Batch 207: CUDA Out of Memory (OOM) during forward pass!
2026-05-07 16:22:53,260 - __main__ - ERROR -   Memory at OOM: 44413/44496MB
2026-05-07 16:22:53,527 - __main__ - ERROR -   Batch 208: CUDA Out of Memory (OOM) during forward pass!
2026-05-07 16:22:53,527 - __main__ - ERROR -   Memory at OOM: 44413/44496MB
2026-05-07 16:22:53,797 - __main__ - ERROR -   Batch 209: CUDA Out of Memory (OOM) during forward pass!
2026-05-07 16:22:53,797 - __main__ - ERROR -   Memory at OOM: 44413/44496MB
2026-05-07 16:22:54,072 - __main__ - ERROR -   Batch 210: CUDA Out of Memory (OOM) during forward pass!
2026-05-07 16:22:54,073 - __main__ - ERROR -   Memory at OOM: 44413/44496MB
2026-05-07 16:22:54,338 - __main__ - ERROR -   Batch 211: CUDA Out of Memory (OOM) during forward pass!
2026-05-07 16:22:54,338 - __main__ - ERROR -   Memory at OOM: 44413/44496MB
2026-05-07 16:22:54,606 - __main__ - ERROR -   Batch 212: CUDA Out of Memory (OOM) during forward pass!
2026-05-07 16:22:54,607 - __main__ - ERROR -   Memory at OOM: 44413/44496MB
2026-05-07 16:22:54,877 - __main__ - ERROR -   Batch 213: CUDA Out of Memory (OOM) during forward pass!
2026-05-07 16:22:54,877 - __main__ - ERROR -   Memory at OOM: 44413/44496MB
2026-05-07 16:22:55,150 - __main__ - ERROR -   Batch 214: CUDA Out of Memory (OOM) during forward pass!
2026-05-07 16:22:55,151 - __main__ - ERROR -   Memory at OOM: 44413/44496MB
2026-05-07 16:22:55,417 - __main__ - ERROR -   Batch 215: CUDA Out of Memory (OOM) during forward pass!
2026-05-07 16:22:55,417 - __main__ - ERROR -   Memory at OOM: 44413/44496MB
2026-05-07 16:22:55,687 - __main__ - ERROR -   Batch 216: CUDA Out of Memory (OOM) during forward pass!
2026-05-07 16:22:55,688 - __main__ - ERROR -   Memory at OOM: 44413/44496MB
2026-05-07 16:22:55,957 - __main__ - ERROR -   Batch 217: CUDA Out of Memory (OOM) during forward pass!
2026-05-07 16:22:55,957 - __main__ - ERROR -   Memory at OOM: 44413/44496MB
2026-05-07 16:22:56,229 - __main__ - ERROR -   Batch 218: CUDA Out of Memory (OOM) during forward pass!
2026-05-07 16:22:56,230 - __main__ - ERROR -   Memory at OOM: 44413/44496MB
2026-05-07 16:22:56,497 - __main__ - ERROR -   Batch 219: CUDA Out of Memory (OOM) during forward pass!
2026-05-07 16:22:56,497 - __main__ - ERROR -   Memory at OOM: 44413/44496MB
2026-05-07 16:22:56,768 - __main__ - ERROR -   Batch 220: CUDA Out of Memory (OOM) during forward pass!
2026-05-07 16:22:56,768 - __main__ - ERROR -   Memory at OOM: 44413/44496MB
2026-05-07 16:22:57,042 - __main__ - ERROR -   Batch 221: CUDA Out of Memory (OOM) during forward pass!
2026-05-07 16:22:57,043 - __main__ - ERROR -   Memory at OOM: 44413/44496MB
2026-05-07 16:22:57,309 - __main__ - ERROR -   Batch 222: CUDA Out of Memory (OOM) during forward pass!
2026-05-07 16:22:57,309 - __main__ - ERROR -   Memory at OOM: 44413/44496MB
2026-05-07 16:22:57,579 - __main__ - ERROR -   Batch 223: CUDA Out of Memory (OOM) during forward pass!
2026-05-07 16:22:57,580 - __main__ - ERROR -   Memory at OOM: 44413/44496MB
2026-05-07 16:22:57,850 - __main__ - ERROR -   Batch 224: CUDA Out of Memory (OOM) during forward pass!
2026-05-07 16:22:57,851 - __main__ - ERROR -   Memory at OOM: 44413/44496MB
2026-05-07 16:22:58,122 - __main__ - ERROR -   Batch 225: CUDA Out of Memory (OOM) during forward pass!
2026-05-07 16:22:58,122 - __main__ - ERROR -   Memory at OOM: 44413/44496MB
2026-05-07 16:22:58,392 - __main__ - ERROR -   Batch 226: CUDA Out of Memory (OOM) during forward pass!
2026-05-07 16:22:58,394 - __main__ - ERROR -   Memory at OOM: 44413/44496MB
2026-05-07 16:22:58,660 - __main__ - ERROR -   Batch 227: CUDA Out of Memory (OOM) during forward pass!
2026-05-07 16:22:58,660 - __main__ - ERROR -   Memory at OOM: 44413/44496MB
2026-05-07 16:22:58,931 - __main__ - ERROR -   Batch 228: CUDA Out of Memory (OOM) during forward pass!
2026-05-07 16:22:58,931 - __main__ - ERROR -   Memory at OOM: 44413/44496MB
2026-05-07 16:22:59,202 - __main__ - ERROR -   Batch 229: CUDA Out of Memory (OOM) during forward pass!
2026-05-07 16:22:59,202 - __main__ - ERROR -   Memory at OOM: 44413/44496MB
2026-05-07 16:22:59,469 - __main__ - ERROR -   Batch 230: CUDA Out of Memory (OOM) during forward pass!
2026-05-07 16:22:59,469 - __main__ - ERROR -   Memory at OOM: 44413/44496MB
2026-05-07 16:22:59,743 - __main__ - ERROR -   Batch 231: CUDA Out of Memory (OOM) during forward pass!
2026-05-07 16:22:59,743 - __main__ - ERROR -   Memory at OOM: 44413/44496MB
2026-05-07 16:23:00,011 - __main__ - ERROR -   Batch 232: CUDA Out of Memory (OOM) during forward pass!
2026-05-07 16:23:00,012 - __main__ - ERROR -   Memory at OOM: 44413/44496MB
2026-05-07 16:23:00,281 - __main__ - ERROR -   Batch 233: CUDA Out of Memory (OOM) during forward pass!
2026-05-07 16:23:00,282 - __main__ - ERROR -   Memory at OOM: 44413/44496MB
2026-05-07 16:23:00,550 - __main__ - ERROR -   Batch 234: CUDA Out of Memory (OOM) during forward pass!
2026-05-07 16:23:00,550 - __main__ - ERROR -   Memory at OOM: 44413/44496MB
2026-05-07 16:23:00,821 - __main__ - ERROR -   Batch 235: CUDA Out of Memory (OOM) during forward pass!
2026-05-07 16:23:00,822 - __main__ - ERROR -   Memory at OOM: 44413/44496MB
2026-05-07 16:23:01,091 - __main__ - ERROR -   Batch 236: CUDA Out of Memory (OOM) during forward pass!
2026-05-07 16:23:01,091 - __main__ - ERROR -   Memory at OOM: 44413/44496MB
2026-05-07 16:23:01,361 - __main__ - ERROR -   Batch 237: CUDA Out of Memory (OOM) during forward pass!
2026-05-07 16:23:01,361 - __main__ - ERROR -   Memory at OOM: 44413/44496MB
2026-05-07 16:23:01,630 - __main__ - ERROR -   Batch 238: CUDA Out of Memory (OOM) during forward pass!
2026-05-07 16:23:01,630 - __main__ - ERROR -   Memory at OOM: 44413/44496MB
2026-05-07 16:23:01,901 - __main__ - ERROR -   Batch 239: CUDA Out of Memory (OOM) during forward pass!
2026-05-07 16:23:01,902 - __main__ - ERROR -   Memory at OOM: 44413/44496MB
2026-05-07 16:23:02,171 - __main__ - ERROR -   Batch 240: CUDA Out of Memory (OOM) during forward pass!
2026-05-07 16:23:02,171 - __main__ - ERROR -   Memory at OOM: 44413/44496MB
2026-05-07 16:23:02,440 - __main__ - ERROR -   Batch 241: CUDA Out of Memory (OOM) during forward pass!
2026-05-07 16:23:02,441 - __main__ - ERROR -   Memory at OOM: 44413/44496MB
2026-05-07 16:23:02,711 - __main__ - ERROR -   Batch 242: CUDA Out of Memory (OOM) during forward pass!
2026-05-07 16:23:02,711 - __main__ - ERROR -   Memory at OOM: 44413/44496MB
2026-05-07 16:23:02,979 - __main__ - ERROR -   Batch 243: CUDA Out of Memory (OOM) during forward pass!
2026-05-07 16:23:02,980 - __main__ - ERROR -   Memory at OOM: 44413/44496MB
2026-05-07 16:23:03,252 - __main__ - ERROR -   Batch 244: CUDA Out of Memory (OOM) during forward pass!
2026-05-07 16:23:03,253 - __main__ - ERROR -   Memory at OOM: 44413/44496MB
2026-05-07 16:23:03,519 - __main__ - ERROR -   Batch 245: CUDA Out of Memory (OOM) during forward pass!
2026-05-07 16:23:03,519 - __main__ - ERROR -   Memory at OOM: 44413/44496MB
2026-05-07 16:23:03,792 - __main__ - ERROR -   Batch 246: CUDA Out of Memory (OOM) during forward pass!
2026-05-07 16:23:03,792 - __main__ - ERROR -   Memory at OOM: 44413/44496MB
2026-05-07 16:23:04,060 - __main__ - ERROR -   Batch 247: CUDA Out of Memory (OOM) during forward pass!
2026-05-07 16:23:04,060 - __main__ - ERROR -   Memory at OOM: 44413/44496MB
2026-05-07 16:23:04,333 - __main__ - ERROR -   Batch 248: CUDA Out of Memory (OOM) during forward pass!
2026-05-07 16:23:04,333 - __main__ - ERROR -   Memory at OOM: 44413/44496MB
2026-05-07 16:23:04,603 - __main__ - ERROR -   Batch 249: CUDA Out of Memory (OOM) during forward pass!
2026-05-07 16:23:04,604 - __main__ - ERROR -   Memory at OOM: 44413/44496MB
2026-05-07 16:23:04,875 - __main__ - ERROR -   Batch 250: CUDA Out of Memory (OOM) during forward pass!
2026-05-07 16:23:04,876 - __main__ - ERROR -   Memory at OOM: 44413/44496MB
2026-05-07 16:23:05,148 - __main__ - ERROR -   Batch 251: CUDA Out of Memory (OOM) during forward pass!
2026-05-07 16:23:05,149 - __main__ - ERROR -   Memory at OOM: 44413/44496MB
2026-05-07 16:23:05,421 - __main__ - ERROR -   Batch 252: CUDA Out of Memory (OOM) during forward pass!
2026-05-07 16:23:05,421 - __main__ - ERROR -   Memory at OOM: 44413/44496MB
2026-05-07 16:23:05,691 - __main__ - ERROR -   Batch 253: CUDA Out of Memory (OOM) during forward pass!
2026-05-07 16:23:05,692 - __main__ - ERROR -   Memory at OOM: 44413/44496MB
2026-05-07 16:23:05,961 - __main__ - ERROR -   Batch 254: CUDA Out of Memory (OOM) during forward pass!
2026-05-07 16:23:05,963 - __main__ - ERROR -   Memory at OOM: 42945/44496MB
2026-05-07 16:23:06,223 - __main__ - ERROR -   Batch 255: CUDA Out of Memory (OOM) during forward pass!
2026-05-07 16:23:06,223 - __main__ - ERROR -   Memory at OOM: 44413/44496MB
2026-05-07 16:23:06,492 - __main__ - ERROR -   Batch 256: CUDA Out of Memory (OOM) during forward pass!
2026-05-07 16:23:06,493 - __main__ - ERROR -   Memory at OOM: 44413/44496MB
2026-05-07 16:23:06,767 - __main__ - ERROR -   Batch 257: CUDA Out of Memory (OOM) during forward pass!
2026-05-07 16:23:06,767 - __main__ - ERROR -   Memory at OOM: 44413/44496MB
2026-05-07 16:23:07,036 - __main__ - ERROR -   Batch 258: CUDA Out of Memory (OOM) during forward pass!
2026-05-07 16:23:07,037 - __main__ - ERROR -   Memory at OOM: 44413/44496MB
2026-05-07 16:23:07,308 - __main__ - ERROR -   Batch 259: CUDA Out of Memory (OOM) during forward pass!
2026-05-07 16:23:07,309 - __main__ - ERROR -   Memory at OOM: 44413/44496MB
2026-05-07 16:23:07,578 - __main__ - ERROR -   Batch 260: CUDA Out of Memory (OOM) during forward pass!
2026-05-07 16:23:07,579 - __main__ - ERROR -   Memory at OOM: 44413/44496MB
2026-05-07 16:23:07,851 - __main__ - ERROR -   Batch 261: CUDA Out of Memory (OOM) during forward pass!
2026-05-07 16:23:07,852 - __main__ - ERROR -   Memory at OOM: 44413/44496MB
2026-05-07 16:23:08,121 - __main__ - ERROR -   Batch 262: CUDA Out of Memory (OOM) during forward pass!
2026-05-07 16:23:08,121 - __main__ - ERROR -   Memory at OOM: 44413/44496MB
2026-05-07 16:23:08,395 - __main__ - ERROR -   Batch 263: CUDA Out of Memory (OOM) during forward pass!
2026-05-07 16:23:08,396 - __main__ - ERROR -   Memory at OOM: 44413/44496MB
2026-05-07 16:23:08,667 - __main__ - ERROR -   Batch 264: CUDA Out of Memory (OOM) during forward pass!
2026-05-07 16:23:08,668 - __main__ - ERROR -   Memory at OOM: 44413/44496MB
2026-05-07 16:23:08,938 - __main__ - ERROR -   Batch 265: CUDA Out of Memory (OOM) during forward pass!
2026-05-07 16:23:08,939 - __main__ - ERROR -   Memory at OOM: 44413/44496MB
2026-05-07 16:23:09,211 - __main__ - ERROR -   Batch 266: CUDA Out of Memory (OOM) during forward pass!
2026-05-07 16:23:09,212 - __main__ - ERROR -   Memory at OOM: 44413/44496MB
2026-05-07 16:23:09,483 - __main__ - ERROR -   Batch 267: CUDA Out of Memory (OOM) during forward pass!
2026-05-07 16:23:09,484 - __main__ - ERROR -   Memory at OOM: 44413/44496MB
2026-05-07 16:23:09,755 - __main__ - ERROR -   Batch 268: CUDA Out of Memory (OOM) during forward pass!
2026-05-07 16:23:09,756 - __main__ - ERROR -   Memory at OOM: 44413/44496MB
2026-05-07 16:23:10,026 - __main__ - ERROR -   Batch 269: CUDA Out of Memory (OOM) during forward pass!
2026-05-07 16:23:10,026 - __main__ - ERROR -   Memory at OOM: 44413/44496MB
2026-05-07 16:23:10,297 - __main__ - ERROR -   Batch 270: CUDA Out of Memory (OOM) during forward pass!
2026-05-07 16:23:10,297 - __main__ - ERROR -   Memory at OOM: 44413/44496MB
2026-05-07 16:23:10,567 - __main__ - ERROR -   Batch 271: CUDA Out of Memory (OOM) during forward pass!
2026-05-07 16:23:10,568 - __main__ - ERROR -   Memory at OOM: 44413/44496MB
2026-05-07 16:23:10,839 - __main__ - ERROR -   Batch 272: CUDA Out of Memory (OOM) during forward pass!
2026-05-07 16:23:10,839 - __main__ - ERROR -   Memory at OOM: 44413/44496MB
2026-05-07 16:23:11,110 - __main__ - ERROR -   Batch 273: CUDA Out of Memory (OOM) during forward pass!
2026-05-07 16:23:11,112 - __main__ - ERROR -   Memory at OOM: 44413/44496MB
2026-05-07 16:23:11,387 - __main__ - ERROR -   Batch 274: CUDA Out of Memory (OOM) during forward pass!
2026-05-07 16:23:11,387 - __main__ - ERROR -   Memory at OOM: 44413/44496MB
2026-05-07 16:23:11,655 - __main__ - ERROR -   Batch 275: CUDA Out of Memory (OOM) during forward pass!
2026-05-07 16:23:11,655 - __main__ - ERROR -   Memory at OOM: 44413/44496MB
2026-05-07 16:23:11,928 - __main__ - ERROR -   Batch 276: CUDA Out of Memory (OOM) during forward pass!
2026-05-07 16:23:11,928 - __main__ - ERROR -   Memory at OOM: 44413/44496MB
2026-05-07 16:23:12,198 - __main__ - ERROR -   Batch 277: CUDA Out of Memory (OOM) during forward pass!
2026-05-07 16:23:12,198 - __main__ - ERROR -   Memory at OOM: 44413/44496MB
2026-05-07 16:23:12,470 - __main__ - ERROR -   Batch 278: CUDA Out of Memory (OOM) during forward pass!
2026-05-07 16:23:12,470 - __main__ - ERROR -   Memory at OOM: 44413/44496MB
2026-05-07 16:23:12,742 - __main__ - ERROR -   Batch 279: CUDA Out of Memory (OOM) during forward pass!
2026-05-07 16:23:12,743 - __main__ - ERROR -   Memory at OOM: 44413/44496MB
2026-05-07 16:23:13,014 - __main__ - ERROR -   Batch 280: CUDA Out of Memory (OOM) during forward pass!
2026-05-07 16:23:13,015 - __main__ - ERROR -   Memory at OOM: 44413/44496MB
2026-05-07 16:23:13,287 - __main__ - ERROR -   Batch 281: CUDA Out of Memory (OOM) during forward pass!
2026-05-07 16:23:13,287 - __main__ - ERROR -   Memory at OOM: 44413/44496MB
2026-05-07 16:23:13,558 - __main__ - ERROR -   Batch 282: CUDA Out of Memory (OOM) during forward pass!
2026-05-07 16:23:13,558 - __main__ - ERROR -   Memory at OOM: 44413/44496MB
2026-05-07 16:23:13,830 - __main__ - ERROR -   Batch 283: CUDA Out of Memory (OOM) during forward pass!
2026-05-07 16:23:13,831 - __main__ - ERROR -   Memory at OOM: 44413/44496MB
2026-05-07 16:23:14,108 - __main__ - ERROR -   Batch 284: CUDA Out of Memory (OOM) during forward pass!
2026-05-07 16:23:14,108 - __main__ - ERROR -   Memory at OOM: 44413/44496MB
2026-05-07 16:23:14,376 - __main__ - ERROR -   Batch 285: CUDA Out of Memory (OOM) during forward pass!
2026-05-07 16:23:14,377 - __main__ - ERROR -   Memory at OOM: 44413/44496MB
2026-05-07 16:23:14,649 - __main__ - ERROR -   Batch 286: CUDA Out of Memory (OOM) during forward pass!
2026-05-07 16:23:14,649 - __main__ - ERROR -   Memory at OOM: 44413/44496MB
2026-05-07 16:23:14,922 - __main__ - ERROR -   Batch 287: CUDA Out of Memory (OOM) during forward pass!
2026-05-07 16:23:14,923 - __main__ - ERROR -   Memory at OOM: 44413/44496MB
2026-05-07 16:23:15,200 - __main__ - ERROR -   Batch 288: CUDA Out of Memory (OOM) during forward pass!
2026-05-07 16:23:15,201 - __main__ - ERROR -   Memory at OOM: 44413/44496MB
2026-05-07 16:23:15,473 - __main__ - ERROR -   Batch 289: CUDA Out of Memory (OOM) during forward pass!
2026-05-07 16:23:15,473 - __main__ - ERROR -   Memory at OOM: 44413/44496MB
2026-05-07 16:23:15,737 - __main__ - ERROR -   Batch 290: CUDA Out of Memory (OOM) during forward pass!
2026-05-07 16:23:15,738 - __main__ - ERROR -   Memory at OOM: 44413/44496MB
2026-05-07 16:23:16,010 - __main__ - ERROR -   Batch 291: CUDA Out of Memory (OOM) during forward pass!
2026-05-07 16:23:16,011 - __main__ - ERROR -   Memory at OOM: 44413/44496MB
2026-05-07 16:23:16,288 - __main__ - ERROR -   Batch 292: CUDA Out of Memory (OOM) during forward pass!
2026-05-07 16:23:16,288 - __main__ - ERROR -   Memory at OOM: 44413/44496MB
2026-05-07 16:23:16,561 - __main__ - ERROR -   Batch 293: CUDA Out of Memory (OOM) during forward pass!
2026-05-07 16:23:16,562 - __main__ - ERROR -   Memory at OOM: 44413/44496MB
2026-05-07 16:23:16,828 - __main__ - ERROR -   Batch 294: CUDA Out of Memory (OOM) during forward pass!
2026-05-07 16:23:16,828 - __main__ - ERROR -   Memory at OOM: 44413/44496MB
2026-05-07 16:23:17,104 - __main__ - ERROR -   Batch 295: CUDA Out of Memory (OOM) during forward pass!
2026-05-07 16:23:17,105 - __main__ - ERROR -   Memory at OOM: 44413/44496MB
2026-05-07 16:23:17,378 - __main__ - ERROR -   Batch 296: CUDA Out of Memory (OOM) during forward pass!
2026-05-07 16:23:17,379 - __main__ - ERROR -   Memory at OOM: 44413/44496MB
2026-05-07 16:23:17,652 - __main__ - ERROR -   Batch 297: CUDA Out of Memory (OOM) during forward pass!
2026-05-07 16:23:17,653 - __main__ - ERROR -   Memory at OOM: 44413/44496MB
2026-05-07 16:23:17,921 - __main__ - ERROR -   Batch 298: CUDA Out of Memory (OOM) during forward pass!
2026-05-07 16:23:17,921 - __main__ - ERROR -   Memory at OOM: 44413/44496MB
2026-05-07 16:23:18,196 - __main__ - ERROR -   Batch 299: CUDA Out of Memory (OOM) during forward pass!
2026-05-07 16:23:18,196 - __main__ - ERROR -   Memory at OOM: 44413/44496MB
2026-05-07 16:23:18,471 - __main__ - ERROR -   Batch 300: CUDA Out of Memory (OOM) during forward pass!
2026-05-07 16:23:18,472 - __main__ - ERROR -   Memory at OOM: 44413/44496MB
2026-05-07 16:23:18,745 - __main__ - ERROR -   Batch 301: CUDA Out of Memory (OOM) during forward pass!
2026-05-07 16:23:18,746 - __main__ - ERROR -   Memory at OOM: 44413/44496MB
2026-05-07 16:23:19,013 - __main__ - ERROR -   Batch 302: CUDA Out of Memory (OOM) during forward pass!
2026-05-07 16:23:19,014 - __main__ - ERROR -   Memory at OOM: 44413/44496MB
2026-05-07 16:23:19,287 - __main__ - ERROR -   Batch 303: CUDA Out of Memory (OOM) during forward pass!
2026-05-07 16:23:19,287 - __main__ - ERROR -   Memory at OOM: 44413/44496MB
2026-05-07 16:23:19,562 - __main__ - ERROR -   Batch 304: CUDA Out of Memory (OOM) during forward pass!
2026-05-07 16:23:19,563 - __main__ - ERROR -   Memory at OOM: 44413/44496MB
2026-05-07 16:23:19,831 - __main__ - ERROR -   Batch 305: CUDA Out of Memory (OOM) during forward pass!
2026-05-07 16:23:19,832 - __main__ - ERROR -   Memory at OOM: 44413/44496MB
2026-05-07 16:23:20,105 - __main__ - ERROR -   Batch 306: CUDA Out of Memory (OOM) during forward pass!
2026-05-07 16:23:20,106 - __main__ - ERROR -   Memory at OOM: 44413/44496MB
2026-05-07 16:23:20,377 - __main__ - ERROR -   Batch 307: CUDA Out of Memory (OOM) during forward pass!
2026-05-07 16:23:20,378 - __main__ - ERROR -   Memory at OOM: 44413/44496MB
2026-05-07 16:23:20,655 - __main__ - ERROR -   Batch 308: CUDA Out of Memory (OOM) during forward pass!
2026-05-07 16:23:20,655 - __main__ - ERROR -   Memory at OOM: 44413/44496MB
2026-05-07 16:23:20,924 - __main__ - ERROR -   Batch 309: CUDA Out of Memory (OOM) during forward pass!
2026-05-07 16:23:20,925 - __main__ - ERROR -   Memory at OOM: 44413/44496MB
2026-05-07 16:23:21,197 - __main__ - ERROR -   Batch 310: CUDA Out of Memory (OOM) during forward pass!
2026-05-07 16:23:21,197 - __main__ - ERROR -   Memory at OOM: 44413/44496MB
2026-05-07 16:23:21,471 - __main__ - ERROR -   Batch 311: CUDA Out of Memory (OOM) during forward pass!
2026-05-07 16:23:21,472 - __main__ - ERROR -   Memory at OOM: 44413/44496MB
2026-05-07 16:23:21,750 - __main__ - ERROR -   Batch 312: CUDA Out of Memory (OOM) during forward pass!
2026-05-07 16:23:21,750 - __main__ - ERROR -   Memory at OOM: 44413/44496MB
2026-05-07 16:23:22,019 - __main__ - ERROR -   Batch 313: CUDA Out of Memory (OOM) during forward pass!
2026-05-07 16:23:22,019 - __main__ - ERROR -   Memory at OOM: 44413/44496MB
2026-05-07 16:23:22,292 - __main__ - ERROR -   Batch 314: CUDA Out of Memory (OOM) during forward pass!
2026-05-07 16:23:22,292 - __main__ - ERROR -   Memory at OOM: 44413/44496MB
2026-05-07 16:23:22,566 - __main__ - ERROR -   Batch 315: CUDA Out of Memory (OOM) during forward pass!
2026-05-07 16:23:22,566 - __main__ - ERROR -   Memory at OOM: 44413/44496MB
2026-05-07 16:23:22,844 - __main__ - ERROR -   Batch 316: CUDA Out of Memory (OOM) during forward pass!
2026-05-07 16:23:22,845 - __main__ - ERROR -   Memory at OOM: 44413/44496MB
2026-05-07 16:23:23,115 - __main__ - ERROR -   Batch 317: CUDA Out of Memory (OOM) during forward pass!
2026-05-07 16:23:23,115 - __main__ - ERROR -   Memory at OOM: 44413/44496MB
2026-05-07 16:23:23,387 - __main__ - ERROR -   Batch 318: CUDA Out of Memory (OOM) during forward pass!
2026-05-07 16:23:23,388 - __main__ - ERROR -   Memory at OOM: 44413/44496MB
2026-05-07 16:23:23,664 - __main__ - ERROR -   Batch 319: CUDA Out of Memory (OOM) during forward pass!
2026-05-07 16:23:23,665 - __main__ - ERROR -   Memory at OOM: 44413/44496MB
2026-05-07 16:23:23,934 - __main__ - ERROR -   Batch 320: CUDA Out of Memory (OOM) during forward pass!
2026-05-07 16:23:23,935 - __main__ - ERROR -   Memory at OOM: 44413/44496MB
2026-05-07 16:23:24,209 - __main__ - ERROR -   Batch 321: CUDA Out of Memory (OOM) during forward pass!
2026-05-07 16:23:24,210 - __main__ - ERROR -   Memory at OOM: 44413/44496MB
2026-05-07 16:23:24,482 - __main__ - ERROR -   Batch 322: CUDA Out of Memory (OOM) during forward pass!
2026-05-07 16:23:24,483 - __main__ - ERROR -   Memory at OOM: 44413/44496MB
2026-05-07 16:23:24,756 - __main__ - ERROR -   Batch 323: CUDA Out of Memory (OOM) during forward pass!
2026-05-07 16:23:24,756 - __main__ - ERROR -   Memory at OOM: 44413/44496MB
2026-05-07 16:23:25,031 - __main__ - ERROR -   Batch 324: CUDA Out of Memory (OOM) during forward pass!
2026-05-07 16:23:25,032 - __main__ - ERROR -   Memory at OOM: 44413/44496MB
2026-05-07 16:23:25,302 - __main__ - ERROR -   Batch 325: CUDA Out of Memory (OOM) during forward pass!
2026-05-07 16:23:25,302 - __main__ - ERROR -   Memory at OOM: 44413/44496MB
2026-05-07 16:23:25,576 - __main__ - ERROR -   Batch 326: CUDA Out of Memory (OOM) during forward pass!
2026-05-07 16:23:25,576 - __main__ - ERROR -   Memory at OOM: 44413/44496MB
2026-05-07 16:23:25,852 - __main__ - ERROR -   Batch 327: CUDA Out of Memory (OOM) during forward pass!
2026-05-07 16:23:25,852 - __main__ - ERROR -   Memory at OOM: 44413/44496MB
2026-05-07 16:23:26,131 - __main__ - ERROR -   Batch 328: CUDA Out of Memory (OOM) during forward pass!
2026-05-07 16:23:26,131 - __main__ - ERROR -   Memory at OOM: 44413/44496MB
2026-05-07 16:23:26,397 - __main__ - ERROR -   Batch 329: CUDA Out of Memory (OOM) during forward pass!
2026-05-07 16:23:26,397 - __main__ - ERROR -   Memory at OOM: 44413/44496MB
2026-05-07 16:23:26,672 - __main__ - ERROR -   Batch 330: CUDA Out of Memory (OOM) during forward pass!
2026-05-07 16:23:26,673 - __main__ - ERROR -   Memory at OOM: 44413/44496MB
2026-05-07 16:23:26,946 - __main__ - ERROR -   Batch 331: CUDA Out of Memory (OOM) during forward pass!
2026-05-07 16:23:26,946 - __main__ - ERROR -   Memory at OOM: 44413/44496MB
2026-05-07 16:23:27,225 - __main__ - ERROR -   Batch 332: CUDA Out of Memory (OOM) during forward pass!
2026-05-07 16:23:27,225 - __main__ - ERROR -   Memory at OOM: 44413/44496MB
2026-05-07 16:23:27,493 - __main__ - ERROR -   Batch 333: CUDA Out of Memory (OOM) during forward pass!
2026-05-07 16:23:27,493 - __main__ - ERROR -   Memory at OOM: 44413/44496MB
2026-05-07 16:23:27,767 - __main__ - ERROR -   Batch 334: CUDA Out of Memory (OOM) during forward pass!
2026-05-07 16:23:27,767 - __main__ - ERROR -   Memory at OOM: 44413/44496MB
2026-05-07 16:23:28,043 - __main__ - ERROR -   Batch 335: CUDA Out of Memory (OOM) during forward pass!
2026-05-07 16:23:28,043 - __main__ - ERROR -   Memory at OOM: 44413/44496MB
2026-05-07 16:23:28,321 - __main__ - ERROR -   Batch 336: CUDA Out of Memory (OOM) during forward pass!
2026-05-07 16:23:28,321 - __main__ - ERROR -   Memory at OOM: 44413/44496MB
2026-05-07 16:23:28,591 - __main__ - ERROR -   Batch 337: CUDA Out of Memory (OOM) during forward pass!
2026-05-07 16:23:28,591 - __main__ - ERROR -   Memory at OOM: 44413/44496MB
2026-05-07 16:23:28,866 - __main__ - ERROR -   Batch 338: CUDA Out of Memory (OOM) during forward pass!
2026-05-07 16:23:28,867 - __main__ - ERROR -   Memory at OOM: 44413/44496MB
2026-05-07 16:23:29,141 - __main__ - ERROR -   Batch 339: CUDA Out of Memory (OOM) during forward pass!
2026-05-07 16:23:29,142 - __main__ - ERROR -   Memory at OOM: 44413/44496MB
2026-05-07 16:23:29,418 - __main__ - ERROR -   Batch 340: CUDA Out of Memory (OOM) during forward pass!
2026-05-07 16:23:29,419 - __main__ - ERROR -   Memory at OOM: 44413/44496MB
2026-05-07 16:23:29,693 - __main__ - ERROR -   Batch 341: CUDA Out of Memory (OOM) during forward pass!
2026-05-07 16:23:29,694 - __main__ - ERROR -   Memory at OOM: 44413/44496MB
2026-05-07 16:23:29,966 - __main__ - ERROR -   Batch 342: CUDA Out of Memory (OOM) during forward pass!
2026-05-07 16:23:29,966 - __main__ - ERROR -   Memory at OOM: 44413/44496MB
2026-05-07 16:23:30,240 - __main__ - ERROR -   Batch 343: CUDA Out of Memory (OOM) during forward pass!
2026-05-07 16:23:30,241 - __main__ - ERROR -   Memory at OOM: 44413/44496MB
2026-05-07 16:23:30,517 - __main__ - ERROR -   Batch 344: CUDA Out of Memory (OOM) during forward pass!
2026-05-07 16:23:30,518 - __main__ - ERROR -   Memory at OOM: 44413/44496MB
2026-05-07 16:23:30,787 - __main__ - ERROR -   Batch 345: CUDA Out of Memory (OOM) during forward pass!
2026-05-07 16:23:30,788 - __main__ - ERROR -   Memory at OOM: 44413/44496MB
2026-05-07 16:23:31,065 - __main__ - ERROR -   Batch 346: CUDA Out of Memory (OOM) during forward pass!
2026-05-07 16:23:31,065 - __main__ - ERROR -   Memory at OOM: 44413/44496MB
2026-05-07 16:23:31,340 - __main__ - ERROR -   Batch 347: CUDA Out of Memory (OOM) during forward pass!
2026-05-07 16:23:31,340 - __main__ - ERROR -   Memory at OOM: 44413/44496MB
2026-05-07 16:23:31,619 - __main__ - ERROR -   Batch 348: CUDA Out of Memory (OOM) during forward pass!
2026-05-07 16:23:31,619 - __main__ - ERROR -   Memory at OOM: 44413/44496MB
2026-05-07 16:23:31,894 - __main__ - ERROR -   Batch 349: CUDA Out of Memory (OOM) during forward pass!
2026-05-07 16:23:31,895 - __main__ - ERROR -   Memory at OOM: 44413/44496MB
2026-05-07 16:23:32,164 - __main__ - ERROR -   Batch 350: CUDA Out of Memory (OOM) during forward pass!
2026-05-07 16:23:32,165 - __main__ - ERROR -   Memory at OOM: 44413/44496MB
2026-05-07 16:23:32,441 - __main__ - ERROR -   Batch 351: CUDA Out of Memory (OOM) during forward pass!
2026-05-07 16:23:32,441 - __main__ - ERROR -   Memory at OOM: 44413/44496MB
2026-05-07 16:23:32,721 - __main__ - ERROR -   Batch 352: CUDA Out of Memory (OOM) during forward pass!
2026-05-07 16:23:32,722 - __main__ - ERROR -   Memory at OOM: 44413/44496MB
2026-05-07 16:23:32,990 - __main__ - ERROR -   Batch 353: CUDA Out of Memory (OOM) during forward pass!
2026-05-07 16:23:32,991 - __main__ - ERROR -   Memory at OOM: 44413/44496MB
2026-05-07 16:23:33,263 - __main__ - ERROR -   Batch 354: CUDA Out of Memory (OOM) during forward pass!
2026-05-07 16:23:33,263 - __main__ - ERROR -   Memory at OOM: 44413/44496MB
2026-05-07 16:23:33,539 - __main__ - ERROR -   Batch 355: CUDA Out of Memory (OOM) during forward pass!
2026-05-07 16:23:33,539 - __main__ - ERROR -   Memory at OOM: 44413/44496MB
2026-05-07 16:23:33,815 - __main__ - ERROR -   Batch 356: CUDA Out of Memory (OOM) during forward pass!
2026-05-07 16:23:33,816 - __main__ - ERROR -   Memory at OOM: 44413/44496MB
2026-05-07 16:23:34,084 - __main__ - ERROR -   Batch 357: CUDA Out of Memory (OOM) during forward pass!
2026-05-07 16:23:34,084 - __main__ - ERROR -   Memory at OOM: 44413/44496MB
2026-05-07 16:23:34,359 - __main__ - ERROR -   Batch 358: CUDA Out of Memory (OOM) during forward pass!
2026-05-07 16:23:34,360 - __main__ - ERROR -   Memory at OOM: 44413/44496MB
2026-05-07 16:23:34,632 - __main__ - ERROR -   Batch 359: CUDA Out of Memory (OOM) during forward pass!
2026-05-07 16:23:34,633 - __main__ - ERROR -   Memory at OOM: 44413/44496MB
2026-05-07 16:23:34,913 - __main__ - ERROR -   Batch 360: CUDA Out of Memory (OOM) during forward pass!
2026-05-07 16:23:34,913 - __main__ - ERROR -   Memory at OOM: 44413/44496MB
2026-05-07 16:23:35,181 - __main__ - ERROR -   Batch 361: CUDA Out of Memory (OOM) during forward pass!
2026-05-07 16:23:35,181 - __main__ - ERROR -   Memory at OOM: 44413/44496MB
2026-05-07 16:23:35,458 - __main__ - ERROR -   Batch 362: CUDA Out of Memory (OOM) during forward pass!
2026-05-07 16:23:35,459 - __main__ - ERROR -   Memory at OOM: 44413/44496MB
2026-05-07 16:23:35,732 - __main__ - ERROR -   Batch 363: CUDA Out of Memory (OOM) during forward pass!
2026-05-07 16:23:35,733 - __main__ - ERROR -   Memory at OOM: 44413/44496MB
2026-05-07 16:23:36,010 - __main__ - ERROR -   Batch 364: CUDA Out of Memory (OOM) during forward pass!
2026-05-07 16:23:36,010 - __main__ - ERROR -   Memory at OOM: 44413/44496MB
2026-05-07 16:23:36,281 - __main__ - ERROR -   Batch 365: CUDA Out of Memory (OOM) during forward pass!
2026-05-07 16:23:36,282 - __main__ - ERROR -   Memory at OOM: 44413/44496MB
2026-05-07 16:23:36,556 - __main__ - ERROR -   Batch 366: CUDA Out of Memory (OOM) during forward pass!
2026-05-07 16:23:36,556 - __main__ - ERROR -   Memory at OOM: 44413/44496MB
2026-05-07 16:23:36,832 - __main__ - ERROR -   Batch 367: CUDA Out of Memory (OOM) during forward pass!
2026-05-07 16:23:36,832 - __main__ - ERROR -   Memory at OOM: 44413/44496MB
2026-05-07 16:23:37,108 - __main__ - ERROR -   Batch 368: CUDA Out of Memory (OOM) during forward pass!
2026-05-07 16:23:37,110 - __main__ - ERROR -   Memory at OOM: 44413/44496MB
2026-05-07 16:23:37,381 - __main__ - ERROR -   Batch 369: CUDA Out of Memory (OOM) during forward pass!
2026-05-07 16:23:37,381 - __main__ - ERROR -   Memory at OOM: 44413/44496MB
2026-05-07 16:23:37,657 - __main__ - ERROR -   Batch 370: CUDA Out of Memory (OOM) during forward pass!
2026-05-07 16:23:37,657 - __main__ - ERROR -   Memory at OOM: 44413/44496MB
2026-05-07 16:23:37,931 - __main__ - ERROR -   Batch 371: CUDA Out of Memory (OOM) during forward pass!
2026-05-07 16:23:37,932 - __main__ - ERROR -   Memory at OOM: 44413/44496MB
2026-05-07 16:23:38,210 - __main__ - ERROR -   Batch 372: CUDA Out of Memory (OOM) during forward pass!
2026-05-07 16:23:38,211 - __main__ - ERROR -   Memory at OOM: 44413/44496MB
2026-05-07 16:23:38,483 - __main__ - ERROR -   Batch 373: CUDA Out of Memory (OOM) during forward pass!
2026-05-07 16:23:38,483 - __main__ - ERROR -   Memory at OOM: 44413/44496MB
2026-05-07 16:23:38,758 - __main__ - ERROR -   Batch 374: CUDA Out of Memory (OOM) during forward pass!
2026-05-07 16:23:38,759 - __main__ - ERROR -   Memory at OOM: 44413/44496MB
2026-05-07 16:23:39,033 - __main__ - ERROR -   Batch 375: CUDA Out of Memory (OOM) during forward pass!
2026-05-07 16:23:39,033 - __main__ - ERROR -   Memory at OOM: 44413/44496MB
2026-05-07 16:23:39,313 - __main__ - ERROR -   Batch 376: CUDA Out of Memory (OOM) during forward pass!
2026-05-07 16:23:39,314 - __main__ - ERROR -   Memory at OOM: 44413/44496MB
2026-05-07 16:23:39,583 - __main__ - ERROR -   Batch 377: CUDA Out of Memory (OOM) during forward pass!
2026-05-07 16:23:39,585 - __main__ - ERROR -   Memory at OOM: 44413/44496MB
2026-05-07 16:23:39,860 - __main__ - ERROR -   Batch 378: CUDA Out of Memory (OOM) during forward pass!
2026-05-07 16:23:39,860 - __main__ - ERROR -   Memory at OOM: 44413/44496MB
2026-05-07 16:23:40,134 - __main__ - ERROR -   Batch 379: CUDA Out of Memory (OOM) during forward pass!
2026-05-07 16:23:40,134 - __main__ - ERROR -   Memory at OOM: 44413/44496MB
2026-05-07 16:23:40,413 - __main__ - ERROR -   Batch 380: CUDA Out of Memory (OOM) during forward pass!
2026-05-07 16:23:40,414 - __main__ - ERROR -   Memory at OOM: 44413/44496MB
2026-05-07 16:23:40,684 - __main__ - ERROR -   Batch 381: CUDA Out of Memory (OOM) during forward pass!
2026-05-07 16:23:40,684 - __main__ - ERROR -   Memory at OOM: 44413/44496MB
2026-05-07 16:23:40,962 - __main__ - ERROR -   Batch 382: CUDA Out of Memory (OOM) during forward pass!
2026-05-07 16:23:40,962 - __main__ - ERROR -   Memory at OOM: 44413/44496MB
2026-05-07 16:23:41,239 - __main__ - ERROR -   Batch 383: CUDA Out of Memory (OOM) during forward pass!
2026-05-07 16:23:41,239 - __main__ - ERROR -   Memory at OOM: 44413/44496MB
2026-05-07 16:23:41,512 - __main__ - ERROR -   Batch 384: CUDA Out of Memory (OOM) during forward pass!
2026-05-07 16:23:41,513 - __main__ - ERROR -   Memory at OOM: 44413/44496MB
2026-05-07 16:23:41,784 - __main__ - ERROR -   Batch 385: CUDA Out of Memory (OOM) during forward pass!
2026-05-07 16:23:41,784 - __main__ - ERROR -   Memory at OOM: 44413/44496MB
2026-05-07 16:23:42,060 - __main__ - ERROR -   Batch 386: CUDA Out of Memory (OOM) during forward pass!
2026-05-07 16:23:42,061 - __main__ - ERROR -   Memory at OOM: 44413/44496MB
2026-05-07 16:23:42,336 - __main__ - ERROR -   Batch 387: CUDA Out of Memory (OOM) during forward pass!
2026-05-07 16:23:42,338 - __main__ - ERROR -   Memory at OOM: 44413/44496MB
2026-05-07 16:23:42,614 - __main__ - ERROR -   Batch 388: CUDA Out of Memory (OOM) during forward pass!
2026-05-07 16:23:42,615 - __main__ - ERROR -   Memory at OOM: 44413/44496MB
2026-05-07 16:23:42,888 - __main__ - ERROR -   Batch 389: CUDA Out of Memory (OOM) during forward pass!
2026-05-07 16:23:42,889 - __main__ - ERROR -   Memory at OOM: 44413/44496MB
2026-05-07 16:23:43,163 - __main__ - ERROR -   Batch 390: CUDA Out of Memory (OOM) during forward pass!
2026-05-07 16:23:43,163 - __main__ - ERROR -   Memory at OOM: 44413/44496MB
2026-05-07 16:23:43,437 - __main__ - ERROR -   Batch 391: CUDA Out of Memory (OOM) during forward pass!
2026-05-07 16:23:43,438 - __main__ - ERROR -   Memory at OOM: 44413/44496MB
2026-05-07 16:23:43,717 - __main__ - ERROR -   Batch 392: CUDA Out of Memory (OOM) during forward pass!
2026-05-07 16:23:43,718 - __main__ - ERROR -   Memory at OOM: 44413/44496MB
2026-05-07 16:23:43,991 - __main__ - ERROR -   Batch 393: CUDA Out of Memory (OOM) during forward pass!
2026-05-07 16:23:43,991 - __main__ - ERROR -   Memory at OOM: 44413/44496MB
2026-05-07 16:23:44,265 - __main__ - ERROR -   Batch 394: CUDA Out of Memory (OOM) during forward pass!
2026-05-07 16:23:44,265 - __main__ - ERROR -   Memory at OOM: 44413/44496MB
2026-05-07 16:23:44,541 - __main__ - ERROR -   Batch 395: CUDA Out of Memory (OOM) during forward pass!
2026-05-07 16:23:44,541 - __main__ - ERROR -   Memory at OOM: 44413/44496MB
2026-05-07 16:23:44,821 - __main__ - ERROR -   Batch 396: CUDA Out of Memory (OOM) during forward pass!
2026-05-07 16:23:44,822 - __main__ - ERROR -   Memory at OOM: 44413/44496MB
2026-05-07 16:23:45,093 - __main__ - ERROR -   Batch 397: CUDA Out of Memory (OOM) during forward pass!
2026-05-07 16:23:45,094 - __main__ - ERROR -   Memory at OOM: 44413/44496MB
2026-05-07 16:23:45,370 - __main__ - ERROR -   Batch 398: CUDA Out of Memory (OOM) during forward pass!
2026-05-07 16:23:45,370 - __main__ - ERROR -   Memory at OOM: 44413/44496MB
2026-05-07 16:23:45,642 - __main__ - ERROR -   Batch 399: CUDA Out of Memory (OOM) during forward pass!
2026-05-07 16:23:45,643 - __main__ - ERROR -   Memory at OOM: 44413/44496MB
2026-05-07 16:23:45,925 - __main__ - ERROR -   Batch 400: CUDA Out of Memory (OOM) during forward pass!
2026-05-07 16:23:45,926 - __main__ - ERROR -   Memory at OOM: 44413/44496MB
2026-05-07 16:23:46,197 - __main__ - ERROR -   Batch 401: CUDA Out of Memory (OOM) during forward pass!
2026-05-07 16:23:46,197 - __main__ - ERROR -   Memory at OOM: 44413/44496MB
2026-05-07 16:23:46,470 - __main__ - ERROR -   Batch 402: CUDA Out of Memory (OOM) during forward pass!
2026-05-07 16:23:46,470 - __main__ - ERROR -   Memory at OOM: 44413/44496MB
2026-05-07 16:23:46,746 - __main__ - ERROR -   Batch 403: CUDA Out of Memory (OOM) during forward pass!
2026-05-07 16:23:46,747 - __main__ - ERROR -   Memory at OOM: 44413/44496MB
2026-05-07 16:23:47,029 - __main__ - ERROR -   Batch 404: CUDA Out of Memory (OOM) during forward pass!
2026-05-07 16:23:47,030 - __main__ - ERROR -   Memory at OOM: 44413/44496MB
2026-05-07 16:23:47,301 - __main__ - ERROR -   Batch 405: CUDA Out of Memory (OOM) during forward pass!
2026-05-07 16:23:47,302 - __main__ - ERROR -   Memory at OOM: 44413/44496MB
2026-05-07 16:23:47,576 - __main__ - ERROR -   Batch 406: CUDA Out of Memory (OOM) during forward pass!
2026-05-07 16:23:47,576 - __main__ - ERROR -   Memory at OOM: 44413/44496MB
2026-05-07 16:23:47,850 - __main__ - ERROR -   Batch 407: CUDA Out of Memory (OOM) during forward pass!
2026-05-07 16:23:47,850 - __main__ - ERROR -   Memory at OOM: 44413/44496MB
2026-05-07 16:23:48,132 - __main__ - ERROR -   Batch 408: CUDA Out of Memory (OOM) during forward pass!
2026-05-07 16:23:48,132 - __main__ - ERROR -   Memory at OOM: 44413/44496MB
2026-05-07 16:23:48,404 - __main__ - ERROR -   Batch 409: CUDA Out of Memory (OOM) during forward pass!
2026-05-07 16:23:48,405 - __main__ - ERROR -   Memory at OOM: 44413/44496MB
2026-05-07 16:23:48,680 - __main__ - ERROR -   Batch 410: CUDA Out of Memory (OOM) during forward pass!
2026-05-07 16:23:48,680 - __main__ - ERROR -   Memory at OOM: 44413/44496MB
2026-05-07 16:23:48,959 - __main__ - ERROR -   Batch 411: CUDA Out of Memory (OOM) during forward pass!
2026-05-07 16:23:48,959 - __main__ - ERROR -   Memory at OOM: 44413/44496MB
2026-05-07 16:23:49,240 - __main__ - ERROR -   Batch 412: CUDA Out of Memory (OOM) during forward pass!
2026-05-07 16:23:49,240 - __main__ - ERROR -   Memory at OOM: 44413/44496MB
2026-05-07 16:23:49,507 - __main__ - ERROR -   Batch 413: CUDA Out of Memory (OOM) during forward pass!
2026-05-07 16:23:49,507 - __main__ - ERROR -   Memory at OOM: 44413/44496MB
2026-05-07 16:23:49,783 - __main__ - ERROR -   Batch 414: CUDA Out of Memory (OOM) during forward pass!
2026-05-07 16:23:49,784 - __main__ - ERROR -   Memory at OOM: 44413/44496MB
2026-05-07 16:23:50,060 - __main__ - ERROR -   Batch 415: CUDA Out of Memory (OOM) during forward pass!
2026-05-07 16:23:50,062 - __main__ - ERROR -   Memory at OOM: 44413/44496MB
2026-05-07 16:23:50,340 - __main__ - ERROR -   Batch 416: CUDA Out of Memory (OOM) during forward pass!
2026-05-07 16:23:50,341 - __main__ - ERROR -   Memory at OOM: 44413/44496MB
2026-05-07 16:23:50,610 - __main__ - ERROR -   Batch 417: CUDA Out of Memory (OOM) during forward pass!
2026-05-07 16:23:50,611 - __main__ - ERROR -   Memory at OOM: 44413/44496MB
2026-05-07 16:23:50,886 - __main__ - ERROR -   Batch 418: CUDA Out of Memory (OOM) during forward pass!
2026-05-07 16:23:50,886 - __main__ - ERROR -   Memory at OOM: 44413/44496MB
2026-05-07 16:23:51,162 - __main__ - ERROR -   Batch 419: CUDA Out of Memory (OOM) during forward pass!
2026-05-07 16:23:51,162 - __main__ - ERROR -   Memory at OOM: 44413/44496MB
2026-05-07 16:23:51,444 - __main__ - ERROR -   Batch 420: CUDA Out of Memory (OOM) during forward pass!
2026-05-07 16:23:51,445 - __main__ - ERROR -   Memory at OOM: 44413/44496MB
2026-05-07 16:23:51,714 - __main__ - ERROR -   Batch 421: CUDA Out of Memory (OOM) during forward pass!
2026-05-07 16:23:51,715 - __main__ - ERROR -   Memory at OOM: 44413/44496MB
2026-05-07 16:23:51,991 - __main__ - ERROR -   Batch 422: CUDA Out of Memory (OOM) during forward pass!
2026-05-07 16:23:51,992 - __main__ - ERROR -   Memory at OOM: 44413/44496MB
2026-05-07 16:23:52,268 - __main__ - ERROR -   Batch 423: CUDA Out of Memory (OOM) during forward pass!
2026-05-07 16:23:52,269 - __main__ - ERROR -   Memory at OOM: 44413/44496MB
2026-05-07 16:23:52,548 - __main__ - ERROR -   Batch 424: CUDA Out of Memory (OOM) during forward pass!
2026-05-07 16:23:52,549 - __main__ - ERROR -   Memory at OOM: 44413/44496MB
2026-05-07 16:23:52,819 - __main__ - ERROR -   Batch 425: CUDA Out of Memory (OOM) during forward pass!
2026-05-07 16:23:52,820 - __main__ - ERROR -   Memory at OOM: 44413/44496MB
2026-05-07 16:23:53,098 - __main__ - ERROR -   Batch 426: CUDA Out of Memory (OOM) during forward pass!
2026-05-07 16:23:53,098 - __main__ - ERROR -   Memory at OOM: 44413/44496MB
2026-05-07 16:23:53,378 - __main__ - ERROR -   Batch 427: CUDA Out of Memory (OOM) during forward pass!
2026-05-07 16:23:53,378 - __main__ - ERROR -   Memory at OOM: 44413/44496MB
2026-05-07 16:23:53,658 - __main__ - ERROR -   Batch 428: CUDA Out of Memory (OOM) during forward pass!
2026-05-07 16:23:53,659 - __main__ - ERROR -   Memory at OOM: 44413/44496MB
2026-05-07 16:23:53,932 - __main__ - ERROR -   Batch 429: CUDA Out of Memory (OOM) during forward pass!
2026-05-07 16:23:53,932 - __main__ - ERROR -   Memory at OOM: 44413/44496MB
2026-05-07 16:23:54,208 - __main__ - ERROR -   Batch 430: CUDA Out of Memory (OOM) during forward pass!
2026-05-07 16:23:54,209 - __main__ - ERROR -   Memory at OOM: 44413/44496MB
2026-05-07 16:23:54,485 - __main__ - ERROR -   Batch 431: CUDA Out of Memory (OOM) during forward pass!
2026-05-07 16:23:54,485 - __main__ - ERROR -   Memory at OOM: 44413/44496MB
2026-05-07 16:23:54,762 - __main__ - ERROR -   Batch 432: CUDA Out of Memory (OOM) during forward pass!
2026-05-07 16:23:54,762 - __main__ - ERROR -   Memory at OOM: 44413/44496MB
2026-05-07 16:23:55,036 - __main__ - ERROR -   Batch 433: CUDA Out of Memory (OOM) during forward pass!
2026-05-07 16:23:55,036 - __main__ - ERROR -   Memory at OOM: 44413/44496MB
2026-05-07 16:23:55,311 - __main__ - ERROR -   Batch 434: CUDA Out of Memory (OOM) during forward pass!
2026-05-07 16:23:55,312 - __main__ - ERROR -   Memory at OOM: 44413/44496MB
2026-05-07 16:23:55,589 - __main__ - ERROR -   Batch 435: CUDA Out of Memory (OOM) during forward pass!
2026-05-07 16:23:55,590 - __main__ - ERROR -   Memory at OOM: 44413/44496MB
2026-05-07 16:23:55,868 - __main__ - ERROR -   Batch 436: CUDA Out of Memory (OOM) during forward pass!
2026-05-07 16:23:55,869 - __main__ - ERROR -   Memory at OOM: 44413/44496MB
2026-05-07 16:23:56,139 - __main__ - ERROR -   Batch 437: CUDA Out of Memory (OOM) during forward pass!
2026-05-07 16:23:56,140 - __main__ - ERROR -   Memory at OOM: 44413/44496MB
2026-05-07 16:23:56,418 - __main__ - ERROR -   Batch 438: CUDA Out of Memory (OOM) during forward pass!
2026-05-07 16:23:56,419 - __main__ - ERROR -   Memory at OOM: 44413/44496MB
2026-05-07 16:23:56,696 - __main__ - ERROR -   Batch 439: CUDA Out of Memory (OOM) during forward pass!
2026-05-07 16:23:56,696 - __main__ - ERROR -   Memory at OOM: 44413/44496MB
2026-05-07 16:23:56,977 - __main__ - ERROR -   Batch 440: CUDA Out of Memory (OOM) during forward pass!
2026-05-07 16:23:56,978 - __main__ - ERROR -   Memory at OOM: 44413/44496MB
2026-05-07 16:23:57,250 - __main__ - ERROR -   Batch 441: CUDA Out of Memory (OOM) during forward pass!
2026-05-07 16:23:57,251 - __main__ - ERROR -   Memory at OOM: 44413/44496MB
2026-05-07 16:23:57,528 - __main__ - ERROR -   Batch 442: CUDA Out of Memory (OOM) during forward pass!
2026-05-07 16:23:57,528 - __main__ - ERROR -   Memory at OOM: 44413/44496MB
2026-05-07 16:23:57,806 - __main__ - ERROR -   Batch 443: CUDA Out of Memory (OOM) during forward pass!
2026-05-07 16:23:57,807 - __main__ - ERROR -   Memory at OOM: 44413/44496MB
2026-05-07 16:23:58,083 - __main__ - ERROR -   Batch 444: CUDA Out of Memory (OOM) during forward pass!
2026-05-07 16:23:58,084 - __main__ - ERROR -   Memory at OOM: 44413/44496MB
2026-05-07 16:23:58,357 - __main__ - ERROR -   Batch 445: CUDA Out of Memory (OOM) during forward pass!
2026-05-07 16:23:58,357 - __main__ - ERROR -   Memory at OOM: 44413/44496MB
2026-05-07 16:23:58,635 - __main__ - ERROR -   Batch 446: CUDA Out of Memory (OOM) during forward pass!
2026-05-07 16:23:58,635 - __main__ - ERROR -   Memory at OOM: 44413/44496MB
2026-05-07 16:23:58,912 - __main__ - ERROR -   Batch 447: CUDA Out of Memory (OOM) during forward pass!
2026-05-07 16:23:58,912 - __main__ - ERROR -   Memory at OOM: 44413/44496MB
2026-05-07 16:23:59,190 - __main__ - ERROR -   Batch 448: CUDA Out of Memory (OOM) during forward pass!
2026-05-07 16:23:59,191 - __main__ - ERROR -   Memory at OOM: 44413/44496MB
2026-05-07 16:23:59,463 - __main__ - ERROR -   Batch 449: CUDA Out of Memory (OOM) during forward pass!
2026-05-07 16:23:59,463 - __main__ - ERROR -   Memory at OOM: 44413/44496MB
2026-05-07 16:23:59,738 - __main__ - ERROR -   Batch 450: CUDA Out of Memory (OOM) during forward pass!
2026-05-07 16:23:59,738 - __main__ - ERROR -   Memory at OOM: 44413/44496MB
2026-05-07 16:24:00,016 - __main__ - ERROR -   Batch 451: CUDA Out of Memory (OOM) during forward pass!
2026-05-07 16:24:00,017 - __main__ - ERROR -   Memory at OOM: 44413/44496MB
2026-05-07 16:24:00,297 - __main__ - ERROR -   Batch 452: CUDA Out of Memory (OOM) during forward pass!
2026-05-07 16:24:00,298 - __main__ - ERROR -   Memory at OOM: 44413/44496MB
2026-05-07 16:24:00,570 - __main__ - ERROR -   Batch 453: CUDA Out of Memory (OOM) during forward pass!
2026-05-07 16:24:00,572 - __main__ - ERROR -   Memory at OOM: 44413/44496MB
2026-05-07 16:24:00,846 - __main__ - ERROR -   Batch 454: CUDA Out of Memory (OOM) during forward pass!
2026-05-07 16:24:00,846 - __main__ - ERROR -   Memory at OOM: 44413/44496MB
2026-05-07 16:24:01,124 - __main__ - ERROR -   Batch 455: CUDA Out of Memory (OOM) during forward pass!
2026-05-07 16:24:01,124 - __main__ - ERROR -   Memory at OOM: 44413/44496MB
2026-05-07 16:24:01,406 - __main__ - ERROR -   Batch 456: CUDA Out of Memory (OOM) during forward pass!
2026-05-07 16:24:01,407 - __main__ - ERROR -   Memory at OOM: 44413/44496MB
2026-05-07 16:24:01,677 - __main__ - ERROR -   Batch 457: CUDA Out of Memory (OOM) during forward pass!
2026-05-07 16:24:01,677 - __main__ - ERROR -   Memory at OOM: 44413/44496MB
2026-05-07 16:24:01,955 - __main__ - ERROR -   Batch 458: CUDA Out of Memory (OOM) during forward pass!
2026-05-07 16:24:01,955 - __main__ - ERROR -   Memory at OOM: 44413/44496MB
2026-05-07 16:24:02,231 - __main__ - ERROR -   Batch 459: CUDA Out of Memory (OOM) during forward pass!
2026-05-07 16:24:02,232 - __main__ - ERROR -   Memory at OOM: 44413/44496MB
2026-05-07 16:24:02,511 - __main__ - ERROR -   Batch 460: CUDA Out of Memory (OOM) during forward pass!
2026-05-07 16:24:02,512 - __main__ - ERROR -   Memory at OOM: 44413/44496MB
2026-05-07 16:24:02,785 - __main__ - ERROR -   Batch 461: CUDA Out of Memory (OOM) during forward pass!
2026-05-07 16:24:02,786 - __main__ - ERROR -   Memory at OOM: 44413/44496MB
2026-05-07 16:24:03,064 - __main__ - ERROR -   Batch 462: CUDA Out of Memory (OOM) during forward pass!
2026-05-07 16:24:03,065 - __main__ - ERROR -   Memory at OOM: 44413/44496MB
2026-05-07 16:24:03,340 - __main__ - ERROR -   Batch 463: CUDA Out of Memory (OOM) during forward pass!
2026-05-07 16:24:03,341 - __main__ - ERROR -   Memory at OOM: 44413/44496MB
2026-05-07 16:24:03,623 - __main__ - ERROR -   Batch 464: CUDA Out of Memory (OOM) during forward pass!
2026-05-07 16:24:03,623 - __main__ - ERROR -   Memory at OOM: 44413/44496MB
2026-05-07 16:24:03,897 - __main__ - ERROR -   Batch 465: CUDA Out of Memory (OOM) during forward pass!
2026-05-07 16:24:03,897 - __main__ - ERROR -   Memory at OOM: 44413/44496MB
2026-05-07 16:24:04,177 - __main__ - ERROR -   Batch 466: CUDA Out of Memory (OOM) during forward pass!
2026-05-07 16:24:04,178 - __main__ - ERROR -   Memory at OOM: 44413/44496MB
2026-05-07 16:24:04,452 - __main__ - ERROR -   Batch 467: CUDA Out of Memory (OOM) during forward pass!
2026-05-07 16:24:04,452 - __main__ - ERROR -   Memory at OOM: 44413/44496MB
2026-05-07 16:24:04,726 - __main__ - ERROR -   Batch 468: CUDA Out of Memory (OOM) during forward pass!
2026-05-07 16:24:04,727 - __main__ - ERROR -   Memory at OOM: 44413/44496MB
2026-05-07 16:24:05,004 - __main__ - ERROR -   Batch 469: CUDA Out of Memory (OOM) during forward pass!
2026-05-07 16:24:05,004 - __main__ - ERROR -   Memory at OOM: 44413/44496MB
2026-05-07 16:24:05,281 - __main__ - ERROR -   Batch 470: CUDA Out of Memory (OOM) during forward pass!
2026-05-07 16:24:05,281 - __main__ - ERROR -   Memory at OOM: 44413/44496MB
2026-05-07 16:24:05,555 - __main__ - ERROR -   Batch 471: CUDA Out of Memory (OOM) during forward pass!
2026-05-07 16:24:05,555 - __main__ - ERROR -   Memory at OOM: 44413/44496MB
2026-05-07 16:24:05,838 - __main__ - ERROR -   Batch 472: CUDA Out of Memory (OOM) during forward pass!
2026-05-07 16:24:05,839 - __main__ - ERROR -   Memory at OOM: 44413/44496MB
2026-05-07 16:24:06,116 - __main__ - ERROR -   Batch 473: CUDA Out of Memory (OOM) during forward pass!
2026-05-07 16:24:06,116 - __main__ - ERROR -   Memory at OOM: 44413/44496MB
2026-05-07 16:24:06,395 - __main__ - ERROR -   Batch 474: CUDA Out of Memory (OOM) during forward pass!
2026-05-07 16:24:06,395 - __main__ - ERROR -   Memory at OOM: 44413/44496MB
2026-05-07 16:24:06,670 - __main__ - ERROR -   Batch 475: CUDA Out of Memory (OOM) during forward pass!
2026-05-07 16:24:06,670 - __main__ - ERROR -   Memory at OOM: 44413/44496MB
2026-05-07 16:24:06,950 - __main__ - ERROR -   Batch 476: CUDA Out of Memory (OOM) during forward pass!
2026-05-07 16:24:06,950 - __main__ - ERROR -   Memory at OOM: 44413/44496MB
2026-05-07 16:24:07,224 - __main__ - ERROR -   Batch 477: CUDA Out of Memory (OOM) during forward pass!
2026-05-07 16:24:07,225 - __main__ - ERROR -   Memory at OOM: 44413/44496MB
2026-05-07 16:24:07,500 - __main__ - ERROR -   Batch 478: CUDA Out of Memory (OOM) during forward pass!
2026-05-07 16:24:07,500 - __main__ - ERROR -   Memory at OOM: 44413/44496MB
2026-05-07 16:24:07,776 - __main__ - ERROR -   Batch 479: CUDA Out of Memory (OOM) during forward pass!
2026-05-07 16:24:07,776 - __main__ - ERROR -   Memory at OOM: 44413/44496MB
2026-05-07 16:24:08,059 - __main__ - ERROR -   Batch 480: CUDA Out of Memory (OOM) during forward pass!
2026-05-07 16:24:08,060 - __main__ - ERROR -   Memory at OOM: 44413/44496MB
2026-05-07 16:24:08,333 - __main__ - ERROR -   Batch 481: CUDA Out of Memory (OOM) during forward pass!
2026-05-07 16:24:08,334 - __main__ - ERROR -   Memory at OOM: 44413/44496MB
2026-05-07 16:24:08,611 - __main__ - ERROR -   Batch 482: CUDA Out of Memory (OOM) during forward pass!
2026-05-07 16:24:08,612 - __main__ - ERROR -   Memory at OOM: 44413/44496MB
2026-05-07 16:24:08,887 - __main__ - ERROR -   Batch 483: CUDA Out of Memory (OOM) during forward pass!
2026-05-07 16:24:08,888 - __main__ - ERROR -   Memory at OOM: 44413/44496MB
2026-05-07 16:24:09,169 - __main__ - ERROR -   Batch 484: CUDA Out of Memory (OOM) during forward pass!
2026-05-07 16:24:09,169 - __main__ - ERROR -   Memory at OOM: 44413/44496MB
2026-05-07 16:24:09,444 - __main__ - ERROR -   Batch 485: CUDA Out of Memory (OOM) during forward pass!
2026-05-07 16:24:09,444 - __main__ - ERROR -   Memory at OOM: 44413/44496MB
2026-05-07 16:24:09,719 - __main__ - ERROR -   Batch 486: CUDA Out of Memory (OOM) during forward pass!
2026-05-07 16:24:09,719 - __main__ - ERROR -   Memory at OOM: 44413/44496MB
2026-05-07 16:24:09,998 - __main__ - ERROR -   Batch 487: CUDA Out of Memory (OOM) during forward pass!
2026-05-07 16:24:09,999 - __main__ - ERROR -   Memory at OOM: 44413/44496MB
2026-05-07 16:24:10,277 - __main__ - ERROR -   Batch 488: CUDA Out of Memory (OOM) during forward pass!
2026-05-07 16:24:10,278 - __main__ - ERROR -   Memory at OOM: 44413/44496MB
2026-05-07 16:24:10,557 - __main__ - ERROR -   Batch 489: CUDA Out of Memory (OOM) during forward pass!
2026-05-07 16:24:10,558 - __main__ - ERROR -   Memory at OOM: 44413/44496MB
2026-05-07 16:24:10,829 - __main__ - ERROR -   Batch 490: CUDA Out of Memory (OOM) during forward pass!
2026-05-07 16:24:10,830 - __main__ - ERROR -   Memory at OOM: 44413/44496MB
2026-05-07 16:24:11,105 - __main__ - ERROR -   Batch 491: CUDA Out of Memory (OOM) during forward pass!
2026-05-07 16:24:11,107 - __main__ - ERROR -   Memory at OOM: 44413/44496MB
2026-05-07 16:24:11,387 - __main__ - ERROR -   Batch 492: CUDA Out of Memory (OOM) during forward pass!
2026-05-07 16:24:11,387 - __main__ - ERROR -   Memory at OOM: 44413/44496MB
2026-05-07 16:24:11,665 - __main__ - ERROR -   Batch 493: CUDA Out of Memory (OOM) during forward pass!
2026-05-07 16:24:11,666 - __main__ - ERROR -   Memory at OOM: 44413/44496MB
2026-05-07 16:24:11,934 - __main__ - ERROR -   Batch 494: CUDA Out of Memory (OOM) during forward pass!
2026-05-07 16:24:11,935 - __main__ - ERROR -   Memory at OOM: 44413/44496MB
2026-05-07 16:24:12,212 - __main__ - ERROR -   Batch 495: CUDA Out of Memory (OOM) during forward pass!
2026-05-07 16:24:12,213 - __main__ - ERROR -   Memory at OOM: 44413/44496MB
2026-05-07 16:24:12,497 - __main__ - ERROR -   Batch 496: CUDA Out of Memory (OOM) during forward pass!
2026-05-07 16:24:12,498 - __main__ - ERROR -   Memory at OOM: 44413/44496MB
2026-05-07 16:24:12,774 - __main__ - ERROR -   Batch 497: CUDA Out of Memory (OOM) during forward pass!
2026-05-07 16:24:12,775 - __main__ - ERROR -   Memory at OOM: 44413/44496MB
2026-05-07 16:24:13,044 - __main__ - ERROR -   Batch 498: CUDA Out of Memory (OOM) during forward pass!
2026-05-07 16:24:13,044 - __main__ - ERROR -   Memory at OOM: 44413/44496MB
2026-05-07 16:24:13,322 - __main__ - ERROR -   Batch 499: CUDA Out of Memory (OOM) during forward pass!
2026-05-07 16:24:13,323 - __main__ - ERROR -   Memory at OOM: 44413/44496MB
2026-05-07 16:24:13,606 - __main__ - ERROR -   Batch 500: CUDA Out of Memory (OOM) during forward pass!
2026-05-07 16:24:13,608 - __main__ - ERROR -   Memory at OOM: 44413/44496MB
2026-05-07 16:24:13,883 - __main__ - ERROR -   Batch 501: CUDA Out of Memory (OOM) during forward pass!
2026-05-07 16:24:13,883 - __main__ - ERROR -   Memory at OOM: 44413/44496MB
2026-05-07 16:24:14,154 - __main__ - ERROR -   Batch 502: CUDA Out of Memory (OOM) during forward pass!
2026-05-07 16:24:14,154 - __main__ - ERROR -   Memory at OOM: 44413/44496MB
2026-05-07 16:24:14,433 - __main__ - ERROR -   Batch 503: CUDA Out of Memory (OOM) during forward pass!
2026-05-07 16:24:14,433 - __main__ - ERROR -   Memory at OOM: 44413/44496MB
2026-05-07 16:24:14,716 - __main__ - ERROR -   Batch 504: CUDA Out of Memory (OOM) during forward pass!
2026-05-07 16:24:14,717 - __main__ - ERROR -   Memory at OOM: 44413/44496MB
2026-05-07 16:24:14,995 - __main__ - ERROR -   Batch 505: CUDA Out of Memory (OOM) during forward pass!
2026-05-07 16:24:14,996 - __main__ - ERROR -   Memory at OOM: 44413/44496MB
2026-05-07 16:24:15,269 - __main__ - ERROR -   Batch 506: CUDA Out of Memory (OOM) during forward pass!
2026-05-07 16:24:15,270 - __main__ - ERROR -   Memory at OOM: 44413/44496MB
2026-05-07 16:24:15,547 - __main__ - ERROR -   Batch 507: CUDA Out of Memory (OOM) during forward pass!
2026-05-07 16:24:15,547 - __main__ - ERROR -   Memory at OOM: 44413/44496MB
2026-05-07 16:24:15,831 - __main__ - ERROR -   Batch 508: CUDA Out of Memory (OOM) during forward pass!
2026-05-07 16:24:15,832 - __main__ - ERROR -   Memory at OOM: 44413/44496MB
2026-05-07 16:24:16,101 - __main__ - ERROR -   Batch 509: CUDA Out of Memory (OOM) during forward pass!
2026-05-07 16:24:16,101 - __main__ - ERROR -   Memory at OOM: 44413/44496MB
2026-05-07 16:24:16,380 - __main__ - ERROR -   Batch 510: CUDA Out of Memory (OOM) during forward pass!
2026-05-07 16:24:16,381 - __main__ - ERROR -   Memory at OOM: 44413/44496MB
2026-05-07 16:24:16,659 - __main__ - ERROR -   Batch 511: CUDA Out of Memory (OOM) during forward pass!
2026-05-07 16:24:16,659 - __main__ - ERROR -   Memory at OOM: 44413/44496MB
2026-05-07 16:24:16,937 - __main__ - ERROR -   Batch 512: CUDA Out of Memory (OOM) during forward pass!
2026-05-07 16:24:16,938 - __main__ - ERROR -   Memory at OOM: 44413/44496MB
2026-05-07 16:24:17,212 - __main__ - ERROR -   Batch 513: CUDA Out of Memory (OOM) during forward pass!
2026-05-07 16:24:17,212 - __main__ - ERROR -   Memory at OOM: 44413/44496MB
2026-05-07 16:24:17,492 - __main__ - ERROR -   Batch 514: CUDA Out of Memory (OOM) during forward pass!
2026-05-07 16:24:17,493 - __main__ - ERROR -   Memory at OOM: 44413/44496MB
2026-05-07 16:24:17,771 - __main__ - ERROR -   Batch 515: CUDA Out of Memory (OOM) during forward pass!
2026-05-07 16:24:17,771 - __main__ - ERROR -   Memory at OOM: 44413/44496MB
2026-05-07 16:24:18,056 - __main__ - ERROR -   Batch 516: CUDA Out of Memory (OOM) during forward pass!
2026-05-07 16:24:18,057 - __main__ - ERROR -   Memory at OOM: 44413/44496MB
2026-05-07 16:24:18,328 - __main__ - ERROR -   Batch 517: CUDA Out of Memory (OOM) during forward pass!
2026-05-07 16:24:18,328 - __main__ - ERROR -   Memory at OOM: 44413/44496MB
2026-05-07 16:24:18,606 - __main__ - ERROR -   Batch 518: CUDA Out of Memory (OOM) during forward pass!
2026-05-07 16:24:18,606 - __main__ - ERROR -   Memory at OOM: 44413/44496MB
2026-05-07 16:24:18,880 - __main__ - ERROR -   Batch 519: CUDA Out of Memory (OOM) during forward pass!
2026-05-07 16:24:18,880 - __main__ - ERROR -   Memory at OOM: 44413/44496MB
2026-05-07 16:24:19,157 - __main__ - ERROR -   Batch 520: CUDA Out of Memory (OOM) during forward pass!
2026-05-07 16:24:19,158 - __main__ - ERROR -   Memory at OOM: 44413/44496MB
2026-05-07 16:24:19,435 - __main__ - ERROR -   Batch 521: CUDA Out of Memory (OOM) during forward pass!
2026-05-07 16:24:19,435 - __main__ - ERROR -   Memory at OOM: 44413/44496MB
2026-05-07 16:24:19,710 - __main__ - ERROR -   Batch 522: CUDA Out of Memory (OOM) during forward pass!
2026-05-07 16:24:19,711 - __main__ - ERROR -   Memory at OOM: 44413/44496MB
2026-05-07 16:24:19,990 - __main__ - ERROR -   Batch 523: CUDA Out of Memory (OOM) during forward pass!
2026-05-07 16:24:19,990 - __main__ - ERROR -   Memory at OOM: 44413/44496MB
2026-05-07 16:24:20,770 - __main__ - ERROR -   Batch 524: CUDA Out of Memory (OOM) during forward pass!
2026-05-07 16:24:20,770 - __main__ - ERROR -   Memory at OOM: 42572/44658MB
2026-05-07 16:24:20,861 - __main__ - INFO - Epoch 1 complete in 143.12s, avg_loss=0.0000
2026-05-07 16:24:20,861 - __main__ - INFO - Train Loss: 0.0000
2026-05-07 16:24:20,861 - __main__ - INFO - Evaluating on dev set...
2026-05-07 16:24:20,862 - __main__ - INFO - Starting evaluation on 462 samples
Evaluating:   0%|          | 0/15 [00:00<?, ?it/s]Evaluating:   7%|▋         | 1/15 [00:01<00:14,  1.03s/it]Evaluating:  13%|█▎        | 2/15 [00:01<00:09,  1.33it/s]Evaluating:  20%|██        | 3/15 [00:02<00:07,  1.51it/s]Evaluating:  27%|██▋       | 4/15 [00:02<00:06,  1.61it/s]Evaluating:  33%|███▎      | 5/15 [00:03<00:06,  1.67it/s]Evaluating:  40%|████      | 6/15 [00:03<00:05,  1.69it/s]Evaluating:  47%|████▋     | 7/15 [00:04<00:04,  1.69it/s]Evaluating:  53%|█████▎    | 8/15 [00:05<00:04,  1.71it/s]Evaluating:  60%|██████    | 9/15 [00:05<00:03,  1.71it/s]2026-05-07 16:24:27,030 - __main__ - INFO -   Evaluation progress: 10/15 batches (1.62 batches/s)
Evaluating:  67%|██████▋   | 10/15 [00:06<00:02,  1.71it/s]Evaluating:  73%|███████▎  | 11/15 [00:06<00:02,  1.72it/s]Evaluating:  80%|████████  | 12/15 [00:07<00:01,  1.71it/s]Evaluating:  87%|████████▋ | 13/15 [00:07<00:01,  1.72it/s]Evaluating:  93%|█████████▎| 14/15 [00:08<00:00,  1.72it/s]Evaluating: 100%|██████████| 15/15 [00:08<00:00,  2.07it/s]                                                           2026-05-07 16:24:29,695 - __main__ - INFO - Evaluation complete in 8.83s
2026-05-07 16:24:29,695 - __main__ - INFO -   Loss: 3.3493, Accuracy: 0.0000, Precision: 0.0000, Recall: 0.0000, F1: 0.0000
2026-05-07 16:24:29,695 - __main__ - INFO - Dev Loss: 3.3493
2026-05-07 16:24:29,695 - __main__ - INFO - Dev Accuracy: 0.0000
2026-05-07 16:24:29,696 - __main__ - INFO -   No improvement for 1 epochs
2026-05-07 16:24:30,127 - __main__ - INFO - Saved checkpoint to /scratch/user/s4901673/ircbert_runs/checkpoints/checkpoint_epoch_1.pt
2026-05-07 16:24:30,128 - __main__ - INFO - Epoch 2/3
2026-05-07 16:24:30,128 - __main__ - INFO - --------------------------------------------------------------------------------
2026-05-07 16:24:30,129 - __main__ - INFO - Starting epoch 2 with 524 batches
2026-05-07 16:24:30,875 - __main__ - ERROR -   Batch 1: CUDA Out of Memory (OOM) during forward pass!
2026-05-07 16:24:30,877 - __main__ - ERROR -   Memory at OOM: 43513/44764MB
2026-05-07 16:24:30,896 - __main__ - ERROR -   Batch 2: CUDA Out of Memory (OOM) during forward pass!
2026-05-07 16:24:30,897 - __main__ - ERROR -   Memory at OOM: 43513/44764MB
2026-05-07 16:24:31,150 - __main__ - ERROR -   Batch 3: CUDA Out of Memory (OOM) during forward pass!
2026-05-07 16:24:31,150 - __main__ - ERROR -   Memory at OOM: 43513/44764MB
2026-05-07 16:24:31,415 - __main__ - ERROR -   Batch 4: CUDA Out of Memory (OOM) during forward pass!
2026-05-07 16:24:31,415 - __main__ - ERROR -   Memory at OOM: 43513/44764MB
2026-05-07 16:24:31,689 - __main__ - ERROR -   Batch 5: CUDA Out of Memory (OOM) during forward pass!
2026-05-07 16:24:31,690 - __main__ - ERROR -   Memory at OOM: 43513/44764MB
2026-05-07 16:24:31,967 - __main__ - ERROR -   Batch 6: CUDA Out of Memory (OOM) during forward pass!
2026-05-07 16:24:31,967 - __main__ - ERROR -   Memory at OOM: 43513/44764MB
2026-05-07 16:24:32,233 - __main__ - ERROR -   Batch 7: CUDA Out of Memory (OOM) during forward pass!
2026-05-07 16:24:32,234 - __main__ - ERROR -   Memory at OOM: 43513/44764MB
2026-05-07 16:24:32,497 - __main__ - ERROR -   Batch 8: CUDA Out of Memory (OOM) during forward pass!
2026-05-07 16:24:32,497 - __main__ - ERROR -   Memory at OOM: 43513/44764MB
2026-05-07 16:24:32,775 - __main__ - ERROR -   Batch 9: CUDA Out of Memory (OOM) during forward pass!
2026-05-07 16:24:32,775 - __main__ - ERROR -   Memory at OOM: 43513/44764MB
2026-05-07 16:24:33,048 - __main__ - ERROR -   Batch 10: CUDA Out of Memory (OOM) during forward pass!
2026-05-07 16:24:33,050 - __main__ - ERROR -   Memory at OOM: 43513/44764MB
2026-05-07 16:24:33,315 - __main__ - ERROR -   Batch 11: CUDA Out of Memory (OOM) during forward pass!
2026-05-07 16:24:33,316 - __main__ - ERROR -   Memory at OOM: 43513/44764MB
2026-05-07 16:24:33,582 - __main__ - ERROR -   Batch 12: CUDA Out of Memory (OOM) during forward pass!
2026-05-07 16:24:33,582 - __main__ - ERROR -   Memory at OOM: 43513/44764MB
2026-05-07 16:24:33,861 - __main__ - ERROR -   Batch 13: CUDA Out of Memory (OOM) during forward pass!
2026-05-07 16:24:33,862 - __main__ - ERROR -   Memory at OOM: 43513/44764MB
2026-05-07 16:24:34,132 - __main__ - ERROR -   Batch 14: CUDA Out of Memory (OOM) during forward pass!
2026-05-07 16:24:34,132 - __main__ - ERROR -   Memory at OOM: 43513/44764MB
2026-05-07 16:24:34,397 - __main__ - ERROR -   Batch 15: CUDA Out of Memory (OOM) during forward pass!
2026-05-07 16:24:34,397 - __main__ - ERROR -   Memory at OOM: 43513/44764MB
2026-05-07 16:24:34,667 - __main__ - ERROR -   Batch 16: CUDA Out of Memory (OOM) during forward pass!
2026-05-07 16:24:34,667 - __main__ - ERROR -   Memory at OOM: 43513/44764MB
2026-05-07 16:24:34,946 - __main__ - ERROR -   Batch 17: CUDA Out of Memory (OOM) during forward pass!
2026-05-07 16:24:34,947 - __main__ - ERROR -   Memory at OOM: 42250/44938MB
2026-05-07 16:24:35,209 - __main__ - ERROR -   Batch 18: CUDA Out of Memory (OOM) during forward pass!
2026-05-07 16:24:35,209 - __main__ - ERROR -   Memory at OOM: 43693/44938MB
2026-05-07 16:24:35,475 - __main__ - ERROR -   Batch 19: CUDA Out of Memory (OOM) during forward pass!
2026-05-07 16:24:35,476 - __main__ - ERROR -   Memory at OOM: 43693/44938MB
2026-05-07 16:24:35,750 - __main__ - ERROR -   Batch 20: CUDA Out of Memory (OOM) during forward pass!
2026-05-07 16:24:35,750 - __main__ - ERROR -   Memory at OOM: 43693/44938MB
2026-05-07 16:24:36,030 - __main__ - ERROR -   Batch 21: CUDA Out of Memory (OOM) during forward pass!
2026-05-07 16:24:36,030 - __main__ - ERROR -   Memory at OOM: 43693/44938MB
2026-05-07 16:24:36,299 - __main__ - ERROR -   Batch 22: CUDA Out of Memory (OOM) during forward pass!
2026-05-07 16:24:36,299 - __main__ - ERROR -   Memory at OOM: 43693/44938MB
2026-05-07 16:24:36,567 - __main__ - ERROR -   Batch 23: CUDA Out of Memory (OOM) during forward pass!
2026-05-07 16:24:36,567 - __main__ - ERROR -   Memory at OOM: 43693/44938MB
2026-05-07 16:24:36,846 - __main__ - ERROR -   Batch 24: CUDA Out of Memory (OOM) during forward pass!
2026-05-07 16:24:36,846 - __main__ - ERROR -   Memory at OOM: 43693/44938MB
2026-05-07 16:24:37,121 - __main__ - ERROR -   Batch 25: CUDA Out of Memory (OOM) during forward pass!
2026-05-07 16:24:37,122 - __main__ - ERROR -   Memory at OOM: 43693/44938MB
2026-05-07 16:24:37,389 - __main__ - ERROR -   Batch 26: CUDA Out of Memory (OOM) during forward pass!
2026-05-07 16:24:37,390 - __main__ - ERROR -   Memory at OOM: 43693/44938MB
2026-05-07 16:24:37,662 - __main__ - ERROR -   Batch 27: CUDA Out of Memory (OOM) during forward pass!
2026-05-07 16:24:37,663 - __main__ - ERROR -   Memory at OOM: 43693/44938MB
2026-05-07 16:24:37,937 - __main__ - ERROR -   Batch 28: CUDA Out of Memory (OOM) during forward pass!
2026-05-07 16:24:37,938 - __main__ - ERROR -   Memory at OOM: 43693/44938MB
2026-05-07 16:24:38,213 - __main__ - ERROR -   Batch 29: CUDA Out of Memory (OOM) during forward pass!
2026-05-07 16:24:38,214 - __main__ - ERROR -   Memory at OOM: 43693/44938MB
2026-05-07 16:24:38,482 - __main__ - ERROR -   Batch 30: CUDA Out of Memory (OOM) during forward pass!
2026-05-07 16:24:38,482 - __main__ - ERROR -   Memory at OOM: 43693/44938MB
2026-05-07 16:24:38,760 - __main__ - ERROR -   Batch 31: CUDA Out of Memory (OOM) during forward pass!
2026-05-07 16:24:38,761 - __main__ - ERROR -   Memory at OOM: 43693/44938MB
2026-05-07 16:24:39,032 - __main__ - ERROR -   Batch 32: CUDA Out of Memory (OOM) during forward pass!
2026-05-07 16:24:39,032 - __main__ - ERROR -   Memory at OOM: 43693/44938MB
2026-05-07 16:24:39,302 - __main__ - ERROR -   Batch 33: CUDA Out of Memory (OOM) during forward pass!
2026-05-07 16:24:39,303 - __main__ - ERROR -   Memory at OOM: 43693/44938MB
2026-05-07 16:24:39,569 - __main__ - ERROR -   Batch 34: CUDA Out of Memory (OOM) during forward pass!
2026-05-07 16:24:39,569 - __main__ - ERROR -   Memory at OOM: 43693/44938MB
2026-05-07 16:24:39,846 - __main__ - ERROR -   Batch 35: CUDA Out of Memory (OOM) during forward pass!
2026-05-07 16:24:39,846 - __main__ - ERROR -   Memory at OOM: 43693/44938MB
2026-05-07 16:24:40,120 - __main__ - ERROR -   Batch 36: CUDA Out of Memory (OOM) during forward pass!
2026-05-07 16:24:40,121 - __main__ - ERROR -   Memory at OOM: 43693/44938MB
2026-05-07 16:24:40,392 - __main__ - ERROR -   Batch 37: CUDA Out of Memory (OOM) during forward pass!
2026-05-07 16:24:40,392 - __main__ - ERROR -   Memory at OOM: 43693/44938MB
2026-05-07 16:24:40,660 - __main__ - ERROR -   Batch 38: CUDA Out of Memory (OOM) during forward pass!
2026-05-07 16:24:40,662 - __main__ - ERROR -   Memory at OOM: 43693/44938MB
2026-05-07 16:24:40,935 - __main__ - ERROR -   Batch 39: CUDA Out of Memory (OOM) during forward pass!
2026-05-07 16:24:40,936 - __main__ - ERROR -   Memory at OOM: 43693/44938MB
2026-05-07 16:24:41,210 - __main__ - ERROR -   Batch 40: CUDA Out of Memory (OOM) during forward pass!
2026-05-07 16:24:41,211 - __main__ - ERROR -   Memory at OOM: 43693/44938MB
2026-05-07 16:24:41,480 - __main__ - ERROR -   Batch 41: CUDA Out of Memory (OOM) during forward pass!
2026-05-07 16:24:41,481 - __main__ - ERROR -   Memory at OOM: 43693/44938MB
2026-05-07 16:24:41,756 - __main__ - ERROR -   Batch 42: CUDA Out of Memory (OOM) during forward pass!
2026-05-07 16:24:41,756 - __main__ - ERROR -   Memory at OOM: 43693/44938MB
2026-05-07 16:24:42,030 - __main__ - ERROR -   Batch 43: CUDA Out of Memory (OOM) during forward pass!
2026-05-07 16:24:42,030 - __main__ - ERROR -   Memory at OOM: 43693/44938MB
2026-05-07 16:24:42,301 - __main__ - ERROR -   Batch 44: CUDA Out of Memory (OOM) during forward pass!
2026-05-07 16:24:42,302 - __main__ - ERROR -   Memory at OOM: 43693/44938MB
2026-05-07 16:24:42,571 - __main__ - ERROR -   Batch 45: CUDA Out of Memory (OOM) during forward pass!
2026-05-07 16:24:42,571 - __main__ - ERROR -   Memory at OOM: 43693/44938MB
2026-05-07 16:24:42,846 - __main__ - ERROR -   Batch 46: CUDA Out of Memory (OOM) during forward pass!
2026-05-07 16:24:42,846 - __main__ - ERROR -   Memory at OOM: 43693/44938MB
2026-05-07 16:24:43,121 - __main__ - ERROR -   Batch 47: CUDA Out of Memory (OOM) during forward pass!
2026-05-07 16:24:43,122 - __main__ - ERROR -   Memory at OOM: 43693/44938MB
2026-05-07 16:24:43,391 - __main__ - ERROR -   Batch 48: CUDA Out of Memory (OOM) during forward pass!
2026-05-07 16:24:43,392 - __main__ - ERROR -   Memory at OOM: 43693/44938MB
2026-05-07 16:24:43,665 - __main__ - ERROR -   Batch 49: CUDA Out of Memory (OOM) during forward pass!
2026-05-07 16:24:43,666 - __main__ - ERROR -   Memory at OOM: 43693/44938MB
2026-05-07 16:24:43,942 - __main__ - ERROR -   Batch 50: CUDA Out of Memory (OOM) during forward pass!
2026-05-07 16:24:43,942 - __main__ - ERROR -   Memory at OOM: 43693/44938MB
2026-05-07 16:24:44,218 - __main__ - ERROR -   Batch 51: CUDA Out of Memory (OOM) during forward pass!
2026-05-07 16:24:44,219 - __main__ - ERROR -   Memory at OOM: 43693/44938MB
2026-05-07 16:24:44,488 - __main__ - ERROR -   Batch 52: CUDA Out of Memory (OOM) during forward pass!
2026-05-07 16:24:44,489 - __main__ - ERROR -   Memory at OOM: 43693/44938MB
2026-05-07 16:24:44,760 - __main__ - ERROR -   Batch 53: CUDA Out of Memory (OOM) during forward pass!
2026-05-07 16:24:44,761 - __main__ - ERROR -   Memory at OOM: 43693/44938MB
2026-05-07 16:24:45,036 - __main__ - ERROR -   Batch 54: CUDA Out of Memory (OOM) during forward pass!
2026-05-07 16:24:45,036 - __main__ - ERROR -   Memory at OOM: 43693/44938MB
2026-05-07 16:24:45,311 - __main__ - ERROR -   Batch 55: CUDA Out of Memory (OOM) during forward pass!
2026-05-07 16:24:45,312 - __main__ - ERROR -   Memory at OOM: 43693/44938MB
2026-05-07 16:24:45,584 - __main__ - ERROR -   Batch 56: CUDA Out of Memory (OOM) during forward pass!
2026-05-07 16:24:45,585 - __main__ - ERROR -   Memory at OOM: 43693/44938MB
2026-05-07 16:24:45,859 - __main__ - ERROR -   Batch 57: CUDA Out of Memory (OOM) during forward pass!
2026-05-07 16:24:45,859 - __main__ - ERROR -   Memory at OOM: 43693/44938MB
2026-05-07 16:24:46,134 - __main__ - ERROR -   Batch 58: CUDA Out of Memory (OOM) during forward pass!
2026-05-07 16:24:46,135 - __main__ - ERROR -   Memory at OOM: 43693/44938MB
2026-05-07 16:24:46,406 - __main__ - ERROR -   Batch 59: CUDA Out of Memory (OOM) during forward pass!
2026-05-07 16:24:46,407 - __main__ - ERROR -   Memory at OOM: 43693/44938MB
2026-05-07 16:24:46,681 - __main__ - ERROR -   Batch 60: CUDA Out of Memory (OOM) during forward pass!
2026-05-07 16:24:46,681 - __main__ - ERROR -   Memory at OOM: 43693/44938MB
2026-05-07 16:24:46,954 - __main__ - ERROR -   Batch 61: CUDA Out of Memory (OOM) during forward pass!
2026-05-07 16:24:46,954 - __main__ - ERROR -   Memory at OOM: 43693/44938MB
2026-05-07 16:24:47,229 - __main__ - ERROR -   Batch 62: CUDA Out of Memory (OOM) during forward pass!
2026-05-07 16:24:47,229 - __main__ - ERROR -   Memory at OOM: 43693/44938MB
2026-05-07 16:24:47,500 - __main__ - ERROR -   Batch 63: CUDA Out of Memory (OOM) during forward pass!
2026-05-07 16:24:47,500 - __main__ - ERROR -   Memory at OOM: 43693/44938MB
2026-05-07 16:24:47,772 - __main__ - ERROR -   Batch 64: CUDA Out of Memory (OOM) during forward pass!
2026-05-07 16:24:47,773 - __main__ - ERROR -   Memory at OOM: 43693/44938MB
2026-05-07 16:24:48,047 - __main__ - ERROR -   Batch 65: CUDA Out of Memory (OOM) during forward pass!
2026-05-07 16:24:48,047 - __main__ - ERROR -   Memory at OOM: 43693/44938MB
2026-05-07 16:24:48,319 - __main__ - ERROR -   Batch 66: CUDA Out of Memory (OOM) during forward pass!
2026-05-07 16:24:48,321 - __main__ - ERROR -   Memory at OOM: 43693/44938MB
2026-05-07 16:24:48,592 - __main__ - ERROR -   Batch 67: CUDA Out of Memory (OOM) during forward pass!
2026-05-07 16:24:48,592 - __main__ - ERROR -   Memory at OOM: 43693/44938MB
2026-05-07 16:24:48,866 - __main__ - ERROR -   Batch 68: CUDA Out of Memory (OOM) during forward pass!
2026-05-07 16:24:48,867 - __main__ - ERROR -   Memory at OOM: 43693/44938MB
2026-05-07 16:24:49,139 - __main__ - ERROR -   Batch 69: CUDA Out of Memory (OOM) during forward pass!
2026-05-07 16:24:49,139 - __main__ - ERROR -   Memory at OOM: 43693/44938MB
2026-05-07 16:24:49,412 - __main__ - ERROR -   Batch 70: CUDA Out of Memory (OOM) during forward pass!
2026-05-07 16:24:49,413 - __main__ - ERROR -   Memory at OOM: 43693/44938MB
2026-05-07 16:24:49,686 - __main__ - ERROR -   Batch 71: CUDA Out of Memory (OOM) during forward pass!
2026-05-07 16:24:49,687 - __main__ - ERROR -   Memory at OOM: 43693/44938MB
2026-05-07 16:24:49,958 - __main__ - ERROR -   Batch 72: CUDA Out of Memory (OOM) during forward pass!
2026-05-07 16:24:49,959 - __main__ - ERROR -   Memory at OOM: 43693/44938MB
2026-05-07 16:24:50,234 - __main__ - ERROR -   Batch 73: CUDA Out of Memory (OOM) during forward pass!
2026-05-07 16:24:50,235 - __main__ - ERROR -   Memory at OOM: 43693/44938MB
2026-05-07 16:24:50,506 - __main__ - ERROR -   Batch 74: CUDA Out of Memory (OOM) during forward pass!
2026-05-07 16:24:50,506 - __main__ - ERROR -   Memory at OOM: 43693/44938MB
2026-05-07 16:24:50,779 - __main__ - ERROR -   Batch 75: CUDA Out of Memory (OOM) during forward pass!
2026-05-07 16:24:50,780 - __main__ - ERROR -   Memory at OOM: 43693/44938MB
2026-05-07 16:24:51,053 - __main__ - ERROR -   Batch 76: CUDA Out of Memory (OOM) during forward pass!
2026-05-07 16:24:51,054 - __main__ - ERROR -   Memory at OOM: 43693/44938MB
2026-05-07 16:24:51,326 - __main__ - ERROR -   Batch 77: CUDA Out of Memory (OOM) during forward pass!
2026-05-07 16:24:51,326 - __main__ - ERROR -   Memory at OOM: 43693/44938MB
2026-05-07 16:24:51,598 - __main__ - ERROR -   Batch 78: CUDA Out of Memory (OOM) during forward pass!
2026-05-07 16:24:51,598 - __main__ - ERROR -   Memory at OOM: 43693/44938MB
2026-05-07 16:24:51,872 - __main__ - ERROR -   Batch 79: CUDA Out of Memory (OOM) during forward pass!
2026-05-07 16:24:51,872 - __main__ - ERROR -   Memory at OOM: 43693/44938MB
2026-05-07 16:24:52,144 - __main__ - ERROR -   Batch 80: CUDA Out of Memory (OOM) during forward pass!
2026-05-07 16:24:52,145 - __main__ - ERROR -   Memory at OOM: 43693/44938MB
2026-05-07 16:24:52,418 - __main__ - ERROR -   Batch 81: CUDA Out of Memory (OOM) during forward pass!
2026-05-07 16:24:52,419 - __main__ - ERROR -   Memory at OOM: 43693/44938MB
2026-05-07 16:24:52,690 - __main__ - ERROR -   Batch 82: CUDA Out of Memory (OOM) during forward pass!
2026-05-07 16:24:52,691 - __main__ - ERROR -   Memory at OOM: 43693/44938MB
2026-05-07 16:24:52,964 - __main__ - ERROR -   Batch 83: CUDA Out of Memory (OOM) during forward pass!
2026-05-07 16:24:52,965 - __main__ - ERROR -   Memory at OOM: 43693/44938MB
2026-05-07 16:24:53,239 - __main__ - ERROR -   Batch 84: CUDA Out of Memory (OOM) during forward pass!
2026-05-07 16:24:53,240 - __main__ - ERROR -   Memory at OOM: 43693/44938MB
2026-05-07 16:24:53,511 - __main__ - ERROR -   Batch 85: CUDA Out of Memory (OOM) during forward pass!
2026-05-07 16:24:53,512 - __main__ - ERROR -   Memory at OOM: 43693/44938MB
2026-05-07 16:24:53,786 - __main__ - ERROR -   Batch 86: CUDA Out of Memory (OOM) during forward pass!
2026-05-07 16:24:53,786 - __main__ - ERROR -   Memory at OOM: 43693/44938MB
2026-05-07 16:24:54,060 - __main__ - ERROR -   Batch 87: CUDA Out of Memory (OOM) during forward pass!
2026-05-07 16:24:54,060 - __main__ - ERROR -   Memory at OOM: 43693/44938MB
2026-05-07 16:24:54,334 - __main__ - ERROR -   Batch 88: CUDA Out of Memory (OOM) during forward pass!
2026-05-07 16:24:54,334 - __main__ - ERROR -   Memory at OOM: 43693/44938MB
2026-05-07 16:24:54,609 - __main__ - ERROR -   Batch 89: CUDA Out of Memory (OOM) during forward pass!
2026-05-07 16:24:54,609 - __main__ - ERROR -   Memory at OOM: 43693/44938MB
2026-05-07 16:24:54,884 - __main__ - ERROR -   Batch 90: CUDA Out of Memory (OOM) during forward pass!
2026-05-07 16:24:54,884 - __main__ - ERROR -   Memory at OOM: 43693/44938MB
2026-05-07 16:24:55,158 - __main__ - ERROR -   Batch 91: CUDA Out of Memory (OOM) during forward pass!
2026-05-07 16:24:55,159 - __main__ - ERROR -   Memory at OOM: 43693/44938MB
2026-05-07 16:24:55,433 - __main__ - ERROR -   Batch 92: CUDA Out of Memory (OOM) during forward pass!
2026-05-07 16:24:55,434 - __main__ - ERROR -   Memory at OOM: 43693/44938MB
2026-05-07 16:24:55,707 - __main__ - ERROR -   Batch 93: CUDA Out of Memory (OOM) during forward pass!
2026-05-07 16:24:55,708 - __main__ - ERROR -   Memory at OOM: 43693/44938MB
2026-05-07 16:24:55,984 - __main__ - ERROR -   Batch 94: CUDA Out of Memory (OOM) during forward pass!
2026-05-07 16:24:55,984 - __main__ - ERROR -   Memory at OOM: 43693/44938MB
2026-05-07 16:24:56,259 - __main__ - ERROR -   Batch 95: CUDA Out of Memory (OOM) during forward pass!
2026-05-07 16:24:56,259 - __main__ - ERROR -   Memory at OOM: 43693/44938MB
2026-05-07 16:24:56,533 - __main__ - ERROR -   Batch 96: CUDA Out of Memory (OOM) during forward pass!
2026-05-07 16:24:56,534 - __main__ - ERROR -   Memory at OOM: 43693/44938MB
2026-05-07 16:24:56,808 - __main__ - ERROR -   Batch 97: CUDA Out of Memory (OOM) during forward pass!
2026-05-07 16:24:56,808 - __main__ - ERROR -   Memory at OOM: 43693/44938MB
2026-05-07 16:24:57,082 - __main__ - ERROR -   Batch 98: CUDA Out of Memory (OOM) during forward pass!
2026-05-07 16:24:57,082 - __main__ - ERROR -   Memory at OOM: 43693/44938MB
2026-05-07 16:24:57,356 - __main__ - ERROR -   Batch 99: CUDA Out of Memory (OOM) during forward pass!
2026-05-07 16:24:57,357 - __main__ - ERROR -   Memory at OOM: 43693/44938MB
2026-05-07 16:24:57,628 - __main__ - ERROR -   Batch 100: CUDA Out of Memory (OOM) during forward pass!
2026-05-07 16:24:57,629 - __main__ - ERROR -   Memory at OOM: 43693/44938MB
2026-05-07 16:24:57,904 - __main__ - ERROR -   Batch 101: CUDA Out of Memory (OOM) during forward pass!
2026-05-07 16:24:57,904 - __main__ - ERROR -   Memory at OOM: 43693/44938MB
2026-05-07 16:24:58,176 - __main__ - ERROR -   Batch 102: CUDA Out of Memory (OOM) during forward pass!
2026-05-07 16:24:58,176 - __main__ - ERROR -   Memory at OOM: 43693/44938MB
2026-05-07 16:24:58,451 - __main__ - ERROR -   Batch 103: CUDA Out of Memory (OOM) during forward pass!
2026-05-07 16:24:58,451 - __main__ - ERROR -   Memory at OOM: 43693/44938MB
2026-05-07 16:24:58,729 - __main__ - ERROR -   Batch 104: CUDA Out of Memory (OOM) during forward pass!
2026-05-07 16:24:58,729 - __main__ - ERROR -   Memory at OOM: 43693/44938MB
2026-05-07 16:24:59,003 - __main__ - ERROR -   Batch 105: CUDA Out of Memory (OOM) during forward pass!
2026-05-07 16:24:59,005 - __main__ - ERROR -   Memory at OOM: 43693/44938MB
2026-05-07 16:24:59,276 - __main__ - ERROR -   Batch 106: CUDA Out of Memory (OOM) during forward pass!
2026-05-07 16:24:59,276 - __main__ - ERROR -   Memory at OOM: 43693/44938MB
2026-05-07 16:24:59,550 - __main__ - ERROR -   Batch 107: CUDA Out of Memory (OOM) during forward pass!
2026-05-07 16:24:59,550 - __main__ - ERROR -   Memory at OOM: 43693/44938MB
2026-05-07 16:24:59,824 - __main__ - ERROR -   Batch 108: CUDA Out of Memory (OOM) during forward pass!
2026-05-07 16:24:59,825 - __main__ - ERROR -   Memory at OOM: 43693/44938MB
2026-05-07 16:25:00,096 - __main__ - ERROR -   Batch 109: CUDA Out of Memory (OOM) during forward pass!
2026-05-07 16:25:00,097 - __main__ - ERROR -   Memory at OOM: 43693/44938MB
2026-05-07 16:25:00,374 - __main__ - ERROR -   Batch 110: CUDA Out of Memory (OOM) during forward pass!
2026-05-07 16:25:00,375 - __main__ - ERROR -   Memory at OOM: 43693/44938MB
2026-05-07 16:25:00,648 - __main__ - ERROR -   Batch 111: CUDA Out of Memory (OOM) during forward pass!
2026-05-07 16:25:00,649 - __main__ - ERROR -   Memory at OOM: 43693/44938MB
2026-05-07 16:25:00,921 - __main__ - ERROR -   Batch 112: CUDA Out of Memory (OOM) during forward pass!
2026-05-07 16:25:00,922 - __main__ - ERROR -   Memory at OOM: 43693/44938MB
2026-05-07 16:25:01,195 - __main__ - ERROR -   Batch 113: CUDA Out of Memory (OOM) during forward pass!
2026-05-07 16:25:01,195 - __main__ - ERROR -   Memory at OOM: 43693/44938MB
2026-05-07 16:25:01,469 - __main__ - ERROR -   Batch 114: CUDA Out of Memory (OOM) during forward pass!
2026-05-07 16:25:01,470 - __main__ - ERROR -   Memory at OOM: 43693/44938MB
2026-05-07 16:25:01,744 - __main__ - ERROR -   Batch 115: CUDA Out of Memory (OOM) during forward pass!
2026-05-07 16:25:01,745 - __main__ - ERROR -   Memory at OOM: 43693/44938MB
2026-05-07 16:25:02,017 - __main__ - ERROR -   Batch 116: CUDA Out of Memory (OOM) during forward pass!
2026-05-07 16:25:02,018 - __main__ - ERROR -   Memory at OOM: 43693/44938MB
2026-05-07 16:25:02,293 - __main__ - ERROR -   Batch 117: CUDA Out of Memory (OOM) during forward pass!
2026-05-07 16:25:02,293 - __main__ - ERROR -   Memory at OOM: 43693/44938MB
2026-05-07 16:25:02,567 - __main__ - ERROR -   Batch 118: CUDA Out of Memory (OOM) during forward pass!
2026-05-07 16:25:02,567 - __main__ - ERROR -   Memory at OOM: 43693/44938MB
2026-05-07 16:25:02,841 - __main__ - ERROR -   Batch 119: CUDA Out of Memory (OOM) during forward pass!
2026-05-07 16:25:02,842 - __main__ - ERROR -   Memory at OOM: 43693/44938MB
2026-05-07 16:25:03,114 - __main__ - ERROR -   Batch 120: CUDA Out of Memory (OOM) during forward pass!
2026-05-07 16:25:03,115 - __main__ - ERROR -   Memory at OOM: 43693/44938MB
2026-05-07 16:25:03,388 - __main__ - ERROR -   Batch 121: CUDA Out of Memory (OOM) during forward pass!
2026-05-07 16:25:03,389 - __main__ - ERROR -   Memory at OOM: 43693/44938MB
2026-05-07 16:25:03,660 - __main__ - ERROR -   Batch 122: CUDA Out of Memory (OOM) during forward pass!
2026-05-07 16:25:03,660 - __main__ - ERROR -   Memory at OOM: 43693/44938MB
2026-05-07 16:25:03,937 - __main__ - ERROR -   Batch 123: CUDA Out of Memory (OOM) during forward pass!
2026-05-07 16:25:03,938 - __main__ - ERROR -   Memory at OOM: 43693/44938MB
2026-05-07 16:25:04,209 - __main__ - ERROR -   Batch 124: CUDA Out of Memory (OOM) during forward pass!
2026-05-07 16:25:04,209 - __main__ - ERROR -   Memory at OOM: 43693/44938MB
2026-05-07 16:25:04,483 - __main__ - ERROR -   Batch 125: CUDA Out of Memory (OOM) during forward pass!
2026-05-07 16:25:04,483 - __main__ - ERROR -   Memory at OOM: 43693/44938MB
2026-05-07 16:25:04,756 - __main__ - ERROR -   Batch 126: CUDA Out of Memory (OOM) during forward pass!
2026-05-07 16:25:04,757 - __main__ - ERROR -   Memory at OOM: 43693/44938MB
2026-05-07 16:25:05,032 - __main__ - ERROR -   Batch 127: CUDA Out of Memory (OOM) during forward pass!
2026-05-07 16:25:05,032 - __main__ - ERROR -   Memory at OOM: 43693/44938MB
2026-05-07 16:25:05,305 - __main__ - ERROR -   Batch 128: CUDA Out of Memory (OOM) during forward pass!
2026-05-07 16:25:05,306 - __main__ - ERROR -   Memory at OOM: 43693/44938MB
2026-05-07 16:25:05,578 - __main__ - ERROR -   Batch 129: CUDA Out of Memory (OOM) during forward pass!
2026-05-07 16:25:05,579 - __main__ - ERROR -   Memory at OOM: 43693/44938MB
2026-05-07 16:25:05,852 - __main__ - ERROR -   Batch 130: CUDA Out of Memory (OOM) during forward pass!
2026-05-07 16:25:05,852 - __main__ - ERROR -   Memory at OOM: 43693/44938MB
2026-05-07 16:25:06,128 - __main__ - ERROR -   Batch 131: CUDA Out of Memory (OOM) during forward pass!
2026-05-07 16:25:06,128 - __main__ - ERROR -   Memory at OOM: 43693/44938MB
2026-05-07 16:25:06,401 - __main__ - ERROR -   Batch 132: CUDA Out of Memory (OOM) during forward pass!
2026-05-07 16:25:06,401 - __main__ - ERROR -   Memory at OOM: 43693/44938MB
2026-05-07 16:25:06,673 - __main__ - ERROR -   Batch 133: CUDA Out of Memory (OOM) during forward pass!
2026-05-07 16:25:06,674 - __main__ - ERROR -   Memory at OOM: 43693/44938MB
2026-05-07 16:25:06,949 - __main__ - ERROR -   Batch 134: CUDA Out of Memory (OOM) during forward pass!
2026-05-07 16:25:06,949 - __main__ - ERROR -   Memory at OOM: 43693/44938MB
2026-05-07 16:25:07,224 - __main__ - ERROR -   Batch 135: CUDA Out of Memory (OOM) during forward pass!
2026-05-07 16:25:07,225 - __main__ - ERROR -   Memory at OOM: 43693/44938MB
2026-05-07 16:25:07,501 - __main__ - ERROR -   Batch 136: CUDA Out of Memory (OOM) during forward pass!
2026-05-07 16:25:07,502 - __main__ - ERROR -   Memory at OOM: 43693/44938MB
2026-05-07 16:25:07,775 - __main__ - ERROR -   Batch 137: CUDA Out of Memory (OOM) during forward pass!
2026-05-07 16:25:07,775 - __main__ - ERROR -   Memory at OOM: 43693/44938MB
2026-05-07 16:25:08,051 - __main__ - ERROR -   Batch 138: CUDA Out of Memory (OOM) during forward pass!
2026-05-07 16:25:08,051 - __main__ - ERROR -   Memory at OOM: 43693/44938MB
2026-05-07 16:25:08,325 - __main__ - ERROR -   Batch 139: CUDA Out of Memory (OOM) during forward pass!
2026-05-07 16:25:08,325 - __main__ - ERROR -   Memory at OOM: 43693/44938MB
2026-05-07 16:25:08,599 - __main__ - ERROR -   Batch 140: CUDA Out of Memory (OOM) during forward pass!
2026-05-07 16:25:08,600 - __main__ - ERROR -   Memory at OOM: 43693/44938MB
2026-05-07 16:25:08,873 - __main__ - ERROR -   Batch 141: CUDA Out of Memory (OOM) during forward pass!
2026-05-07 16:25:08,874 - __main__ - ERROR -   Memory at OOM: 43693/44938MB
2026-05-07 16:25:09,147 - __main__ - ERROR -   Batch 142: CUDA Out of Memory (OOM) during forward pass!
2026-05-07 16:25:09,148 - __main__ - ERROR -   Memory at OOM: 43693/44938MB
2026-05-07 16:25:09,421 - __main__ - ERROR -   Batch 143: CUDA Out of Memory (OOM) during forward pass!
2026-05-07 16:25:09,421 - __main__ - ERROR -   Memory at OOM: 43693/44938MB
2026-05-07 16:25:09,695 - __main__ - ERROR -   Batch 144: CUDA Out of Memory (OOM) during forward pass!
2026-05-07 16:25:09,695 - __main__ - ERROR -   Memory at OOM: 43693/44938MB
2026-05-07 16:25:09,971 - __main__ - ERROR -   Batch 145: CUDA Out of Memory (OOM) during forward pass!
2026-05-07 16:25:09,971 - __main__ - ERROR -   Memory at OOM: 43693/44938MB
2026-05-07 16:25:10,245 - __main__ - ERROR -   Batch 146: CUDA Out of Memory (OOM) during forward pass!
2026-05-07 16:25:10,245 - __main__ - ERROR -   Memory at OOM: 43693/44938MB
2026-05-07 16:25:10,520 - __main__ - ERROR -   Batch 147: CUDA Out of Memory (OOM) during forward pass!
2026-05-07 16:25:10,521 - __main__ - ERROR -   Memory at OOM: 43693/44938MB
2026-05-07 16:25:10,794 - __main__ - ERROR -   Batch 148: CUDA Out of Memory (OOM) during forward pass!
2026-05-07 16:25:10,794 - __main__ - ERROR -   Memory at OOM: 43693/44938MB
2026-05-07 16:25:11,071 - __main__ - ERROR -   Batch 149: CUDA Out of Memory (OOM) during forward pass!
2026-05-07 16:25:11,071 - __main__ - ERROR -   Memory at OOM: 43693/44938MB
2026-05-07 16:25:11,343 - __main__ - ERROR -   Batch 150: CUDA Out of Memory (OOM) during forward pass!
2026-05-07 16:25:11,344 - __main__ - ERROR -   Memory at OOM: 43693/44938MB
2026-05-07 16:25:11,616 - __main__ - ERROR -   Batch 151: CUDA Out of Memory (OOM) during forward pass!
2026-05-07 16:25:11,617 - __main__ - ERROR -   Memory at OOM: 43693/44938MB
2026-05-07 16:25:11,892 - __main__ - ERROR -   Batch 152: CUDA Out of Memory (OOM) during forward pass!
2026-05-07 16:25:11,893 - __main__ - ERROR -   Memory at OOM: 43693/44938MB
2026-05-07 16:25:12,165 - __main__ - ERROR -   Batch 153: CUDA Out of Memory (OOM) during forward pass!
2026-05-07 16:25:12,166 - __main__ - ERROR -   Memory at OOM: 43693/44938MB
2026-05-07 16:25:12,440 - __main__ - ERROR -   Batch 154: CUDA Out of Memory (OOM) during forward pass!
2026-05-07 16:25:12,441 - __main__ - ERROR -   Memory at OOM: 43693/44938MB
2026-05-07 16:25:12,713 - __main__ - ERROR -   Batch 155: CUDA Out of Memory (OOM) during forward pass!
2026-05-07 16:25:12,713 - __main__ - ERROR -   Memory at OOM: 43693/44938MB
2026-05-07 16:25:12,986 - __main__ - ERROR -   Batch 156: CUDA Out of Memory (OOM) during forward pass!
2026-05-07 16:25:12,986 - __main__ - ERROR -   Memory at OOM: 43693/44938MB
2026-05-07 16:25:13,263 - __main__ - ERROR -   Batch 157: CUDA Out of Memory (OOM) during forward pass!
2026-05-07 16:25:13,263 - __main__ - ERROR -   Memory at OOM: 43693/44938MB
2026-05-07 16:25:13,536 - __main__ - ERROR -   Batch 158: CUDA Out of Memory (OOM) during forward pass!
2026-05-07 16:25:13,537 - __main__ - ERROR -   Memory at OOM: 43693/44938MB
2026-05-07 16:25:13,811 - __main__ - ERROR -   Batch 159: CUDA Out of Memory (OOM) during forward pass!
2026-05-07 16:25:13,812 - __main__ - ERROR -   Memory at OOM: 43693/44938MB
2026-05-07 16:25:14,086 - __main__ - ERROR -   Batch 160: CUDA Out of Memory (OOM) during forward pass!
2026-05-07 16:25:14,087 - __main__ - ERROR -   Memory at OOM: 43693/44938MB
2026-05-07 16:25:14,362 - __main__ - ERROR -   Batch 161: CUDA Out of Memory (OOM) during forward pass!
2026-05-07 16:25:14,362 - __main__ - ERROR -   Memory at OOM: 43693/44938MB
2026-05-07 16:25:14,637 - __main__ - ERROR -   Batch 162: CUDA Out of Memory (OOM) during forward pass!
2026-05-07 16:25:14,638 - __main__ - ERROR -   Memory at OOM: 43693/44938MB
2026-05-07 16:25:14,911 - __main__ - ERROR -   Batch 163: CUDA Out of Memory (OOM) during forward pass!
2026-05-07 16:25:14,911 - __main__ - ERROR -   Memory at OOM: 43693/44938MB
2026-05-07 16:25:15,184 - __main__ - ERROR -   Batch 164: CUDA Out of Memory (OOM) during forward pass!
2026-05-07 16:25:15,184 - __main__ - ERROR -   Memory at OOM: 43693/44938MB
2026-05-07 16:25:15,459 - __main__ - ERROR -   Batch 165: CUDA Out of Memory (OOM) during forward pass!
2026-05-07 16:25:15,459 - __main__ - ERROR -   Memory at OOM: 43693/44938MB
2026-05-07 16:25:15,732 - __main__ - ERROR -   Batch 166: CUDA Out of Memory (OOM) during forward pass!
2026-05-07 16:25:15,733 - __main__ - ERROR -   Memory at OOM: 43693/44938MB
2026-05-07 16:25:16,008 - __main__ - ERROR -   Batch 167: CUDA Out of Memory (OOM) during forward pass!
2026-05-07 16:25:16,009 - __main__ - ERROR -   Memory at OOM: 43693/44938MB
2026-05-07 16:25:16,284 - __main__ - ERROR -   Batch 168: CUDA Out of Memory (OOM) during forward pass!
2026-05-07 16:25:16,285 - __main__ - ERROR -   Memory at OOM: 43693/44938MB
2026-05-07 16:25:16,558 - __main__ - ERROR -   Batch 169: CUDA Out of Memory (OOM) during forward pass!
2026-05-07 16:25:16,558 - __main__ - ERROR -   Memory at OOM: 43693/44938MB
2026-05-07 16:25:16,832 - __main__ - ERROR -   Batch 170: CUDA Out of Memory (OOM) during forward pass!
2026-05-07 16:25:16,832 - __main__ - ERROR -   Memory at OOM: 43693/44938MB
2026-05-07 16:25:17,109 - __main__ - ERROR -   Batch 171: CUDA Out of Memory (OOM) during forward pass!
2026-05-07 16:25:17,110 - __main__ - ERROR -   Memory at OOM: 43693/44938MB
2026-05-07 16:25:17,383 - __main__ - ERROR -   Batch 172: CUDA Out of Memory (OOM) during forward pass!
2026-05-07 16:25:17,384 - __main__ - ERROR -   Memory at OOM: 43693/44938MB
2026-05-07 16:25:17,659 - __main__ - ERROR -   Batch 173: CUDA Out of Memory (OOM) during forward pass!
2026-05-07 16:25:17,659 - __main__ - ERROR -   Memory at OOM: 43693/44938MB
2026-05-07 16:25:17,935 - __main__ - ERROR -   Batch 174: CUDA Out of Memory (OOM) during forward pass!
2026-05-07 16:25:17,935 - __main__ - ERROR -   Memory at OOM: 43693/44938MB
2026-05-07 16:25:18,210 - __main__ - ERROR -   Batch 175: CUDA Out of Memory (OOM) during forward pass!
2026-05-07 16:25:18,211 - __main__ - ERROR -   Memory at OOM: 43693/44938MB
2026-05-07 16:25:18,484 - __main__ - ERROR -   Batch 176: CUDA Out of Memory (OOM) during forward pass!
2026-05-07 16:25:18,485 - __main__ - ERROR -   Memory at OOM: 43693/44938MB
2026-05-07 16:25:18,760 - __main__ - ERROR -   Batch 177: CUDA Out of Memory (OOM) during forward pass!
2026-05-07 16:25:18,760 - __main__ - ERROR -   Memory at OOM: 43693/44938MB
2026-05-07 16:25:19,036 - __main__ - ERROR -   Batch 178: CUDA Out of Memory (OOM) during forward pass!
2026-05-07 16:25:19,037 - __main__ - ERROR -   Memory at OOM: 43693/44938MB
2026-05-07 16:25:19,310 - __main__ - ERROR -   Batch 179: CUDA Out of Memory (OOM) during forward pass!
2026-05-07 16:25:19,311 - __main__ - ERROR -   Memory at OOM: 43693/44938MB
2026-05-07 16:25:19,583 - __main__ - ERROR -   Batch 180: CUDA Out of Memory (OOM) during forward pass!
2026-05-07 16:25:19,585 - __main__ - ERROR -   Memory at OOM: 43693/44938MB
2026-05-07 16:25:19,860 - __main__ - ERROR -   Batch 181: CUDA Out of Memory (OOM) during forward pass!
2026-05-07 16:25:19,861 - __main__ - ERROR -   Memory at OOM: 43693/44938MB
2026-05-07 16:25:20,137 - __main__ - ERROR -   Batch 182: CUDA Out of Memory (OOM) during forward pass!
2026-05-07 16:25:20,137 - __main__ - ERROR -   Memory at OOM: 43693/44938MB
2026-05-07 16:25:20,410 - __main__ - ERROR -   Batch 183: CUDA Out of Memory (OOM) during forward pass!
2026-05-07 16:25:20,410 - __main__ - ERROR -   Memory at OOM: 43693/44938MB
2026-05-07 16:25:20,682 - __main__ - ERROR -   Batch 184: CUDA Out of Memory (OOM) during forward pass!
2026-05-07 16:25:20,683 - __main__ - ERROR -   Memory at OOM: 43693/44938MB
2026-05-07 16:25:20,957 - __main__ - ERROR -   Batch 185: CUDA Out of Memory (OOM) during forward pass!
2026-05-07 16:25:20,958 - __main__ - ERROR -   Memory at OOM: 43693/44938MB
2026-05-07 16:25:21,233 - __main__ - ERROR -   Batch 186: CUDA Out of Memory (OOM) during forward pass!
2026-05-07 16:25:21,233 - __main__ - ERROR -   Memory at OOM: 43693/44938MB
2026-05-07 16:25:21,506 - __main__ - ERROR -   Batch 187: CUDA Out of Memory (OOM) during forward pass!
2026-05-07 16:25:21,507 - __main__ - ERROR -   Memory at OOM: 43693/44938MB
2026-05-07 16:25:21,782 - __main__ - ERROR -   Batch 188: CUDA Out of Memory (OOM) during forward pass!
2026-05-07 16:25:21,782 - __main__ - ERROR -   Memory at OOM: 43693/44938MB
2026-05-07 16:25:22,058 - __main__ - ERROR -   Batch 189: CUDA Out of Memory (OOM) during forward pass!
2026-05-07 16:25:22,059 - __main__ - ERROR -   Memory at OOM: 43693/44938MB
2026-05-07 16:25:22,331 - __main__ - ERROR -   Batch 190: CUDA Out of Memory (OOM) during forward pass!
2026-05-07 16:25:22,331 - __main__ - ERROR -   Memory at OOM: 43693/44938MB
2026-05-07 16:25:22,606 - __main__ - ERROR -   Batch 191: CUDA Out of Memory (OOM) during forward pass!
2026-05-07 16:25:22,607 - __main__ - ERROR -   Memory at OOM: 43693/44938MB
2026-05-07 16:25:22,882 - __main__ - ERROR -   Batch 192: CUDA Out of Memory (OOM) during forward pass!
2026-05-07 16:25:22,882 - __main__ - ERROR -   Memory at OOM: 43693/44938MB
2026-05-07 16:25:23,156 - __main__ - ERROR -   Batch 193: CUDA Out of Memory (OOM) during forward pass!
2026-05-07 16:25:23,156 - __main__ - ERROR -   Memory at OOM: 43693/44938MB
2026-05-07 16:25:23,429 - __main__ - ERROR -   Batch 194: CUDA Out of Memory (OOM) during forward pass!
2026-05-07 16:25:23,430 - __main__ - ERROR -   Memory at OOM: 43693/44938MB
2026-05-07 16:25:23,707 - __main__ - ERROR -   Batch 195: CUDA Out of Memory (OOM) during forward pass!
2026-05-07 16:25:23,708 - __main__ - ERROR -   Memory at OOM: 43693/44938MB
2026-05-07 16:25:23,981 - __main__ - ERROR -   Batch 196: CUDA Out of Memory (OOM) during forward pass!
2026-05-07 16:25:23,982 - __main__ - ERROR -   Memory at OOM: 43693/44938MB
2026-05-07 16:25:24,257 - __main__ - ERROR -   Batch 197: CUDA Out of Memory (OOM) during forward pass!
2026-05-07 16:25:24,257 - __main__ - ERROR -   Memory at OOM: 43693/44938MB
2026-05-07 16:25:24,530 - __main__ - ERROR -   Batch 198: CUDA Out of Memory (OOM) during forward pass!
2026-05-07 16:25:24,531 - __main__ - ERROR -   Memory at OOM: 43693/44938MB
2026-05-07 16:25:24,809 - __main__ - ERROR -   Batch 199: CUDA Out of Memory (OOM) during forward pass!
2026-05-07 16:25:24,810 - __main__ - ERROR -   Memory at OOM: 43693/44938MB
2026-05-07 16:25:25,081 - __main__ - ERROR -   Batch 200: CUDA Out of Memory (OOM) during forward pass!
2026-05-07 16:25:25,081 - __main__ - ERROR -   Memory at OOM: 43693/44938MB
2026-05-07 16:25:25,353 - __main__ - ERROR -   Batch 201: CUDA Out of Memory (OOM) during forward pass!
2026-05-07 16:25:25,354 - __main__ - ERROR -   Memory at OOM: 43693/44938MB
2026-05-07 16:25:25,629 - __main__ - ERROR -   Batch 202: CUDA Out of Memory (OOM) during forward pass!
2026-05-07 16:25:25,630 - __main__ - ERROR -   Memory at OOM: 43693/44938MB
2026-05-07 16:25:25,907 - __main__ - ERROR -   Batch 203: CUDA Out of Memory (OOM) during forward pass!
2026-05-07 16:25:25,908 - __main__ - ERROR -   Memory at OOM: 43693/44938MB
2026-05-07 16:25:26,181 - __main__ - ERROR -   Batch 204: CUDA Out of Memory (OOM) during forward pass!
2026-05-07 16:25:26,181 - __main__ - ERROR -   Memory at OOM: 43693/44938MB
2026-05-07 16:25:26,455 - __main__ - ERROR -   Batch 205: CUDA Out of Memory (OOM) during forward pass!
2026-05-07 16:25:26,456 - __main__ - ERROR -   Memory at OOM: 43693/44938MB
2026-05-07 16:25:26,729 - __main__ - ERROR -   Batch 206: CUDA Out of Memory (OOM) during forward pass!
2026-05-07 16:25:26,730 - __main__ - ERROR -   Memory at OOM: 43693/44938MB
2026-05-07 16:25:27,008 - __main__ - ERROR -   Batch 207: CUDA Out of Memory (OOM) during forward pass!
2026-05-07 16:25:27,008 - __main__ - ERROR -   Memory at OOM: 43693/44938MB
2026-05-07 16:25:27,281 - __main__ - ERROR -   Batch 208: CUDA Out of Memory (OOM) during forward pass!
2026-05-07 16:25:27,282 - __main__ - ERROR -   Memory at OOM: 43693/44938MB
2026-05-07 16:25:27,555 - __main__ - ERROR -   Batch 209: CUDA Out of Memory (OOM) during forward pass!
2026-05-07 16:25:27,556 - __main__ - ERROR -   Memory at OOM: 43693/44938MB
2026-05-07 16:25:27,832 - __main__ - ERROR -   Batch 210: CUDA Out of Memory (OOM) during forward pass!
2026-05-07 16:25:27,833 - __main__ - ERROR -   Memory at OOM: 43693/44938MB
2026-05-07 16:25:28,106 - __main__ - ERROR -   Batch 211: CUDA Out of Memory (OOM) during forward pass!
2026-05-07 16:25:28,107 - __main__ - ERROR -   Memory at OOM: 43693/44938MB
2026-05-07 16:25:28,380 - __main__ - ERROR -   Batch 212: CUDA Out of Memory (OOM) during forward pass!
2026-05-07 16:25:28,381 - __main__ - ERROR -   Memory at OOM: 43693/44938MB
2026-05-07 16:25:28,654 - __main__ - ERROR -   Batch 213: CUDA Out of Memory (OOM) during forward pass!
2026-05-07 16:25:28,655 - __main__ - ERROR -   Memory at OOM: 43693/44938MB
2026-05-07 16:25:28,930 - __main__ - ERROR -   Batch 214: CUDA Out of Memory (OOM) during forward pass!
2026-05-07 16:25:28,931 - __main__ - ERROR -   Memory at OOM: 43693/44938MB
2026-05-07 16:25:29,205 - __main__ - ERROR -   Batch 215: CUDA Out of Memory (OOM) during forward pass!
2026-05-07 16:25:29,205 - __main__ - ERROR -   Memory at OOM: 43693/44938MB
2026-05-07 16:25:29,479 - __main__ - ERROR -   Batch 216: CUDA Out of Memory (OOM) during forward pass!
2026-05-07 16:25:29,479 - __main__ - ERROR -   Memory at OOM: 43693/44938MB
2026-05-07 16:25:29,755 - __main__ - ERROR -   Batch 217: CUDA Out of Memory (OOM) during forward pass!
2026-05-07 16:25:29,756 - __main__ - ERROR -   Memory at OOM: 43693/44938MB
2026-05-07 16:25:30,031 - __main__ - ERROR -   Batch 218: CUDA Out of Memory (OOM) during forward pass!
2026-05-07 16:25:30,032 - __main__ - ERROR -   Memory at OOM: 43693/44938MB
2026-05-07 16:25:30,305 - __main__ - ERROR -   Batch 219: CUDA Out of Memory (OOM) during forward pass!
2026-05-07 16:25:30,305 - __main__ - ERROR -   Memory at OOM: 43693/44938MB
2026-05-07 16:25:30,579 - __main__ - ERROR -   Batch 220: CUDA Out of Memory (OOM) during forward pass!
2026-05-07 16:25:30,579 - __main__ - ERROR -   Memory at OOM: 43693/44938MB
2026-05-07 16:25:30,854 - __main__ - ERROR -   Batch 221: CUDA Out of Memory (OOM) during forward pass!
2026-05-07 16:25:30,855 - __main__ - ERROR -   Memory at OOM: 43693/44938MB
2026-05-07 16:25:31,129 - __main__ - ERROR -   Batch 222: CUDA Out of Memory (OOM) during forward pass!
2026-05-07 16:25:31,130 - __main__ - ERROR -   Memory at OOM: 43693/44938MB
2026-05-07 16:25:31,404 - __main__ - ERROR -   Batch 223: CUDA Out of Memory (OOM) during forward pass!
2026-05-07 16:25:31,404 - __main__ - ERROR -   Memory at OOM: 43693/44938MB
2026-05-07 16:25:31,680 - __main__ - ERROR -   Batch 224: CUDA Out of Memory (OOM) during forward pass!
2026-05-07 16:25:31,680 - __main__ - ERROR -   Memory at OOM: 43693/44938MB
2026-05-07 16:25:31,957 - __main__ - ERROR -   Batch 225: CUDA Out of Memory (OOM) during forward pass!
2026-05-07 16:25:31,958 - __main__ - ERROR -   Memory at OOM: 43693/44938MB
2026-05-07 16:25:32,232 - __main__ - ERROR -   Batch 226: CUDA Out of Memory (OOM) during forward pass!
2026-05-07 16:25:32,232 - __main__ - ERROR -   Memory at OOM: 43693/44938MB
2026-05-07 16:25:32,505 - __main__ - ERROR -   Batch 227: CUDA Out of Memory (OOM) during forward pass!
2026-05-07 16:25:32,506 - __main__ - ERROR -   Memory at OOM: 43693/44938MB
2026-05-07 16:25:32,779 - __main__ - ERROR -   Batch 228: CUDA Out of Memory (OOM) during forward pass!
2026-05-07 16:25:32,779 - __main__ - ERROR -   Memory at OOM: 43693/44938MB
2026-05-07 16:25:33,055 - __main__ - ERROR -   Batch 229: CUDA Out of Memory (OOM) during forward pass!
2026-05-07 16:25:33,056 - __main__ - ERROR -   Memory at OOM: 43693/44938MB
2026-05-07 16:25:33,331 - __main__ - ERROR -   Batch 230: CUDA Out of Memory (OOM) during forward pass!
2026-05-07 16:25:33,332 - __main__ - ERROR -   Memory at OOM: 43693/44938MB
2026-05-07 16:25:33,605 - __main__ - ERROR -   Batch 231: CUDA Out of Memory (OOM) during forward pass!
2026-05-07 16:25:33,605 - __main__ - ERROR -   Memory at OOM: 43693/44938MB
2026-05-07 16:25:33,881 - __main__ - ERROR -   Batch 232: CUDA Out of Memory (OOM) during forward pass!
2026-05-07 16:25:33,882 - __main__ - ERROR -   Memory at OOM: 43693/44938MB
2026-05-07 16:25:34,159 - __main__ - ERROR -   Batch 233: CUDA Out of Memory (OOM) during forward pass!
2026-05-07 16:25:34,159 - __main__ - ERROR -   Memory at OOM: 43693/44938MB
2026-05-07 16:25:34,435 - __main__ - ERROR -   Batch 234: CUDA Out of Memory (OOM) during forward pass!
2026-05-07 16:25:34,436 - __main__ - ERROR -   Memory at OOM: 43693/44938MB
2026-05-07 16:25:34,708 - __main__ - ERROR -   Batch 235: CUDA Out of Memory (OOM) during forward pass!
2026-05-07 16:25:34,709 - __main__ - ERROR -   Memory at OOM: 43693/44938MB
2026-05-07 16:25:34,986 - __main__ - ERROR -   Batch 236: CUDA Out of Memory (OOM) during forward pass!
2026-05-07 16:25:34,987 - __main__ - ERROR -   Memory at OOM: 43693/44938MB
2026-05-07 16:25:35,263 - __main__ - ERROR -   Batch 237: CUDA Out of Memory (OOM) during forward pass!
2026-05-07 16:25:35,264 - __main__ - ERROR -   Memory at OOM: 43693/44938MB
2026-05-07 16:25:35,539 - __main__ - ERROR -   Batch 238: CUDA Out of Memory (OOM) during forward pass!
2026-05-07 16:25:35,539 - __main__ - ERROR -   Memory at OOM: 43693/44938MB
2026-05-07 16:25:35,813 - __main__ - ERROR -   Batch 239: CUDA Out of Memory (OOM) during forward pass!
2026-05-07 16:25:35,813 - __main__ - ERROR -   Memory at OOM: 43693/44938MB
2026-05-07 16:25:36,090 - __main__ - ERROR -   Batch 240: CUDA Out of Memory (OOM) during forward pass!
2026-05-07 16:25:36,090 - __main__ - ERROR -   Memory at OOM: 43693/44938MB
2026-05-07 16:25:36,364 - __main__ - ERROR -   Batch 241: CUDA Out of Memory (OOM) during forward pass!
2026-05-07 16:25:36,364 - __main__ - ERROR -   Memory at OOM: 43693/44938MB
2026-05-07 16:25:36,638 - __main__ - ERROR -   Batch 242: CUDA Out of Memory (OOM) during forward pass!
2026-05-07 16:25:36,638 - __main__ - ERROR -   Memory at OOM: 43693/44938MB
2026-05-07 16:25:36,913 - __main__ - ERROR -   Batch 243: CUDA Out of Memory (OOM) during forward pass!
2026-05-07 16:25:36,913 - __main__ - ERROR -   Memory at OOM: 43693/44938MB
2026-05-07 16:25:37,189 - __main__ - ERROR -   Batch 244: CUDA Out of Memory (OOM) during forward pass!
2026-05-07 16:25:37,190 - __main__ - ERROR -   Memory at OOM: 43693/44938MB
2026-05-07 16:25:37,466 - __main__ - ERROR -   Batch 245: CUDA Out of Memory (OOM) during forward pass!
2026-05-07 16:25:37,466 - __main__ - ERROR -   Memory at OOM: 43693/44938MB
2026-05-07 16:25:37,741 - __main__ - ERROR -   Batch 246: CUDA Out of Memory (OOM) during forward pass!
2026-05-07 16:25:37,743 - __main__ - ERROR -   Memory at OOM: 43693/44938MB
2026-05-07 16:25:38,017 - __main__ - ERROR -   Batch 247: CUDA Out of Memory (OOM) during forward pass!
2026-05-07 16:25:38,018 - __main__ - ERROR -   Memory at OOM: 43693/44938MB
2026-05-07 16:25:38,293 - __main__ - ERROR -   Batch 248: CUDA Out of Memory (OOM) during forward pass!
2026-05-07 16:25:38,293 - __main__ - ERROR -   Memory at OOM: 43693/44938MB
2026-05-07 16:25:38,568 - __main__ - ERROR -   Batch 249: CUDA Out of Memory (OOM) during forward pass!
2026-05-07 16:25:38,569 - __main__ - ERROR -   Memory at OOM: 43693/44938MB
2026-05-07 16:25:38,844 - __main__ - ERROR -   Batch 250: CUDA Out of Memory (OOM) during forward pass!
2026-05-07 16:25:38,844 - __main__ - ERROR -   Memory at OOM: 43693/44938MB
2026-05-07 16:25:39,120 - __main__ - ERROR -   Batch 251: CUDA Out of Memory (OOM) during forward pass!
2026-05-07 16:25:39,121 - __main__ - ERROR -   Memory at OOM: 43693/44938MB
2026-05-07 16:25:39,396 - __main__ - ERROR -   Batch 252: CUDA Out of Memory (OOM) during forward pass!
2026-05-07 16:25:39,397 - __main__ - ERROR -   Memory at OOM: 43693/44938MB
2026-05-07 16:25:39,672 - __main__ - ERROR -   Batch 253: CUDA Out of Memory (OOM) during forward pass!
2026-05-07 16:25:39,673 - __main__ - ERROR -   Memory at OOM: 43693/44938MB
2026-05-07 16:25:39,948 - __main__ - ERROR -   Batch 254: CUDA Out of Memory (OOM) during forward pass!
2026-05-07 16:25:39,949 - __main__ - ERROR -   Memory at OOM: 43693/44938MB
2026-05-07 16:25:40,222 - __main__ - ERROR -   Batch 255: CUDA Out of Memory (OOM) during forward pass!
2026-05-07 16:25:40,222 - __main__ - ERROR -   Memory at OOM: 43693/44938MB
2026-05-07 16:25:40,496 - __main__ - ERROR -   Batch 256: CUDA Out of Memory (OOM) during forward pass!
2026-05-07 16:25:40,498 - __main__ - ERROR -   Memory at OOM: 43693/44938MB
2026-05-07 16:25:40,771 - __main__ - ERROR -   Batch 257: CUDA Out of Memory (OOM) during forward pass!
2026-05-07 16:25:40,772 - __main__ - ERROR -   Memory at OOM: 43693/44938MB
2026-05-07 16:25:41,048 - __main__ - ERROR -   Batch 258: CUDA Out of Memory (OOM) during forward pass!
2026-05-07 16:25:41,048 - __main__ - ERROR -   Memory at OOM: 43693/44938MB
2026-05-07 16:25:41,324 - __main__ - ERROR -   Batch 259: CUDA Out of Memory (OOM) during forward pass!
2026-05-07 16:25:41,324 - __main__ - ERROR -   Memory at OOM: 43693/44938MB
2026-05-07 16:25:41,600 - __main__ - ERROR -   Batch 260: CUDA Out of Memory (OOM) during forward pass!
2026-05-07 16:25:41,600 - __main__ - ERROR -   Memory at OOM: 43693/44938MB
2026-05-07 16:25:41,876 - __main__ - ERROR -   Batch 261: CUDA Out of Memory (OOM) during forward pass!
2026-05-07 16:25:41,876 - __main__ - ERROR -   Memory at OOM: 43693/44938MB
2026-05-07 16:25:42,153 - __main__ - ERROR -   Batch 262: CUDA Out of Memory (OOM) during forward pass!
2026-05-07 16:25:42,153 - __main__ - ERROR -   Memory at OOM: 43693/44938MB
2026-05-07 16:25:42,427 - __main__ - ERROR -   Batch 263: CUDA Out of Memory (OOM) during forward pass!
2026-05-07 16:25:42,428 - __main__ - ERROR -   Memory at OOM: 43693/44938MB
2026-05-07 16:25:42,704 - __main__ - ERROR -   Batch 264: CUDA Out of Memory (OOM) during forward pass!
2026-05-07 16:25:42,705 - __main__ - ERROR -   Memory at OOM: 43693/44938MB
2026-05-07 16:25:42,981 - __main__ - ERROR -   Batch 265: CUDA Out of Memory (OOM) during forward pass!
2026-05-07 16:25:42,982 - __main__ - ERROR -   Memory at OOM: 43693/44938MB
2026-05-07 16:25:43,256 - __main__ - ERROR -   Batch 266: CUDA Out of Memory (OOM) during forward pass!
2026-05-07 16:25:43,256 - __main__ - ERROR -   Memory at OOM: 43693/44938MB
2026-05-07 16:25:43,530 - __main__ - ERROR -   Batch 267: CUDA Out of Memory (OOM) during forward pass!
2026-05-07 16:25:43,531 - __main__ - ERROR -   Memory at OOM: 43693/44938MB
2026-05-07 16:25:43,806 - __main__ - ERROR -   Batch 268: CUDA Out of Memory (OOM) during forward pass!
2026-05-07 16:25:43,807 - __main__ - ERROR -   Memory at OOM: 43693/44938MB
2026-05-07 16:25:44,082 - __main__ - ERROR -   Batch 269: CUDA Out of Memory (OOM) during forward pass!
2026-05-07 16:25:44,083 - __main__ - ERROR -   Memory at OOM: 43693/44938MB
2026-05-07 16:25:44,356 - __main__ - ERROR -   Batch 270: CUDA Out of Memory (OOM) during forward pass!
2026-05-07 16:25:44,356 - __main__ - ERROR -   Memory at OOM: 43693/44938MB
2026-05-07 16:25:44,634 - __main__ - ERROR -   Batch 271: CUDA Out of Memory (OOM) during forward pass!
2026-05-07 16:25:44,634 - __main__ - ERROR -   Memory at OOM: 43693/44938MB
2026-05-07 16:25:44,910 - __main__ - ERROR -   Batch 272: CUDA Out of Memory (OOM) during forward pass!
2026-05-07 16:25:44,911 - __main__ - ERROR -   Memory at OOM: 43693/44938MB
2026-05-07 16:25:45,186 - __main__ - ERROR -   Batch 273: CUDA Out of Memory (OOM) during forward pass!
2026-05-07 16:25:45,186 - __main__ - ERROR -   Memory at OOM: 43693/44938MB
2026-05-07 16:25:45,460 - __main__ - ERROR -   Batch 274: CUDA Out of Memory (OOM) during forward pass!
2026-05-07 16:25:45,460 - __main__ - ERROR -   Memory at OOM: 43693/44938MB
2026-05-07 16:25:45,735 - __main__ - ERROR -   Batch 275: CUDA Out of Memory (OOM) during forward pass!
2026-05-07 16:25:45,736 - __main__ - ERROR -   Memory at OOM: 43693/44938MB
2026-05-07 16:25:46,014 - __main__ - ERROR -   Batch 276: CUDA Out of Memory (OOM) during forward pass!
2026-05-07 16:25:46,014 - __main__ - ERROR -   Memory at OOM: 43693/44938MB
2026-05-07 16:25:46,289 - __main__ - ERROR -   Batch 277: CUDA Out of Memory (OOM) during forward pass!
2026-05-07 16:25:46,289 - __main__ - ERROR -   Memory at OOM: 43693/44938MB
2026-05-07 16:25:46,563 - __main__ - ERROR -   Batch 278: CUDA Out of Memory (OOM) during forward pass!
2026-05-07 16:25:46,563 - __main__ - ERROR -   Memory at OOM: 43693/44938MB
2026-05-07 16:25:46,839 - __main__ - ERROR -   Batch 279: CUDA Out of Memory (OOM) during forward pass!
2026-05-07 16:25:46,840 - __main__ - ERROR -   Memory at OOM: 43693/44938MB
2026-05-07 16:25:47,116 - __main__ - ERROR -   Batch 280: CUDA Out of Memory (OOM) during forward pass!
2026-05-07 16:25:47,116 - __main__ - ERROR -   Memory at OOM: 43693/44938MB
2026-05-07 16:25:47,390 - __main__ - ERROR -   Batch 281: CUDA Out of Memory (OOM) during forward pass!
2026-05-07 16:25:47,391 - __main__ - ERROR -   Memory at OOM: 43693/44938MB
2026-05-07 16:25:47,665 - __main__ - ERROR -   Batch 282: CUDA Out of Memory (OOM) during forward pass!
2026-05-07 16:25:47,666 - __main__ - ERROR -   Memory at OOM: 43693/44938MB
2026-05-07 16:25:47,942 - __main__ - ERROR -   Batch 283: CUDA Out of Memory (OOM) during forward pass!
2026-05-07 16:25:47,943 - __main__ - ERROR -   Memory at OOM: 43693/44938MB
2026-05-07 16:25:48,219 - __main__ - ERROR -   Batch 284: CUDA Out of Memory (OOM) during forward pass!
2026-05-07 16:25:48,221 - __main__ - ERROR -   Memory at OOM: 43693/44938MB
2026-05-07 16:25:48,493 - __main__ - ERROR -   Batch 285: CUDA Out of Memory (OOM) during forward pass!
2026-05-07 16:25:48,493 - __main__ - ERROR -   Memory at OOM: 43693/44938MB
2026-05-07 16:25:48,768 - __main__ - ERROR -   Batch 286: CUDA Out of Memory (OOM) during forward pass!
2026-05-07 16:25:48,768 - __main__ - ERROR -   Memory at OOM: 43693/44938MB
2026-05-07 16:25:49,045 - __main__ - ERROR -   Batch 287: CUDA Out of Memory (OOM) during forward pass!
2026-05-07 16:25:49,046 - __main__ - ERROR -   Memory at OOM: 43693/44938MB
2026-05-07 16:25:49,321 - __main__ - ERROR -   Batch 288: CUDA Out of Memory (OOM) during forward pass!
2026-05-07 16:25:49,321 - __main__ - ERROR -   Memory at OOM: 43693/44938MB
2026-05-07 16:25:49,595 - __main__ - ERROR -   Batch 289: CUDA Out of Memory (OOM) during forward pass!
2026-05-07 16:25:49,595 - __main__ - ERROR -   Memory at OOM: 43693/44938MB
2026-05-07 16:25:49,873 - __main__ - ERROR -   Batch 290: CUDA Out of Memory (OOM) during forward pass!
2026-05-07 16:25:49,873 - __main__ - ERROR -   Memory at OOM: 43693/44938MB
2026-05-07 16:25:50,148 - __main__ - ERROR -   Batch 291: CUDA Out of Memory (OOM) during forward pass!
2026-05-07 16:25:50,148 - __main__ - ERROR -   Memory at OOM: 43693/44938MB
2026-05-07 16:25:50,425 - __main__ - ERROR -   Batch 292: CUDA Out of Memory (OOM) during forward pass!
2026-05-07 16:25:50,425 - __main__ - ERROR -   Memory at OOM: 43693/44938MB
2026-05-07 16:25:50,699 - __main__ - ERROR -   Batch 293: CUDA Out of Memory (OOM) during forward pass!
2026-05-07 16:25:50,699 - __main__ - ERROR -   Memory at OOM: 43693/44938MB
2026-05-07 16:25:50,975 - __main__ - ERROR -   Batch 294: CUDA Out of Memory (OOM) during forward pass!
2026-05-07 16:25:50,977 - __main__ - ERROR -   Memory at OOM: 43693/44938MB
2026-05-07 16:25:51,253 - __main__ - ERROR -   Batch 295: CUDA Out of Memory (OOM) during forward pass!
2026-05-07 16:25:51,253 - __main__ - ERROR -   Memory at OOM: 43693/44938MB
2026-05-07 16:25:51,528 - __main__ - ERROR -   Batch 296: CUDA Out of Memory (OOM) during forward pass!
2026-05-07 16:25:51,529 - __main__ - ERROR -   Memory at OOM: 43693/44938MB
2026-05-07 16:25:51,803 - __main__ - ERROR -   Batch 297: CUDA Out of Memory (OOM) during forward pass!
2026-05-07 16:25:51,804 - __main__ - ERROR -   Memory at OOM: 43693/44938MB
2026-05-07 16:25:52,080 - __main__ - ERROR -   Batch 298: CUDA Out of Memory (OOM) during forward pass!
2026-05-07 16:25:52,080 - __main__ - ERROR -   Memory at OOM: 43693/44938MB
2026-05-07 16:25:52,356 - __main__ - ERROR -   Batch 299: CUDA Out of Memory (OOM) during forward pass!
2026-05-07 16:25:52,356 - __main__ - ERROR -   Memory at OOM: 43693/44938MB
2026-05-07 16:25:52,632 - __main__ - ERROR -   Batch 300: CUDA Out of Memory (OOM) during forward pass!
2026-05-07 16:25:52,633 - __main__ - ERROR -   Memory at OOM: 43693/44938MB
2026-05-07 16:25:52,910 - __main__ - ERROR -   Batch 301: CUDA Out of Memory (OOM) during forward pass!
2026-05-07 16:25:52,910 - __main__ - ERROR -   Memory at OOM: 43693/44938MB
2026-05-07 16:25:53,184 - __main__ - ERROR -   Batch 302: CUDA Out of Memory (OOM) during forward pass!
2026-05-07 16:25:53,184 - __main__ - ERROR -   Memory at OOM: 43693/44938MB
2026-05-07 16:25:53,458 - __main__ - ERROR -   Batch 303: CUDA Out of Memory (OOM) during forward pass!
2026-05-07 16:25:53,459 - __main__ - ERROR -   Memory at OOM: 43693/44938MB
2026-05-07 16:25:53,734 - __main__ - ERROR -   Batch 304: CUDA Out of Memory (OOM) during forward pass!
2026-05-07 16:25:53,735 - __main__ - ERROR -   Memory at OOM: 43693/44938MB
2026-05-07 16:25:54,013 - __main__ - ERROR -   Batch 305: CUDA Out of Memory (OOM) during forward pass!
2026-05-07 16:25:54,013 - __main__ - ERROR -   Memory at OOM: 43693/44938MB
2026-05-07 16:25:54,287 - __main__ - ERROR -   Batch 306: CUDA Out of Memory (OOM) during forward pass!
2026-05-07 16:25:54,287 - __main__ - ERROR -   Memory at OOM: 43693/44938MB
2026-05-07 16:25:54,561 - __main__ - ERROR -   Batch 307: CUDA Out of Memory (OOM) during forward pass!
2026-05-07 16:25:54,561 - __main__ - ERROR -   Memory at OOM: 43693/44938MB
2026-05-07 16:25:54,839 - __main__ - ERROR -   Batch 308: CUDA Out of Memory (OOM) during forward pass!
2026-05-07 16:25:54,839 - __main__ - ERROR -   Memory at OOM: 43693/44938MB
2026-05-07 16:25:55,113 - __main__ - ERROR -   Batch 309: CUDA Out of Memory (OOM) during forward pass!
2026-05-07 16:25:55,113 - __main__ - ERROR -   Memory at OOM: 43693/44938MB
2026-05-07 16:25:55,390 - __main__ - ERROR -   Batch 310: CUDA Out of Memory (OOM) during forward pass!
2026-05-07 16:25:55,391 - __main__ - ERROR -   Memory at OOM: 43693/44938MB
2026-05-07 16:25:55,665 - __main__ - ERROR -   Batch 311: CUDA Out of Memory (OOM) during forward pass!
2026-05-07 16:25:55,666 - __main__ - ERROR -   Memory at OOM: 43693/44938MB
2026-05-07 16:25:55,941 - __main__ - ERROR -   Batch 312: CUDA Out of Memory (OOM) during forward pass!
2026-05-07 16:25:55,942 - __main__ - ERROR -   Memory at OOM: 43693/44938MB
2026-05-07 16:25:56,217 - __main__ - ERROR -   Batch 313: CUDA Out of Memory (OOM) during forward pass!
2026-05-07 16:25:56,217 - __main__ - ERROR -   Memory at OOM: 43693/44938MB
2026-05-07 16:25:56,491 - __main__ - ERROR -   Batch 314: CUDA Out of Memory (OOM) during forward pass!
2026-05-07 16:25:56,491 - __main__ - ERROR -   Memory at OOM: 43693/44938MB
2026-05-07 16:25:56,767 - __main__ - ERROR -   Batch 315: CUDA Out of Memory (OOM) during forward pass!
2026-05-07 16:25:56,768 - __main__ - ERROR -   Memory at OOM: 43693/44938MB
2026-05-07 16:25:57,042 - __main__ - ERROR -   Batch 316: CUDA Out of Memory (OOM) during forward pass!
2026-05-07 16:25:57,043 - __main__ - ERROR -   Memory at OOM: 43693/44938MB
2026-05-07 16:25:57,318 - __main__ - ERROR -   Batch 317: CUDA Out of Memory (OOM) during forward pass!
2026-05-07 16:25:57,320 - __main__ - ERROR -   Memory at OOM: 43693/44938MB
2026-05-07 16:25:57,592 - __main__ - ERROR -   Batch 318: CUDA Out of Memory (OOM) during forward pass!
2026-05-07 16:25:57,593 - __main__ - ERROR -   Memory at OOM: 43693/44938MB
2026-05-07 16:25:57,870 - __main__ - ERROR -   Batch 319: CUDA Out of Memory (OOM) during forward pass!
2026-05-07 16:25:57,871 - __main__ - ERROR -   Memory at OOM: 43693/44938MB
2026-05-07 16:25:58,146 - __main__ - ERROR -   Batch 320: CUDA Out of Memory (OOM) during forward pass!
2026-05-07 16:25:58,147 - __main__ - ERROR -   Memory at OOM: 43693/44938MB
2026-05-07 16:25:58,422 - __main__ - ERROR -   Batch 321: CUDA Out of Memory (OOM) during forward pass!
2026-05-07 16:25:58,422 - __main__ - ERROR -   Memory at OOM: 43693/44938MB
2026-05-07 16:25:58,696 - __main__ - ERROR -   Batch 322: CUDA Out of Memory (OOM) during forward pass!
2026-05-07 16:25:58,697 - __main__ - ERROR -   Memory at OOM: 43693/44938MB
2026-05-07 16:25:58,972 - __main__ - ERROR -   Batch 323: CUDA Out of Memory (OOM) during forward pass!
2026-05-07 16:25:58,972 - __main__ - ERROR -   Memory at OOM: 43693/44938MB
2026-05-07 16:25:59,252 - __main__ - ERROR -   Batch 324: CUDA Out of Memory (OOM) during forward pass!
2026-05-07 16:25:59,252 - __main__ - ERROR -   Memory at OOM: 43693/44938MB
2026-05-07 16:25:59,524 - __main__ - ERROR -   Batch 325: CUDA Out of Memory (OOM) during forward pass!
2026-05-07 16:25:59,525 - __main__ - ERROR -   Memory at OOM: 43693/44938MB
2026-05-07 16:25:59,802 - __main__ - ERROR -   Batch 326: CUDA Out of Memory (OOM) during forward pass!
2026-05-07 16:25:59,802 - __main__ - ERROR -   Memory at OOM: 43693/44938MB
2026-05-07 16:26:00,076 - __main__ - ERROR -   Batch 327: CUDA Out of Memory (OOM) during forward pass!
2026-05-07 16:26:00,077 - __main__ - ERROR -   Memory at OOM: 43693/44938MB
2026-05-07 16:26:00,351 - __main__ - ERROR -   Batch 328: CUDA Out of Memory (OOM) during forward pass!
2026-05-07 16:26:00,352 - __main__ - ERROR -   Memory at OOM: 43693/44938MB
2026-05-07 16:26:00,630 - __main__ - ERROR -   Batch 329: CUDA Out of Memory (OOM) during forward pass!
2026-05-07 16:26:00,630 - __main__ - ERROR -   Memory at OOM: 43693/44938MB
2026-05-07 16:26:00,906 - __main__ - ERROR -   Batch 330: CUDA Out of Memory (OOM) during forward pass!
2026-05-07 16:26:00,906 - __main__ - ERROR -   Memory at OOM: 43693/44938MB
2026-05-07 16:26:01,182 - __main__ - ERROR -   Batch 331: CUDA Out of Memory (OOM) during forward pass!
2026-05-07 16:26:01,183 - __main__ - ERROR -   Memory at OOM: 43693/44938MB
2026-05-07 16:26:01,456 - __main__ - ERROR -   Batch 332: CUDA Out of Memory (OOM) during forward pass!
2026-05-07 16:26:01,456 - __main__ - ERROR -   Memory at OOM: 43693/44938MB
2026-05-07 16:26:01,731 - __main__ - ERROR -   Batch 333: CUDA Out of Memory (OOM) during forward pass!
2026-05-07 16:26:01,731 - __main__ - ERROR -   Memory at OOM: 43693/44938MB
2026-05-07 16:26:02,008 - __main__ - ERROR -   Batch 334: CUDA Out of Memory (OOM) during forward pass!
2026-05-07 16:26:02,009 - __main__ - ERROR -   Memory at OOM: 43693/44938MB
2026-05-07 16:26:02,285 - __main__ - ERROR -   Batch 335: CUDA Out of Memory (OOM) during forward pass!
2026-05-07 16:26:02,285 - __main__ - ERROR -   Memory at OOM: 43693/44938MB
2026-05-07 16:26:02,560 - __main__ - ERROR -   Batch 336: CUDA Out of Memory (OOM) during forward pass!
2026-05-07 16:26:02,560 - __main__ - ERROR -   Memory at OOM: 43693/44938MB
2026-05-07 16:26:02,837 - __main__ - ERROR -   Batch 337: CUDA Out of Memory (OOM) during forward pass!
2026-05-07 16:26:02,838 - __main__ - ERROR -   Memory at OOM: 43693/44938MB
2026-05-07 16:26:03,112 - __main__ - ERROR -   Batch 338: CUDA Out of Memory (OOM) during forward pass!
2026-05-07 16:26:03,113 - __main__ - ERROR -   Memory at OOM: 43693/44938MB
2026-05-07 16:26:03,388 - __main__ - ERROR -   Batch 339: CUDA Out of Memory (OOM) during forward pass!
2026-05-07 16:26:03,389 - __main__ - ERROR -   Memory at OOM: 43693/44938MB
2026-05-07 16:26:03,663 - __main__ - ERROR -   Batch 340: CUDA Out of Memory (OOM) during forward pass!
2026-05-07 16:26:03,663 - __main__ - ERROR -   Memory at OOM: 43693/44938MB
2026-05-07 16:26:03,938 - __main__ - ERROR -   Batch 341: CUDA Out of Memory (OOM) during forward pass!
2026-05-07 16:26:03,939 - __main__ - ERROR -   Memory at OOM: 43693/44938MB
2026-05-07 16:26:04,215 - __main__ - ERROR -   Batch 342: CUDA Out of Memory (OOM) during forward pass!
2026-05-07 16:26:04,216 - __main__ - ERROR -   Memory at OOM: 43693/44938MB
2026-05-07 16:26:04,489 - __main__ - ERROR -   Batch 343: CUDA Out of Memory (OOM) during forward pass!
2026-05-07 16:26:04,490 - __main__ - ERROR -   Memory at OOM: 43693/44938MB
2026-05-07 16:26:04,767 - __main__ - ERROR -   Batch 344: CUDA Out of Memory (OOM) during forward pass!
2026-05-07 16:26:04,768 - __main__ - ERROR -   Memory at OOM: 43693/44938MB
2026-05-07 16:26:05,042 - __main__ - ERROR -   Batch 345: CUDA Out of Memory (OOM) during forward pass!
2026-05-07 16:26:05,043 - __main__ - ERROR -   Memory at OOM: 43693/44938MB
2026-05-07 16:26:05,318 - __main__ - ERROR -   Batch 346: CUDA Out of Memory (OOM) during forward pass!
2026-05-07 16:26:05,318 - __main__ - ERROR -   Memory at OOM: 43693/44938MB
2026-05-07 16:26:05,595 - __main__ - ERROR -   Batch 347: CUDA Out of Memory (OOM) during forward pass!
2026-05-07 16:26:05,595 - __main__ - ERROR -   Memory at OOM: 43693/44938MB
2026-05-07 16:26:05,871 - __main__ - ERROR -   Batch 348: CUDA Out of Memory (OOM) during forward pass!
2026-05-07 16:26:05,871 - __main__ - ERROR -   Memory at OOM: 43693/44938MB
2026-05-07 16:26:06,148 - __main__ - ERROR -   Batch 349: CUDA Out of Memory (OOM) during forward pass!
2026-05-07 16:26:06,148 - __main__ - ERROR -   Memory at OOM: 43693/44938MB
2026-05-07 16:26:06,423 - __main__ - ERROR -   Batch 350: CUDA Out of Memory (OOM) during forward pass!
2026-05-07 16:26:06,423 - __main__ - ERROR -   Memory at OOM: 43693/44938MB
2026-05-07 16:26:06,699 - __main__ - ERROR -   Batch 351: CUDA Out of Memory (OOM) during forward pass!
2026-05-07 16:26:06,700 - __main__ - ERROR -   Memory at OOM: 43693/44938MB
2026-05-07 16:26:06,975 - __main__ - ERROR -   Batch 352: CUDA Out of Memory (OOM) during forward pass!
2026-05-07 16:26:06,975 - __main__ - ERROR -   Memory at OOM: 43693/44938MB
2026-05-07 16:26:07,249 - __main__ - ERROR -   Batch 353: CUDA Out of Memory (OOM) during forward pass!
2026-05-07 16:26:07,250 - __main__ - ERROR -   Memory at OOM: 43693/44938MB
2026-05-07 16:26:07,526 - __main__ - ERROR -   Batch 354: CUDA Out of Memory (OOM) during forward pass!
2026-05-07 16:26:07,526 - __main__ - ERROR -   Memory at OOM: 43693/44938MB
2026-05-07 16:26:07,802 - __main__ - ERROR -   Batch 355: CUDA Out of Memory (OOM) during forward pass!
2026-05-07 16:26:07,802 - __main__ - ERROR -   Memory at OOM: 43693/44938MB
2026-05-07 16:26:08,077 - __main__ - ERROR -   Batch 356: CUDA Out of Memory (OOM) during forward pass!
2026-05-07 16:26:08,077 - __main__ - ERROR -   Memory at OOM: 43693/44938MB
2026-05-07 16:26:08,353 - __main__ - ERROR -   Batch 357: CUDA Out of Memory (OOM) during forward pass!
2026-05-07 16:26:08,354 - __main__ - ERROR -   Memory at OOM: 43693/44938MB
2026-05-07 16:26:08,630 - __main__ - ERROR -   Batch 358: CUDA Out of Memory (OOM) during forward pass!
2026-05-07 16:26:08,630 - __main__ - ERROR -   Memory at OOM: 43693/44938MB
2026-05-07 16:26:08,906 - __main__ - ERROR -   Batch 359: CUDA Out of Memory (OOM) during forward pass!
2026-05-07 16:26:08,907 - __main__ - ERROR -   Memory at OOM: 43693/44938MB
2026-05-07 16:26:09,182 - __main__ - ERROR -   Batch 360: CUDA Out of Memory (OOM) during forward pass!
2026-05-07 16:26:09,183 - __main__ - ERROR -   Memory at OOM: 43693/44938MB
2026-05-07 16:26:09,458 - __main__ - ERROR -   Batch 361: CUDA Out of Memory (OOM) during forward pass!
2026-05-07 16:26:09,459 - __main__ - ERROR -   Memory at OOM: 43693/44938MB
2026-05-07 16:26:09,734 - __main__ - ERROR -   Batch 362: CUDA Out of Memory (OOM) during forward pass!
2026-05-07 16:26:09,735 - __main__ - ERROR -   Memory at OOM: 43693/44938MB
2026-05-07 16:26:10,011 - __main__ - ERROR -   Batch 363: CUDA Out of Memory (OOM) during forward pass!
2026-05-07 16:26:10,012 - __main__ - ERROR -   Memory at OOM: 43693/44938MB
2026-05-07 16:26:10,288 - __main__ - ERROR -   Batch 364: CUDA Out of Memory (OOM) during forward pass!
2026-05-07 16:26:10,288 - __main__ - ERROR -   Memory at OOM: 43693/44938MB
2026-05-07 16:26:10,565 - __main__ - ERROR -   Batch 365: CUDA Out of Memory (OOM) during forward pass!
2026-05-07 16:26:10,566 - __main__ - ERROR -   Memory at OOM: 43693/44938MB
2026-05-07 16:26:10,841 - __main__ - ERROR -   Batch 366: CUDA Out of Memory (OOM) during forward pass!
2026-05-07 16:26:10,841 - __main__ - ERROR -   Memory at OOM: 43693/44938MB
2026-05-07 16:26:11,117 - __main__ - ERROR -   Batch 367: CUDA Out of Memory (OOM) during forward pass!
2026-05-07 16:26:11,117 - __main__ - ERROR -   Memory at OOM: 43693/44938MB
2026-05-07 16:26:11,393 - __main__ - ERROR -   Batch 368: CUDA Out of Memory (OOM) during forward pass!
2026-05-07 16:26:11,394 - __main__ - ERROR -   Memory at OOM: 43693/44938MB
2026-05-07 16:26:11,671 - __main__ - ERROR -   Batch 369: CUDA Out of Memory (OOM) during forward pass!
2026-05-07 16:26:11,671 - __main__ - ERROR -   Memory at OOM: 43693/44938MB
2026-05-07 16:26:11,946 - __main__ - ERROR -   Batch 370: CUDA Out of Memory (OOM) during forward pass!
2026-05-07 16:26:11,948 - __main__ - ERROR -   Memory at OOM: 43693/44938MB
2026-05-07 16:26:12,222 - __main__ - ERROR -   Batch 371: CUDA Out of Memory (OOM) during forward pass!
2026-05-07 16:26:12,223 - __main__ - ERROR -   Memory at OOM: 43693/44938MB
2026-05-07 16:26:12,498 - __main__ - ERROR -   Batch 372: CUDA Out of Memory (OOM) during forward pass!
2026-05-07 16:26:12,498 - __main__ - ERROR -   Memory at OOM: 43693/44938MB
2026-05-07 16:26:12,775 - __main__ - ERROR -   Batch 373: CUDA Out of Memory (OOM) during forward pass!
2026-05-07 16:26:12,776 - __main__ - ERROR -   Memory at OOM: 43693/44938MB
2026-05-07 16:26:13,052 - __main__ - ERROR -   Batch 374: CUDA Out of Memory (OOM) during forward pass!
2026-05-07 16:26:13,052 - __main__ - ERROR -   Memory at OOM: 43693/44938MB
2026-05-07 16:26:13,328 - __main__ - ERROR -   Batch 375: CUDA Out of Memory (OOM) during forward pass!
2026-05-07 16:26:13,328 - __main__ - ERROR -   Memory at OOM: 43693/44938MB
2026-05-07 16:26:13,607 - __main__ - ERROR -   Batch 376: CUDA Out of Memory (OOM) during forward pass!
2026-05-07 16:26:13,607 - __main__ - ERROR -   Memory at OOM: 43693/44938MB
2026-05-07 16:26:13,886 - __main__ - ERROR -   Batch 377: CUDA Out of Memory (OOM) during forward pass!
2026-05-07 16:26:13,887 - __main__ - ERROR -   Memory at OOM: 43693/44938MB
2026-05-07 16:26:14,161 - __main__ - ERROR -   Batch 378: CUDA Out of Memory (OOM) during forward pass!
2026-05-07 16:26:14,162 - __main__ - ERROR -   Memory at OOM: 43693/44938MB
2026-05-07 16:26:14,438 - __main__ - ERROR -   Batch 379: CUDA Out of Memory (OOM) during forward pass!
2026-05-07 16:26:14,439 - __main__ - ERROR -   Memory at OOM: 43693/44938MB
2026-05-07 16:26:14,713 - __main__ - ERROR -   Batch 380: CUDA Out of Memory (OOM) during forward pass!
2026-05-07 16:26:14,714 - __main__ - ERROR -   Memory at OOM: 43693/44938MB
2026-05-07 16:26:14,991 - __main__ - ERROR -   Batch 381: CUDA Out of Memory (OOM) during forward pass!
2026-05-07 16:26:14,991 - __main__ - ERROR -   Memory at OOM: 43693/44938MB
2026-05-07 16:26:15,267 - __main__ - ERROR -   Batch 382: CUDA Out of Memory (OOM) during forward pass!
2026-05-07 16:26:15,267 - __main__ - ERROR -   Memory at OOM: 43693/44938MB
2026-05-07 16:26:15,545 - __main__ - ERROR -   Batch 383: CUDA Out of Memory (OOM) during forward pass!
2026-05-07 16:26:15,546 - __main__ - ERROR -   Memory at OOM: 43693/44938MB
2026-05-07 16:26:15,822 - __main__ - ERROR -   Batch 384: CUDA Out of Memory (OOM) during forward pass!
2026-05-07 16:26:15,822 - __main__ - ERROR -   Memory at OOM: 43693/44938MB
2026-05-07 16:26:16,098 - __main__ - ERROR -   Batch 385: CUDA Out of Memory (OOM) during forward pass!
2026-05-07 16:26:16,098 - __main__ - ERROR -   Memory at OOM: 43693/44938MB
2026-05-07 16:26:16,374 - __main__ - ERROR -   Batch 386: CUDA Out of Memory (OOM) during forward pass!
2026-05-07 16:26:16,374 - __main__ - ERROR -   Memory at OOM: 43693/44938MB
2026-05-07 16:26:16,652 - __main__ - ERROR -   Batch 387: CUDA Out of Memory (OOM) during forward pass!
2026-05-07 16:26:16,652 - __main__ - ERROR -   Memory at OOM: 43693/44938MB
2026-05-07 16:26:16,927 - __main__ - ERROR -   Batch 388: CUDA Out of Memory (OOM) during forward pass!
2026-05-07 16:26:16,927 - __main__ - ERROR -   Memory at OOM: 43693/44938MB
2026-05-07 16:26:17,204 - __main__ - ERROR -   Batch 389: CUDA Out of Memory (OOM) during forward pass!
2026-05-07 16:26:17,206 - __main__ - ERROR -   Memory at OOM: 43693/44938MB
2026-05-07 16:26:17,480 - __main__ - ERROR -   Batch 390: CUDA Out of Memory (OOM) during forward pass!
2026-05-07 16:26:17,480 - __main__ - ERROR -   Memory at OOM: 43693/44938MB
2026-05-07 16:26:17,758 - __main__ - ERROR -   Batch 391: CUDA Out of Memory (OOM) during forward pass!
2026-05-07 16:26:17,758 - __main__ - ERROR -   Memory at OOM: 43693/44938MB
2026-05-07 16:26:18,032 - __main__ - ERROR -   Batch 392: CUDA Out of Memory (OOM) during forward pass!
2026-05-07 16:26:18,032 - __main__ - ERROR -   Memory at OOM: 43693/44938MB
2026-05-07 16:26:18,309 - __main__ - ERROR -   Batch 393: CUDA Out of Memory (OOM) during forward pass!
2026-05-07 16:26:18,309 - __main__ - ERROR -   Memory at OOM: 43693/44938MB
2026-05-07 16:26:18,584 - __main__ - ERROR -   Batch 394: CUDA Out of Memory (OOM) during forward pass!
2026-05-07 16:26:18,585 - __main__ - ERROR -   Memory at OOM: 43693/44938MB
2026-05-07 16:26:18,860 - __main__ - ERROR -   Batch 395: CUDA Out of Memory (OOM) during forward pass!
2026-05-07 16:26:18,861 - __main__ - ERROR -   Memory at OOM: 43693/44938MB
2026-05-07 16:26:19,135 - __main__ - ERROR -   Batch 396: CUDA Out of Memory (OOM) during forward pass!
2026-05-07 16:26:19,136 - __main__ - ERROR -   Memory at OOM: 43693/44938MB
2026-05-07 16:26:19,414 - __main__ - ERROR -   Batch 397: CUDA Out of Memory (OOM) during forward pass!
2026-05-07 16:26:19,414 - __main__ - ERROR -   Memory at OOM: 43693/44938MB
2026-05-07 16:26:19,689 - __main__ - ERROR -   Batch 398: CUDA Out of Memory (OOM) during forward pass!
2026-05-07 16:26:19,691 - __main__ - ERROR -   Memory at OOM: 43693/44938MB
2026-05-07 16:26:19,965 - __main__ - ERROR -   Batch 399: CUDA Out of Memory (OOM) during forward pass!
2026-05-07 16:26:19,965 - __main__ - ERROR -   Memory at OOM: 43693/44938MB
2026-05-07 16:26:20,240 - __main__ - ERROR -   Batch 400: CUDA Out of Memory (OOM) during forward pass!
2026-05-07 16:26:20,240 - __main__ - ERROR -   Memory at OOM: 43693/44938MB
2026-05-07 16:26:20,521 - __main__ - ERROR -   Batch 401: CUDA Out of Memory (OOM) during forward pass!
2026-05-07 16:26:20,521 - __main__ - ERROR -   Memory at OOM: 43693/44938MB
2026-05-07 16:26:20,792 - __main__ - ERROR -   Batch 402: CUDA Out of Memory (OOM) during forward pass!
2026-05-07 16:26:20,792 - __main__ - ERROR -   Memory at OOM: 43693/44938MB
2026-05-07 16:26:21,070 - __main__ - ERROR -   Batch 403: CUDA Out of Memory (OOM) during forward pass!
2026-05-07 16:26:21,070 - __main__ - ERROR -   Memory at OOM: 43693/44938MB
2026-05-07 16:26:21,346 - __main__ - ERROR -   Batch 404: CUDA Out of Memory (OOM) during forward pass!
2026-05-07 16:26:21,347 - __main__ - ERROR -   Memory at OOM: 43693/44938MB
2026-05-07 16:26:21,625 - __main__ - ERROR -   Batch 405: CUDA Out of Memory (OOM) during forward pass!
2026-05-07 16:26:21,625 - __main__ - ERROR -   Memory at OOM: 43693/44938MB
2026-05-07 16:26:21,898 - __main__ - ERROR -   Batch 406: CUDA Out of Memory (OOM) during forward pass!
2026-05-07 16:26:21,898 - __main__ - ERROR -   Memory at OOM: 43693/44938MB
2026-05-07 16:26:22,177 - __main__ - ERROR -   Batch 407: CUDA Out of Memory (OOM) during forward pass!
2026-05-07 16:26:22,179 - __main__ - ERROR -   Memory at OOM: 43693/44938MB
2026-05-07 16:26:22,454 - __main__ - ERROR -   Batch 408: CUDA Out of Memory (OOM) during forward pass!
2026-05-07 16:26:22,454 - __main__ - ERROR -   Memory at OOM: 43693/44938MB
2026-05-07 16:26:22,732 - __main__ - ERROR -   Batch 409: CUDA Out of Memory (OOM) during forward pass!
2026-05-07 16:26:22,733 - __main__ - ERROR -   Memory at OOM: 43693/44938MB
2026-05-07 16:26:23,009 - __main__ - ERROR -   Batch 410: CUDA Out of Memory (OOM) during forward pass!
2026-05-07 16:26:23,010 - __main__ - ERROR -   Memory at OOM: 43693/44938MB
2026-05-07 16:26:23,286 - __main__ - ERROR -   Batch 411: CUDA Out of Memory (OOM) during forward pass!
2026-05-07 16:26:23,287 - __main__ - ERROR -   Memory at OOM: 43693/44938MB
2026-05-07 16:26:23,563 - __main__ - ERROR -   Batch 412: CUDA Out of Memory (OOM) during forward pass!
2026-05-07 16:26:23,563 - __main__ - ERROR -   Memory at OOM: 43693/44938MB
2026-05-07 16:26:23,840 - __main__ - ERROR -   Batch 413: CUDA Out of Memory (OOM) during forward pass!
2026-05-07 16:26:23,841 - __main__ - ERROR -   Memory at OOM: 43693/44938MB
2026-05-07 16:26:24,116 - __main__ - ERROR -   Batch 414: CUDA Out of Memory (OOM) during forward pass!
2026-05-07 16:26:24,117 - __main__ - ERROR -   Memory at OOM: 43693/44938MB
2026-05-07 16:26:24,393 - __main__ - ERROR -   Batch 415: CUDA Out of Memory (OOM) during forward pass!
2026-05-07 16:26:24,394 - __main__ - ERROR -   Memory at OOM: 43693/44938MB
2026-05-07 16:26:24,670 - __main__ - ERROR -   Batch 416: CUDA Out of Memory (OOM) during forward pass!
2026-05-07 16:26:24,670 - __main__ - ERROR -   Memory at OOM: 43693/44938MB
2026-05-07 16:26:24,946 - __main__ - ERROR -   Batch 417: CUDA Out of Memory (OOM) during forward pass!
2026-05-07 16:26:24,948 - __main__ - ERROR -   Memory at OOM: 43693/44938MB
2026-05-07 16:26:25,223 - __main__ - ERROR -   Batch 418: CUDA Out of Memory (OOM) during forward pass!
2026-05-07 16:26:25,223 - __main__ - ERROR -   Memory at OOM: 43693/44938MB
2026-05-07 16:26:25,500 - __main__ - ERROR -   Batch 419: CUDA Out of Memory (OOM) during forward pass!
2026-05-07 16:26:25,501 - __main__ - ERROR -   Memory at OOM: 43693/44938MB
2026-05-07 16:26:25,777 - __main__ - ERROR -   Batch 420: CUDA Out of Memory (OOM) during forward pass!
2026-05-07 16:26:25,777 - __main__ - ERROR -   Memory at OOM: 43693/44938MB
2026-05-07 16:26:26,053 - __main__ - ERROR -   Batch 421: CUDA Out of Memory (OOM) during forward pass!
2026-05-07 16:26:26,054 - __main__ - ERROR -   Memory at OOM: 43693/44938MB
2026-05-07 16:26:26,329 - __main__ - ERROR -   Batch 422: CUDA Out of Memory (OOM) during forward pass!
2026-05-07 16:26:26,329 - __main__ - ERROR -   Memory at OOM: 43693/44938MB
2026-05-07 16:26:26,607 - __main__ - ERROR -   Batch 423: CUDA Out of Memory (OOM) during forward pass!
2026-05-07 16:26:26,607 - __main__ - ERROR -   Memory at OOM: 43693/44938MB
2026-05-07 16:26:26,883 - __main__ - ERROR -   Batch 424: CUDA Out of Memory (OOM) during forward pass!
2026-05-07 16:26:26,884 - __main__ - ERROR -   Memory at OOM: 43693/44938MB
2026-05-07 16:26:27,161 - __main__ - ERROR -   Batch 425: CUDA Out of Memory (OOM) during forward pass!
2026-05-07 16:26:27,162 - __main__ - ERROR -   Memory at OOM: 43693/44938MB
2026-05-07 16:26:27,437 - __main__ - ERROR -   Batch 426: CUDA Out of Memory (OOM) during forward pass!
2026-05-07 16:26:27,437 - __main__ - ERROR -   Memory at OOM: 43693/44938MB
2026-05-07 16:26:27,714 - __main__ - ERROR -   Batch 427: CUDA Out of Memory (OOM) during forward pass!
2026-05-07 16:26:27,714 - __main__ - ERROR -   Memory at OOM: 43693/44938MB
2026-05-07 16:26:27,989 - __main__ - ERROR -   Batch 428: CUDA Out of Memory (OOM) during forward pass!
2026-05-07 16:26:27,990 - __main__ - ERROR -   Memory at OOM: 43693/44938MB
2026-05-07 16:26:28,268 - __main__ - ERROR -   Batch 429: CUDA Out of Memory (OOM) during forward pass!
2026-05-07 16:26:28,268 - __main__ - ERROR -   Memory at OOM: 43693/44938MB
2026-05-07 16:26:28,545 - __main__ - ERROR -   Batch 430: CUDA Out of Memory (OOM) during forward pass!
2026-05-07 16:26:28,545 - __main__ - ERROR -   Memory at OOM: 43693/44938MB
2026-05-07 16:26:28,824 - __main__ - ERROR -   Batch 431: CUDA Out of Memory (OOM) during forward pass!
2026-05-07 16:26:28,824 - __main__ - ERROR -   Memory at OOM: 43693/44938MB
2026-05-07 16:26:29,098 - __main__ - ERROR -   Batch 432: CUDA Out of Memory (OOM) during forward pass!
2026-05-07 16:26:29,098 - __main__ - ERROR -   Memory at OOM: 43693/44938MB
2026-05-07 16:26:29,376 - __main__ - ERROR -   Batch 433: CUDA Out of Memory (OOM) during forward pass!
2026-05-07 16:26:29,377 - __main__ - ERROR -   Memory at OOM: 43693/44938MB
2026-05-07 16:26:29,652 - __main__ - ERROR -   Batch 434: CUDA Out of Memory (OOM) during forward pass!
2026-05-07 16:26:29,653 - __main__ - ERROR -   Memory at OOM: 43693/44938MB
2026-05-07 16:26:29,930 - __main__ - ERROR -   Batch 435: CUDA Out of Memory (OOM) during forward pass!
2026-05-07 16:26:29,930 - __main__ - ERROR -   Memory at OOM: 43693/44938MB
2026-05-07 16:26:30,207 - __main__ - ERROR -   Batch 436: CUDA Out of Memory (OOM) during forward pass!
2026-05-07 16:26:30,208 - __main__ - ERROR -   Memory at OOM: 43693/44938MB
2026-05-07 16:26:30,485 - __main__ - ERROR -   Batch 437: CUDA Out of Memory (OOM) during forward pass!
2026-05-07 16:26:30,485 - __main__ - ERROR -   Memory at OOM: 43693/44938MB
2026-05-07 16:26:30,761 - __main__ - ERROR -   Batch 438: CUDA Out of Memory (OOM) during forward pass!
2026-05-07 16:26:30,761 - __main__ - ERROR -   Memory at OOM: 43693/44938MB
2026-05-07 16:26:31,037 - __main__ - ERROR -   Batch 439: CUDA Out of Memory (OOM) during forward pass!
2026-05-07 16:26:31,037 - __main__ - ERROR -   Memory at OOM: 43693/44938MB
2026-05-07 16:26:31,315 - __main__ - ERROR -   Batch 440: CUDA Out of Memory (OOM) during forward pass!
2026-05-07 16:26:31,316 - __main__ - ERROR -   Memory at OOM: 43693/44938MB
2026-05-07 16:26:31,591 - __main__ - ERROR -   Batch 441: CUDA Out of Memory (OOM) during forward pass!
2026-05-07 16:26:31,591 - __main__ - ERROR -   Memory at OOM: 43693/44938MB
2026-05-07 16:26:31,868 - __main__ - ERROR -   Batch 442: CUDA Out of Memory (OOM) during forward pass!
2026-05-07 16:26:31,869 - __main__ - ERROR -   Memory at OOM: 43693/44938MB
2026-05-07 16:26:32,146 - __main__ - ERROR -   Batch 443: CUDA Out of Memory (OOM) during forward pass!
2026-05-07 16:26:32,146 - __main__ - ERROR -   Memory at OOM: 43693/44938MB
2026-05-07 16:26:32,421 - __main__ - ERROR -   Batch 444: CUDA Out of Memory (OOM) during forward pass!
2026-05-07 16:26:32,421 - __main__ - ERROR -   Memory at OOM: 43693/44938MB
2026-05-07 16:26:32,699 - __main__ - ERROR -   Batch 445: CUDA Out of Memory (OOM) during forward pass!
2026-05-07 16:26:32,701 - __main__ - ERROR -   Memory at OOM: 43693/44938MB
2026-05-07 16:26:32,974 - __main__ - ERROR -   Batch 446: CUDA Out of Memory (OOM) during forward pass!
2026-05-07 16:26:32,974 - __main__ - ERROR -   Memory at OOM: 43693/44938MB
2026-05-07 16:26:33,251 - __main__ - ERROR -   Batch 447: CUDA Out of Memory (OOM) during forward pass!
2026-05-07 16:26:33,251 - __main__ - ERROR -   Memory at OOM: 43693/44938MB
2026-05-07 16:26:33,526 - __main__ - ERROR -   Batch 448: CUDA Out of Memory (OOM) during forward pass!
2026-05-07 16:26:33,527 - __main__ - ERROR -   Memory at OOM: 43693/44938MB
2026-05-07 16:26:33,804 - __main__ - ERROR -   Batch 449: CUDA Out of Memory (OOM) during forward pass!
2026-05-07 16:26:33,804 - __main__ - ERROR -   Memory at OOM: 43693/44938MB
2026-05-07 16:26:34,080 - __main__ - ERROR -   Batch 450: CUDA Out of Memory (OOM) during forward pass!
2026-05-07 16:26:34,080 - __main__ - ERROR -   Memory at OOM: 43693/44938MB
2026-05-07 16:26:34,357 - __main__ - ERROR -   Batch 451: CUDA Out of Memory (OOM) during forward pass!
2026-05-07 16:26:34,357 - __main__ - ERROR -   Memory at OOM: 43693/44938MB
2026-05-07 16:26:34,633 - __main__ - ERROR -   Batch 452: CUDA Out of Memory (OOM) during forward pass!
2026-05-07 16:26:34,634 - __main__ - ERROR -   Memory at OOM: 43693/44938MB
2026-05-07 16:26:34,910 - __main__ - ERROR -   Batch 453: CUDA Out of Memory (OOM) during forward pass!
2026-05-07 16:26:34,911 - __main__ - ERROR -   Memory at OOM: 43693/44938MB
2026-05-07 16:26:35,187 - __main__ - ERROR -   Batch 454: CUDA Out of Memory (OOM) during forward pass!
2026-05-07 16:26:35,187 - __main__ - ERROR -   Memory at OOM: 43693/44938MB
2026-05-07 16:26:35,465 - __main__ - ERROR -   Batch 455: CUDA Out of Memory (OOM) during forward pass!
2026-05-07 16:26:35,466 - __main__ - ERROR -   Memory at OOM: 43693/44938MB
2026-05-07 16:26:35,741 - __main__ - ERROR -   Batch 456: CUDA Out of Memory (OOM) during forward pass!
2026-05-07 16:26:35,741 - __main__ - ERROR -   Memory at OOM: 43693/44938MB
2026-05-07 16:26:36,020 - __main__ - ERROR -   Batch 457: CUDA Out of Memory (OOM) during forward pass!
2026-05-07 16:26:36,020 - __main__ - ERROR -   Memory at OOM: 43693/44938MB
2026-05-07 16:26:36,295 - __main__ - ERROR -   Batch 458: CUDA Out of Memory (OOM) during forward pass!
2026-05-07 16:26:36,295 - __main__ - ERROR -   Memory at OOM: 43693/44938MB
2026-05-07 16:26:36,573 - __main__ - ERROR -   Batch 459: CUDA Out of Memory (OOM) during forward pass!
2026-05-07 16:26:36,574 - __main__ - ERROR -   Memory at OOM: 43693/44938MB
2026-05-07 16:26:36,848 - __main__ - ERROR -   Batch 460: CUDA Out of Memory (OOM) during forward pass!
2026-05-07 16:26:36,848 - __main__ - ERROR -   Memory at OOM: 43693/44938MB
2026-05-07 16:26:37,128 - __main__ - ERROR -   Batch 461: CUDA Out of Memory (OOM) during forward pass!
2026-05-07 16:26:37,129 - __main__ - ERROR -   Memory at OOM: 43693/44938MB
2026-05-07 16:26:37,405 - __main__ - ERROR -   Batch 462: CUDA Out of Memory (OOM) during forward pass!
2026-05-07 16:26:37,405 - __main__ - ERROR -   Memory at OOM: 43693/44938MB
2026-05-07 16:26:37,683 - __main__ - ERROR -   Batch 463: CUDA Out of Memory (OOM) during forward pass!
2026-05-07 16:26:37,684 - __main__ - ERROR -   Memory at OOM: 43693/44938MB
2026-05-07 16:26:37,959 - __main__ - ERROR -   Batch 464: CUDA Out of Memory (OOM) during forward pass!
2026-05-07 16:26:37,960 - __main__ - ERROR -   Memory at OOM: 43693/44938MB
2026-05-07 16:26:38,238 - __main__ - ERROR -   Batch 465: CUDA Out of Memory (OOM) during forward pass!
2026-05-07 16:26:38,238 - __main__ - ERROR -   Memory at OOM: 43693/44938MB
2026-05-07 16:26:38,515 - __main__ - ERROR -   Batch 466: CUDA Out of Memory (OOM) during forward pass!
2026-05-07 16:26:38,515 - __main__ - ERROR -   Memory at OOM: 43693/44938MB
2026-05-07 16:26:38,791 - __main__ - ERROR -   Batch 467: CUDA Out of Memory (OOM) during forward pass!
2026-05-07 16:26:38,792 - __main__ - ERROR -   Memory at OOM: 43693/44938MB
2026-05-07 16:26:39,067 - __main__ - ERROR -   Batch 468: CUDA Out of Memory (OOM) during forward pass!
2026-05-07 16:26:39,067 - __main__ - ERROR -   Memory at OOM: 43693/44938MB
2026-05-07 16:26:39,344 - __main__ - ERROR -   Batch 469: CUDA Out of Memory (OOM) during forward pass!
2026-05-07 16:26:39,344 - __main__ - ERROR -   Memory at OOM: 43693/44938MB
2026-05-07 16:26:39,619 - __main__ - ERROR -   Batch 470: CUDA Out of Memory (OOM) during forward pass!
2026-05-07 16:26:39,619 - __main__ - ERROR -   Memory at OOM: 43693/44938MB
2026-05-07 16:26:39,897 - __main__ - ERROR -   Batch 471: CUDA Out of Memory (OOM) during forward pass!
2026-05-07 16:26:39,897 - __main__ - ERROR -   Memory at OOM: 43693/44938MB
2026-05-07 16:26:40,173 - __main__ - ERROR -   Batch 472: CUDA Out of Memory (OOM) during forward pass!
2026-05-07 16:26:40,173 - __main__ - ERROR -   Memory at OOM: 43693/44938MB
2026-05-07 16:26:40,451 - __main__ - ERROR -   Batch 473: CUDA Out of Memory (OOM) during forward pass!
2026-05-07 16:26:40,452 - __main__ - ERROR -   Memory at OOM: 43693/44938MB
2026-05-07 16:26:40,727 - __main__ - ERROR -   Batch 474: CUDA Out of Memory (OOM) during forward pass!
2026-05-07 16:26:40,728 - __main__ - ERROR -   Memory at OOM: 43693/44938MB
2026-05-07 16:26:41,005 - __main__ - ERROR -   Batch 475: CUDA Out of Memory (OOM) during forward pass!
2026-05-07 16:26:41,005 - __main__ - ERROR -   Memory at OOM: 43693/44938MB
2026-05-07 16:26:41,282 - __main__ - ERROR -   Batch 476: CUDA Out of Memory (OOM) during forward pass!
2026-05-07 16:26:41,283 - __main__ - ERROR -   Memory at OOM: 43693/44938MB
2026-05-07 16:26:41,559 - __main__ - ERROR -   Batch 477: CUDA Out of Memory (OOM) during forward pass!
2026-05-07 16:26:41,559 - __main__ - ERROR -   Memory at OOM: 43693/44938MB
2026-05-07 16:26:41,834 - __main__ - ERROR -   Batch 478: CUDA Out of Memory (OOM) during forward pass!
2026-05-07 16:26:41,835 - __main__ - ERROR -   Memory at OOM: 43693/44938MB
2026-05-07 16:26:42,111 - __main__ - ERROR -   Batch 479: CUDA Out of Memory (OOM) during forward pass!
2026-05-07 16:26:42,111 - __main__ - ERROR -   Memory at OOM: 43693/44938MB
2026-05-07 16:26:42,388 - __main__ - ERROR -   Batch 480: CUDA Out of Memory (OOM) during forward pass!
2026-05-07 16:26:42,389 - __main__ - ERROR -   Memory at OOM: 43693/44938MB
2026-05-07 16:26:42,663 - __main__ - ERROR -   Batch 481: CUDA Out of Memory (OOM) during forward pass!
2026-05-07 16:26:42,664 - __main__ - ERROR -   Memory at OOM: 43693/44938MB
2026-05-07 16:26:42,941 - __main__ - ERROR -   Batch 482: CUDA Out of Memory (OOM) during forward pass!
2026-05-07 16:26:42,941 - __main__ - ERROR -   Memory at OOM: 43693/44938MB
2026-05-07 16:26:43,217 - __main__ - ERROR -   Batch 483: CUDA Out of Memory (OOM) during forward pass!
2026-05-07 16:26:43,219 - __main__ - ERROR -   Memory at OOM: 43693/44938MB
2026-05-07 16:26:43,494 - __main__ - ERROR -   Batch 484: CUDA Out of Memory (OOM) during forward pass!
2026-05-07 16:26:43,494 - __main__ - ERROR -   Memory at OOM: 43693/44938MB
2026-05-07 16:26:43,770 - __main__ - ERROR -   Batch 485: CUDA Out of Memory (OOM) during forward pass!
2026-05-07 16:26:43,771 - __main__ - ERROR -   Memory at OOM: 43693/44938MB
2026-05-07 16:26:44,046 - __main__ - ERROR -   Batch 486: CUDA Out of Memory (OOM) during forward pass!
2026-05-07 16:26:44,046 - __main__ - ERROR -   Memory at OOM: 43693/44938MB
2026-05-07 16:26:44,324 - __main__ - ERROR -   Batch 487: CUDA Out of Memory (OOM) during forward pass!
2026-05-07 16:26:44,324 - __main__ - ERROR -   Memory at OOM: 43693/44938MB
2026-05-07 16:26:44,602 - __main__ - ERROR -   Batch 488: CUDA Out of Memory (OOM) during forward pass!
2026-05-07 16:26:44,602 - __main__ - ERROR -   Memory at OOM: 43693/44938MB
2026-05-07 16:26:44,876 - __main__ - ERROR -   Batch 489: CUDA Out of Memory (OOM) during forward pass!
2026-05-07 16:26:44,876 - __main__ - ERROR -   Memory at OOM: 43693/44938MB
2026-05-07 16:26:45,153 - __main__ - ERROR -   Batch 490: CUDA Out of Memory (OOM) during forward pass!
2026-05-07 16:26:45,154 - __main__ - ERROR -   Memory at OOM: 43693/44938MB
2026-05-07 16:26:45,431 - __main__ - ERROR -   Batch 491: CUDA Out of Memory (OOM) during forward pass!
2026-05-07 16:26:45,431 - __main__ - ERROR -   Memory at OOM: 43693/44938MB
2026-05-07 16:26:45,706 - __main__ - ERROR -   Batch 492: CUDA Out of Memory (OOM) during forward pass!
2026-05-07 16:26:45,707 - __main__ - ERROR -   Memory at OOM: 43693/44938MB
2026-05-07 16:26:45,981 - __main__ - ERROR -   Batch 493: CUDA Out of Memory (OOM) during forward pass!
2026-05-07 16:26:45,982 - __main__ - ERROR -   Memory at OOM: 43693/44938MB
2026-05-07 16:26:46,258 - __main__ - ERROR -   Batch 494: CUDA Out of Memory (OOM) during forward pass!
2026-05-07 16:26:46,258 - __main__ - ERROR -   Memory at OOM: 43693/44938MB
2026-05-07 16:26:46,535 - __main__ - ERROR -   Batch 495: CUDA Out of Memory (OOM) during forward pass!
2026-05-07 16:26:46,536 - __main__ - ERROR -   Memory at OOM: 43693/44938MB
2026-05-07 16:26:46,811 - __main__ - ERROR -   Batch 496: CUDA Out of Memory (OOM) during forward pass!
2026-05-07 16:26:46,812 - __main__ - ERROR -   Memory at OOM: 43693/44938MB
2026-05-07 16:26:47,088 - __main__ - ERROR -   Batch 497: CUDA Out of Memory (OOM) during forward pass!
2026-05-07 16:26:47,089 - __main__ - ERROR -   Memory at OOM: 43693/44938MB
2026-05-07 16:26:47,365 - __main__ - ERROR -   Batch 498: CUDA Out of Memory (OOM) during forward pass!
2026-05-07 16:26:47,366 - __main__ - ERROR -   Memory at OOM: 43693/44938MB
2026-05-07 16:26:47,642 - __main__ - ERROR -   Batch 499: CUDA Out of Memory (OOM) during forward pass!
2026-05-07 16:26:47,642 - __main__ - ERROR -   Memory at OOM: 43693/44938MB
2026-05-07 16:26:47,917 - __main__ - ERROR -   Batch 500: CUDA Out of Memory (OOM) during forward pass!
2026-05-07 16:26:47,918 - __main__ - ERROR -   Memory at OOM: 43693/44938MB
2026-05-07 16:26:48,195 - __main__ - ERROR -   Batch 501: CUDA Out of Memory (OOM) during forward pass!
2026-05-07 16:26:48,195 - __main__ - ERROR -   Memory at OOM: 43693/44938MB
2026-05-07 16:26:48,471 - __main__ - ERROR -   Batch 502: CUDA Out of Memory (OOM) during forward pass!
2026-05-07 16:26:48,472 - __main__ - ERROR -   Memory at OOM: 43693/44938MB
2026-05-07 16:26:48,748 - __main__ - ERROR -   Batch 503: CUDA Out of Memory (OOM) during forward pass!
2026-05-07 16:26:48,748 - __main__ - ERROR -   Memory at OOM: 42250/44938MB
2026-05-07 16:26:49,013 - __main__ - ERROR -   Batch 504: CUDA Out of Memory (OOM) during forward pass!
2026-05-07 16:26:49,014 - __main__ - ERROR -   Memory at OOM: 43693/44938MB
2026-05-07 16:26:49,290 - __main__ - ERROR -   Batch 505: CUDA Out of Memory (OOM) during forward pass!
2026-05-07 16:26:49,290 - __main__ - ERROR -   Memory at OOM: 43693/44938MB
2026-05-07 16:26:49,566 - __main__ - ERROR -   Batch 506: CUDA Out of Memory (OOM) during forward pass!
2026-05-07 16:26:49,567 - __main__ - ERROR -   Memory at OOM: 43693/44938MB
2026-05-07 16:26:49,844 - __main__ - ERROR -   Batch 507: CUDA Out of Memory (OOM) during forward pass!
2026-05-07 16:26:49,845 - __main__ - ERROR -   Memory at OOM: 43693/44938MB
2026-05-07 16:26:50,120 - __main__ - ERROR -   Batch 508: CUDA Out of Memory (OOM) during forward pass!
2026-05-07 16:26:50,121 - __main__ - ERROR -   Memory at OOM: 43693/44938MB
2026-05-07 16:26:50,396 - __main__ - ERROR -   Batch 509: CUDA Out of Memory (OOM) during forward pass!
2026-05-07 16:26:50,396 - __main__ - ERROR -   Memory at OOM: 43693/44938MB
2026-05-07 16:26:50,674 - __main__ - ERROR -   Batch 510: CUDA Out of Memory (OOM) during forward pass!
2026-05-07 16:26:50,674 - __main__ - ERROR -   Memory at OOM: 43693/44938MB
2026-05-07 16:26:50,950 - __main__ - ERROR -   Batch 511: CUDA Out of Memory (OOM) during forward pass!
2026-05-07 16:26:50,950 - __main__ - ERROR -   Memory at OOM: 43693/44938MB
2026-05-07 16:26:51,228 - __main__ - ERROR -   Batch 512: CUDA Out of Memory (OOM) during forward pass!
2026-05-07 16:26:51,230 - __main__ - ERROR -   Memory at OOM: 43693/44938MB
2026-05-07 16:26:51,507 - __main__ - ERROR -   Batch 513: CUDA Out of Memory (OOM) during forward pass!
2026-05-07 16:26:51,507 - __main__ - ERROR -   Memory at OOM: 43693/44938MB
2026-05-07 16:26:51,783 - __main__ - ERROR -   Batch 514: CUDA Out of Memory (OOM) during forward pass!
2026-05-07 16:26:51,783 - __main__ - ERROR -   Memory at OOM: 43693/44938MB
2026-05-07 16:26:52,060 - __main__ - ERROR -   Batch 515: CUDA Out of Memory (OOM) during forward pass!
2026-05-07 16:26:52,061 - __main__ - ERROR -   Memory at OOM: 43693/44938MB
2026-05-07 16:26:52,336 - __main__ - ERROR -   Batch 516: CUDA Out of Memory (OOM) during forward pass!
2026-05-07 16:26:52,337 - __main__ - ERROR -   Memory at OOM: 43693/44938MB
2026-05-07 16:26:52,613 - __main__ - ERROR -   Batch 517: CUDA Out of Memory (OOM) during forward pass!
2026-05-07 16:26:52,614 - __main__ - ERROR -   Memory at OOM: 43693/44938MB
2026-05-07 16:26:52,892 - __main__ - ERROR -   Batch 518: CUDA Out of Memory (OOM) during forward pass!
2026-05-07 16:26:52,892 - __main__ - ERROR -   Memory at OOM: 43693/44938MB
2026-05-07 16:26:53,167 - __main__ - ERROR -   Batch 519: CUDA Out of Memory (OOM) during forward pass!
2026-05-07 16:26:53,168 - __main__ - ERROR -   Memory at OOM: 43693/44938MB
2026-05-07 16:26:53,442 - __main__ - ERROR -   Batch 520: CUDA Out of Memory (OOM) during forward pass!
2026-05-07 16:26:53,442 - __main__ - ERROR -   Memory at OOM: 43693/44938MB
2026-05-07 16:26:53,721 - __main__ - ERROR -   Batch 521: CUDA Out of Memory (OOM) during forward pass!
2026-05-07 16:26:53,722 - __main__ - ERROR -   Memory at OOM: 43693/44938MB
2026-05-07 16:26:53,999 - __main__ - ERROR -   Batch 522: CUDA Out of Memory (OOM) during forward pass!
2026-05-07 16:26:54,000 - __main__ - ERROR -   Memory at OOM: 43693/44938MB
2026-05-07 16:26:54,276 - __main__ - ERROR -   Batch 523: CUDA Out of Memory (OOM) during forward pass!
2026-05-07 16:26:54,276 - __main__ - ERROR -   Memory at OOM: 43693/44938MB
2026-05-07 16:26:54,935 - __main__ - ERROR -   Batch 524: CUDA Out of Memory (OOM) during forward pass!
2026-05-07 16:26:54,936 - __main__ - ERROR -   Memory at OOM: 42736/44892MB
2026-05-07 16:26:55,033 - __main__ - INFO - Epoch 2 complete in 144.90s, avg_loss=0.0000
2026-05-07 16:26:55,033 - __main__ - INFO - Train Loss: 0.0000
2026-05-07 16:26:55,033 - __main__ - INFO - Evaluating on dev set...
2026-05-07 16:26:55,034 - __main__ - INFO - Starting evaluation on 462 samples
Evaluating:   0%|          | 0/15 [00:00<?, ?it/s]Evaluating:   7%|▋         | 1/15 [00:01<00:14,  1.03s/it]Evaluating:  13%|█▎        | 2/15 [00:01<00:09,  1.32it/s]Evaluating:  20%|██        | 3/15 [00:02<00:08,  1.49it/s]Evaluating:  27%|██▋       | 4/15 [00:02<00:06,  1.57it/s]Evaluating:  33%|███▎      | 5/15 [00:03<00:06,  1.64it/s]Evaluating:  40%|████      | 6/15 [00:03<00:05,  1.65it/s]Evaluating:  47%|████▋     | 7/15 [00:04<00:04,  1.67it/s]Evaluating:  53%|█████▎    | 8/15 [00:05<00:04,  1.67it/s]Evaluating:  60%|██████    | 9/15 [00:05<00:03,  1.67it/s]2026-05-07 16:27:01,315 - __main__ - INFO -   Evaluation progress: 10/15 batches (1.59 batches/s)
Evaluating:  67%|██████▋   | 10/15 [00:06<00:02,  1.68it/s]Evaluating:  73%|███████▎  | 11/15 [00:06<00:02,  1.68it/s]Evaluating:  80%|████████  | 12/15 [00:07<00:01,  1.68it/s]Evaluating:  87%|████████▋ | 13/15 [00:08<00:01,  1.68it/s]Evaluating:  93%|█████████▎| 14/15 [00:08<00:00,  1.68it/s]Evaluating: 100%|██████████| 15/15 [00:08<00:00,  2.03it/s]                                                           2026-05-07 16:27:04,032 - __main__ - INFO - Evaluation complete in 9.00s
2026-05-07 16:27:04,032 - __main__ - INFO -   Loss: 3.3493, Accuracy: 0.0000, Precision: 0.0000, Recall: 0.0000, F1: 0.0000
2026-05-07 16:27:04,032 - __main__ - INFO - Dev Loss: 3.3493
2026-05-07 16:27:04,032 - __main__ - INFO - Dev Accuracy: 0.0000
2026-05-07 16:27:04,032 - __main__ - INFO -   No improvement for 2 epochs
2026-05-07 16:27:04,473 - __main__ - INFO - Saved checkpoint to /scratch/user/s4901673/ircbert_runs/checkpoints/checkpoint_epoch_2.pt
2026-05-07 16:27:04,473 - __main__ - INFO - Epoch 3/3
2026-05-07 16:27:04,473 - __main__ - INFO - --------------------------------------------------------------------------------
2026-05-07 16:27:04,474 - __main__ - INFO - Starting epoch 3 with 524 batches
2026-05-07 16:27:05,438 - __main__ - ERROR -   Batch 1: CUDA Out of Memory (OOM) during forward pass!
2026-05-07 16:27:05,439 - __main__ - ERROR -   Memory at OOM: 44414/44866MB
2026-05-07 16:27:05,741 - __main__ - ERROR -   Batch 2: CUDA Out of Memory (OOM) during forward pass!
2026-05-07 16:27:05,741 - __main__ - ERROR -   Memory at OOM: 43872/44862MB
2026-05-07 16:27:05,760 - __main__ - ERROR -   Batch 3: CUDA Out of Memory (OOM) during forward pass!
2026-05-07 16:27:05,761 - __main__ - ERROR -   Memory at OOM: 43872/44862MB
2026-05-07 16:27:06,024 - __main__ - ERROR -   Batch 4: CUDA Out of Memory (OOM) during forward pass!
2026-05-07 16:27:06,024 - __main__ - ERROR -   Memory at OOM: 43872/44862MB
2026-05-07 16:27:06,296 - __main__ - ERROR -   Batch 5: CUDA Out of Memory (OOM) during forward pass!
2026-05-07 16:27:06,296 - __main__ - ERROR -   Memory at OOM: 43872/44862MB
2026-05-07 16:27:06,584 - __main__ - ERROR -   Batch 6: CUDA Out of Memory (OOM) during forward pass!
2026-05-07 16:27:06,584 - __main__ - ERROR -   Memory at OOM: 43872/44862MB
2026-05-07 16:27:06,862 - __main__ - ERROR -   Batch 7: CUDA Out of Memory (OOM) during forward pass!
2026-05-07 16:27:06,863 - __main__ - ERROR -   Memory at OOM: 43872/44862MB
2026-05-07 16:27:07,134 - __main__ - ERROR -   Batch 8: CUDA Out of Memory (OOM) during forward pass!
2026-05-07 16:27:07,135 - __main__ - ERROR -   Memory at OOM: 43872/44862MB
2026-05-07 16:27:07,411 - __main__ - ERROR -   Batch 9: CUDA Out of Memory (OOM) during forward pass!
2026-05-07 16:27:07,411 - __main__ - ERROR -   Memory at OOM: 43872/44862MB
2026-05-07 16:27:07,699 - __main__ - ERROR -   Batch 10: CUDA Out of Memory (OOM) during forward pass!
2026-05-07 16:27:07,702 - __main__ - ERROR -   Memory at OOM: 43872/44862MB
2026-05-07 16:27:07,976 - __main__ - ERROR -   Batch 11: CUDA Out of Memory (OOM) during forward pass!
2026-05-07 16:27:07,976 - __main__ - ERROR -   Memory at OOM: 43872/44862MB
2026-05-07 16:27:08,248 - __main__ - ERROR -   Batch 12: CUDA Out of Memory (OOM) during forward pass!
2026-05-07 16:27:08,248 - __main__ - ERROR -   Memory at OOM: 43872/44862MB
2026-05-07 16:27:08,531 - __main__ - ERROR -   Batch 13: CUDA Out of Memory (OOM) during forward pass!
2026-05-07 16:27:08,531 - __main__ - ERROR -   Memory at OOM: 43872/44862MB
2026-05-07 16:27:08,814 - __main__ - ERROR -   Batch 14: CUDA Out of Memory (OOM) during forward pass!
2026-05-07 16:27:08,814 - __main__ - ERROR -   Memory at OOM: 43872/44862MB
2026-05-07 16:27:09,089 - __main__ - ERROR -   Batch 15: CUDA Out of Memory (OOM) during forward pass!
2026-05-07 16:27:09,090 - __main__ - ERROR -   Memory at OOM: 43872/44862MB
2026-05-07 16:27:09,364 - __main__ - ERROR -   Batch 16: CUDA Out of Memory (OOM) during forward pass!
2026-05-07 16:27:09,365 - __main__ - ERROR -   Memory at OOM: 43872/44862MB
2026-05-07 16:27:09,650 - __main__ - ERROR -   Batch 17: CUDA Out of Memory (OOM) during forward pass!
2026-05-07 16:27:09,650 - __main__ - ERROR -   Memory at OOM: 43872/44862MB
2026-05-07 16:27:09,930 - __main__ - ERROR -   Batch 18: CUDA Out of Memory (OOM) during forward pass!
2026-05-07 16:27:09,930 - __main__ - ERROR -   Memory at OOM: 43872/44862MB
2026-05-07 16:27:10,204 - __main__ - ERROR -   Batch 19: CUDA Out of Memory (OOM) during forward pass!
2026-05-07 16:27:10,205 - __main__ - ERROR -   Memory at OOM: 43872/44862MB
2026-05-07 16:27:10,486 - __main__ - ERROR -   Batch 20: CUDA Out of Memory (OOM) during forward pass!
2026-05-07 16:27:10,487 - __main__ - ERROR -   Memory at OOM: 43872/44862MB
2026-05-07 16:27:10,767 - __main__ - ERROR -   Batch 21: CUDA Out of Memory (OOM) during forward pass!
2026-05-07 16:27:10,768 - __main__ - ERROR -   Memory at OOM: 43872/44862MB
2026-05-07 16:27:11,042 - __main__ - ERROR -   Batch 22: CUDA Out of Memory (OOM) during forward pass!
2026-05-07 16:27:11,043 - __main__ - ERROR -   Memory at OOM: 43872/44862MB
2026-05-07 16:27:11,318 - __main__ - ERROR -   Batch 23: CUDA Out of Memory (OOM) during forward pass!
2026-05-07 16:27:11,319 - __main__ - ERROR -   Memory at OOM: 43872/44862MB
2026-05-07 16:27:11,604 - __main__ - ERROR -   Batch 24: CUDA Out of Memory (OOM) during forward pass!
2026-05-07 16:27:11,605 - __main__ - ERROR -   Memory at OOM: 43872/44862MB
2026-05-07 16:27:11,882 - __main__ - ERROR -   Batch 25: CUDA Out of Memory (OOM) during forward pass!
2026-05-07 16:27:11,883 - __main__ - ERROR -   Memory at OOM: 43872/44862MB
2026-05-07 16:27:12,155 - __main__ - ERROR -   Batch 26: CUDA Out of Memory (OOM) during forward pass!
2026-05-07 16:27:12,156 - __main__ - ERROR -   Memory at OOM: 43872/44862MB
2026-05-07 16:27:12,436 - __main__ - ERROR -   Batch 27: CUDA Out of Memory (OOM) during forward pass!
2026-05-07 16:27:12,437 - __main__ - ERROR -   Memory at OOM: 43872/44862MB
2026-05-07 16:27:12,720 - __main__ - ERROR -   Batch 28: CUDA Out of Memory (OOM) during forward pass!
2026-05-07 16:27:12,721 - __main__ - ERROR -   Memory at OOM: 43872/44862MB
2026-05-07 16:27:12,997 - __main__ - ERROR -   Batch 29: CUDA Out of Memory (OOM) during forward pass!
2026-05-07 16:27:12,998 - __main__ - ERROR -   Memory at OOM: 43872/44862MB
2026-05-07 16:27:13,275 - __main__ - ERROR -   Batch 30: CUDA Out of Memory (OOM) during forward pass!
2026-05-07 16:27:13,276 - __main__ - ERROR -   Memory at OOM: 43872/44862MB
2026-05-07 16:27:13,559 - __main__ - ERROR -   Batch 31: CUDA Out of Memory (OOM) during forward pass!
2026-05-07 16:27:13,560 - __main__ - ERROR -   Memory at OOM: 43872/44862MB
2026-05-07 16:27:13,841 - __main__ - ERROR -   Batch 32: CUDA Out of Memory (OOM) during forward pass!
2026-05-07 16:27:13,842 - __main__ - ERROR -   Memory at OOM: 43872/44862MB
2026-05-07 16:27:14,116 - __main__ - ERROR -   Batch 33: CUDA Out of Memory (OOM) during forward pass!
2026-05-07 16:27:14,116 - __main__ - ERROR -   Memory at OOM: 43872/44862MB
2026-05-07 16:27:14,396 - __main__ - ERROR -   Batch 34: CUDA Out of Memory (OOM) during forward pass!
2026-05-07 16:27:14,396 - __main__ - ERROR -   Memory at OOM: 43872/44862MB
2026-05-07 16:27:14,681 - __main__ - ERROR -   Batch 35: CUDA Out of Memory (OOM) during forward pass!
2026-05-07 16:27:14,682 - __main__ - ERROR -   Memory at OOM: 43872/44862MB
2026-05-07 16:27:14,957 - __main__ - ERROR -   Batch 36: CUDA Out of Memory (OOM) during forward pass!
2026-05-07 16:27:14,958 - __main__ - ERROR -   Memory at OOM: 43872/44862MB
2026-05-07 16:27:15,237 - __main__ - ERROR -   Batch 37: CUDA Out of Memory (OOM) during forward pass!
2026-05-07 16:27:15,237 - __main__ - ERROR -   Memory at OOM: 43872/44862MB
2026-05-07 16:27:15,519 - __main__ - ERROR -   Batch 38: CUDA Out of Memory (OOM) during forward pass!
2026-05-07 16:27:15,520 - __main__ - ERROR -   Memory at OOM: 43872/44862MB
2026-05-07 16:27:15,800 - __main__ - ERROR -   Batch 39: CUDA Out of Memory (OOM) during forward pass!
2026-05-07 16:27:15,801 - __main__ - ERROR -   Memory at OOM: 43872/44862MB
2026-05-07 16:27:16,076 - __main__ - ERROR -   Batch 40: CUDA Out of Memory (OOM) during forward pass!
2026-05-07 16:27:16,076 - __main__ - ERROR -   Memory at OOM: 43872/44862MB
2026-05-07 16:27:16,356 - __main__ - ERROR -   Batch 41: CUDA Out of Memory (OOM) during forward pass!
2026-05-07 16:27:16,357 - __main__ - ERROR -   Memory at OOM: 43872/44862MB
2026-05-07 16:27:16,638 - __main__ - ERROR -   Batch 42: CUDA Out of Memory (OOM) during forward pass!
2026-05-07 16:27:16,639 - __main__ - ERROR -   Memory at OOM: 43872/44862MB
2026-05-07 16:27:16,918 - __main__ - ERROR -   Batch 43: CUDA Out of Memory (OOM) during forward pass!
2026-05-07 16:27:16,918 - __main__ - ERROR -   Memory at OOM: 43872/44862MB
2026-05-07 16:27:17,195 - __main__ - ERROR -   Batch 44: CUDA Out of Memory (OOM) during forward pass!
2026-05-07 16:27:17,195 - __main__ - ERROR -   Memory at OOM: 43872/44862MB
2026-05-07 16:27:17,477 - __main__ - ERROR -   Batch 45: CUDA Out of Memory (OOM) during forward pass!
2026-05-07 16:27:17,478 - __main__ - ERROR -   Memory at OOM: 43872/44862MB
2026-05-07 16:27:17,758 - __main__ - ERROR -   Batch 46: CUDA Out of Memory (OOM) during forward pass!
2026-05-07 16:27:17,759 - __main__ - ERROR -   Memory at OOM: 43872/44862MB
2026-05-07 16:27:18,034 - __main__ - ERROR -   Batch 47: CUDA Out of Memory (OOM) during forward pass!
2026-05-07 16:27:18,035 - __main__ - ERROR -   Memory at OOM: 43872/44862MB
2026-05-07 16:27:18,314 - __main__ - ERROR -   Batch 48: CUDA Out of Memory (OOM) during forward pass!
2026-05-07 16:27:18,315 - __main__ - ERROR -   Memory at OOM: 43872/44862MB
2026-05-07 16:27:18,597 - __main__ - ERROR -   Batch 49: CUDA Out of Memory (OOM) during forward pass!
2026-05-07 16:27:18,598 - __main__ - ERROR -   Memory at OOM: 43872/44862MB
2026-05-07 16:27:18,876 - __main__ - ERROR -   Batch 50: CUDA Out of Memory (OOM) during forward pass!
2026-05-07 16:27:18,877 - __main__ - ERROR -   Memory at OOM: 43872/44862MB
2026-05-07 16:27:19,154 - __main__ - ERROR -   Batch 51: CUDA Out of Memory (OOM) during forward pass!
2026-05-07 16:27:19,154 - __main__ - ERROR -   Memory at OOM: 43872/44862MB
2026-05-07 16:27:19,436 - __main__ - ERROR -   Batch 52: CUDA Out of Memory (OOM) during forward pass!
2026-05-07 16:27:19,436 - __main__ - ERROR -   Memory at OOM: 43872/44862MB
2026-05-07 16:27:19,717 - __main__ - ERROR -   Batch 53: CUDA Out of Memory (OOM) during forward pass!
2026-05-07 16:27:19,717 - __main__ - ERROR -   Memory at OOM: 43872/44862MB
2026-05-07 16:27:19,994 - __main__ - ERROR -   Batch 54: CUDA Out of Memory (OOM) during forward pass!
2026-05-07 16:27:19,995 - __main__ - ERROR -   Memory at OOM: 43872/44862MB
2026-05-07 16:27:20,275 - __main__ - ERROR -   Batch 55: CUDA Out of Memory (OOM) during forward pass!
2026-05-07 16:27:20,275 - __main__ - ERROR -   Memory at OOM: 43872/44862MB
2026-05-07 16:27:20,556 - __main__ - ERROR -   Batch 56: CUDA Out of Memory (OOM) during forward pass!
2026-05-07 16:27:20,557 - __main__ - ERROR -   Memory at OOM: 43872/44862MB
2026-05-07 16:27:20,835 - __main__ - ERROR -   Batch 57: CUDA Out of Memory (OOM) during forward pass!
2026-05-07 16:27:20,836 - __main__ - ERROR -   Memory at OOM: 43872/44862MB
2026-05-07 16:27:21,113 - __main__ - ERROR -   Batch 58: CUDA Out of Memory (OOM) during forward pass!
2026-05-07 16:27:21,114 - __main__ - ERROR -   Memory at OOM: 43872/44862MB
2026-05-07 16:27:21,395 - __main__ - ERROR -   Batch 59: CUDA Out of Memory (OOM) during forward pass!
2026-05-07 16:27:21,395 - __main__ - ERROR -   Memory at OOM: 43872/44862MB
2026-05-07 16:27:21,675 - __main__ - ERROR -   Batch 60: CUDA Out of Memory (OOM) during forward pass!
2026-05-07 16:27:21,675 - __main__ - ERROR -   Memory at OOM: 43872/44862MB
2026-05-07 16:27:21,953 - __main__ - ERROR -   Batch 61: CUDA Out of Memory (OOM) during forward pass!
2026-05-07 16:27:21,954 - __main__ - ERROR -   Memory at OOM: 43872/44862MB
2026-05-07 16:27:22,233 - __main__ - ERROR -   Batch 62: CUDA Out of Memory (OOM) during forward pass!
2026-05-07 16:27:22,234 - __main__ - ERROR -   Memory at OOM: 43872/44862MB
2026-05-07 16:27:22,517 - __main__ - ERROR -   Batch 63: CUDA Out of Memory (OOM) during forward pass!
2026-05-07 16:27:22,517 - __main__ - ERROR -   Memory at OOM: 43872/44862MB
2026-05-07 16:27:22,796 - __main__ - ERROR -   Batch 64: CUDA Out of Memory (OOM) during forward pass!
2026-05-07 16:27:22,796 - __main__ - ERROR -   Memory at OOM: 43872/44862MB
2026-05-07 16:27:23,073 - __main__ - ERROR -   Batch 65: CUDA Out of Memory (OOM) during forward pass!
2026-05-07 16:27:23,073 - __main__ - ERROR -   Memory at OOM: 43872/44862MB
2026-05-07 16:27:23,355 - __main__ - ERROR -   Batch 66: CUDA Out of Memory (OOM) during forward pass!
2026-05-07 16:27:23,356 - __main__ - ERROR -   Memory at OOM: 43872/44862MB
2026-05-07 16:27:23,636 - __main__ - ERROR -   Batch 67: CUDA Out of Memory (OOM) during forward pass!
2026-05-07 16:27:23,636 - __main__ - ERROR -   Memory at OOM: 43872/44862MB
2026-05-07 16:27:23,915 - __main__ - ERROR -   Batch 68: CUDA Out of Memory (OOM) during forward pass!
2026-05-07 16:27:23,915 - __main__ - ERROR -   Memory at OOM: 43872/44862MB
2026-05-07 16:27:24,193 - __main__ - ERROR -   Batch 69: CUDA Out of Memory (OOM) during forward pass!
2026-05-07 16:27:24,193 - __main__ - ERROR -   Memory at OOM: 43872/44862MB
2026-05-07 16:27:24,474 - __main__ - ERROR -   Batch 70: CUDA Out of Memory (OOM) during forward pass!
2026-05-07 16:27:24,475 - __main__ - ERROR -   Memory at OOM: 43872/44862MB
2026-05-07 16:27:24,754 - __main__ - ERROR -   Batch 71: CUDA Out of Memory (OOM) during forward pass!
2026-05-07 16:27:24,754 - __main__ - ERROR -   Memory at OOM: 43872/44862MB
2026-05-07 16:27:25,033 - __main__ - ERROR -   Batch 72: CUDA Out of Memory (OOM) during forward pass!
2026-05-07 16:27:25,034 - __main__ - ERROR -   Memory at OOM: 43872/44862MB
2026-05-07 16:27:25,314 - __main__ - ERROR -   Batch 73: CUDA Out of Memory (OOM) during forward pass!
2026-05-07 16:27:25,314 - __main__ - ERROR -   Memory at OOM: 43872/44862MB
2026-05-07 16:27:25,594 - __main__ - ERROR -   Batch 74: CUDA Out of Memory (OOM) during forward pass!
2026-05-07 16:27:25,595 - __main__ - ERROR -   Memory at OOM: 43872/44862MB
2026-05-07 16:27:25,873 - __main__ - ERROR -   Batch 75: CUDA Out of Memory (OOM) during forward pass!
2026-05-07 16:27:25,873 - __main__ - ERROR -   Memory at OOM: 43872/44862MB
2026-05-07 16:27:26,156 - __main__ - ERROR -   Batch 76: CUDA Out of Memory (OOM) during forward pass!
2026-05-07 16:27:26,157 - __main__ - ERROR -   Memory at OOM: 43872/44862MB
2026-05-07 16:27:26,435 - __main__ - ERROR -   Batch 77: CUDA Out of Memory (OOM) during forward pass!
2026-05-07 16:27:26,436 - __main__ - ERROR -   Memory at OOM: 43872/44862MB
2026-05-07 16:27:26,715 - __main__ - ERROR -   Batch 78: CUDA Out of Memory (OOM) during forward pass!
2026-05-07 16:27:26,715 - __main__ - ERROR -   Memory at OOM: 43872/44862MB
2026-05-07 16:27:26,993 - __main__ - ERROR -   Batch 79: CUDA Out of Memory (OOM) during forward pass!
2026-05-07 16:27:26,993 - __main__ - ERROR -   Memory at OOM: 43872/44862MB
2026-05-07 16:27:27,274 - __main__ - ERROR -   Batch 80: CUDA Out of Memory (OOM) during forward pass!
2026-05-07 16:27:27,274 - __main__ - ERROR -   Memory at OOM: 43872/44862MB
2026-05-07 16:27:27,553 - __main__ - ERROR -   Batch 81: CUDA Out of Memory (OOM) during forward pass!
2026-05-07 16:27:27,554 - __main__ - ERROR -   Memory at OOM: 43872/44862MB
2026-05-07 16:27:27,834 - __main__ - ERROR -   Batch 82: CUDA Out of Memory (OOM) during forward pass!
2026-05-07 16:27:27,835 - __main__ - ERROR -   Memory at OOM: 43872/44862MB
2026-05-07 16:27:28,113 - __main__ - ERROR -   Batch 83: CUDA Out of Memory (OOM) during forward pass!
2026-05-07 16:27:28,114 - __main__ - ERROR -   Memory at OOM: 43872/44862MB
2026-05-07 16:27:28,393 - __main__ - ERROR -   Batch 84: CUDA Out of Memory (OOM) during forward pass!
2026-05-07 16:27:28,393 - __main__ - ERROR -   Memory at OOM: 43872/44862MB
2026-05-07 16:27:28,673 - __main__ - ERROR -   Batch 85: CUDA Out of Memory (OOM) during forward pass!
2026-05-07 16:27:28,674 - __main__ - ERROR -   Memory at OOM: 43872/44862MB
2026-05-07 16:27:28,953 - __main__ - ERROR -   Batch 86: CUDA Out of Memory (OOM) during forward pass!
2026-05-07 16:27:28,953 - __main__ - ERROR -   Memory at OOM: 43872/44862MB
2026-05-07 16:27:29,232 - __main__ - ERROR -   Batch 87: CUDA Out of Memory (OOM) during forward pass!
2026-05-07 16:27:29,233 - __main__ - ERROR -   Memory at OOM: 43872/44862MB
2026-05-07 16:27:29,513 - __main__ - ERROR -   Batch 88: CUDA Out of Memory (OOM) during forward pass!
2026-05-07 16:27:29,514 - __main__ - ERROR -   Memory at OOM: 43872/44862MB
2026-05-07 16:27:29,791 - __main__ - ERROR -   Batch 89: CUDA Out of Memory (OOM) during forward pass!
2026-05-07 16:27:29,792 - __main__ - ERROR -   Memory at OOM: 43872/44862MB
2026-05-07 16:27:30,074 - __main__ - ERROR -   Batch 90: CUDA Out of Memory (OOM) during forward pass!
2026-05-07 16:27:30,074 - __main__ - ERROR -   Memory at OOM: 43872/44862MB
2026-05-07 16:27:30,354 - __main__ - ERROR -   Batch 91: CUDA Out of Memory (OOM) during forward pass!
2026-05-07 16:27:30,354 - __main__ - ERROR -   Memory at OOM: 43872/44862MB
2026-05-07 16:27:30,632 - __main__ - ERROR -   Batch 92: CUDA Out of Memory (OOM) during forward pass!
2026-05-07 16:27:30,633 - __main__ - ERROR -   Memory at OOM: 43872/44862MB
2026-05-07 16:27:30,913 - __main__ - ERROR -   Batch 93: CUDA Out of Memory (OOM) during forward pass!
2026-05-07 16:27:30,913 - __main__ - ERROR -   Memory at OOM: 43872/44862MB
2026-05-07 16:27:31,193 - __main__ - ERROR -   Batch 94: CUDA Out of Memory (OOM) during forward pass!
2026-05-07 16:27:31,194 - __main__ - ERROR -   Memory at OOM: 43872/44862MB
2026-05-07 16:27:31,472 - __main__ - ERROR -   Batch 95: CUDA Out of Memory (OOM) during forward pass!
2026-05-07 16:27:31,473 - __main__ - ERROR -   Memory at OOM: 43872/44862MB
2026-05-07 16:27:31,752 - __main__ - ERROR -   Batch 96: CUDA Out of Memory (OOM) during forward pass!
2026-05-07 16:27:31,752 - __main__ - ERROR -   Memory at OOM: 43872/44862MB
2026-05-07 16:27:32,031 - __main__ - ERROR -   Batch 97: CUDA Out of Memory (OOM) during forward pass!
2026-05-07 16:27:32,032 - __main__ - ERROR -   Memory at OOM: 43872/44862MB
2026-05-07 16:27:32,311 - __main__ - ERROR -   Batch 98: CUDA Out of Memory (OOM) during forward pass!
2026-05-07 16:27:32,311 - __main__ - ERROR -   Memory at OOM: 43872/44862MB
2026-05-07 16:27:32,591 - __main__ - ERROR -   Batch 99: CUDA Out of Memory (OOM) during forward pass!
2026-05-07 16:27:32,592 - __main__ - ERROR -   Memory at OOM: 43872/44862MB
2026-05-07 16:27:32,872 - __main__ - ERROR -   Batch 100: CUDA Out of Memory (OOM) during forward pass!
2026-05-07 16:27:32,872 - __main__ - ERROR -   Memory at OOM: 43872/44862MB
2026-05-07 16:27:33,152 - __main__ - ERROR -   Batch 101: CUDA Out of Memory (OOM) during forward pass!
2026-05-07 16:27:33,153 - __main__ - ERROR -   Memory at OOM: 43872/44862MB
2026-05-07 16:27:33,430 - __main__ - ERROR -   Batch 102: CUDA Out of Memory (OOM) during forward pass!
2026-05-07 16:27:33,430 - __main__ - ERROR -   Memory at OOM: 43872/44862MB
2026-05-07 16:27:33,711 - __main__ - ERROR -   Batch 103: CUDA Out of Memory (OOM) during forward pass!
2026-05-07 16:27:33,711 - __main__ - ERROR -   Memory at OOM: 43872/44862MB
2026-05-07 16:27:33,990 - __main__ - ERROR -   Batch 104: CUDA Out of Memory (OOM) during forward pass!
2026-05-07 16:27:33,992 - __main__ - ERROR -   Memory at OOM: 43872/44862MB
2026-05-07 16:27:34,271 - __main__ - ERROR -   Batch 105: CUDA Out of Memory (OOM) during forward pass!
2026-05-07 16:27:34,272 - __main__ - ERROR -   Memory at OOM: 43872/44862MB
2026-05-07 16:27:34,551 - __main__ - ERROR -   Batch 106: CUDA Out of Memory (OOM) during forward pass!
2026-05-07 16:27:34,552 - __main__ - ERROR -   Memory at OOM: 43872/44862MB
2026-05-07 16:27:34,832 - __main__ - ERROR -   Batch 107: CUDA Out of Memory (OOM) during forward pass!
2026-05-07 16:27:34,833 - __main__ - ERROR -   Memory at OOM: 43872/44862MB
2026-05-07 16:27:35,111 - __main__ - ERROR -   Batch 108: CUDA Out of Memory (OOM) during forward pass!
2026-05-07 16:27:35,111 - __main__ - ERROR -   Memory at OOM: 43872/44862MB
2026-05-07 16:27:35,391 - __main__ - ERROR -   Batch 109: CUDA Out of Memory (OOM) during forward pass!
2026-05-07 16:27:35,391 - __main__ - ERROR -   Memory at OOM: 43872/44862MB
2026-05-07 16:27:35,670 - __main__ - ERROR -   Batch 110: CUDA Out of Memory (OOM) during forward pass!
2026-05-07 16:27:35,670 - __main__ - ERROR -   Memory at OOM: 43872/44862MB
2026-05-07 16:27:35,950 - __main__ - ERROR -   Batch 111: CUDA Out of Memory (OOM) during forward pass!
2026-05-07 16:27:35,951 - __main__ - ERROR -   Memory at OOM: 43872/44862MB
2026-05-07 16:27:36,231 - __main__ - ERROR -   Batch 112: CUDA Out of Memory (OOM) during forward pass!
2026-05-07 16:27:36,231 - __main__ - ERROR -   Memory at OOM: 43872/44862MB
2026-05-07 16:27:36,511 - __main__ - ERROR -   Batch 113: CUDA Out of Memory (OOM) during forward pass!
2026-05-07 16:27:36,513 - __main__ - ERROR -   Memory at OOM: 43872/44862MB
2026-05-07 16:27:36,791 - __main__ - ERROR -   Batch 114: CUDA Out of Memory (OOM) during forward pass!
2026-05-07 16:27:36,792 - __main__ - ERROR -   Memory at OOM: 43872/44862MB
2026-05-07 16:27:37,070 - __main__ - ERROR -   Batch 115: CUDA Out of Memory (OOM) during forward pass!
2026-05-07 16:27:37,071 - __main__ - ERROR -   Memory at OOM: 43872/44862MB
2026-05-07 16:27:37,351 - __main__ - ERROR -   Batch 116: CUDA Out of Memory (OOM) during forward pass!
2026-05-07 16:27:37,352 - __main__ - ERROR -   Memory at OOM: 43872/44862MB
2026-05-07 16:27:37,632 - __main__ - ERROR -   Batch 117: CUDA Out of Memory (OOM) during forward pass!
2026-05-07 16:27:37,633 - __main__ - ERROR -   Memory at OOM: 43872/44862MB
2026-05-07 16:27:37,911 - __main__ - ERROR -   Batch 118: CUDA Out of Memory (OOM) during forward pass!
2026-05-07 16:27:37,911 - __main__ - ERROR -   Memory at OOM: 43872/44862MB
2026-05-07 16:27:38,189 - __main__ - ERROR -   Batch 119: CUDA Out of Memory (OOM) during forward pass!
2026-05-07 16:27:38,190 - __main__ - ERROR -   Memory at OOM: 43872/44862MB
2026-05-07 16:27:38,471 - __main__ - ERROR -   Batch 120: CUDA Out of Memory (OOM) during forward pass!
2026-05-07 16:27:38,472 - __main__ - ERROR -   Memory at OOM: 43872/44862MB
2026-05-07 16:27:38,751 - __main__ - ERROR -   Batch 121: CUDA Out of Memory (OOM) during forward pass!
2026-05-07 16:27:38,752 - __main__ - ERROR -   Memory at OOM: 43872/44862MB
2026-05-07 16:27:39,029 - __main__ - ERROR -   Batch 122: CUDA Out of Memory (OOM) during forward pass!
2026-05-07 16:27:39,029 - __main__ - ERROR -   Memory at OOM: 43872/44862MB
2026-05-07 16:27:39,310 - __main__ - ERROR -   Batch 123: CUDA Out of Memory (OOM) during forward pass!
2026-05-07 16:27:39,310 - __main__ - ERROR -   Memory at OOM: 43872/44862MB
2026-05-07 16:27:39,589 - __main__ - ERROR -   Batch 124: CUDA Out of Memory (OOM) during forward pass!
2026-05-07 16:27:39,590 - __main__ - ERROR -   Memory at OOM: 43872/44862MB
2026-05-07 16:27:39,868 - __main__ - ERROR -   Batch 125: CUDA Out of Memory (OOM) during forward pass!
2026-05-07 16:27:39,869 - __main__ - ERROR -   Memory at OOM: 43872/44862MB
2026-05-07 16:27:40,149 - __main__ - ERROR -   Batch 126: CUDA Out of Memory (OOM) during forward pass!
2026-05-07 16:27:40,149 - __main__ - ERROR -   Memory at OOM: 43872/44862MB
2026-05-07 16:27:40,430 - __main__ - ERROR -   Batch 127: CUDA Out of Memory (OOM) during forward pass!
2026-05-07 16:27:40,430 - __main__ - ERROR -   Memory at OOM: 43872/44862MB
2026-05-07 16:27:40,709 - __main__ - ERROR -   Batch 128: CUDA Out of Memory (OOM) during forward pass!
2026-05-07 16:27:40,709 - __main__ - ERROR -   Memory at OOM: 43872/44862MB
2026-05-07 16:27:40,989 - __main__ - ERROR -   Batch 129: CUDA Out of Memory (OOM) during forward pass!
2026-05-07 16:27:40,990 - __main__ - ERROR -   Memory at OOM: 43872/44862MB
2026-05-07 16:27:41,269 - __main__ - ERROR -   Batch 130: CUDA Out of Memory (OOM) during forward pass!
2026-05-07 16:27:41,270 - __main__ - ERROR -   Memory at OOM: 43872/44862MB
2026-05-07 16:27:41,549 - __main__ - ERROR -   Batch 131: CUDA Out of Memory (OOM) during forward pass!
2026-05-07 16:27:41,549 - __main__ - ERROR -   Memory at OOM: 43872/44862MB
2026-05-07 16:27:41,829 - __main__ - ERROR -   Batch 132: CUDA Out of Memory (OOM) during forward pass!
2026-05-07 16:27:41,829 - __main__ - ERROR -   Memory at OOM: 43872/44862MB
2026-05-07 16:27:42,111 - __main__ - ERROR -   Batch 133: CUDA Out of Memory (OOM) during forward pass!
2026-05-07 16:27:42,113 - __main__ - ERROR -   Memory at OOM: 43872/44862MB
2026-05-07 16:27:42,390 - __main__ - ERROR -   Batch 134: CUDA Out of Memory (OOM) during forward pass!
2026-05-07 16:27:42,390 - __main__ - ERROR -   Memory at OOM: 43872/44862MB
2026-05-07 16:27:42,670 - __main__ - ERROR -   Batch 135: CUDA Out of Memory (OOM) during forward pass!
2026-05-07 16:27:42,670 - __main__ - ERROR -   Memory at OOM: 43872/44862MB
2026-05-07 16:27:42,951 - __main__ - ERROR -   Batch 136: CUDA Out of Memory (OOM) during forward pass!
2026-05-07 16:27:42,951 - __main__ - ERROR -   Memory at OOM: 43872/44862MB
2026-05-07 16:27:43,228 - __main__ - ERROR -   Batch 137: CUDA Out of Memory (OOM) during forward pass!
2026-05-07 16:27:43,229 - __main__ - ERROR -   Memory at OOM: 43872/44862MB
2026-05-07 16:27:43,509 - __main__ - ERROR -   Batch 138: CUDA Out of Memory (OOM) during forward pass!
2026-05-07 16:27:43,509 - __main__ - ERROR -   Memory at OOM: 43872/44862MB
2026-05-07 16:27:43,789 - __main__ - ERROR -   Batch 139: CUDA Out of Memory (OOM) during forward pass!
2026-05-07 16:27:43,789 - __main__ - ERROR -   Memory at OOM: 43872/44862MB
2026-05-07 16:27:44,069 - __main__ - ERROR -   Batch 140: CUDA Out of Memory (OOM) during forward pass!
2026-05-07 16:27:44,070 - __main__ - ERROR -   Memory at OOM: 43872/44862MB
2026-05-07 16:27:44,348 - __main__ - ERROR -   Batch 141: CUDA Out of Memory (OOM) during forward pass!
2026-05-07 16:27:44,348 - __main__ - ERROR -   Memory at OOM: 43872/44862MB
2026-05-07 16:27:44,627 - __main__ - ERROR -   Batch 142: CUDA Out of Memory (OOM) during forward pass!
2026-05-07 16:27:44,629 - __main__ - ERROR -   Memory at OOM: 43872/44862MB
2026-05-07 16:27:44,908 - __main__ - ERROR -   Batch 143: CUDA Out of Memory (OOM) during forward pass!
2026-05-07 16:27:44,909 - __main__ - ERROR -   Memory at OOM: 43872/44862MB
2026-05-07 16:27:45,189 - __main__ - ERROR -   Batch 144: CUDA Out of Memory (OOM) during forward pass!
2026-05-07 16:27:45,189 - __main__ - ERROR -   Memory at OOM: 43872/44862MB
2026-05-07 16:27:45,470 - __main__ - ERROR -   Batch 145: CUDA Out of Memory (OOM) during forward pass!
2026-05-07 16:27:45,470 - __main__ - ERROR -   Memory at OOM: 43872/44862MB
2026-05-07 16:27:45,747 - __main__ - ERROR -   Batch 146: CUDA Out of Memory (OOM) during forward pass!
2026-05-07 16:27:45,747 - __main__ - ERROR -   Memory at OOM: 43872/44862MB
2026-05-07 16:27:46,029 - __main__ - ERROR -   Batch 147: CUDA Out of Memory (OOM) during forward pass!
2026-05-07 16:27:46,030 - __main__ - ERROR -   Memory at OOM: 43872/44862MB
2026-05-07 16:27:46,308 - __main__ - ERROR -   Batch 148: CUDA Out of Memory (OOM) during forward pass!
2026-05-07 16:27:46,309 - __main__ - ERROR -   Memory at OOM: 43872/44862MB
2026-05-07 16:27:46,587 - __main__ - ERROR -   Batch 149: CUDA Out of Memory (OOM) during forward pass!
2026-05-07 16:27:46,587 - __main__ - ERROR -   Memory at OOM: 43872/44862MB
2026-05-07 16:27:46,867 - __main__ - ERROR -   Batch 150: CUDA Out of Memory (OOM) during forward pass!
2026-05-07 16:27:46,867 - __main__ - ERROR -   Memory at OOM: 43872/44862MB
2026-05-07 16:27:47,149 - __main__ - ERROR -   Batch 151: CUDA Out of Memory (OOM) during forward pass!
2026-05-07 16:27:47,149 - __main__ - ERROR -   Memory at OOM: 43872/44862MB
2026-05-07 16:27:47,428 - __main__ - ERROR -   Batch 152: CUDA Out of Memory (OOM) during forward pass!
2026-05-07 16:27:47,428 - __main__ - ERROR -   Memory at OOM: 43872/44862MB
2026-05-07 16:27:47,707 - __main__ - ERROR -   Batch 153: CUDA Out of Memory (OOM) during forward pass!
2026-05-07 16:27:47,707 - __main__ - ERROR -   Memory at OOM: 43872/44862MB
2026-05-07 16:27:47,988 - __main__ - ERROR -   Batch 154: CUDA Out of Memory (OOM) during forward pass!
2026-05-07 16:27:47,988 - __main__ - ERROR -   Memory at OOM: 43872/44862MB
2026-05-07 16:27:48,268 - __main__ - ERROR -   Batch 155: CUDA Out of Memory (OOM) during forward pass!
2026-05-07 16:27:48,268 - __main__ - ERROR -   Memory at OOM: 43872/44862MB
2026-05-07 16:27:48,547 - __main__ - ERROR -   Batch 156: CUDA Out of Memory (OOM) during forward pass!
2026-05-07 16:27:48,548 - __main__ - ERROR -   Memory at OOM: 43872/44862MB
2026-05-07 16:27:48,826 - __main__ - ERROR -   Batch 157: CUDA Out of Memory (OOM) during forward pass!
2026-05-07 16:27:48,826 - __main__ - ERROR -   Memory at OOM: 43872/44862MB
2026-05-07 16:27:49,107 - __main__ - ERROR -   Batch 158: CUDA Out of Memory (OOM) during forward pass!
2026-05-07 16:27:49,107 - __main__ - ERROR -   Memory at OOM: 43872/44862MB
2026-05-07 16:27:49,385 - __main__ - ERROR -   Batch 159: CUDA Out of Memory (OOM) during forward pass!
2026-05-07 16:27:49,386 - __main__ - ERROR -   Memory at OOM: 43872/44862MB
2026-05-07 16:27:49,665 - __main__ - ERROR -   Batch 160: CUDA Out of Memory (OOM) during forward pass!
2026-05-07 16:27:49,666 - __main__ - ERROR -   Memory at OOM: 43872/44862MB
2026-05-07 16:27:49,946 - __main__ - ERROR -   Batch 161: CUDA Out of Memory (OOM) during forward pass!
2026-05-07 16:27:49,947 - __main__ - ERROR -   Memory at OOM: 43872/44862MB
2026-05-07 16:27:50,227 - __main__ - ERROR -   Batch 162: CUDA Out of Memory (OOM) during forward pass!
2026-05-07 16:27:50,227 - __main__ - ERROR -   Memory at OOM: 43872/44862MB
2026-05-07 16:27:50,506 - __main__ - ERROR -   Batch 163: CUDA Out of Memory (OOM) during forward pass!
2026-05-07 16:27:50,507 - __main__ - ERROR -   Memory at OOM: 43872/44862MB
2026-05-07 16:27:50,787 - __main__ - ERROR -   Batch 164: CUDA Out of Memory (OOM) during forward pass!
2026-05-07 16:27:50,788 - __main__ - ERROR -   Memory at OOM: 43872/44862MB
2026-05-07 16:27:51,068 - __main__ - ERROR -   Batch 165: CUDA Out of Memory (OOM) during forward pass!
2026-05-07 16:27:51,068 - __main__ - ERROR -   Memory at OOM: 43872/44862MB
2026-05-07 16:27:51,346 - __main__ - ERROR -   Batch 166: CUDA Out of Memory (OOM) during forward pass!
2026-05-07 16:27:51,347 - __main__ - ERROR -   Memory at OOM: 43872/44862MB
2026-05-07 16:27:51,626 - __main__ - ERROR -   Batch 167: CUDA Out of Memory (OOM) during forward pass!
2026-05-07 16:27:51,627 - __main__ - ERROR -   Memory at OOM: 43872/44862MB
2026-05-07 16:27:51,908 - __main__ - ERROR -   Batch 168: CUDA Out of Memory (OOM) during forward pass!
2026-05-07 16:27:51,909 - __main__ - ERROR -   Memory at OOM: 43872/44862MB
2026-05-07 16:27:52,188 - __main__ - ERROR -   Batch 169: CUDA Out of Memory (OOM) during forward pass!
2026-05-07 16:27:52,189 - __main__ - ERROR -   Memory at OOM: 43872/44862MB
2026-05-07 16:27:52,468 - __main__ - ERROR -   Batch 170: CUDA Out of Memory (OOM) during forward pass!
2026-05-07 16:27:52,469 - __main__ - ERROR -   Memory at OOM: 43872/44862MB
2026-05-07 16:27:52,748 - __main__ - ERROR -   Batch 171: CUDA Out of Memory (OOM) during forward pass!
2026-05-07 16:27:52,749 - __main__ - ERROR -   Memory at OOM: 43872/44862MB
2026-05-07 16:27:53,027 - __main__ - ERROR -   Batch 172: CUDA Out of Memory (OOM) during forward pass!
2026-05-07 16:27:53,028 - __main__ - ERROR -   Memory at OOM: 43872/44862MB
2026-05-07 16:27:53,309 - __main__ - ERROR -   Batch 173: CUDA Out of Memory (OOM) during forward pass!
2026-05-07 16:27:53,310 - __main__ - ERROR -   Memory at OOM: 43872/44862MB
2026-05-07 16:27:53,587 - __main__ - ERROR -   Batch 174: CUDA Out of Memory (OOM) during forward pass!
2026-05-07 16:27:53,587 - __main__ - ERROR -   Memory at OOM: 43872/44862MB
2026-05-07 16:27:53,867 - __main__ - ERROR -   Batch 175: CUDA Out of Memory (OOM) during forward pass!
2026-05-07 16:27:53,868 - __main__ - ERROR -   Memory at OOM: 43872/44862MB
2026-05-07 16:27:54,148 - __main__ - ERROR -   Batch 176: CUDA Out of Memory (OOM) during forward pass!
2026-05-07 16:27:54,148 - __main__ - ERROR -   Memory at OOM: 43872/44862MB
2026-05-07 16:27:54,426 - __main__ - ERROR -   Batch 177: CUDA Out of Memory (OOM) during forward pass!
2026-05-07 16:27:54,427 - __main__ - ERROR -   Memory at OOM: 43872/44862MB
2026-05-07 16:27:54,706 - __main__ - ERROR -   Batch 178: CUDA Out of Memory (OOM) during forward pass!
2026-05-07 16:27:54,707 - __main__ - ERROR -   Memory at OOM: 43872/44862MB
2026-05-07 16:27:54,987 - __main__ - ERROR -   Batch 179: CUDA Out of Memory (OOM) during forward pass!
2026-05-07 16:27:54,987 - __main__ - ERROR -   Memory at OOM: 43872/44862MB
2026-05-07 16:27:55,266 - __main__ - ERROR -   Batch 180: CUDA Out of Memory (OOM) during forward pass!
2026-05-07 16:27:55,267 - __main__ - ERROR -   Memory at OOM: 43872/44862MB
2026-05-07 16:27:55,546 - __main__ - ERROR -   Batch 181: CUDA Out of Memory (OOM) during forward pass!
2026-05-07 16:27:55,546 - __main__ - ERROR -   Memory at OOM: 43872/44862MB
2026-05-07 16:27:55,824 - __main__ - ERROR -   Batch 182: CUDA Out of Memory (OOM) during forward pass!
2026-05-07 16:27:55,825 - __main__ - ERROR -   Memory at OOM: 43872/44862MB
2026-05-07 16:27:56,104 - __main__ - ERROR -   Batch 183: CUDA Out of Memory (OOM) during forward pass!
2026-05-07 16:27:56,104 - __main__ - ERROR -   Memory at OOM: 43872/44862MB
2026-05-07 16:27:56,383 - __main__ - ERROR -   Batch 184: CUDA Out of Memory (OOM) during forward pass!
2026-05-07 16:27:56,384 - __main__ - ERROR -   Memory at OOM: 43872/44862MB
2026-05-07 16:27:56,663 - __main__ - ERROR -   Batch 185: CUDA Out of Memory (OOM) during forward pass!
2026-05-07 16:27:56,664 - __main__ - ERROR -   Memory at OOM: 43872/44862MB
2026-05-07 16:27:56,944 - __main__ - ERROR -   Batch 186: CUDA Out of Memory (OOM) during forward pass!
2026-05-07 16:27:56,945 - __main__ - ERROR -   Memory at OOM: 43872/44862MB
2026-05-07 16:27:57,225 - __main__ - ERROR -   Batch 187: CUDA Out of Memory (OOM) during forward pass!
2026-05-07 16:27:57,226 - __main__ - ERROR -   Memory at OOM: 43872/44862MB
2026-05-07 16:27:57,503 - __main__ - ERROR -   Batch 188: CUDA Out of Memory (OOM) during forward pass!
2026-05-07 16:27:57,504 - __main__ - ERROR -   Memory at OOM: 43872/44862MB
2026-05-07 16:27:57,785 - __main__ - ERROR -   Batch 189: CUDA Out of Memory (OOM) during forward pass!
2026-05-07 16:27:57,786 - __main__ - ERROR -   Memory at OOM: 43872/44862MB
2026-05-07 16:27:58,064 - __main__ - ERROR -   Batch 190: CUDA Out of Memory (OOM) during forward pass!
2026-05-07 16:27:58,064 - __main__ - ERROR -   Memory at OOM: 43872/44862MB
2026-05-07 16:27:58,344 - __main__ - ERROR -   Batch 191: CUDA Out of Memory (OOM) during forward pass!
2026-05-07 16:27:58,344 - __main__ - ERROR -   Memory at OOM: 43872/44862MB
2026-05-07 16:27:58,623 - __main__ - ERROR -   Batch 192: CUDA Out of Memory (OOM) during forward pass!
2026-05-07 16:27:58,624 - __main__ - ERROR -   Memory at OOM: 43872/44862MB
2026-05-07 16:27:58,903 - __main__ - ERROR -   Batch 193: CUDA Out of Memory (OOM) during forward pass!
2026-05-07 16:27:58,904 - __main__ - ERROR -   Memory at OOM: 43872/44862MB
2026-05-07 16:27:59,184 - __main__ - ERROR -   Batch 194: CUDA Out of Memory (OOM) during forward pass!
2026-05-07 16:27:59,185 - __main__ - ERROR -   Memory at OOM: 43872/44862MB
2026-05-07 16:27:59,463 - __main__ - ERROR -   Batch 195: CUDA Out of Memory (OOM) during forward pass!
2026-05-07 16:27:59,464 - __main__ - ERROR -   Memory at OOM: 43872/44862MB
2026-05-07 16:27:59,744 - __main__ - ERROR -   Batch 196: CUDA Out of Memory (OOM) during forward pass!
2026-05-07 16:27:59,745 - __main__ - ERROR -   Memory at OOM: 43872/44862MB
2026-05-07 16:28:00,023 - __main__ - ERROR -   Batch 197: CUDA Out of Memory (OOM) during forward pass!
2026-05-07 16:28:00,024 - __main__ - ERROR -   Memory at OOM: 43872/44862MB
2026-05-07 16:28:00,303 - __main__ - ERROR -   Batch 198: CUDA Out of Memory (OOM) during forward pass!
2026-05-07 16:28:00,304 - __main__ - ERROR -   Memory at OOM: 43872/44862MB
2026-05-07 16:28:00,583 - __main__ - ERROR -   Batch 199: CUDA Out of Memory (OOM) during forward pass!
2026-05-07 16:28:00,584 - __main__ - ERROR -   Memory at OOM: 43872/44862MB
2026-05-07 16:28:00,863 - __main__ - ERROR -   Batch 200: CUDA Out of Memory (OOM) during forward pass!
2026-05-07 16:28:00,863 - __main__ - ERROR -   Memory at OOM: 43872/44862MB
2026-05-07 16:28:01,144 - __main__ - ERROR -   Batch 201: CUDA Out of Memory (OOM) during forward pass!
2026-05-07 16:28:01,145 - __main__ - ERROR -   Memory at OOM: 43872/44862MB
2026-05-07 16:28:01,424 - __main__ - ERROR -   Batch 202: CUDA Out of Memory (OOM) during forward pass!
2026-05-07 16:28:01,424 - __main__ - ERROR -   Memory at OOM: 43872/44862MB
2026-05-07 16:28:01,705 - __main__ - ERROR -   Batch 203: CUDA Out of Memory (OOM) during forward pass!
2026-05-07 16:28:01,705 - __main__ - ERROR -   Memory at OOM: 43872/44862MB
2026-05-07 16:28:01,983 - __main__ - ERROR -   Batch 204: CUDA Out of Memory (OOM) during forward pass!
2026-05-07 16:28:01,984 - __main__ - ERROR -   Memory at OOM: 43872/44862MB
2026-05-07 16:28:02,263 - __main__ - ERROR -   Batch 205: CUDA Out of Memory (OOM) during forward pass!
2026-05-07 16:28:02,263 - __main__ - ERROR -   Memory at OOM: 43872/44862MB
2026-05-07 16:28:02,543 - __main__ - ERROR -   Batch 206: CUDA Out of Memory (OOM) during forward pass!
2026-05-07 16:28:02,544 - __main__ - ERROR -   Memory at OOM: 43872/44862MB
2026-05-07 16:28:02,825 - __main__ - ERROR -   Batch 207: CUDA Out of Memory (OOM) during forward pass!
2026-05-07 16:28:02,825 - __main__ - ERROR -   Memory at OOM: 43872/44862MB
2026-05-07 16:28:03,104 - __main__ - ERROR -   Batch 208: CUDA Out of Memory (OOM) during forward pass!
2026-05-07 16:28:03,105 - __main__ - ERROR -   Memory at OOM: 43872/44862MB
2026-05-07 16:28:03,385 - __main__ - ERROR -   Batch 209: CUDA Out of Memory (OOM) during forward pass!
2026-05-07 16:28:03,385 - __main__ - ERROR -   Memory at OOM: 43872/44862MB
2026-05-07 16:28:03,664 - __main__ - ERROR -   Batch 210: CUDA Out of Memory (OOM) during forward pass!
2026-05-07 16:28:03,665 - __main__ - ERROR -   Memory at OOM: 43872/44862MB
2026-05-07 16:28:03,944 - __main__ - ERROR -   Batch 211: CUDA Out of Memory (OOM) during forward pass!
2026-05-07 16:28:03,944 - __main__ - ERROR -   Memory at OOM: 43872/44862MB
2026-05-07 16:28:04,224 - __main__ - ERROR -   Batch 212: CUDA Out of Memory (OOM) during forward pass!
2026-05-07 16:28:04,224 - __main__ - ERROR -   Memory at OOM: 43872/44862MB
2026-05-07 16:28:04,503 - __main__ - ERROR -   Batch 213: CUDA Out of Memory (OOM) during forward pass!
2026-05-07 16:28:04,503 - __main__ - ERROR -   Memory at OOM: 43872/44862MB
2026-05-07 16:28:04,783 - __main__ - ERROR -   Batch 214: CUDA Out of Memory (OOM) during forward pass!
2026-05-07 16:28:04,783 - __main__ - ERROR -   Memory at OOM: 43872/44862MB
2026-05-07 16:28:05,063 - __main__ - ERROR -   Batch 215: CUDA Out of Memory (OOM) during forward pass!
2026-05-07 16:28:05,064 - __main__ - ERROR -   Memory at OOM: 43872/44862MB
2026-05-07 16:28:05,343 - __main__ - ERROR -   Batch 216: CUDA Out of Memory (OOM) during forward pass!
2026-05-07 16:28:05,343 - __main__ - ERROR -   Memory at OOM: 43872/44862MB
2026-05-07 16:28:05,623 - __main__ - ERROR -   Batch 217: CUDA Out of Memory (OOM) during forward pass!
2026-05-07 16:28:05,625 - __main__ - ERROR -   Memory at OOM: 43872/44862MB
2026-05-07 16:28:05,904 - __main__ - ERROR -   Batch 218: CUDA Out of Memory (OOM) during forward pass!
2026-05-07 16:28:05,904 - __main__ - ERROR -   Memory at OOM: 43872/44862MB
2026-05-07 16:28:06,183 - __main__ - ERROR -   Batch 219: CUDA Out of Memory (OOM) during forward pass!
2026-05-07 16:28:06,183 - __main__ - ERROR -   Memory at OOM: 43872/44862MB
2026-05-07 16:28:06,464 - __main__ - ERROR -   Batch 220: CUDA Out of Memory (OOM) during forward pass!
2026-05-07 16:28:06,464 - __main__ - ERROR -   Memory at OOM: 43872/44862MB
2026-05-07 16:28:06,742 - __main__ - ERROR -   Batch 221: CUDA Out of Memory (OOM) during forward pass!
2026-05-07 16:28:06,743 - __main__ - ERROR -   Memory at OOM: 43872/44862MB
2026-05-07 16:28:07,023 - __main__ - ERROR -   Batch 222: CUDA Out of Memory (OOM) during forward pass!
2026-05-07 16:28:07,024 - __main__ - ERROR -   Memory at OOM: 43872/44862MB
2026-05-07 16:28:07,303 - __main__ - ERROR -   Batch 223: CUDA Out of Memory (OOM) during forward pass!
2026-05-07 16:28:07,304 - __main__ - ERROR -   Memory at OOM: 43872/44862MB
2026-05-07 16:28:07,583 - __main__ - ERROR -   Batch 224: CUDA Out of Memory (OOM) during forward pass!
2026-05-07 16:28:07,583 - __main__ - ERROR -   Memory at OOM: 43872/44862MB
2026-05-07 16:28:07,864 - __main__ - ERROR -   Batch 225: CUDA Out of Memory (OOM) during forward pass!
2026-05-07 16:28:07,865 - __main__ - ERROR -   Memory at OOM: 43872/44862MB
2026-05-07 16:28:08,142 - __main__ - ERROR -   Batch 226: CUDA Out of Memory (OOM) during forward pass!
2026-05-07 16:28:08,143 - __main__ - ERROR -   Memory at OOM: 43872/44862MB
2026-05-07 16:28:08,424 - __main__ - ERROR -   Batch 227: CUDA Out of Memory (OOM) during forward pass!
2026-05-07 16:28:08,424 - __main__ - ERROR -   Memory at OOM: 43872/44862MB
2026-05-07 16:28:08,703 - __main__ - ERROR -   Batch 228: CUDA Out of Memory (OOM) during forward pass!
2026-05-07 16:28:08,705 - __main__ - ERROR -   Memory at OOM: 43872/44862MB
2026-05-07 16:28:08,983 - __main__ - ERROR -   Batch 229: CUDA Out of Memory (OOM) during forward pass!
2026-05-07 16:28:08,984 - __main__ - ERROR -   Memory at OOM: 43872/44862MB
2026-05-07 16:28:09,261 - __main__ - ERROR -   Batch 230: CUDA Out of Memory (OOM) during forward pass!
2026-05-07 16:28:09,262 - __main__ - ERROR -   Memory at OOM: 43872/44862MB
2026-05-07 16:28:09,543 - __main__ - ERROR -   Batch 231: CUDA Out of Memory (OOM) during forward pass!
2026-05-07 16:28:09,543 - __main__ - ERROR -   Memory at OOM: 43872/44862MB
2026-05-07 16:28:09,822 - __main__ - ERROR -   Batch 232: CUDA Out of Memory (OOM) during forward pass!
2026-05-07 16:28:09,822 - __main__ - ERROR -   Memory at OOM: 43872/44862MB
2026-05-07 16:28:10,103 - __main__ - ERROR -   Batch 233: CUDA Out of Memory (OOM) during forward pass!
2026-05-07 16:28:10,104 - __main__ - ERROR -   Memory at OOM: 43872/44862MB
2026-05-07 16:28:10,382 - __main__ - ERROR -   Batch 234: CUDA Out of Memory (OOM) during forward pass!
2026-05-07 16:28:10,382 - __main__ - ERROR -   Memory at OOM: 43872/44862MB
2026-05-07 16:28:10,662 - __main__ - ERROR -   Batch 235: CUDA Out of Memory (OOM) during forward pass!
2026-05-07 16:28:10,662 - __main__ - ERROR -   Memory at OOM: 43872/44862MB
2026-05-07 16:28:10,942 - __main__ - ERROR -   Batch 236: CUDA Out of Memory (OOM) during forward pass!
2026-05-07 16:28:10,943 - __main__ - ERROR -   Memory at OOM: 43872/44862MB
2026-05-07 16:28:11,221 - __main__ - ERROR -   Batch 237: CUDA Out of Memory (OOM) during forward pass!
2026-05-07 16:28:11,223 - __main__ - ERROR -   Memory at OOM: 43872/44862MB
2026-05-07 16:28:11,502 - __main__ - ERROR -   Batch 238: CUDA Out of Memory (OOM) during forward pass!
2026-05-07 16:28:11,503 - __main__ - ERROR -   Memory at OOM: 43872/44862MB
2026-05-07 16:28:11,781 - __main__ - ERROR -   Batch 239: CUDA Out of Memory (OOM) during forward pass!
2026-05-07 16:28:11,781 - __main__ - ERROR -   Memory at OOM: 43872/44862MB
2026-05-07 16:28:12,062 - __main__ - ERROR -   Batch 240: CUDA Out of Memory (OOM) during forward pass!
2026-05-07 16:28:12,063 - __main__ - ERROR -   Memory at OOM: 43872/44862MB
2026-05-07 16:28:12,342 - __main__ - ERROR -   Batch 241: CUDA Out of Memory (OOM) during forward pass!
2026-05-07 16:28:12,342 - __main__ - ERROR -   Memory at OOM: 43872/44862MB
2026-05-07 16:28:12,622 - __main__ - ERROR -   Batch 242: CUDA Out of Memory (OOM) during forward pass!
2026-05-07 16:28:12,622 - __main__ - ERROR -   Memory at OOM: 43872/44862MB
2026-05-07 16:28:12,901 - __main__ - ERROR -   Batch 243: CUDA Out of Memory (OOM) during forward pass!
2026-05-07 16:28:12,901 - __main__ - ERROR -   Memory at OOM: 43872/44862MB
2026-05-07 16:28:13,183 - __main__ - ERROR -   Batch 244: CUDA Out of Memory (OOM) during forward pass!
2026-05-07 16:28:13,183 - __main__ - ERROR -   Memory at OOM: 43872/44862MB
2026-05-07 16:28:13,460 - __main__ - ERROR -   Batch 245: CUDA Out of Memory (OOM) during forward pass!
2026-05-07 16:28:13,460 - __main__ - ERROR -   Memory at OOM: 43872/44862MB
2026-05-07 16:28:13,741 - __main__ - ERROR -   Batch 246: CUDA Out of Memory (OOM) during forward pass!
2026-05-07 16:28:13,741 - __main__ - ERROR -   Memory at OOM: 43872/44862MB
2026-05-07 16:28:14,022 - __main__ - ERROR -   Batch 247: CUDA Out of Memory (OOM) during forward pass!
2026-05-07 16:28:14,022 - __main__ - ERROR -   Memory at OOM: 43872/44862MB
2026-05-07 16:28:14,300 - __main__ - ERROR -   Batch 248: CUDA Out of Memory (OOM) during forward pass!
2026-05-07 16:28:14,301 - __main__ - ERROR -   Memory at OOM: 43872/44862MB
2026-05-07 16:28:14,581 - __main__ - ERROR -   Batch 249: CUDA Out of Memory (OOM) during forward pass!
2026-05-07 16:28:14,581 - __main__ - ERROR -   Memory at OOM: 43872/44862MB
2026-05-07 16:28:14,861 - __main__ - ERROR -   Batch 250: CUDA Out of Memory (OOM) during forward pass!
2026-05-07 16:28:14,861 - __main__ - ERROR -   Memory at OOM: 43872/44862MB
2026-05-07 16:28:15,142 - __main__ - ERROR -   Batch 251: CUDA Out of Memory (OOM) during forward pass!
2026-05-07 16:28:15,142 - __main__ - ERROR -   Memory at OOM: 43872/44862MB
2026-05-07 16:28:15,418 - __main__ - ERROR -   Batch 252: CUDA Out of Memory (OOM) during forward pass!
2026-05-07 16:28:15,419 - __main__ - ERROR -   Memory at OOM: 43872/44862MB
2026-05-07 16:28:15,700 - __main__ - ERROR -   Batch 253: CUDA Out of Memory (OOM) during forward pass!
2026-05-07 16:28:15,700 - __main__ - ERROR -   Memory at OOM: 43872/44862MB
2026-05-07 16:28:15,980 - __main__ - ERROR -   Batch 254: CUDA Out of Memory (OOM) during forward pass!
2026-05-07 16:28:15,981 - __main__ - ERROR -   Memory at OOM: 43872/44862MB
2026-05-07 16:28:16,259 - __main__ - ERROR -   Batch 255: CUDA Out of Memory (OOM) during forward pass!
2026-05-07 16:28:16,260 - __main__ - ERROR -   Memory at OOM: 43872/44862MB
2026-05-07 16:28:16,541 - __main__ - ERROR -   Batch 256: CUDA Out of Memory (OOM) during forward pass!
2026-05-07 16:28:16,542 - __main__ - ERROR -   Memory at OOM: 43872/44862MB
2026-05-07 16:28:16,820 - __main__ - ERROR -   Batch 257: CUDA Out of Memory (OOM) during forward pass!
2026-05-07 16:28:16,821 - __main__ - ERROR -   Memory at OOM: 43872/44862MB
2026-05-07 16:28:17,102 - __main__ - ERROR -   Batch 258: CUDA Out of Memory (OOM) during forward pass!
2026-05-07 16:28:17,102 - __main__ - ERROR -   Memory at OOM: 43872/44862MB
2026-05-07 16:28:17,378 - __main__ - ERROR -   Batch 259: CUDA Out of Memory (OOM) during forward pass!
2026-05-07 16:28:17,379 - __main__ - ERROR -   Memory at OOM: 43872/44862MB
2026-05-07 16:28:17,660 - __main__ - ERROR -   Batch 260: CUDA Out of Memory (OOM) during forward pass!
2026-05-07 16:28:17,661 - __main__ - ERROR -   Memory at OOM: 43872/44862MB
2026-05-07 16:28:17,940 - __main__ - ERROR -   Batch 261: CUDA Out of Memory (OOM) during forward pass!
2026-05-07 16:28:17,940 - __main__ - ERROR -   Memory at OOM: 43872/44862MB
2026-05-07 16:28:18,220 - __main__ - ERROR -   Batch 262: CUDA Out of Memory (OOM) during forward pass!
2026-05-07 16:28:18,220 - __main__ - ERROR -   Memory at OOM: 43872/44862MB
2026-05-07 16:28:18,499 - __main__ - ERROR -   Batch 263: CUDA Out of Memory (OOM) during forward pass!
2026-05-07 16:28:18,500 - __main__ - ERROR -   Memory at OOM: 43872/44862MB
2026-05-07 16:28:18,780 - __main__ - ERROR -   Batch 264: CUDA Out of Memory (OOM) during forward pass!
2026-05-07 16:28:18,780 - __main__ - ERROR -   Memory at OOM: 43872/44862MB
2026-05-07 16:28:19,061 - __main__ - ERROR -   Batch 265: CUDA Out of Memory (OOM) during forward pass!
2026-05-07 16:28:19,061 - __main__ - ERROR -   Memory at OOM: 43872/44862MB
2026-05-07 16:28:19,339 - __main__ - ERROR -   Batch 266: CUDA Out of Memory (OOM) during forward pass!
2026-05-07 16:28:19,340 - __main__ - ERROR -   Memory at OOM: 43872/44862MB
2026-05-07 16:28:19,621 - __main__ - ERROR -   Batch 267: CUDA Out of Memory (OOM) during forward pass!
2026-05-07 16:28:19,622 - __main__ - ERROR -   Memory at OOM: 43872/44862MB
2026-05-07 16:28:19,900 - __main__ - ERROR -   Batch 268: CUDA Out of Memory (OOM) during forward pass!
2026-05-07 16:28:19,900 - __main__ - ERROR -   Memory at OOM: 43872/44862MB
2026-05-07 16:28:20,178 - __main__ - ERROR -   Batch 269: CUDA Out of Memory (OOM) during forward pass!
2026-05-07 16:28:20,179 - __main__ - ERROR -   Memory at OOM: 43872/44862MB
2026-05-07 16:28:20,459 - __main__ - ERROR -   Batch 270: CUDA Out of Memory (OOM) during forward pass!
2026-05-07 16:28:20,460 - __main__ - ERROR -   Memory at OOM: 43872/44862MB
2026-05-07 16:28:20,740 - __main__ - ERROR -   Batch 271: CUDA Out of Memory (OOM) during forward pass!
2026-05-07 16:28:20,740 - __main__ - ERROR -   Memory at OOM: 43872/44862MB
2026-05-07 16:28:21,019 - __main__ - ERROR -   Batch 272: CUDA Out of Memory (OOM) during forward pass!
2026-05-07 16:28:21,020 - __main__ - ERROR -   Memory at OOM: 43872/44862MB
2026-05-07 16:28:21,300 - __main__ - ERROR -   Batch 273: CUDA Out of Memory (OOM) during forward pass!
2026-05-07 16:28:21,301 - __main__ - ERROR -   Memory at OOM: 43872/44862MB
2026-05-07 16:28:21,579 - __main__ - ERROR -   Batch 274: CUDA Out of Memory (OOM) during forward pass!
2026-05-07 16:28:21,580 - __main__ - ERROR -   Memory at OOM: 43872/44862MB
2026-05-07 16:28:21,859 - __main__ - ERROR -   Batch 275: CUDA Out of Memory (OOM) during forward pass!
2026-05-07 16:28:21,860 - __main__ - ERROR -   Memory at OOM: 43872/44862MB
2026-05-07 16:28:22,139 - __main__ - ERROR -   Batch 276: CUDA Out of Memory (OOM) during forward pass!
2026-05-07 16:28:22,139 - __main__ - ERROR -   Memory at OOM: 43872/44862MB
2026-05-07 16:28:22,420 - __main__ - ERROR -   Batch 277: CUDA Out of Memory (OOM) during forward pass!
2026-05-07 16:28:22,420 - __main__ - ERROR -   Memory at OOM: 43872/44862MB
2026-05-07 16:28:22,699 - __main__ - ERROR -   Batch 278: CUDA Out of Memory (OOM) during forward pass!
2026-05-07 16:28:22,699 - __main__ - ERROR -   Memory at OOM: 43872/44862MB
2026-05-07 16:28:22,981 - __main__ - ERROR -   Batch 279: CUDA Out of Memory (OOM) during forward pass!
2026-05-07 16:28:22,982 - __main__ - ERROR -   Memory at OOM: 43872/44862MB
2026-05-07 16:28:23,258 - __main__ - ERROR -   Batch 280: CUDA Out of Memory (OOM) during forward pass!
2026-05-07 16:28:23,258 - __main__ - ERROR -   Memory at OOM: 43872/44862MB
2026-05-07 16:28:23,540 - __main__ - ERROR -   Batch 281: CUDA Out of Memory (OOM) during forward pass!
2026-05-07 16:28:23,540 - __main__ - ERROR -   Memory at OOM: 43872/44862MB
2026-05-07 16:28:23,818 - __main__ - ERROR -   Batch 282: CUDA Out of Memory (OOM) during forward pass!
2026-05-07 16:28:23,819 - __main__ - ERROR -   Memory at OOM: 43872/44862MB
2026-05-07 16:28:24,099 - __main__ - ERROR -   Batch 283: CUDA Out of Memory (OOM) during forward pass!
2026-05-07 16:28:24,100 - __main__ - ERROR -   Memory at OOM: 43872/44862MB
2026-05-07 16:28:24,378 - __main__ - ERROR -   Batch 284: CUDA Out of Memory (OOM) during forward pass!
2026-05-07 16:28:24,379 - __main__ - ERROR -   Memory at OOM: 43872/44862MB
2026-05-07 16:28:24,659 - __main__ - ERROR -   Batch 285: CUDA Out of Memory (OOM) during forward pass!
2026-05-07 16:28:24,659 - __main__ - ERROR -   Memory at OOM: 43872/44862MB
2026-05-07 16:28:24,938 - __main__ - ERROR -   Batch 286: CUDA Out of Memory (OOM) during forward pass!
2026-05-07 16:28:24,939 - __main__ - ERROR -   Memory at OOM: 43872/44862MB
2026-05-07 16:28:25,219 - __main__ - ERROR -   Batch 287: CUDA Out of Memory (OOM) during forward pass!
2026-05-07 16:28:25,219 - __main__ - ERROR -   Memory at OOM: 43872/44862MB
2026-05-07 16:28:25,498 - __main__ - ERROR -   Batch 288: CUDA Out of Memory (OOM) during forward pass!
2026-05-07 16:28:25,498 - __main__ - ERROR -   Memory at OOM: 43872/44862MB
2026-05-07 16:28:25,777 - __main__ - ERROR -   Batch 289: CUDA Out of Memory (OOM) during forward pass!
2026-05-07 16:28:25,778 - __main__ - ERROR -   Memory at OOM: 43872/44862MB
2026-05-07 16:28:26,057 - __main__ - ERROR -   Batch 290: CUDA Out of Memory (OOM) during forward pass!
2026-05-07 16:28:26,057 - __main__ - ERROR -   Memory at OOM: 43872/44862MB
2026-05-07 16:28:26,339 - __main__ - ERROR -   Batch 291: CUDA Out of Memory (OOM) during forward pass!
2026-05-07 16:28:26,340 - __main__ - ERROR -   Memory at OOM: 43872/44862MB
2026-05-07 16:28:26,617 - __main__ - ERROR -   Batch 292: CUDA Out of Memory (OOM) during forward pass!
2026-05-07 16:28:26,618 - __main__ - ERROR -   Memory at OOM: 43872/44862MB
2026-05-07 16:28:26,898 - __main__ - ERROR -   Batch 293: CUDA Out of Memory (OOM) during forward pass!
2026-05-07 16:28:26,898 - __main__ - ERROR -   Memory at OOM: 43872/44862MB
2026-05-07 16:28:27,176 - __main__ - ERROR -   Batch 294: CUDA Out of Memory (OOM) during forward pass!
2026-05-07 16:28:27,177 - __main__ - ERROR -   Memory at OOM: 43872/44862MB
2026-05-07 16:28:27,457 - __main__ - ERROR -   Batch 295: CUDA Out of Memory (OOM) during forward pass!
2026-05-07 16:28:27,457 - __main__ - ERROR -   Memory at OOM: 43872/44862MB
2026-05-07 16:28:27,735 - __main__ - ERROR -   Batch 296: CUDA Out of Memory (OOM) during forward pass!
2026-05-07 16:28:27,736 - __main__ - ERROR -   Memory at OOM: 43872/44862MB
2026-05-07 16:28:28,017 - __main__ - ERROR -   Batch 297: CUDA Out of Memory (OOM) during forward pass!
2026-05-07 16:28:28,017 - __main__ - ERROR -   Memory at OOM: 43872/44862MB
2026-05-07 16:28:28,298 - __main__ - ERROR -   Batch 298: CUDA Out of Memory (OOM) during forward pass!
2026-05-07 16:28:28,298 - __main__ - ERROR -   Memory at OOM: 43872/44862MB
2026-05-07 16:28:28,578 - __main__ - ERROR -   Batch 299: CUDA Out of Memory (OOM) during forward pass!
2026-05-07 16:28:28,578 - __main__ - ERROR -   Memory at OOM: 43872/44862MB
2026-05-07 16:28:28,858 - __main__ - ERROR -   Batch 300: CUDA Out of Memory (OOM) during forward pass!
2026-05-07 16:28:28,858 - __main__ - ERROR -   Memory at OOM: 43872/44862MB
2026-05-07 16:28:29,138 - __main__ - ERROR -   Batch 301: CUDA Out of Memory (OOM) during forward pass!
2026-05-07 16:28:29,138 - __main__ - ERROR -   Memory at OOM: 43872/44862MB
2026-05-07 16:28:29,417 - __main__ - ERROR -   Batch 302: CUDA Out of Memory (OOM) during forward pass!
2026-05-07 16:28:29,418 - __main__ - ERROR -   Memory at OOM: 43872/44862MB
2026-05-07 16:28:29,695 - __main__ - ERROR -   Batch 303: CUDA Out of Memory (OOM) during forward pass!
2026-05-07 16:28:29,696 - __main__ - ERROR -   Memory at OOM: 43872/44862MB
2026-05-07 16:28:29,975 - __main__ - ERROR -   Batch 304: CUDA Out of Memory (OOM) during forward pass!
2026-05-07 16:28:29,976 - __main__ - ERROR -   Memory at OOM: 43872/44862MB
2026-05-07 16:28:30,254 - __main__ - ERROR -   Batch 305: CUDA Out of Memory (OOM) during forward pass!
2026-05-07 16:28:30,255 - __main__ - ERROR -   Memory at OOM: 43872/44862MB
2026-05-07 16:28:30,535 - __main__ - ERROR -   Batch 306: CUDA Out of Memory (OOM) during forward pass!
2026-05-07 16:28:30,535 - __main__ - ERROR -   Memory at OOM: 43872/44862MB
2026-05-07 16:28:30,814 - __main__ - ERROR -   Batch 307: CUDA Out of Memory (OOM) during forward pass!
2026-05-07 16:28:30,814 - __main__ - ERROR -   Memory at OOM: 43872/44862MB
2026-05-07 16:28:31,096 - __main__ - ERROR -   Batch 308: CUDA Out of Memory (OOM) during forward pass!
2026-05-07 16:28:31,097 - __main__ - ERROR -   Memory at OOM: 43872/44862MB
2026-05-07 16:28:31,378 - __main__ - ERROR -   Batch 309: CUDA Out of Memory (OOM) during forward pass!
2026-05-07 16:28:31,378 - __main__ - ERROR -   Memory at OOM: 43872/44862MB
2026-05-07 16:28:31,657 - __main__ - ERROR -   Batch 310: CUDA Out of Memory (OOM) during forward pass!
2026-05-07 16:28:31,657 - __main__ - ERROR -   Memory at OOM: 43872/44862MB
2026-05-07 16:28:31,935 - __main__ - ERROR -   Batch 311: CUDA Out of Memory (OOM) during forward pass!
2026-05-07 16:28:31,936 - __main__ - ERROR -   Memory at OOM: 43872/44862MB
2026-05-07 16:28:32,217 - __main__ - ERROR -   Batch 312: CUDA Out of Memory (OOM) during forward pass!
2026-05-07 16:28:32,218 - __main__ - ERROR -   Memory at OOM: 43872/44862MB
2026-05-07 16:28:32,494 - __main__ - ERROR -   Batch 313: CUDA Out of Memory (OOM) during forward pass!
2026-05-07 16:28:32,495 - __main__ - ERROR -   Memory at OOM: 43872/44862MB
2026-05-07 16:28:32,777 - __main__ - ERROR -   Batch 314: CUDA Out of Memory (OOM) during forward pass!
2026-05-07 16:28:32,777 - __main__ - ERROR -   Memory at OOM: 43872/44862MB
2026-05-07 16:28:33,054 - __main__ - ERROR -   Batch 315: CUDA Out of Memory (OOM) during forward pass!
2026-05-07 16:28:33,054 - __main__ - ERROR -   Memory at OOM: 43872/44862MB
2026-05-07 16:28:33,334 - __main__ - ERROR -   Batch 316: CUDA Out of Memory (OOM) during forward pass!
2026-05-07 16:28:33,335 - __main__ - ERROR -   Memory at OOM: 43872/44862MB
2026-05-07 16:28:33,616 - __main__ - ERROR -   Batch 317: CUDA Out of Memory (OOM) during forward pass!
2026-05-07 16:28:33,617 - __main__ - ERROR -   Memory at OOM: 43872/44862MB
2026-05-07 16:28:33,894 - __main__ - ERROR -   Batch 318: CUDA Out of Memory (OOM) during forward pass!
2026-05-07 16:28:33,895 - __main__ - ERROR -   Memory at OOM: 43872/44862MB
2026-05-07 16:28:34,177 - __main__ - ERROR -   Batch 319: CUDA Out of Memory (OOM) during forward pass!
2026-05-07 16:28:34,177 - __main__ - ERROR -   Memory at OOM: 43872/44862MB
2026-05-07 16:28:34,456 - __main__ - ERROR -   Batch 320: CUDA Out of Memory (OOM) during forward pass!
2026-05-07 16:28:34,456 - __main__ - ERROR -   Memory at OOM: 43872/44862MB
2026-05-07 16:28:34,735 - __main__ - ERROR -   Batch 321: CUDA Out of Memory (OOM) during forward pass!
2026-05-07 16:28:34,735 - __main__ - ERROR -   Memory at OOM: 43872/44862MB
2026-05-07 16:28:35,015 - __main__ - ERROR -   Batch 322: CUDA Out of Memory (OOM) during forward pass!
2026-05-07 16:28:35,016 - __main__ - ERROR -   Memory at OOM: 43872/44862MB
2026-05-07 16:28:35,295 - __main__ - ERROR -   Batch 323: CUDA Out of Memory (OOM) during forward pass!
2026-05-07 16:28:35,296 - __main__ - ERROR -   Memory at OOM: 43872/44862MB
2026-05-07 16:28:35,576 - __main__ - ERROR -   Batch 324: CUDA Out of Memory (OOM) during forward pass!
2026-05-07 16:28:35,576 - __main__ - ERROR -   Memory at OOM: 43872/44862MB
2026-05-07 16:28:35,854 - __main__ - ERROR -   Batch 325: CUDA Out of Memory (OOM) during forward pass!
2026-05-07 16:28:35,855 - __main__ - ERROR -   Memory at OOM: 43872/44862MB
2026-05-07 16:28:36,134 - __main__ - ERROR -   Batch 326: CUDA Out of Memory (OOM) during forward pass!
2026-05-07 16:28:36,135 - __main__ - ERROR -   Memory at OOM: 43872/44862MB
2026-05-07 16:28:36,414 - __main__ - ERROR -   Batch 327: CUDA Out of Memory (OOM) during forward pass!
2026-05-07 16:28:36,414 - __main__ - ERROR -   Memory at OOM: 43872/44862MB
2026-05-07 16:28:36,696 - __main__ - ERROR -   Batch 328: CUDA Out of Memory (OOM) during forward pass!
2026-05-07 16:28:36,696 - __main__ - ERROR -   Memory at OOM: 43872/44862MB
2026-05-07 16:28:36,976 - __main__ - ERROR -   Batch 329: CUDA Out of Memory (OOM) during forward pass!
2026-05-07 16:28:36,976 - __main__ - ERROR -   Memory at OOM: 43872/44862MB
2026-05-07 16:28:37,254 - __main__ - ERROR -   Batch 330: CUDA Out of Memory (OOM) during forward pass!
2026-05-07 16:28:37,254 - __main__ - ERROR -   Memory at OOM: 43872/44862MB
2026-05-07 16:28:37,535 - __main__ - ERROR -   Batch 331: CUDA Out of Memory (OOM) during forward pass!
2026-05-07 16:28:37,537 - __main__ - ERROR -   Memory at OOM: 43872/44862MB
2026-05-07 16:28:37,813 - __main__ - ERROR -   Batch 332: CUDA Out of Memory (OOM) during forward pass!
2026-05-07 16:28:37,814 - __main__ - ERROR -   Memory at OOM: 43872/44862MB
2026-05-07 16:28:38,095 - __main__ - ERROR -   Batch 333: CUDA Out of Memory (OOM) during forward pass!
2026-05-07 16:28:38,095 - __main__ - ERROR -   Memory at OOM: 43872/44862MB
2026-05-07 16:28:38,372 - __main__ - ERROR -   Batch 334: CUDA Out of Memory (OOM) during forward pass!
2026-05-07 16:28:38,373 - __main__ - ERROR -   Memory at OOM: 43872/44862MB
2026-05-07 16:28:38,654 - __main__ - ERROR -   Batch 335: CUDA Out of Memory (OOM) during forward pass!
2026-05-07 16:28:38,654 - __main__ - ERROR -   Memory at OOM: 43872/44862MB
2026-05-07 16:28:38,933 - __main__ - ERROR -   Batch 336: CUDA Out of Memory (OOM) during forward pass!
2026-05-07 16:28:38,934 - __main__ - ERROR -   Memory at OOM: 43872/44862MB
2026-05-07 16:28:39,215 - __main__ - ERROR -   Batch 337: CUDA Out of Memory (OOM) during forward pass!
2026-05-07 16:28:39,215 - __main__ - ERROR -   Memory at OOM: 43872/44862MB
2026-05-07 16:28:39,493 - __main__ - ERROR -   Batch 338: CUDA Out of Memory (OOM) during forward pass!
2026-05-07 16:28:39,494 - __main__ - ERROR -   Memory at OOM: 43872/44862MB
2026-05-07 16:28:39,772 - __main__ - ERROR -   Batch 339: CUDA Out of Memory (OOM) during forward pass!
2026-05-07 16:28:39,773 - __main__ - ERROR -   Memory at OOM: 43872/44862MB
2026-05-07 16:28:40,054 - __main__ - ERROR -   Batch 340: CUDA Out of Memory (OOM) during forward pass!
2026-05-07 16:28:40,054 - __main__ - ERROR -   Memory at OOM: 43872/44862MB
2026-05-07 16:28:40,333 - __main__ - ERROR -   Batch 341: CUDA Out of Memory (OOM) during forward pass!
2026-05-07 16:28:40,334 - __main__ - ERROR -   Memory at OOM: 43872/44862MB
2026-05-07 16:28:40,613 - __main__ - ERROR -   Batch 342: CUDA Out of Memory (OOM) during forward pass!
2026-05-07 16:28:40,614 - __main__ - ERROR -   Memory at OOM: 43872/44862MB
2026-05-07 16:28:40,893 - __main__ - ERROR -   Batch 343: CUDA Out of Memory (OOM) during forward pass!
2026-05-07 16:28:40,894 - __main__ - ERROR -   Memory at OOM: 43872/44862MB
2026-05-07 16:28:41,173 - __main__ - ERROR -   Batch 344: CUDA Out of Memory (OOM) during forward pass!
2026-05-07 16:28:41,174 - __main__ - ERROR -   Memory at OOM: 43872/44862MB
2026-05-07 16:28:41,454 - __main__ - ERROR -   Batch 345: CUDA Out of Memory (OOM) during forward pass!
2026-05-07 16:28:41,454 - __main__ - ERROR -   Memory at OOM: 43872/44862MB
2026-05-07 16:28:41,734 - __main__ - ERROR -   Batch 346: CUDA Out of Memory (OOM) during forward pass!
2026-05-07 16:28:41,735 - __main__ - ERROR -   Memory at OOM: 43872/44862MB
2026-05-07 16:28:42,014 - __main__ - ERROR -   Batch 347: CUDA Out of Memory (OOM) during forward pass!
2026-05-07 16:28:42,014 - __main__ - ERROR -   Memory at OOM: 43872/44862MB
2026-05-07 16:28:42,294 - __main__ - ERROR -   Batch 348: CUDA Out of Memory (OOM) during forward pass!
2026-05-07 16:28:42,294 - __main__ - ERROR -   Memory at OOM: 43872/44862MB
2026-05-07 16:28:42,572 - __main__ - ERROR -   Batch 349: CUDA Out of Memory (OOM) during forward pass!
2026-05-07 16:28:42,573 - __main__ - ERROR -   Memory at OOM: 43872/44862MB
2026-05-07 16:28:42,853 - __main__ - ERROR -   Batch 350: CUDA Out of Memory (OOM) during forward pass!
2026-05-07 16:28:42,855 - __main__ - ERROR -   Memory at OOM: 43872/44862MB
2026-05-07 16:28:43,132 - __main__ - ERROR -   Batch 351: CUDA Out of Memory (OOM) during forward pass!
2026-05-07 16:28:43,133 - __main__ - ERROR -   Memory at OOM: 43872/44862MB
2026-05-07 16:28:43,414 - __main__ - ERROR -   Batch 352: CUDA Out of Memory (OOM) during forward pass!
2026-05-07 16:28:43,415 - __main__ - ERROR -   Memory at OOM: 43872/44862MB
2026-05-07 16:28:43,694 - __main__ - ERROR -   Batch 353: CUDA Out of Memory (OOM) during forward pass!
2026-05-07 16:28:43,695 - __main__ - ERROR -   Memory at OOM: 43872/44862MB
2026-05-07 16:28:43,972 - __main__ - ERROR -   Batch 354: CUDA Out of Memory (OOM) during forward pass!
2026-05-07 16:28:43,973 - __main__ - ERROR -   Memory at OOM: 43872/44862MB
2026-05-07 16:28:44,252 - __main__ - ERROR -   Batch 355: CUDA Out of Memory (OOM) during forward pass!
2026-05-07 16:28:44,252 - __main__ - ERROR -   Memory at OOM: 43872/44862MB
2026-05-07 16:28:44,533 - __main__ - ERROR -   Batch 356: CUDA Out of Memory (OOM) during forward pass!
2026-05-07 16:28:44,533 - __main__ - ERROR -   Memory at OOM: 43872/44862MB
2026-05-07 16:28:44,813 - __main__ - ERROR -   Batch 357: CUDA Out of Memory (OOM) during forward pass!
2026-05-07 16:28:44,813 - __main__ - ERROR -   Memory at OOM: 43872/44862MB
2026-05-07 16:28:45,092 - __main__ - ERROR -   Batch 358: CUDA Out of Memory (OOM) during forward pass!
2026-05-07 16:28:45,092 - __main__ - ERROR -   Memory at OOM: 43872/44862MB
2026-05-07 16:28:45,373 - __main__ - ERROR -   Batch 359: CUDA Out of Memory (OOM) during forward pass!
2026-05-07 16:28:45,373 - __main__ - ERROR -   Memory at OOM: 43872/44862MB
2026-05-07 16:28:45,653 - __main__ - ERROR -   Batch 360: CUDA Out of Memory (OOM) during forward pass!
2026-05-07 16:28:45,654 - __main__ - ERROR -   Memory at OOM: 43872/44862MB
2026-05-07 16:28:45,933 - __main__ - ERROR -   Batch 361: CUDA Out of Memory (OOM) during forward pass!
2026-05-07 16:28:45,933 - __main__ - ERROR -   Memory at OOM: 43872/44862MB
2026-05-07 16:28:46,212 - __main__ - ERROR -   Batch 362: CUDA Out of Memory (OOM) during forward pass!
2026-05-07 16:28:46,212 - __main__ - ERROR -   Memory at OOM: 43872/44862MB
2026-05-07 16:28:46,491 - __main__ - ERROR -   Batch 363: CUDA Out of Memory (OOM) during forward pass!
2026-05-07 16:28:46,491 - __main__ - ERROR -   Memory at OOM: 43872/44862MB
2026-05-07 16:28:46,772 - __main__ - ERROR -   Batch 364: CUDA Out of Memory (OOM) during forward pass!
2026-05-07 16:28:46,772 - __main__ - ERROR -   Memory at OOM: 43872/44862MB
2026-05-07 16:28:47,051 - __main__ - ERROR -   Batch 365: CUDA Out of Memory (OOM) during forward pass!
2026-05-07 16:28:47,051 - __main__ - ERROR -   Memory at OOM: 43872/44862MB
2026-05-07 16:28:47,332 - __main__ - ERROR -   Batch 366: CUDA Out of Memory (OOM) during forward pass!
2026-05-07 16:28:47,333 - __main__ - ERROR -   Memory at OOM: 43872/44862MB
2026-05-07 16:28:47,611 - __main__ - ERROR -   Batch 367: CUDA Out of Memory (OOM) during forward pass!
2026-05-07 16:28:47,612 - __main__ - ERROR -   Memory at OOM: 43872/44862MB
2026-05-07 16:28:47,891 - __main__ - ERROR -   Batch 368: CUDA Out of Memory (OOM) during forward pass!
2026-05-07 16:28:47,891 - __main__ - ERROR -   Memory at OOM: 43872/44862MB
2026-05-07 16:28:48,170 - __main__ - ERROR -   Batch 369: CUDA Out of Memory (OOM) during forward pass!
2026-05-07 16:28:48,171 - __main__ - ERROR -   Memory at OOM: 43872/44862MB
2026-05-07 16:28:48,451 - __main__ - ERROR -   Batch 370: CUDA Out of Memory (OOM) during forward pass!
2026-05-07 16:28:48,452 - __main__ - ERROR -   Memory at OOM: 43872/44862MB
2026-05-07 16:28:48,730 - __main__ - ERROR -   Batch 371: CUDA Out of Memory (OOM) during forward pass!
2026-05-07 16:28:48,731 - __main__ - ERROR -   Memory at OOM: 43872/44862MB
2026-05-07 16:28:49,010 - __main__ - ERROR -   Batch 372: CUDA Out of Memory (OOM) during forward pass!
2026-05-07 16:28:49,010 - __main__ - ERROR -   Memory at OOM: 43872/44862MB
2026-05-07 16:28:49,292 - __main__ - ERROR -   Batch 373: CUDA Out of Memory (OOM) during forward pass!
2026-05-07 16:28:49,292 - __main__ - ERROR -   Memory at OOM: 43872/44862MB
2026-05-07 16:28:49,572 - __main__ - ERROR -   Batch 374: CUDA Out of Memory (OOM) during forward pass!
2026-05-07 16:28:49,573 - __main__ - ERROR -   Memory at OOM: 43872/44862MB
2026-05-07 16:28:49,850 - __main__ - ERROR -   Batch 375: CUDA Out of Memory (OOM) during forward pass!
2026-05-07 16:28:49,851 - __main__ - ERROR -   Memory at OOM: 43872/44862MB
2026-05-07 16:28:50,129 - __main__ - ERROR -   Batch 376: CUDA Out of Memory (OOM) during forward pass!
2026-05-07 16:28:50,130 - __main__ - ERROR -   Memory at OOM: 43872/44862MB
2026-05-07 16:28:50,411 - __main__ - ERROR -   Batch 377: CUDA Out of Memory (OOM) during forward pass!
2026-05-07 16:28:50,412 - __main__ - ERROR -   Memory at OOM: 43872/44862MB
2026-05-07 16:28:50,689 - __main__ - ERROR -   Batch 378: CUDA Out of Memory (OOM) during forward pass!
2026-05-07 16:28:50,690 - __main__ - ERROR -   Memory at OOM: 43872/44862MB
2026-05-07 16:28:50,970 - __main__ - ERROR -   Batch 379: CUDA Out of Memory (OOM) during forward pass!
2026-05-07 16:28:50,970 - __main__ - ERROR -   Memory at OOM: 43872/44862MB
2026-05-07 16:28:51,250 - __main__ - ERROR -   Batch 380: CUDA Out of Memory (OOM) during forward pass!
2026-05-07 16:28:51,251 - __main__ - ERROR -   Memory at OOM: 43872/44862MB
2026-05-07 16:28:51,532 - __main__ - ERROR -   Batch 381: CUDA Out of Memory (OOM) during forward pass!
2026-05-07 16:28:51,532 - __main__ - ERROR -   Memory at OOM: 43872/44862MB
2026-05-07 16:28:51,809 - __main__ - ERROR -   Batch 382: CUDA Out of Memory (OOM) during forward pass!
2026-05-07 16:28:51,810 - __main__ - ERROR -   Memory at OOM: 43872/44862MB
2026-05-07 16:28:52,089 - __main__ - ERROR -   Batch 383: CUDA Out of Memory (OOM) during forward pass!
2026-05-07 16:28:52,090 - __main__ - ERROR -   Memory at OOM: 43872/44862MB
2026-05-07 16:28:52,372 - __main__ - ERROR -   Batch 384: CUDA Out of Memory (OOM) during forward pass!
2026-05-07 16:28:52,372 - __main__ - ERROR -   Memory at OOM: 43872/44862MB
2026-05-07 16:28:52,650 - __main__ - ERROR -   Batch 385: CUDA Out of Memory (OOM) during forward pass!
2026-05-07 16:28:52,651 - __main__ - ERROR -   Memory at OOM: 43872/44862MB
2026-05-07 16:28:52,929 - __main__ - ERROR -   Batch 386: CUDA Out of Memory (OOM) during forward pass!
2026-05-07 16:28:52,930 - __main__ - ERROR -   Memory at OOM: 43872/44862MB
2026-05-07 16:28:53,211 - __main__ - ERROR -   Batch 387: CUDA Out of Memory (OOM) during forward pass!
2026-05-07 16:28:53,211 - __main__ - ERROR -   Memory at OOM: 43872/44862MB
2026-05-07 16:28:53,490 - __main__ - ERROR -   Batch 388: CUDA Out of Memory (OOM) during forward pass!
2026-05-07 16:28:53,490 - __main__ - ERROR -   Memory at OOM: 43872/44862MB
2026-05-07 16:28:53,768 - __main__ - ERROR -   Batch 389: CUDA Out of Memory (OOM) during forward pass!
2026-05-07 16:28:53,769 - __main__ - ERROR -   Memory at OOM: 43872/44862MB
2026-05-07 16:28:54,049 - __main__ - ERROR -   Batch 390: CUDA Out of Memory (OOM) during forward pass!
2026-05-07 16:28:54,050 - __main__ - ERROR -   Memory at OOM: 43872/44862MB
2026-05-07 16:28:54,330 - __main__ - ERROR -   Batch 391: CUDA Out of Memory (OOM) during forward pass!
2026-05-07 16:28:54,330 - __main__ - ERROR -   Memory at OOM: 43872/44862MB
2026-05-07 16:28:54,607 - __main__ - ERROR -   Batch 392: CUDA Out of Memory (OOM) during forward pass!
2026-05-07 16:28:54,608 - __main__ - ERROR -   Memory at OOM: 43872/44862MB
2026-05-07 16:28:54,888 - __main__ - ERROR -   Batch 393: CUDA Out of Memory (OOM) during forward pass!
2026-05-07 16:28:54,888 - __main__ - ERROR -   Memory at OOM: 43872/44862MB
2026-05-07 16:28:55,169 - __main__ - ERROR -   Batch 394: CUDA Out of Memory (OOM) during forward pass!
2026-05-07 16:28:55,170 - __main__ - ERROR -   Memory at OOM: 43872/44862MB
2026-05-07 16:28:55,448 - __main__ - ERROR -   Batch 395: CUDA Out of Memory (OOM) during forward pass!
2026-05-07 16:28:55,449 - __main__ - ERROR -   Memory at OOM: 43872/44862MB
2026-05-07 16:28:55,727 - __main__ - ERROR -   Batch 396: CUDA Out of Memory (OOM) during forward pass!
2026-05-07 16:28:55,727 - __main__ - ERROR -   Memory at OOM: 43872/44862MB
2026-05-07 16:28:56,009 - __main__ - ERROR -   Batch 397: CUDA Out of Memory (OOM) during forward pass!
2026-05-07 16:28:56,010 - __main__ - ERROR -   Memory at OOM: 43872/44862MB
2026-05-07 16:28:56,287 - __main__ - ERROR -   Batch 398: CUDA Out of Memory (OOM) during forward pass!
2026-05-07 16:28:56,289 - __main__ - ERROR -   Memory at OOM: 43872/44862MB
2026-05-07 16:28:56,569 - __main__ - ERROR -   Batch 399: CUDA Out of Memory (OOM) during forward pass!
2026-05-07 16:28:56,569 - __main__ - ERROR -   Memory at OOM: 43872/44862MB
2026-05-07 16:28:56,848 - __main__ - ERROR -   Batch 400: CUDA Out of Memory (OOM) during forward pass!
2026-05-07 16:28:56,849 - __main__ - ERROR -   Memory at OOM: 43872/44862MB
2026-05-07 16:28:57,129 - __main__ - ERROR -   Batch 401: CUDA Out of Memory (OOM) during forward pass!
2026-05-07 16:28:57,130 - __main__ - ERROR -   Memory at OOM: 43872/44862MB
2026-05-07 16:28:57,409 - __main__ - ERROR -   Batch 402: CUDA Out of Memory (OOM) during forward pass!
2026-05-07 16:28:57,409 - __main__ - ERROR -   Memory at OOM: 43872/44862MB
2026-05-07 16:28:57,688 - __main__ - ERROR -   Batch 403: CUDA Out of Memory (OOM) during forward pass!
2026-05-07 16:28:57,689 - __main__ - ERROR -   Memory at OOM: 43872/44862MB
2026-05-07 16:28:57,969 - __main__ - ERROR -   Batch 404: CUDA Out of Memory (OOM) during forward pass!
2026-05-07 16:28:57,969 - __main__ - ERROR -   Memory at OOM: 43872/44862MB
2026-05-07 16:28:58,247 - __main__ - ERROR -   Batch 405: CUDA Out of Memory (OOM) during forward pass!
2026-05-07 16:28:58,248 - __main__ - ERROR -   Memory at OOM: 43872/44862MB
2026-05-07 16:28:58,529 - __main__ - ERROR -   Batch 406: CUDA Out of Memory (OOM) during forward pass!
2026-05-07 16:28:58,529 - __main__ - ERROR -   Memory at OOM: 43872/44862MB
2026-05-07 16:28:58,808 - __main__ - ERROR -   Batch 407: CUDA Out of Memory (OOM) during forward pass!
2026-05-07 16:28:58,809 - __main__ - ERROR -   Memory at OOM: 43872/44862MB
2026-05-07 16:28:59,089 - __main__ - ERROR -   Batch 408: CUDA Out of Memory (OOM) during forward pass!
2026-05-07 16:28:59,090 - __main__ - ERROR -   Memory at OOM: 43872/44862MB
2026-05-07 16:28:59,367 - __main__ - ERROR -   Batch 409: CUDA Out of Memory (OOM) during forward pass!
2026-05-07 16:28:59,368 - __main__ - ERROR -   Memory at OOM: 43872/44862MB
2026-05-07 16:28:59,647 - __main__ - ERROR -   Batch 410: CUDA Out of Memory (OOM) during forward pass!
2026-05-07 16:28:59,648 - __main__ - ERROR -   Memory at OOM: 43872/44862MB
2026-05-07 16:28:59,927 - __main__ - ERROR -   Batch 411: CUDA Out of Memory (OOM) during forward pass!
2026-05-07 16:28:59,927 - __main__ - ERROR -   Memory at OOM: 43872/44862MB
2026-05-07 16:29:00,209 - __main__ - ERROR -   Batch 412: CUDA Out of Memory (OOM) during forward pass!
2026-05-07 16:29:00,210 - __main__ - ERROR -   Memory at OOM: 43872/44862MB
2026-05-07 16:29:00,486 - __main__ - ERROR -   Batch 413: CUDA Out of Memory (OOM) during forward pass!
2026-05-07 16:29:00,486 - __main__ - ERROR -   Memory at OOM: 43872/44862MB
2026-05-07 16:29:00,766 - __main__ - ERROR -   Batch 414: CUDA Out of Memory (OOM) during forward pass!
2026-05-07 16:29:00,766 - __main__ - ERROR -   Memory at OOM: 43872/44862MB
2026-05-07 16:29:01,048 - __main__ - ERROR -   Batch 415: CUDA Out of Memory (OOM) during forward pass!
2026-05-07 16:29:01,049 - __main__ - ERROR -   Memory at OOM: 43872/44862MB
2026-05-07 16:29:01,327 - __main__ - ERROR -   Batch 416: CUDA Out of Memory (OOM) during forward pass!
2026-05-07 16:29:01,327 - __main__ - ERROR -   Memory at OOM: 43872/44862MB
2026-05-07 16:29:01,606 - __main__ - ERROR -   Batch 417: CUDA Out of Memory (OOM) during forward pass!
2026-05-07 16:29:01,607 - __main__ - ERROR -   Memory at OOM: 43872/44862MB
2026-05-07 16:29:01,887 - __main__ - ERROR -   Batch 418: CUDA Out of Memory (OOM) during forward pass!
2026-05-07 16:29:01,887 - __main__ - ERROR -   Memory at OOM: 43872/44862MB
2026-05-07 16:29:02,168 - __main__ - ERROR -   Batch 419: CUDA Out of Memory (OOM) during forward pass!
2026-05-07 16:29:02,168 - __main__ - ERROR -   Memory at OOM: 43872/44862MB
2026-05-07 16:29:02,446 - __main__ - ERROR -   Batch 420: CUDA Out of Memory (OOM) during forward pass!
2026-05-07 16:29:02,447 - __main__ - ERROR -   Memory at OOM: 43872/44862MB
2026-05-07 16:29:02,727 - __main__ - ERROR -   Batch 421: CUDA Out of Memory (OOM) during forward pass!
2026-05-07 16:29:02,728 - __main__ - ERROR -   Memory at OOM: 43872/44862MB
2026-05-07 16:29:03,006 - __main__ - ERROR -   Batch 422: CUDA Out of Memory (OOM) during forward pass!
2026-05-07 16:29:03,007 - __main__ - ERROR -   Memory at OOM: 43872/44862MB
2026-05-07 16:29:03,287 - __main__ - ERROR -   Batch 423: CUDA Out of Memory (OOM) during forward pass!
2026-05-07 16:29:03,287 - __main__ - ERROR -   Memory at OOM: 43872/44862MB
2026-05-07 16:29:03,566 - __main__ - ERROR -   Batch 424: CUDA Out of Memory (OOM) during forward pass!
2026-05-07 16:29:03,567 - __main__ - ERROR -   Memory at OOM: 43872/44862MB
2026-05-07 16:29:03,846 - __main__ - ERROR -   Batch 425: CUDA Out of Memory (OOM) during forward pass!
2026-05-07 16:29:03,846 - __main__ - ERROR -   Memory at OOM: 43872/44862MB
2026-05-07 16:29:04,127 - __main__ - ERROR -   Batch 426: CUDA Out of Memory (OOM) during forward pass!
2026-05-07 16:29:04,129 - __main__ - ERROR -   Memory at OOM: 43872/44862MB
2026-05-07 16:29:04,405 - __main__ - ERROR -   Batch 427: CUDA Out of Memory (OOM) during forward pass!
2026-05-07 16:29:04,405 - __main__ - ERROR -   Memory at OOM: 43872/44862MB
2026-05-07 16:29:04,687 - __main__ - ERROR -   Batch 428: CUDA Out of Memory (OOM) during forward pass!
2026-05-07 16:29:04,688 - __main__ - ERROR -   Memory at OOM: 43872/44862MB
2026-05-07 16:29:04,965 - __main__ - ERROR -   Batch 429: CUDA Out of Memory (OOM) during forward pass!
2026-05-07 16:29:04,965 - __main__ - ERROR -   Memory at OOM: 43872/44862MB
2026-05-07 16:29:05,246 - __main__ - ERROR -   Batch 430: CUDA Out of Memory (OOM) during forward pass!
2026-05-07 16:29:05,246 - __main__ - ERROR -   Memory at OOM: 43872/44862MB
2026-05-07 16:29:05,525 - __main__ - ERROR -   Batch 431: CUDA Out of Memory (OOM) during forward pass!
2026-05-07 16:29:05,525 - __main__ - ERROR -   Memory at OOM: 43872/44862MB
2026-05-07 16:29:05,806 - __main__ - ERROR -   Batch 432: CUDA Out of Memory (OOM) during forward pass!
2026-05-07 16:29:05,806 - __main__ - ERROR -   Memory at OOM: 43872/44862MB
2026-05-07 16:29:06,088 - __main__ - ERROR -   Batch 433: CUDA Out of Memory (OOM) during forward pass!
2026-05-07 16:29:06,088 - __main__ - ERROR -   Memory at OOM: 43872/44862MB
2026-05-07 16:29:06,364 - __main__ - ERROR -   Batch 434: CUDA Out of Memory (OOM) during forward pass!
2026-05-07 16:29:06,365 - __main__ - ERROR -   Memory at OOM: 43872/44862MB
2026-05-07 16:29:06,646 - __main__ - ERROR -   Batch 435: CUDA Out of Memory (OOM) during forward pass!
2026-05-07 16:29:06,646 - __main__ - ERROR -   Memory at OOM: 43872/44862MB
2026-05-07 16:29:06,925 - __main__ - ERROR -   Batch 436: CUDA Out of Memory (OOM) during forward pass!
2026-05-07 16:29:06,927 - __main__ - ERROR -   Memory at OOM: 43872/44862MB
2026-05-07 16:29:07,206 - __main__ - ERROR -   Batch 437: CUDA Out of Memory (OOM) during forward pass!
2026-05-07 16:29:07,207 - __main__ - ERROR -   Memory at OOM: 43872/44862MB
2026-05-07 16:29:07,484 - __main__ - ERROR -   Batch 438: CUDA Out of Memory (OOM) during forward pass!
2026-05-07 16:29:07,485 - __main__ - ERROR -   Memory at OOM: 43872/44862MB
2026-05-07 16:29:07,764 - __main__ - ERROR -   Batch 439: CUDA Out of Memory (OOM) during forward pass!
2026-05-07 16:29:07,765 - __main__ - ERROR -   Memory at OOM: 43872/44862MB
2026-05-07 16:29:08,045 - __main__ - ERROR -   Batch 440: CUDA Out of Memory (OOM) during forward pass!
2026-05-07 16:29:08,046 - __main__ - ERROR -   Memory at OOM: 43872/44862MB
2026-05-07 16:29:08,324 - __main__ - ERROR -   Batch 441: CUDA Out of Memory (OOM) during forward pass!
2026-05-07 16:29:08,325 - __main__ - ERROR -   Memory at OOM: 43872/44862MB
2026-05-07 16:29:08,605 - __main__ - ERROR -   Batch 442: CUDA Out of Memory (OOM) during forward pass!
2026-05-07 16:29:08,605 - __main__ - ERROR -   Memory at OOM: 43872/44862MB
2026-05-07 16:29:08,885 - __main__ - ERROR -   Batch 443: CUDA Out of Memory (OOM) during forward pass!
2026-05-07 16:29:08,886 - __main__ - ERROR -   Memory at OOM: 43872/44862MB
2026-05-07 16:29:09,164 - __main__ - ERROR -   Batch 444: CUDA Out of Memory (OOM) during forward pass!
2026-05-07 16:29:09,165 - __main__ - ERROR -   Memory at OOM: 43872/44862MB
2026-05-07 16:29:09,444 - __main__ - ERROR -   Batch 445: CUDA Out of Memory (OOM) during forward pass!
2026-05-07 16:29:09,445 - __main__ - ERROR -   Memory at OOM: 43872/44862MB
2026-05-07 16:29:09,724 - __main__ - ERROR -   Batch 446: CUDA Out of Memory (OOM) during forward pass!
2026-05-07 16:29:09,724 - __main__ - ERROR -   Memory at OOM: 43872/44862MB
2026-05-07 16:29:10,003 - __main__ - ERROR -   Batch 447: CUDA Out of Memory (OOM) during forward pass!
2026-05-07 16:29:10,004 - __main__ - ERROR -   Memory at OOM: 43872/44862MB
2026-05-07 16:29:10,284 - __main__ - ERROR -   Batch 448: CUDA Out of Memory (OOM) during forward pass!
2026-05-07 16:29:10,285 - __main__ - ERROR -   Memory at OOM: 43872/44862MB
2026-05-07 16:29:10,565 - __main__ - ERROR -   Batch 449: CUDA Out of Memory (OOM) during forward pass!
2026-05-07 16:29:10,566 - __main__ - ERROR -   Memory at OOM: 43872/44862MB
2026-05-07 16:29:10,846 - __main__ - ERROR -   Batch 450: CUDA Out of Memory (OOM) during forward pass!
2026-05-07 16:29:10,847 - __main__ - ERROR -   Memory at OOM: 43872/44862MB
2026-05-07 16:29:11,126 - __main__ - ERROR -   Batch 451: CUDA Out of Memory (OOM) during forward pass!
2026-05-07 16:29:11,127 - __main__ - ERROR -   Memory at OOM: 43872/44862MB
2026-05-07 16:29:11,406 - __main__ - ERROR -   Batch 452: CUDA Out of Memory (OOM) during forward pass!
2026-05-07 16:29:11,407 - __main__ - ERROR -   Memory at OOM: 43872/44862MB
2026-05-07 16:29:11,686 - __main__ - ERROR -   Batch 453: CUDA Out of Memory (OOM) during forward pass!
2026-05-07 16:29:11,686 - __main__ - ERROR -   Memory at OOM: 43872/44862MB
2026-05-07 16:29:11,965 - __main__ - ERROR -   Batch 454: CUDA Out of Memory (OOM) during forward pass!
2026-05-07 16:29:11,965 - __main__ - ERROR -   Memory at OOM: 43872/44862MB
2026-05-07 16:29:12,244 - __main__ - ERROR -   Batch 455: CUDA Out of Memory (OOM) during forward pass!
2026-05-07 16:29:12,245 - __main__ - ERROR -   Memory at OOM: 43872/44862MB
2026-05-07 16:29:12,524 - __main__ - ERROR -   Batch 456: CUDA Out of Memory (OOM) during forward pass!
2026-05-07 16:29:12,525 - __main__ - ERROR -   Memory at OOM: 43872/44862MB
2026-05-07 16:29:12,804 - __main__ - ERROR -   Batch 457: CUDA Out of Memory (OOM) during forward pass!
2026-05-07 16:29:12,804 - __main__ - ERROR -   Memory at OOM: 43872/44862MB
2026-05-07 16:29:13,084 - __main__ - ERROR -   Batch 458: CUDA Out of Memory (OOM) during forward pass!
2026-05-07 16:29:13,084 - __main__ - ERROR -   Memory at OOM: 43872/44862MB
2026-05-07 16:29:13,362 - __main__ - ERROR -   Batch 459: CUDA Out of Memory (OOM) during forward pass!
2026-05-07 16:29:13,363 - __main__ - ERROR -   Memory at OOM: 43872/44862MB
2026-05-07 16:29:13,644 - __main__ - ERROR -   Batch 460: CUDA Out of Memory (OOM) during forward pass!
2026-05-07 16:29:13,645 - __main__ - ERROR -   Memory at OOM: 43872/44862MB
2026-05-07 16:29:13,924 - __main__ - ERROR -   Batch 461: CUDA Out of Memory (OOM) during forward pass!
2026-05-07 16:29:13,925 - __main__ - ERROR -   Memory at OOM: 43872/44862MB
2026-05-07 16:29:14,204 - __main__ - ERROR -   Batch 462: CUDA Out of Memory (OOM) during forward pass!
2026-05-07 16:29:14,205 - __main__ - ERROR -   Memory at OOM: 43872/44862MB
2026-05-07 16:29:14,483 - __main__ - ERROR -   Batch 463: CUDA Out of Memory (OOM) during forward pass!
2026-05-07 16:29:14,483 - __main__ - ERROR -   Memory at OOM: 43872/44862MB
2026-05-07 16:29:14,764 - __main__ - ERROR -   Batch 464: CUDA Out of Memory (OOM) during forward pass!
2026-05-07 16:29:14,765 - __main__ - ERROR -   Memory at OOM: 43872/44862MB
2026-05-07 16:29:15,041 - __main__ - ERROR -   Batch 465: CUDA Out of Memory (OOM) during forward pass!
2026-05-07 16:29:15,042 - __main__ - ERROR -   Memory at OOM: 43872/44862MB
2026-05-07 16:29:15,323 - __main__ - ERROR -   Batch 466: CUDA Out of Memory (OOM) during forward pass!
2026-05-07 16:29:15,323 - __main__ - ERROR -   Memory at OOM: 43872/44862MB
2026-05-07 16:29:15,603 - __main__ - ERROR -   Batch 467: CUDA Out of Memory (OOM) during forward pass!
2026-05-07 16:29:15,603 - __main__ - ERROR -   Memory at OOM: 43872/44862MB
2026-05-07 16:29:15,883 - __main__ - ERROR -   Batch 468: CUDA Out of Memory (OOM) during forward pass!
2026-05-07 16:29:15,883 - __main__ - ERROR -   Memory at OOM: 43872/44862MB
2026-05-07 16:29:16,164 - __main__ - ERROR -   Batch 469: CUDA Out of Memory (OOM) during forward pass!
2026-05-07 16:29:16,165 - __main__ - ERROR -   Memory at OOM: 43872/44862MB
2026-05-07 16:29:16,443 - __main__ - ERROR -   Batch 470: CUDA Out of Memory (OOM) during forward pass!
2026-05-07 16:29:16,443 - __main__ - ERROR -   Memory at OOM: 43872/44862MB
2026-05-07 16:29:16,724 - __main__ - ERROR -   Batch 471: CUDA Out of Memory (OOM) during forward pass!
2026-05-07 16:29:16,724 - __main__ - ERROR -   Memory at OOM: 43872/44862MB
2026-05-07 16:29:17,003 - __main__ - ERROR -   Batch 472: CUDA Out of Memory (OOM) during forward pass!
2026-05-07 16:29:17,003 - __main__ - ERROR -   Memory at OOM: 43872/44862MB
2026-05-07 16:29:17,283 - __main__ - ERROR -   Batch 473: CUDA Out of Memory (OOM) during forward pass!
2026-05-07 16:29:17,284 - __main__ - ERROR -   Memory at OOM: 43872/44862MB
2026-05-07 16:29:17,562 - __main__ - ERROR -   Batch 474: CUDA Out of Memory (OOM) during forward pass!
2026-05-07 16:29:17,563 - __main__ - ERROR -   Memory at OOM: 43872/44862MB
2026-05-07 16:29:17,841 - __main__ - ERROR -   Batch 475: CUDA Out of Memory (OOM) during forward pass!
2026-05-07 16:29:17,842 - __main__ - ERROR -   Memory at OOM: 43872/44862MB
2026-05-07 16:29:18,122 - __main__ - ERROR -   Batch 476: CUDA Out of Memory (OOM) during forward pass!
2026-05-07 16:29:18,122 - __main__ - ERROR -   Memory at OOM: 43872/44862MB
2026-05-07 16:29:18,403 - __main__ - ERROR -   Batch 477: CUDA Out of Memory (OOM) during forward pass!
2026-05-07 16:29:18,403 - __main__ - ERROR -   Memory at OOM: 43872/44862MB
2026-05-07 16:29:18,683 - __main__ - ERROR -   Batch 478: CUDA Out of Memory (OOM) during forward pass!
2026-05-07 16:29:18,684 - __main__ - ERROR -   Memory at OOM: 43872/44862MB
2026-05-07 16:29:18,963 - __main__ - ERROR -   Batch 479: CUDA Out of Memory (OOM) during forward pass!
2026-05-07 16:29:18,964 - __main__ - ERROR -   Memory at OOM: 43872/44862MB
2026-05-07 16:29:19,243 - __main__ - ERROR -   Batch 480: CUDA Out of Memory (OOM) during forward pass!
2026-05-07 16:29:19,243 - __main__ - ERROR -   Memory at OOM: 43872/44862MB
2026-05-07 16:29:19,522 - __main__ - ERROR -   Batch 481: CUDA Out of Memory (OOM) during forward pass!
2026-05-07 16:29:19,522 - __main__ - ERROR -   Memory at OOM: 43872/44862MB
2026-05-07 16:29:19,799 - __main__ - ERROR -   Batch 482: CUDA Out of Memory (OOM) during forward pass!
2026-05-07 16:29:19,800 - __main__ - ERROR -   Memory at OOM: 43872/44862MB
2026-05-07 16:29:20,081 - __main__ - ERROR -   Batch 483: CUDA Out of Memory (OOM) during forward pass!
2026-05-07 16:29:20,082 - __main__ - ERROR -   Memory at OOM: 43872/44862MB
2026-05-07 16:29:20,362 - __main__ - ERROR -   Batch 484: CUDA Out of Memory (OOM) during forward pass!
2026-05-07 16:29:20,363 - __main__ - ERROR -   Memory at OOM: 43872/44862MB
2026-05-07 16:29:20,641 - __main__ - ERROR -   Batch 485: CUDA Out of Memory (OOM) during forward pass!
2026-05-07 16:29:20,641 - __main__ - ERROR -   Memory at OOM: 43872/44862MB
2026-05-07 16:29:20,920 - __main__ - ERROR -   Batch 486: CUDA Out of Memory (OOM) during forward pass!
2026-05-07 16:29:20,920 - __main__ - ERROR -   Memory at OOM: 43872/44862MB
2026-05-07 16:29:21,201 - __main__ - ERROR -   Batch 487: CUDA Out of Memory (OOM) during forward pass!
2026-05-07 16:29:21,202 - __main__ - ERROR -   Memory at OOM: 43872/44862MB
2026-05-07 16:29:21,481 - __main__ - ERROR -   Batch 488: CUDA Out of Memory (OOM) during forward pass!
2026-05-07 16:29:21,482 - __main__ - ERROR -   Memory at OOM: 43872/44862MB
2026-05-07 16:29:21,760 - __main__ - ERROR -   Batch 489: CUDA Out of Memory (OOM) during forward pass!
2026-05-07 16:29:21,760 - __main__ - ERROR -   Memory at OOM: 43872/44862MB
2026-05-07 16:29:22,042 - __main__ - ERROR -   Batch 490: CUDA Out of Memory (OOM) during forward pass!
2026-05-07 16:29:22,042 - __main__ - ERROR -   Memory at OOM: 43872/44862MB
2026-05-07 16:29:22,321 - __main__ - ERROR -   Batch 491: CUDA Out of Memory (OOM) during forward pass!
2026-05-07 16:29:22,322 - __main__ - ERROR -   Memory at OOM: 43872/44862MB
2026-05-07 16:29:22,599 - __main__ - ERROR -   Batch 492: CUDA Out of Memory (OOM) during forward pass!
2026-05-07 16:29:22,600 - __main__ - ERROR -   Memory at OOM: 43872/44862MB
2026-05-07 16:29:22,880 - __main__ - ERROR -   Batch 493: CUDA Out of Memory (OOM) during forward pass!
2026-05-07 16:29:22,882 - __main__ - ERROR -   Memory at OOM: 43872/44862MB
2026-05-07 16:29:23,160 - __main__ - ERROR -   Batch 494: CUDA Out of Memory (OOM) during forward pass!
2026-05-07 16:29:23,161 - __main__ - ERROR -   Memory at OOM: 43872/44862MB
2026-05-07 16:29:23,440 - __main__ - ERROR -   Batch 495: CUDA Out of Memory (OOM) during forward pass!
2026-05-07 16:29:23,441 - __main__ - ERROR -   Memory at OOM: 43872/44862MB
2026-05-07 16:29:23,721 - __main__ - ERROR -   Batch 496: CUDA Out of Memory (OOM) during forward pass!
2026-05-07 16:29:23,721 - __main__ - ERROR -   Memory at OOM: 43872/44862MB
2026-05-07 16:29:24,001 - __main__ - ERROR -   Batch 497: CUDA Out of Memory (OOM) during forward pass!
2026-05-07 16:29:24,002 - __main__ - ERROR -   Memory at OOM: 43872/44862MB
2026-05-07 16:29:24,281 - __main__ - ERROR -   Batch 498: CUDA Out of Memory (OOM) during forward pass!
2026-05-07 16:29:24,281 - __main__ - ERROR -   Memory at OOM: 43872/44862MB
2026-05-07 16:29:24,559 - __main__ - ERROR -   Batch 499: CUDA Out of Memory (OOM) during forward pass!
2026-05-07 16:29:24,560 - __main__ - ERROR -   Memory at OOM: 43872/44862MB
2026-05-07 16:29:24,839 - __main__ - ERROR -   Batch 500: CUDA Out of Memory (OOM) during forward pass!
2026-05-07 16:29:24,840 - __main__ - ERROR -   Memory at OOM: 43872/44862MB
2026-05-07 16:29:25,120 - __main__ - ERROR -   Batch 501: CUDA Out of Memory (OOM) during forward pass!
2026-05-07 16:29:25,121 - __main__ - ERROR -   Memory at OOM: 43872/44862MB
2026-05-07 16:29:25,399 - __main__ - ERROR -   Batch 502: CUDA Out of Memory (OOM) during forward pass!
2026-05-07 16:29:25,399 - __main__ - ERROR -   Memory at OOM: 43872/44862MB
2026-05-07 16:29:25,681 - __main__ - ERROR -   Batch 503: CUDA Out of Memory (OOM) during forward pass!
2026-05-07 16:29:25,681 - __main__ - ERROR -   Memory at OOM: 43872/44862MB
2026-05-07 16:29:25,960 - __main__ - ERROR -   Batch 504: CUDA Out of Memory (OOM) during forward pass!
2026-05-07 16:29:25,960 - __main__ - ERROR -   Memory at OOM: 43872/44862MB
2026-05-07 16:29:26,240 - __main__ - ERROR -   Batch 505: CUDA Out of Memory (OOM) during forward pass!
2026-05-07 16:29:26,240 - __main__ - ERROR -   Memory at OOM: 43872/44862MB
2026-05-07 16:29:26,518 - __main__ - ERROR -   Batch 506: CUDA Out of Memory (OOM) during forward pass!
2026-05-07 16:29:26,519 - __main__ - ERROR -   Memory at OOM: 43872/44862MB
2026-05-07 16:29:26,800 - __main__ - ERROR -   Batch 507: CUDA Out of Memory (OOM) during forward pass!
2026-05-07 16:29:26,800 - __main__ - ERROR -   Memory at OOM: 43872/44862MB
2026-05-07 16:29:27,080 - __main__ - ERROR -   Batch 508: CUDA Out of Memory (OOM) during forward pass!
2026-05-07 16:29:27,080 - __main__ - ERROR -   Memory at OOM: 43872/44862MB
2026-05-07 16:29:27,358 - __main__ - ERROR -   Batch 509: CUDA Out of Memory (OOM) during forward pass!
2026-05-07 16:29:27,358 - __main__ - ERROR -   Memory at OOM: 43872/44862MB
2026-05-07 16:29:27,639 - __main__ - ERROR -   Batch 510: CUDA Out of Memory (OOM) during forward pass!
2026-05-07 16:29:27,639 - __main__ - ERROR -   Memory at OOM: 43872/44862MB
2026-05-07 16:29:27,920 - __main__ - ERROR -   Batch 511: CUDA Out of Memory (OOM) during forward pass!
2026-05-07 16:29:27,921 - __main__ - ERROR -   Memory at OOM: 43872/44862MB
2026-05-07 16:29:28,200 - __main__ - ERROR -   Batch 512: CUDA Out of Memory (OOM) during forward pass!
2026-05-07 16:29:28,201 - __main__ - ERROR -   Memory at OOM: 43872/44862MB
2026-05-07 16:29:28,478 - __main__ - ERROR -   Batch 513: CUDA Out of Memory (OOM) during forward pass!
2026-05-07 16:29:28,478 - __main__ - ERROR -   Memory at OOM: 43872/44862MB
2026-05-07 16:29:28,759 - __main__ - ERROR -   Batch 514: CUDA Out of Memory (OOM) during forward pass!
2026-05-07 16:29:28,759 - __main__ - ERROR -   Memory at OOM: 43872/44862MB
2026-05-07 16:29:29,040 - __main__ - ERROR -   Batch 515: CUDA Out of Memory (OOM) during forward pass!
2026-05-07 16:29:29,040 - __main__ - ERROR -   Memory at OOM: 43872/44862MB
2026-05-07 16:29:29,317 - __main__ - ERROR -   Batch 516: CUDA Out of Memory (OOM) during forward pass!
2026-05-07 16:29:29,318 - __main__ - ERROR -   Memory at OOM: 43872/44862MB
2026-05-07 16:29:29,597 - __main__ - ERROR -   Batch 517: CUDA Out of Memory (OOM) during forward pass!
2026-05-07 16:29:29,598 - __main__ - ERROR -   Memory at OOM: 43872/44862MB
2026-05-07 16:29:29,878 - __main__ - ERROR -   Batch 518: CUDA Out of Memory (OOM) during forward pass!
2026-05-07 16:29:29,878 - __main__ - ERROR -   Memory at OOM: 43872/44862MB
2026-05-07 16:29:30,159 - __main__ - ERROR -   Batch 519: CUDA Out of Memory (OOM) during forward pass!
2026-05-07 16:29:30,159 - __main__ - ERROR -   Memory at OOM: 43872/44862MB
2026-05-07 16:29:30,436 - __main__ - ERROR -   Batch 520: CUDA Out of Memory (OOM) during forward pass!
2026-05-07 16:29:30,437 - __main__ - ERROR -   Memory at OOM: 43872/44862MB
2026-05-07 16:29:30,719 - __main__ - ERROR -   Batch 521: CUDA Out of Memory (OOM) during forward pass!
2026-05-07 16:29:30,720 - __main__ - ERROR -   Memory at OOM: 43872/44862MB
2026-05-07 16:29:30,999 - __main__ - ERROR -   Batch 522: CUDA Out of Memory (OOM) during forward pass!
2026-05-07 16:29:31,000 - __main__ - ERROR -   Memory at OOM: 43872/44862MB
2026-05-07 16:29:31,277 - __main__ - ERROR -   Batch 523: CUDA Out of Memory (OOM) during forward pass!
2026-05-07 16:29:31,277 - __main__ - ERROR -   Memory at OOM: 43872/44862MB
2026-05-07 16:29:31,936 - __main__ - ERROR -   Batch 524: CUDA Out of Memory (OOM) during forward pass!
2026-05-07 16:29:31,937 - __main__ - ERROR -   Memory at OOM: 41501/44610MB
2026-05-07 16:29:32,038 - __main__ - INFO - Epoch 3 complete in 147.56s, avg_loss=0.0000
2026-05-07 16:29:32,039 - __main__ - INFO - Train Loss: 0.0000
2026-05-07 16:29:32,039 - __main__ - INFO - Evaluating on dev set...
2026-05-07 16:29:32,040 - __main__ - INFO - Starting evaluation on 462 samples
Evaluating:   0%|          | 0/15 [00:00<?, ?it/s]Evaluating:   7%|▋         | 1/15 [00:00<00:13,  1.02it/s]Evaluating:  13%|█▎        | 2/15 [00:01<00:09,  1.36it/s]Evaluating:  20%|██        | 3/15 [00:02<00:07,  1.52it/s]Evaluating:  27%|██▋       | 4/15 [00:02<00:06,  1.60it/s]Evaluating:  33%|███▎      | 5/15 [00:03<00:06,  1.67it/s]Evaluating:  40%|████      | 6/15 [00:03<00:05,  1.67it/s]Evaluating:  47%|████▋     | 7/15 [00:04<00:04,  1.68it/s]Evaluating:  53%|█████▎    | 8/15 [00:05<00:04,  1.68it/s]Evaluating:  60%|██████    | 9/15 [00:05<00:03,  1.69it/s]2026-05-07 16:29:38,232 - __main__ - INFO -   Evaluation progress: 10/15 batches (1.61 batches/s)
Evaluating:  67%|██████▋   | 10/15 [00:06<00:02,  1.69it/s]Evaluating:  73%|███████▎  | 11/15 [00:06<00:02,  1.69it/s]Evaluating:  80%|████████  | 12/15 [00:07<00:01,  1.69it/s]Evaluating:  87%|████████▋ | 13/15 [00:07<00:01,  1.69it/s]Evaluating:  93%|█████████▎| 14/15 [00:08<00:00,  1.69it/s]Evaluating: 100%|██████████| 15/15 [00:08<00:00,  2.04it/s]                                                           2026-05-07 16:29:40,958 - __main__ - INFO - Evaluation complete in 8.92s
2026-05-07 16:29:40,959 - __main__ - INFO -   Loss: 3.3493, Accuracy: 0.0000, Precision: 0.0000, Recall: 0.0000, F1: 0.0000
2026-05-07 16:29:40,959 - __main__ - INFO - Dev Loss: 3.3493
2026-05-07 16:29:40,959 - __main__ - INFO - Dev Accuracy: 0.0000
2026-05-07 16:29:40,959 - __main__ - INFO -   No improvement for 3 epochs
2026-05-07 16:29:40,959 - __main__ - INFO -   Early stopping triggered after 3 epochs!
2026-05-07 16:29:41,390 - __main__ - INFO - Saved checkpoint to /scratch/user/s4901673/ircbert_runs/checkpoints/checkpoint_epoch_3.pt
2026-05-07 16:29:41,390 - __main__ - INFO - Training complete in 463.65s!
2026-05-07 16:29:41,390 - __main__ - INFO - Best F1: 0.0000 at epoch 0
2026-05-07 16:29:41,390 - __main__ - INFO - ================================================================================
2026-05-07 16:29:41,390 - __main__ - INFO - Done!
2026-05-07 16:29:41,390 - __main__ - INFO - ================================================================================
2026-05-07 16:29:41,390 - __main__ - INFO - Log file: /scratch/user/s4901673/ircbert_runs/logs/train_20260507_162058.log
