WARNING: huggingface-hub 1.13.0 does not provide the extra 'cli'
2026-05-07 17:48:19,302 - __main__ - INFO - ================================================================================
2026-05-07 17:48:19,302 - __main__ - INFO - IRC Conversation Disentanglement Training
2026-05-07 17:48:19,302 - __main__ - INFO - ================================================================================
2026-05-07 17:48:19,302 - __main__ - INFO - --- System Diagnostics ---
2026-05-07 17:48:19,302 - __main__ - INFO - OS: Linux 5.14.0-611.24.1.el9_7.x86_64
2026-05-07 17:48:19,302 - __main__ - INFO - Python: 3.10.20
2026-05-07 17:48:19,303 - __main__ - INFO - RAM: 2003.13 GB total, 1962.07 GB available
2026-05-07 17:48:19,319 - __main__ - INFO - GPU 0: NVIDIA L40
2026-05-07 17:48:19,319 - __main__ - INFO -   Total Memory: 45460 MB
2026-05-07 17:48:19,319 - __main__ - INFO -   Compute Capability: 8.9
2026-05-07 17:48:19,319 - __main__ - INFO - --------------------------
2026-05-07 17:48:19,320 - __main__ - INFO - Mode: train
2026-05-07 17:48:19,320 - __main__ - INFO - Device: cuda
2026-05-07 17:48:19,320 - __main__ - INFO - Model: microsoft/deberta-v3-base
2026-05-07 17:48:19,320 - __main__ - INFO - Batch size: 32
2026-05-07 17:48:19,320 - __main__ - INFO - Learning rate: 5e-05
2026-05-07 17:48:19,320 - __main__ - INFO - Epochs: 3
2026-05-07 17:48:19,320 - __main__ - INFO - Max dist: 30
2026-05-07 17:48:19,320 - __main__ - INFO - Max length: 128
2026-05-07 17:48:19,320 - __main__ - INFO - Output dir: /scratch/user/s4901673/ircbert_runs/checkpoints
2026-05-07 17:48:19,320 - __main__ - INFO - Using device: cuda
2026-05-07 17:48:19,320 - __main__ - INFO - Loading tokenizer: microsoft/deberta-v3-base
2026-05-07 17:48:19,591 - httpx - INFO - HTTP Request: HEAD https://huggingface.co/microsoft/deberta-v3-base/resolve/main/config.json "HTTP/1.1 307 Temporary Redirect"
2026-05-07 17:48:19,597 - httpx - INFO - HTTP Request: HEAD https://huggingface.co/api/resolve-cache/models/microsoft/deberta-v3-base/8ccc9b6f36199bec6961081d44eb72fb3f7353f3/config.json "HTTP/1.1 200 OK"
2026-05-07 17:48:19,842 - httpx - INFO - HTTP Request: HEAD https://huggingface.co/microsoft/deberta-v3-base/resolve/main/tokenizer_config.json "HTTP/1.1 307 Temporary Redirect"
Warning: You are sending unauthenticated requests to the HF Hub. Please set a HF_TOKEN to enable higher rate limits and faster downloads.
2026-05-07 17:48:19,842 - huggingface_hub.utils._http - WARNING - Warning: You are sending unauthenticated requests to the HF Hub. Please set a HF_TOKEN to enable higher rate limits and faster downloads.
2026-05-07 17:48:19,848 - httpx - INFO - HTTP Request: HEAD https://huggingface.co/api/resolve-cache/models/microsoft/deberta-v3-base/8ccc9b6f36199bec6961081d44eb72fb3f7353f3/tokenizer_config.json "HTTP/1.1 200 OK"
2026-05-07 17:48:20,082 - httpx - INFO - HTTP Request: GET https://huggingface.co/api/models/microsoft/deberta-v3-base/tree/main/additional_chat_templates?recursive=false&expand=false "HTTP/1.1 404 Not Found"
2026-05-07 17:48:20,315 - httpx - INFO - HTTP Request: GET https://huggingface.co/api/models/microsoft/deberta-v3-base/tree/main?recursive=true&expand=false "HTTP/1.1 200 OK"
2026-05-07 17:48:20,796 - httpx - INFO - HTTP Request: GET https://huggingface.co/api/models/microsoft/deberta-v3-base "HTTP/1.1 200 OK"
2026-05-07 17:48:20,800 - __main__ - INFO - Tokenizer loaded: DebertaV2Tokenizer
2026-05-07 17:48:20,801 - __main__ - INFO - Creating dataloaders...
2026-05-07 17:48:20,845 - __main__ - INFO - Loading 153 train files...
2026-05-07 17:48:20,845 - data_loader - INFO - Initializing IRCDisentanglementDataset with 153 files
2026-05-07 17:48:20,845 - data_loader - INFO -   max_dist=30, max_length=128, skip_labels=False
2026-05-07 17:48:20,845 - data_loader - INFO -   test_start=0, test_end=1000000000
2026-05-07 17:48:20,846 - data_loader - INFO - Loading conversation from data/train/2004-12-25.train-c.ascii.txt
2026-05-07 17:48:20,848 - data_loader - INFO -   Read 1500 lines from ASCII file
2026-05-07 17:48:20,853 - data_loader - INFO -   Parsed 1500 messages, found 94 unique users
2026-05-07 17:48:21,032 - data_loader - INFO -   Loaded 382 gold links from annotation file
2026-05-07 17:48:21,035 - data_loader - INFO -   Conversation '2004-12-25.train-c' loaded in 0.19s
2026-05-07 17:48:21,035 - data_loader - INFO -   Creating samples for 2004-12-25.train-c: all 1500 messages
2026-05-07 17:48:21,056 - data_loader - INFO -   Created 174 samples for 2004-12-25.train-c
2026-05-07 17:48:21,056 - data_loader - INFO -   File 1/153: 2004-12-25.train-c - 1500 messages, 174 total samples so far
2026-05-07 17:48:21,056 - data_loader - INFO - Loading conversation from data/train/2005-02-06.train-c.ascii.txt
2026-05-07 17:48:21,058 - data_loader - INFO -   Read 1500 lines from ASCII file
2026-05-07 17:48:21,061 - data_loader - INFO -   Parsed 1500 messages, found 70 unique users
2026-05-07 17:48:21,203 - data_loader - INFO -   Loaded 346 gold links from annotation file
2026-05-07 17:48:21,203 - data_loader - INFO -   Conversation '2005-02-06.train-c' loaded in 0.15s
2026-05-07 17:48:21,203 - data_loader - INFO -   Creating samples for 2005-02-06.train-c: all 1500 messages
2026-05-07 17:48:21,219 - data_loader - INFO -   Created 98 samples for 2005-02-06.train-c
2026-05-07 17:48:21,219 - data_loader - INFO -   File 2/153: 2005-02-06.train-c - 1500 messages, 272 total samples so far
2026-05-07 17:48:21,219 - data_loader - INFO - Loading conversation from data/train/2005-02-08.train-a.ascii.txt
2026-05-07 17:48:21,220 - data_loader - INFO -   Read 1246 lines from ASCII file
2026-05-07 17:48:21,223 - data_loader - INFO -   Parsed 1246 messages, found 71 unique users
2026-05-07 17:48:21,324 - data_loader - INFO -   Loaded 214 gold links from annotation file
2026-05-07 17:48:21,324 - data_loader - INFO -   Conversation '2005-02-08.train-a' loaded in 0.10s
2026-05-07 17:48:21,324 - data_loader - INFO -   Creating samples for 2005-02-08.train-a: all 1246 messages
2026-05-07 17:48:21,335 - data_loader - INFO -   Created 84 samples for 2005-02-08.train-a
2026-05-07 17:48:21,335 - data_loader - INFO -   File 3/153: 2005-02-08.train-a - 1246 messages, 356 total samples so far
2026-05-07 17:48:21,335 - data_loader - INFO - Loading conversation from data/train/2005-02-27.train-c.ascii.txt
2026-05-07 17:48:21,336 - data_loader - INFO -   Read 1500 lines from ASCII file
2026-05-07 17:48:21,340 - data_loader - INFO -   Parsed 1500 messages, found 74 unique users
2026-05-07 17:48:21,506 - data_loader - INFO -   Loaded 355 gold links from annotation file
2026-05-07 17:48:21,506 - data_loader - INFO -   Conversation '2005-02-27.train-c' loaded in 0.17s
2026-05-07 17:48:21,506 - data_loader - INFO -   Creating samples for 2005-02-27.train-c: all 1500 messages
2026-05-07 17:48:21,524 - data_loader - INFO -   Created 109 samples for 2005-02-27.train-c
2026-05-07 17:48:21,524 - data_loader - INFO -   File 4/153: 2005-02-27.train-c - 1500 messages, 465 total samples so far
2026-05-07 17:48:21,524 - data_loader - INFO - Loading conversation from data/train/2005-05-14.train-c.ascii.txt
2026-05-07 17:48:21,525 - data_loader - INFO -   Read 1500 lines from ASCII file
2026-05-07 17:48:21,529 - data_loader - INFO -   Parsed 1500 messages, found 85 unique users
2026-05-07 17:48:21,703 - data_loader - INFO -   Loaded 370 gold links from annotation file
2026-05-07 17:48:21,703 - data_loader - INFO -   Conversation '2005-05-14.train-c' loaded in 0.18s
2026-05-07 17:48:21,703 - data_loader - INFO -   Creating samples for 2005-05-14.train-c: all 1500 messages
2026-05-07 17:48:21,722 - data_loader - INFO -   Created 147 samples for 2005-05-14.train-c
2026-05-07 17:48:21,723 - data_loader - INFO -   File 5/153: 2005-05-14.train-c - 1500 messages, 612 total samples so far
2026-05-07 17:48:21,723 - data_loader - INFO - Loading conversation from data/train/2005-05-19.train-a.ascii.txt
2026-05-07 17:48:21,724 - data_loader - INFO -   Read 1191 lines from ASCII file
2026-05-07 17:48:21,727 - data_loader - INFO -   Parsed 1191 messages, found 68 unique users
2026-05-07 17:48:21,832 - data_loader - INFO -   Loaded 165 gold links from annotation file
2026-05-07 17:48:21,832 - data_loader - INFO -   Conversation '2005-05-19.train-a' loaded in 0.11s
2026-05-07 17:48:21,832 - data_loader - INFO -   Creating samples for 2005-05-19.train-a: all 1191 messages
2026-05-07 17:48:21,964 - data_loader - INFO -   Created 62 samples for 2005-05-19.train-a
2026-05-07 17:48:21,965 - data_loader - INFO -   File 6/153: 2005-05-19.train-a - 1191 messages, 674 total samples so far
2026-05-07 17:48:21,965 - data_loader - INFO - Loading conversation from data/train/2005-06-06.train-c.ascii.txt
2026-05-07 17:48:21,966 - data_loader - INFO -   Read 1500 lines from ASCII file
2026-05-07 17:48:21,970 - data_loader - INFO -   Parsed 1500 messages, found 97 unique users
2026-05-07 17:48:22,151 - data_loader - INFO -   Loaded 388 gold links from annotation file
2026-05-07 17:48:22,151 - data_loader - INFO -   Conversation '2005-06-06.train-c' loaded in 0.19s
2026-05-07 17:48:22,151 - data_loader - INFO -   Creating samples for 2005-06-06.train-c: all 1500 messages
2026-05-07 17:48:22,172 - data_loader - INFO -   Created 163 samples for 2005-06-06.train-c
2026-05-07 17:48:22,172 - data_loader - INFO -   File 7/153: 2005-06-06.train-c - 1500 messages, 837 total samples so far
2026-05-07 17:48:22,172 - data_loader - INFO - Loading conversation from data/train/2005-06-12.train-c.ascii.txt
2026-05-07 17:48:22,173 - data_loader - INFO -   Read 1500 lines from ASCII file
2026-05-07 17:48:22,177 - data_loader - INFO -   Parsed 1500 messages, found 93 unique users
2026-05-07 17:48:22,386 - data_loader - INFO -   Loaded 371 gold links from annotation file
2026-05-07 17:48:22,386 - data_loader - INFO -   Conversation '2005-06-12.train-c' loaded in 0.21s
2026-05-07 17:48:22,386 - data_loader - INFO -   Creating samples for 2005-06-12.train-c: all 1500 messages
2026-05-07 17:48:22,405 - data_loader - INFO -   Created 116 samples for 2005-06-12.train-c
2026-05-07 17:48:22,405 - data_loader - INFO -   File 8/153: 2005-06-12.train-c - 1500 messages, 953 total samples so far
2026-05-07 17:48:22,405 - data_loader - INFO - Loading conversation from data/train/2005-06-16.train-c.ascii.txt
2026-05-07 17:48:22,406 - data_loader - INFO -   Read 1500 lines from ASCII file
2026-05-07 17:48:22,410 - data_loader - INFO -   Parsed 1500 messages, found 90 unique users
2026-05-07 17:48:22,603 - data_loader - INFO -   Loaded 388 gold links from annotation file
2026-05-07 17:48:22,603 - data_loader - INFO -   Conversation '2005-06-16.train-c' loaded in 0.20s
2026-05-07 17:48:22,604 - data_loader - INFO -   Creating samples for 2005-06-16.train-c: all 1500 messages
2026-05-07 17:48:22,621 - data_loader - INFO -   Created 98 samples for 2005-06-16.train-c
2026-05-07 17:48:22,621 - data_loader - INFO -   File 9/153: 2005-06-16.train-c - 1500 messages, 1051 total samples so far
2026-05-07 17:48:22,621 - data_loader - INFO - Loading conversation from data/train/2005-06-20.train-a.ascii.txt
2026-05-07 17:48:22,622 - data_loader - INFO -   Read 1457 lines from ASCII file
2026-05-07 17:48:22,626 - data_loader - INFO -   Parsed 1457 messages, found 77 unique users
2026-05-07 17:48:22,780 - data_loader - INFO -   Loaded 326 gold links from annotation file
2026-05-07 17:48:22,780 - data_loader - INFO -   Conversation '2005-06-20.train-a' loaded in 0.16s
2026-05-07 17:48:22,780 - data_loader - INFO -   Creating samples for 2005-06-20.train-a: all 1457 messages
2026-05-07 17:48:22,797 - data_loader - INFO -   Created 123 samples for 2005-06-20.train-a
2026-05-07 17:48:22,797 - data_loader - INFO -   File 10/153: 2005-06-20.train-a - 1457 messages, 1174 total samples so far
2026-05-07 17:48:22,797 - data_loader - INFO - Loading conversation from data/train/2005-07-25.train-a.ascii.txt
2026-05-07 17:48:22,799 - data_loader - INFO -   Read 1283 lines from ASCII file
2026-05-07 17:48:22,802 - data_loader - INFO -   Parsed 1283 messages, found 88 unique users
2026-05-07 17:48:22,952 - data_loader - INFO -   Loaded 217 gold links from annotation file
2026-05-07 17:48:22,952 - data_loader - INFO -   Conversation '2005-07-25.train-a' loaded in 0.15s
2026-05-07 17:48:22,952 - data_loader - INFO -   Creating samples for 2005-07-25.train-a: all 1283 messages
2026-05-07 17:48:22,966 - data_loader - INFO -   Created 104 samples for 2005-07-25.train-a
2026-05-07 17:48:22,966 - data_loader - INFO -   File 11/153: 2005-07-25.train-a - 1283 messages, 1278 total samples so far
2026-05-07 17:48:22,966 - data_loader - INFO - Loading conversation from data/train/2005-07-29.train-c.ascii.txt
2026-05-07 17:48:22,967 - data_loader - INFO -   Read 1500 lines from ASCII file
2026-05-07 17:48:22,971 - data_loader - INFO -   Parsed 1500 messages, found 84 unique users
2026-05-07 17:48:23,146 - data_loader - INFO -   Loaded 396 gold links from annotation file
2026-05-07 17:48:23,146 - data_loader - INFO -   Conversation '2005-07-29.train-c' loaded in 0.18s
2026-05-07 17:48:23,146 - data_loader - INFO -   Creating samples for 2005-07-29.train-c: all 1500 messages
2026-05-07 17:48:23,166 - data_loader - INFO -   Created 152 samples for 2005-07-29.train-c
2026-05-07 17:48:23,166 - data_loader - INFO -   File 12/153: 2005-07-29.train-c - 1500 messages, 1430 total samples so far
2026-05-07 17:48:23,166 - data_loader - INFO - Loading conversation from data/train/2005-09-26.train-c.ascii.txt
2026-05-07 17:48:23,167 - data_loader - INFO -   Read 1500 lines from ASCII file
2026-05-07 17:48:23,171 - data_loader - INFO -   Parsed 1500 messages, found 114 unique users
2026-05-07 17:48:23,402 - data_loader - INFO -   Loaded 403 gold links from annotation file
2026-05-07 17:48:23,402 - data_loader - INFO -   Conversation '2005-09-26.train-c' loaded in 0.24s
2026-05-07 17:48:23,402 - data_loader - INFO -   Creating samples for 2005-09-26.train-c: all 1500 messages
2026-05-07 17:48:23,421 - data_loader - INFO -   Created 119 samples for 2005-09-26.train-c
2026-05-07 17:48:23,421 - data_loader - INFO -   File 13/153: 2005-09-26.train-c - 1500 messages, 1549 total samples so far
2026-05-07 17:48:23,421 - data_loader - INFO - Loading conversation from data/train/2005-10-07.train-c.ascii.txt
2026-05-07 17:48:23,423 - data_loader - INFO -   Read 1500 lines from ASCII file
2026-05-07 17:48:23,426 - data_loader - INFO -   Parsed 1500 messages, found 99 unique users
2026-05-07 17:48:23,614 - data_loader - INFO -   Loaded 375 gold links from annotation file
2026-05-07 17:48:23,614 - data_loader - INFO -   Conversation '2005-10-07.train-c' loaded in 0.19s
2026-05-07 17:48:23,615 - data_loader - INFO -   Creating samples for 2005-10-07.train-c: all 1500 messages
2026-05-07 17:48:23,634 - data_loader - INFO -   Created 151 samples for 2005-10-07.train-c
2026-05-07 17:48:23,634 - data_loader - INFO -   File 14/153: 2005-10-07.train-c - 1500 messages, 1700 total samples so far
2026-05-07 17:48:23,635 - data_loader - INFO - Loading conversation from data/train/2005-10-12.train-c.ascii.txt
2026-05-07 17:48:23,636 - data_loader - INFO -   Read 1500 lines from ASCII file
2026-05-07 17:48:23,639 - data_loader - INFO -   Parsed 1500 messages, found 138 unique users
2026-05-07 17:48:23,892 - data_loader - INFO -   Loaded 370 gold links from annotation file
2026-05-07 17:48:23,892 - data_loader - INFO -   Conversation '2005-10-12.train-c' loaded in 0.26s
2026-05-07 17:48:23,892 - data_loader - INFO -   Creating samples for 2005-10-12.train-c: all 1500 messages
2026-05-07 17:48:23,911 - data_loader - INFO -   Created 139 samples for 2005-10-12.train-c
2026-05-07 17:48:23,911 - data_loader - INFO -   File 15/153: 2005-10-12.train-c - 1500 messages, 1839 total samples so far
2026-05-07 17:48:23,911 - data_loader - INFO - Loading conversation from data/train/2005-12-03.train-c.ascii.txt
2026-05-07 17:48:23,912 - data_loader - INFO -   Read 1500 lines from ASCII file
2026-05-07 17:48:23,916 - data_loader - INFO -   Parsed 1500 messages, found 104 unique users
2026-05-07 17:48:24,123 - data_loader - INFO -   Loaded 387 gold links from annotation file
2026-05-07 17:48:24,123 - data_loader - INFO -   Conversation '2005-12-03.train-c' loaded in 0.21s
2026-05-07 17:48:24,123 - data_loader - INFO -   Creating samples for 2005-12-03.train-c: all 1500 messages
2026-05-07 17:48:24,143 - data_loader - INFO -   Created 161 samples for 2005-12-03.train-c
2026-05-07 17:48:24,143 - data_loader - INFO -   File 16/153: 2005-12-03.train-c - 1500 messages, 2000 total samples so far
2026-05-07 17:48:24,143 - data_loader - INFO - Loading conversation from data/train/2005-12-04.train-c.ascii.txt
2026-05-07 17:48:24,144 - data_loader - INFO -   Read 1500 lines from ASCII file
2026-05-07 17:48:24,148 - data_loader - INFO -   Parsed 1500 messages, found 128 unique users
2026-05-07 17:48:24,402 - data_loader - INFO -   Loaded 399 gold links from annotation file
2026-05-07 17:48:24,402 - data_loader - INFO -   Conversation '2005-12-04.train-c' loaded in 0.26s
2026-05-07 17:48:24,402 - data_loader - INFO -   Creating samples for 2005-12-04.train-c: all 1500 messages
2026-05-07 17:48:24,425 - data_loader - INFO -   Created 190 samples for 2005-12-04.train-c
2026-05-07 17:48:24,425 - data_loader - INFO -   File 17/153: 2005-12-04.train-c - 1500 messages, 2190 total samples so far
2026-05-07 17:48:24,425 - data_loader - INFO - Loading conversation from data/train/2005-12-16.train-c.ascii.txt
2026-05-07 17:48:24,428 - data_loader - INFO -   Read 1500 lines from ASCII file
2026-05-07 17:48:24,432 - data_loader - INFO -   Parsed 1500 messages, found 83 unique users
2026-05-07 17:48:24,606 - data_loader - INFO -   Loaded 371 gold links from annotation file
2026-05-07 17:48:24,606 - data_loader - INFO -   Conversation '2005-12-16.train-c' loaded in 0.18s
2026-05-07 17:48:24,606 - data_loader - INFO -   Creating samples for 2005-12-16.train-c: all 1500 messages
2026-05-07 17:48:24,622 - data_loader - INFO -   Created 82 samples for 2005-12-16.train-c
2026-05-07 17:48:24,622 - data_loader - INFO -   File 18/153: 2005-12-16.train-c - 1500 messages, 2272 total samples so far
2026-05-07 17:48:24,622 - data_loader - INFO - Loading conversation from data/train/2005-12-23.train-c.ascii.txt
2026-05-07 17:48:24,623 - data_loader - INFO -   Read 1500 lines from ASCII file
2026-05-07 17:48:24,627 - data_loader - INFO -   Parsed 1500 messages, found 117 unique users
2026-05-07 17:48:24,851 - data_loader - INFO -   Loaded 380 gold links from annotation file
2026-05-07 17:48:24,851 - data_loader - INFO -   Conversation '2005-12-23.train-c' loaded in 0.23s
2026-05-07 17:48:24,851 - data_loader - INFO -   Creating samples for 2005-12-23.train-c: all 1500 messages
2026-05-07 17:48:24,873 - data_loader - INFO -   Created 170 samples for 2005-12-23.train-c
2026-05-07 17:48:24,873 - data_loader - INFO -   File 19/153: 2005-12-23.train-c - 1500 messages, 2442 total samples so far
2026-05-07 17:48:24,873 - data_loader - INFO - Loading conversation from data/train/2006-01-02.train-c.ascii.txt
2026-05-07 17:48:24,876 - data_loader - INFO -   Read 1500 lines from ASCII file
2026-05-07 17:48:24,880 - data_loader - INFO -   Parsed 1500 messages, found 120 unique users
2026-05-07 17:48:25,129 - data_loader - INFO -   Loaded 371 gold links from annotation file
2026-05-07 17:48:25,130 - data_loader - INFO -   Conversation '2006-01-02.train-c' loaded in 0.26s
2026-05-07 17:48:25,130 - data_loader - INFO -   Creating samples for 2006-01-02.train-c: all 1500 messages
2026-05-07 17:48:25,153 - data_loader - INFO -   Created 174 samples for 2006-01-02.train-c
2026-05-07 17:48:25,153 - data_loader - INFO -   File 20/153: 2006-01-02.train-c - 1500 messages, 2616 total samples so far
2026-05-07 17:48:25,153 - data_loader - INFO - Loading conversation from data/train/2006-01-12.train-c.ascii.txt
2026-05-07 17:48:25,154 - data_loader - INFO -   Read 1500 lines from ASCII file
2026-05-07 17:48:25,158 - data_loader - INFO -   Parsed 1500 messages, found 115 unique users
2026-05-07 17:48:25,388 - data_loader - INFO -   Loaded 378 gold links from annotation file
2026-05-07 17:48:25,388 - data_loader - INFO -   Conversation '2006-01-12.train-c' loaded in 0.23s
2026-05-07 17:48:25,388 - data_loader - INFO -   Creating samples for 2006-01-12.train-c: all 1500 messages
2026-05-07 17:48:25,407 - data_loader - INFO -   Created 128 samples for 2006-01-12.train-c
2026-05-07 17:48:25,407 - data_loader - INFO -   File 21/153: 2006-01-12.train-c - 1500 messages, 2744 total samples so far
2026-05-07 17:48:25,407 - data_loader - INFO - Loading conversation from data/train/2006-02-20.train-c.ascii.txt
2026-05-07 17:48:25,408 - data_loader - INFO -   Read 1500 lines from ASCII file
2026-05-07 17:48:25,412 - data_loader - INFO -   Parsed 1500 messages, found 115 unique users
2026-05-07 17:48:25,633 - data_loader - INFO -   Loaded 385 gold links from annotation file
2026-05-07 17:48:25,633 - data_loader - INFO -   Conversation '2006-02-20.train-c' loaded in 0.23s
2026-05-07 17:48:25,634 - data_loader - INFO -   Creating samples for 2006-02-20.train-c: all 1500 messages
2026-05-07 17:48:25,654 - data_loader - INFO -   Created 169 samples for 2006-02-20.train-c
2026-05-07 17:48:25,654 - data_loader - INFO -   File 22/153: 2006-02-20.train-c - 1500 messages, 2913 total samples so far
2026-05-07 17:48:25,654 - data_loader - INFO - Loading conversation from data/train/2006-02-24.train-a.ascii.txt
2026-05-07 17:48:25,655 - data_loader - INFO -   Read 1331 lines from ASCII file
2026-05-07 17:48:25,658 - data_loader - INFO -   Parsed 1331 messages, found 102 unique users
2026-05-07 17:48:25,846 - data_loader - INFO -   Loaded 280 gold links from annotation file
2026-05-07 17:48:25,846 - data_loader - INFO -   Conversation '2006-02-24.train-a' loaded in 0.19s
2026-05-07 17:48:25,846 - data_loader - INFO -   Creating samples for 2006-02-24.train-a: all 1331 messages
2026-05-07 17:48:25,862 - data_loader - INFO -   Created 110 samples for 2006-02-24.train-a
2026-05-07 17:48:25,862 - data_loader - INFO -   File 23/153: 2006-02-24.train-a - 1331 messages, 3023 total samples so far
2026-05-07 17:48:25,862 - data_loader - INFO - Loading conversation from data/train/2006-02-28.train-c.ascii.txt
2026-05-07 17:48:25,863 - data_loader - INFO -   Read 1500 lines from ASCII file
2026-05-07 17:48:25,866 - data_loader - INFO -   Parsed 1500 messages, found 137 unique users
2026-05-07 17:48:26,125 - data_loader - INFO -   Loaded 380 gold links from annotation file
2026-05-07 17:48:26,125 - data_loader - INFO -   Conversation '2006-02-28.train-c' loaded in 0.26s
2026-05-07 17:48:26,125 - data_loader - INFO -   Creating samples for 2006-02-28.train-c: all 1500 messages
2026-05-07 17:48:26,313 - data_loader - INFO -   Created 208 samples for 2006-02-28.train-c
2026-05-07 17:48:26,313 - data_loader - INFO -   File 24/153: 2006-02-28.train-c - 1500 messages, 3231 total samples so far
2026-05-07 17:48:26,313 - data_loader - INFO - Loading conversation from data/train/2006-03-05.train-c.ascii.txt
2026-05-07 17:48:26,315 - data_loader - INFO -   Read 1500 lines from ASCII file
2026-05-07 17:48:26,322 - data_loader - INFO -   Parsed 1500 messages, found 130 unique users
2026-05-07 17:48:26,594 - data_loader - INFO -   Loaded 364 gold links from annotation file
2026-05-07 17:48:26,594 - data_loader - INFO -   Conversation '2006-03-05.train-c' loaded in 0.28s
2026-05-07 17:48:26,594 - data_loader - INFO -   Creating samples for 2006-03-05.train-c: all 1500 messages
2026-05-07 17:48:26,614 - data_loader - INFO -   Created 134 samples for 2006-03-05.train-c
2026-05-07 17:48:26,614 - data_loader - INFO -   File 25/153: 2006-03-05.train-c - 1500 messages, 3365 total samples so far
2026-05-07 17:48:26,614 - data_loader - INFO - Loading conversation from data/train/2006-05-02.train-c.ascii.txt
2026-05-07 17:48:26,616 - data_loader - INFO -   Read 1500 lines from ASCII file
2026-05-07 17:48:26,619 - data_loader - INFO -   Parsed 1500 messages, found 124 unique users
2026-05-07 17:48:26,876 - data_loader - INFO -   Loaded 398 gold links from annotation file
2026-05-07 17:48:26,876 - data_loader - INFO -   Conversation '2006-05-02.train-c' loaded in 0.26s
2026-05-07 17:48:26,876 - data_loader - INFO -   Creating samples for 2006-05-02.train-c: all 1500 messages
2026-05-07 17:48:26,899 - data_loader - INFO -   Created 187 samples for 2006-05-02.train-c
2026-05-07 17:48:26,899 - data_loader - INFO -   File 26/153: 2006-05-02.train-c - 1500 messages, 3552 total samples so far
2026-05-07 17:48:26,899 - data_loader - INFO - Loading conversation from data/train/2006-05-15.train-c.ascii.txt
2026-05-07 17:48:26,902 - data_loader - INFO -   Read 1500 lines from ASCII file
2026-05-07 17:48:26,905 - data_loader - INFO -   Parsed 1500 messages, found 101 unique users
2026-05-07 17:48:27,112 - data_loader - INFO -   Loaded 369 gold links from annotation file
2026-05-07 17:48:27,112 - data_loader - INFO -   Conversation '2006-05-15.train-c' loaded in 0.21s
2026-05-07 17:48:27,112 - data_loader - INFO -   Creating samples for 2006-05-15.train-c: all 1500 messages
2026-05-07 17:48:27,137 - data_loader - INFO -   Created 199 samples for 2006-05-15.train-c
2026-05-07 17:48:27,137 - data_loader - INFO -   File 27/153: 2006-05-15.train-c - 1500 messages, 3751 total samples so far
2026-05-07 17:48:27,137 - data_loader - INFO - Loading conversation from data/train/2006-05-27.train-c.ascii.txt
2026-05-07 17:48:27,138 - data_loader - INFO -   Read 1500 lines from ASCII file
2026-05-07 17:48:27,142 - data_loader - INFO -   Parsed 1500 messages, found 117 unique users
2026-05-07 17:48:27,334 - data_loader - INFO -   Loaded 415 gold links from annotation file
2026-05-07 17:48:27,334 - data_loader - INFO -   Conversation '2006-05-27.train-c' loaded in 0.20s
2026-05-07 17:48:27,334 - data_loader - INFO -   Creating samples for 2006-05-27.train-c: all 1500 messages
2026-05-07 17:48:27,358 - data_loader - INFO -   Created 261 samples for 2006-05-27.train-c
2026-05-07 17:48:27,358 - data_loader - INFO -   File 28/153: 2006-05-27.train-c - 1500 messages, 4012 total samples so far
2026-05-07 17:48:27,358 - data_loader - INFO - Loading conversation from data/train/2006-05-29.train-c.ascii.txt
2026-05-07 17:48:27,361 - data_loader - INFO -   Read 1500 lines from ASCII file
2026-05-07 17:48:27,365 - data_loader - INFO -   Parsed 1500 messages, found 115 unique users
2026-05-07 17:48:27,583 - data_loader - INFO -   Loaded 371 gold links from annotation file
2026-05-07 17:48:27,583 - data_loader - INFO -   Conversation '2006-05-29.train-c' loaded in 0.23s
2026-05-07 17:48:27,584 - data_loader - INFO -   Creating samples for 2006-05-29.train-c: all 1500 messages
2026-05-07 17:48:27,608 - data_loader - INFO -   Created 212 samples for 2006-05-29.train-c
2026-05-07 17:48:27,608 - data_loader - INFO -   File 29/153: 2006-05-29.train-c - 1500 messages, 4224 total samples so far
2026-05-07 17:48:27,608 - data_loader - INFO - Loading conversation from data/train/2006-06-01.train-a.ascii.txt
2026-05-07 17:48:27,609 - data_loader - INFO -   Read 2165 lines from ASCII file
2026-05-07 17:48:27,615 - data_loader - INFO -   Parsed 2165 messages, found 223 unique users
2026-05-07 17:48:28,222 - data_loader - INFO -   Loaded 844 gold links from annotation file
2026-05-07 17:48:28,222 - data_loader - INFO -   Conversation '2006-06-01.train-a' loaded in 0.61s
2026-05-07 17:48:28,223 - data_loader - INFO -   Creating samples for 2006-06-01.train-a: all 2165 messages
2026-05-07 17:48:28,267 - data_loader - INFO -   Created 361 samples for 2006-06-01.train-a
2026-05-07 17:48:28,267 - data_loader - INFO -   File 30/153: 2006-06-01.train-a - 2165 messages, 4585 total samples so far
2026-05-07 17:48:28,267 - data_loader - INFO - Loading conversation from data/train/2006-06-05.train-a.ascii.txt
2026-05-07 17:48:28,269 - data_loader - INFO -   Read 1753 lines from ASCII file
2026-05-07 17:48:28,273 - data_loader - INFO -   Parsed 1753 messages, found 135 unique users
2026-05-07 17:48:28,602 - data_loader - INFO -   Loaded 582 gold links from annotation file
2026-05-07 17:48:28,602 - data_loader - INFO -   Conversation '2006-06-05.train-a' loaded in 0.33s
2026-05-07 17:48:28,602 - data_loader - INFO -   Creating samples for 2006-06-05.train-a: all 1753 messages
2026-05-07 17:48:28,633 - data_loader - INFO -   Created 232 samples for 2006-06-05.train-a
2026-05-07 17:48:28,633 - data_loader - INFO -   File 31/153: 2006-06-05.train-a - 1753 messages, 4817 total samples so far
2026-05-07 17:48:28,633 - data_loader - INFO - Loading conversation from data/train/2006-06-08.train-c.ascii.txt
2026-05-07 17:48:28,636 - data_loader - INFO -   Read 1500 lines from ASCII file
2026-05-07 17:48:28,640 - data_loader - INFO -   Parsed 1500 messages, found 110 unique users
2026-05-07 17:48:28,868 - data_loader - INFO -   Loaded 385 gold links from annotation file
2026-05-07 17:48:28,868 - data_loader - INFO -   Conversation '2006-06-08.train-c' loaded in 0.23s
2026-05-07 17:48:28,868 - data_loader - INFO -   Creating samples for 2006-06-08.train-c: all 1500 messages
2026-05-07 17:48:28,886 - data_loader - INFO -   Created 134 samples for 2006-06-08.train-c
2026-05-07 17:48:28,886 - data_loader - INFO -   File 32/153: 2006-06-08.train-c - 1500 messages, 4951 total samples so far
2026-05-07 17:48:28,886 - data_loader - INFO - Loading conversation from data/train/2006-06-21.train-c.ascii.txt
2026-05-07 17:48:28,888 - data_loader - INFO -   Read 1500 lines from ASCII file
2026-05-07 17:48:28,891 - data_loader - INFO -   Parsed 1500 messages, found 145 unique users
2026-05-07 17:48:29,169 - data_loader - INFO -   Loaded 385 gold links from annotation file
2026-05-07 17:48:29,169 - data_loader - INFO -   Conversation '2006-06-21.train-c' loaded in 0.28s
2026-05-07 17:48:29,169 - data_loader - INFO -   Creating samples for 2006-06-21.train-c: all 1500 messages
2026-05-07 17:48:29,196 - data_loader - INFO -   Created 255 samples for 2006-06-21.train-c
2026-05-07 17:48:29,196 - data_loader - INFO -   File 33/153: 2006-06-21.train-c - 1500 messages, 5206 total samples so far
2026-05-07 17:48:29,196 - data_loader - INFO - Loading conversation from data/train/2006-06-28.train-c.ascii.txt
2026-05-07 17:48:29,197 - data_loader - INFO -   Read 1500 lines from ASCII file
2026-05-07 17:48:29,201 - data_loader - INFO -   Parsed 1500 messages, found 127 unique users
2026-05-07 17:48:29,438 - data_loader - INFO -   Loaded 392 gold links from annotation file
2026-05-07 17:48:29,438 - data_loader - INFO -   Conversation '2006-06-28.train-c' loaded in 0.24s
2026-05-07 17:48:29,438 - data_loader - INFO -   Creating samples for 2006-06-28.train-c: all 1500 messages
2026-05-07 17:48:29,462 - data_loader - INFO -   Created 207 samples for 2006-06-28.train-c
2026-05-07 17:48:29,462 - data_loader - INFO -   File 34/153: 2006-06-28.train-c - 1500 messages, 5413 total samples so far
2026-05-07 17:48:29,462 - data_loader - INFO - Loading conversation from data/train/2006-07-01.train-c.ascii.txt
2026-05-07 17:48:29,463 - data_loader - INFO -   Read 1500 lines from ASCII file
2026-05-07 17:48:29,466 - data_loader - INFO -   Parsed 1500 messages, found 107 unique users
2026-05-07 17:48:29,671 - data_loader - INFO -   Loaded 379 gold links from annotation file
2026-05-07 17:48:29,671 - data_loader - INFO -   Conversation '2006-07-01.train-c' loaded in 0.21s
2026-05-07 17:48:29,671 - data_loader - INFO -   Creating samples for 2006-07-01.train-c: all 1500 messages
2026-05-07 17:48:29,692 - data_loader - INFO -   Created 164 samples for 2006-07-01.train-c
2026-05-07 17:48:29,692 - data_loader - INFO -   File 35/153: 2006-07-01.train-c - 1500 messages, 5577 total samples so far
2026-05-07 17:48:29,692 - data_loader - INFO - Loading conversation from data/train/2006-08-06.train-c.ascii.txt
2026-05-07 17:48:29,693 - data_loader - INFO -   Read 1500 lines from ASCII file
2026-05-07 17:48:29,697 - data_loader - INFO -   Parsed 1500 messages, found 116 unique users
2026-05-07 17:48:29,950 - data_loader - INFO -   Loaded 407 gold links from annotation file
2026-05-07 17:48:29,950 - data_loader - INFO -   Conversation '2006-08-06.train-c' loaded in 0.26s
2026-05-07 17:48:29,950 - data_loader - INFO -   Creating samples for 2006-08-06.train-c: all 1500 messages
2026-05-07 17:48:29,974 - data_loader - INFO -   Created 189 samples for 2006-08-06.train-c
2026-05-07 17:48:29,974 - data_loader - INFO -   File 36/153: 2006-08-06.train-c - 1500 messages, 5766 total samples so far
2026-05-07 17:48:29,974 - data_loader - INFO - Loading conversation from data/train/2006-08-11.train-c.ascii.txt
2026-05-07 17:48:29,976 - data_loader - INFO -   Read 1500 lines from ASCII file
2026-05-07 17:48:29,980 - data_loader - INFO -   Parsed 1500 messages, found 88 unique users
2026-05-07 17:48:30,177 - data_loader - INFO -   Loaded 394 gold links from annotation file
2026-05-07 17:48:30,177 - data_loader - INFO -   Conversation '2006-08-11.train-c' loaded in 0.20s
2026-05-07 17:48:30,177 - data_loader - INFO -   Creating samples for 2006-08-11.train-c: all 1500 messages
2026-05-07 17:48:30,196 - data_loader - INFO -   Created 122 samples for 2006-08-11.train-c
2026-05-07 17:48:30,196 - data_loader - INFO -   File 37/153: 2006-08-11.train-c - 1500 messages, 5888 total samples so far
2026-05-07 17:48:30,196 - data_loader - INFO - Loading conversation from data/train/2006-08-13.train-c.ascii.txt
2026-05-07 17:48:30,200 - data_loader - INFO -   Read 1500 lines from ASCII file
2026-05-07 17:48:30,203 - data_loader - INFO -   Parsed 1500 messages, found 84 unique users
2026-05-07 17:48:30,383 - data_loader - INFO -   Loaded 385 gold links from annotation file
2026-05-07 17:48:30,383 - data_loader - INFO -   Conversation '2006-08-13.train-c' loaded in 0.19s
2026-05-07 17:48:30,383 - data_loader - INFO -   Creating samples for 2006-08-13.train-c: all 1500 messages
2026-05-07 17:48:30,405 - data_loader - INFO -   Created 171 samples for 2006-08-13.train-c
2026-05-07 17:48:30,405 - data_loader - INFO -   File 38/153: 2006-08-13.train-c - 1500 messages, 6059 total samples so far
2026-05-07 17:48:30,405 - data_loader - INFO - Loading conversation from data/train/2006-08-15.train-c.ascii.txt
2026-05-07 17:48:30,408 - data_loader - INFO -   Read 1500 lines from ASCII file
2026-05-07 17:48:30,412 - data_loader - INFO -   Parsed 1500 messages, found 106 unique users
2026-05-07 17:48:30,634 - data_loader - INFO -   Loaded 393 gold links from annotation file
2026-05-07 17:48:30,635 - data_loader - INFO -   Conversation '2006-08-15.train-c' loaded in 0.23s
2026-05-07 17:48:30,635 - data_loader - INFO -   Creating samples for 2006-08-15.train-c: all 1500 messages
2026-05-07 17:48:30,654 - data_loader - INFO -   Created 141 samples for 2006-08-15.train-c
2026-05-07 17:48:30,655 - data_loader - INFO -   File 39/153: 2006-08-15.train-c - 1500 messages, 6200 total samples so far
2026-05-07 17:48:30,655 - data_loader - INFO - Loading conversation from data/train/2006-08-23.train-a.ascii.txt
2026-05-07 17:48:30,656 - data_loader - INFO -   Read 1673 lines from ASCII file
2026-05-07 17:48:30,660 - data_loader - INFO -   Parsed 1673 messages, found 148 unique users
2026-05-07 17:48:31,005 - data_loader - INFO -   Loaded 475 gold links from annotation file
2026-05-07 17:48:31,005 - data_loader - INFO -   Conversation '2006-08-23.train-a' loaded in 0.35s
2026-05-07 17:48:31,006 - data_loader - INFO -   Creating samples for 2006-08-23.train-a: all 1673 messages
2026-05-07 17:48:31,030 - data_loader - INFO -   Created 186 samples for 2006-08-23.train-a
2026-05-07 17:48:31,030 - data_loader - INFO -   File 40/153: 2006-08-23.train-a - 1673 messages, 6386 total samples so far
2026-05-07 17:48:31,030 - data_loader - INFO - Loading conversation from data/train/2006-09-13.train-c.ascii.txt
2026-05-07 17:48:31,031 - data_loader - INFO -   Read 1500 lines from ASCII file
2026-05-07 17:48:31,035 - data_loader - INFO -   Parsed 1500 messages, found 98 unique users
2026-05-07 17:48:31,228 - data_loader - INFO -   Loaded 388 gold links from annotation file
2026-05-07 17:48:31,228 - data_loader - INFO -   Conversation '2006-09-13.train-c' loaded in 0.20s
2026-05-07 17:48:31,228 - data_loader - INFO -   Creating samples for 2006-09-13.train-c: all 1500 messages
2026-05-07 17:48:31,249 - data_loader - INFO -   Created 156 samples for 2006-09-13.train-c
2026-05-07 17:48:31,249 - data_loader - INFO -   File 41/153: 2006-09-13.train-c - 1500 messages, 6542 total samples so far
2026-05-07 17:48:31,249 - data_loader - INFO - Loading conversation from data/train/2006-09-24.train-c.ascii.txt
2026-05-07 17:48:31,250 - data_loader - INFO -   Read 1500 lines from ASCII file
2026-05-07 17:48:31,254 - data_loader - INFO -   Parsed 1500 messages, found 114 unique users
2026-05-07 17:48:31,485 - data_loader - INFO -   Loaded 417 gold links from annotation file
2026-05-07 17:48:31,485 - data_loader - INFO -   Conversation '2006-09-24.train-c' loaded in 0.24s
2026-05-07 17:48:31,485 - data_loader - INFO -   Creating samples for 2006-09-24.train-c: all 1500 messages
2026-05-07 17:48:31,507 - data_loader - INFO -   Created 188 samples for 2006-09-24.train-c
2026-05-07 17:48:31,507 - data_loader - INFO -   File 42/153: 2006-09-24.train-c - 1500 messages, 6730 total samples so far
2026-05-07 17:48:31,507 - data_loader - INFO - Loading conversation from data/train/2006-11-01.train-c.ascii.txt
2026-05-07 17:48:31,508 - data_loader - INFO -   Read 1500 lines from ASCII file
2026-05-07 17:48:31,512 - data_loader - INFO -   Parsed 1500 messages, found 126 unique users
2026-05-07 17:48:31,746 - data_loader - INFO -   Loaded 383 gold links from annotation file
2026-05-07 17:48:31,746 - data_loader - INFO -   Conversation '2006-11-01.train-c' loaded in 0.24s
2026-05-07 17:48:31,746 - data_loader - INFO -   Creating samples for 2006-11-01.train-c: all 1500 messages
2026-05-07 17:48:31,771 - data_loader - INFO -   Created 216 samples for 2006-11-01.train-c
2026-05-07 17:48:31,771 - data_loader - INFO -   File 43/153: 2006-11-01.train-c - 1500 messages, 6946 total samples so far
2026-05-07 17:48:31,771 - data_loader - INFO - Loading conversation from data/train/2006-12-06.train-c.ascii.txt
2026-05-07 17:48:31,773 - data_loader - INFO -   Read 1500 lines from ASCII file
2026-05-07 17:48:31,776 - data_loader - INFO -   Parsed 1500 messages, found 110 unique users
2026-05-07 17:48:31,971 - data_loader - INFO -   Loaded 404 gold links from annotation file
2026-05-07 17:48:31,971 - data_loader - INFO -   Conversation '2006-12-06.train-c' loaded in 0.20s
2026-05-07 17:48:31,971 - data_loader - INFO -   Creating samples for 2006-12-06.train-c: all 1500 messages
2026-05-07 17:48:32,209 - data_loader - INFO -   Created 212 samples for 2006-12-06.train-c
2026-05-07 17:48:32,210 - data_loader - INFO -   File 44/153: 2006-12-06.train-c - 1500 messages, 7158 total samples so far
2026-05-07 17:48:32,210 - data_loader - INFO - Loading conversation from data/train/2006-12-10.train-a.ascii.txt
2026-05-07 17:48:32,211 - data_loader - INFO -   Read 1681 lines from ASCII file
2026-05-07 17:48:32,215 - data_loader - INFO -   Parsed 1681 messages, found 147 unique users
2026-05-07 17:48:32,518 - data_loader - INFO -   Loaded 561 gold links from annotation file
2026-05-07 17:48:32,518 - data_loader - INFO -   Conversation '2006-12-10.train-a' loaded in 0.31s
2026-05-07 17:48:32,518 - data_loader - INFO -   Creating samples for 2006-12-10.train-a: all 1681 messages
2026-05-07 17:48:32,547 - data_loader - INFO -   Created 259 samples for 2006-12-10.train-a
2026-05-07 17:48:32,547 - data_loader - INFO -   File 45/153: 2006-12-10.train-a - 1681 messages, 7417 total samples so far
2026-05-07 17:48:32,547 - data_loader - INFO - Loading conversation from data/train/2006-12-20.train-c.ascii.txt
2026-05-07 17:48:32,550 - data_loader - INFO -   Read 1500 lines from ASCII file
2026-05-07 17:48:32,553 - data_loader - INFO -   Parsed 1500 messages, found 115 unique users
2026-05-07 17:48:32,784 - data_loader - INFO -   Loaded 383 gold links from annotation file
2026-05-07 17:48:32,784 - data_loader - INFO -   Conversation '2006-12-20.train-c' loaded in 0.24s
2026-05-07 17:48:32,784 - data_loader - INFO -   Creating samples for 2006-12-20.train-c: all 1500 messages
2026-05-07 17:48:32,806 - data_loader - INFO -   Created 170 samples for 2006-12-20.train-c
2026-05-07 17:48:32,806 - data_loader - INFO -   File 46/153: 2006-12-20.train-c - 1500 messages, 7587 total samples so far
2026-05-07 17:48:32,806 - data_loader - INFO - Loading conversation from data/train/2007-01-12.train-c.ascii.txt
2026-05-07 17:48:32,808 - data_loader - INFO -   Read 1500 lines from ASCII file
2026-05-07 17:48:32,811 - data_loader - INFO -   Parsed 1500 messages, found 113 unique users
2026-05-07 17:48:33,041 - data_loader - INFO -   Loaded 407 gold links from annotation file
2026-05-07 17:48:33,041 - data_loader - INFO -   Conversation '2007-01-12.train-c' loaded in 0.24s
2026-05-07 17:48:33,041 - data_loader - INFO -   Creating samples for 2007-01-12.train-c: all 1500 messages
2026-05-07 17:48:33,067 - data_loader - INFO -   Created 226 samples for 2007-01-12.train-c
2026-05-07 17:48:33,068 - data_loader - INFO -   File 47/153: 2007-01-12.train-c - 1500 messages, 7813 total samples so far
2026-05-07 17:48:33,068 - data_loader - INFO - Loading conversation from data/train/2007-01-19.train-a.ascii.txt
2026-05-07 17:48:33,071 - data_loader - INFO -   Read 1740 lines from ASCII file
2026-05-07 17:48:33,075 - data_loader - INFO -   Parsed 1740 messages, found 102 unique users
2026-05-07 17:48:33,338 - data_loader - INFO -   Loaded 540 gold links from annotation file
2026-05-07 17:48:33,339 - data_loader - INFO -   Conversation '2007-01-19.train-a' loaded in 0.27s
2026-05-07 17:48:33,339 - data_loader - INFO -   Creating samples for 2007-01-19.train-a: all 1740 messages
2026-05-07 17:48:33,361 - data_loader - INFO -   Created 146 samples for 2007-01-19.train-a
2026-05-07 17:48:33,361 - data_loader - INFO -   File 48/153: 2007-01-19.train-a - 1740 messages, 7959 total samples so far
2026-05-07 17:48:33,361 - data_loader - INFO - Loading conversation from data/train/2007-01-21.train-c.ascii.txt
2026-05-07 17:48:33,363 - data_loader - INFO -   Read 1500 lines from ASCII file
2026-05-07 17:48:33,367 - data_loader - INFO -   Parsed 1500 messages, found 127 unique users
2026-05-07 17:48:33,625 - data_loader - INFO -   Loaded 379 gold links from annotation file
2026-05-07 17:48:33,625 - data_loader - INFO -   Conversation '2007-01-21.train-c' loaded in 0.26s
2026-05-07 17:48:33,625 - data_loader - INFO -   Creating samples for 2007-01-21.train-c: all 1500 messages
2026-05-07 17:48:33,651 - data_loader - INFO -   Created 239 samples for 2007-01-21.train-c
2026-05-07 17:48:33,651 - data_loader - INFO -   File 49/153: 2007-01-21.train-c - 1500 messages, 8198 total samples so far
2026-05-07 17:48:33,651 - data_loader - INFO - Loading conversation from data/train/2007-01-29.train-c.ascii.txt
2026-05-07 17:48:33,652 - data_loader - INFO -   Read 1500 lines from ASCII file
2026-05-07 17:48:33,656 - data_loader - INFO -   Parsed 1500 messages, found 115 unique users
2026-05-07 17:48:33,894 - data_loader - INFO -   Loaded 389 gold links from annotation file
2026-05-07 17:48:33,894 - data_loader - INFO -   Conversation '2007-01-29.train-c' loaded in 0.24s
2026-05-07 17:48:33,894 - data_loader - INFO -   Creating samples for 2007-01-29.train-c: all 1500 messages
2026-05-07 17:48:33,917 - data_loader - INFO -   Created 168 samples for 2007-01-29.train-c
2026-05-07 17:48:33,917 - data_loader - INFO -   File 50/153: 2007-01-29.train-c - 1500 messages, 8366 total samples so far
2026-05-07 17:48:33,917 - data_loader - INFO - Loading conversation from data/train/2007-02-06.train-c.ascii.txt
2026-05-07 17:48:33,920 - data_loader - INFO -   Read 1500 lines from ASCII file
2026-05-07 17:48:33,924 - data_loader - INFO -   Parsed 1500 messages, found 131 unique users
2026-05-07 17:48:34,188 - data_loader - INFO -   Loaded 387 gold links from annotation file
2026-05-07 17:48:34,188 - data_loader - INFO -   Conversation '2007-02-06.train-c' loaded in 0.27s
2026-05-07 17:48:34,188 - data_loader - INFO -   Creating samples for 2007-02-06.train-c: all 1500 messages
2026-05-07 17:48:34,213 - data_loader - INFO -   Created 225 samples for 2007-02-06.train-c
2026-05-07 17:48:34,213 - data_loader - INFO -   File 51/153: 2007-02-06.train-c - 1500 messages, 8591 total samples so far
2026-05-07 17:48:34,214 - data_loader - INFO - Loading conversation from data/train/2007-02-07.train-c.ascii.txt
2026-05-07 17:48:34,215 - data_loader - INFO -   Read 1500 lines from ASCII file
2026-05-07 17:48:34,218 - data_loader - INFO -   Parsed 1500 messages, found 112 unique users
2026-05-07 17:48:34,442 - data_loader - INFO -   Loaded 369 gold links from annotation file
2026-05-07 17:48:34,442 - data_loader - INFO -   Conversation '2007-02-07.train-c' loaded in 0.23s
2026-05-07 17:48:34,442 - data_loader - INFO -   Creating samples for 2007-02-07.train-c: all 1500 messages
2026-05-07 17:48:34,462 - data_loader - INFO -   Created 145 samples for 2007-02-07.train-c
2026-05-07 17:48:34,462 - data_loader - INFO -   File 52/153: 2007-02-07.train-c - 1500 messages, 8736 total samples so far
2026-05-07 17:48:34,462 - data_loader - INFO - Loading conversation from data/train/2007-02-15.train-c.ascii.txt
2026-05-07 17:48:34,465 - data_loader - INFO -   Read 1500 lines from ASCII file
2026-05-07 17:48:34,469 - data_loader - INFO -   Parsed 1500 messages, found 121 unique users
2026-05-07 17:48:34,702 - data_loader - INFO -   Loaded 414 gold links from annotation file
2026-05-07 17:48:34,703 - data_loader - INFO -   Conversation '2007-02-15.train-c' loaded in 0.24s
2026-05-07 17:48:34,703 - data_loader - INFO -   Creating samples for 2007-02-15.train-c: all 1500 messages
2026-05-07 17:48:34,728 - data_loader - INFO -   Created 236 samples for 2007-02-15.train-c
2026-05-07 17:48:34,728 - data_loader - INFO -   File 53/153: 2007-02-15.train-c - 1500 messages, 8972 total samples so far
2026-05-07 17:48:34,728 - data_loader - INFO - Loading conversation from data/train/2007-06-01.train-c.ascii.txt
2026-05-07 17:48:34,729 - data_loader - INFO -   Read 1500 lines from ASCII file
2026-05-07 17:48:34,733 - data_loader - INFO -   Parsed 1500 messages, found 93 unique users
2026-05-07 17:48:34,917 - data_loader - INFO -   Loaded 394 gold links from annotation file
2026-05-07 17:48:34,917 - data_loader - INFO -   Conversation '2007-06-01.train-c' loaded in 0.19s
2026-05-07 17:48:34,917 - data_loader - INFO -   Creating samples for 2007-06-01.train-c: all 1500 messages
2026-05-07 17:48:34,939 - data_loader - INFO -   Created 161 samples for 2007-06-01.train-c
2026-05-07 17:48:34,939 - data_loader - INFO -   File 54/153: 2007-06-01.train-c - 1500 messages, 9133 total samples so far
2026-05-07 17:48:34,939 - data_loader - INFO - Loading conversation from data/train/2007-06-04.train-a.ascii.txt
2026-05-07 17:48:34,941 - data_loader - INFO -   Read 1910 lines from ASCII file
2026-05-07 17:48:34,945 - data_loader - INFO -   Parsed 1910 messages, found 152 unique users
2026-05-07 17:48:35,342 - data_loader - INFO -   Loaded 763 gold links from annotation file
2026-05-07 17:48:35,342 - data_loader - INFO -   Conversation '2007-06-04.train-a' loaded in 0.40s
2026-05-07 17:48:35,343 - data_loader - INFO -   Creating samples for 2007-06-04.train-a: all 1910 messages
2026-05-07 17:48:35,380 - data_loader - INFO -   Created 343 samples for 2007-06-04.train-a
2026-05-07 17:48:35,380 - data_loader - INFO -   File 55/153: 2007-06-04.train-a - 1910 messages, 9476 total samples so far
2026-05-07 17:48:35,380 - data_loader - INFO - Loading conversation from data/train/2007-06-17.train-a.ascii.txt
2026-05-07 17:48:35,382 - data_loader - INFO -   Read 1764 lines from ASCII file
2026-05-07 17:48:35,386 - data_loader - INFO -   Parsed 1764 messages, found 146 unique users
2026-05-07 17:48:35,709 - data_loader - INFO -   Loaded 585 gold links from annotation file
2026-05-07 17:48:35,709 - data_loader - INFO -   Conversation '2007-06-17.train-a' loaded in 0.33s
2026-05-07 17:48:35,710 - data_loader - INFO -   Creating samples for 2007-06-17.train-a: all 1764 messages
2026-05-07 17:48:35,739 - data_loader - INFO -   Created 267 samples for 2007-06-17.train-a
2026-05-07 17:48:35,739 - data_loader - INFO -   File 56/153: 2007-06-17.train-a - 1764 messages, 9743 total samples so far
2026-05-07 17:48:35,739 - data_loader - INFO - Loading conversation from data/train/2007-07-03.train-a.ascii.txt
2026-05-07 17:48:35,741 - data_loader - INFO -   Read 1800 lines from ASCII file
2026-05-07 17:48:35,745 - data_loader - INFO -   Parsed 1800 messages, found 138 unique users
2026-05-07 17:48:36,060 - data_loader - INFO -   Loaded 625 gold links from annotation file
2026-05-07 17:48:36,060 - data_loader - INFO -   Conversation '2007-07-03.train-a' loaded in 0.32s
2026-05-07 17:48:36,060 - data_loader - INFO -   Creating samples for 2007-07-03.train-a: all 1800 messages
2026-05-07 17:48:36,093 - data_loader - INFO -   Created 304 samples for 2007-07-03.train-a
2026-05-07 17:48:36,093 - data_loader - INFO -   File 57/153: 2007-07-03.train-a - 1800 messages, 10047 total samples so far
2026-05-07 17:48:36,093 - data_loader - INFO - Loading conversation from data/train/2007-08-19.train-a.ascii.txt
2026-05-07 17:48:36,094 - data_loader - INFO -   Read 1708 lines from ASCII file
2026-05-07 17:48:36,098 - data_loader - INFO -   Parsed 1708 messages, found 134 unique users
2026-05-07 17:48:36,396 - data_loader - INFO -   Loaded 581 gold links from annotation file
2026-05-07 17:48:36,396 - data_loader - INFO -   Conversation '2007-08-19.train-a' loaded in 0.30s
2026-05-07 17:48:36,396 - data_loader - INFO -   Creating samples for 2007-08-19.train-a: all 1708 messages
2026-05-07 17:48:36,427 - data_loader - INFO -   Created 268 samples for 2007-08-19.train-a
2026-05-07 17:48:36,427 - data_loader - INFO -   File 58/153: 2007-08-19.train-a - 1708 messages, 10315 total samples so far
2026-05-07 17:48:36,427 - data_loader - INFO - Loading conversation from data/train/2007-08-22.train-c.ascii.txt
2026-05-07 17:48:36,429 - data_loader - INFO -   Read 1500 lines from ASCII file
2026-05-07 17:48:36,432 - data_loader - INFO -   Parsed 1500 messages, found 96 unique users
2026-05-07 17:48:36,624 - data_loader - INFO -   Loaded 409 gold links from annotation file
2026-05-07 17:48:36,624 - data_loader - INFO -   Conversation '2007-08-22.train-c' loaded in 0.20s
2026-05-07 17:48:36,624 - data_loader - INFO -   Creating samples for 2007-08-22.train-c: all 1500 messages
2026-05-07 17:48:36,644 - data_loader - INFO -   Created 148 samples for 2007-08-22.train-c
2026-05-07 17:48:36,644 - data_loader - INFO -   File 59/153: 2007-08-22.train-c - 1500 messages, 10463 total samples so far
2026-05-07 17:48:36,644 - data_loader - INFO - Loading conversation from data/train/2007-08-24.train-c.ascii.txt
2026-05-07 17:48:36,645 - data_loader - INFO -   Read 1500 lines from ASCII file
2026-05-07 17:48:36,649 - data_loader - INFO -   Parsed 1500 messages, found 103 unique users
2026-05-07 17:48:36,850 - data_loader - INFO -   Loaded 414 gold links from annotation file
2026-05-07 17:48:36,850 - data_loader - INFO -   Conversation '2007-08-24.train-c' loaded in 0.21s
2026-05-07 17:48:36,850 - data_loader - INFO -   Creating samples for 2007-08-24.train-c: all 1500 messages
2026-05-07 17:48:36,871 - data_loader - INFO -   Created 171 samples for 2007-08-24.train-c
2026-05-07 17:48:36,871 - data_loader - INFO -   File 60/153: 2007-08-24.train-c - 1500 messages, 10634 total samples so far
2026-05-07 17:48:36,871 - data_loader - INFO - Loading conversation from data/train/2007-09-07.train-a.ascii.txt
2026-05-07 17:48:36,872 - data_loader - INFO -   Read 1759 lines from ASCII file
2026-05-07 17:48:36,877 - data_loader - INFO -   Parsed 1759 messages, found 149 unique users
2026-05-07 17:48:37,218 - data_loader - INFO -   Loaded 591 gold links from annotation file
2026-05-07 17:48:37,218 - data_loader - INFO -   Conversation '2007-09-07.train-a' loaded in 0.35s
2026-05-07 17:48:37,218 - data_loader - INFO -   Creating samples for 2007-09-07.train-a: all 1759 messages
2026-05-07 17:48:37,250 - data_loader - INFO -   Created 313 samples for 2007-09-07.train-a
2026-05-07 17:48:37,250 - data_loader - INFO -   File 61/153: 2007-09-07.train-a - 1759 messages, 10947 total samples so far
2026-05-07 17:48:37,250 - data_loader - INFO - Loading conversation from data/train/2007-10-24.train-c.ascii.txt
2026-05-07 17:48:37,251 - data_loader - INFO -   Read 1500 lines from ASCII file
2026-05-07 17:48:37,256 - data_loader - INFO -   Parsed 1500 messages, found 206 unique users
2026-05-07 17:48:37,819 - data_loader - INFO -   Loaded 380 gold links from annotation file
2026-05-07 17:48:37,819 - data_loader - INFO -   Conversation '2007-10-24.train-c' loaded in 0.57s
2026-05-07 17:48:37,819 - data_loader - INFO -   Creating samples for 2007-10-24.train-c: all 1500 messages
2026-05-07 17:48:37,841 - data_loader - INFO -   Created 117 samples for 2007-10-24.train-c
2026-05-07 17:48:37,841 - data_loader - INFO -   File 62/153: 2007-10-24.train-c - 1500 messages, 11064 total samples so far
2026-05-07 17:48:37,841 - data_loader - INFO - Loading conversation from data/train/2007-12-17.train-a.ascii.txt
2026-05-07 17:48:37,842 - data_loader - INFO -   Read 1650 lines from ASCII file
2026-05-07 17:48:37,846 - data_loader - INFO -   Parsed 1650 messages, found 170 unique users
2026-05-07 17:48:38,355 - data_loader - INFO -   Loaded 472 gold links from annotation file
2026-05-07 17:48:38,355 - data_loader - INFO -   Conversation '2007-12-17.train-a' loaded in 0.51s
2026-05-07 17:48:38,356 - data_loader - INFO -   Creating samples for 2007-12-17.train-a: all 1650 messages
2026-05-07 17:48:38,373 - data_loader - INFO -   Created 73 samples for 2007-12-17.train-a
2026-05-07 17:48:38,373 - data_loader - INFO -   File 63/153: 2007-12-17.train-a - 1650 messages, 11137 total samples so far
2026-05-07 17:48:38,373 - data_loader - INFO - Loading conversation from data/train/2008-01-02.train-c.ascii.txt
2026-05-07 17:48:38,375 - data_loader - INFO -   Read 1500 lines from ASCII file
2026-05-07 17:48:38,379 - data_loader - INFO -   Parsed 1500 messages, found 159 unique users
2026-05-07 17:48:38,791 - data_loader - INFO -   Loaded 342 gold links from annotation file
2026-05-07 17:48:38,792 - data_loader - INFO -   Conversation '2008-01-02.train-c' loaded in 0.42s
2026-05-07 17:48:38,792 - data_loader - INFO -   Creating samples for 2008-01-02.train-c: all 1500 messages
2026-05-07 17:48:38,813 - data_loader - INFO -   Created 103 samples for 2008-01-02.train-c
2026-05-07 17:48:38,813 - data_loader - INFO -   File 64/153: 2008-01-02.train-c - 1500 messages, 11240 total samples so far
2026-05-07 17:48:38,813 - data_loader - INFO - Loading conversation from data/train/2008-01-03.train-c.ascii.txt
2026-05-07 17:48:38,814 - data_loader - INFO -   Read 1500 lines from ASCII file
2026-05-07 17:48:38,818 - data_loader - INFO -   Parsed 1500 messages, found 180 unique users
2026-05-07 17:48:39,304 - data_loader - INFO -   Loaded 364 gold links from annotation file
2026-05-07 17:48:39,304 - data_loader - INFO -   Conversation '2008-01-03.train-c' loaded in 0.49s
2026-05-07 17:48:39,304 - data_loader - INFO -   Creating samples for 2008-01-03.train-c: all 1500 messages
2026-05-07 17:48:39,325 - data_loader - INFO -   Created 103 samples for 2008-01-03.train-c
2026-05-07 17:48:39,325 - data_loader - INFO -   File 65/153: 2008-01-03.train-c - 1500 messages, 11343 total samples so far
2026-05-07 17:48:39,325 - data_loader - INFO - Loading conversation from data/train/2008-02-07.train-c.ascii.txt
2026-05-07 17:48:39,327 - data_loader - INFO -   Read 1500 lines from ASCII file
2026-05-07 17:48:39,331 - data_loader - INFO -   Parsed 1500 messages, found 193 unique users
2026-05-07 17:48:39,875 - data_loader - INFO -   Loaded 352 gold links from annotation file
2026-05-07 17:48:39,876 - data_loader - INFO -   Conversation '2008-02-07.train-c' loaded in 0.55s
2026-05-07 17:48:39,876 - data_loader - INFO -   Creating samples for 2008-02-07.train-c: all 1500 messages
2026-05-07 17:48:39,901 - data_loader - INFO -   Created 137 samples for 2008-02-07.train-c
2026-05-07 17:48:39,901 - data_loader - INFO -   File 66/153: 2008-02-07.train-c - 1500 messages, 11480 total samples so far
2026-05-07 17:48:39,901 - data_loader - INFO - Loading conversation from data/train/2008-02-14.train-c.ascii.txt
2026-05-07 17:48:39,902 - data_loader - INFO -   Read 1500 lines from ASCII file
2026-05-07 17:48:39,906 - data_loader - INFO -   Parsed 1500 messages, found 197 unique users
2026-05-07 17:48:40,437 - data_loader - INFO -   Loaded 365 gold links from annotation file
2026-05-07 17:48:40,438 - data_loader - INFO -   Conversation '2008-02-14.train-c' loaded in 0.54s
2026-05-07 17:48:40,438 - data_loader - INFO -   Creating samples for 2008-02-14.train-c: all 1500 messages
2026-05-07 17:48:40,462 - data_loader - INFO -   Created 129 samples for 2008-02-14.train-c
2026-05-07 17:48:40,462 - data_loader - INFO -   File 67/153: 2008-02-14.train-c - 1500 messages, 11609 total samples so far
2026-05-07 17:48:40,462 - data_loader - INFO - Loading conversation from data/train/2008-03-01.train-c.ascii.txt
2026-05-07 17:48:40,463 - data_loader - INFO -   Read 1500 lines from ASCII file
2026-05-07 17:48:40,468 - data_loader - INFO -   Parsed 1500 messages, found 127 unique users
2026-05-07 17:48:40,821 - data_loader - INFO -   Loaded 374 gold links from annotation file
2026-05-07 17:48:40,821 - data_loader - INFO -   Conversation '2008-03-01.train-c' loaded in 0.36s
2026-05-07 17:48:40,821 - data_loader - INFO -   Creating samples for 2008-03-01.train-c: all 1500 messages
2026-05-07 17:48:40,839 - data_loader - INFO -   Created 76 samples for 2008-03-01.train-c
2026-05-07 17:48:40,839 - data_loader - INFO -   File 68/153: 2008-03-01.train-c - 1500 messages, 11685 total samples so far
2026-05-07 17:48:40,839 - data_loader - INFO - Loading conversation from data/train/2008-04-20.train-a.ascii.txt
2026-05-07 17:48:40,840 - data_loader - INFO -   Read 1378 lines from ASCII file
2026-05-07 17:48:41,038 - data_loader - INFO -   Parsed 1378 messages, found 132 unique users
2026-05-07 17:48:41,354 - data_loader - INFO -   Loaded 265 gold links from annotation file
2026-05-07 17:48:41,354 - data_loader - INFO -   Conversation '2008-04-20.train-a' loaded in 0.52s
2026-05-07 17:48:41,354 - data_loader - INFO -   Creating samples for 2008-04-20.train-a: all 1378 messages
2026-05-07 17:48:41,367 - data_loader - INFO -   Created 45 samples for 2008-04-20.train-a
2026-05-07 17:48:41,367 - data_loader - INFO -   File 69/153: 2008-04-20.train-a - 1378 messages, 11730 total samples so far
2026-05-07 17:48:41,367 - data_loader - INFO - Loading conversation from data/train/2008-04-27.train-a.ascii.txt
2026-05-07 17:48:41,369 - data_loader - INFO -   Read 1979 lines from ASCII file
2026-05-07 17:48:41,374 - data_loader - INFO -   Parsed 1979 messages, found 179 unique users
2026-05-07 17:48:42,020 - data_loader - INFO -   Loaded 755 gold links from annotation file
2026-05-07 17:48:42,020 - data_loader - INFO -   Conversation '2008-04-27.train-a' loaded in 0.65s
2026-05-07 17:48:42,020 - data_loader - INFO -   Creating samples for 2008-04-27.train-a: all 1979 messages
2026-05-07 17:48:42,046 - data_loader - INFO -   Created 107 samples for 2008-04-27.train-a
2026-05-07 17:48:42,046 - data_loader - INFO -   File 70/153: 2008-04-27.train-a - 1979 messages, 11837 total samples so far
2026-05-07 17:48:42,046 - data_loader - INFO - Loading conversation from data/train/2008-04-30.train-a.ascii.txt
2026-05-07 17:48:42,047 - data_loader - INFO -   Read 1699 lines from ASCII file
2026-05-07 17:48:42,052 - data_loader - INFO -   Parsed 1699 messages, found 172 unique users
2026-05-07 17:48:42,591 - data_loader - INFO -   Loaded 483 gold links from annotation file
2026-05-07 17:48:42,591 - data_loader - INFO -   Conversation '2008-04-30.train-a' loaded in 0.54s
2026-05-07 17:48:42,591 - data_loader - INFO -   Creating samples for 2008-04-30.train-a: all 1699 messages
2026-05-07 17:48:42,609 - data_loader - INFO -   Created 75 samples for 2008-04-30.train-a
2026-05-07 17:48:42,609 - data_loader - INFO -   File 71/153: 2008-04-30.train-a - 1699 messages, 11912 total samples so far
2026-05-07 17:48:42,609 - data_loader - INFO - Loading conversation from data/train/2008-05-24.train-c.ascii.txt
2026-05-07 17:48:42,610 - data_loader - INFO -   Read 1500 lines from ASCII file
2026-05-07 17:48:42,614 - data_loader - INFO -   Parsed 1500 messages, found 147 unique users
2026-05-07 17:48:43,002 - data_loader - INFO -   Loaded 369 gold links from annotation file
2026-05-07 17:48:43,002 - data_loader - INFO -   Conversation '2008-05-24.train-c' loaded in 0.39s
2026-05-07 17:48:43,003 - data_loader - INFO -   Creating samples for 2008-05-24.train-c: all 1500 messages
2026-05-07 17:48:43,022 - data_loader - INFO -   Created 97 samples for 2008-05-24.train-c
2026-05-07 17:48:43,023 - data_loader - INFO -   File 72/153: 2008-05-24.train-c - 1500 messages, 12009 total samples so far
2026-05-07 17:48:43,023 - data_loader - INFO - Loading conversation from data/train/2008-06-03.train-a.ascii.txt
2026-05-07 17:48:43,024 - data_loader - INFO -   Read 1436 lines from ASCII file
2026-05-07 17:48:43,028 - data_loader - INFO -   Parsed 1436 messages, found 140 unique users
2026-05-07 17:48:43,386 - data_loader - INFO -   Loaded 310 gold links from annotation file
2026-05-07 17:48:43,386 - data_loader - INFO -   Conversation '2008-06-03.train-a' loaded in 0.36s
2026-05-07 17:48:43,386 - data_loader - INFO -   Creating samples for 2008-06-03.train-a: all 1436 messages
2026-05-07 17:48:43,399 - data_loader - INFO -   Created 53 samples for 2008-06-03.train-a
2026-05-07 17:48:43,399 - data_loader - INFO -   File 73/153: 2008-06-03.train-a - 1436 messages, 12062 total samples so far
2026-05-07 17:48:43,399 - data_loader - INFO - Loading conversation from data/train/2008-07-03.train-c.ascii.txt
2026-05-07 17:48:43,400 - data_loader - INFO -   Read 1500 lines from ASCII file
2026-05-07 17:48:43,405 - data_loader - INFO -   Parsed 1500 messages, found 154 unique users
2026-05-07 17:48:43,813 - data_loader - INFO -   Loaded 344 gold links from annotation file
2026-05-07 17:48:43,813 - data_loader - INFO -   Conversation '2008-07-03.train-c' loaded in 0.41s
2026-05-07 17:48:43,813 - data_loader - INFO -   Creating samples for 2008-07-03.train-c: all 1500 messages
2026-05-07 17:48:43,834 - data_loader - INFO -   Created 99 samples for 2008-07-03.train-c
2026-05-07 17:48:43,834 - data_loader - INFO -   File 74/153: 2008-07-03.train-c - 1500 messages, 12161 total samples so far
2026-05-07 17:48:43,834 - data_loader - INFO - Loading conversation from data/train/2008-10-02.train-c.ascii.txt
2026-05-07 17:48:43,835 - data_loader - INFO -   Read 1500 lines from ASCII file
2026-05-07 17:48:43,840 - data_loader - INFO -   Parsed 1500 messages, found 156 unique users
2026-05-07 17:48:44,248 - data_loader - INFO -   Loaded 364 gold links from annotation file
2026-05-07 17:48:44,248 - data_loader - INFO -   Conversation '2008-10-02.train-c' loaded in 0.41s
2026-05-07 17:48:44,248 - data_loader - INFO -   Creating samples for 2008-10-02.train-c: all 1500 messages
2026-05-07 17:48:44,265 - data_loader - INFO -   Created 87 samples for 2008-10-02.train-c
2026-05-07 17:48:44,266 - data_loader - INFO -   File 75/153: 2008-10-02.train-c - 1500 messages, 12248 total samples so far
2026-05-07 17:48:44,266 - data_loader - INFO - Loading conversation from data/train/2009-01-05.train-a.ascii.txt
2026-05-07 17:48:44,267 - data_loader - INFO -   Read 1312 lines from ASCII file
2026-05-07 17:48:44,271 - data_loader - INFO -   Parsed 1312 messages, found 126 unique users
2026-05-07 17:48:44,591 - data_loader - INFO -   Loaded 211 gold links from annotation file
2026-05-07 17:48:44,591 - data_loader - INFO -   Conversation '2009-01-05.train-a' loaded in 0.33s
2026-05-07 17:48:44,591 - data_loader - INFO -   Creating samples for 2009-01-05.train-a: all 1312 messages
2026-05-07 17:48:44,603 - data_loader - INFO -   Created 46 samples for 2009-01-05.train-a
2026-05-07 17:48:44,603 - data_loader - INFO -   File 76/153: 2009-01-05.train-a - 1312 messages, 12294 total samples so far
2026-05-07 17:48:44,603 - data_loader - INFO - Loading conversation from data/train/2009-03-25.train-a.ascii.txt
2026-05-07 17:48:44,604 - data_loader - INFO -   Read 1350 lines from ASCII file
2026-05-07 17:48:44,608 - data_loader - INFO -   Parsed 1350 messages, found 163 unique users
2026-05-07 17:48:44,991 - data_loader - INFO -   Loaded 242 gold links from annotation file
2026-05-07 17:48:44,992 - data_loader - INFO -   Conversation '2009-03-25.train-a' loaded in 0.39s
2026-05-07 17:48:44,992 - data_loader - INFO -   Creating samples for 2009-03-25.train-a: all 1350 messages
2026-05-07 17:48:45,002 - data_loader - INFO -   Created 33 samples for 2009-03-25.train-a
2026-05-07 17:48:45,002 - data_loader - INFO -   File 77/153: 2009-03-25.train-a - 1350 messages, 12327 total samples so far
2026-05-07 17:48:45,002 - data_loader - INFO - Loading conversation from data/train/2009-05-04.train-c.ascii.txt
2026-05-07 17:48:45,003 - data_loader - INFO -   Read 1500 lines from ASCII file
2026-05-07 17:48:45,008 - data_loader - INFO -   Parsed 1500 messages, found 157 unique users
2026-05-07 17:48:45,427 - data_loader - INFO -   Loaded 368 gold links from annotation file
2026-05-07 17:48:45,427 - data_loader - INFO -   Conversation '2009-05-04.train-c' loaded in 0.42s
2026-05-07 17:48:45,427 - data_loader - INFO -   Creating samples for 2009-05-04.train-c: all 1500 messages
2026-05-07 17:48:45,450 - data_loader - INFO -   Created 134 samples for 2009-05-04.train-c
2026-05-07 17:48:45,450 - data_loader - INFO -   File 78/153: 2009-05-04.train-c - 1500 messages, 12461 total samples so far
2026-05-07 17:48:45,450 - data_loader - INFO - Loading conversation from data/train/2009-05-08.train-c.ascii.txt
2026-05-07 17:48:45,451 - data_loader - INFO -   Read 1500 lines from ASCII file
2026-05-07 17:48:45,455 - data_loader - INFO -   Parsed 1500 messages, found 154 unique users
2026-05-07 17:48:45,875 - data_loader - INFO -   Loaded 339 gold links from annotation file
2026-05-07 17:48:45,875 - data_loader - INFO -   Conversation '2009-05-08.train-c' loaded in 0.42s
2026-05-07 17:48:45,875 - data_loader - INFO -   Creating samples for 2009-05-08.train-c: all 1500 messages
2026-05-07 17:48:45,892 - data_loader - INFO -   Created 77 samples for 2009-05-08.train-c
2026-05-07 17:48:45,892 - data_loader - INFO -   File 79/153: 2009-05-08.train-c - 1500 messages, 12538 total samples so far
2026-05-07 17:48:45,892 - data_loader - INFO - Loading conversation from data/train/2009-07-02.train-c.ascii.txt
2026-05-07 17:48:45,893 - data_loader - INFO -   Read 1500 lines from ASCII file
2026-05-07 17:48:45,898 - data_loader - INFO -   Parsed 1500 messages, found 156 unique users
2026-05-07 17:48:46,342 - data_loader - INFO -   Loaded 376 gold links from annotation file
2026-05-07 17:48:46,342 - data_loader - INFO -   Conversation '2009-07-02.train-c' loaded in 0.45s
2026-05-07 17:48:46,342 - data_loader - INFO -   Creating samples for 2009-07-02.train-c: all 1500 messages
2026-05-07 17:48:46,360 - data_loader - INFO -   Created 70 samples for 2009-07-02.train-c
2026-05-07 17:48:46,360 - data_loader - INFO -   File 80/153: 2009-07-02.train-c - 1500 messages, 12608 total samples so far
2026-05-07 17:48:46,360 - data_loader - INFO - Loading conversation from data/train/2009-11-13.train-c.ascii.txt
2026-05-07 17:48:46,361 - data_loader - INFO -   Read 1500 lines from ASCII file
2026-05-07 17:48:46,365 - data_loader - INFO -   Parsed 1500 messages, found 182 unique users
2026-05-07 17:48:46,831 - data_loader - INFO -   Loaded 349 gold links from annotation file
2026-05-07 17:48:46,831 - data_loader - INFO -   Conversation '2009-11-13.train-c' loaded in 0.47s
2026-05-07 17:48:46,831 - data_loader - INFO -   Creating samples for 2009-11-13.train-c: all 1500 messages
2026-05-07 17:48:46,852 - data_loader - INFO -   Created 103 samples for 2009-11-13.train-c
2026-05-07 17:48:46,852 - data_loader - INFO -   File 81/153: 2009-11-13.train-c - 1500 messages, 12711 total samples so far
2026-05-07 17:48:46,852 - data_loader - INFO - Loading conversation from data/train/2009-12-05.train-c.ascii.txt
2026-05-07 17:48:46,853 - data_loader - INFO -   Read 1500 lines from ASCII file
2026-05-07 17:48:46,857 - data_loader - INFO -   Parsed 1500 messages, found 169 unique users
2026-05-07 17:48:47,324 - data_loader - INFO -   Loaded 355 gold links from annotation file
2026-05-07 17:48:47,324 - data_loader - INFO -   Conversation '2009-12-05.train-c' loaded in 0.47s
2026-05-07 17:48:47,324 - data_loader - INFO -   Creating samples for 2009-12-05.train-c: all 1500 messages
2026-05-07 17:48:47,341 - data_loader - INFO -   Created 72 samples for 2009-12-05.train-c
2026-05-07 17:48:47,341 - data_loader - INFO -   File 82/153: 2009-12-05.train-c - 1500 messages, 12783 total samples so far
2026-05-07 17:48:47,341 - data_loader - INFO - Loading conversation from data/train/2010-01-04.train-c.ascii.txt
2026-05-07 17:48:47,342 - data_loader - INFO -   Read 1500 lines from ASCII file
2026-05-07 17:48:47,346 - data_loader - INFO -   Parsed 1500 messages, found 191 unique users
2026-05-07 17:48:47,860 - data_loader - INFO -   Loaded 354 gold links from annotation file
2026-05-07 17:48:47,860 - data_loader - INFO -   Conversation '2010-01-04.train-c' loaded in 0.52s
2026-05-07 17:48:47,860 - data_loader - INFO -   Creating samples for 2010-01-04.train-c: all 1500 messages
2026-05-07 17:48:47,881 - data_loader - INFO -   Created 110 samples for 2010-01-04.train-c
2026-05-07 17:48:47,881 - data_loader - INFO -   File 83/153: 2010-01-04.train-c - 1500 messages, 12893 total samples so far
2026-05-07 17:48:47,881 - data_loader - INFO - Loading conversation from data/train/2010-02-13.train-a.ascii.txt
2026-05-07 17:48:47,883 - data_loader - INFO -   Read 1318 lines from ASCII file
2026-05-07 17:48:47,886 - data_loader - INFO -   Parsed 1318 messages, found 141 unique users
2026-05-07 17:48:48,215 - data_loader - INFO -   Loaded 218 gold links from annotation file
2026-05-07 17:48:48,215 - data_loader - INFO -   Conversation '2010-02-13.train-a' loaded in 0.33s
2026-05-07 17:48:48,215 - data_loader - INFO -   Creating samples for 2010-02-13.train-a: all 1318 messages
2026-05-07 17:48:48,226 - data_loader - INFO -   Created 37 samples for 2010-02-13.train-a
2026-05-07 17:48:48,226 - data_loader - INFO -   File 84/153: 2010-02-13.train-a - 1318 messages, 12930 total samples so far
2026-05-07 17:48:48,226 - data_loader - INFO - Loading conversation from data/train/2010-03-08.train-c.ascii.txt
2026-05-07 17:48:48,227 - data_loader - INFO -   Read 1500 lines from ASCII file
2026-05-07 17:48:48,231 - data_loader - INFO -   Parsed 1500 messages, found 237 unique users
2026-05-07 17:48:48,864 - data_loader - INFO -   Loaded 363 gold links from annotation file
2026-05-07 17:48:48,865 - data_loader - INFO -   Conversation '2010-03-08.train-c' loaded in 0.64s
2026-05-07 17:48:48,865 - data_loader - INFO -   Creating samples for 2010-03-08.train-c: all 1500 messages
2026-05-07 17:48:48,887 - data_loader - INFO -   Created 112 samples for 2010-03-08.train-c
2026-05-07 17:48:48,887 - data_loader - INFO -   File 85/153: 2010-03-08.train-c - 1500 messages, 13042 total samples so far
2026-05-07 17:48:48,887 - data_loader - INFO - Loading conversation from data/train/2010-03-20.train-c.ascii.txt
2026-05-07 17:48:48,888 - data_loader - INFO -   Read 1500 lines from ASCII file
2026-05-07 17:48:48,893 - data_loader - INFO -   Parsed 1500 messages, found 177 unique users
2026-05-07 17:48:49,375 - data_loader - INFO -   Loaded 375 gold links from annotation file
2026-05-07 17:48:49,375 - data_loader - INFO -   Conversation '2010-03-20.train-c' loaded in 0.49s
2026-05-07 17:48:49,375 - data_loader - INFO -   Creating samples for 2010-03-20.train-c: all 1500 messages
2026-05-07 17:48:49,395 - data_loader - INFO -   Created 101 samples for 2010-03-20.train-c
2026-05-07 17:48:49,395 - data_loader - INFO -   File 86/153: 2010-03-20.train-c - 1500 messages, 13143 total samples so far
2026-05-07 17:48:49,395 - data_loader - INFO - Loading conversation from data/train/2010-04-12.train-c.ascii.txt
2026-05-07 17:48:49,396 - data_loader - INFO -   Read 1500 lines from ASCII file
2026-05-07 17:48:49,400 - data_loader - INFO -   Parsed 1500 messages, found 162 unique users
2026-05-07 17:48:49,809 - data_loader - INFO -   Loaded 344 gold links from annotation file
2026-05-07 17:48:49,809 - data_loader - INFO -   Conversation '2010-04-12.train-c' loaded in 0.41s
2026-05-07 17:48:49,809 - data_loader - INFO -   Creating samples for 2010-04-12.train-c: all 1500 messages
2026-05-07 17:48:49,827 - data_loader - INFO -   Created 73 samples for 2010-04-12.train-c
2026-05-07 17:48:49,827 - data_loader - INFO -   File 87/153: 2010-04-12.train-c - 1500 messages, 13216 total samples so far
2026-05-07 17:48:49,827 - data_loader - INFO - Loading conversation from data/train/2010-05-30.train-c.ascii.txt
2026-05-07 17:48:49,828 - data_loader - INFO -   Read 1500 lines from ASCII file
2026-05-07 17:48:49,833 - data_loader - INFO -   Parsed 1500 messages, found 196 unique users
2026-05-07 17:48:50,366 - data_loader - INFO -   Loaded 345 gold links from annotation file
2026-05-07 17:48:50,366 - data_loader - INFO -   Conversation '2010-05-30.train-c' loaded in 0.54s
2026-05-07 17:48:50,366 - data_loader - INFO -   Creating samples for 2010-05-30.train-c: all 1500 messages
2026-05-07 17:48:50,387 - data_loader - INFO -   Created 112 samples for 2010-05-30.train-c
2026-05-07 17:48:50,388 - data_loader - INFO -   File 88/153: 2010-05-30.train-c - 1500 messages, 13328 total samples so far
2026-05-07 17:48:50,388 - data_loader - INFO - Loading conversation from data/train/2010-06-21.train-c.ascii.txt
2026-05-07 17:48:50,389 - data_loader - INFO -   Read 1500 lines from ASCII file
2026-05-07 17:48:50,393 - data_loader - INFO -   Parsed 1500 messages, found 120 unique users
2026-05-07 17:48:50,723 - data_loader - INFO -   Loaded 356 gold links from annotation file
2026-05-07 17:48:50,724 - data_loader - INFO -   Conversation '2010-06-21.train-c' loaded in 0.34s
2026-05-07 17:48:50,724 - data_loader - INFO -   Creating samples for 2010-06-21.train-c: all 1500 messages
2026-05-07 17:48:50,738 - data_loader - INFO -   Created 52 samples for 2010-06-21.train-c
2026-05-07 17:48:50,738 - data_loader - INFO -   File 89/153: 2010-06-21.train-c - 1500 messages, 13380 total samples so far
2026-05-07 17:48:50,738 - data_loader - INFO - Loading conversation from data/train/2010-08-05.train-a.ascii.txt
2026-05-07 17:48:50,740 - data_loader - INFO -   Read 1279 lines from ASCII file
2026-05-07 17:48:50,743 - data_loader - INFO -   Parsed 1279 messages, found 152 unique users
2026-05-07 17:48:51,106 - data_loader - INFO -   Loaded 227 gold links from annotation file
2026-05-07 17:48:51,106 - data_loader - INFO -   Conversation '2010-08-05.train-a' loaded in 0.37s
2026-05-07 17:48:51,107 - data_loader - INFO -   Creating samples for 2010-08-05.train-a: all 1279 messages
2026-05-07 17:48:51,118 - data_loader - INFO -   Created 46 samples for 2010-08-05.train-a
2026-05-07 17:48:51,119 - data_loader - INFO -   File 90/153: 2010-08-05.train-a - 1279 messages, 13426 total samples so far
2026-05-07 17:48:51,119 - data_loader - INFO - Loading conversation from data/train/2010-08-15.train-c.ascii.txt
2026-05-07 17:48:51,120 - data_loader - INFO -   Read 1500 lines from ASCII file
2026-05-07 17:48:51,125 - data_loader - INFO -   Parsed 1500 messages, found 139 unique users
2026-05-07 17:48:51,507 - data_loader - INFO -   Loaded 346 gold links from annotation file
2026-05-07 17:48:51,507 - data_loader - INFO -   Conversation '2010-08-15.train-c' loaded in 0.39s
2026-05-07 17:48:51,507 - data_loader - INFO -   Creating samples for 2010-08-15.train-c: all 1500 messages
2026-05-07 17:48:51,524 - data_loader - INFO -   Created 77 samples for 2010-08-15.train-c
2026-05-07 17:48:51,524 - data_loader - INFO -   File 91/153: 2010-08-15.train-c - 1500 messages, 13503 total samples so far
2026-05-07 17:48:51,524 - data_loader - INFO - Loading conversation from data/train/2010-08-29.train-a.ascii.txt
2026-05-07 17:48:51,526 - data_loader - INFO -   Read 1428 lines from ASCII file
2026-05-07 17:48:51,530 - data_loader - INFO -   Parsed 1428 messages, found 171 unique users
2026-05-07 17:48:51,995 - data_loader - INFO -   Loaded 329 gold links from annotation file
2026-05-07 17:48:51,995 - data_loader - INFO -   Conversation '2010-08-29.train-a' loaded in 0.47s
2026-05-07 17:48:51,995 - data_loader - INFO -   Creating samples for 2010-08-29.train-a: all 1428 messages
2026-05-07 17:48:52,010 - data_loader - INFO -   Created 54 samples for 2010-08-29.train-a
2026-05-07 17:48:52,010 - data_loader - INFO -   File 92/153: 2010-08-29.train-a - 1428 messages, 13557 total samples so far
2026-05-07 17:48:52,010 - data_loader - INFO - Loading conversation from data/train/2010-10-17.train-c.ascii.txt
2026-05-07 17:48:52,011 - data_loader - INFO -   Read 1500 lines from ASCII file
2026-05-07 17:48:52,015 - data_loader - INFO -   Parsed 1500 messages, found 119 unique users
2026-05-07 17:48:52,328 - data_loader - INFO -   Loaded 350 gold links from annotation file
2026-05-07 17:48:52,328 - data_loader - INFO -   Conversation '2010-10-17.train-c' loaded in 0.32s
2026-05-07 17:48:52,328 - data_loader - INFO -   Creating samples for 2010-10-17.train-c: all 1500 messages
2026-05-07 17:48:52,347 - data_loader - INFO -   Created 95 samples for 2010-10-17.train-c
2026-05-07 17:48:52,347 - data_loader - INFO -   File 93/153: 2010-10-17.train-c - 1500 messages, 13652 total samples so far
2026-05-07 17:48:52,347 - data_loader - INFO - Loading conversation from data/train/2010-10-27.train-c.ascii.txt
2026-05-07 17:48:52,349 - data_loader - INFO -   Read 1500 lines from ASCII file
2026-05-07 17:48:52,353 - data_loader - INFO -   Parsed 1500 messages, found 171 unique users
2026-05-07 17:48:52,829 - data_loader - INFO -   Loaded 359 gold links from annotation file
2026-05-07 17:48:52,829 - data_loader - INFO -   Conversation '2010-10-27.train-c' loaded in 0.48s
2026-05-07 17:48:52,830 - data_loader - INFO -   Creating samples for 2010-10-27.train-c: all 1500 messages
2026-05-07 17:48:52,847 - data_loader - INFO -   Created 75 samples for 2010-10-27.train-c
2026-05-07 17:48:52,847 - data_loader - INFO -   File 94/153: 2010-10-27.train-c - 1500 messages, 13727 total samples so far
2026-05-07 17:48:52,847 - data_loader - INFO - Loading conversation from data/train/2011-02-13.train-c.ascii.txt
2026-05-07 17:48:52,848 - data_loader - INFO -   Read 1500 lines from ASCII file
2026-05-07 17:48:52,853 - data_loader - INFO -   Parsed 1500 messages, found 124 unique users
2026-05-07 17:48:53,172 - data_loader - INFO -   Loaded 340 gold links from annotation file
2026-05-07 17:48:53,172 - data_loader - INFO -   Conversation '2011-02-13.train-c' loaded in 0.32s
2026-05-07 17:48:53,172 - data_loader - INFO -   Creating samples for 2011-02-13.train-c: all 1500 messages
2026-05-07 17:48:53,189 - data_loader - INFO -   Created 80 samples for 2011-02-13.train-c
2026-05-07 17:48:53,189 - data_loader - INFO -   File 95/153: 2011-02-13.train-c - 1500 messages, 13807 total samples so far
2026-05-07 17:48:53,189 - data_loader - INFO - Loading conversation from data/train/2011-02-23.train-c.ascii.txt
2026-05-07 17:48:53,192 - data_loader - INFO -   Read 1500 lines from ASCII file
2026-05-07 17:48:53,196 - data_loader - INFO -   Parsed 1500 messages, found 199 unique users
2026-05-07 17:48:53,739 - data_loader - INFO -   Loaded 365 gold links from annotation file
2026-05-07 17:48:53,739 - data_loader - INFO -   Conversation '2011-02-23.train-c' loaded in 0.55s
2026-05-07 17:48:53,739 - data_loader - INFO -   Creating samples for 2011-02-23.train-c: all 1500 messages
2026-05-07 17:48:53,760 - data_loader - INFO -   Created 110 samples for 2011-02-23.train-c
2026-05-07 17:48:53,761 - data_loader - INFO -   File 96/153: 2011-02-23.train-c - 1500 messages, 13917 total samples so far
2026-05-07 17:48:53,761 - data_loader - INFO - Loading conversation from data/train/2011-03-18.train-c.ascii.txt
2026-05-07 17:48:53,762 - data_loader - INFO -   Read 1500 lines from ASCII file
2026-05-07 17:48:53,766 - data_loader - INFO -   Parsed 1500 messages, found 161 unique users
2026-05-07 17:48:54,203 - data_loader - INFO -   Loaded 369 gold links from annotation file
2026-05-07 17:48:54,203 - data_loader - INFO -   Conversation '2011-03-18.train-c' loaded in 0.44s
2026-05-07 17:48:54,203 - data_loader - INFO -   Creating samples for 2011-03-18.train-c: all 1500 messages
2026-05-07 17:48:54,222 - data_loader - INFO -   Created 90 samples for 2011-03-18.train-c
2026-05-07 17:48:54,222 - data_loader - INFO -   File 97/153: 2011-03-18.train-c - 1500 messages, 14007 total samples so far
2026-05-07 17:48:54,222 - data_loader - INFO - Loading conversation from data/train/2011-04-14.train-c.ascii.txt
2026-05-07 17:48:54,224 - data_loader - INFO -   Read 1500 lines from ASCII file
2026-05-07 17:48:54,228 - data_loader - INFO -   Parsed 1500 messages, found 129 unique users
2026-05-07 17:48:54,569 - data_loader - INFO -   Loaded 363 gold links from annotation file
2026-05-07 17:48:54,570 - data_loader - INFO -   Conversation '2011-04-14.train-c' loaded in 0.35s
2026-05-07 17:48:54,570 - data_loader - INFO -   Creating samples for 2011-04-14.train-c: all 1500 messages
2026-05-07 17:48:54,587 - data_loader - INFO -   Created 72 samples for 2011-04-14.train-c
2026-05-07 17:48:54,587 - data_loader - INFO -   File 98/153: 2011-04-14.train-c - 1500 messages, 14079 total samples so far
2026-05-07 17:48:54,587 - data_loader - INFO - Loading conversation from data/train/2011-04-17.train-c.ascii.txt
2026-05-07 17:48:54,588 - data_loader - INFO -   Read 1500 lines from ASCII file
2026-05-07 17:48:54,592 - data_loader - INFO -   Parsed 1500 messages, found 141 unique users
2026-05-07 17:48:54,976 - data_loader - INFO -   Loaded 361 gold links from annotation file
2026-05-07 17:48:54,977 - data_loader - INFO -   Conversation '2011-04-17.train-c' loaded in 0.39s
2026-05-07 17:48:54,977 - data_loader - INFO -   Creating samples for 2011-04-17.train-c: all 1500 messages
2026-05-07 17:48:54,994 - data_loader - INFO -   Created 75 samples for 2011-04-17.train-c
2026-05-07 17:48:54,994 - data_loader - INFO -   File 99/153: 2011-04-17.train-c - 1500 messages, 14154 total samples so far
2026-05-07 17:48:54,994 - data_loader - INFO - Loading conversation from data/train/2011-04-28.train-a.ascii.txt
2026-05-07 17:48:54,997 - data_loader - INFO -   Read 1411 lines from ASCII file
2026-05-07 17:48:55,001 - data_loader - INFO -   Parsed 1411 messages, found 168 unique users
2026-05-07 17:48:55,397 - data_loader - INFO -   Loaded 270 gold links from annotation file
2026-05-07 17:48:55,397 - data_loader - INFO -   Conversation '2011-04-28.train-a' loaded in 0.40s
2026-05-07 17:48:55,397 - data_loader - INFO -   Creating samples for 2011-04-28.train-a: all 1411 messages
2026-05-07 17:48:55,413 - data_loader - INFO -   Created 78 samples for 2011-04-28.train-a
2026-05-07 17:48:55,413 - data_loader - INFO -   File 100/153: 2011-04-28.train-a - 1411 messages, 14232 total samples so far
2026-05-07 17:48:55,413 - data_loader - INFO - Loading conversation from data/train/2011-08-17.train-a.ascii.txt
2026-05-07 17:48:55,416 - data_loader - INFO -   Read 1137 lines from ASCII file
2026-05-07 17:48:55,419 - data_loader - INFO -   Parsed 1137 messages, found 119 unique users
2026-05-07 17:48:55,662 - data_loader - INFO -   Loaded 90 gold links from annotation file
2026-05-07 17:48:55,662 - data_loader - INFO -   Conversation '2011-08-17.train-a' loaded in 0.25s
2026-05-07 17:48:55,662 - data_loader - INFO -   Creating samples for 2011-08-17.train-a: all 1137 messages
2026-05-07 17:48:55,672 - data_loader - INFO -   Created 30 samples for 2011-08-17.train-a
2026-05-07 17:48:55,672 - data_loader - INFO -   File 101/153: 2011-08-17.train-a - 1137 messages, 14262 total samples so far
2026-05-07 17:48:55,672 - data_loader - INFO - Loading conversation from data/train/2011-08-22.train-c.ascii.txt
2026-05-07 17:48:55,673 - data_loader - INFO -   Read 1500 lines from ASCII file
2026-05-07 17:48:55,980 - data_loader - INFO -   Parsed 1500 messages, found 158 unique users
2026-05-07 17:48:56,411 - data_loader - INFO -   Loaded 349 gold links from annotation file
2026-05-07 17:48:56,412 - data_loader - INFO -   Conversation '2011-08-22.train-c' loaded in 0.74s
2026-05-07 17:48:56,412 - data_loader - INFO -   Creating samples for 2011-08-22.train-c: all 1500 messages
2026-05-07 17:48:56,433 - data_loader - INFO -   Created 110 samples for 2011-08-22.train-c
2026-05-07 17:48:56,434 - data_loader - INFO -   File 102/153: 2011-08-22.train-c - 1500 messages, 14372 total samples so far
2026-05-07 17:48:56,434 - data_loader - INFO - Loading conversation from data/train/2011-11-24.train-c.ascii.txt
2026-05-07 17:48:56,435 - data_loader - INFO -   Read 1500 lines from ASCII file
2026-05-07 17:48:56,439 - data_loader - INFO -   Parsed 1500 messages, found 161 unique users
2026-05-07 17:48:56,853 - data_loader - INFO -   Loaded 361 gold links from annotation file
2026-05-07 17:48:56,854 - data_loader - INFO -   Conversation '2011-11-24.train-c' loaded in 0.42s
2026-05-07 17:48:56,854 - data_loader - INFO -   Creating samples for 2011-11-24.train-c: all 1500 messages
2026-05-07 17:48:56,872 - data_loader - INFO -   Created 84 samples for 2011-11-24.train-c
2026-05-07 17:48:56,872 - data_loader - INFO -   File 103/153: 2011-11-24.train-c - 1500 messages, 14456 total samples so far
2026-05-07 17:48:56,872 - data_loader - INFO - Loading conversation from data/train/2011-12-07.train-c.ascii.txt
2026-05-07 17:48:56,874 - data_loader - INFO -   Read 1500 lines from ASCII file
2026-05-07 17:48:56,877 - data_loader - INFO -   Parsed 1500 messages, found 142 unique users
2026-05-07 17:48:57,225 - data_loader - INFO -   Loaded 369 gold links from annotation file
2026-05-07 17:48:57,226 - data_loader - INFO -   Conversation '2011-12-07.train-c' loaded in 0.35s
2026-05-07 17:48:57,226 - data_loader - INFO -   Creating samples for 2011-12-07.train-c: all 1500 messages
2026-05-07 17:48:57,247 - data_loader - INFO -   Created 119 samples for 2011-12-07.train-c
2026-05-07 17:48:57,247 - data_loader - INFO -   File 104/153: 2011-12-07.train-c - 1500 messages, 14575 total samples so far
2026-05-07 17:48:57,247 - data_loader - INFO - Loading conversation from data/train/2012-02-03.train-a.ascii.txt
2026-05-07 17:48:57,249 - data_loader - INFO -   Read 1242 lines from ASCII file
2026-05-07 17:48:57,252 - data_loader - INFO -   Parsed 1242 messages, found 153 unique users
2026-05-07 17:48:57,585 - data_loader - INFO -   Loaded 167 gold links from annotation file
2026-05-07 17:48:57,585 - data_loader - INFO -   Conversation '2012-02-03.train-a' loaded in 0.34s
2026-05-07 17:48:57,585 - data_loader - INFO -   Creating samples for 2012-02-03.train-a: all 1242 messages
2026-05-07 17:48:57,596 - data_loader - INFO -   Created 49 samples for 2012-02-03.train-a
2026-05-07 17:48:57,597 - data_loader - INFO -   File 105/153: 2012-02-03.train-a - 1242 messages, 14624 total samples so far
2026-05-07 17:48:57,597 - data_loader - INFO - Loading conversation from data/train/2012-03-24.train-c.ascii.txt
2026-05-07 17:48:57,598 - data_loader - INFO -   Read 1500 lines from ASCII file
2026-05-07 17:48:57,602 - data_loader - INFO -   Parsed 1500 messages, found 163 unique users
2026-05-07 17:48:58,062 - data_loader - INFO -   Loaded 342 gold links from annotation file
2026-05-07 17:48:58,062 - data_loader - INFO -   Conversation '2012-03-24.train-c' loaded in 0.47s
2026-05-07 17:48:58,062 - data_loader - INFO -   Creating samples for 2012-03-24.train-c: all 1500 messages
2026-05-07 17:48:58,081 - data_loader - INFO -   Created 80 samples for 2012-03-24.train-c
2026-05-07 17:48:58,081 - data_loader - INFO -   File 106/153: 2012-03-24.train-c - 1500 messages, 14704 total samples so far
2026-05-07 17:48:58,081 - data_loader - INFO - Loading conversation from data/train/2012-05-04.train-a.ascii.txt
2026-05-07 17:48:58,082 - data_loader - INFO -   Read 1211 lines from ASCII file
2026-05-07 17:48:58,085 - data_loader - INFO -   Parsed 1211 messages, found 136 unique users
2026-05-07 17:48:58,402 - data_loader - INFO -   Loaded 154 gold links from annotation file
2026-05-07 17:48:58,402 - data_loader - INFO -   Conversation '2012-05-04.train-a' loaded in 0.32s
2026-05-07 17:48:58,402 - data_loader - INFO -   Creating samples for 2012-05-04.train-a: all 1211 messages
2026-05-07 17:48:58,411 - data_loader - INFO -   Created 21 samples for 2012-05-04.train-a
2026-05-07 17:48:58,411 - data_loader - INFO -   File 107/153: 2012-05-04.train-a - 1211 messages, 14725 total samples so far
2026-05-07 17:48:58,411 - data_loader - INFO - Loading conversation from data/train/2012-05-20.train-a.ascii.txt
2026-05-07 17:48:58,412 - data_loader - INFO -   Read 1365 lines from ASCII file
2026-05-07 17:48:58,416 - data_loader - INFO -   Parsed 1365 messages, found 131 unique users
2026-05-07 17:48:58,756 - data_loader - INFO -   Loaded 288 gold links from annotation file
2026-05-07 17:48:58,756 - data_loader - INFO -   Conversation '2012-05-20.train-a' loaded in 0.34s
2026-05-07 17:48:58,756 - data_loader - INFO -   Creating samples for 2012-05-20.train-a: all 1365 messages
2026-05-07 17:48:58,769 - data_loader - INFO -   Created 47 samples for 2012-05-20.train-a
2026-05-07 17:48:58,770 - data_loader - INFO -   File 108/153: 2012-05-20.train-a - 1365 messages, 14772 total samples so far
2026-05-07 17:48:58,770 - data_loader - INFO - Loading conversation from data/train/2012-06-02.train-a.ascii.txt
2026-05-07 17:48:58,771 - data_loader - INFO -   Read 1141 lines from ASCII file
2026-05-07 17:48:58,774 - data_loader - INFO -   Parsed 1141 messages, found 169 unique users
2026-05-07 17:48:59,114 - data_loader - INFO -   Loaded 115 gold links from annotation file
2026-05-07 17:48:59,114 - data_loader - INFO -   Conversation '2012-06-02.train-a' loaded in 0.34s
2026-05-07 17:48:59,114 - data_loader - INFO -   Creating samples for 2012-06-02.train-a: all 1141 messages
2026-05-07 17:48:59,122 - data_loader - INFO -   Created 29 samples for 2012-06-02.train-a
2026-05-07 17:48:59,123 - data_loader - INFO -   File 109/153: 2012-06-02.train-a - 1141 messages, 14801 total samples so far
2026-05-07 17:48:59,123 - data_loader - INFO - Loading conversation from data/train/2012-06-20.train-c.ascii.txt
2026-05-07 17:48:59,124 - data_loader - INFO -   Read 1500 lines from ASCII file
2026-05-07 17:48:59,128 - data_loader - INFO -   Parsed 1500 messages, found 147 unique users
2026-05-07 17:48:59,557 - data_loader - INFO -   Loaded 372 gold links from annotation file
2026-05-07 17:48:59,557 - data_loader - INFO -   Conversation '2012-06-20.train-c' loaded in 0.43s
2026-05-07 17:48:59,557 - data_loader - INFO -   Creating samples for 2012-06-20.train-c: all 1500 messages
2026-05-07 17:48:59,574 - data_loader - INFO -   Created 73 samples for 2012-06-20.train-c
2026-05-07 17:48:59,575 - data_loader - INFO -   File 110/153: 2012-06-20.train-c - 1500 messages, 14874 total samples so far
2026-05-07 17:48:59,575 - data_loader - INFO - Loading conversation from data/train/2012-11-24.train-a.ascii.txt
2026-05-07 17:48:59,576 - data_loader - INFO -   Read 1216 lines from ASCII file
2026-05-07 17:48:59,579 - data_loader - INFO -   Parsed 1216 messages, found 125 unique users
2026-05-07 17:48:59,839 - data_loader - INFO -   Loaded 154 gold links from annotation file
2026-05-07 17:48:59,839 - data_loader - INFO -   Conversation '2012-11-24.train-a' loaded in 0.26s
2026-05-07 17:48:59,839 - data_loader - INFO -   Creating samples for 2012-11-24.train-a: all 1216 messages
2026-05-07 17:48:59,847 - data_loader - INFO -   Created 19 samples for 2012-11-24.train-a
2026-05-07 17:48:59,848 - data_loader - INFO -   File 111/153: 2012-11-24.train-a - 1216 messages, 14893 total samples so far
2026-05-07 17:48:59,848 - data_loader - INFO - Loading conversation from data/train/2012-11-30.train-a.ascii.txt
2026-05-07 17:48:59,849 - data_loader - INFO -   Read 1284 lines from ASCII file
2026-05-07 17:48:59,852 - data_loader - INFO -   Parsed 1284 messages, found 133 unique users
2026-05-07 17:49:00,136 - data_loader - INFO -   Loaded 207 gold links from annotation file
2026-05-07 17:49:00,136 - data_loader - INFO -   Conversation '2012-11-30.train-a' loaded in 0.29s
2026-05-07 17:49:00,136 - data_loader - INFO -   Creating samples for 2012-11-30.train-a: all 1284 messages
2026-05-07 17:49:00,146 - data_loader - INFO -   Created 29 samples for 2012-11-30.train-a
2026-05-07 17:49:00,146 - data_loader - INFO -   File 112/153: 2012-11-30.train-a - 1284 messages, 14922 total samples so far
2026-05-07 17:49:00,146 - data_loader - INFO - Loading conversation from data/train/2012-12-15.train-a.ascii.txt
2026-05-07 17:49:00,147 - data_loader - INFO -   Read 1175 lines from ASCII file
2026-05-07 17:49:00,150 - data_loader - INFO -   Parsed 1175 messages, found 137 unique users
2026-05-07 17:49:00,473 - data_loader - INFO -   Loaded 127 gold links from annotation file
2026-05-07 17:49:00,473 - data_loader - INFO -   Conversation '2012-12-15.train-a' loaded in 0.33s
2026-05-07 17:49:00,473 - data_loader - INFO -   Creating samples for 2012-12-15.train-a: all 1175 messages
2026-05-07 17:49:00,482 - data_loader - INFO -   Created 28 samples for 2012-12-15.train-a
2026-05-07 17:49:00,482 - data_loader - INFO -   File 113/153: 2012-12-15.train-a - 1175 messages, 14950 total samples so far
2026-05-07 17:49:00,482 - data_loader - INFO - Loading conversation from data/train/2013-01-11.train-a.ascii.txt
2026-05-07 17:49:00,485 - data_loader - INFO -   Read 1079 lines from ASCII file
2026-05-07 17:49:00,488 - data_loader - INFO -   Parsed 1079 messages, found 109 unique users
2026-05-07 17:49:00,694 - data_loader - INFO -   Loaded 54 gold links from annotation file
2026-05-07 17:49:00,694 - data_loader - INFO -   Conversation '2013-01-11.train-a' loaded in 0.21s
2026-05-07 17:49:00,694 - data_loader - INFO -   Creating samples for 2013-01-11.train-a: all 1079 messages
2026-05-07 17:49:00,701 - data_loader - INFO -   Created 25 samples for 2013-01-11.train-a
2026-05-07 17:49:00,701 - data_loader - INFO -   File 114/153: 2013-01-11.train-a - 1079 messages, 14975 total samples so far
2026-05-07 17:49:00,701 - data_loader - INFO - Loading conversation from data/train/2013-01-30.train-a.ascii.txt
2026-05-07 17:49:00,702 - data_loader - INFO -   Read 1292 lines from ASCII file
2026-05-07 17:49:00,706 - data_loader - INFO -   Parsed 1292 messages, found 137 unique users
2026-05-07 17:49:01,004 - data_loader - INFO -   Loaded 255 gold links from annotation file
2026-05-07 17:49:01,004 - data_loader - INFO -   Conversation '2013-01-30.train-a' loaded in 0.30s
2026-05-07 17:49:01,004 - data_loader - INFO -   Creating samples for 2013-01-30.train-a: all 1292 messages
2026-05-07 17:49:01,014 - data_loader - INFO -   Created 29 samples for 2013-01-30.train-a
2026-05-07 17:49:01,014 - data_loader - INFO -   File 115/153: 2013-01-30.train-a - 1292 messages, 15004 total samples so far
2026-05-07 17:49:01,015 - data_loader - INFO - Loading conversation from data/train/2013-02-24.train-a.ascii.txt
2026-05-07 17:49:01,016 - data_loader - INFO -   Read 1281 lines from ASCII file
2026-05-07 17:49:01,019 - data_loader - INFO -   Parsed 1281 messages, found 103 unique users
2026-05-07 17:49:01,265 - data_loader - INFO -   Loaded 227 gold links from annotation file
2026-05-07 17:49:01,265 - data_loader - INFO -   Conversation '2013-02-24.train-a' loaded in 0.25s
2026-05-07 17:49:01,265 - data_loader - INFO -   Creating samples for 2013-02-24.train-a: all 1281 messages
2026-05-07 17:49:01,275 - data_loader - INFO -   Created 25 samples for 2013-02-24.train-a
2026-05-07 17:49:01,275 - data_loader - INFO -   File 116/153: 2013-02-24.train-a - 1281 messages, 15029 total samples so far
2026-05-07 17:49:01,275 - data_loader - INFO - Loading conversation from data/train/2013-05-05.train-a.ascii.txt
2026-05-07 17:49:01,276 - data_loader - INFO -   Read 1163 lines from ASCII file
2026-05-07 17:49:01,280 - data_loader - INFO -   Parsed 1163 messages, found 131 unique users
2026-05-07 17:49:01,554 - data_loader - INFO -   Loaded 130 gold links from annotation file
2026-05-07 17:49:01,555 - data_loader - INFO -   Conversation '2013-05-05.train-a' loaded in 0.28s
2026-05-07 17:49:01,555 - data_loader - INFO -   Creating samples for 2013-05-05.train-a: all 1163 messages
2026-05-07 17:49:01,564 - data_loader - INFO -   Created 33 samples for 2013-05-05.train-a
2026-05-07 17:49:01,564 - data_loader - INFO -   File 117/153: 2013-05-05.train-a - 1163 messages, 15062 total samples so far
2026-05-07 17:49:01,564 - data_loader - INFO - Loading conversation from data/train/2013-05-07.train-a.ascii.txt
2026-05-07 17:49:01,566 - data_loader - INFO -   Read 1147 lines from ASCII file
2026-05-07 17:49:01,569 - data_loader - INFO -   Parsed 1147 messages, found 116 unique users
2026-05-07 17:49:01,807 - data_loader - INFO -   Loaded 127 gold links from annotation file
2026-05-07 17:49:01,807 - data_loader - INFO -   Conversation '2013-05-07.train-a' loaded in 0.24s
2026-05-07 17:49:01,807 - data_loader - INFO -   Creating samples for 2013-05-07.train-a: all 1147 messages
2026-05-07 17:49:01,815 - data_loader - INFO -   Created 18 samples for 2013-05-07.train-a
2026-05-07 17:49:01,815 - data_loader - INFO -   File 118/153: 2013-05-07.train-a - 1147 messages, 15080 total samples so far
2026-05-07 17:49:01,815 - data_loader - INFO - Loading conversation from data/train/2013-05-19.train-a.ascii.txt
2026-05-07 17:49:01,816 - data_loader - INFO -   Read 1181 lines from ASCII file
2026-05-07 17:49:01,819 - data_loader - INFO -   Parsed 1181 messages, found 131 unique users
2026-05-07 17:49:02,102 - data_loader - INFO -   Loaded 127 gold links from annotation file
2026-05-07 17:49:02,102 - data_loader - INFO -   Conversation '2013-05-19.train-a' loaded in 0.29s
2026-05-07 17:49:02,102 - data_loader - INFO -   Creating samples for 2013-05-19.train-a: all 1181 messages
2026-05-07 17:49:02,112 - data_loader - INFO -   Created 28 samples for 2013-05-19.train-a
2026-05-07 17:49:02,112 - data_loader - INFO -   File 119/153: 2013-05-19.train-a - 1181 messages, 15108 total samples so far
2026-05-07 17:49:02,112 - data_loader - INFO - Loading conversation from data/train/2013-05-28.train-c.ascii.txt
2026-05-07 17:49:02,113 - data_loader - INFO -   Read 1500 lines from ASCII file
2026-05-07 17:49:02,117 - data_loader - INFO -   Parsed 1500 messages, found 145 unique users
2026-05-07 17:49:02,500 - data_loader - INFO -   Loaded 353 gold links from annotation file
2026-05-07 17:49:02,500 - data_loader - INFO -   Conversation '2013-05-28.train-c' loaded in 0.39s
2026-05-07 17:49:02,500 - data_loader - INFO -   Creating samples for 2013-05-28.train-c: all 1500 messages
2026-05-07 17:49:02,519 - data_loader - INFO -   Created 98 samples for 2013-05-28.train-c
2026-05-07 17:49:02,519 - data_loader - INFO -   File 120/153: 2013-05-28.train-c - 1500 messages, 15206 total samples so far
2026-05-07 17:49:02,519 - data_loader - INFO - Loading conversation from data/train/2013-07-10.train-a.ascii.txt
2026-05-07 17:49:02,523 - data_loader - INFO -   Read 1140 lines from ASCII file
2026-05-07 17:49:02,526 - data_loader - INFO -   Parsed 1140 messages, found 104 unique users
2026-05-07 17:49:02,746 - data_loader - INFO -   Loaded 107 gold links from annotation file
2026-05-07 17:49:02,746 - data_loader - INFO -   Conversation '2013-07-10.train-a' loaded in 0.23s
2026-05-07 17:49:02,746 - data_loader - INFO -   Creating samples for 2013-07-10.train-a: all 1140 messages
2026-05-07 17:49:02,753 - data_loader - INFO -   Created 17 samples for 2013-07-10.train-a
2026-05-07 17:49:02,753 - data_loader - INFO -   File 121/153: 2013-07-10.train-a - 1140 messages, 15223 total samples so far
2026-05-07 17:49:02,754 - data_loader - INFO - Loading conversation from data/train/2013-07-19.train-a.ascii.txt
2026-05-07 17:49:02,755 - data_loader - INFO -   Read 1192 lines from ASCII file
2026-05-07 17:49:02,758 - data_loader - INFO -   Parsed 1192 messages, found 92 unique users
2026-05-07 17:49:02,949 - data_loader - INFO -   Loaded 130 gold links from annotation file
2026-05-07 17:49:02,949 - data_loader - INFO -   Conversation '2013-07-19.train-a' loaded in 0.20s
2026-05-07 17:49:02,949 - data_loader - INFO -   Creating samples for 2013-07-19.train-a: all 1192 messages
2026-05-07 17:49:02,956 - data_loader - INFO -   Created 13 samples for 2013-07-19.train-a
2026-05-07 17:49:02,956 - data_loader - INFO -   File 122/153: 2013-07-19.train-a - 1192 messages, 15236 total samples so far
2026-05-07 17:49:02,956 - data_loader - INFO - Loading conversation from data/train/2013-08-29.train-c.ascii.txt
2026-05-07 17:49:02,957 - data_loader - INFO -   Read 1500 lines from ASCII file
2026-05-07 17:49:02,961 - data_loader - INFO -   Parsed 1500 messages, found 128 unique users
2026-05-07 17:49:03,298 - data_loader - INFO -   Loaded 358 gold links from annotation file
2026-05-07 17:49:03,298 - data_loader - INFO -   Conversation '2013-08-29.train-c' loaded in 0.34s
2026-05-07 17:49:03,298 - data_loader - INFO -   Creating samples for 2013-08-29.train-c: all 1500 messages
2026-05-07 17:49:03,315 - data_loader - INFO -   Created 67 samples for 2013-08-29.train-c
2026-05-07 17:49:03,315 - data_loader - INFO -   File 123/153: 2013-08-29.train-c - 1500 messages, 15303 total samples so far
2026-05-07 17:49:03,315 - data_loader - INFO - Loading conversation from data/train/2013-08-30.train-a.ascii.txt
2026-05-07 17:49:03,316 - data_loader - INFO -   Read 1126 lines from ASCII file
2026-05-07 17:49:03,319 - data_loader - INFO -   Parsed 1126 messages, found 97 unique users
2026-05-07 17:49:03,513 - data_loader - INFO -   Loaded 95 gold links from annotation file
2026-05-07 17:49:03,513 - data_loader - INFO -   Conversation '2013-08-30.train-a' loaded in 0.20s
2026-05-07 17:49:03,513 - data_loader - INFO -   Creating samples for 2013-08-30.train-a: all 1126 messages
2026-05-07 17:49:03,521 - data_loader - INFO -   Created 20 samples for 2013-08-30.train-a
2026-05-07 17:49:03,521 - data_loader - INFO -   File 124/153: 2013-08-30.train-a - 1126 messages, 15323 total samples so far
2026-05-07 17:49:03,521 - data_loader - INFO - Loading conversation from data/train/2013-09-12.train-a.ascii.txt
2026-05-07 17:49:03,522 - data_loader - INFO -   Read 1256 lines from ASCII file
2026-05-07 17:49:03,526 - data_loader - INFO -   Parsed 1256 messages, found 110 unique users
2026-05-07 17:49:03,769 - data_loader - INFO -   Loaded 216 gold links from annotation file
2026-05-07 17:49:03,769 - data_loader - INFO -   Conversation '2013-09-12.train-a' loaded in 0.25s
2026-05-07 17:49:03,769 - data_loader - INFO -   Creating samples for 2013-09-12.train-a: all 1256 messages
2026-05-07 17:49:03,777 - data_loader - INFO -   Created 17 samples for 2013-09-12.train-a
2026-05-07 17:49:03,777 - data_loader - INFO -   File 125/153: 2013-09-12.train-a - 1256 messages, 15340 total samples so far
2026-05-07 17:49:03,777 - data_loader - INFO - Loading conversation from data/train/2013-09-16.train-c.ascii.txt
2026-05-07 17:49:03,778 - data_loader - INFO -   Read 1500 lines from ASCII file
2026-05-07 17:49:03,782 - data_loader - INFO -   Parsed 1500 messages, found 124 unique users
2026-05-07 17:49:04,114 - data_loader - INFO -   Loaded 360 gold links from annotation file
2026-05-07 17:49:04,114 - data_loader - INFO -   Conversation '2013-09-16.train-c' loaded in 0.34s
2026-05-07 17:49:04,114 - data_loader - INFO -   Creating samples for 2013-09-16.train-c: all 1500 messages
2026-05-07 17:49:04,132 - data_loader - INFO -   Created 77 samples for 2013-09-16.train-c
2026-05-07 17:49:04,132 - data_loader - INFO -   File 126/153: 2013-09-16.train-c - 1500 messages, 15417 total samples so far
2026-05-07 17:49:04,132 - data_loader - INFO - Loading conversation from data/train/2013-10-04.train-a.ascii.txt
2026-05-07 17:49:04,134 - data_loader - INFO -   Read 1062 lines from ASCII file
2026-05-07 17:49:04,137 - data_loader - INFO -   Parsed 1062 messages, found 97 unique users
2026-05-07 17:49:04,320 - data_loader - INFO -   Loaded 39 gold links from annotation file
2026-05-07 17:49:04,320 - data_loader - INFO -   Conversation '2013-10-04.train-a' loaded in 0.19s
2026-05-07 17:49:04,321 - data_loader - INFO -   Creating samples for 2013-10-04.train-a: all 1062 messages
2026-05-07 17:49:04,327 - data_loader - INFO -   Created 18 samples for 2013-10-04.train-a
2026-05-07 17:49:04,327 - data_loader - INFO -   File 127/153: 2013-10-04.train-a - 1062 messages, 15435 total samples so far
2026-05-07 17:49:04,327 - data_loader - INFO - Loading conversation from data/train/2013-10-11.train-a.ascii.txt
2026-05-07 17:49:04,329 - data_loader - INFO -   Read 1084 lines from ASCII file
2026-05-07 17:49:04,331 - data_loader - INFO -   Parsed 1084 messages, found 108 unique users
2026-05-07 17:49:04,538 - data_loader - INFO -   Loaded 61 gold links from annotation file
2026-05-07 17:49:04,538 - data_loader - INFO -   Conversation '2013-10-11.train-a' loaded in 0.21s
2026-05-07 17:49:04,538 - data_loader - INFO -   Creating samples for 2013-10-11.train-a: all 1084 messages
2026-05-07 17:49:04,546 - data_loader - INFO -   Created 23 samples for 2013-10-11.train-a
2026-05-07 17:49:04,546 - data_loader - INFO -   File 128/153: 2013-10-11.train-a - 1084 messages, 15458 total samples so far
2026-05-07 17:49:04,546 - data_loader - INFO - Loading conversation from data/train/2013-10-28.train-a.ascii.txt
2026-05-07 17:49:04,547 - data_loader - INFO -   Read 1307 lines from ASCII file
2026-05-07 17:49:04,551 - data_loader - INFO -   Parsed 1307 messages, found 143 unique users
2026-05-07 17:49:04,883 - data_loader - INFO -   Loaded 226 gold links from annotation file
2026-05-07 17:49:04,883 - data_loader - INFO -   Conversation '2013-10-28.train-a' loaded in 0.34s
2026-05-07 17:49:04,883 - data_loader - INFO -   Creating samples for 2013-10-28.train-a: all 1307 messages
2026-05-07 17:49:04,895 - data_loader - INFO -   Created 45 samples for 2013-10-28.train-a
2026-05-07 17:49:04,895 - data_loader - INFO -   File 129/153: 2013-10-28.train-a - 1307 messages, 15503 total samples so far
2026-05-07 17:49:04,895 - data_loader - INFO - Loading conversation from data/train/2013-12-02.train-a.ascii.txt
2026-05-07 17:49:04,896 - data_loader - INFO -   Read 1181 lines from ASCII file
2026-05-07 17:49:04,899 - data_loader - INFO -   Parsed 1181 messages, found 141 unique users
2026-05-07 17:49:05,205 - data_loader - INFO -   Loaded 132 gold links from annotation file
2026-05-07 17:49:05,205 - data_loader - INFO -   Conversation '2013-12-02.train-a' loaded in 0.31s
2026-05-07 17:49:05,205 - data_loader - INFO -   Creating samples for 2013-12-02.train-a: all 1181 messages
2026-05-07 17:49:05,216 - data_loader - INFO -   Created 43 samples for 2013-12-02.train-a
2026-05-07 17:49:05,216 - data_loader - INFO -   File 130/153: 2013-12-02.train-a - 1181 messages, 15546 total samples so far
2026-05-07 17:49:05,216 - data_loader - INFO - Loading conversation from data/train/2014-01-08.train-c.ascii.txt
2026-05-07 17:49:05,217 - data_loader - INFO -   Read 1500 lines from ASCII file
2026-05-07 17:49:05,221 - data_loader - INFO -   Parsed 1500 messages, found 84 unique users
2026-05-07 17:49:05,436 - data_loader - INFO -   Loaded 389 gold links from annotation file
2026-05-07 17:49:05,436 - data_loader - INFO -   Conversation '2014-01-08.train-c' loaded in 0.22s
2026-05-07 17:49:05,436 - data_loader - INFO -   Creating samples for 2014-01-08.train-c: all 1500 messages
2026-05-07 17:49:05,453 - data_loader - INFO -   Created 81 samples for 2014-01-08.train-c
2026-05-07 17:49:05,453 - data_loader - INFO -   File 131/153: 2014-01-08.train-c - 1500 messages, 15627 total samples so far
2026-05-07 17:49:05,453 - data_loader - INFO - Loading conversation from data/train/2014-08-14.train-c.ascii.txt
2026-05-07 17:49:05,454 - data_loader - INFO -   Read 1500 lines from ASCII file
2026-05-07 17:49:05,459 - data_loader - INFO -   Parsed 1500 messages, found 135 unique users
2026-05-07 17:49:05,826 - data_loader - INFO -   Loaded 370 gold links from annotation file
2026-05-07 17:49:05,826 - data_loader - INFO -   Conversation '2014-08-14.train-c' loaded in 0.37s
2026-05-07 17:49:05,826 - data_loader - INFO -   Creating samples for 2014-08-14.train-c: all 1500 messages
2026-05-07 17:49:05,843 - data_loader - INFO -   Created 78 samples for 2014-08-14.train-c
2026-05-07 17:49:05,843 - data_loader - INFO -   File 132/153: 2014-08-14.train-c - 1500 messages, 15705 total samples so far
2026-05-07 17:49:05,843 - data_loader - INFO - Loading conversation from data/train/2014-09-29.train-c.ascii.txt
2026-05-07 17:49:05,844 - data_loader - INFO -   Read 1500 lines from ASCII file
2026-05-07 17:49:05,848 - data_loader - INFO -   Parsed 1500 messages, found 152 unique users
2026-05-07 17:49:06,257 - data_loader - INFO -   Loaded 370 gold links from annotation file
2026-05-07 17:49:06,257 - data_loader - INFO -   Conversation '2014-09-29.train-c' loaded in 0.41s
2026-05-07 17:49:06,257 - data_loader - INFO -   Creating samples for 2014-09-29.train-c: all 1500 messages
2026-05-07 17:49:06,276 - data_loader - INFO -   Created 97 samples for 2014-09-29.train-c
2026-05-07 17:49:06,277 - data_loader - INFO -   File 133/153: 2014-09-29.train-c - 1500 messages, 15802 total samples so far
2026-05-07 17:49:06,277 - data_loader - INFO - Loading conversation from data/train/2014-12-21.train-c.ascii.txt
2026-05-07 17:49:06,278 - data_loader - INFO -   Read 1500 lines from ASCII file
2026-05-07 17:49:06,282 - data_loader - INFO -   Parsed 1500 messages, found 137 unique users
2026-05-07 17:49:06,629 - data_loader - INFO -   Loaded 366 gold links from annotation file
2026-05-07 17:49:06,629 - data_loader - INFO -   Conversation '2014-12-21.train-c' loaded in 0.35s
2026-05-07 17:49:06,629 - data_loader - INFO -   Creating samples for 2014-12-21.train-c: all 1500 messages
2026-05-07 17:49:06,650 - data_loader - INFO -   Created 120 samples for 2014-12-21.train-c
2026-05-07 17:49:06,650 - data_loader - INFO -   File 134/153: 2014-12-21.train-c - 1500 messages, 15922 total samples so far
2026-05-07 17:49:06,650 - data_loader - INFO - Loading conversation from data/train/2014-12-27.train-c.ascii.txt
2026-05-07 17:49:06,653 - data_loader - INFO -   Read 1500 lines from ASCII file
2026-05-07 17:49:06,657 - data_loader - INFO -   Parsed 1500 messages, found 142 unique users
2026-05-07 17:49:07,030 - data_loader - INFO -   Loaded 370 gold links from annotation file
2026-05-07 17:49:07,030 - data_loader - INFO -   Conversation '2014-12-27.train-c' loaded in 0.38s
2026-05-07 17:49:07,030 - data_loader - INFO -   Creating samples for 2014-12-27.train-c: all 1500 messages
2026-05-07 17:49:07,049 - data_loader - INFO -   Created 92 samples for 2014-12-27.train-c
2026-05-07 17:49:07,049 - data_loader - INFO -   File 135/153: 2014-12-27.train-c - 1500 messages, 16014 total samples so far
2026-05-07 17:49:07,049 - data_loader - INFO - Loading conversation from data/train/2015-01-20.train-b.ascii.txt
2026-05-07 17:49:07,050 - data_loader - INFO -   Read 1100 lines from ASCII file
2026-05-07 17:49:07,053 - data_loader - INFO -   Parsed 1100 messages, found 91 unique users
2026-05-07 17:49:07,230 - data_loader - INFO -   Loaded 74 gold links from annotation file
2026-05-07 17:49:07,230 - data_loader - INFO -   Conversation '2015-01-20.train-b' loaded in 0.18s
2026-05-07 17:49:07,230 - data_loader - INFO -   Creating samples for 2015-01-20.train-b: all 1100 messages
2026-05-07 17:49:07,236 - data_loader - INFO -   Created 5 samples for 2015-01-20.train-b
2026-05-07 17:49:07,236 - data_loader - INFO -   File 136/153: 2015-01-20.train-b - 1100 messages, 16019 total samples so far
2026-05-07 17:49:07,236 - data_loader - INFO - Loading conversation from data/train/2015-02-04.train-b.ascii.txt
2026-05-07 17:49:07,237 - data_loader - INFO -   Read 1100 lines from ASCII file
2026-05-07 17:49:07,241 - data_loader - INFO -   Parsed 1100 messages, found 139 unique users
2026-05-07 17:49:07,513 - data_loader - INFO -   Loaded 69 gold links from annotation file
2026-05-07 17:49:07,513 - data_loader - INFO -   Conversation '2015-02-04.train-b' loaded in 0.28s
2026-05-07 17:49:07,513 - data_loader - INFO -   Creating samples for 2015-02-04.train-b: all 1100 messages
2026-05-07 17:49:07,520 - data_loader - INFO -   Created 15 samples for 2015-02-04.train-b
2026-05-07 17:49:07,520 - data_loader - INFO -   File 137/153: 2015-02-04.train-b - 1100 messages, 16034 total samples so far
2026-05-07 17:49:07,521 - data_loader - INFO - Loading conversation from data/train/2015-04-19.train-b.ascii.txt
2026-05-07 17:49:07,522 - data_loader - INFO -   Read 1100 lines from ASCII file
2026-05-07 17:49:07,525 - data_loader - INFO -   Parsed 1100 messages, found 131 unique users
2026-05-07 17:49:07,793 - data_loader - INFO -   Loaded 75 gold links from annotation file
2026-05-07 17:49:07,793 - data_loader - INFO -   Conversation '2015-04-19.train-b' loaded in 0.27s
2026-05-07 17:49:07,793 - data_loader - INFO -   Creating samples for 2015-04-19.train-b: all 1100 messages
2026-05-07 17:49:07,799 - data_loader - INFO -   Created 6 samples for 2015-04-19.train-b
2026-05-07 17:49:07,799 - data_loader - INFO -   File 138/153: 2015-04-19.train-b - 1100 messages, 16040 total samples so far
2026-05-07 17:49:07,799 - data_loader - INFO - Loading conversation from data/train/2015-05-08.train-c.ascii.txt
2026-05-07 17:49:07,800 - data_loader - INFO -   Read 1500 lines from ASCII file
2026-05-07 17:49:07,804 - data_loader - INFO -   Parsed 1500 messages, found 115 unique users
2026-05-07 17:49:08,114 - data_loader - INFO -   Loaded 367 gold links from annotation file
2026-05-07 17:49:08,114 - data_loader - INFO -   Conversation '2015-05-08.train-c' loaded in 0.32s
2026-05-07 17:49:08,115 - data_loader - INFO -   Creating samples for 2015-05-08.train-c: all 1500 messages
2026-05-07 17:49:08,133 - data_loader - INFO -   Created 91 samples for 2015-05-08.train-c
2026-05-07 17:49:08,133 - data_loader - INFO -   File 139/153: 2015-05-08.train-c - 1500 messages, 16131 total samples so far
2026-05-07 17:49:08,133 - data_loader - INFO - Loading conversation from data/train/2015-06-12.train-b.ascii.txt
2026-05-07 17:49:08,134 - data_loader - INFO -   Read 1100 lines from ASCII file
2026-05-07 17:49:08,137 - data_loader - INFO -   Parsed 1100 messages, found 142 unique users
2026-05-07 17:49:08,409 - data_loader - INFO -   Loaded 74 gold links from annotation file
2026-05-07 17:49:08,409 - data_loader - INFO -   Conversation '2015-06-12.train-b' loaded in 0.28s
2026-05-07 17:49:08,409 - data_loader - INFO -   Creating samples for 2015-06-12.train-b: all 1100 messages
2026-05-07 17:49:08,417 - data_loader - INFO -   Created 25 samples for 2015-06-12.train-b
2026-05-07 17:49:08,417 - data_loader - INFO -   File 140/153: 2015-06-12.train-b - 1100 messages, 16156 total samples so far
2026-05-07 17:49:08,417 - data_loader - INFO - Loading conversation from data/train/2015-08-10.train-b.ascii.txt
2026-05-07 17:49:08,419 - data_loader - INFO -   Read 1100 lines from ASCII file
2026-05-07 17:49:08,422 - data_loader - INFO -   Parsed 1100 messages, found 94 unique users
2026-05-07 17:49:08,621 - data_loader - INFO -   Loaded 69 gold links from annotation file
2026-05-07 17:49:08,622 - data_loader - INFO -   Conversation '2015-08-10.train-b' loaded in 0.20s
2026-05-07 17:49:08,622 - data_loader - INFO -   Creating samples for 2015-08-10.train-b: all 1100 messages
2026-05-07 17:49:08,628 - data_loader - INFO -   Created 14 samples for 2015-08-10.train-b
2026-05-07 17:49:08,629 - data_loader - INFO -   File 141/153: 2015-08-10.train-b - 1100 messages, 16170 total samples so far
2026-05-07 17:49:08,629 - data_loader - INFO - Loading conversation from data/train/2015-09-25.train-b.ascii.txt
2026-05-07 17:49:08,630 - data_loader - INFO -   Read 1100 lines from ASCII file
2026-05-07 17:49:08,633 - data_loader - INFO -   Parsed 1100 messages, found 142 unique users
2026-05-07 17:49:08,933 - data_loader - INFO -   Loaded 75 gold links from annotation file
2026-05-07 17:49:08,933 - data_loader - INFO -   Conversation '2015-09-25.train-b' loaded in 0.30s
2026-05-07 17:49:08,933 - data_loader - INFO -   Creating samples for 2015-09-25.train-b: all 1100 messages
2026-05-07 17:49:08,940 - data_loader - INFO -   Created 15 samples for 2015-09-25.train-b
2026-05-07 17:49:08,940 - data_loader - INFO -   File 142/153: 2015-09-25.train-b - 1100 messages, 16185 total samples so far
2026-05-07 17:49:08,940 - data_loader - INFO - Loading conversation from data/train/2015-10-14.train-b.ascii.txt
2026-05-07 17:49:08,941 - data_loader - INFO -   Read 1100 lines from ASCII file
2026-05-07 17:49:08,944 - data_loader - INFO -   Parsed 1100 messages, found 121 unique users
2026-05-07 17:49:09,175 - data_loader - INFO -   Loaded 70 gold links from annotation file
2026-05-07 17:49:09,175 - data_loader - INFO -   Conversation '2015-10-14.train-b' loaded in 0.23s
2026-05-07 17:49:09,175 - data_loader - INFO -   Creating samples for 2015-10-14.train-b: all 1100 messages
2026-05-07 17:49:09,180 - data_loader - INFO -   Created 6 samples for 2015-10-14.train-b
2026-05-07 17:49:09,181 - data_loader - INFO -   File 143/153: 2015-10-14.train-b - 1100 messages, 16191 total samples so far
2026-05-07 17:49:09,181 - data_loader - INFO - Loading conversation from data/train/2015-10-19.train-b.ascii.txt
2026-05-07 17:49:09,182 - data_loader - INFO -   Read 1100 lines from ASCII file
2026-05-07 17:49:09,185 - data_loader - INFO -   Parsed 1100 messages, found 114 unique users
2026-05-07 17:49:09,406 - data_loader - INFO -   Loaded 71 gold links from annotation file
2026-05-07 17:49:09,407 - data_loader - INFO -   Conversation '2015-10-19.train-b' loaded in 0.23s
2026-05-07 17:49:09,407 - data_loader - INFO -   Creating samples for 2015-10-19.train-b: all 1100 messages
2026-05-07 17:49:09,414 - data_loader - INFO -   Created 15 samples for 2015-10-19.train-b
2026-05-07 17:49:09,414 - data_loader - INFO -   File 144/153: 2015-10-19.train-b - 1100 messages, 16206 total samples so far
2026-05-07 17:49:09,414 - data_loader - INFO - Loading conversation from data/train/2015-11-26.train-b.ascii.txt
2026-05-07 17:49:09,415 - data_loader - INFO -   Read 1100 lines from ASCII file
2026-05-07 17:49:09,418 - data_loader - INFO -   Parsed 1100 messages, found 100 unique users
2026-05-07 17:49:09,606 - data_loader - INFO -   Loaded 66 gold links from annotation file
2026-05-07 17:49:09,606 - data_loader - INFO -   Conversation '2015-11-26.train-b' loaded in 0.19s
2026-05-07 17:49:09,607 - data_loader - INFO -   Creating samples for 2015-11-26.train-b: all 1100 messages
2026-05-07 17:49:09,615 - data_loader - INFO -   Created 32 samples for 2015-11-26.train-b
2026-05-07 17:49:09,615 - data_loader - INFO -   File 145/153: 2015-11-26.train-b - 1100 messages, 16238 total samples so far
2026-05-07 17:49:09,615 - data_loader - INFO - Loading conversation from data/train/2015-12-28.train-b.ascii.txt
2026-05-07 17:49:09,616 - data_loader - INFO -   Read 1100 lines from ASCII file
2026-05-07 17:49:09,619 - data_loader - INFO -   Parsed 1100 messages, found 131 unique users
2026-05-07 17:49:09,871 - data_loader - INFO -   Loaded 72 gold links from annotation file
2026-05-07 17:49:09,871 - data_loader - INFO -   Conversation '2015-12-28.train-b' loaded in 0.26s
2026-05-07 17:49:09,871 - data_loader - INFO -   Creating samples for 2015-12-28.train-b: all 1100 messages
2026-05-07 17:49:09,878 - data_loader - INFO -   Created 19 samples for 2015-12-28.train-b
2026-05-07 17:49:09,879 - data_loader - INFO -   File 146/153: 2015-12-28.train-b - 1100 messages, 16257 total samples so far
2026-05-07 17:49:09,879 - data_loader - INFO - Loading conversation from data/train/2017-02-06.train-c.ascii.txt
2026-05-07 17:49:09,880 - data_loader - INFO -   Read 1500 lines from ASCII file
2026-05-07 17:49:09,884 - data_loader - INFO -   Parsed 1500 messages, found 156 unique users
2026-05-07 17:49:10,301 - data_loader - INFO -   Loaded 388 gold links from annotation file
2026-05-07 17:49:10,302 - data_loader - INFO -   Conversation '2017-02-06.train-c' loaded in 0.42s
2026-05-07 17:49:10,302 - data_loader - INFO -   Creating samples for 2017-02-06.train-c: all 1500 messages
2026-05-07 17:49:10,321 - data_loader - INFO -   Created 110 samples for 2017-02-06.train-c
2026-05-07 17:49:10,321 - data_loader - INFO -   File 147/153: 2017-02-06.train-c - 1500 messages, 16367 total samples so far
2026-05-07 17:49:10,321 - data_loader - INFO - Loading conversation from data/train/2017-03-02.train-c.ascii.txt
2026-05-07 17:49:10,323 - data_loader - INFO -   Read 1500 lines from ASCII file
2026-05-07 17:49:10,327 - data_loader - INFO -   Parsed 1500 messages, found 158 unique users
2026-05-07 17:49:10,743 - data_loader - INFO -   Loaded 363 gold links from annotation file
2026-05-07 17:49:10,743 - data_loader - INFO -   Conversation '2017-03-02.train-c' loaded in 0.42s
2026-05-07 17:49:10,743 - data_loader - INFO -   Creating samples for 2017-03-02.train-c: all 1500 messages
2026-05-07 17:49:10,761 - data_loader - INFO -   Created 85 samples for 2017-03-02.train-c
2026-05-07 17:49:10,761 - data_loader - INFO -   File 148/153: 2017-03-02.train-c - 1500 messages, 16452 total samples so far
2026-05-07 17:49:10,761 - data_loader - INFO - Loading conversation from data/train/2017-03-23.train-c.ascii.txt
2026-05-07 17:49:10,762 - data_loader - INFO -   Read 1500 lines from ASCII file
2026-05-07 17:49:10,766 - data_loader - INFO -   Parsed 1500 messages, found 138 unique users
2026-05-07 17:49:11,116 - data_loader - INFO -   Loaded 375 gold links from annotation file
2026-05-07 17:49:11,116 - data_loader - INFO -   Conversation '2017-03-23.train-c' loaded in 0.36s
2026-05-07 17:49:11,116 - data_loader - INFO -   Creating samples for 2017-03-23.train-c: all 1500 messages
2026-05-07 17:49:11,132 - data_loader - INFO -   Created 68 samples for 2017-03-23.train-c
2026-05-07 17:49:11,132 - data_loader - INFO -   File 149/153: 2017-03-23.train-c - 1500 messages, 16520 total samples so far
2026-05-07 17:49:11,132 - data_loader - INFO - Loading conversation from data/train/2017-05-09.train-c.ascii.txt
2026-05-07 17:49:11,134 - data_loader - INFO -   Read 1500 lines from ASCII file
2026-05-07 17:49:11,138 - data_loader - INFO -   Parsed 1500 messages, found 114 unique users
2026-05-07 17:49:11,439 - data_loader - INFO -   Loaded 347 gold links from annotation file
2026-05-07 17:49:11,439 - data_loader - INFO -   Conversation '2017-05-09.train-c' loaded in 0.31s
2026-05-07 17:49:11,440 - data_loader - INFO -   Creating samples for 2017-05-09.train-c: all 1500 messages
2026-05-07 17:49:11,453 - data_loader - INFO -   Created 50 samples for 2017-05-09.train-c
2026-05-07 17:49:11,453 - data_loader - INFO -   File 150/153: 2017-05-09.train-c - 1500 messages, 16570 total samples so far
2026-05-07 17:49:11,453 - data_loader - INFO - Loading conversation from data/train/2017-07-15.train-c.ascii.txt
2026-05-07 17:49:11,454 - data_loader - INFO -   Read 1500 lines from ASCII file
2026-05-07 17:49:11,803 - data_loader - INFO -   Parsed 1500 messages, found 83 unique users
2026-05-07 17:49:12,033 - data_loader - INFO -   Loaded 350 gold links from annotation file
2026-05-07 17:49:12,034 - data_loader - INFO -   Conversation '2017-07-15.train-c' loaded in 0.58s
2026-05-07 17:49:12,034 - data_loader - INFO -   Creating samples for 2017-07-15.train-c: all 1500 messages
2026-05-07 17:49:12,047 - data_loader - INFO -   Created 35 samples for 2017-07-15.train-c
2026-05-07 17:49:12,047 - data_loader - INFO -   File 151/153: 2017-07-15.train-c - 1500 messages, 16605 total samples so far
2026-05-07 17:49:12,047 - data_loader - INFO - Loading conversation from data/train/2017-09-02.train-c.ascii.txt
2026-05-07 17:49:12,048 - data_loader - INFO -   Read 1500 lines from ASCII file
2026-05-07 17:49:12,052 - data_loader - INFO -   Parsed 1500 messages, found 110 unique users
2026-05-07 17:49:12,372 - data_loader - INFO -   Loaded 365 gold links from annotation file
2026-05-07 17:49:12,372 - data_loader - INFO -   Conversation '2017-09-02.train-c' loaded in 0.33s
2026-05-07 17:49:12,372 - data_loader - INFO -   Creating samples for 2017-09-02.train-c: all 1500 messages
2026-05-07 17:49:12,384 - data_loader - INFO -   Created 36 samples for 2017-09-02.train-c
2026-05-07 17:49:12,384 - data_loader - INFO -   File 152/153: 2017-09-02.train-c - 1500 messages, 16641 total samples so far
2026-05-07 17:49:12,384 - data_loader - INFO - Loading conversation from data/train/2018-02-27.train-c.ascii.txt
2026-05-07 17:49:12,385 - data_loader - INFO -   Read 1500 lines from ASCII file
2026-05-07 17:49:12,390 - data_loader - INFO -   Parsed 1500 messages, found 148 unique users
2026-05-07 17:49:12,781 - data_loader - INFO -   Loaded 375 gold links from annotation file
2026-05-07 17:49:12,781 - data_loader - INFO -   Conversation '2018-02-27.train-c' loaded in 0.40s
2026-05-07 17:49:12,781 - data_loader - INFO -   Creating samples for 2018-02-27.train-c: all 1500 messages
2026-05-07 17:49:12,800 - data_loader - INFO -   Created 113 samples for 2018-02-27.train-c
2026-05-07 17:49:12,801 - data_loader - INFO -   File 153/153: 2018-02-27.train-c - 1500 messages, 16754 total samples so far
2026-05-07 17:49:12,801 - data_loader - INFO - Dataset initialization complete: 16754 samples from 153 conversations in 51.96s
2026-05-07 17:49:12,801 - __main__ - INFO -   Train dataset created: 16754 samples
2026-05-07 17:49:12,801 - __main__ - INFO - Loading 10 dev files...
2026-05-07 17:49:12,801 - data_loader - INFO - Initializing IRCDisentanglementDataset with 10 files
2026-05-07 17:49:12,801 - data_loader - INFO -   max_dist=30, max_length=128, skip_labels=False
2026-05-07 17:49:12,801 - data_loader - INFO -   test_start=0, test_end=1000000000
2026-05-07 17:49:12,801 - data_loader - INFO - Loading conversation from data/dev/2004-11-15_03.ascii.txt
2026-05-07 17:49:12,802 - data_loader - INFO -   Read 1250 lines from ASCII file
2026-05-07 17:49:12,805 - data_loader - INFO -   Parsed 1250 messages, found 76 unique users
2026-05-07 17:49:12,935 - data_loader - INFO -   Loaded 189 gold links from annotation file
2026-05-07 17:49:12,936 - data_loader - INFO -   Conversation '2004-11-15_03' loaded in 0.13s
2026-05-07 17:49:12,936 - data_loader - INFO -   Creating samples for 2004-11-15_03: all 1250 messages
2026-05-07 17:49:12,947 - data_loader - INFO -   Created 65 samples for 2004-11-15_03
2026-05-07 17:49:12,947 - data_loader - INFO -   File 1/10: 2004-11-15_03 - 1250 messages, 65 total samples so far
2026-05-07 17:49:12,947 - data_loader - INFO - Loading conversation from data/dev/2005-06-27_12.ascii.txt
2026-05-07 17:49:12,948 - data_loader - INFO -   Read 1250 lines from ASCII file
2026-05-07 17:49:12,951 - data_loader - INFO -   Parsed 1250 messages, found 77 unique users
2026-05-07 17:49:13,076 - data_loader - INFO -   Loaded 182 gold links from annotation file
2026-05-07 17:49:13,076 - data_loader - INFO -   Conversation '2005-06-27_12' loaded in 0.13s
2026-05-07 17:49:13,076 - data_loader - INFO -   Creating samples for 2005-06-27_12: all 1250 messages
2026-05-07 17:49:13,086 - data_loader - INFO -   Created 41 samples for 2005-06-27_12
2026-05-07 17:49:13,086 - data_loader - INFO -   File 2/10: 2005-06-27_12 - 1250 messages, 106 total samples so far
2026-05-07 17:49:13,086 - data_loader - INFO - Loading conversation from data/dev/2005-08-08_01.ascii.txt
2026-05-07 17:49:13,087 - data_loader - INFO -   Read 1250 lines from ASCII file
2026-05-07 17:49:13,090 - data_loader - INFO -   Parsed 1250 messages, found 95 unique users
2026-05-07 17:49:13,254 - data_loader - INFO -   Loaded 186 gold links from annotation file
2026-05-07 17:49:13,254 - data_loader - INFO -   Conversation '2005-08-08_01' loaded in 0.17s
2026-05-07 17:49:13,254 - data_loader - INFO -   Creating samples for 2005-08-08_01: all 1250 messages
2026-05-07 17:49:13,266 - data_loader - INFO -   Created 70 samples for 2005-08-08_01
2026-05-07 17:49:13,266 - data_loader - INFO -   File 3/10: 2005-08-08_01 - 1250 messages, 176 total samples so far
2026-05-07 17:49:13,266 - data_loader - INFO - Loading conversation from data/dev/2008-12-11_11.ascii.txt
2026-05-07 17:49:13,267 - data_loader - INFO -   Read 1250 lines from ASCII file
2026-05-07 17:49:13,271 - data_loader - INFO -   Parsed 1250 messages, found 142 unique users
2026-05-07 17:49:13,578 - data_loader - INFO -   Loaded 172 gold links from annotation file
2026-05-07 17:49:13,579 - data_loader - INFO -   Conversation '2008-12-11_11' loaded in 0.31s
2026-05-07 17:49:13,579 - data_loader - INFO -   Creating samples for 2008-12-11_11: all 1250 messages
2026-05-07 17:49:13,591 - data_loader - INFO -   Created 44 samples for 2008-12-11_11
2026-05-07 17:49:13,591 - data_loader - INFO -   File 4/10: 2008-12-11_11 - 1250 messages, 220 total samples so far
2026-05-07 17:49:13,591 - data_loader - INFO - Loading conversation from data/dev/2009-02-23_10.ascii.txt
2026-05-07 17:49:13,592 - data_loader - INFO -   Read 1250 lines from ASCII file
2026-05-07 17:49:13,596 - data_loader - INFO -   Parsed 1250 messages, found 111 unique users
2026-05-07 17:49:13,830 - data_loader - INFO -   Loaded 186 gold links from annotation file
2026-05-07 17:49:13,830 - data_loader - INFO -   Conversation '2009-02-23_10' loaded in 0.24s
2026-05-07 17:49:13,830 - data_loader - INFO -   Creating samples for 2009-02-23_10: all 1250 messages
2026-05-07 17:49:13,842 - data_loader - INFO -   Created 53 samples for 2009-02-23_10
2026-05-07 17:49:13,843 - data_loader - INFO -   File 5/10: 2009-02-23_10 - 1250 messages, 273 total samples so far
2026-05-07 17:49:13,843 - data_loader - INFO - Loading conversation from data/dev/2009-03-03_10.ascii.txt
2026-05-07 17:49:13,844 - data_loader - INFO -   Read 1250 lines from ASCII file
2026-05-07 17:49:13,847 - data_loader - INFO -   Parsed 1250 messages, found 134 unique users
2026-05-07 17:49:14,131 - data_loader - INFO -   Loaded 188 gold links from annotation file
2026-05-07 17:49:14,132 - data_loader - INFO -   Conversation '2009-03-03_10' loaded in 0.29s
2026-05-07 17:49:14,132 - data_loader - INFO -   Creating samples for 2009-03-03_10: all 1250 messages
2026-05-07 17:49:14,141 - data_loader - INFO -   Created 28 samples for 2009-03-03_10
2026-05-07 17:49:14,141 - data_loader - INFO -   File 6/10: 2009-03-03_10 - 1250 messages, 301 total samples so far
2026-05-07 17:49:14,141 - data_loader - INFO - Loading conversation from data/dev/2009-10-01_17.ascii.txt
2026-05-07 17:49:14,142 - data_loader - INFO -   Read 1250 lines from ASCII file
2026-05-07 17:49:14,145 - data_loader - INFO -   Parsed 1250 messages, found 166 unique users
2026-05-07 17:49:14,526 - data_loader - INFO -   Loaded 171 gold links from annotation file
2026-05-07 17:49:14,526 - data_loader - INFO -   Conversation '2009-10-01_17' loaded in 0.39s
2026-05-07 17:49:14,526 - data_loader - INFO -   Creating samples for 2009-10-01_17: all 1250 messages
2026-05-07 17:49:14,538 - data_loader - INFO -   Created 45 samples for 2009-10-01_17
2026-05-07 17:49:14,538 - data_loader - INFO -   File 7/10: 2009-10-01_17 - 1250 messages, 346 total samples so far
2026-05-07 17:49:14,538 - data_loader - INFO - Loading conversation from data/dev/2011-05-29_19.ascii.txt
2026-05-07 17:49:14,540 - data_loader - INFO -   Read 1250 lines from ASCII file
2026-05-07 17:49:14,543 - data_loader - INFO -   Parsed 1250 messages, found 152 unique users
2026-05-07 17:49:14,877 - data_loader - INFO -   Loaded 181 gold links from annotation file
2026-05-07 17:49:14,877 - data_loader - INFO -   Conversation '2011-05-29_19' loaded in 0.34s
2026-05-07 17:49:14,877 - data_loader - INFO -   Creating samples for 2011-05-29_19: all 1250 messages
2026-05-07 17:49:14,887 - data_loader - INFO -   Created 42 samples for 2011-05-29_19
2026-05-07 17:49:14,887 - data_loader - INFO -   File 8/10: 2011-05-29_19 - 1250 messages, 388 total samples so far
2026-05-07 17:49:14,888 - data_loader - INFO - Loading conversation from data/dev/2011-11-13_02.ascii.txt
2026-05-07 17:49:14,890 - data_loader - INFO -   Read 1250 lines from ASCII file
2026-05-07 17:49:14,894 - data_loader - INFO -   Parsed 1250 messages, found 164 unique users
2026-05-07 17:49:15,259 - data_loader - INFO -   Loaded 165 gold links from annotation file
2026-05-07 17:49:15,259 - data_loader - INFO -   Conversation '2011-11-13_02' loaded in 0.37s
2026-05-07 17:49:15,259 - data_loader - INFO -   Creating samples for 2011-11-13_02: all 1250 messages
2026-05-07 17:49:15,271 - data_loader - INFO -   Created 39 samples for 2011-11-13_02
2026-05-07 17:49:15,271 - data_loader - INFO -   File 9/10: 2011-11-13_02 - 1250 messages, 427 total samples so far
2026-05-07 17:49:15,271 - data_loader - INFO - Loading conversation from data/dev/2016-12-19_20.ascii.txt
2026-05-07 17:49:15,272 - data_loader - INFO -   Read 1250 lines from ASCII file
2026-05-07 17:49:15,276 - data_loader - INFO -   Parsed 1250 messages, found 165 unique users
2026-05-07 17:49:15,635 - data_loader - INFO -   Loaded 176 gold links from annotation file
2026-05-07 17:49:15,635 - data_loader - INFO -   Conversation '2016-12-19_20' loaded in 0.36s
2026-05-07 17:49:15,635 - data_loader - INFO -   Creating samples for 2016-12-19_20: all 1250 messages
2026-05-07 17:49:15,645 - data_loader - INFO -   Created 35 samples for 2016-12-19_20
2026-05-07 17:49:15,645 - data_loader - INFO -   File 10/10: 2016-12-19_20 - 1250 messages, 462 total samples so far
2026-05-07 17:49:15,645 - data_loader - INFO - Dataset initialization complete: 462 samples from 10 conversations in 2.84s
2026-05-07 17:49:15,645 - __main__ - INFO -   Dev dataset created: 462 samples
2026-05-07 17:49:15,646 - __main__ - INFO -   Train dataset: 16754 samples
2026-05-07 17:49:15,646 - __main__ - INFO -   Dev dataset: 462 samples
2026-05-07 17:49:15,646 - __main__ - INFO - Creating model...
2026-05-07 17:49:16,396 - httpx - INFO - HTTP Request: HEAD https://huggingface.co/microsoft/deberta-v3-base/resolve/main/config.json "HTTP/1.1 307 Temporary Redirect"
2026-05-07 17:49:16,402 - httpx - INFO - HTTP Request: HEAD https://huggingface.co/api/resolve-cache/models/microsoft/deberta-v3-base/8ccc9b6f36199bec6961081d44eb72fb3f7353f3/config.json "HTTP/1.1 200 OK"
2026-05-07 17:49:17,043 - httpx - INFO - HTTP Request: HEAD https://huggingface.co/microsoft/deberta-v3-base/resolve/main/model.safetensors "HTTP/1.1 404 Not Found"
2026-05-07 17:49:17,276 - httpx - INFO - HTTP Request: GET https://huggingface.co/api/models/microsoft/deberta-v3-base "HTTP/1.1 200 OK"
Loading weights:   0%|          | 0/198 [00:00<?, ?it/s]Loading weights: 100%|██████████| 198/198 [00:00<00:00, 38274.14it/s]
2026-05-07 17:49:17,523 - httpx - INFO - HTTP Request: GET https://huggingface.co/api/models/microsoft/deberta-v3-base/commits/main "HTTP/1.1 200 OK"
2026-05-07 17:49:17,773 - httpx - INFO - HTTP Request: GET https://huggingface.co/api/models/microsoft/deberta-v3-base/discussions?p=0 "HTTP/1.1 200 OK"
2026-05-07 17:49:18,031 - httpx - INFO - HTTP Request: GET https://huggingface.co/api/models/microsoft/deberta-v3-base/commits/refs%2Fpr%2F14 "HTTP/1.1 200 OK"
2026-05-07 17:49:18,262 - httpx - INFO - HTTP Request: HEAD https://huggingface.co/microsoft/deberta-v3-base/resolve/refs%2Fpr%2F14/model.safetensors.index.json "HTTP/1.1 404 Not Found"
[transformers] [1mDebertaV2Model LOAD REPORT[0m from: microsoft/deberta-v3-base
Key                                     | Status     |  | 
----------------------------------------+------------+--+-
lm_predictions.lm_head.bias             | UNEXPECTED |  | 
mask_predictions.LayerNorm.bias         | UNEXPECTED |  | 
lm_predictions.lm_head.dense.bias       | UNEXPECTED |  | 
mask_predictions.classifier.weight      | UNEXPECTED |  | 
lm_predictions.lm_head.LayerNorm.bias   | UNEXPECTED |  | 
mask_predictions.classifier.bias        | UNEXPECTED |  | 
lm_predictions.lm_head.dense.weight     | UNEXPECTED |  | 
mask_predictions.dense.bias             | UNEXPECTED |  | 
mask_predictions.dense.weight           | UNEXPECTED |  | 
mask_predictions.LayerNorm.weight       | UNEXPECTED |  | 
lm_predictions.lm_head.LayerNorm.weight | UNEXPECTED |  | 

Notes:
- UNEXPECTED:	can be ignored when loading from different task/architecture; not ok if you expect identical arch.
2026-05-07 17:49:18,490 - httpx - INFO - HTTP Request: HEAD https://huggingface.co/microsoft/deberta-v3-base/resolve/refs%2Fpr%2F14/model.safetensors "HTTP/1.1 302 Found"
2026-05-07 17:49:19,467 - httpx - INFO - HTTP Request: HEAD https://huggingface.co/microsoft/deberta-v3-base/resolve/main/config.json "HTTP/1.1 307 Temporary Redirect"
2026-05-07 17:49:19,473 - httpx - INFO - HTTP Request: HEAD https://huggingface.co/api/resolve-cache/models/microsoft/deberta-v3-base/8ccc9b6f36199bec6961081d44eb72fb3f7353f3/config.json "HTTP/1.1 200 OK"
2026-05-07 17:49:19,971 - __main__ - INFO -   Parameters: 183,832,326 trainable, 183,832,326 total
2026-05-07 17:49:19,971 - __main__ - INFO -   BERT hidden size: 768
2026-05-07 17:49:19,971 - __main__ - INFO -   Combined size: 773
2026-05-07 17:49:19,971 - __main__ - INFO - Created AdamW optimizer with lr=5e-05
2026-05-07 17:49:19,972 - __main__ - INFO - Created scheduler with 157 warmup steps (10% of 1572 total steps)
2026-05-07 17:49:19,972 - __main__ - INFO - Starting training from epoch 1...
2026-05-07 17:49:19,972 - __main__ - INFO - ================================================================================
2026-05-07 17:49:19,972 - __main__ - INFO - Epoch 1/3
2026-05-07 17:49:19,972 - __main__ - INFO - --------------------------------------------------------------------------------
2026-05-07 17:49:19,972 - __main__ - INFO - Starting epoch 1 with 524 batches
2026-05-07 17:49:21,052 - __main__ - ERROR -   Batch 1: CUDA Out of Memory (OOM) during forward pass!
2026-05-07 17:49:21,053 - __main__ - ERROR -   Memory at OOM: 44043/44132MB
2026-05-07 17:49:21,421 - __main__ - ERROR -   Batch 2: CUDA Out of Memory (OOM) during forward pass!
2026-05-07 17:49:21,422 - __main__ - ERROR -   Memory at OOM: 44043/44132MB
2026-05-07 17:49:21,671 - __main__ - ERROR -   Batch 3: CUDA Out of Memory (OOM) during forward pass!
2026-05-07 17:49:21,672 - __main__ - ERROR -   Memory at OOM: 44043/44132MB
2026-05-07 17:49:21,921 - __main__ - ERROR -   Batch 4: CUDA Out of Memory (OOM) during forward pass!
2026-05-07 17:49:21,921 - __main__ - ERROR -   Memory at OOM: 44043/44132MB
2026-05-07 17:49:22,170 - __main__ - ERROR -   Batch 5: CUDA Out of Memory (OOM) during forward pass!
2026-05-07 17:49:22,170 - __main__ - ERROR -   Memory at OOM: 44043/44132MB
2026-05-07 17:49:22,420 - __main__ - ERROR -   Batch 6: CUDA Out of Memory (OOM) during forward pass!
2026-05-07 17:49:22,421 - __main__ - ERROR -   Memory at OOM: 44043/44132MB
2026-05-07 17:49:22,670 - __main__ - ERROR -   Batch 7: CUDA Out of Memory (OOM) during forward pass!
2026-05-07 17:49:22,670 - __main__ - ERROR -   Memory at OOM: 44043/44132MB
2026-05-07 17:49:22,920 - __main__ - ERROR -   Batch 8: CUDA Out of Memory (OOM) during forward pass!
2026-05-07 17:49:22,920 - __main__ - ERROR -   Memory at OOM: 44043/44132MB
2026-05-07 17:49:23,170 - __main__ - ERROR -   Batch 9: CUDA Out of Memory (OOM) during forward pass!
2026-05-07 17:49:23,171 - __main__ - ERROR -   Memory at OOM: 44043/44132MB
2026-05-07 17:49:23,421 - __main__ - ERROR -   Batch 10: CUDA Out of Memory (OOM) during forward pass!
2026-05-07 17:49:23,422 - __main__ - ERROR -   Memory at OOM: 44043/44132MB
2026-05-07 17:49:23,671 - __main__ - ERROR -   Batch 11: CUDA Out of Memory (OOM) during forward pass!
2026-05-07 17:49:23,671 - __main__ - ERROR -   Memory at OOM: 44043/44132MB
2026-05-07 17:49:23,920 - __main__ - ERROR -   Batch 12: CUDA Out of Memory (OOM) during forward pass!
2026-05-07 17:49:23,921 - __main__ - ERROR -   Memory at OOM: 44043/44132MB
2026-05-07 17:49:24,171 - __main__ - ERROR -   Batch 13: CUDA Out of Memory (OOM) during forward pass!
2026-05-07 17:49:24,171 - __main__ - ERROR -   Memory at OOM: 44043/44132MB
2026-05-07 17:49:24,421 - __main__ - ERROR -   Batch 14: CUDA Out of Memory (OOM) during forward pass!
2026-05-07 17:49:24,421 - __main__ - ERROR -   Memory at OOM: 44043/44132MB
2026-05-07 17:49:24,671 - __main__ - ERROR -   Batch 15: CUDA Out of Memory (OOM) during forward pass!
2026-05-07 17:49:24,671 - __main__ - ERROR -   Memory at OOM: 44043/44132MB
2026-05-07 17:49:24,920 - __main__ - ERROR -   Batch 16: CUDA Out of Memory (OOM) during forward pass!
2026-05-07 17:49:24,921 - __main__ - ERROR -   Memory at OOM: 44043/44132MB
2026-05-07 17:49:25,171 - __main__ - ERROR -   Batch 17: CUDA Out of Memory (OOM) during forward pass!
2026-05-07 17:49:25,172 - __main__ - ERROR -   Memory at OOM: 44043/44132MB
2026-05-07 17:49:25,422 - __main__ - ERROR -   Batch 18: CUDA Out of Memory (OOM) during forward pass!
2026-05-07 17:49:25,422 - __main__ - ERROR -   Memory at OOM: 44043/44132MB
2026-05-07 17:49:25,671 - __main__ - ERROR -   Batch 19: CUDA Out of Memory (OOM) during forward pass!
2026-05-07 17:49:25,671 - __main__ - ERROR -   Memory at OOM: 44043/44132MB
2026-05-07 17:49:25,921 - __main__ - ERROR -   Batch 20: CUDA Out of Memory (OOM) during forward pass!
2026-05-07 17:49:25,921 - __main__ - ERROR -   Memory at OOM: 44043/44132MB
2026-05-07 17:49:26,171 - __main__ - ERROR -   Batch 21: CUDA Out of Memory (OOM) during forward pass!
2026-05-07 17:49:26,171 - __main__ - ERROR -   Memory at OOM: 44043/44132MB
2026-05-07 17:49:26,421 - __main__ - ERROR -   Batch 22: CUDA Out of Memory (OOM) during forward pass!
2026-05-07 17:49:26,422 - __main__ - ERROR -   Memory at OOM: 44043/44132MB
2026-05-07 17:49:26,671 - __main__ - ERROR -   Batch 23: CUDA Out of Memory (OOM) during forward pass!
2026-05-07 17:49:26,671 - __main__ - ERROR -   Memory at OOM: 44043/44132MB
2026-05-07 17:49:26,921 - __main__ - ERROR -   Batch 24: CUDA Out of Memory (OOM) during forward pass!
2026-05-07 17:49:26,921 - __main__ - ERROR -   Memory at OOM: 44043/44132MB
2026-05-07 17:49:27,171 - __main__ - ERROR -   Batch 25: CUDA Out of Memory (OOM) during forward pass!
2026-05-07 17:49:27,171 - __main__ - ERROR -   Memory at OOM: 44043/44132MB
2026-05-07 17:49:27,422 - __main__ - ERROR -   Batch 26: CUDA Out of Memory (OOM) during forward pass!
2026-05-07 17:49:27,422 - __main__ - ERROR -   Memory at OOM: 44043/44132MB
2026-05-07 17:49:27,672 - __main__ - ERROR -   Batch 27: CUDA Out of Memory (OOM) during forward pass!
2026-05-07 17:49:27,673 - __main__ - ERROR -   Memory at OOM: 44043/44132MB
2026-05-07 17:49:27,923 - __main__ - ERROR -   Batch 28: CUDA Out of Memory (OOM) during forward pass!
2026-05-07 17:49:27,924 - __main__ - ERROR -   Memory at OOM: 44043/44132MB
2026-05-07 17:49:28,174 - __main__ - ERROR -   Batch 29: CUDA Out of Memory (OOM) during forward pass!
2026-05-07 17:49:28,174 - __main__ - ERROR -   Memory at OOM: 44043/44132MB
2026-05-07 17:49:28,425 - __main__ - ERROR -   Batch 30: CUDA Out of Memory (OOM) during forward pass!
2026-05-07 17:49:28,425 - __main__ - ERROR -   Memory at OOM: 44043/44132MB
2026-05-07 17:49:28,675 - __main__ - ERROR -   Batch 31: CUDA Out of Memory (OOM) during forward pass!
2026-05-07 17:49:28,676 - __main__ - ERROR -   Memory at OOM: 44043/44132MB
2026-05-07 17:49:28,925 - __main__ - ERROR -   Batch 32: CUDA Out of Memory (OOM) during forward pass!
2026-05-07 17:49:28,925 - __main__ - ERROR -   Memory at OOM: 44043/44132MB
2026-05-07 17:49:29,175 - __main__ - ERROR -   Batch 33: CUDA Out of Memory (OOM) during forward pass!
2026-05-07 17:49:29,176 - __main__ - ERROR -   Memory at OOM: 44043/44132MB
2026-05-07 17:49:29,426 - __main__ - ERROR -   Batch 34: CUDA Out of Memory (OOM) during forward pass!
2026-05-07 17:49:29,426 - __main__ - ERROR -   Memory at OOM: 44043/44132MB
2026-05-07 17:49:29,676 - __main__ - ERROR -   Batch 35: CUDA Out of Memory (OOM) during forward pass!
2026-05-07 17:49:29,677 - __main__ - ERROR -   Memory at OOM: 44043/44132MB
2026-05-07 17:49:29,926 - __main__ - ERROR -   Batch 36: CUDA Out of Memory (OOM) during forward pass!
2026-05-07 17:49:29,927 - __main__ - ERROR -   Memory at OOM: 44043/44132MB
2026-05-07 17:49:30,177 - __main__ - ERROR -   Batch 37: CUDA Out of Memory (OOM) during forward pass!
2026-05-07 17:49:30,178 - __main__ - ERROR -   Memory at OOM: 44043/44132MB
2026-05-07 17:49:30,429 - __main__ - ERROR -   Batch 38: CUDA Out of Memory (OOM) during forward pass!
2026-05-07 17:49:30,429 - __main__ - ERROR -   Memory at OOM: 44043/44132MB
2026-05-07 17:49:30,679 - __main__ - ERROR -   Batch 39: CUDA Out of Memory (OOM) during forward pass!
2026-05-07 17:49:30,679 - __main__ - ERROR -   Memory at OOM: 44043/44132MB
2026-05-07 17:49:30,929 - __main__ - ERROR -   Batch 40: CUDA Out of Memory (OOM) during forward pass!
2026-05-07 17:49:30,930 - __main__ - ERROR -   Memory at OOM: 44043/44132MB
2026-05-07 17:49:31,181 - __main__ - ERROR -   Batch 41: CUDA Out of Memory (OOM) during forward pass!
2026-05-07 17:49:31,181 - __main__ - ERROR -   Memory at OOM: 44043/44132MB
2026-05-07 17:49:31,431 - __main__ - ERROR -   Batch 42: CUDA Out of Memory (OOM) during forward pass!
2026-05-07 17:49:31,432 - __main__ - ERROR -   Memory at OOM: 44043/44132MB
2026-05-07 17:49:31,681 - __main__ - ERROR -   Batch 43: CUDA Out of Memory (OOM) during forward pass!
2026-05-07 17:49:31,682 - __main__ - ERROR -   Memory at OOM: 44043/44132MB
2026-05-07 17:49:31,932 - __main__ - ERROR -   Batch 44: CUDA Out of Memory (OOM) during forward pass!
2026-05-07 17:49:31,932 - __main__ - ERROR -   Memory at OOM: 44043/44132MB
2026-05-07 17:49:32,182 - __main__ - ERROR -   Batch 45: CUDA Out of Memory (OOM) during forward pass!
2026-05-07 17:49:32,183 - __main__ - ERROR -   Memory at OOM: 44043/44132MB
2026-05-07 17:49:32,433 - __main__ - ERROR -   Batch 46: CUDA Out of Memory (OOM) during forward pass!
2026-05-07 17:49:32,435 - __main__ - ERROR -   Memory at OOM: 44043/44132MB
2026-05-07 17:49:32,685 - __main__ - ERROR -   Batch 47: CUDA Out of Memory (OOM) during forward pass!
2026-05-07 17:49:32,685 - __main__ - ERROR -   Memory at OOM: 44043/44132MB
2026-05-07 17:49:32,936 - __main__ - ERROR -   Batch 48: CUDA Out of Memory (OOM) during forward pass!
2026-05-07 17:49:32,936 - __main__ - ERROR -   Memory at OOM: 44043/44132MB
2026-05-07 17:49:33,186 - __main__ - ERROR -   Batch 49: CUDA Out of Memory (OOM) during forward pass!
2026-05-07 17:49:33,187 - __main__ - ERROR -   Memory at OOM: 44043/44132MB
2026-05-07 17:49:33,437 - __main__ - ERROR -   Batch 50: CUDA Out of Memory (OOM) during forward pass!
2026-05-07 17:49:33,438 - __main__ - ERROR -   Memory at OOM: 44043/44132MB
2026-05-07 17:49:33,688 - __main__ - ERROR -   Batch 51: CUDA Out of Memory (OOM) during forward pass!
2026-05-07 17:49:33,689 - __main__ - ERROR -   Memory at OOM: 44043/44132MB
2026-05-07 17:49:33,939 - __main__ - ERROR -   Batch 52: CUDA Out of Memory (OOM) during forward pass!
2026-05-07 17:49:33,940 - __main__ - ERROR -   Memory at OOM: 44043/44132MB
2026-05-07 17:49:34,190 - __main__ - ERROR -   Batch 53: CUDA Out of Memory (OOM) during forward pass!
2026-05-07 17:49:34,191 - __main__ - ERROR -   Memory at OOM: 44043/44132MB
2026-05-07 17:49:34,442 - __main__ - ERROR -   Batch 54: CUDA Out of Memory (OOM) during forward pass!
2026-05-07 17:49:34,442 - __main__ - ERROR -   Memory at OOM: 44043/44132MB
2026-05-07 17:49:34,693 - __main__ - ERROR -   Batch 55: CUDA Out of Memory (OOM) during forward pass!
2026-05-07 17:49:34,693 - __main__ - ERROR -   Memory at OOM: 44043/44132MB
2026-05-07 17:49:34,943 - __main__ - ERROR -   Batch 56: CUDA Out of Memory (OOM) during forward pass!
2026-05-07 17:49:34,944 - __main__ - ERROR -   Memory at OOM: 44043/44132MB
2026-05-07 17:49:35,195 - __main__ - ERROR -   Batch 57: CUDA Out of Memory (OOM) during forward pass!
2026-05-07 17:49:35,195 - __main__ - ERROR -   Memory at OOM: 44043/44132MB
2026-05-07 17:49:35,446 - __main__ - ERROR -   Batch 58: CUDA Out of Memory (OOM) during forward pass!
2026-05-07 17:49:35,447 - __main__ - ERROR -   Memory at OOM: 44043/44132MB
2026-05-07 17:49:35,697 - __main__ - ERROR -   Batch 59: CUDA Out of Memory (OOM) during forward pass!
2026-05-07 17:49:35,697 - __main__ - ERROR -   Memory at OOM: 44043/44132MB
2026-05-07 17:49:35,947 - __main__ - ERROR -   Batch 60: CUDA Out of Memory (OOM) during forward pass!
2026-05-07 17:49:35,948 - __main__ - ERROR -   Memory at OOM: 44043/44132MB
2026-05-07 17:49:36,198 - __main__ - ERROR -   Batch 61: CUDA Out of Memory (OOM) during forward pass!
2026-05-07 17:49:36,199 - __main__ - ERROR -   Memory at OOM: 44043/44132MB
2026-05-07 17:49:36,450 - __main__ - ERROR -   Batch 62: CUDA Out of Memory (OOM) during forward pass!
2026-05-07 17:49:36,450 - __main__ - ERROR -   Memory at OOM: 44043/44132MB
2026-05-07 17:49:36,701 - __main__ - ERROR -   Batch 63: CUDA Out of Memory (OOM) during forward pass!
2026-05-07 17:49:36,702 - __main__ - ERROR -   Memory at OOM: 44043/44132MB
2026-05-07 17:49:36,953 - __main__ - ERROR -   Batch 64: CUDA Out of Memory (OOM) during forward pass!
2026-05-07 17:49:36,954 - __main__ - ERROR -   Memory at OOM: 44043/44132MB
2026-05-07 17:49:37,204 - __main__ - ERROR -   Batch 65: CUDA Out of Memory (OOM) during forward pass!
2026-05-07 17:49:37,204 - __main__ - ERROR -   Memory at OOM: 44043/44132MB
2026-05-07 17:49:37,456 - __main__ - ERROR -   Batch 66: CUDA Out of Memory (OOM) during forward pass!
2026-05-07 17:49:37,456 - __main__ - ERROR -   Memory at OOM: 44043/44132MB
2026-05-07 17:49:37,707 - __main__ - ERROR -   Batch 67: CUDA Out of Memory (OOM) during forward pass!
2026-05-07 17:49:37,708 - __main__ - ERROR -   Memory at OOM: 44043/44132MB
2026-05-07 17:49:37,957 - __main__ - ERROR -   Batch 68: CUDA Out of Memory (OOM) during forward pass!
2026-05-07 17:49:37,958 - __main__ - ERROR -   Memory at OOM: 44043/44132MB
2026-05-07 17:49:38,207 - __main__ - ERROR -   Batch 69: CUDA Out of Memory (OOM) during forward pass!
2026-05-07 17:49:38,208 - __main__ - ERROR -   Memory at OOM: 44043/44132MB
2026-05-07 17:49:38,459 - __main__ - ERROR -   Batch 70: CUDA Out of Memory (OOM) during forward pass!
2026-05-07 17:49:38,459 - __main__ - ERROR -   Memory at OOM: 44043/44132MB
2026-05-07 17:49:38,710 - __main__ - ERROR -   Batch 71: CUDA Out of Memory (OOM) during forward pass!
2026-05-07 17:49:38,710 - __main__ - ERROR -   Memory at OOM: 44043/44132MB
2026-05-07 17:49:38,961 - __main__ - ERROR -   Batch 72: CUDA Out of Memory (OOM) during forward pass!
2026-05-07 17:49:38,961 - __main__ - ERROR -   Memory at OOM: 44043/44132MB
2026-05-07 17:49:39,212 - __main__ - ERROR -   Batch 73: CUDA Out of Memory (OOM) during forward pass!
2026-05-07 17:49:39,213 - __main__ - ERROR -   Memory at OOM: 44043/44132MB
2026-05-07 17:49:39,464 - __main__ - ERROR -   Batch 74: CUDA Out of Memory (OOM) during forward pass!
2026-05-07 17:49:39,464 - __main__ - ERROR -   Memory at OOM: 44043/44132MB
2026-05-07 17:49:39,715 - __main__ - ERROR -   Batch 75: CUDA Out of Memory (OOM) during forward pass!
2026-05-07 17:49:39,717 - __main__ - ERROR -   Memory at OOM: 44043/44132MB
2026-05-07 17:49:39,968 - __main__ - ERROR -   Batch 76: CUDA Out of Memory (OOM) during forward pass!
2026-05-07 17:49:39,968 - __main__ - ERROR -   Memory at OOM: 44043/44132MB
2026-05-07 17:49:40,218 - __main__ - ERROR -   Batch 77: CUDA Out of Memory (OOM) during forward pass!
2026-05-07 17:49:40,219 - __main__ - ERROR -   Memory at OOM: 44043/44132MB
2026-05-07 17:49:40,470 - __main__ - ERROR -   Batch 78: CUDA Out of Memory (OOM) during forward pass!
2026-05-07 17:49:40,471 - __main__ - ERROR -   Memory at OOM: 44043/44132MB
2026-05-07 17:49:40,721 - __main__ - ERROR -   Batch 79: CUDA Out of Memory (OOM) during forward pass!
2026-05-07 17:49:40,722 - __main__ - ERROR -   Memory at OOM: 44043/44132MB
2026-05-07 17:49:40,972 - __main__ - ERROR -   Batch 80: CUDA Out of Memory (OOM) during forward pass!
2026-05-07 17:49:40,973 - __main__ - ERROR -   Memory at OOM: 44043/44132MB
2026-05-07 17:49:41,223 - __main__ - ERROR -   Batch 81: CUDA Out of Memory (OOM) during forward pass!
2026-05-07 17:49:41,224 - __main__ - ERROR -   Memory at OOM: 44043/44132MB
2026-05-07 17:49:41,475 - __main__ - ERROR -   Batch 82: CUDA Out of Memory (OOM) during forward pass!
2026-05-07 17:49:41,476 - __main__ - ERROR -   Memory at OOM: 44043/44132MB
2026-05-07 17:49:41,727 - __main__ - ERROR -   Batch 83: CUDA Out of Memory (OOM) during forward pass!
2026-05-07 17:49:41,728 - __main__ - ERROR -   Memory at OOM: 44043/44132MB
2026-05-07 17:49:41,979 - __main__ - ERROR -   Batch 84: CUDA Out of Memory (OOM) during forward pass!
2026-05-07 17:49:41,980 - __main__ - ERROR -   Memory at OOM: 44043/44132MB
2026-05-07 17:49:42,230 - __main__ - ERROR -   Batch 85: CUDA Out of Memory (OOM) during forward pass!
2026-05-07 17:49:42,231 - __main__ - ERROR -   Memory at OOM: 44043/44132MB
2026-05-07 17:49:42,481 - __main__ - ERROR -   Batch 86: CUDA Out of Memory (OOM) during forward pass!
2026-05-07 17:49:42,482 - __main__ - ERROR -   Memory at OOM: 44043/44132MB
2026-05-07 17:49:42,734 - __main__ - ERROR -   Batch 87: CUDA Out of Memory (OOM) during forward pass!
2026-05-07 17:49:42,734 - __main__ - ERROR -   Memory at OOM: 44043/44132MB
2026-05-07 17:49:42,984 - __main__ - ERROR -   Batch 88: CUDA Out of Memory (OOM) during forward pass!
2026-05-07 17:49:42,985 - __main__ - ERROR -   Memory at OOM: 44043/44132MB
2026-05-07 17:49:43,235 - __main__ - ERROR -   Batch 89: CUDA Out of Memory (OOM) during forward pass!
2026-05-07 17:49:43,236 - __main__ - ERROR -   Memory at OOM: 44043/44132MB
2026-05-07 17:49:43,487 - __main__ - ERROR -   Batch 90: CUDA Out of Memory (OOM) during forward pass!
2026-05-07 17:49:43,488 - __main__ - ERROR -   Memory at OOM: 44043/44132MB
2026-05-07 17:49:43,738 - __main__ - ERROR -   Batch 91: CUDA Out of Memory (OOM) during forward pass!
2026-05-07 17:49:43,739 - __main__ - ERROR -   Memory at OOM: 44043/44132MB
2026-05-07 17:49:43,990 - __main__ - ERROR -   Batch 92: CUDA Out of Memory (OOM) during forward pass!
2026-05-07 17:49:43,990 - __main__ - ERROR -   Memory at OOM: 44043/44132MB
2026-05-07 17:49:44,241 - __main__ - ERROR -   Batch 93: CUDA Out of Memory (OOM) during forward pass!
2026-05-07 17:49:44,242 - __main__ - ERROR -   Memory at OOM: 44043/44132MB
2026-05-07 17:49:44,493 - __main__ - ERROR -   Batch 94: CUDA Out of Memory (OOM) during forward pass!
2026-05-07 17:49:44,494 - __main__ - ERROR -   Memory at OOM: 44043/44132MB
2026-05-07 17:49:44,746 - __main__ - ERROR -   Batch 95: CUDA Out of Memory (OOM) during forward pass!
2026-05-07 17:49:44,746 - __main__ - ERROR -   Memory at OOM: 44043/44132MB
2026-05-07 17:49:44,997 - __main__ - ERROR -   Batch 96: CUDA Out of Memory (OOM) during forward pass!
2026-05-07 17:49:44,997 - __main__ - ERROR -   Memory at OOM: 44043/44132MB
2026-05-07 17:49:45,248 - __main__ - ERROR -   Batch 97: CUDA Out of Memory (OOM) during forward pass!
2026-05-07 17:49:45,249 - __main__ - ERROR -   Memory at OOM: 44043/44132MB
2026-05-07 17:49:45,501 - __main__ - ERROR -   Batch 98: CUDA Out of Memory (OOM) during forward pass!
2026-05-07 17:49:45,501 - __main__ - ERROR -   Memory at OOM: 44043/44132MB
2026-05-07 17:49:45,752 - __main__ - ERROR -   Batch 99: CUDA Out of Memory (OOM) during forward pass!
2026-05-07 17:49:45,753 - __main__ - ERROR -   Memory at OOM: 44043/44132MB
2026-05-07 17:49:46,004 - __main__ - ERROR -   Batch 100: CUDA Out of Memory (OOM) during forward pass!
2026-05-07 17:49:46,004 - __main__ - ERROR -   Memory at OOM: 44043/44132MB
2026-05-07 17:49:46,255 - __main__ - ERROR -   Batch 101: CUDA Out of Memory (OOM) during forward pass!
2026-05-07 17:49:46,256 - __main__ - ERROR -   Memory at OOM: 44043/44132MB
2026-05-07 17:49:46,506 - __main__ - ERROR -   Batch 102: CUDA Out of Memory (OOM) during forward pass!
2026-05-07 17:49:46,507 - __main__ - ERROR -   Memory at OOM: 44043/44132MB
2026-05-07 17:49:46,757 - __main__ - ERROR -   Batch 103: CUDA Out of Memory (OOM) during forward pass!
2026-05-07 17:49:46,758 - __main__ - ERROR -   Memory at OOM: 44043/44132MB
2026-05-07 17:49:47,009 - __main__ - ERROR -   Batch 104: CUDA Out of Memory (OOM) during forward pass!
2026-05-07 17:49:47,010 - __main__ - ERROR -   Memory at OOM: 44043/44132MB
2026-05-07 17:49:47,261 - __main__ - ERROR -   Batch 105: CUDA Out of Memory (OOM) during forward pass!
2026-05-07 17:49:47,261 - __main__ - ERROR -   Memory at OOM: 44043/44132MB
2026-05-07 17:49:47,512 - __main__ - ERROR -   Batch 106: CUDA Out of Memory (OOM) during forward pass!
2026-05-07 17:49:47,513 - __main__ - ERROR -   Memory at OOM: 44043/44132MB
2026-05-07 17:49:47,765 - __main__ - ERROR -   Batch 107: CUDA Out of Memory (OOM) during forward pass!
2026-05-07 17:49:47,766 - __main__ - ERROR -   Memory at OOM: 44043/44132MB
2026-05-07 17:49:48,016 - __main__ - ERROR -   Batch 108: CUDA Out of Memory (OOM) during forward pass!
2026-05-07 17:49:48,017 - __main__ - ERROR -   Memory at OOM: 44043/44132MB
2026-05-07 17:49:48,269 - __main__ - ERROR -   Batch 109: CUDA Out of Memory (OOM) during forward pass!
2026-05-07 17:49:48,270 - __main__ - ERROR -   Memory at OOM: 44043/44132MB
2026-05-07 17:49:48,521 - __main__ - ERROR -   Batch 110: CUDA Out of Memory (OOM) during forward pass!
2026-05-07 17:49:48,522 - __main__ - ERROR -   Memory at OOM: 44043/44132MB
2026-05-07 17:49:48,773 - __main__ - ERROR -   Batch 111: CUDA Out of Memory (OOM) during forward pass!
2026-05-07 17:49:48,773 - __main__ - ERROR -   Memory at OOM: 44043/44132MB
2026-05-07 17:49:49,025 - __main__ - ERROR -   Batch 112: CUDA Out of Memory (OOM) during forward pass!
2026-05-07 17:49:49,025 - __main__ - ERROR -   Memory at OOM: 44043/44132MB
2026-05-07 17:49:49,277 - __main__ - ERROR -   Batch 113: CUDA Out of Memory (OOM) during forward pass!
2026-05-07 17:49:49,278 - __main__ - ERROR -   Memory at OOM: 44043/44132MB
2026-05-07 17:49:49,529 - __main__ - ERROR -   Batch 114: CUDA Out of Memory (OOM) during forward pass!
2026-05-07 17:49:49,529 - __main__ - ERROR -   Memory at OOM: 44043/44132MB
2026-05-07 17:49:49,780 - __main__ - ERROR -   Batch 115: CUDA Out of Memory (OOM) during forward pass!
2026-05-07 17:49:49,780 - __main__ - ERROR -   Memory at OOM: 44043/44132MB
2026-05-07 17:49:50,032 - __main__ - ERROR -   Batch 116: CUDA Out of Memory (OOM) during forward pass!
2026-05-07 17:49:50,032 - __main__ - ERROR -   Memory at OOM: 44043/44132MB
2026-05-07 17:49:50,283 - __main__ - ERROR -   Batch 117: CUDA Out of Memory (OOM) during forward pass!
2026-05-07 17:49:50,284 - __main__ - ERROR -   Memory at OOM: 44043/44132MB
2026-05-07 17:49:50,535 - __main__ - ERROR -   Batch 118: CUDA Out of Memory (OOM) during forward pass!
2026-05-07 17:49:50,536 - __main__ - ERROR -   Memory at OOM: 44043/44132MB
2026-05-07 17:49:50,787 - __main__ - ERROR -   Batch 119: CUDA Out of Memory (OOM) during forward pass!
2026-05-07 17:49:50,787 - __main__ - ERROR -   Memory at OOM: 44043/44132MB
2026-05-07 17:49:51,038 - __main__ - ERROR -   Batch 120: CUDA Out of Memory (OOM) during forward pass!
2026-05-07 17:49:51,038 - __main__ - ERROR -   Memory at OOM: 44043/44132MB
2026-05-07 17:49:51,290 - __main__ - ERROR -   Batch 121: CUDA Out of Memory (OOM) during forward pass!
2026-05-07 17:49:51,290 - __main__ - ERROR -   Memory at OOM: 44043/44132MB
2026-05-07 17:49:51,541 - __main__ - ERROR -   Batch 122: CUDA Out of Memory (OOM) during forward pass!
2026-05-07 17:49:51,542 - __main__ - ERROR -   Memory at OOM: 44043/44132MB
2026-05-07 17:49:51,793 - __main__ - ERROR -   Batch 123: CUDA Out of Memory (OOM) during forward pass!
2026-05-07 17:49:51,793 - __main__ - ERROR -   Memory at OOM: 44043/44132MB
2026-05-07 17:49:52,045 - __main__ - ERROR -   Batch 124: CUDA Out of Memory (OOM) during forward pass!
2026-05-07 17:49:52,045 - __main__ - ERROR -   Memory at OOM: 44043/44132MB
2026-05-07 17:49:52,296 - __main__ - ERROR -   Batch 125: CUDA Out of Memory (OOM) during forward pass!
2026-05-07 17:49:52,297 - __main__ - ERROR -   Memory at OOM: 44043/44132MB
2026-05-07 17:49:52,548 - __main__ - ERROR -   Batch 126: CUDA Out of Memory (OOM) during forward pass!
2026-05-07 17:49:52,549 - __main__ - ERROR -   Memory at OOM: 44043/44132MB
2026-05-07 17:49:52,801 - __main__ - ERROR -   Batch 127: CUDA Out of Memory (OOM) during forward pass!
2026-05-07 17:49:52,801 - __main__ - ERROR -   Memory at OOM: 44043/44132MB
2026-05-07 17:49:53,052 - __main__ - ERROR -   Batch 128: CUDA Out of Memory (OOM) during forward pass!
2026-05-07 17:49:53,052 - __main__ - ERROR -   Memory at OOM: 44043/44132MB
2026-05-07 17:49:53,304 - __main__ - ERROR -   Batch 129: CUDA Out of Memory (OOM) during forward pass!
2026-05-07 17:49:53,305 - __main__ - ERROR -   Memory at OOM: 44043/44132MB
2026-05-07 17:49:53,556 - __main__ - ERROR -   Batch 130: CUDA Out of Memory (OOM) during forward pass!
2026-05-07 17:49:53,557 - __main__ - ERROR -   Memory at OOM: 44043/44132MB
2026-05-07 17:49:53,808 - __main__ - ERROR -   Batch 131: CUDA Out of Memory (OOM) during forward pass!
2026-05-07 17:49:53,809 - __main__ - ERROR -   Memory at OOM: 44043/44132MB
2026-05-07 17:49:54,060 - __main__ - ERROR -   Batch 132: CUDA Out of Memory (OOM) during forward pass!
2026-05-07 17:49:54,060 - __main__ - ERROR -   Memory at OOM: 44043/44132MB
2026-05-07 17:49:54,311 - __main__ - ERROR -   Batch 133: CUDA Out of Memory (OOM) during forward pass!
2026-05-07 17:49:54,313 - __main__ - ERROR -   Memory at OOM: 44043/44132MB
2026-05-07 17:49:54,564 - __main__ - ERROR -   Batch 134: CUDA Out of Memory (OOM) during forward pass!
2026-05-07 17:49:54,565 - __main__ - ERROR -   Memory at OOM: 44043/44132MB
2026-05-07 17:49:54,816 - __main__ - ERROR -   Batch 135: CUDA Out of Memory (OOM) during forward pass!
2026-05-07 17:49:54,816 - __main__ - ERROR -   Memory at OOM: 44043/44132MB
2026-05-07 17:49:55,068 - __main__ - ERROR -   Batch 136: CUDA Out of Memory (OOM) during forward pass!
2026-05-07 17:49:55,069 - __main__ - ERROR -   Memory at OOM: 44043/44132MB
2026-05-07 17:49:55,321 - __main__ - ERROR -   Batch 137: CUDA Out of Memory (OOM) during forward pass!
2026-05-07 17:49:55,321 - __main__ - ERROR -   Memory at OOM: 44043/44132MB
2026-05-07 17:49:55,572 - __main__ - ERROR -   Batch 138: CUDA Out of Memory (OOM) during forward pass!
2026-05-07 17:49:55,573 - __main__ - ERROR -   Memory at OOM: 44043/44132MB
2026-05-07 17:49:55,824 - __main__ - ERROR -   Batch 139: CUDA Out of Memory (OOM) during forward pass!
2026-05-07 17:49:55,825 - __main__ - ERROR -   Memory at OOM: 44043/44132MB
2026-05-07 17:49:56,075 - __main__ - ERROR -   Batch 140: CUDA Out of Memory (OOM) during forward pass!
2026-05-07 17:49:56,076 - __main__ - ERROR -   Memory at OOM: 44043/44132MB
2026-05-07 17:49:56,328 - __main__ - ERROR -   Batch 141: CUDA Out of Memory (OOM) during forward pass!
2026-05-07 17:49:56,329 - __main__ - ERROR -   Memory at OOM: 44043/44132MB
2026-05-07 17:49:56,580 - __main__ - ERROR -   Batch 142: CUDA Out of Memory (OOM) during forward pass!
2026-05-07 17:49:56,582 - __main__ - ERROR -   Memory at OOM: 44043/44132MB
2026-05-07 17:49:56,833 - __main__ - ERROR -   Batch 143: CUDA Out of Memory (OOM) during forward pass!
2026-05-07 17:49:56,834 - __main__ - ERROR -   Memory at OOM: 44043/44132MB
2026-05-07 17:49:57,085 - __main__ - ERROR -   Batch 144: CUDA Out of Memory (OOM) during forward pass!
2026-05-07 17:49:57,085 - __main__ - ERROR -   Memory at OOM: 44043/44132MB
2026-05-07 17:49:57,336 - __main__ - ERROR -   Batch 145: CUDA Out of Memory (OOM) during forward pass!
2026-05-07 17:49:57,336 - __main__ - ERROR -   Memory at OOM: 44043/44132MB
2026-05-07 17:49:57,589 - __main__ - ERROR -   Batch 146: CUDA Out of Memory (OOM) during forward pass!
2026-05-07 17:49:57,589 - __main__ - ERROR -   Memory at OOM: 44043/44132MB
2026-05-07 17:49:57,843 - __main__ - ERROR -   Batch 147: CUDA Out of Memory (OOM) during forward pass!
2026-05-07 17:49:57,843 - __main__ - ERROR -   Memory at OOM: 44043/44132MB
2026-05-07 17:49:58,094 - __main__ - ERROR -   Batch 148: CUDA Out of Memory (OOM) during forward pass!
2026-05-07 17:49:58,095 - __main__ - ERROR -   Memory at OOM: 44043/44132MB
2026-05-07 17:49:58,346 - __main__ - ERROR -   Batch 149: CUDA Out of Memory (OOM) during forward pass!
2026-05-07 17:49:58,347 - __main__ - ERROR -   Memory at OOM: 44043/44132MB
2026-05-07 17:49:58,599 - __main__ - ERROR -   Batch 150: CUDA Out of Memory (OOM) during forward pass!
2026-05-07 17:49:58,600 - __main__ - ERROR -   Memory at OOM: 44043/44132MB
2026-05-07 17:49:58,851 - __main__ - ERROR -   Batch 151: CUDA Out of Memory (OOM) during forward pass!
2026-05-07 17:49:58,852 - __main__ - ERROR -   Memory at OOM: 44043/44132MB
2026-05-07 17:49:59,103 - __main__ - ERROR -   Batch 152: CUDA Out of Memory (OOM) during forward pass!
2026-05-07 17:49:59,104 - __main__ - ERROR -   Memory at OOM: 44043/44132MB
2026-05-07 17:49:59,355 - __main__ - ERROR -   Batch 153: CUDA Out of Memory (OOM) during forward pass!
2026-05-07 17:49:59,355 - __main__ - ERROR -   Memory at OOM: 44043/44132MB
2026-05-07 17:49:59,608 - __main__ - ERROR -   Batch 154: CUDA Out of Memory (OOM) during forward pass!
2026-05-07 17:49:59,608 - __main__ - ERROR -   Memory at OOM: 44043/44132MB
2026-05-07 17:49:59,860 - __main__ - ERROR -   Batch 155: CUDA Out of Memory (OOM) during forward pass!
2026-05-07 17:49:59,861 - __main__ - ERROR -   Memory at OOM: 44043/44132MB
2026-05-07 17:50:00,112 - __main__ - ERROR -   Batch 156: CUDA Out of Memory (OOM) during forward pass!
2026-05-07 17:50:00,112 - __main__ - ERROR -   Memory at OOM: 44043/44132MB
2026-05-07 17:50:00,364 - __main__ - ERROR -   Batch 157: CUDA Out of Memory (OOM) during forward pass!
2026-05-07 17:50:00,364 - __main__ - ERROR -   Memory at OOM: 44043/44132MB
2026-05-07 17:50:00,616 - __main__ - ERROR -   Batch 158: CUDA Out of Memory (OOM) during forward pass!
2026-05-07 17:50:00,616 - __main__ - ERROR -   Memory at OOM: 44043/44132MB
2026-05-07 17:50:00,868 - __main__ - ERROR -   Batch 159: CUDA Out of Memory (OOM) during forward pass!
2026-05-07 17:50:00,868 - __main__ - ERROR -   Memory at OOM: 44043/44132MB
2026-05-07 17:50:01,120 - __main__ - ERROR -   Batch 160: CUDA Out of Memory (OOM) during forward pass!
2026-05-07 17:50:01,121 - __main__ - ERROR -   Memory at OOM: 44043/44132MB
2026-05-07 17:50:01,372 - __main__ - ERROR -   Batch 161: CUDA Out of Memory (OOM) during forward pass!
2026-05-07 17:50:01,373 - __main__ - ERROR -   Memory at OOM: 44043/44132MB
2026-05-07 17:50:01,626 - __main__ - ERROR -   Batch 162: CUDA Out of Memory (OOM) during forward pass!
2026-05-07 17:50:01,627 - __main__ - ERROR -   Memory at OOM: 44043/44132MB
2026-05-07 17:50:01,879 - __main__ - ERROR -   Batch 163: CUDA Out of Memory (OOM) during forward pass!
2026-05-07 17:50:01,879 - __main__ - ERROR -   Memory at OOM: 44043/44132MB
2026-05-07 17:50:02,131 - __main__ - ERROR -   Batch 164: CUDA Out of Memory (OOM) during forward pass!
2026-05-07 17:50:02,131 - __main__ - ERROR -   Memory at OOM: 44043/44132MB
2026-05-07 17:50:02,383 - __main__ - ERROR -   Batch 165: CUDA Out of Memory (OOM) during forward pass!
2026-05-07 17:50:02,383 - __main__ - ERROR -   Memory at OOM: 44043/44132MB
2026-05-07 17:50:02,635 - __main__ - ERROR -   Batch 166: CUDA Out of Memory (OOM) during forward pass!
2026-05-07 17:50:02,636 - __main__ - ERROR -   Memory at OOM: 44043/44132MB
2026-05-07 17:50:02,888 - __main__ - ERROR -   Batch 167: CUDA Out of Memory (OOM) during forward pass!
2026-05-07 17:50:02,888 - __main__ - ERROR -   Memory at OOM: 44043/44132MB
2026-05-07 17:50:03,140 - __main__ - ERROR -   Batch 168: CUDA Out of Memory (OOM) during forward pass!
2026-05-07 17:50:03,140 - __main__ - ERROR -   Memory at OOM: 44043/44132MB
2026-05-07 17:50:03,392 - __main__ - ERROR -   Batch 169: CUDA Out of Memory (OOM) during forward pass!
2026-05-07 17:50:03,392 - __main__ - ERROR -   Memory at OOM: 44043/44132MB
2026-05-07 17:50:03,645 - __main__ - ERROR -   Batch 170: CUDA Out of Memory (OOM) during forward pass!
2026-05-07 17:50:03,645 - __main__ - ERROR -   Memory at OOM: 44043/44132MB
2026-05-07 17:50:03,898 - __main__ - ERROR -   Batch 171: CUDA Out of Memory (OOM) during forward pass!
2026-05-07 17:50:03,899 - __main__ - ERROR -   Memory at OOM: 44043/44132MB
2026-05-07 17:50:04,150 - __main__ - ERROR -   Batch 172: CUDA Out of Memory (OOM) during forward pass!
2026-05-07 17:50:04,150 - __main__ - ERROR -   Memory at OOM: 44043/44132MB
2026-05-07 17:50:04,402 - __main__ - ERROR -   Batch 173: CUDA Out of Memory (OOM) during forward pass!
2026-05-07 17:50:04,403 - __main__ - ERROR -   Memory at OOM: 44043/44132MB
2026-05-07 17:50:04,655 - __main__ - ERROR -   Batch 174: CUDA Out of Memory (OOM) during forward pass!
2026-05-07 17:50:04,655 - __main__ - ERROR -   Memory at OOM: 44043/44132MB
2026-05-07 17:50:04,907 - __main__ - ERROR -   Batch 175: CUDA Out of Memory (OOM) during forward pass!
2026-05-07 17:50:04,908 - __main__ - ERROR -   Memory at OOM: 44043/44132MB
2026-05-07 17:50:05,160 - __main__ - ERROR -   Batch 176: CUDA Out of Memory (OOM) during forward pass!
2026-05-07 17:50:05,161 - __main__ - ERROR -   Memory at OOM: 44043/44132MB
2026-05-07 17:50:05,412 - __main__ - ERROR -   Batch 177: CUDA Out of Memory (OOM) during forward pass!
2026-05-07 17:50:05,413 - __main__ - ERROR -   Memory at OOM: 44043/44132MB
2026-05-07 17:50:05,666 - __main__ - ERROR -   Batch 178: CUDA Out of Memory (OOM) during forward pass!
2026-05-07 17:50:05,666 - __main__ - ERROR -   Memory at OOM: 44043/44132MB
2026-05-07 17:50:05,918 - __main__ - ERROR -   Batch 179: CUDA Out of Memory (OOM) during forward pass!
2026-05-07 17:50:05,919 - __main__ - ERROR -   Memory at OOM: 44043/44132MB
2026-05-07 17:50:06,170 - __main__ - ERROR -   Batch 180: CUDA Out of Memory (OOM) during forward pass!
2026-05-07 17:50:06,171 - __main__ - ERROR -   Memory at OOM: 44043/44132MB
2026-05-07 17:50:06,424 - __main__ - ERROR -   Batch 181: CUDA Out of Memory (OOM) during forward pass!
2026-05-07 17:50:06,424 - __main__ - ERROR -   Memory at OOM: 44043/44132MB
2026-05-07 17:50:06,677 - __main__ - ERROR -   Batch 182: CUDA Out of Memory (OOM) during forward pass!
2026-05-07 17:50:06,677 - __main__ - ERROR -   Memory at OOM: 44043/44132MB
2026-05-07 17:50:06,929 - __main__ - ERROR -   Batch 183: CUDA Out of Memory (OOM) during forward pass!
2026-05-07 17:50:06,929 - __main__ - ERROR -   Memory at OOM: 44043/44132MB
2026-05-07 17:50:07,181 - __main__ - ERROR -   Batch 184: CUDA Out of Memory (OOM) during forward pass!
2026-05-07 17:50:07,182 - __main__ - ERROR -   Memory at OOM: 44043/44132MB
2026-05-07 17:50:07,433 - __main__ - ERROR -   Batch 185: CUDA Out of Memory (OOM) during forward pass!
2026-05-07 17:50:07,433 - __main__ - ERROR -   Memory at OOM: 44043/44132MB
2026-05-07 17:50:07,686 - __main__ - ERROR -   Batch 186: CUDA Out of Memory (OOM) during forward pass!
2026-05-07 17:50:07,687 - __main__ - ERROR -   Memory at OOM: 44043/44132MB
2026-05-07 17:50:07,940 - __main__ - ERROR -   Batch 187: CUDA Out of Memory (OOM) during forward pass!
2026-05-07 17:50:07,940 - __main__ - ERROR -   Memory at OOM: 44043/44132MB
2026-05-07 17:50:08,192 - __main__ - ERROR -   Batch 188: CUDA Out of Memory (OOM) during forward pass!
2026-05-07 17:50:08,192 - __main__ - ERROR -   Memory at OOM: 44043/44132MB
2026-05-07 17:50:08,437 - __main__ - ERROR -   Batch 189: CUDA Out of Memory (OOM) during forward pass!
2026-05-07 17:50:08,437 - __main__ - ERROR -   Memory at OOM: 42588/44132MB
2026-05-07 17:50:08,689 - __main__ - ERROR -   Batch 190: CUDA Out of Memory (OOM) during forward pass!
2026-05-07 17:50:08,691 - __main__ - ERROR -   Memory at OOM: 44043/44132MB
2026-05-07 17:50:08,943 - __main__ - ERROR -   Batch 191: CUDA Out of Memory (OOM) during forward pass!
2026-05-07 17:50:08,943 - __main__ - ERROR -   Memory at OOM: 44043/44132MB
2026-05-07 17:50:09,195 - __main__ - ERROR -   Batch 192: CUDA Out of Memory (OOM) during forward pass!
2026-05-07 17:50:09,196 - __main__ - ERROR -   Memory at OOM: 44043/44132MB
2026-05-07 17:50:09,448 - __main__ - ERROR -   Batch 193: CUDA Out of Memory (OOM) during forward pass!
2026-05-07 17:50:09,448 - __main__ - ERROR -   Memory at OOM: 44043/44132MB
2026-05-07 17:50:09,700 - __main__ - ERROR -   Batch 194: CUDA Out of Memory (OOM) during forward pass!
2026-05-07 17:50:09,701 - __main__ - ERROR -   Memory at OOM: 44043/44132MB
2026-05-07 17:50:09,953 - __main__ - ERROR -   Batch 195: CUDA Out of Memory (OOM) during forward pass!
2026-05-07 17:50:09,953 - __main__ - ERROR -   Memory at OOM: 44043/44132MB
2026-05-07 17:50:10,206 - __main__ - ERROR -   Batch 196: CUDA Out of Memory (OOM) during forward pass!
2026-05-07 17:50:10,207 - __main__ - ERROR -   Memory at OOM: 44043/44132MB
2026-05-07 17:50:10,460 - __main__ - ERROR -   Batch 197: CUDA Out of Memory (OOM) during forward pass!
2026-05-07 17:50:10,461 - __main__ - ERROR -   Memory at OOM: 44043/44132MB
2026-05-07 17:50:10,713 - __main__ - ERROR -   Batch 198: CUDA Out of Memory (OOM) during forward pass!
2026-05-07 17:50:10,714 - __main__ - ERROR -   Memory at OOM: 44043/44132MB
2026-05-07 17:50:10,966 - __main__ - ERROR -   Batch 199: CUDA Out of Memory (OOM) during forward pass!
2026-05-07 17:50:10,966 - __main__ - ERROR -   Memory at OOM: 44043/44132MB
2026-05-07 17:50:11,219 - __main__ - ERROR -   Batch 200: CUDA Out of Memory (OOM) during forward pass!
2026-05-07 17:50:11,220 - __main__ - ERROR -   Memory at OOM: 44043/44132MB
2026-05-07 17:50:11,473 - __main__ - ERROR -   Batch 201: CUDA Out of Memory (OOM) during forward pass!
2026-05-07 17:50:11,474 - __main__ - ERROR -   Memory at OOM: 44043/44132MB
2026-05-07 17:50:11,725 - __main__ - ERROR -   Batch 202: CUDA Out of Memory (OOM) during forward pass!
2026-05-07 17:50:11,726 - __main__ - ERROR -   Memory at OOM: 44043/44132MB
2026-05-07 17:50:11,978 - __main__ - ERROR -   Batch 203: CUDA Out of Memory (OOM) during forward pass!
2026-05-07 17:50:11,979 - __main__ - ERROR -   Memory at OOM: 44043/44132MB
2026-05-07 17:50:12,231 - __main__ - ERROR -   Batch 204: CUDA Out of Memory (OOM) during forward pass!
2026-05-07 17:50:12,231 - __main__ - ERROR -   Memory at OOM: 44043/44132MB
2026-05-07 17:50:12,484 - __main__ - ERROR -   Batch 205: CUDA Out of Memory (OOM) during forward pass!
2026-05-07 17:50:12,484 - __main__ - ERROR -   Memory at OOM: 44043/44132MB
2026-05-07 17:50:12,736 - __main__ - ERROR -   Batch 206: CUDA Out of Memory (OOM) during forward pass!
2026-05-07 17:50:12,737 - __main__ - ERROR -   Memory at OOM: 44043/44132MB
2026-05-07 17:50:12,989 - __main__ - ERROR -   Batch 207: CUDA Out of Memory (OOM) during forward pass!
2026-05-07 17:50:12,990 - __main__ - ERROR -   Memory at OOM: 44043/44132MB
2026-05-07 17:50:13,242 - __main__ - ERROR -   Batch 208: CUDA Out of Memory (OOM) during forward pass!
2026-05-07 17:50:13,243 - __main__ - ERROR -   Memory at OOM: 44043/44132MB
2026-05-07 17:50:13,495 - __main__ - ERROR -   Batch 209: CUDA Out of Memory (OOM) during forward pass!
2026-05-07 17:50:13,496 - __main__ - ERROR -   Memory at OOM: 44043/44132MB
2026-05-07 17:50:13,748 - __main__ - ERROR -   Batch 210: CUDA Out of Memory (OOM) during forward pass!
2026-05-07 17:50:13,749 - __main__ - ERROR -   Memory at OOM: 44043/44132MB
2026-05-07 17:50:14,002 - __main__ - ERROR -   Batch 211: CUDA Out of Memory (OOM) during forward pass!
2026-05-07 17:50:14,002 - __main__ - ERROR -   Memory at OOM: 44043/44132MB
2026-05-07 17:50:14,254 - __main__ - ERROR -   Batch 212: CUDA Out of Memory (OOM) during forward pass!
2026-05-07 17:50:14,255 - __main__ - ERROR -   Memory at OOM: 44043/44132MB
2026-05-07 17:50:14,507 - __main__ - ERROR -   Batch 213: CUDA Out of Memory (OOM) during forward pass!
2026-05-07 17:50:14,507 - __main__ - ERROR -   Memory at OOM: 44043/44132MB
2026-05-07 17:50:14,759 - __main__ - ERROR -   Batch 214: CUDA Out of Memory (OOM) during forward pass!
2026-05-07 17:50:14,760 - __main__ - ERROR -   Memory at OOM: 44043/44132MB
2026-05-07 17:50:15,012 - __main__ - ERROR -   Batch 215: CUDA Out of Memory (OOM) during forward pass!
2026-05-07 17:50:15,013 - __main__ - ERROR -   Memory at OOM: 44043/44132MB
2026-05-07 17:50:15,265 - __main__ - ERROR -   Batch 216: CUDA Out of Memory (OOM) during forward pass!
2026-05-07 17:50:15,266 - __main__ - ERROR -   Memory at OOM: 44043/44132MB
2026-05-07 17:50:15,519 - __main__ - ERROR -   Batch 217: CUDA Out of Memory (OOM) during forward pass!
2026-05-07 17:50:15,519 - __main__ - ERROR -   Memory at OOM: 44043/44132MB
2026-05-07 17:50:15,772 - __main__ - ERROR -   Batch 218: CUDA Out of Memory (OOM) during forward pass!
2026-05-07 17:50:15,773 - __main__ - ERROR -   Memory at OOM: 44043/44132MB
2026-05-07 17:50:16,025 - __main__ - ERROR -   Batch 219: CUDA Out of Memory (OOM) during forward pass!
2026-05-07 17:50:16,025 - __main__ - ERROR -   Memory at OOM: 44043/44132MB
2026-05-07 17:50:16,279 - __main__ - ERROR -   Batch 220: CUDA Out of Memory (OOM) during forward pass!
2026-05-07 17:50:16,279 - __main__ - ERROR -   Memory at OOM: 44043/44132MB
2026-05-07 17:50:16,532 - __main__ - ERROR -   Batch 221: CUDA Out of Memory (OOM) during forward pass!
2026-05-07 17:50:16,532 - __main__ - ERROR -   Memory at OOM: 44043/44132MB
2026-05-07 17:50:16,784 - __main__ - ERROR -   Batch 222: CUDA Out of Memory (OOM) during forward pass!
2026-05-07 17:50:16,785 - __main__ - ERROR -   Memory at OOM: 44043/44132MB
2026-05-07 17:50:17,037 - __main__ - ERROR -   Batch 223: CUDA Out of Memory (OOM) during forward pass!
2026-05-07 17:50:17,038 - __main__ - ERROR -   Memory at OOM: 44043/44132MB
2026-05-07 17:50:17,290 - __main__ - ERROR -   Batch 224: CUDA Out of Memory (OOM) during forward pass!
2026-05-07 17:50:17,291 - __main__ - ERROR -   Memory at OOM: 44043/44132MB
2026-05-07 17:50:17,544 - __main__ - ERROR -   Batch 225: CUDA Out of Memory (OOM) during forward pass!
2026-05-07 17:50:17,545 - __main__ - ERROR -   Memory at OOM: 44043/44132MB
2026-05-07 17:50:17,798 - __main__ - ERROR -   Batch 226: CUDA Out of Memory (OOM) during forward pass!
2026-05-07 17:50:17,798 - __main__ - ERROR -   Memory at OOM: 44043/44132MB
2026-05-07 17:50:18,051 - __main__ - ERROR -   Batch 227: CUDA Out of Memory (OOM) during forward pass!
2026-05-07 17:50:18,052 - __main__ - ERROR -   Memory at OOM: 44043/44132MB
2026-05-07 17:50:18,304 - __main__ - ERROR -   Batch 228: CUDA Out of Memory (OOM) during forward pass!
2026-05-07 17:50:18,305 - __main__ - ERROR -   Memory at OOM: 44043/44132MB
2026-05-07 17:50:18,559 - __main__ - ERROR -   Batch 229: CUDA Out of Memory (OOM) during forward pass!
2026-05-07 17:50:18,560 - __main__ - ERROR -   Memory at OOM: 44043/44132MB
2026-05-07 17:50:18,812 - __main__ - ERROR -   Batch 230: CUDA Out of Memory (OOM) during forward pass!
2026-05-07 17:50:18,813 - __main__ - ERROR -   Memory at OOM: 44043/44132MB
2026-05-07 17:50:19,065 - __main__ - ERROR -   Batch 231: CUDA Out of Memory (OOM) during forward pass!
2026-05-07 17:50:19,065 - __main__ - ERROR -   Memory at OOM: 44043/44132MB
2026-05-07 17:50:19,318 - __main__ - ERROR -   Batch 232: CUDA Out of Memory (OOM) during forward pass!
2026-05-07 17:50:19,318 - __main__ - ERROR -   Memory at OOM: 44043/44132MB
2026-05-07 17:50:19,571 - __main__ - ERROR -   Batch 233: CUDA Out of Memory (OOM) during forward pass!
2026-05-07 17:50:19,571 - __main__ - ERROR -   Memory at OOM: 44043/44132MB
2026-05-07 17:50:19,824 - __main__ - ERROR -   Batch 234: CUDA Out of Memory (OOM) during forward pass!
2026-05-07 17:50:19,825 - __main__ - ERROR -   Memory at OOM: 44043/44132MB
2026-05-07 17:50:20,078 - __main__ - ERROR -   Batch 235: CUDA Out of Memory (OOM) during forward pass!
2026-05-07 17:50:20,078 - __main__ - ERROR -   Memory at OOM: 44043/44132MB
2026-05-07 17:50:20,331 - __main__ - ERROR -   Batch 236: CUDA Out of Memory (OOM) during forward pass!
2026-05-07 17:50:20,331 - __main__ - ERROR -   Memory at OOM: 44043/44132MB
2026-05-07 17:50:20,584 - __main__ - ERROR -   Batch 237: CUDA Out of Memory (OOM) during forward pass!
2026-05-07 17:50:20,585 - __main__ - ERROR -   Memory at OOM: 44043/44132MB
2026-05-07 17:50:20,838 - __main__ - ERROR -   Batch 238: CUDA Out of Memory (OOM) during forward pass!
2026-05-07 17:50:20,839 - __main__ - ERROR -   Memory at OOM: 44043/44132MB
2026-05-07 17:50:21,091 - __main__ - ERROR -   Batch 239: CUDA Out of Memory (OOM) during forward pass!
2026-05-07 17:50:21,091 - __main__ - ERROR -   Memory at OOM: 44043/44132MB
2026-05-07 17:50:21,344 - __main__ - ERROR -   Batch 240: CUDA Out of Memory (OOM) during forward pass!
2026-05-07 17:50:21,344 - __main__ - ERROR -   Memory at OOM: 44043/44132MB
2026-05-07 17:50:21,597 - __main__ - ERROR -   Batch 241: CUDA Out of Memory (OOM) during forward pass!
2026-05-07 17:50:21,598 - __main__ - ERROR -   Memory at OOM: 44043/44132MB
2026-05-07 17:50:21,851 - __main__ - ERROR -   Batch 242: CUDA Out of Memory (OOM) during forward pass!
2026-05-07 17:50:21,852 - __main__ - ERROR -   Memory at OOM: 44043/44132MB
2026-05-07 17:50:22,104 - __main__ - ERROR -   Batch 243: CUDA Out of Memory (OOM) during forward pass!
2026-05-07 17:50:22,105 - __main__ - ERROR -   Memory at OOM: 44043/44132MB
2026-05-07 17:50:22,359 - __main__ - ERROR -   Batch 244: CUDA Out of Memory (OOM) during forward pass!
2026-05-07 17:50:22,359 - __main__ - ERROR -   Memory at OOM: 44043/44132MB
2026-05-07 17:50:22,613 - __main__ - ERROR -   Batch 245: CUDA Out of Memory (OOM) during forward pass!
2026-05-07 17:50:22,614 - __main__ - ERROR -   Memory at OOM: 44043/44132MB
2026-05-07 17:50:22,866 - __main__ - ERROR -   Batch 246: CUDA Out of Memory (OOM) during forward pass!
2026-05-07 17:50:22,866 - __main__ - ERROR -   Memory at OOM: 44043/44132MB
2026-05-07 17:50:23,120 - __main__ - ERROR -   Batch 247: CUDA Out of Memory (OOM) during forward pass!
2026-05-07 17:50:23,120 - __main__ - ERROR -   Memory at OOM: 44043/44132MB
2026-05-07 17:50:23,374 - __main__ - ERROR -   Batch 248: CUDA Out of Memory (OOM) during forward pass!
2026-05-07 17:50:23,376 - __main__ - ERROR -   Memory at OOM: 44043/44132MB
2026-05-07 17:50:23,628 - __main__ - ERROR -   Batch 249: CUDA Out of Memory (OOM) during forward pass!
2026-05-07 17:50:23,629 - __main__ - ERROR -   Memory at OOM: 44043/44132MB
2026-05-07 17:50:23,882 - __main__ - ERROR -   Batch 250: CUDA Out of Memory (OOM) during forward pass!
2026-05-07 17:50:23,883 - __main__ - ERROR -   Memory at OOM: 44043/44132MB
2026-05-07 17:50:24,136 - __main__ - ERROR -   Batch 251: CUDA Out of Memory (OOM) during forward pass!
2026-05-07 17:50:24,136 - __main__ - ERROR -   Memory at OOM: 44043/44132MB
2026-05-07 17:50:24,389 - __main__ - ERROR -   Batch 252: CUDA Out of Memory (OOM) during forward pass!
2026-05-07 17:50:24,389 - __main__ - ERROR -   Memory at OOM: 44043/44132MB
2026-05-07 17:50:24,642 - __main__ - ERROR -   Batch 253: CUDA Out of Memory (OOM) during forward pass!
2026-05-07 17:50:24,643 - __main__ - ERROR -   Memory at OOM: 44043/44132MB
2026-05-07 17:50:24,895 - __main__ - ERROR -   Batch 254: CUDA Out of Memory (OOM) during forward pass!
2026-05-07 17:50:24,896 - __main__ - ERROR -   Memory at OOM: 44043/44132MB
2026-05-07 17:50:25,149 - __main__ - ERROR -   Batch 255: CUDA Out of Memory (OOM) during forward pass!
2026-05-07 17:50:25,149 - __main__ - ERROR -   Memory at OOM: 44043/44132MB
2026-05-07 17:50:25,402 - __main__ - ERROR -   Batch 256: CUDA Out of Memory (OOM) during forward pass!
2026-05-07 17:50:25,402 - __main__ - ERROR -   Memory at OOM: 44043/44132MB
2026-05-07 17:50:25,656 - __main__ - ERROR -   Batch 257: CUDA Out of Memory (OOM) during forward pass!
2026-05-07 17:50:25,657 - __main__ - ERROR -   Memory at OOM: 44043/44132MB
2026-05-07 17:50:25,910 - __main__ - ERROR -   Batch 258: CUDA Out of Memory (OOM) during forward pass!
2026-05-07 17:50:25,911 - __main__ - ERROR -   Memory at OOM: 44043/44132MB
2026-05-07 17:50:26,163 - __main__ - ERROR -   Batch 259: CUDA Out of Memory (OOM) during forward pass!
2026-05-07 17:50:26,164 - __main__ - ERROR -   Memory at OOM: 44043/44132MB
2026-05-07 17:50:26,418 - __main__ - ERROR -   Batch 260: CUDA Out of Memory (OOM) during forward pass!
2026-05-07 17:50:26,418 - __main__ - ERROR -   Memory at OOM: 44043/44132MB
2026-05-07 17:50:26,672 - __main__ - ERROR -   Batch 261: CUDA Out of Memory (OOM) during forward pass!
2026-05-07 17:50:26,672 - __main__ - ERROR -   Memory at OOM: 44043/44132MB
2026-05-07 17:50:26,925 - __main__ - ERROR -   Batch 262: CUDA Out of Memory (OOM) during forward pass!
2026-05-07 17:50:26,925 - __main__ - ERROR -   Memory at OOM: 44043/44132MB
2026-05-07 17:50:27,179 - __main__ - ERROR -   Batch 263: CUDA Out of Memory (OOM) during forward pass!
2026-05-07 17:50:27,180 - __main__ - ERROR -   Memory at OOM: 44043/44132MB
2026-05-07 17:50:27,433 - __main__ - ERROR -   Batch 264: CUDA Out of Memory (OOM) during forward pass!
2026-05-07 17:50:27,433 - __main__ - ERROR -   Memory at OOM: 44043/44132MB
2026-05-07 17:50:27,685 - __main__ - ERROR -   Batch 265: CUDA Out of Memory (OOM) during forward pass!
2026-05-07 17:50:27,686 - __main__ - ERROR -   Memory at OOM: 44043/44132MB
2026-05-07 17:50:27,939 - __main__ - ERROR -   Batch 266: CUDA Out of Memory (OOM) during forward pass!
2026-05-07 17:50:27,940 - __main__ - ERROR -   Memory at OOM: 44043/44132MB
2026-05-07 17:50:28,194 - __main__ - ERROR -   Batch 267: CUDA Out of Memory (OOM) during forward pass!
2026-05-07 17:50:28,195 - __main__ - ERROR -   Memory at OOM: 44043/44132MB
2026-05-07 17:50:28,448 - __main__ - ERROR -   Batch 268: CUDA Out of Memory (OOM) during forward pass!
2026-05-07 17:50:28,448 - __main__ - ERROR -   Memory at OOM: 44043/44132MB
2026-05-07 17:50:28,701 - __main__ - ERROR -   Batch 269: CUDA Out of Memory (OOM) during forward pass!
2026-05-07 17:50:28,702 - __main__ - ERROR -   Memory at OOM: 44043/44132MB
2026-05-07 17:50:28,955 - __main__ - ERROR -   Batch 270: CUDA Out of Memory (OOM) during forward pass!
2026-05-07 17:50:28,956 - __main__ - ERROR -   Memory at OOM: 44043/44132MB
2026-05-07 17:50:29,209 - __main__ - ERROR -   Batch 271: CUDA Out of Memory (OOM) during forward pass!
2026-05-07 17:50:29,210 - __main__ - ERROR -   Memory at OOM: 44043/44132MB
2026-05-07 17:50:29,462 - __main__ - ERROR -   Batch 272: CUDA Out of Memory (OOM) during forward pass!
2026-05-07 17:50:29,463 - __main__ - ERROR -   Memory at OOM: 44043/44132MB
2026-05-07 17:50:29,715 - __main__ - ERROR -   Batch 273: CUDA Out of Memory (OOM) during forward pass!
2026-05-07 17:50:29,716 - __main__ - ERROR -   Memory at OOM: 44043/44132MB
2026-05-07 17:50:29,968 - __main__ - ERROR -   Batch 274: CUDA Out of Memory (OOM) during forward pass!
2026-05-07 17:50:29,969 - __main__ - ERROR -   Memory at OOM: 44043/44132MB
2026-05-07 17:50:30,221 - __main__ - ERROR -   Batch 275: CUDA Out of Memory (OOM) during forward pass!
2026-05-07 17:50:30,222 - __main__ - ERROR -   Memory at OOM: 44043/44132MB
2026-05-07 17:50:30,476 - __main__ - ERROR -   Batch 276: CUDA Out of Memory (OOM) during forward pass!
2026-05-07 17:50:30,478 - __main__ - ERROR -   Memory at OOM: 44043/44132MB
2026-05-07 17:50:30,731 - __main__ - ERROR -   Batch 277: CUDA Out of Memory (OOM) during forward pass!
2026-05-07 17:50:30,731 - __main__ - ERROR -   Memory at OOM: 44043/44132MB
2026-05-07 17:50:30,984 - __main__ - ERROR -   Batch 278: CUDA Out of Memory (OOM) during forward pass!
2026-05-07 17:50:30,984 - __main__ - ERROR -   Memory at OOM: 44043/44132MB
2026-05-07 17:50:31,238 - __main__ - ERROR -   Batch 279: CUDA Out of Memory (OOM) during forward pass!
2026-05-07 17:50:31,239 - __main__ - ERROR -   Memory at OOM: 44043/44132MB
2026-05-07 17:50:31,493 - __main__ - ERROR -   Batch 280: CUDA Out of Memory (OOM) during forward pass!
2026-05-07 17:50:31,493 - __main__ - ERROR -   Memory at OOM: 44043/44132MB
2026-05-07 17:50:31,746 - __main__ - ERROR -   Batch 281: CUDA Out of Memory (OOM) during forward pass!
2026-05-07 17:50:31,747 - __main__ - ERROR -   Memory at OOM: 44043/44132MB
2026-05-07 17:50:32,000 - __main__ - ERROR -   Batch 282: CUDA Out of Memory (OOM) during forward pass!
2026-05-07 17:50:32,001 - __main__ - ERROR -   Memory at OOM: 44043/44132MB
2026-05-07 17:50:32,254 - __main__ - ERROR -   Batch 283: CUDA Out of Memory (OOM) during forward pass!
2026-05-07 17:50:32,255 - __main__ - ERROR -   Memory at OOM: 44043/44132MB
2026-05-07 17:50:32,508 - __main__ - ERROR -   Batch 284: CUDA Out of Memory (OOM) during forward pass!
2026-05-07 17:50:32,509 - __main__ - ERROR -   Memory at OOM: 44043/44132MB
2026-05-07 17:50:32,761 - __main__ - ERROR -   Batch 285: CUDA Out of Memory (OOM) during forward pass!
2026-05-07 17:50:32,762 - __main__ - ERROR -   Memory at OOM: 44043/44132MB
2026-05-07 17:50:33,015 - __main__ - ERROR -   Batch 286: CUDA Out of Memory (OOM) during forward pass!
2026-05-07 17:50:33,016 - __main__ - ERROR -   Memory at OOM: 44043/44132MB
2026-05-07 17:50:33,270 - __main__ - ERROR -   Batch 287: CUDA Out of Memory (OOM) during forward pass!
2026-05-07 17:50:33,271 - __main__ - ERROR -   Memory at OOM: 44043/44132MB
2026-05-07 17:50:33,524 - __main__ - ERROR -   Batch 288: CUDA Out of Memory (OOM) during forward pass!
2026-05-07 17:50:33,524 - __main__ - ERROR -   Memory at OOM: 44043/44132MB
2026-05-07 17:50:33,778 - __main__ - ERROR -   Batch 289: CUDA Out of Memory (OOM) during forward pass!
2026-05-07 17:50:33,779 - __main__ - ERROR -   Memory at OOM: 44043/44132MB
2026-05-07 17:50:34,033 - __main__ - ERROR -   Batch 290: CUDA Out of Memory (OOM) during forward pass!
2026-05-07 17:50:34,033 - __main__ - ERROR -   Memory at OOM: 44043/44132MB
2026-05-07 17:50:34,287 - __main__ - ERROR -   Batch 291: CUDA Out of Memory (OOM) during forward pass!
2026-05-07 17:50:34,287 - __main__ - ERROR -   Memory at OOM: 44043/44132MB
2026-05-07 17:50:34,540 - __main__ - ERROR -   Batch 292: CUDA Out of Memory (OOM) during forward pass!
2026-05-07 17:50:34,540 - __main__ - ERROR -   Memory at OOM: 44043/44132MB
2026-05-07 17:50:34,793 - __main__ - ERROR -   Batch 293: CUDA Out of Memory (OOM) during forward pass!
2026-05-07 17:50:34,794 - __main__ - ERROR -   Memory at OOM: 44043/44132MB
2026-05-07 17:50:35,047 - __main__ - ERROR -   Batch 294: CUDA Out of Memory (OOM) during forward pass!
2026-05-07 17:50:35,048 - __main__ - ERROR -   Memory at OOM: 44043/44132MB
2026-05-07 17:50:35,300 - __main__ - ERROR -   Batch 295: CUDA Out of Memory (OOM) during forward pass!
2026-05-07 17:50:35,301 - __main__ - ERROR -   Memory at OOM: 44043/44132MB
2026-05-07 17:50:35,555 - __main__ - ERROR -   Batch 296: CUDA Out of Memory (OOM) during forward pass!
2026-05-07 17:50:35,556 - __main__ - ERROR -   Memory at OOM: 44043/44132MB
2026-05-07 17:50:35,810 - __main__ - ERROR -   Batch 297: CUDA Out of Memory (OOM) during forward pass!
2026-05-07 17:50:35,810 - __main__ - ERROR -   Memory at OOM: 44043/44132MB
2026-05-07 17:50:36,064 - __main__ - ERROR -   Batch 298: CUDA Out of Memory (OOM) during forward pass!
2026-05-07 17:50:36,064 - __main__ - ERROR -   Memory at OOM: 44043/44132MB
2026-05-07 17:50:36,319 - __main__ - ERROR -   Batch 299: CUDA Out of Memory (OOM) during forward pass!
2026-05-07 17:50:36,320 - __main__ - ERROR -   Memory at OOM: 44043/44132MB
2026-05-07 17:50:36,576 - __main__ - ERROR -   Batch 300: CUDA Out of Memory (OOM) during forward pass!
2026-05-07 17:50:36,577 - __main__ - ERROR -   Memory at OOM: 44043/44132MB
2026-05-07 17:50:36,831 - __main__ - ERROR -   Batch 301: CUDA Out of Memory (OOM) during forward pass!
2026-05-07 17:50:36,832 - __main__ - ERROR -   Memory at OOM: 44043/44132MB
2026-05-07 17:50:37,086 - __main__ - ERROR -   Batch 302: CUDA Out of Memory (OOM) during forward pass!
2026-05-07 17:50:37,086 - __main__ - ERROR -   Memory at OOM: 44043/44132MB
2026-05-07 17:50:37,339 - __main__ - ERROR -   Batch 303: CUDA Out of Memory (OOM) during forward pass!
2026-05-07 17:50:37,340 - __main__ - ERROR -   Memory at OOM: 44043/44132MB
2026-05-07 17:50:37,593 - __main__ - ERROR -   Batch 304: CUDA Out of Memory (OOM) during forward pass!
2026-05-07 17:50:37,594 - __main__ - ERROR -   Memory at OOM: 44043/44132MB
2026-05-07 17:50:37,847 - __main__ - ERROR -   Batch 305: CUDA Out of Memory (OOM) during forward pass!
2026-05-07 17:50:37,848 - __main__ - ERROR -   Memory at OOM: 44043/44132MB
2026-05-07 17:50:38,101 - __main__ - ERROR -   Batch 306: CUDA Out of Memory (OOM) during forward pass!
2026-05-07 17:50:38,101 - __main__ - ERROR -   Memory at OOM: 44043/44132MB
2026-05-07 17:50:38,357 - __main__ - ERROR -   Batch 307: CUDA Out of Memory (OOM) during forward pass!
2026-05-07 17:50:38,358 - __main__ - ERROR -   Memory at OOM: 44043/44132MB
2026-05-07 17:50:38,613 - __main__ - ERROR -   Batch 308: CUDA Out of Memory (OOM) during forward pass!
2026-05-07 17:50:38,613 - __main__ - ERROR -   Memory at OOM: 44043/44132MB
2026-05-07 17:50:38,866 - __main__ - ERROR -   Batch 309: CUDA Out of Memory (OOM) during forward pass!
2026-05-07 17:50:38,867 - __main__ - ERROR -   Memory at OOM: 44043/44132MB
2026-05-07 17:50:39,120 - __main__ - ERROR -   Batch 310: CUDA Out of Memory (OOM) during forward pass!
2026-05-07 17:50:39,120 - __main__ - ERROR -   Memory at OOM: 44043/44132MB
2026-05-07 17:50:39,374 - __main__ - ERROR -   Batch 311: CUDA Out of Memory (OOM) during forward pass!
2026-05-07 17:50:39,375 - __main__ - ERROR -   Memory at OOM: 44043/44132MB
2026-05-07 17:50:39,629 - __main__ - ERROR -   Batch 312: CUDA Out of Memory (OOM) during forward pass!
2026-05-07 17:50:39,629 - __main__ - ERROR -   Memory at OOM: 44043/44132MB
2026-05-07 17:50:39,882 - __main__ - ERROR -   Batch 313: CUDA Out of Memory (OOM) during forward pass!
2026-05-07 17:50:39,883 - __main__ - ERROR -   Memory at OOM: 44043/44132MB
2026-05-07 17:50:40,137 - __main__ - ERROR -   Batch 314: CUDA Out of Memory (OOM) during forward pass!
2026-05-07 17:50:40,138 - __main__ - ERROR -   Memory at OOM: 44043/44132MB
2026-05-07 17:50:40,393 - __main__ - ERROR -   Batch 315: CUDA Out of Memory (OOM) during forward pass!
2026-05-07 17:50:40,393 - __main__ - ERROR -   Memory at OOM: 44043/44132MB
2026-05-07 17:50:40,649 - __main__ - ERROR -   Batch 316: CUDA Out of Memory (OOM) during forward pass!
2026-05-07 17:50:40,649 - __main__ - ERROR -   Memory at OOM: 44043/44132MB
2026-05-07 17:50:40,902 - __main__ - ERROR -   Batch 317: CUDA Out of Memory (OOM) during forward pass!
2026-05-07 17:50:40,902 - __main__ - ERROR -   Memory at OOM: 44043/44132MB
2026-05-07 17:50:41,157 - __main__ - ERROR -   Batch 318: CUDA Out of Memory (OOM) during forward pass!
2026-05-07 17:50:41,157 - __main__ - ERROR -   Memory at OOM: 44043/44132MB
2026-05-07 17:50:41,413 - __main__ - ERROR -   Batch 319: CUDA Out of Memory (OOM) during forward pass!
2026-05-07 17:50:41,413 - __main__ - ERROR -   Memory at OOM: 44043/44132MB
2026-05-07 17:50:41,667 - __main__ - ERROR -   Batch 320: CUDA Out of Memory (OOM) during forward pass!
2026-05-07 17:50:41,668 - __main__ - ERROR -   Memory at OOM: 44043/44132MB
2026-05-07 17:50:41,920 - __main__ - ERROR -   Batch 321: CUDA Out of Memory (OOM) during forward pass!
2026-05-07 17:50:41,921 - __main__ - ERROR -   Memory at OOM: 44043/44132MB
2026-05-07 17:50:42,175 - __main__ - ERROR -   Batch 322: CUDA Out of Memory (OOM) during forward pass!
2026-05-07 17:50:42,176 - __main__ - ERROR -   Memory at OOM: 44043/44132MB
2026-05-07 17:50:42,432 - __main__ - ERROR -   Batch 323: CUDA Out of Memory (OOM) during forward pass!
2026-05-07 17:50:42,432 - __main__ - ERROR -   Memory at OOM: 44043/44132MB
2026-05-07 17:50:42,687 - __main__ - ERROR -   Batch 324: CUDA Out of Memory (OOM) during forward pass!
2026-05-07 17:50:42,688 - __main__ - ERROR -   Memory at OOM: 44043/44132MB
2026-05-07 17:50:42,942 - __main__ - ERROR -   Batch 325: CUDA Out of Memory (OOM) during forward pass!
2026-05-07 17:50:42,943 - __main__ - ERROR -   Memory at OOM: 44043/44132MB
2026-05-07 17:50:43,197 - __main__ - ERROR -   Batch 326: CUDA Out of Memory (OOM) during forward pass!
2026-05-07 17:50:43,197 - __main__ - ERROR -   Memory at OOM: 44043/44132MB
2026-05-07 17:50:43,452 - __main__ - ERROR -   Batch 327: CUDA Out of Memory (OOM) during forward pass!
2026-05-07 17:50:43,452 - __main__ - ERROR -   Memory at OOM: 44043/44132MB
2026-05-07 17:50:43,707 - __main__ - ERROR -   Batch 328: CUDA Out of Memory (OOM) during forward pass!
2026-05-07 17:50:43,707 - __main__ - ERROR -   Memory at OOM: 44043/44132MB
2026-05-07 17:50:43,960 - __main__ - ERROR -   Batch 329: CUDA Out of Memory (OOM) during forward pass!
2026-05-07 17:50:43,961 - __main__ - ERROR -   Memory at OOM: 44043/44132MB
2026-05-07 17:50:44,215 - __main__ - ERROR -   Batch 330: CUDA Out of Memory (OOM) during forward pass!
2026-05-07 17:50:44,216 - __main__ - ERROR -   Memory at OOM: 44043/44132MB
2026-05-07 17:50:44,470 - __main__ - ERROR -   Batch 331: CUDA Out of Memory (OOM) during forward pass!
2026-05-07 17:50:44,471 - __main__ - ERROR -   Memory at OOM: 44043/44132MB
2026-05-07 17:50:44,724 - __main__ - ERROR -   Batch 332: CUDA Out of Memory (OOM) during forward pass!
2026-05-07 17:50:44,725 - __main__ - ERROR -   Memory at OOM: 44043/44132MB
2026-05-07 17:50:44,978 - __main__ - ERROR -   Batch 333: CUDA Out of Memory (OOM) during forward pass!
2026-05-07 17:50:44,979 - __main__ - ERROR -   Memory at OOM: 44043/44132MB
2026-05-07 17:50:45,234 - __main__ - ERROR -   Batch 334: CUDA Out of Memory (OOM) during forward pass!
2026-05-07 17:50:45,235 - __main__ - ERROR -   Memory at OOM: 44043/44132MB
2026-05-07 17:50:45,491 - __main__ - ERROR -   Batch 335: CUDA Out of Memory (OOM) during forward pass!
2026-05-07 17:50:45,492 - __main__ - ERROR -   Memory at OOM: 44043/44132MB
2026-05-07 17:50:45,746 - __main__ - ERROR -   Batch 336: CUDA Out of Memory (OOM) during forward pass!
2026-05-07 17:50:45,747 - __main__ - ERROR -   Memory at OOM: 44043/44132MB
2026-05-07 17:50:46,000 - __main__ - ERROR -   Batch 337: CUDA Out of Memory (OOM) during forward pass!
2026-05-07 17:50:46,000 - __main__ - ERROR -   Memory at OOM: 44043/44132MB
2026-05-07 17:50:46,255 - __main__ - ERROR -   Batch 338: CUDA Out of Memory (OOM) during forward pass!
2026-05-07 17:50:46,256 - __main__ - ERROR -   Memory at OOM: 44043/44132MB
2026-05-07 17:50:46,512 - __main__ - ERROR -   Batch 339: CUDA Out of Memory (OOM) during forward pass!
2026-05-07 17:50:46,512 - __main__ - ERROR -   Memory at OOM: 44043/44132MB
2026-05-07 17:50:46,767 - __main__ - ERROR -   Batch 340: CUDA Out of Memory (OOM) during forward pass!
2026-05-07 17:50:46,767 - __main__ - ERROR -   Memory at OOM: 44043/44132MB
2026-05-07 17:50:47,021 - __main__ - ERROR -   Batch 341: CUDA Out of Memory (OOM) during forward pass!
2026-05-07 17:50:47,022 - __main__ - ERROR -   Memory at OOM: 44043/44132MB
2026-05-07 17:50:47,276 - __main__ - ERROR -   Batch 342: CUDA Out of Memory (OOM) during forward pass!
2026-05-07 17:50:47,277 - __main__ - ERROR -   Memory at OOM: 44043/44132MB
2026-05-07 17:50:47,532 - __main__ - ERROR -   Batch 343: CUDA Out of Memory (OOM) during forward pass!
2026-05-07 17:50:47,532 - __main__ - ERROR -   Memory at OOM: 44043/44132MB
2026-05-07 17:50:47,787 - __main__ - ERROR -   Batch 344: CUDA Out of Memory (OOM) during forward pass!
2026-05-07 17:50:47,789 - __main__ - ERROR -   Memory at OOM: 44043/44132MB
2026-05-07 17:50:48,042 - __main__ - ERROR -   Batch 345: CUDA Out of Memory (OOM) during forward pass!
2026-05-07 17:50:48,043 - __main__ - ERROR -   Memory at OOM: 44043/44132MB
2026-05-07 17:50:48,296 - __main__ - ERROR -   Batch 346: CUDA Out of Memory (OOM) during forward pass!
2026-05-07 17:50:48,296 - __main__ - ERROR -   Memory at OOM: 44043/44132MB
2026-05-07 17:50:48,551 - __main__ - ERROR -   Batch 347: CUDA Out of Memory (OOM) during forward pass!
2026-05-07 17:50:48,551 - __main__ - ERROR -   Memory at OOM: 44043/44132MB
2026-05-07 17:50:48,805 - __main__ - ERROR -   Batch 348: CUDA Out of Memory (OOM) during forward pass!
2026-05-07 17:50:48,805 - __main__ - ERROR -   Memory at OOM: 44043/44132MB
2026-05-07 17:50:49,058 - __main__ - ERROR -   Batch 349: CUDA Out of Memory (OOM) during forward pass!
2026-05-07 17:50:49,059 - __main__ - ERROR -   Memory at OOM: 44043/44132MB
2026-05-07 17:50:49,313 - __main__ - ERROR -   Batch 350: CUDA Out of Memory (OOM) during forward pass!
2026-05-07 17:50:49,314 - __main__ - ERROR -   Memory at OOM: 44043/44132MB
2026-05-07 17:50:49,567 - __main__ - ERROR -   Batch 351: CUDA Out of Memory (OOM) during forward pass!
2026-05-07 17:50:49,568 - __main__ - ERROR -   Memory at OOM: 44043/44132MB
2026-05-07 17:50:49,822 - __main__ - ERROR -   Batch 352: CUDA Out of Memory (OOM) during forward pass!
2026-05-07 17:50:49,823 - __main__ - ERROR -   Memory at OOM: 44043/44132MB
2026-05-07 17:50:50,077 - __main__ - ERROR -   Batch 353: CUDA Out of Memory (OOM) during forward pass!
2026-05-07 17:50:50,077 - __main__ - ERROR -   Memory at OOM: 44043/44132MB
2026-05-07 17:50:50,335 - __main__ - ERROR -   Batch 354: CUDA Out of Memory (OOM) during forward pass!
2026-05-07 17:50:50,336 - __main__ - ERROR -   Memory at OOM: 44043/44132MB
2026-05-07 17:50:50,597 - __main__ - ERROR -   Batch 355: CUDA Out of Memory (OOM) during forward pass!
2026-05-07 17:50:50,598 - __main__ - ERROR -   Memory at OOM: 44043/44132MB
2026-05-07 17:50:50,854 - __main__ - ERROR -   Batch 356: CUDA Out of Memory (OOM) during forward pass!
2026-05-07 17:50:50,855 - __main__ - ERROR -   Memory at OOM: 44043/44132MB
2026-05-07 17:50:51,108 - __main__ - ERROR -   Batch 357: CUDA Out of Memory (OOM) during forward pass!
2026-05-07 17:50:51,109 - __main__ - ERROR -   Memory at OOM: 44043/44132MB
2026-05-07 17:50:51,364 - __main__ - ERROR -   Batch 358: CUDA Out of Memory (OOM) during forward pass!
2026-05-07 17:50:51,364 - __main__ - ERROR -   Memory at OOM: 44043/44132MB
2026-05-07 17:50:51,618 - __main__ - ERROR -   Batch 359: CUDA Out of Memory (OOM) during forward pass!
2026-05-07 17:50:51,619 - __main__ - ERROR -   Memory at OOM: 44043/44132MB
2026-05-07 17:50:51,874 - __main__ - ERROR -   Batch 360: CUDA Out of Memory (OOM) during forward pass!
2026-05-07 17:50:51,874 - __main__ - ERROR -   Memory at OOM: 44043/44132MB
2026-05-07 17:50:52,129 - __main__ - ERROR -   Batch 361: CUDA Out of Memory (OOM) during forward pass!
2026-05-07 17:50:52,130 - __main__ - ERROR -   Memory at OOM: 44043/44132MB
2026-05-07 17:50:52,385 - __main__ - ERROR -   Batch 362: CUDA Out of Memory (OOM) during forward pass!
2026-05-07 17:50:52,386 - __main__ - ERROR -   Memory at OOM: 44043/44132MB
2026-05-07 17:50:52,640 - __main__ - ERROR -   Batch 363: CUDA Out of Memory (OOM) during forward pass!
2026-05-07 17:50:52,641 - __main__ - ERROR -   Memory at OOM: 44043/44132MB
2026-05-07 17:50:52,895 - __main__ - ERROR -   Batch 364: CUDA Out of Memory (OOM) during forward pass!
2026-05-07 17:50:52,895 - __main__ - ERROR -   Memory at OOM: 44043/44132MB
2026-05-07 17:50:53,151 - __main__ - ERROR -   Batch 365: CUDA Out of Memory (OOM) during forward pass!
2026-05-07 17:50:53,151 - __main__ - ERROR -   Memory at OOM: 44043/44132MB
2026-05-07 17:50:53,407 - __main__ - ERROR -   Batch 366: CUDA Out of Memory (OOM) during forward pass!
2026-05-07 17:50:53,408 - __main__ - ERROR -   Memory at OOM: 44043/44132MB
2026-05-07 17:50:53,662 - __main__ - ERROR -   Batch 367: CUDA Out of Memory (OOM) during forward pass!
2026-05-07 17:50:53,663 - __main__ - ERROR -   Memory at OOM: 44043/44132MB
2026-05-07 17:50:53,915 - __main__ - ERROR -   Batch 368: CUDA Out of Memory (OOM) during forward pass!
2026-05-07 17:50:53,916 - __main__ - ERROR -   Memory at OOM: 44043/44132MB
2026-05-07 17:50:54,172 - __main__ - ERROR -   Batch 369: CUDA Out of Memory (OOM) during forward pass!
2026-05-07 17:50:54,172 - __main__ - ERROR -   Memory at OOM: 44043/44132MB
2026-05-07 17:50:54,428 - __main__ - ERROR -   Batch 370: CUDA Out of Memory (OOM) during forward pass!
2026-05-07 17:50:54,429 - __main__ - ERROR -   Memory at OOM: 44043/44132MB
2026-05-07 17:50:54,683 - __main__ - ERROR -   Batch 371: CUDA Out of Memory (OOM) during forward pass!
2026-05-07 17:50:54,683 - __main__ - ERROR -   Memory at OOM: 44043/44132MB
2026-05-07 17:50:54,936 - __main__ - ERROR -   Batch 372: CUDA Out of Memory (OOM) during forward pass!
2026-05-07 17:50:54,937 - __main__ - ERROR -   Memory at OOM: 44043/44132MB
2026-05-07 17:50:55,191 - __main__ - ERROR -   Batch 373: CUDA Out of Memory (OOM) during forward pass!
2026-05-07 17:50:55,192 - __main__ - ERROR -   Memory at OOM: 44043/44132MB
2026-05-07 17:50:55,446 - __main__ - ERROR -   Batch 374: CUDA Out of Memory (OOM) during forward pass!
2026-05-07 17:50:55,447 - __main__ - ERROR -   Memory at OOM: 44043/44132MB
2026-05-07 17:50:55,701 - __main__ - ERROR -   Batch 375: CUDA Out of Memory (OOM) during forward pass!
2026-05-07 17:50:55,702 - __main__ - ERROR -   Memory at OOM: 44043/44132MB
2026-05-07 17:50:55,955 - __main__ - ERROR -   Batch 376: CUDA Out of Memory (OOM) during forward pass!
2026-05-07 17:50:55,956 - __main__ - ERROR -   Memory at OOM: 44043/44132MB
2026-05-07 17:50:56,210 - __main__ - ERROR -   Batch 377: CUDA Out of Memory (OOM) during forward pass!
2026-05-07 17:50:56,210 - __main__ - ERROR -   Memory at OOM: 44043/44132MB
2026-05-07 17:50:56,466 - __main__ - ERROR -   Batch 378: CUDA Out of Memory (OOM) during forward pass!
2026-05-07 17:50:56,466 - __main__ - ERROR -   Memory at OOM: 44043/44132MB
2026-05-07 17:50:56,722 - __main__ - ERROR -   Batch 379: CUDA Out of Memory (OOM) during forward pass!
2026-05-07 17:50:56,722 - __main__ - ERROR -   Memory at OOM: 44043/44132MB
2026-05-07 17:50:56,976 - __main__ - ERROR -   Batch 380: CUDA Out of Memory (OOM) during forward pass!
2026-05-07 17:50:56,976 - __main__ - ERROR -   Memory at OOM: 44043/44132MB
2026-05-07 17:50:57,233 - __main__ - ERROR -   Batch 381: CUDA Out of Memory (OOM) during forward pass!
2026-05-07 17:50:57,234 - __main__ - ERROR -   Memory at OOM: 44043/44132MB
2026-05-07 17:50:57,492 - __main__ - ERROR -   Batch 382: CUDA Out of Memory (OOM) during forward pass!
2026-05-07 17:50:57,493 - __main__ - ERROR -   Memory at OOM: 44043/44132MB
2026-05-07 17:50:57,752 - __main__ - ERROR -   Batch 383: CUDA Out of Memory (OOM) during forward pass!
2026-05-07 17:50:57,753 - __main__ - ERROR -   Memory at OOM: 44043/44132MB
2026-05-07 17:50:58,007 - __main__ - ERROR -   Batch 384: CUDA Out of Memory (OOM) during forward pass!
2026-05-07 17:50:58,008 - __main__ - ERROR -   Memory at OOM: 44043/44132MB
2026-05-07 17:50:58,261 - __main__ - ERROR -   Batch 385: CUDA Out of Memory (OOM) during forward pass!
2026-05-07 17:50:58,262 - __main__ - ERROR -   Memory at OOM: 44043/44132MB
2026-05-07 17:50:58,517 - __main__ - ERROR -   Batch 386: CUDA Out of Memory (OOM) during forward pass!
2026-05-07 17:50:58,518 - __main__ - ERROR -   Memory at OOM: 44043/44132MB
2026-05-07 17:50:58,772 - __main__ - ERROR -   Batch 387: CUDA Out of Memory (OOM) during forward pass!
2026-05-07 17:50:58,773 - __main__ - ERROR -   Memory at OOM: 44043/44132MB
2026-05-07 17:50:59,027 - __main__ - ERROR -   Batch 388: CUDA Out of Memory (OOM) during forward pass!
2026-05-07 17:50:59,027 - __main__ - ERROR -   Memory at OOM: 44043/44132MB
2026-05-07 17:50:59,283 - __main__ - ERROR -   Batch 389: CUDA Out of Memory (OOM) during forward pass!
2026-05-07 17:50:59,284 - __main__ - ERROR -   Memory at OOM: 44043/44132MB
2026-05-07 17:50:59,538 - __main__ - ERROR -   Batch 390: CUDA Out of Memory (OOM) during forward pass!
2026-05-07 17:50:59,539 - __main__ - ERROR -   Memory at OOM: 44043/44132MB
2026-05-07 17:50:59,792 - __main__ - ERROR -   Batch 391: CUDA Out of Memory (OOM) during forward pass!
2026-05-07 17:50:59,793 - __main__ - ERROR -   Memory at OOM: 44043/44132MB
2026-05-07 17:51:00,047 - __main__ - ERROR -   Batch 392: CUDA Out of Memory (OOM) during forward pass!
2026-05-07 17:51:00,049 - __main__ - ERROR -   Memory at OOM: 44043/44132MB
2026-05-07 17:51:00,303 - __main__ - ERROR -   Batch 393: CUDA Out of Memory (OOM) during forward pass!
2026-05-07 17:51:00,304 - __main__ - ERROR -   Memory at OOM: 44043/44132MB
2026-05-07 17:51:00,558 - __main__ - ERROR -   Batch 394: CUDA Out of Memory (OOM) during forward pass!
2026-05-07 17:51:00,558 - __main__ - ERROR -   Memory at OOM: 44043/44132MB
2026-05-07 17:51:00,811 - __main__ - ERROR -   Batch 395: CUDA Out of Memory (OOM) during forward pass!
2026-05-07 17:51:00,812 - __main__ - ERROR -   Memory at OOM: 44043/44132MB
2026-05-07 17:51:01,066 - __main__ - ERROR -   Batch 396: CUDA Out of Memory (OOM) during forward pass!
2026-05-07 17:51:01,066 - __main__ - ERROR -   Memory at OOM: 44043/44132MB
2026-05-07 17:51:01,320 - __main__ - ERROR -   Batch 397: CUDA Out of Memory (OOM) during forward pass!
2026-05-07 17:51:01,320 - __main__ - ERROR -   Memory at OOM: 44043/44132MB
2026-05-07 17:51:01,574 - __main__ - ERROR -   Batch 398: CUDA Out of Memory (OOM) during forward pass!
2026-05-07 17:51:01,574 - __main__ - ERROR -   Memory at OOM: 44043/44132MB
2026-05-07 17:51:01,831 - __main__ - ERROR -   Batch 399: CUDA Out of Memory (OOM) during forward pass!
2026-05-07 17:51:01,831 - __main__ - ERROR -   Memory at OOM: 44043/44132MB
2026-05-07 17:51:02,091 - __main__ - ERROR -   Batch 400: CUDA Out of Memory (OOM) during forward pass!
2026-05-07 17:51:02,092 - __main__ - ERROR -   Memory at OOM: 44043/44132MB
2026-05-07 17:51:02,351 - __main__ - ERROR -   Batch 401: CUDA Out of Memory (OOM) during forward pass!
2026-05-07 17:51:02,352 - __main__ - ERROR -   Memory at OOM: 44043/44132MB
2026-05-07 17:51:02,608 - __main__ - ERROR -   Batch 402: CUDA Out of Memory (OOM) during forward pass!
2026-05-07 17:51:02,608 - __main__ - ERROR -   Memory at OOM: 44043/44132MB
2026-05-07 17:51:02,863 - __main__ - ERROR -   Batch 403: CUDA Out of Memory (OOM) during forward pass!
2026-05-07 17:51:02,864 - __main__ - ERROR -   Memory at OOM: 44043/44132MB
2026-05-07 17:51:03,119 - __main__ - ERROR -   Batch 404: CUDA Out of Memory (OOM) during forward pass!
2026-05-07 17:51:03,120 - __main__ - ERROR -   Memory at OOM: 44043/44132MB
2026-05-07 17:51:03,373 - __main__ - ERROR -   Batch 405: CUDA Out of Memory (OOM) during forward pass!
2026-05-07 17:51:03,373 - __main__ - ERROR -   Memory at OOM: 44043/44132MB
2026-05-07 17:51:03,632 - __main__ - ERROR -   Batch 406: CUDA Out of Memory (OOM) during forward pass!
2026-05-07 17:51:03,633 - __main__ - ERROR -   Memory at OOM: 44043/44132MB
2026-05-07 17:51:03,892 - __main__ - ERROR -   Batch 407: CUDA Out of Memory (OOM) during forward pass!
2026-05-07 17:51:03,892 - __main__ - ERROR -   Memory at OOM: 44043/44132MB
2026-05-07 17:51:04,152 - __main__ - ERROR -   Batch 408: CUDA Out of Memory (OOM) during forward pass!
2026-05-07 17:51:04,152 - __main__ - ERROR -   Memory at OOM: 44043/44132MB
2026-05-07 17:51:04,409 - __main__ - ERROR -   Batch 409: CUDA Out of Memory (OOM) during forward pass!
2026-05-07 17:51:04,409 - __main__ - ERROR -   Memory at OOM: 44043/44132MB
2026-05-07 17:51:04,664 - __main__ - ERROR -   Batch 410: CUDA Out of Memory (OOM) during forward pass!
2026-05-07 17:51:04,665 - __main__ - ERROR -   Memory at OOM: 44043/44132MB
2026-05-07 17:51:04,919 - __main__ - ERROR -   Batch 411: CUDA Out of Memory (OOM) during forward pass!
2026-05-07 17:51:04,920 - __main__ - ERROR -   Memory at OOM: 44043/44132MB
2026-05-07 17:51:05,175 - __main__ - ERROR -   Batch 412: CUDA Out of Memory (OOM) during forward pass!
2026-05-07 17:51:05,176 - __main__ - ERROR -   Memory at OOM: 44043/44132MB
2026-05-07 17:51:05,431 - __main__ - ERROR -   Batch 413: CUDA Out of Memory (OOM) during forward pass!
2026-05-07 17:51:05,431 - __main__ - ERROR -   Memory at OOM: 44043/44132MB
2026-05-07 17:51:05,692 - __main__ - ERROR -   Batch 414: CUDA Out of Memory (OOM) during forward pass!
2026-05-07 17:51:05,693 - __main__ - ERROR -   Memory at OOM: 44043/44132MB
2026-05-07 17:51:05,952 - __main__ - ERROR -   Batch 415: CUDA Out of Memory (OOM) during forward pass!
2026-05-07 17:51:05,952 - __main__ - ERROR -   Memory at OOM: 44043/44132MB
2026-05-07 17:51:06,209 - __main__ - ERROR -   Batch 416: CUDA Out of Memory (OOM) during forward pass!
2026-05-07 17:51:06,210 - __main__ - ERROR -   Memory at OOM: 44043/44132MB
2026-05-07 17:51:06,465 - __main__ - ERROR -   Batch 417: CUDA Out of Memory (OOM) during forward pass!
2026-05-07 17:51:06,465 - __main__ - ERROR -   Memory at OOM: 44043/44132MB
2026-05-07 17:51:06,720 - __main__ - ERROR -   Batch 418: CUDA Out of Memory (OOM) during forward pass!
2026-05-07 17:51:06,721 - __main__ - ERROR -   Memory at OOM: 44043/44132MB
2026-05-07 17:51:06,975 - __main__ - ERROR -   Batch 419: CUDA Out of Memory (OOM) during forward pass!
2026-05-07 17:51:06,975 - __main__ - ERROR -   Memory at OOM: 44043/44132MB
2026-05-07 17:51:07,229 - __main__ - ERROR -   Batch 420: CUDA Out of Memory (OOM) during forward pass!
2026-05-07 17:51:07,230 - __main__ - ERROR -   Memory at OOM: 44043/44132MB
2026-05-07 17:51:07,485 - __main__ - ERROR -   Batch 421: CUDA Out of Memory (OOM) during forward pass!
2026-05-07 17:51:07,487 - __main__ - ERROR -   Memory at OOM: 44043/44132MB
2026-05-07 17:51:07,742 - __main__ - ERROR -   Batch 422: CUDA Out of Memory (OOM) during forward pass!
2026-05-07 17:51:07,742 - __main__ - ERROR -   Memory at OOM: 44043/44132MB
2026-05-07 17:51:07,996 - __main__ - ERROR -   Batch 423: CUDA Out of Memory (OOM) during forward pass!
2026-05-07 17:51:07,997 - __main__ - ERROR -   Memory at OOM: 44043/44132MB
2026-05-07 17:51:08,250 - __main__ - ERROR -   Batch 424: CUDA Out of Memory (OOM) during forward pass!
2026-05-07 17:51:08,251 - __main__ - ERROR -   Memory at OOM: 44043/44132MB
2026-05-07 17:51:08,505 - __main__ - ERROR -   Batch 425: CUDA Out of Memory (OOM) during forward pass!
2026-05-07 17:51:08,506 - __main__ - ERROR -   Memory at OOM: 44043/44132MB
2026-05-07 17:51:08,761 - __main__ - ERROR -   Batch 426: CUDA Out of Memory (OOM) during forward pass!
2026-05-07 17:51:08,762 - __main__ - ERROR -   Memory at OOM: 44043/44132MB
2026-05-07 17:51:09,015 - __main__ - ERROR -   Batch 427: CUDA Out of Memory (OOM) during forward pass!
2026-05-07 17:51:09,016 - __main__ - ERROR -   Memory at OOM: 44043/44132MB
2026-05-07 17:51:09,269 - __main__ - ERROR -   Batch 428: CUDA Out of Memory (OOM) during forward pass!
2026-05-07 17:51:09,269 - __main__ - ERROR -   Memory at OOM: 44043/44132MB
2026-05-07 17:51:09,524 - __main__ - ERROR -   Batch 429: CUDA Out of Memory (OOM) during forward pass!
2026-05-07 17:51:09,525 - __main__ - ERROR -   Memory at OOM: 44043/44132MB
2026-05-07 17:51:09,779 - __main__ - ERROR -   Batch 430: CUDA Out of Memory (OOM) during forward pass!
2026-05-07 17:51:09,781 - __main__ - ERROR -   Memory at OOM: 44043/44132MB
2026-05-07 17:51:10,035 - __main__ - ERROR -   Batch 431: CUDA Out of Memory (OOM) during forward pass!
2026-05-07 17:51:10,036 - __main__ - ERROR -   Memory at OOM: 44043/44132MB
2026-05-07 17:51:10,290 - __main__ - ERROR -   Batch 432: CUDA Out of Memory (OOM) during forward pass!
2026-05-07 17:51:10,291 - __main__ - ERROR -   Memory at OOM: 44043/44132MB
2026-05-07 17:51:10,551 - __main__ - ERROR -   Batch 433: CUDA Out of Memory (OOM) during forward pass!
2026-05-07 17:51:10,552 - __main__ - ERROR -   Memory at OOM: 44043/44132MB
2026-05-07 17:51:10,808 - __main__ - ERROR -   Batch 434: CUDA Out of Memory (OOM) during forward pass!
2026-05-07 17:51:10,809 - __main__ - ERROR -   Memory at OOM: 44043/44132MB
2026-05-07 17:51:11,065 - __main__ - ERROR -   Batch 435: CUDA Out of Memory (OOM) during forward pass!
2026-05-07 17:51:11,066 - __main__ - ERROR -   Memory at OOM: 44043/44132MB
2026-05-07 17:51:11,321 - __main__ - ERROR -   Batch 436: CUDA Out of Memory (OOM) during forward pass!
2026-05-07 17:51:11,322 - __main__ - ERROR -   Memory at OOM: 44043/44132MB
2026-05-07 17:51:11,576 - __main__ - ERROR -   Batch 437: CUDA Out of Memory (OOM) during forward pass!
2026-05-07 17:51:11,577 - __main__ - ERROR -   Memory at OOM: 44043/44132MB
2026-05-07 17:51:11,832 - __main__ - ERROR -   Batch 438: CUDA Out of Memory (OOM) during forward pass!
2026-05-07 17:51:11,832 - __main__ - ERROR -   Memory at OOM: 44043/44132MB
2026-05-07 17:51:12,090 - __main__ - ERROR -   Batch 439: CUDA Out of Memory (OOM) during forward pass!
2026-05-07 17:51:12,090 - __main__ - ERROR -   Memory at OOM: 44043/44132MB
2026-05-07 17:51:12,350 - __main__ - ERROR -   Batch 440: CUDA Out of Memory (OOM) during forward pass!
2026-05-07 17:51:12,351 - __main__ - ERROR -   Memory at OOM: 44043/44132MB
2026-05-07 17:51:12,609 - __main__ - ERROR -   Batch 441: CUDA Out of Memory (OOM) during forward pass!
2026-05-07 17:51:12,609 - __main__ - ERROR -   Memory at OOM: 44043/44132MB
2026-05-07 17:51:12,865 - __main__ - ERROR -   Batch 442: CUDA Out of Memory (OOM) during forward pass!
2026-05-07 17:51:12,866 - __main__ - ERROR -   Memory at OOM: 44043/44132MB
2026-05-07 17:51:13,120 - __main__ - ERROR -   Batch 443: CUDA Out of Memory (OOM) during forward pass!
2026-05-07 17:51:13,121 - __main__ - ERROR -   Memory at OOM: 44043/44132MB
2026-05-07 17:51:13,375 - __main__ - ERROR -   Batch 444: CUDA Out of Memory (OOM) during forward pass!
2026-05-07 17:51:13,375 - __main__ - ERROR -   Memory at OOM: 44043/44132MB
2026-05-07 17:51:13,629 - __main__ - ERROR -   Batch 445: CUDA Out of Memory (OOM) during forward pass!
2026-05-07 17:51:13,629 - __main__ - ERROR -   Memory at OOM: 44043/44132MB
2026-05-07 17:51:13,885 - __main__ - ERROR -   Batch 446: CUDA Out of Memory (OOM) during forward pass!
2026-05-07 17:51:13,885 - __main__ - ERROR -   Memory at OOM: 44043/44132MB
2026-05-07 17:51:14,139 - __main__ - ERROR -   Batch 447: CUDA Out of Memory (OOM) during forward pass!
2026-05-07 17:51:14,139 - __main__ - ERROR -   Memory at OOM: 44043/44132MB
2026-05-07 17:51:14,393 - __main__ - ERROR -   Batch 448: CUDA Out of Memory (OOM) during forward pass!
2026-05-07 17:51:14,393 - __main__ - ERROR -   Memory at OOM: 44043/44132MB
2026-05-07 17:51:14,647 - __main__ - ERROR -   Batch 449: CUDA Out of Memory (OOM) during forward pass!
2026-05-07 17:51:14,648 - __main__ - ERROR -   Memory at OOM: 44043/44132MB
2026-05-07 17:51:14,903 - __main__ - ERROR -   Batch 450: CUDA Out of Memory (OOM) during forward pass!
2026-05-07 17:51:14,903 - __main__ - ERROR -   Memory at OOM: 44043/44132MB
2026-05-07 17:51:15,158 - __main__ - ERROR -   Batch 451: CUDA Out of Memory (OOM) during forward pass!
2026-05-07 17:51:15,159 - __main__ - ERROR -   Memory at OOM: 44043/44132MB
2026-05-07 17:51:15,412 - __main__ - ERROR -   Batch 452: CUDA Out of Memory (OOM) during forward pass!
2026-05-07 17:51:15,412 - __main__ - ERROR -   Memory at OOM: 44043/44132MB
2026-05-07 17:51:15,667 - __main__ - ERROR -   Batch 453: CUDA Out of Memory (OOM) during forward pass!
2026-05-07 17:51:15,668 - __main__ - ERROR -   Memory at OOM: 44043/44132MB
2026-05-07 17:51:15,925 - __main__ - ERROR -   Batch 454: CUDA Out of Memory (OOM) during forward pass!
2026-05-07 17:51:15,926 - __main__ - ERROR -   Memory at OOM: 44043/44132MB
2026-05-07 17:51:16,180 - __main__ - ERROR -   Batch 455: CUDA Out of Memory (OOM) during forward pass!
2026-05-07 17:51:16,180 - __main__ - ERROR -   Memory at OOM: 44043/44132MB
2026-05-07 17:51:16,435 - __main__ - ERROR -   Batch 456: CUDA Out of Memory (OOM) during forward pass!
2026-05-07 17:51:16,435 - __main__ - ERROR -   Memory at OOM: 44043/44132MB
2026-05-07 17:51:16,690 - __main__ - ERROR -   Batch 457: CUDA Out of Memory (OOM) during forward pass!
2026-05-07 17:51:16,691 - __main__ - ERROR -   Memory at OOM: 44043/44132MB
2026-05-07 17:51:16,948 - __main__ - ERROR -   Batch 458: CUDA Out of Memory (OOM) during forward pass!
2026-05-07 17:51:16,948 - __main__ - ERROR -   Memory at OOM: 44043/44132MB
2026-05-07 17:51:17,210 - __main__ - ERROR -   Batch 459: CUDA Out of Memory (OOM) during forward pass!
2026-05-07 17:51:17,212 - __main__ - ERROR -   Memory at OOM: 44043/44132MB
2026-05-07 17:51:17,469 - __main__ - ERROR -   Batch 460: CUDA Out of Memory (OOM) during forward pass!
2026-05-07 17:51:17,470 - __main__ - ERROR -   Memory at OOM: 44043/44132MB
2026-05-07 17:51:17,725 - __main__ - ERROR -   Batch 461: CUDA Out of Memory (OOM) during forward pass!
2026-05-07 17:51:17,725 - __main__ - ERROR -   Memory at OOM: 44043/44132MB
2026-05-07 17:51:17,979 - __main__ - ERROR -   Batch 462: CUDA Out of Memory (OOM) during forward pass!
2026-05-07 17:51:17,980 - __main__ - ERROR -   Memory at OOM: 44043/44132MB
2026-05-07 17:51:18,234 - __main__ - ERROR -   Batch 463: CUDA Out of Memory (OOM) during forward pass!
2026-05-07 17:51:18,235 - __main__ - ERROR -   Memory at OOM: 44043/44132MB
2026-05-07 17:51:18,488 - __main__ - ERROR -   Batch 464: CUDA Out of Memory (OOM) during forward pass!
2026-05-07 17:51:18,489 - __main__ - ERROR -   Memory at OOM: 44043/44132MB
2026-05-07 17:51:18,745 - __main__ - ERROR -   Batch 465: CUDA Out of Memory (OOM) during forward pass!
2026-05-07 17:51:18,745 - __main__ - ERROR -   Memory at OOM: 44043/44132MB
2026-05-07 17:51:19,000 - __main__ - ERROR -   Batch 466: CUDA Out of Memory (OOM) during forward pass!
2026-05-07 17:51:19,001 - __main__ - ERROR -   Memory at OOM: 44043/44132MB
2026-05-07 17:51:19,256 - __main__ - ERROR -   Batch 467: CUDA Out of Memory (OOM) during forward pass!
2026-05-07 17:51:19,256 - __main__ - ERROR -   Memory at OOM: 44043/44132MB
2026-05-07 17:51:19,511 - __main__ - ERROR -   Batch 468: CUDA Out of Memory (OOM) during forward pass!
2026-05-07 17:51:19,513 - __main__ - ERROR -   Memory at OOM: 44043/44132MB
2026-05-07 17:51:19,767 - __main__ - ERROR -   Batch 469: CUDA Out of Memory (OOM) during forward pass!
2026-05-07 17:51:19,767 - __main__ - ERROR -   Memory at OOM: 44043/44132MB
2026-05-07 17:51:20,025 - __main__ - ERROR -   Batch 470: CUDA Out of Memory (OOM) during forward pass!
2026-05-07 17:51:20,026 - __main__ - ERROR -   Memory at OOM: 44043/44132MB
2026-05-07 17:51:20,284 - __main__ - ERROR -   Batch 471: CUDA Out of Memory (OOM) during forward pass!
2026-05-07 17:51:20,285 - __main__ - ERROR -   Memory at OOM: 44043/44132MB
2026-05-07 17:51:20,540 - __main__ - ERROR -   Batch 472: CUDA Out of Memory (OOM) during forward pass!
2026-05-07 17:51:20,541 - __main__ - ERROR -   Memory at OOM: 44043/44132MB
2026-05-07 17:51:20,795 - __main__ - ERROR -   Batch 473: CUDA Out of Memory (OOM) during forward pass!
2026-05-07 17:51:20,796 - __main__ - ERROR -   Memory at OOM: 44043/44132MB
2026-05-07 17:51:21,051 - __main__ - ERROR -   Batch 474: CUDA Out of Memory (OOM) during forward pass!
2026-05-07 17:51:21,051 - __main__ - ERROR -   Memory at OOM: 44043/44132MB
2026-05-07 17:51:21,306 - __main__ - ERROR -   Batch 475: CUDA Out of Memory (OOM) during forward pass!
2026-05-07 17:51:21,306 - __main__ - ERROR -   Memory at OOM: 44043/44132MB
2026-05-07 17:51:21,569 - __main__ - ERROR -   Batch 476: CUDA Out of Memory (OOM) during forward pass!
2026-05-07 17:51:21,569 - __main__ - ERROR -   Memory at OOM: 44043/44132MB
2026-05-07 17:51:21,827 - __main__ - ERROR -   Batch 477: CUDA Out of Memory (OOM) during forward pass!
2026-05-07 17:51:21,827 - __main__ - ERROR -   Memory at OOM: 44043/44132MB
2026-05-07 17:51:22,085 - __main__ - ERROR -   Batch 478: CUDA Out of Memory (OOM) during forward pass!
2026-05-07 17:51:22,086 - __main__ - ERROR -   Memory at OOM: 44043/44132MB
2026-05-07 17:51:22,343 - __main__ - ERROR -   Batch 479: CUDA Out of Memory (OOM) during forward pass!
2026-05-07 17:51:22,343 - __main__ - ERROR -   Memory at OOM: 44043/44132MB
2026-05-07 17:51:22,600 - __main__ - ERROR -   Batch 480: CUDA Out of Memory (OOM) during forward pass!
2026-05-07 17:51:22,600 - __main__ - ERROR -   Memory at OOM: 44043/44132MB
2026-05-07 17:51:22,855 - __main__ - ERROR -   Batch 481: CUDA Out of Memory (OOM) during forward pass!
2026-05-07 17:51:22,856 - __main__ - ERROR -   Memory at OOM: 44043/44132MB
2026-05-07 17:51:23,111 - __main__ - ERROR -   Batch 482: CUDA Out of Memory (OOM) during forward pass!
2026-05-07 17:51:23,111 - __main__ - ERROR -   Memory at OOM: 44043/44132MB
2026-05-07 17:51:23,366 - __main__ - ERROR -   Batch 483: CUDA Out of Memory (OOM) during forward pass!
2026-05-07 17:51:23,366 - __main__ - ERROR -   Memory at OOM: 44043/44132MB
2026-05-07 17:51:23,627 - __main__ - ERROR -   Batch 484: CUDA Out of Memory (OOM) during forward pass!
2026-05-07 17:51:23,628 - __main__ - ERROR -   Memory at OOM: 44043/44132MB
2026-05-07 17:51:23,885 - __main__ - ERROR -   Batch 485: CUDA Out of Memory (OOM) during forward pass!
2026-05-07 17:51:23,886 - __main__ - ERROR -   Memory at OOM: 44043/44132MB
2026-05-07 17:51:24,141 - __main__ - ERROR -   Batch 486: CUDA Out of Memory (OOM) during forward pass!
2026-05-07 17:51:24,141 - __main__ - ERROR -   Memory at OOM: 44043/44132MB
2026-05-07 17:51:24,396 - __main__ - ERROR -   Batch 487: CUDA Out of Memory (OOM) during forward pass!
2026-05-07 17:51:24,397 - __main__ - ERROR -   Memory at OOM: 44043/44132MB
2026-05-07 17:51:24,652 - __main__ - ERROR -   Batch 488: CUDA Out of Memory (OOM) during forward pass!
2026-05-07 17:51:24,653 - __main__ - ERROR -   Memory at OOM: 44043/44132MB
2026-05-07 17:51:24,907 - __main__ - ERROR -   Batch 489: CUDA Out of Memory (OOM) during forward pass!
2026-05-07 17:51:24,907 - __main__ - ERROR -   Memory at OOM: 44043/44132MB
2026-05-07 17:51:25,164 - __main__ - ERROR -   Batch 490: CUDA Out of Memory (OOM) during forward pass!
2026-05-07 17:51:25,164 - __main__ - ERROR -   Memory at OOM: 44043/44132MB
2026-05-07 17:51:25,422 - __main__ - ERROR -   Batch 491: CUDA Out of Memory (OOM) during forward pass!
2026-05-07 17:51:25,422 - __main__ - ERROR -   Memory at OOM: 44043/44132MB
2026-05-07 17:51:25,678 - __main__ - ERROR -   Batch 492: CUDA Out of Memory (OOM) during forward pass!
2026-05-07 17:51:25,678 - __main__ - ERROR -   Memory at OOM: 44043/44132MB
2026-05-07 17:51:25,933 - __main__ - ERROR -   Batch 493: CUDA Out of Memory (OOM) during forward pass!
2026-05-07 17:51:25,934 - __main__ - ERROR -   Memory at OOM: 44043/44132MB
2026-05-07 17:51:26,188 - __main__ - ERROR -   Batch 494: CUDA Out of Memory (OOM) during forward pass!
2026-05-07 17:51:26,188 - __main__ - ERROR -   Memory at OOM: 44043/44132MB
2026-05-07 17:51:26,444 - __main__ - ERROR -   Batch 495: CUDA Out of Memory (OOM) during forward pass!
2026-05-07 17:51:26,445 - __main__ - ERROR -   Memory at OOM: 44043/44132MB
2026-05-07 17:51:26,707 - __main__ - ERROR -   Batch 496: CUDA Out of Memory (OOM) during forward pass!
2026-05-07 17:51:26,707 - __main__ - ERROR -   Memory at OOM: 44043/44132MB
2026-05-07 17:51:26,966 - __main__ - ERROR -   Batch 497: CUDA Out of Memory (OOM) during forward pass!
2026-05-07 17:51:26,967 - __main__ - ERROR -   Memory at OOM: 44043/44132MB
2026-05-07 17:51:27,224 - __main__ - ERROR -   Batch 498: CUDA Out of Memory (OOM) during forward pass!
2026-05-07 17:51:27,224 - __main__ - ERROR -   Memory at OOM: 44043/44132MB
2026-05-07 17:51:27,481 - __main__ - ERROR -   Batch 499: CUDA Out of Memory (OOM) during forward pass!
2026-05-07 17:51:27,481 - __main__ - ERROR -   Memory at OOM: 44043/44132MB
2026-05-07 17:51:27,736 - __main__ - ERROR -   Batch 500: CUDA Out of Memory (OOM) during forward pass!
2026-05-07 17:51:27,737 - __main__ - ERROR -   Memory at OOM: 44043/44132MB
2026-05-07 17:51:27,992 - __main__ - ERROR -   Batch 501: CUDA Out of Memory (OOM) during forward pass!
2026-05-07 17:51:27,993 - __main__ - ERROR -   Memory at OOM: 44043/44132MB
2026-05-07 17:51:28,248 - __main__ - ERROR -   Batch 502: CUDA Out of Memory (OOM) during forward pass!
2026-05-07 17:51:28,249 - __main__ - ERROR -   Memory at OOM: 44043/44132MB
2026-05-07 17:51:28,504 - __main__ - ERROR -   Batch 503: CUDA Out of Memory (OOM) during forward pass!
2026-05-07 17:51:28,505 - __main__ - ERROR -   Memory at OOM: 44043/44132MB
2026-05-07 17:51:28,766 - __main__ - ERROR -   Batch 504: CUDA Out of Memory (OOM) during forward pass!
2026-05-07 17:51:28,767 - __main__ - ERROR -   Memory at OOM: 44043/44132MB
2026-05-07 17:51:29,026 - __main__ - ERROR -   Batch 505: CUDA Out of Memory (OOM) during forward pass!
2026-05-07 17:51:29,026 - __main__ - ERROR -   Memory at OOM: 44043/44132MB
2026-05-07 17:51:29,283 - __main__ - ERROR -   Batch 506: CUDA Out of Memory (OOM) during forward pass!
2026-05-07 17:51:29,284 - __main__ - ERROR -   Memory at OOM: 44043/44132MB
2026-05-07 17:51:29,540 - __main__ - ERROR -   Batch 507: CUDA Out of Memory (OOM) during forward pass!
2026-05-07 17:51:29,540 - __main__ - ERROR -   Memory at OOM: 44043/44132MB
2026-05-07 17:51:29,796 - __main__ - ERROR -   Batch 508: CUDA Out of Memory (OOM) during forward pass!
2026-05-07 17:51:29,796 - __main__ - ERROR -   Memory at OOM: 44043/44132MB
2026-05-07 17:51:30,051 - __main__ - ERROR -   Batch 509: CUDA Out of Memory (OOM) during forward pass!
2026-05-07 17:51:30,052 - __main__ - ERROR -   Memory at OOM: 44043/44132MB
2026-05-07 17:51:30,307 - __main__ - ERROR -   Batch 510: CUDA Out of Memory (OOM) during forward pass!
2026-05-07 17:51:30,307 - __main__ - ERROR -   Memory at OOM: 44043/44132MB
2026-05-07 17:51:30,563 - __main__ - ERROR -   Batch 511: CUDA Out of Memory (OOM) during forward pass!
2026-05-07 17:51:30,564 - __main__ - ERROR -   Memory at OOM: 44043/44132MB
2026-05-07 17:51:30,826 - __main__ - ERROR -   Batch 512: CUDA Out of Memory (OOM) during forward pass!
2026-05-07 17:51:30,826 - __main__ - ERROR -   Memory at OOM: 44043/44132MB
2026-05-07 17:51:31,085 - __main__ - ERROR -   Batch 513: CUDA Out of Memory (OOM) during forward pass!
2026-05-07 17:51:31,086 - __main__ - ERROR -   Memory at OOM: 44043/44132MB
2026-05-07 17:51:31,342 - __main__ - ERROR -   Batch 514: CUDA Out of Memory (OOM) during forward pass!
2026-05-07 17:51:31,342 - __main__ - ERROR -   Memory at OOM: 44043/44132MB
2026-05-07 17:51:31,598 - __main__ - ERROR -   Batch 515: CUDA Out of Memory (OOM) during forward pass!
2026-05-07 17:51:31,599 - __main__ - ERROR -   Memory at OOM: 44043/44132MB
2026-05-07 17:51:31,855 - __main__ - ERROR -   Batch 516: CUDA Out of Memory (OOM) during forward pass!
2026-05-07 17:51:31,855 - __main__ - ERROR -   Memory at OOM: 44043/44132MB
2026-05-07 17:51:32,108 - __main__ - ERROR -   Batch 517: CUDA Out of Memory (OOM) during forward pass!
2026-05-07 17:51:32,110 - __main__ - ERROR -   Memory at OOM: 44043/44132MB
2026-05-07 17:51:32,362 - __main__ - ERROR -   Batch 518: CUDA Out of Memory (OOM) during forward pass!
2026-05-07 17:51:32,363 - __main__ - ERROR -   Memory at OOM: 44043/44132MB
2026-05-07 17:51:32,617 - __main__ - ERROR -   Batch 519: CUDA Out of Memory (OOM) during forward pass!
2026-05-07 17:51:32,617 - __main__ - ERROR -   Memory at OOM: 44043/44132MB
2026-05-07 17:51:32,872 - __main__ - ERROR -   Batch 520: CUDA Out of Memory (OOM) during forward pass!
2026-05-07 17:51:32,873 - __main__ - ERROR -   Memory at OOM: 44043/44132MB
2026-05-07 17:51:33,126 - __main__ - ERROR -   Batch 521: CUDA Out of Memory (OOM) during forward pass!
2026-05-07 17:51:33,127 - __main__ - ERROR -   Memory at OOM: 44043/44132MB
2026-05-07 17:51:33,382 - __main__ - ERROR -   Batch 522: CUDA Out of Memory (OOM) during forward pass!
2026-05-07 17:51:33,382 - __main__ - ERROR -   Memory at OOM: 44043/44132MB
2026-05-07 17:51:33,636 - __main__ - ERROR -   Batch 523: CUDA Out of Memory (OOM) during forward pass!
2026-05-07 17:51:33,637 - __main__ - ERROR -   Memory at OOM: 44043/44132MB
2026-05-07 17:51:34,156 - __main__ - ERROR -   Batch 524: CUDA Out of Memory (OOM) during forward pass!
2026-05-07 17:51:34,156 - __main__ - ERROR -   Memory at OOM: 42920/44192MB
2026-05-07 17:51:34,249 - __main__ - INFO - Epoch 1 complete in 134.28s, avg_loss=0.0000
2026-05-07 17:51:34,249 - __main__ - INFO - Train Loss: 0.0000
2026-05-07 17:51:34,250 - __main__ - INFO - Evaluating on dev set...
2026-05-07 17:51:34,250 - __main__ - INFO - Starting evaluation on 462 samples
Evaluating:   0%|          | 0/15 [00:00<?, ?it/s]Evaluating:   7%|▋         | 1/15 [00:01<00:15,  1.07s/it]Evaluating:  13%|█▎        | 2/15 [00:01<00:10,  1.24it/s]Evaluating:  20%|██        | 3/15 [00:02<00:08,  1.37it/s]Evaluating:  27%|██▋       | 4/15 [00:02<00:07,  1.46it/s]Evaluating:  33%|███▎      | 5/15 [00:03<00:06,  1.50it/s]Evaluating:  40%|████      | 6/15 [00:04<00:05,  1.51it/s]Evaluating:  47%|████▋     | 7/15 [00:04<00:05,  1.52it/s]Evaluating:  53%|█████▎    | 8/15 [00:05<00:04,  1.52it/s]Evaluating:  60%|██████    | 9/15 [00:06<00:03,  1.53it/s]2026-05-07 17:51:41,100 - __main__ - INFO -   Evaluation progress: 10/15 batches (1.46 batches/s)
Evaluating:  67%|██████▋   | 10/15 [00:06<00:03,  1.53it/s]Evaluating:  73%|███████▎  | 11/15 [00:07<00:02,  1.53it/s]Evaluating:  80%|████████  | 12/15 [00:08<00:01,  1.53it/s]Evaluating:  87%|████████▋ | 13/15 [00:08<00:01,  1.53it/s]Evaluating:  93%|█████████▎| 14/15 [00:09<00:00,  1.53it/s]Evaluating: 100%|██████████| 15/15 [00:09<00:00,  1.85it/s]                                                           2026-05-07 17:51:44,069 - __main__ - INFO - Evaluation complete in 9.82s
2026-05-07 17:51:44,069 - __main__ - INFO -   Loss: 3.3133, Accuracy: 0.0043, Precision: 0.0038, Recall: 0.0015, F1: 0.0018
2026-05-07 17:51:44,069 - __main__ - INFO - Dev Loss: 3.3133
2026-05-07 17:51:44,070 - __main__ - INFO - Dev Accuracy: 0.0043
2026-05-07 17:51:44,070 - __main__ - INFO -   New best F1! Saving best model...
2026-05-07 17:51:44,556 - __main__ - INFO - Saved checkpoint to /scratch/user/s4901673/ircbert_runs/checkpoints/best/checkpoint_epoch_1.pt
2026-05-07 17:51:45,046 - __main__ - INFO - Saved checkpoint to /scratch/user/s4901673/ircbert_runs/checkpoints/checkpoint_epoch_1.pt
2026-05-07 17:51:45,047 - __main__ - INFO - Epoch 2/3
2026-05-07 17:51:45,047 - __main__ - INFO - --------------------------------------------------------------------------------
2026-05-07 17:51:45,048 - __main__ - INFO - Starting epoch 2 with 524 batches
2026-05-07 17:51:45,638 - __main__ - ERROR -   Batch 1: CUDA Out of Memory (OOM) during forward pass!
2026-05-07 17:51:45,639 - __main__ - ERROR -   Memory at OOM: 43323/44938MB
2026-05-07 17:51:45,658 - __main__ - ERROR -   Batch 2: CUDA Out of Memory (OOM) during forward pass!
2026-05-07 17:51:45,658 - __main__ - ERROR -   Memory at OOM: 42601/44938MB
2026-05-07 17:51:45,909 - __main__ - ERROR -   Batch 3: CUDA Out of Memory (OOM) during forward pass!
2026-05-07 17:51:45,909 - __main__ - ERROR -   Memory at OOM: 42601/44938MB
2026-05-07 17:51:46,158 - __main__ - ERROR -   Batch 4: CUDA Out of Memory (OOM) during forward pass!
2026-05-07 17:51:46,159 - __main__ - ERROR -   Memory at OOM: 42601/44938MB
2026-05-07 17:51:46,408 - __main__ - ERROR -   Batch 5: CUDA Out of Memory (OOM) during forward pass!
2026-05-07 17:51:46,409 - __main__ - ERROR -   Memory at OOM: 42601/44938MB
2026-05-07 17:51:46,664 - __main__ - ERROR -   Batch 6: CUDA Out of Memory (OOM) during forward pass!
2026-05-07 17:51:46,664 - __main__ - ERROR -   Memory at OOM: 42601/44938MB
2026-05-07 17:51:46,916 - __main__ - ERROR -   Batch 7: CUDA Out of Memory (OOM) during forward pass!
2026-05-07 17:51:46,916 - __main__ - ERROR -   Memory at OOM: 42601/44938MB
2026-05-07 17:51:47,173 - __main__ - ERROR -   Batch 8: CUDA Out of Memory (OOM) during forward pass!
2026-05-07 17:51:47,174 - __main__ - ERROR -   Memory at OOM: 42601/44938MB
2026-05-07 17:51:47,425 - __main__ - ERROR -   Batch 9: CUDA Out of Memory (OOM) during forward pass!
2026-05-07 17:51:47,425 - __main__ - ERROR -   Memory at OOM: 42601/44938MB
2026-05-07 17:51:47,675 - __main__ - ERROR -   Batch 10: CUDA Out of Memory (OOM) during forward pass!
2026-05-07 17:51:47,676 - __main__ - ERROR -   Memory at OOM: 42601/44938MB
2026-05-07 17:51:47,928 - __main__ - ERROR -   Batch 11: CUDA Out of Memory (OOM) during forward pass!
2026-05-07 17:51:47,928 - __main__ - ERROR -   Memory at OOM: 42601/44938MB
2026-05-07 17:51:48,185 - __main__ - ERROR -   Batch 12: CUDA Out of Memory (OOM) during forward pass!
2026-05-07 17:51:48,186 - __main__ - ERROR -   Memory at OOM: 42601/44938MB
2026-05-07 17:51:48,437 - __main__ - ERROR -   Batch 13: CUDA Out of Memory (OOM) during forward pass!
2026-05-07 17:51:48,437 - __main__ - ERROR -   Memory at OOM: 42601/44938MB
2026-05-07 17:51:48,691 - __main__ - ERROR -   Batch 14: CUDA Out of Memory (OOM) during forward pass!
2026-05-07 17:51:48,691 - __main__ - ERROR -   Memory at OOM: 42601/44938MB
2026-05-07 17:51:48,943 - __main__ - ERROR -   Batch 15: CUDA Out of Memory (OOM) during forward pass!
2026-05-07 17:51:48,943 - __main__ - ERROR -   Memory at OOM: 42601/44938MB
2026-05-07 17:51:49,195 - __main__ - ERROR -   Batch 16: CUDA Out of Memory (OOM) during forward pass!
2026-05-07 17:51:49,195 - __main__ - ERROR -   Memory at OOM: 42601/44938MB
2026-05-07 17:51:49,451 - __main__ - ERROR -   Batch 17: CUDA Out of Memory (OOM) during forward pass!
2026-05-07 17:51:49,452 - __main__ - ERROR -   Memory at OOM: 42601/44938MB
2026-05-07 17:51:49,703 - __main__ - ERROR -   Batch 18: CUDA Out of Memory (OOM) during forward pass!
2026-05-07 17:51:49,704 - __main__ - ERROR -   Memory at OOM: 42601/44938MB
2026-05-07 17:51:49,954 - __main__ - ERROR -   Batch 19: CUDA Out of Memory (OOM) during forward pass!
2026-05-07 17:51:49,955 - __main__ - ERROR -   Memory at OOM: 42601/44938MB
2026-05-07 17:51:50,210 - __main__ - ERROR -   Batch 20: CUDA Out of Memory (OOM) during forward pass!
2026-05-07 17:51:50,211 - __main__ - ERROR -   Memory at OOM: 42601/44938MB
2026-05-07 17:51:50,462 - __main__ - ERROR -   Batch 21: CUDA Out of Memory (OOM) during forward pass!
2026-05-07 17:51:50,463 - __main__ - ERROR -   Memory at OOM: 42601/44938MB
2026-05-07 17:51:50,712 - __main__ - ERROR -   Batch 22: CUDA Out of Memory (OOM) during forward pass!
2026-05-07 17:51:50,713 - __main__ - ERROR -   Memory at OOM: 42601/44938MB
2026-05-07 17:51:50,963 - __main__ - ERROR -   Batch 23: CUDA Out of Memory (OOM) during forward pass!
2026-05-07 17:51:50,964 - __main__ - ERROR -   Memory at OOM: 42601/44938MB
2026-05-07 17:51:51,215 - __main__ - ERROR -   Batch 24: CUDA Out of Memory (OOM) during forward pass!
2026-05-07 17:51:51,215 - __main__ - ERROR -   Memory at OOM: 42601/44938MB
2026-05-07 17:51:51,471 - __main__ - ERROR -   Batch 25: CUDA Out of Memory (OOM) during forward pass!
2026-05-07 17:51:51,471 - __main__ - ERROR -   Memory at OOM: 42601/44938MB
2026-05-07 17:51:51,722 - __main__ - ERROR -   Batch 26: CUDA Out of Memory (OOM) during forward pass!
2026-05-07 17:51:51,723 - __main__ - ERROR -   Memory at OOM: 41196/44938MB
2026-05-07 17:51:51,964 - __main__ - ERROR -   Batch 27: CUDA Out of Memory (OOM) during forward pass!
2026-05-07 17:51:51,964 - __main__ - ERROR -   Memory at OOM: 42601/44938MB
2026-05-07 17:51:52,213 - __main__ - ERROR -   Batch 28: CUDA Out of Memory (OOM) during forward pass!
2026-05-07 17:51:52,213 - __main__ - ERROR -   Memory at OOM: 42601/44938MB
2026-05-07 17:51:52,464 - __main__ - ERROR -   Batch 29: CUDA Out of Memory (OOM) during forward pass!
2026-05-07 17:51:52,465 - __main__ - ERROR -   Memory at OOM: 42601/44938MB
2026-05-07 17:51:52,714 - __main__ - ERROR -   Batch 30: CUDA Out of Memory (OOM) during forward pass!
2026-05-07 17:51:52,714 - __main__ - ERROR -   Memory at OOM: 42601/44938MB
2026-05-07 17:51:52,966 - __main__ - ERROR -   Batch 31: CUDA Out of Memory (OOM) during forward pass!
2026-05-07 17:51:52,967 - __main__ - ERROR -   Memory at OOM: 42601/44938MB
2026-05-07 17:51:53,221 - __main__ - ERROR -   Batch 32: CUDA Out of Memory (OOM) during forward pass!
2026-05-07 17:51:53,221 - __main__ - ERROR -   Memory at OOM: 42601/44938MB
2026-05-07 17:51:53,470 - __main__ - ERROR -   Batch 33: CUDA Out of Memory (OOM) during forward pass!
2026-05-07 17:51:53,470 - __main__ - ERROR -   Memory at OOM: 42601/44938MB
2026-05-07 17:51:53,719 - __main__ - ERROR -   Batch 34: CUDA Out of Memory (OOM) during forward pass!
2026-05-07 17:51:53,720 - __main__ - ERROR -   Memory at OOM: 42601/44938MB
2026-05-07 17:51:53,971 - __main__ - ERROR -   Batch 35: CUDA Out of Memory (OOM) during forward pass!
2026-05-07 17:51:53,972 - __main__ - ERROR -   Memory at OOM: 42601/44938MB
2026-05-07 17:51:54,221 - __main__ - ERROR -   Batch 36: CUDA Out of Memory (OOM) during forward pass!
2026-05-07 17:51:54,222 - __main__ - ERROR -   Memory at OOM: 42601/44938MB
2026-05-07 17:51:54,471 - __main__ - ERROR -   Batch 37: CUDA Out of Memory (OOM) during forward pass!
2026-05-07 17:51:54,472 - __main__ - ERROR -   Memory at OOM: 42601/44938MB
2026-05-07 17:51:54,723 - __main__ - ERROR -   Batch 38: CUDA Out of Memory (OOM) during forward pass!
2026-05-07 17:51:54,724 - __main__ - ERROR -   Memory at OOM: 42601/44938MB
2026-05-07 17:51:54,972 - __main__ - ERROR -   Batch 39: CUDA Out of Memory (OOM) during forward pass!
2026-05-07 17:51:54,973 - __main__ - ERROR -   Memory at OOM: 42601/44938MB
2026-05-07 17:51:55,222 - __main__ - ERROR -   Batch 40: CUDA Out of Memory (OOM) during forward pass!
2026-05-07 17:51:55,223 - __main__ - ERROR -   Memory at OOM: 42601/44938MB
2026-05-07 17:51:55,471 - __main__ - ERROR -   Batch 41: CUDA Out of Memory (OOM) during forward pass!
2026-05-07 17:51:55,471 - __main__ - ERROR -   Memory at OOM: 42601/44938MB
2026-05-07 17:51:55,721 - __main__ - ERROR -   Batch 42: CUDA Out of Memory (OOM) during forward pass!
2026-05-07 17:51:55,721 - __main__ - ERROR -   Memory at OOM: 42601/44938MB
2026-05-07 17:51:55,971 - __main__ - ERROR -   Batch 43: CUDA Out of Memory (OOM) during forward pass!
2026-05-07 17:51:55,972 - __main__ - ERROR -   Memory at OOM: 42601/44938MB
2026-05-07 17:51:56,223 - __main__ - ERROR -   Batch 44: CUDA Out of Memory (OOM) during forward pass!
2026-05-07 17:51:56,223 - __main__ - ERROR -   Memory at OOM: 42601/44938MB
2026-05-07 17:51:56,473 - __main__ - ERROR -   Batch 45: CUDA Out of Memory (OOM) during forward pass!
2026-05-07 17:51:56,473 - __main__ - ERROR -   Memory at OOM: 42601/44938MB
2026-05-07 17:51:56,733 - __main__ - ERROR -   Batch 46: CUDA Out of Memory (OOM) during forward pass!
2026-05-07 17:51:56,733 - __main__ - ERROR -   Memory at OOM: 42601/44938MB
2026-05-07 17:51:56,984 - __main__ - ERROR -   Batch 47: CUDA Out of Memory (OOM) during forward pass!
2026-05-07 17:51:56,984 - __main__ - ERROR -   Memory at OOM: 42601/44938MB
2026-05-07 17:51:57,236 - __main__ - ERROR -   Batch 48: CUDA Out of Memory (OOM) during forward pass!
2026-05-07 17:51:57,237 - __main__ - ERROR -   Memory at OOM: 42601/44938MB
2026-05-07 17:51:57,491 - __main__ - ERROR -   Batch 49: CUDA Out of Memory (OOM) during forward pass!
2026-05-07 17:51:57,492 - __main__ - ERROR -   Memory at OOM: 42601/44938MB
2026-05-07 17:51:57,741 - __main__ - ERROR -   Batch 50: CUDA Out of Memory (OOM) during forward pass!
2026-05-07 17:51:57,741 - __main__ - ERROR -   Memory at OOM: 42601/44938MB
2026-05-07 17:51:57,991 - __main__ - ERROR -   Batch 51: CUDA Out of Memory (OOM) during forward pass!
2026-05-07 17:51:57,992 - __main__ - ERROR -   Memory at OOM: 42601/44938MB
2026-05-07 17:51:58,241 - __main__ - ERROR -   Batch 52: CUDA Out of Memory (OOM) during forward pass!
2026-05-07 17:51:58,242 - __main__ - ERROR -   Memory at OOM: 42601/44938MB
2026-05-07 17:51:58,490 - __main__ - ERROR -   Batch 53: CUDA Out of Memory (OOM) during forward pass!
2026-05-07 17:51:58,490 - __main__ - ERROR -   Memory at OOM: 42601/44938MB
2026-05-07 17:51:58,739 - __main__ - ERROR -   Batch 54: CUDA Out of Memory (OOM) during forward pass!
2026-05-07 17:51:58,739 - __main__ - ERROR -   Memory at OOM: 42601/44938MB
2026-05-07 17:51:58,989 - __main__ - ERROR -   Batch 55: CUDA Out of Memory (OOM) during forward pass!
2026-05-07 17:51:58,990 - __main__ - ERROR -   Memory at OOM: 42601/44938MB
2026-05-07 17:51:59,241 - __main__ - ERROR -   Batch 56: CUDA Out of Memory (OOM) during forward pass!
2026-05-07 17:51:59,241 - __main__ - ERROR -   Memory at OOM: 42601/44938MB
2026-05-07 17:51:59,493 - __main__ - ERROR -   Batch 57: CUDA Out of Memory (OOM) during forward pass!
2026-05-07 17:51:59,493 - __main__ - ERROR -   Memory at OOM: 42601/44938MB
2026-05-07 17:51:59,753 - __main__ - ERROR -   Batch 58: CUDA Out of Memory (OOM) during forward pass!
2026-05-07 17:51:59,753 - __main__ - ERROR -   Memory at OOM: 42601/44938MB
2026-05-07 17:52:00,008 - __main__ - ERROR -   Batch 59: CUDA Out of Memory (OOM) during forward pass!
2026-05-07 17:52:00,009 - __main__ - ERROR -   Memory at OOM: 42601/44938MB
2026-05-07 17:52:00,259 - __main__ - ERROR -   Batch 60: CUDA Out of Memory (OOM) during forward pass!
2026-05-07 17:52:00,259 - __main__ - ERROR -   Memory at OOM: 42601/44938MB
2026-05-07 17:52:00,511 - __main__ - ERROR -   Batch 61: CUDA Out of Memory (OOM) during forward pass!
2026-05-07 17:52:00,511 - __main__ - ERROR -   Memory at OOM: 42601/44938MB
2026-05-07 17:52:00,763 - __main__ - ERROR -   Batch 62: CUDA Out of Memory (OOM) during forward pass!
2026-05-07 17:52:00,763 - __main__ - ERROR -   Memory at OOM: 42601/44938MB
2026-05-07 17:52:01,015 - __main__ - ERROR -   Batch 63: CUDA Out of Memory (OOM) during forward pass!
2026-05-07 17:52:01,015 - __main__ - ERROR -   Memory at OOM: 42601/44938MB
2026-05-07 17:52:01,268 - __main__ - ERROR -   Batch 64: CUDA Out of Memory (OOM) during forward pass!
2026-05-07 17:52:01,269 - __main__ - ERROR -   Memory at OOM: 42601/44938MB
2026-05-07 17:52:01,519 - __main__ - ERROR -   Batch 65: CUDA Out of Memory (OOM) during forward pass!
2026-05-07 17:52:01,519 - __main__ - ERROR -   Memory at OOM: 42601/44938MB
2026-05-07 17:52:01,773 - __main__ - ERROR -   Batch 66: CUDA Out of Memory (OOM) during forward pass!
2026-05-07 17:52:01,774 - __main__ - ERROR -   Memory at OOM: 42601/44938MB
2026-05-07 17:52:02,029 - __main__ - ERROR -   Batch 67: CUDA Out of Memory (OOM) during forward pass!
2026-05-07 17:52:02,030 - __main__ - ERROR -   Memory at OOM: 42601/44938MB
2026-05-07 17:52:02,280 - __main__ - ERROR -   Batch 68: CUDA Out of Memory (OOM) during forward pass!
2026-05-07 17:52:02,281 - __main__ - ERROR -   Memory at OOM: 42601/44938MB
2026-05-07 17:52:02,534 - __main__ - ERROR -   Batch 69: CUDA Out of Memory (OOM) during forward pass!
2026-05-07 17:52:02,534 - __main__ - ERROR -   Memory at OOM: 42601/44938MB
2026-05-07 17:52:02,788 - __main__ - ERROR -   Batch 70: CUDA Out of Memory (OOM) during forward pass!
2026-05-07 17:52:02,788 - __main__ - ERROR -   Memory at OOM: 42601/44938MB
2026-05-07 17:52:03,040 - __main__ - ERROR -   Batch 71: CUDA Out of Memory (OOM) during forward pass!
2026-05-07 17:52:03,041 - __main__ - ERROR -   Memory at OOM: 42601/44938MB
2026-05-07 17:52:03,297 - __main__ - ERROR -   Batch 72: CUDA Out of Memory (OOM) during forward pass!
2026-05-07 17:52:03,298 - __main__ - ERROR -   Memory at OOM: 42601/44938MB
2026-05-07 17:52:03,547 - __main__ - ERROR -   Batch 73: CUDA Out of Memory (OOM) during forward pass!
2026-05-07 17:52:03,547 - __main__ - ERROR -   Memory at OOM: 42601/44938MB
2026-05-07 17:52:03,799 - __main__ - ERROR -   Batch 74: CUDA Out of Memory (OOM) during forward pass!
2026-05-07 17:52:03,799 - __main__ - ERROR -   Memory at OOM: 42601/44938MB
2026-05-07 17:52:04,053 - __main__ - ERROR -   Batch 75: CUDA Out of Memory (OOM) during forward pass!
2026-05-07 17:52:04,054 - __main__ - ERROR -   Memory at OOM: 42601/44938MB
2026-05-07 17:52:04,308 - __main__ - ERROR -   Batch 76: CUDA Out of Memory (OOM) during forward pass!
2026-05-07 17:52:04,309 - __main__ - ERROR -   Memory at OOM: 42601/44938MB
2026-05-07 17:52:04,559 - __main__ - ERROR -   Batch 77: CUDA Out of Memory (OOM) during forward pass!
2026-05-07 17:52:04,560 - __main__ - ERROR -   Memory at OOM: 42601/44938MB
2026-05-07 17:52:04,813 - __main__ - ERROR -   Batch 78: CUDA Out of Memory (OOM) during forward pass!
2026-05-07 17:52:04,813 - __main__ - ERROR -   Memory at OOM: 42601/44938MB
2026-05-07 17:52:05,067 - __main__ - ERROR -   Batch 79: CUDA Out of Memory (OOM) during forward pass!
2026-05-07 17:52:05,068 - __main__ - ERROR -   Memory at OOM: 42601/44938MB
2026-05-07 17:52:05,319 - __main__ - ERROR -   Batch 80: CUDA Out of Memory (OOM) during forward pass!
2026-05-07 17:52:05,320 - __main__ - ERROR -   Memory at OOM: 42601/44938MB
2026-05-07 17:52:05,574 - __main__ - ERROR -   Batch 81: CUDA Out of Memory (OOM) during forward pass!
2026-05-07 17:52:05,574 - __main__ - ERROR -   Memory at OOM: 42601/44938MB
2026-05-07 17:52:05,827 - __main__ - ERROR -   Batch 82: CUDA Out of Memory (OOM) during forward pass!
2026-05-07 17:52:05,827 - __main__ - ERROR -   Memory at OOM: 42601/44938MB
2026-05-07 17:52:06,080 - __main__ - ERROR -   Batch 83: CUDA Out of Memory (OOM) during forward pass!
2026-05-07 17:52:06,081 - __main__ - ERROR -   Memory at OOM: 42601/44938MB
2026-05-07 17:52:06,333 - __main__ - ERROR -   Batch 84: CUDA Out of Memory (OOM) during forward pass!
2026-05-07 17:52:06,333 - __main__ - ERROR -   Memory at OOM: 42601/44938MB
2026-05-07 17:52:06,585 - __main__ - ERROR -   Batch 85: CUDA Out of Memory (OOM) during forward pass!
2026-05-07 17:52:06,585 - __main__ - ERROR -   Memory at OOM: 42601/44938MB
2026-05-07 17:52:06,837 - __main__ - ERROR -   Batch 86: CUDA Out of Memory (OOM) during forward pass!
2026-05-07 17:52:06,837 - __main__ - ERROR -   Memory at OOM: 42601/44938MB
2026-05-07 17:52:07,089 - __main__ - ERROR -   Batch 87: CUDA Out of Memory (OOM) during forward pass!
2026-05-07 17:52:07,089 - __main__ - ERROR -   Memory at OOM: 42601/44938MB
2026-05-07 17:52:07,346 - __main__ - ERROR -   Batch 88: CUDA Out of Memory (OOM) during forward pass!
2026-05-07 17:52:07,346 - __main__ - ERROR -   Memory at OOM: 42601/44938MB
2026-05-07 17:52:07,601 - __main__ - ERROR -   Batch 89: CUDA Out of Memory (OOM) during forward pass!
2026-05-07 17:52:07,602 - __main__ - ERROR -   Memory at OOM: 42601/44938MB
2026-05-07 17:52:07,852 - __main__ - ERROR -   Batch 90: CUDA Out of Memory (OOM) during forward pass!
2026-05-07 17:52:07,853 - __main__ - ERROR -   Memory at OOM: 42601/44938MB
2026-05-07 17:52:08,106 - __main__ - ERROR -   Batch 91: CUDA Out of Memory (OOM) during forward pass!
2026-05-07 17:52:08,107 - __main__ - ERROR -   Memory at OOM: 42601/44938MB
2026-05-07 17:52:08,360 - __main__ - ERROR -   Batch 92: CUDA Out of Memory (OOM) during forward pass!
2026-05-07 17:52:08,361 - __main__ - ERROR -   Memory at OOM: 42601/44938MB
2026-05-07 17:52:08,612 - __main__ - ERROR -   Batch 93: CUDA Out of Memory (OOM) during forward pass!
2026-05-07 17:52:08,612 - __main__ - ERROR -   Memory at OOM: 42601/44938MB
2026-05-07 17:52:08,866 - __main__ - ERROR -   Batch 94: CUDA Out of Memory (OOM) during forward pass!
2026-05-07 17:52:08,866 - __main__ - ERROR -   Memory at OOM: 42601/44938MB
2026-05-07 17:52:09,119 - __main__ - ERROR -   Batch 95: CUDA Out of Memory (OOM) during forward pass!
2026-05-07 17:52:09,120 - __main__ - ERROR -   Memory at OOM: 42601/44938MB
2026-05-07 17:52:09,370 - __main__ - ERROR -   Batch 96: CUDA Out of Memory (OOM) during forward pass!
2026-05-07 17:52:09,370 - __main__ - ERROR -   Memory at OOM: 42601/44938MB
2026-05-07 17:52:09,627 - __main__ - ERROR -   Batch 97: CUDA Out of Memory (OOM) during forward pass!
2026-05-07 17:52:09,628 - __main__ - ERROR -   Memory at OOM: 42601/44938MB
2026-05-07 17:52:09,878 - __main__ - ERROR -   Batch 98: CUDA Out of Memory (OOM) during forward pass!
2026-05-07 17:52:09,879 - __main__ - ERROR -   Memory at OOM: 42601/44938MB
2026-05-07 17:52:10,129 - __main__ - ERROR -   Batch 99: CUDA Out of Memory (OOM) during forward pass!
2026-05-07 17:52:10,130 - __main__ - ERROR -   Memory at OOM: 42601/44938MB
2026-05-07 17:52:10,388 - __main__ - ERROR -   Batch 100: CUDA Out of Memory (OOM) during forward pass!
2026-05-07 17:52:10,388 - __main__ - ERROR -   Memory at OOM: 42601/44938MB
2026-05-07 17:52:10,640 - __main__ - ERROR -   Batch 101: CUDA Out of Memory (OOM) during forward pass!
2026-05-07 17:52:10,641 - __main__ - ERROR -   Memory at OOM: 42601/44938MB
2026-05-07 17:52:10,895 - __main__ - ERROR -   Batch 102: CUDA Out of Memory (OOM) during forward pass!
2026-05-07 17:52:10,895 - __main__ - ERROR -   Memory at OOM: 42601/44938MB
2026-05-07 17:52:11,149 - __main__ - ERROR -   Batch 103: CUDA Out of Memory (OOM) during forward pass!
2026-05-07 17:52:11,150 - __main__ - ERROR -   Memory at OOM: 42601/44938MB
2026-05-07 17:52:11,403 - __main__ - ERROR -   Batch 104: CUDA Out of Memory (OOM) during forward pass!
2026-05-07 17:52:11,403 - __main__ - ERROR -   Memory at OOM: 42601/44938MB
2026-05-07 17:52:11,654 - __main__ - ERROR -   Batch 105: CUDA Out of Memory (OOM) during forward pass!
2026-05-07 17:52:11,655 - __main__ - ERROR -   Memory at OOM: 42601/44938MB
2026-05-07 17:52:11,910 - __main__ - ERROR -   Batch 106: CUDA Out of Memory (OOM) during forward pass!
2026-05-07 17:52:11,911 - __main__ - ERROR -   Memory at OOM: 42601/44938MB
2026-05-07 17:52:12,165 - __main__ - ERROR -   Batch 107: CUDA Out of Memory (OOM) during forward pass!
2026-05-07 17:52:12,167 - __main__ - ERROR -   Memory at OOM: 42601/44938MB
2026-05-07 17:52:12,418 - __main__ - ERROR -   Batch 108: CUDA Out of Memory (OOM) during forward pass!
2026-05-07 17:52:12,418 - __main__ - ERROR -   Memory at OOM: 42601/44938MB
2026-05-07 17:52:12,670 - __main__ - ERROR -   Batch 109: CUDA Out of Memory (OOM) during forward pass!
2026-05-07 17:52:12,670 - __main__ - ERROR -   Memory at OOM: 42601/44938MB
2026-05-07 17:52:12,925 - __main__ - ERROR -   Batch 110: CUDA Out of Memory (OOM) during forward pass!
2026-05-07 17:52:12,925 - __main__ - ERROR -   Memory at OOM: 42601/44938MB
2026-05-07 17:52:13,176 - __main__ - ERROR -   Batch 111: CUDA Out of Memory (OOM) during forward pass!
2026-05-07 17:52:13,177 - __main__ - ERROR -   Memory at OOM: 42601/44938MB
2026-05-07 17:52:13,432 - __main__ - ERROR -   Batch 112: CUDA Out of Memory (OOM) during forward pass!
2026-05-07 17:52:13,433 - __main__ - ERROR -   Memory at OOM: 42601/44938MB
2026-05-07 17:52:13,684 - __main__ - ERROR -   Batch 113: CUDA Out of Memory (OOM) during forward pass!
2026-05-07 17:52:13,685 - __main__ - ERROR -   Memory at OOM: 42601/44938MB
2026-05-07 17:52:13,937 - __main__ - ERROR -   Batch 114: CUDA Out of Memory (OOM) during forward pass!
2026-05-07 17:52:13,938 - __main__ - ERROR -   Memory at OOM: 42601/44938MB
2026-05-07 17:52:14,192 - __main__ - ERROR -   Batch 115: CUDA Out of Memory (OOM) during forward pass!
2026-05-07 17:52:14,192 - __main__ - ERROR -   Memory at OOM: 42601/44938MB
2026-05-07 17:52:14,444 - __main__ - ERROR -   Batch 116: CUDA Out of Memory (OOM) during forward pass!
2026-05-07 17:52:14,445 - __main__ - ERROR -   Memory at OOM: 42601/44938MB
2026-05-07 17:52:14,697 - __main__ - ERROR -   Batch 117: CUDA Out of Memory (OOM) during forward pass!
2026-05-07 17:52:14,697 - __main__ - ERROR -   Memory at OOM: 42601/44938MB
2026-05-07 17:52:14,947 - __main__ - ERROR -   Batch 118: CUDA Out of Memory (OOM) during forward pass!
2026-05-07 17:52:14,948 - __main__ - ERROR -   Memory at OOM: 42601/44938MB
2026-05-07 17:52:15,204 - __main__ - ERROR -   Batch 119: CUDA Out of Memory (OOM) during forward pass!
2026-05-07 17:52:15,205 - __main__ - ERROR -   Memory at OOM: 42601/44938MB
2026-05-07 17:52:15,457 - __main__ - ERROR -   Batch 120: CUDA Out of Memory (OOM) during forward pass!
2026-05-07 17:52:15,457 - __main__ - ERROR -   Memory at OOM: 42601/44938MB
2026-05-07 17:52:15,709 - __main__ - ERROR -   Batch 121: CUDA Out of Memory (OOM) during forward pass!
2026-05-07 17:52:15,709 - __main__ - ERROR -   Memory at OOM: 42601/44938MB
2026-05-07 17:52:15,963 - __main__ - ERROR -   Batch 122: CUDA Out of Memory (OOM) during forward pass!
2026-05-07 17:52:15,964 - __main__ - ERROR -   Memory at OOM: 42601/44938MB
2026-05-07 17:52:16,217 - __main__ - ERROR -   Batch 123: CUDA Out of Memory (OOM) during forward pass!
2026-05-07 17:52:16,218 - __main__ - ERROR -   Memory at OOM: 42601/44938MB
2026-05-07 17:52:16,470 - __main__ - ERROR -   Batch 124: CUDA Out of Memory (OOM) during forward pass!
2026-05-07 17:52:16,470 - __main__ - ERROR -   Memory at OOM: 42601/44938MB
2026-05-07 17:52:16,723 - __main__ - ERROR -   Batch 125: CUDA Out of Memory (OOM) during forward pass!
2026-05-07 17:52:16,724 - __main__ - ERROR -   Memory at OOM: 42601/44938MB
2026-05-07 17:52:16,975 - __main__ - ERROR -   Batch 126: CUDA Out of Memory (OOM) during forward pass!
2026-05-07 17:52:16,976 - __main__ - ERROR -   Memory at OOM: 42601/44938MB
2026-05-07 17:52:17,229 - __main__ - ERROR -   Batch 127: CUDA Out of Memory (OOM) during forward pass!
2026-05-07 17:52:17,229 - __main__ - ERROR -   Memory at OOM: 42601/44938MB
2026-05-07 17:52:17,484 - __main__ - ERROR -   Batch 128: CUDA Out of Memory (OOM) during forward pass!
2026-05-07 17:52:17,484 - __main__ - ERROR -   Memory at OOM: 42601/44938MB
2026-05-07 17:52:17,737 - __main__ - ERROR -   Batch 129: CUDA Out of Memory (OOM) during forward pass!
2026-05-07 17:52:17,738 - __main__ - ERROR -   Memory at OOM: 42601/44938MB
2026-05-07 17:52:17,988 - __main__ - ERROR -   Batch 130: CUDA Out of Memory (OOM) during forward pass!
2026-05-07 17:52:17,989 - __main__ - ERROR -   Memory at OOM: 42601/44938MB
2026-05-07 17:52:18,244 - __main__ - ERROR -   Batch 131: CUDA Out of Memory (OOM) during forward pass!
2026-05-07 17:52:18,244 - __main__ - ERROR -   Memory at OOM: 42601/44938MB
2026-05-07 17:52:18,496 - __main__ - ERROR -   Batch 132: CUDA Out of Memory (OOM) during forward pass!
2026-05-07 17:52:18,497 - __main__ - ERROR -   Memory at OOM: 42601/44938MB
2026-05-07 17:52:18,749 - __main__ - ERROR -   Batch 133: CUDA Out of Memory (OOM) during forward pass!
2026-05-07 17:52:18,750 - __main__ - ERROR -   Memory at OOM: 42601/44938MB
2026-05-07 17:52:19,004 - __main__ - ERROR -   Batch 134: CUDA Out of Memory (OOM) during forward pass!
2026-05-07 17:52:19,004 - __main__ - ERROR -   Memory at OOM: 42601/44938MB
2026-05-07 17:52:19,255 - __main__ - ERROR -   Batch 135: CUDA Out of Memory (OOM) during forward pass!
2026-05-07 17:52:19,255 - __main__ - ERROR -   Memory at OOM: 42601/44938MB
2026-05-07 17:52:19,509 - __main__ - ERROR -   Batch 136: CUDA Out of Memory (OOM) during forward pass!
2026-05-07 17:52:19,510 - __main__ - ERROR -   Memory at OOM: 42601/44938MB
2026-05-07 17:52:19,766 - __main__ - ERROR -   Batch 137: CUDA Out of Memory (OOM) during forward pass!
2026-05-07 17:52:19,767 - __main__ - ERROR -   Memory at OOM: 42601/44938MB
2026-05-07 17:52:20,019 - __main__ - ERROR -   Batch 138: CUDA Out of Memory (OOM) during forward pass!
2026-05-07 17:52:20,019 - __main__ - ERROR -   Memory at OOM: 42601/44938MB
2026-05-07 17:52:20,271 - __main__ - ERROR -   Batch 139: CUDA Out of Memory (OOM) during forward pass!
2026-05-07 17:52:20,272 - __main__ - ERROR -   Memory at OOM: 42601/44938MB
2026-05-07 17:52:20,528 - __main__ - ERROR -   Batch 140: CUDA Out of Memory (OOM) during forward pass!
2026-05-07 17:52:20,528 - __main__ - ERROR -   Memory at OOM: 42601/44938MB
2026-05-07 17:52:20,783 - __main__ - ERROR -   Batch 141: CUDA Out of Memory (OOM) during forward pass!
2026-05-07 17:52:20,783 - __main__ - ERROR -   Memory at OOM: 42601/44938MB
2026-05-07 17:52:21,035 - __main__ - ERROR -   Batch 142: CUDA Out of Memory (OOM) during forward pass!
2026-05-07 17:52:21,036 - __main__ - ERROR -   Memory at OOM: 42601/44938MB
2026-05-07 17:52:21,288 - __main__ - ERROR -   Batch 143: CUDA Out of Memory (OOM) during forward pass!
2026-05-07 17:52:21,288 - __main__ - ERROR -   Memory at OOM: 42601/44938MB
2026-05-07 17:52:21,542 - __main__ - ERROR -   Batch 144: CUDA Out of Memory (OOM) during forward pass!
2026-05-07 17:52:21,543 - __main__ - ERROR -   Memory at OOM: 42601/44938MB
2026-05-07 17:52:21,793 - __main__ - ERROR -   Batch 145: CUDA Out of Memory (OOM) during forward pass!
2026-05-07 17:52:21,795 - __main__ - ERROR -   Memory at OOM: 42601/44938MB
2026-05-07 17:52:22,049 - __main__ - ERROR -   Batch 146: CUDA Out of Memory (OOM) during forward pass!
2026-05-07 17:52:22,049 - __main__ - ERROR -   Memory at OOM: 42601/44938MB
2026-05-07 17:52:22,304 - __main__ - ERROR -   Batch 147: CUDA Out of Memory (OOM) during forward pass!
2026-05-07 17:52:22,305 - __main__ - ERROR -   Memory at OOM: 42601/44938MB
2026-05-07 17:52:22,554 - __main__ - ERROR -   Batch 148: CUDA Out of Memory (OOM) during forward pass!
2026-05-07 17:52:22,554 - __main__ - ERROR -   Memory at OOM: 42601/44938MB
2026-05-07 17:52:22,809 - __main__ - ERROR -   Batch 149: CUDA Out of Memory (OOM) during forward pass!
2026-05-07 17:52:22,809 - __main__ - ERROR -   Memory at OOM: 42601/44938MB
2026-05-07 17:52:23,063 - __main__ - ERROR -   Batch 150: CUDA Out of Memory (OOM) during forward pass!
2026-05-07 17:52:23,063 - __main__ - ERROR -   Memory at OOM: 42601/44938MB
2026-05-07 17:52:23,320 - __main__ - ERROR -   Batch 151: CUDA Out of Memory (OOM) during forward pass!
2026-05-07 17:52:23,320 - __main__ - ERROR -   Memory at OOM: 42601/44938MB
2026-05-07 17:52:23,572 - __main__ - ERROR -   Batch 152: CUDA Out of Memory (OOM) during forward pass!
2026-05-07 17:52:23,572 - __main__ - ERROR -   Memory at OOM: 42601/44938MB
2026-05-07 17:52:23,821 - __main__ - ERROR -   Batch 153: CUDA Out of Memory (OOM) during forward pass!
2026-05-07 17:52:23,822 - __main__ - ERROR -   Memory at OOM: 42601/44938MB
2026-05-07 17:52:24,073 - __main__ - ERROR -   Batch 154: CUDA Out of Memory (OOM) during forward pass!
2026-05-07 17:52:24,074 - __main__ - ERROR -   Memory at OOM: 42601/44938MB
2026-05-07 17:52:24,327 - __main__ - ERROR -   Batch 155: CUDA Out of Memory (OOM) during forward pass!
2026-05-07 17:52:24,327 - __main__ - ERROR -   Memory at OOM: 42601/44938MB
2026-05-07 17:52:24,582 - __main__ - ERROR -   Batch 156: CUDA Out of Memory (OOM) during forward pass!
2026-05-07 17:52:24,583 - __main__ - ERROR -   Memory at OOM: 42601/44938MB
2026-05-07 17:52:24,839 - __main__ - ERROR -   Batch 157: CUDA Out of Memory (OOM) during forward pass!
2026-05-07 17:52:24,840 - __main__ - ERROR -   Memory at OOM: 42601/44938MB
2026-05-07 17:52:25,093 - __main__ - ERROR -   Batch 158: CUDA Out of Memory (OOM) during forward pass!
2026-05-07 17:52:25,094 - __main__ - ERROR -   Memory at OOM: 42601/44938MB
2026-05-07 17:52:25,343 - __main__ - ERROR -   Batch 159: CUDA Out of Memory (OOM) during forward pass!
2026-05-07 17:52:25,343 - __main__ - ERROR -   Memory at OOM: 42601/44938MB
2026-05-07 17:52:25,597 - __main__ - ERROR -   Batch 160: CUDA Out of Memory (OOM) during forward pass!
2026-05-07 17:52:25,598 - __main__ - ERROR -   Memory at OOM: 42601/44938MB
2026-05-07 17:52:25,849 - __main__ - ERROR -   Batch 161: CUDA Out of Memory (OOM) during forward pass!
2026-05-07 17:52:25,850 - __main__ - ERROR -   Memory at OOM: 42601/44938MB
2026-05-07 17:52:26,106 - __main__ - ERROR -   Batch 162: CUDA Out of Memory (OOM) during forward pass!
2026-05-07 17:52:26,107 - __main__ - ERROR -   Memory at OOM: 42601/44938MB
2026-05-07 17:52:26,361 - __main__ - ERROR -   Batch 163: CUDA Out of Memory (OOM) during forward pass!
2026-05-07 17:52:26,362 - __main__ - ERROR -   Memory at OOM: 42601/44938MB
2026-05-07 17:52:26,616 - __main__ - ERROR -   Batch 164: CUDA Out of Memory (OOM) during forward pass!
2026-05-07 17:52:26,617 - __main__ - ERROR -   Memory at OOM: 42601/44938MB
2026-05-07 17:52:26,864 - __main__ - ERROR -   Batch 165: CUDA Out of Memory (OOM) during forward pass!
2026-05-07 17:52:26,864 - __main__ - ERROR -   Memory at OOM: 42601/44938MB
2026-05-07 17:52:27,123 - __main__ - ERROR -   Batch 166: CUDA Out of Memory (OOM) during forward pass!
2026-05-07 17:52:27,123 - __main__ - ERROR -   Memory at OOM: 42601/44938MB
2026-05-07 17:52:27,380 - __main__ - ERROR -   Batch 167: CUDA Out of Memory (OOM) during forward pass!
2026-05-07 17:52:27,380 - __main__ - ERROR -   Memory at OOM: 42601/44938MB
2026-05-07 17:52:27,633 - __main__ - ERROR -   Batch 168: CUDA Out of Memory (OOM) during forward pass!
2026-05-07 17:52:27,633 - __main__ - ERROR -   Memory at OOM: 42601/44938MB
2026-05-07 17:52:27,883 - __main__ - ERROR -   Batch 169: CUDA Out of Memory (OOM) during forward pass!
2026-05-07 17:52:27,884 - __main__ - ERROR -   Memory at OOM: 42601/44938MB
2026-05-07 17:52:28,139 - __main__ - ERROR -   Batch 170: CUDA Out of Memory (OOM) during forward pass!
2026-05-07 17:52:28,140 - __main__ - ERROR -   Memory at OOM: 42601/44938MB
2026-05-07 17:52:28,393 - __main__ - ERROR -   Batch 171: CUDA Out of Memory (OOM) during forward pass!
2026-05-07 17:52:28,394 - __main__ - ERROR -   Memory at OOM: 42601/44938MB
2026-05-07 17:52:28,646 - __main__ - ERROR -   Batch 172: CUDA Out of Memory (OOM) during forward pass!
2026-05-07 17:52:28,646 - __main__ - ERROR -   Memory at OOM: 42601/44938MB
2026-05-07 17:52:28,898 - __main__ - ERROR -   Batch 173: CUDA Out of Memory (OOM) during forward pass!
2026-05-07 17:52:28,898 - __main__ - ERROR -   Memory at OOM: 42601/44938MB
2026-05-07 17:52:29,152 - __main__ - ERROR -   Batch 174: CUDA Out of Memory (OOM) during forward pass!
2026-05-07 17:52:29,153 - __main__ - ERROR -   Memory at OOM: 42601/44938MB
2026-05-07 17:52:29,407 - __main__ - ERROR -   Batch 175: CUDA Out of Memory (OOM) during forward pass!
2026-05-07 17:52:29,407 - __main__ - ERROR -   Memory at OOM: 42601/44938MB
2026-05-07 17:52:29,662 - __main__ - ERROR -   Batch 176: CUDA Out of Memory (OOM) during forward pass!
2026-05-07 17:52:29,662 - __main__ - ERROR -   Memory at OOM: 42601/44938MB
2026-05-07 17:52:29,913 - __main__ - ERROR -   Batch 177: CUDA Out of Memory (OOM) during forward pass!
2026-05-07 17:52:29,914 - __main__ - ERROR -   Memory at OOM: 42601/44938MB
2026-05-07 17:52:30,167 - __main__ - ERROR -   Batch 178: CUDA Out of Memory (OOM) during forward pass!
2026-05-07 17:52:30,167 - __main__ - ERROR -   Memory at OOM: 42601/44938MB
2026-05-07 17:52:30,420 - __main__ - ERROR -   Batch 179: CUDA Out of Memory (OOM) during forward pass!
2026-05-07 17:52:30,420 - __main__ - ERROR -   Memory at OOM: 42601/44938MB
2026-05-07 17:52:30,674 - __main__ - ERROR -   Batch 180: CUDA Out of Memory (OOM) during forward pass!
2026-05-07 17:52:30,674 - __main__ - ERROR -   Memory at OOM: 42601/44938MB
2026-05-07 17:52:30,924 - __main__ - ERROR -   Batch 181: CUDA Out of Memory (OOM) during forward pass!
2026-05-07 17:52:30,925 - __main__ - ERROR -   Memory at OOM: 42601/44938MB
2026-05-07 17:52:31,180 - __main__ - ERROR -   Batch 182: CUDA Out of Memory (OOM) during forward pass!
2026-05-07 17:52:31,181 - __main__ - ERROR -   Memory at OOM: 42601/44938MB
2026-05-07 17:52:31,435 - __main__ - ERROR -   Batch 183: CUDA Out of Memory (OOM) during forward pass!
2026-05-07 17:52:31,436 - __main__ - ERROR -   Memory at OOM: 42601/44938MB
2026-05-07 17:52:31,686 - __main__ - ERROR -   Batch 184: CUDA Out of Memory (OOM) during forward pass!
2026-05-07 17:52:31,687 - __main__ - ERROR -   Memory at OOM: 42601/44938MB
2026-05-07 17:52:31,938 - __main__ - ERROR -   Batch 185: CUDA Out of Memory (OOM) during forward pass!
2026-05-07 17:52:31,939 - __main__ - ERROR -   Memory at OOM: 42601/44938MB
2026-05-07 17:52:32,190 - __main__ - ERROR -   Batch 186: CUDA Out of Memory (OOM) during forward pass!
2026-05-07 17:52:32,191 - __main__ - ERROR -   Memory at OOM: 42601/44938MB
2026-05-07 17:52:32,444 - __main__ - ERROR -   Batch 187: CUDA Out of Memory (OOM) during forward pass!
2026-05-07 17:52:32,445 - __main__ - ERROR -   Memory at OOM: 42601/44938MB
2026-05-07 17:52:32,703 - __main__ - ERROR -   Batch 188: CUDA Out of Memory (OOM) during forward pass!
2026-05-07 17:52:32,703 - __main__ - ERROR -   Memory at OOM: 42601/44938MB
2026-05-07 17:52:32,952 - __main__ - ERROR -   Batch 189: CUDA Out of Memory (OOM) during forward pass!
2026-05-07 17:52:32,953 - __main__ - ERROR -   Memory at OOM: 42601/44938MB
2026-05-07 17:52:33,207 - __main__ - ERROR -   Batch 190: CUDA Out of Memory (OOM) during forward pass!
2026-05-07 17:52:33,207 - __main__ - ERROR -   Memory at OOM: 42601/44938MB
2026-05-07 17:52:33,461 - __main__ - ERROR -   Batch 191: CUDA Out of Memory (OOM) during forward pass!
2026-05-07 17:52:33,462 - __main__ - ERROR -   Memory at OOM: 42601/44938MB
2026-05-07 17:52:33,717 - __main__ - ERROR -   Batch 192: CUDA Out of Memory (OOM) during forward pass!
2026-05-07 17:52:33,717 - __main__ - ERROR -   Memory at OOM: 42601/44938MB
2026-05-07 17:52:33,969 - __main__ - ERROR -   Batch 193: CUDA Out of Memory (OOM) during forward pass!
2026-05-07 17:52:33,969 - __main__ - ERROR -   Memory at OOM: 42601/44938MB
2026-05-07 17:52:34,222 - __main__ - ERROR -   Batch 194: CUDA Out of Memory (OOM) during forward pass!
2026-05-07 17:52:34,224 - __main__ - ERROR -   Memory at OOM: 42601/44938MB
2026-05-07 17:52:34,479 - __main__ - ERROR -   Batch 195: CUDA Out of Memory (OOM) during forward pass!
2026-05-07 17:52:34,479 - __main__ - ERROR -   Memory at OOM: 42601/44938MB
2026-05-07 17:52:34,739 - __main__ - ERROR -   Batch 196: CUDA Out of Memory (OOM) during forward pass!
2026-05-07 17:52:34,739 - __main__ - ERROR -   Memory at OOM: 42601/44938MB
2026-05-07 17:52:34,993 - __main__ - ERROR -   Batch 197: CUDA Out of Memory (OOM) during forward pass!
2026-05-07 17:52:34,993 - __main__ - ERROR -   Memory at OOM: 42601/44938MB
2026-05-07 17:52:35,246 - __main__ - ERROR -   Batch 198: CUDA Out of Memory (OOM) during forward pass!
2026-05-07 17:52:35,247 - __main__ - ERROR -   Memory at OOM: 42601/44938MB
2026-05-07 17:52:35,496 - __main__ - ERROR -   Batch 199: CUDA Out of Memory (OOM) during forward pass!
2026-05-07 17:52:35,497 - __main__ - ERROR -   Memory at OOM: 42601/44938MB
2026-05-07 17:52:35,752 - __main__ - ERROR -   Batch 200: CUDA Out of Memory (OOM) during forward pass!
2026-05-07 17:52:35,752 - __main__ - ERROR -   Memory at OOM: 42601/44938MB
2026-05-07 17:52:36,005 - __main__ - ERROR -   Batch 201: CUDA Out of Memory (OOM) during forward pass!
2026-05-07 17:52:36,006 - __main__ - ERROR -   Memory at OOM: 42601/44938MB
2026-05-07 17:52:36,262 - __main__ - ERROR -   Batch 202: CUDA Out of Memory (OOM) during forward pass!
2026-05-07 17:52:36,263 - __main__ - ERROR -   Memory at OOM: 42601/44938MB
2026-05-07 17:52:36,518 - __main__ - ERROR -   Batch 203: CUDA Out of Memory (OOM) during forward pass!
2026-05-07 17:52:36,519 - __main__ - ERROR -   Memory at OOM: 42601/44938MB
2026-05-07 17:52:36,769 - __main__ - ERROR -   Batch 204: CUDA Out of Memory (OOM) during forward pass!
2026-05-07 17:52:36,769 - __main__ - ERROR -   Memory at OOM: 42601/44938MB
2026-05-07 17:52:37,023 - __main__ - ERROR -   Batch 205: CUDA Out of Memory (OOM) during forward pass!
2026-05-07 17:52:37,024 - __main__ - ERROR -   Memory at OOM: 42601/44938MB
2026-05-07 17:52:37,280 - __main__ - ERROR -   Batch 206: CUDA Out of Memory (OOM) during forward pass!
2026-05-07 17:52:37,280 - __main__ - ERROR -   Memory at OOM: 42601/44938MB
2026-05-07 17:52:37,531 - __main__ - ERROR -   Batch 207: CUDA Out of Memory (OOM) during forward pass!
2026-05-07 17:52:37,531 - __main__ - ERROR -   Memory at OOM: 42601/44938MB
2026-05-07 17:52:37,788 - __main__ - ERROR -   Batch 208: CUDA Out of Memory (OOM) during forward pass!
2026-05-07 17:52:37,788 - __main__ - ERROR -   Memory at OOM: 42601/44938MB
2026-05-07 17:52:38,037 - __main__ - ERROR -   Batch 209: CUDA Out of Memory (OOM) during forward pass!
2026-05-07 17:52:38,037 - __main__ - ERROR -   Memory at OOM: 42601/44938MB
2026-05-07 17:52:38,290 - __main__ - ERROR -   Batch 210: CUDA Out of Memory (OOM) during forward pass!
2026-05-07 17:52:38,291 - __main__ - ERROR -   Memory at OOM: 42601/44938MB
2026-05-07 17:52:38,543 - __main__ - ERROR -   Batch 211: CUDA Out of Memory (OOM) during forward pass!
2026-05-07 17:52:38,543 - __main__ - ERROR -   Memory at OOM: 42601/44938MB
2026-05-07 17:52:38,798 - __main__ - ERROR -   Batch 212: CUDA Out of Memory (OOM) during forward pass!
2026-05-07 17:52:38,798 - __main__ - ERROR -   Memory at OOM: 42601/44938MB
2026-05-07 17:52:39,049 - __main__ - ERROR -   Batch 213: CUDA Out of Memory (OOM) during forward pass!
2026-05-07 17:52:39,049 - __main__ - ERROR -   Memory at OOM: 42601/44938MB
2026-05-07 17:52:39,307 - __main__ - ERROR -   Batch 214: CUDA Out of Memory (OOM) during forward pass!
2026-05-07 17:52:39,307 - __main__ - ERROR -   Memory at OOM: 42601/44938MB
2026-05-07 17:52:39,557 - __main__ - ERROR -   Batch 215: CUDA Out of Memory (OOM) during forward pass!
2026-05-07 17:52:39,557 - __main__ - ERROR -   Memory at OOM: 42601/44938MB
2026-05-07 17:52:39,808 - __main__ - ERROR -   Batch 216: CUDA Out of Memory (OOM) during forward pass!
2026-05-07 17:52:39,809 - __main__ - ERROR -   Memory at OOM: 42601/44938MB
2026-05-07 17:52:40,060 - __main__ - ERROR -   Batch 217: CUDA Out of Memory (OOM) during forward pass!
2026-05-07 17:52:40,061 - __main__ - ERROR -   Memory at OOM: 42601/44938MB
2026-05-07 17:52:40,319 - __main__ - ERROR -   Batch 218: CUDA Out of Memory (OOM) during forward pass!
2026-05-07 17:52:40,319 - __main__ - ERROR -   Memory at OOM: 42601/44938MB
2026-05-07 17:52:40,578 - __main__ - ERROR -   Batch 219: CUDA Out of Memory (OOM) during forward pass!
2026-05-07 17:52:40,578 - __main__ - ERROR -   Memory at OOM: 42601/44938MB
2026-05-07 17:52:40,832 - __main__ - ERROR -   Batch 220: CUDA Out of Memory (OOM) during forward pass!
2026-05-07 17:52:40,832 - __main__ - ERROR -   Memory at OOM: 42601/44938MB
2026-05-07 17:52:41,079 - __main__ - ERROR -   Batch 221: CUDA Out of Memory (OOM) during forward pass!
2026-05-07 17:52:41,079 - __main__ - ERROR -   Memory at OOM: 42601/44938MB
2026-05-07 17:52:41,339 - __main__ - ERROR -   Batch 222: CUDA Out of Memory (OOM) during forward pass!
2026-05-07 17:52:41,341 - __main__ - ERROR -   Memory at OOM: 42601/44938MB
2026-05-07 17:52:41,601 - __main__ - ERROR -   Batch 223: CUDA Out of Memory (OOM) during forward pass!
2026-05-07 17:52:41,602 - __main__ - ERROR -   Memory at OOM: 42601/44938MB
2026-05-07 17:52:41,857 - __main__ - ERROR -   Batch 224: CUDA Out of Memory (OOM) during forward pass!
2026-05-07 17:52:41,857 - __main__ - ERROR -   Memory at OOM: 42601/44938MB
2026-05-07 17:52:42,108 - __main__ - ERROR -   Batch 225: CUDA Out of Memory (OOM) during forward pass!
2026-05-07 17:52:42,109 - __main__ - ERROR -   Memory at OOM: 42601/44938MB
2026-05-07 17:52:42,362 - __main__ - ERROR -   Batch 226: CUDA Out of Memory (OOM) during forward pass!
2026-05-07 17:52:42,363 - __main__ - ERROR -   Memory at OOM: 42601/44938MB
2026-05-07 17:52:42,616 - __main__ - ERROR -   Batch 227: CUDA Out of Memory (OOM) during forward pass!
2026-05-07 17:52:42,617 - __main__ - ERROR -   Memory at OOM: 42601/44938MB
2026-05-07 17:52:42,871 - __main__ - ERROR -   Batch 228: CUDA Out of Memory (OOM) during forward pass!
2026-05-07 17:52:42,871 - __main__ - ERROR -   Memory at OOM: 42601/44938MB
2026-05-07 17:52:43,125 - __main__ - ERROR -   Batch 229: CUDA Out of Memory (OOM) during forward pass!
2026-05-07 17:52:43,126 - __main__ - ERROR -   Memory at OOM: 42601/44938MB
2026-05-07 17:52:43,378 - __main__ - ERROR -   Batch 230: CUDA Out of Memory (OOM) during forward pass!
2026-05-07 17:52:43,379 - __main__ - ERROR -   Memory at OOM: 42601/44938MB
2026-05-07 17:52:43,641 - __main__ - ERROR -   Batch 231: CUDA Out of Memory (OOM) during forward pass!
2026-05-07 17:52:43,641 - __main__ - ERROR -   Memory at OOM: 42601/44938MB
2026-05-07 17:52:43,901 - __main__ - ERROR -   Batch 232: CUDA Out of Memory (OOM) during forward pass!
2026-05-07 17:52:43,903 - __main__ - ERROR -   Memory at OOM: 42601/44938MB
2026-05-07 17:52:44,158 - __main__ - ERROR -   Batch 233: CUDA Out of Memory (OOM) during forward pass!
2026-05-07 17:52:44,158 - __main__ - ERROR -   Memory at OOM: 42601/44938MB
2026-05-07 17:52:44,406 - __main__ - ERROR -   Batch 234: CUDA Out of Memory (OOM) during forward pass!
2026-05-07 17:52:44,407 - __main__ - ERROR -   Memory at OOM: 42601/44938MB
2026-05-07 17:52:44,661 - __main__ - ERROR -   Batch 235: CUDA Out of Memory (OOM) during forward pass!
2026-05-07 17:52:44,661 - __main__ - ERROR -   Memory at OOM: 42601/44938MB
2026-05-07 17:52:44,918 - __main__ - ERROR -   Batch 236: CUDA Out of Memory (OOM) during forward pass!
2026-05-07 17:52:44,918 - __main__ - ERROR -   Memory at OOM: 42601/44938MB
2026-05-07 17:52:45,178 - __main__ - ERROR -   Batch 237: CUDA Out of Memory (OOM) during forward pass!
2026-05-07 17:52:45,178 - __main__ - ERROR -   Memory at OOM: 42601/44938MB
2026-05-07 17:52:45,436 - __main__ - ERROR -   Batch 238: CUDA Out of Memory (OOM) during forward pass!
2026-05-07 17:52:45,436 - __main__ - ERROR -   Memory at OOM: 42601/44938MB
2026-05-07 17:52:45,686 - __main__ - ERROR -   Batch 239: CUDA Out of Memory (OOM) during forward pass!
2026-05-07 17:52:45,687 - __main__ - ERROR -   Memory at OOM: 42601/44938MB
2026-05-07 17:52:45,938 - __main__ - ERROR -   Batch 240: CUDA Out of Memory (OOM) during forward pass!
2026-05-07 17:52:45,938 - __main__ - ERROR -   Memory at OOM: 42601/44938MB
2026-05-07 17:52:46,198 - __main__ - ERROR -   Batch 241: CUDA Out of Memory (OOM) during forward pass!
2026-05-07 17:52:46,199 - __main__ - ERROR -   Memory at OOM: 42601/44938MB
2026-05-07 17:52:46,457 - __main__ - ERROR -   Batch 242: CUDA Out of Memory (OOM) during forward pass!
2026-05-07 17:52:46,457 - __main__ - ERROR -   Memory at OOM: 42601/44938MB
2026-05-07 17:52:46,719 - __main__ - ERROR -   Batch 243: CUDA Out of Memory (OOM) during forward pass!
2026-05-07 17:52:46,719 - __main__ - ERROR -   Memory at OOM: 42601/44938MB
2026-05-07 17:52:46,970 - __main__ - ERROR -   Batch 244: CUDA Out of Memory (OOM) during forward pass!
2026-05-07 17:52:46,971 - __main__ - ERROR -   Memory at OOM: 42601/44938MB
2026-05-07 17:52:47,220 - __main__ - ERROR -   Batch 245: CUDA Out of Memory (OOM) during forward pass!
2026-05-07 17:52:47,220 - __main__ - ERROR -   Memory at OOM: 42601/44938MB
2026-05-07 17:52:47,481 - __main__ - ERROR -   Batch 246: CUDA Out of Memory (OOM) during forward pass!
2026-05-07 17:52:47,482 - __main__ - ERROR -   Memory at OOM: 42601/44938MB
2026-05-07 17:52:47,733 - __main__ - ERROR -   Batch 247: CUDA Out of Memory (OOM) during forward pass!
2026-05-07 17:52:47,733 - __main__ - ERROR -   Memory at OOM: 42601/44938MB
2026-05-07 17:52:47,984 - __main__ - ERROR -   Batch 248: CUDA Out of Memory (OOM) during forward pass!
2026-05-07 17:52:47,985 - __main__ - ERROR -   Memory at OOM: 42601/44938MB
2026-05-07 17:52:48,237 - __main__ - ERROR -   Batch 249: CUDA Out of Memory (OOM) during forward pass!
2026-05-07 17:52:48,238 - __main__ - ERROR -   Memory at OOM: 42601/44938MB
2026-05-07 17:52:48,491 - __main__ - ERROR -   Batch 250: CUDA Out of Memory (OOM) during forward pass!
2026-05-07 17:52:48,491 - __main__ - ERROR -   Memory at OOM: 42601/44938MB
2026-05-07 17:52:48,746 - __main__ - ERROR -   Batch 251: CUDA Out of Memory (OOM) during forward pass!
2026-05-07 17:52:48,747 - __main__ - ERROR -   Memory at OOM: 42601/44938MB
2026-05-07 17:52:49,002 - __main__ - ERROR -   Batch 252: CUDA Out of Memory (OOM) during forward pass!
2026-05-07 17:52:49,003 - __main__ - ERROR -   Memory at OOM: 42601/44938MB
2026-05-07 17:52:49,253 - __main__ - ERROR -   Batch 253: CUDA Out of Memory (OOM) during forward pass!
2026-05-07 17:52:49,254 - __main__ - ERROR -   Memory at OOM: 42601/44938MB
2026-05-07 17:52:49,506 - __main__ - ERROR -   Batch 254: CUDA Out of Memory (OOM) during forward pass!
2026-05-07 17:52:49,507 - __main__ - ERROR -   Memory at OOM: 42601/44938MB
2026-05-07 17:52:49,760 - __main__ - ERROR -   Batch 255: CUDA Out of Memory (OOM) during forward pass!
2026-05-07 17:52:49,761 - __main__ - ERROR -   Memory at OOM: 42601/44938MB
2026-05-07 17:52:50,014 - __main__ - ERROR -   Batch 256: CUDA Out of Memory (OOM) during forward pass!
2026-05-07 17:52:50,015 - __main__ - ERROR -   Memory at OOM: 42601/44938MB
2026-05-07 17:52:50,265 - __main__ - ERROR -   Batch 257: CUDA Out of Memory (OOM) during forward pass!
2026-05-07 17:52:50,265 - __main__ - ERROR -   Memory at OOM: 42601/44938MB
2026-05-07 17:52:50,522 - __main__ - ERROR -   Batch 258: CUDA Out of Memory (OOM) during forward pass!
2026-05-07 17:52:50,522 - __main__ - ERROR -   Memory at OOM: 42601/44938MB
2026-05-07 17:52:50,775 - __main__ - ERROR -   Batch 259: CUDA Out of Memory (OOM) during forward pass!
2026-05-07 17:52:50,775 - __main__ - ERROR -   Memory at OOM: 42601/44938MB
2026-05-07 17:52:51,031 - __main__ - ERROR -   Batch 260: CUDA Out of Memory (OOM) during forward pass!
2026-05-07 17:52:51,031 - __main__ - ERROR -   Memory at OOM: 42601/44938MB
2026-05-07 17:52:51,277 - __main__ - ERROR -   Batch 261: CUDA Out of Memory (OOM) during forward pass!
2026-05-07 17:52:51,278 - __main__ - ERROR -   Memory at OOM: 42601/44938MB
2026-05-07 17:52:51,533 - __main__ - ERROR -   Batch 262: CUDA Out of Memory (OOM) during forward pass!
2026-05-07 17:52:51,533 - __main__ - ERROR -   Memory at OOM: 42601/44938MB
2026-05-07 17:52:51,786 - __main__ - ERROR -   Batch 263: CUDA Out of Memory (OOM) during forward pass!
2026-05-07 17:52:51,787 - __main__ - ERROR -   Memory at OOM: 42601/44938MB
2026-05-07 17:52:52,037 - __main__ - ERROR -   Batch 264: CUDA Out of Memory (OOM) during forward pass!
2026-05-07 17:52:52,038 - __main__ - ERROR -   Memory at OOM: 42601/44938MB
2026-05-07 17:52:52,292 - __main__ - ERROR -   Batch 265: CUDA Out of Memory (OOM) during forward pass!
2026-05-07 17:52:52,293 - __main__ - ERROR -   Memory at OOM: 42601/44938MB
2026-05-07 17:52:52,544 - __main__ - ERROR -   Batch 266: CUDA Out of Memory (OOM) during forward pass!
2026-05-07 17:52:52,545 - __main__ - ERROR -   Memory at OOM: 42601/44938MB
2026-05-07 17:52:52,801 - __main__ - ERROR -   Batch 267: CUDA Out of Memory (OOM) during forward pass!
2026-05-07 17:52:52,802 - __main__ - ERROR -   Memory at OOM: 42601/44938MB
2026-05-07 17:52:53,052 - __main__ - ERROR -   Batch 268: CUDA Out of Memory (OOM) during forward pass!
2026-05-07 17:52:53,053 - __main__ - ERROR -   Memory at OOM: 42601/44938MB
2026-05-07 17:52:53,303 - __main__ - ERROR -   Batch 269: CUDA Out of Memory (OOM) during forward pass!
2026-05-07 17:52:53,303 - __main__ - ERROR -   Memory at OOM: 42601/44938MB
2026-05-07 17:52:53,555 - __main__ - ERROR -   Batch 270: CUDA Out of Memory (OOM) during forward pass!
2026-05-07 17:52:53,556 - __main__ - ERROR -   Memory at OOM: 42601/44938MB
2026-05-07 17:52:53,813 - __main__ - ERROR -   Batch 271: CUDA Out of Memory (OOM) during forward pass!
2026-05-07 17:52:53,813 - __main__ - ERROR -   Memory at OOM: 42601/44938MB
2026-05-07 17:52:54,069 - __main__ - ERROR -   Batch 272: CUDA Out of Memory (OOM) during forward pass!
2026-05-07 17:52:54,070 - __main__ - ERROR -   Memory at OOM: 42601/44938MB
2026-05-07 17:52:54,316 - __main__ - ERROR -   Batch 273: CUDA Out of Memory (OOM) during forward pass!
2026-05-07 17:52:54,317 - __main__ - ERROR -   Memory at OOM: 42601/44938MB
2026-05-07 17:52:54,574 - __main__ - ERROR -   Batch 274: CUDA Out of Memory (OOM) during forward pass!
2026-05-07 17:52:54,575 - __main__ - ERROR -   Memory at OOM: 42601/44938MB
2026-05-07 17:52:54,824 - __main__ - ERROR -   Batch 275: CUDA Out of Memory (OOM) during forward pass!
2026-05-07 17:52:54,825 - __main__ - ERROR -   Memory at OOM: 42601/44938MB
2026-05-07 17:52:55,077 - __main__ - ERROR -   Batch 276: CUDA Out of Memory (OOM) during forward pass!
2026-05-07 17:52:55,078 - __main__ - ERROR -   Memory at OOM: 42601/44938MB
2026-05-07 17:52:55,334 - __main__ - ERROR -   Batch 277: CUDA Out of Memory (OOM) during forward pass!
2026-05-07 17:52:55,335 - __main__ - ERROR -   Memory at OOM: 42601/44938MB
2026-05-07 17:52:55,587 - __main__ - ERROR -   Batch 278: CUDA Out of Memory (OOM) during forward pass!
2026-05-07 17:52:55,588 - __main__ - ERROR -   Memory at OOM: 42601/44938MB
2026-05-07 17:52:55,840 - __main__ - ERROR -   Batch 279: CUDA Out of Memory (OOM) during forward pass!
2026-05-07 17:52:55,840 - __main__ - ERROR -   Memory at OOM: 42601/44938MB
2026-05-07 17:52:56,094 - __main__ - ERROR -   Batch 280: CUDA Out of Memory (OOM) during forward pass!
2026-05-07 17:52:56,096 - __main__ - ERROR -   Memory at OOM: 42601/44938MB
2026-05-07 17:52:56,342 - __main__ - ERROR -   Batch 281: CUDA Out of Memory (OOM) during forward pass!
2026-05-07 17:52:56,342 - __main__ - ERROR -   Memory at OOM: 42601/44938MB
2026-05-07 17:52:56,595 - __main__ - ERROR -   Batch 282: CUDA Out of Memory (OOM) during forward pass!
2026-05-07 17:52:56,595 - __main__ - ERROR -   Memory at OOM: 42601/44938MB
2026-05-07 17:52:56,858 - __main__ - ERROR -   Batch 283: CUDA Out of Memory (OOM) during forward pass!
2026-05-07 17:52:56,858 - __main__ - ERROR -   Memory at OOM: 42601/44938MB
2026-05-07 17:52:57,109 - __main__ - ERROR -   Batch 284: CUDA Out of Memory (OOM) during forward pass!
2026-05-07 17:52:57,110 - __main__ - ERROR -   Memory at OOM: 42601/44938MB
2026-05-07 17:52:57,357 - __main__ - ERROR -   Batch 285: CUDA Out of Memory (OOM) during forward pass!
2026-05-07 17:52:57,358 - __main__ - ERROR -   Memory at OOM: 42601/44938MB
2026-05-07 17:52:57,613 - __main__ - ERROR -   Batch 286: CUDA Out of Memory (OOM) during forward pass!
2026-05-07 17:52:57,614 - __main__ - ERROR -   Memory at OOM: 42601/44938MB
2026-05-07 17:52:57,864 - __main__ - ERROR -   Batch 287: CUDA Out of Memory (OOM) during forward pass!
2026-05-07 17:52:57,865 - __main__ - ERROR -   Memory at OOM: 42601/44938MB
2026-05-07 17:52:58,114 - __main__ - ERROR -   Batch 288: CUDA Out of Memory (OOM) during forward pass!
2026-05-07 17:52:58,115 - __main__ - ERROR -   Memory at OOM: 42601/44938MB
2026-05-07 17:52:58,371 - __main__ - ERROR -   Batch 289: CUDA Out of Memory (OOM) during forward pass!
2026-05-07 17:52:58,371 - __main__ - ERROR -   Memory at OOM: 42601/44938MB
2026-05-07 17:52:58,622 - __main__ - ERROR -   Batch 290: CUDA Out of Memory (OOM) during forward pass!
2026-05-07 17:52:58,623 - __main__ - ERROR -   Memory at OOM: 42601/44938MB
2026-05-07 17:52:58,874 - __main__ - ERROR -   Batch 291: CUDA Out of Memory (OOM) during forward pass!
2026-05-07 17:52:58,875 - __main__ - ERROR -   Memory at OOM: 42601/44938MB
2026-05-07 17:52:59,133 - __main__ - ERROR -   Batch 292: CUDA Out of Memory (OOM) during forward pass!
2026-05-07 17:52:59,134 - __main__ - ERROR -   Memory at OOM: 42601/44938MB
2026-05-07 17:52:59,382 - __main__ - ERROR -   Batch 293: CUDA Out of Memory (OOM) during forward pass!
2026-05-07 17:52:59,382 - __main__ - ERROR -   Memory at OOM: 42601/44938MB
2026-05-07 17:52:59,638 - __main__ - ERROR -   Batch 294: CUDA Out of Memory (OOM) during forward pass!
2026-05-07 17:52:59,638 - __main__ - ERROR -   Memory at OOM: 42601/44938MB
2026-05-07 17:52:59,895 - __main__ - ERROR -   Batch 295: CUDA Out of Memory (OOM) during forward pass!
2026-05-07 17:52:59,895 - __main__ - ERROR -   Memory at OOM: 42601/44938MB
2026-05-07 17:53:00,141 - __main__ - ERROR -   Batch 296: CUDA Out of Memory (OOM) during forward pass!
2026-05-07 17:53:00,142 - __main__ - ERROR -   Memory at OOM: 42601/44938MB
2026-05-07 17:53:00,395 - __main__ - ERROR -   Batch 297: CUDA Out of Memory (OOM) during forward pass!
2026-05-07 17:53:00,395 - __main__ - ERROR -   Memory at OOM: 42601/44938MB
2026-05-07 17:53:00,649 - __main__ - ERROR -   Batch 298: CUDA Out of Memory (OOM) during forward pass!
2026-05-07 17:53:00,649 - __main__ - ERROR -   Memory at OOM: 42601/44938MB
2026-05-07 17:53:00,903 - __main__ - ERROR -   Batch 299: CUDA Out of Memory (OOM) during forward pass!
2026-05-07 17:53:00,904 - __main__ - ERROR -   Memory at OOM: 42601/44938MB
2026-05-07 17:53:01,156 - __main__ - ERROR -   Batch 300: CUDA Out of Memory (OOM) during forward pass!
2026-05-07 17:53:01,156 - __main__ - ERROR -   Memory at OOM: 42601/44938MB
2026-05-07 17:53:01,406 - __main__ - ERROR -   Batch 301: CUDA Out of Memory (OOM) during forward pass!
2026-05-07 17:53:01,407 - __main__ - ERROR -   Memory at OOM: 42601/44938MB
2026-05-07 17:53:01,664 - __main__ - ERROR -   Batch 302: CUDA Out of Memory (OOM) during forward pass!
2026-05-07 17:53:01,665 - __main__ - ERROR -   Memory at OOM: 42601/44938MB
2026-05-07 17:53:01,915 - __main__ - ERROR -   Batch 303: CUDA Out of Memory (OOM) during forward pass!
2026-05-07 17:53:01,916 - __main__ - ERROR -   Memory at OOM: 42601/44938MB
2026-05-07 17:53:02,168 - __main__ - ERROR -   Batch 304: CUDA Out of Memory (OOM) during forward pass!
2026-05-07 17:53:02,169 - __main__ - ERROR -   Memory at OOM: 42601/44938MB
2026-05-07 17:53:02,414 - __main__ - ERROR -   Batch 305: CUDA Out of Memory (OOM) during forward pass!
2026-05-07 17:53:02,415 - __main__ - ERROR -   Memory at OOM: 42601/44938MB
2026-05-07 17:53:02,671 - __main__ - ERROR -   Batch 306: CUDA Out of Memory (OOM) during forward pass!
2026-05-07 17:53:02,671 - __main__ - ERROR -   Memory at OOM: 42601/44938MB
2026-05-07 17:53:02,922 - __main__ - ERROR -   Batch 307: CUDA Out of Memory (OOM) during forward pass!
2026-05-07 17:53:02,923 - __main__ - ERROR -   Memory at OOM: 42601/44938MB
2026-05-07 17:53:03,173 - __main__ - ERROR -   Batch 308: CUDA Out of Memory (OOM) during forward pass!
2026-05-07 17:53:03,173 - __main__ - ERROR -   Memory at OOM: 42601/44938MB
2026-05-07 17:53:03,429 - __main__ - ERROR -   Batch 309: CUDA Out of Memory (OOM) during forward pass!
2026-05-07 17:53:03,430 - __main__ - ERROR -   Memory at OOM: 42601/44938MB
2026-05-07 17:53:03,680 - __main__ - ERROR -   Batch 310: CUDA Out of Memory (OOM) during forward pass!
2026-05-07 17:53:03,681 - __main__ - ERROR -   Memory at OOM: 42601/44938MB
2026-05-07 17:53:03,938 - __main__ - ERROR -   Batch 311: CUDA Out of Memory (OOM) during forward pass!
2026-05-07 17:53:03,939 - __main__ - ERROR -   Memory at OOM: 42601/44938MB
2026-05-07 17:53:04,188 - __main__ - ERROR -   Batch 312: CUDA Out of Memory (OOM) during forward pass!
2026-05-07 17:53:04,188 - __main__ - ERROR -   Memory at OOM: 42601/44938MB
2026-05-07 17:53:04,439 - __main__ - ERROR -   Batch 313: CUDA Out of Memory (OOM) during forward pass!
2026-05-07 17:53:04,440 - __main__ - ERROR -   Memory at OOM: 42601/44938MB
2026-05-07 17:53:04,697 - __main__ - ERROR -   Batch 314: CUDA Out of Memory (OOM) during forward pass!
2026-05-07 17:53:04,698 - __main__ - ERROR -   Memory at OOM: 42601/44938MB
2026-05-07 17:53:04,953 - __main__ - ERROR -   Batch 315: CUDA Out of Memory (OOM) during forward pass!
2026-05-07 17:53:04,954 - __main__ - ERROR -   Memory at OOM: 42601/44938MB
2026-05-07 17:53:05,200 - __main__ - ERROR -   Batch 316: CUDA Out of Memory (OOM) during forward pass!
2026-05-07 17:53:05,200 - __main__ - ERROR -   Memory at OOM: 42601/44938MB
2026-05-07 17:53:05,452 - __main__ - ERROR -   Batch 317: CUDA Out of Memory (OOM) during forward pass!
2026-05-07 17:53:05,453 - __main__ - ERROR -   Memory at OOM: 42601/44938MB
2026-05-07 17:53:05,713 - __main__ - ERROR -   Batch 318: CUDA Out of Memory (OOM) during forward pass!
2026-05-07 17:53:05,715 - __main__ - ERROR -   Memory at OOM: 42601/44938MB
2026-05-07 17:53:05,968 - __main__ - ERROR -   Batch 319: CUDA Out of Memory (OOM) during forward pass!
2026-05-07 17:53:05,969 - __main__ - ERROR -   Memory at OOM: 42601/44938MB
2026-05-07 17:53:06,224 - __main__ - ERROR -   Batch 320: CUDA Out of Memory (OOM) during forward pass!
2026-05-07 17:53:06,224 - __main__ - ERROR -   Memory at OOM: 42601/44938MB
2026-05-07 17:53:06,474 - __main__ - ERROR -   Batch 321: CUDA Out of Memory (OOM) during forward pass!
2026-05-07 17:53:06,474 - __main__ - ERROR -   Memory at OOM: 42601/44938MB
2026-05-07 17:53:06,732 - __main__ - ERROR -   Batch 322: CUDA Out of Memory (OOM) during forward pass!
2026-05-07 17:53:06,733 - __main__ - ERROR -   Memory at OOM: 42601/44938MB
2026-05-07 17:53:06,986 - __main__ - ERROR -   Batch 323: CUDA Out of Memory (OOM) during forward pass!
2026-05-07 17:53:06,987 - __main__ - ERROR -   Memory at OOM: 42601/44938MB
2026-05-07 17:53:07,237 - __main__ - ERROR -   Batch 324: CUDA Out of Memory (OOM) during forward pass!
2026-05-07 17:53:07,237 - __main__ - ERROR -   Memory at OOM: 42601/44938MB
2026-05-07 17:53:07,489 - __main__ - ERROR -   Batch 325: CUDA Out of Memory (OOM) during forward pass!
2026-05-07 17:53:07,489 - __main__ - ERROR -   Memory at OOM: 42601/44938MB
2026-05-07 17:53:07,746 - __main__ - ERROR -   Batch 326: CUDA Out of Memory (OOM) during forward pass!
2026-05-07 17:53:07,747 - __main__ - ERROR -   Memory at OOM: 42601/44938MB
2026-05-07 17:53:07,997 - __main__ - ERROR -   Batch 327: CUDA Out of Memory (OOM) during forward pass!
2026-05-07 17:53:07,998 - __main__ - ERROR -   Memory at OOM: 42601/44938MB
2026-05-07 17:53:08,253 - __main__ - ERROR -   Batch 328: CUDA Out of Memory (OOM) during forward pass!
2026-05-07 17:53:08,255 - __main__ - ERROR -   Memory at OOM: 42601/44938MB
2026-05-07 17:53:08,508 - __main__ - ERROR -   Batch 329: CUDA Out of Memory (OOM) during forward pass!
2026-05-07 17:53:08,509 - __main__ - ERROR -   Memory at OOM: 42601/44938MB
2026-05-07 17:53:08,763 - __main__ - ERROR -   Batch 330: CUDA Out of Memory (OOM) during forward pass!
2026-05-07 17:53:08,764 - __main__ - ERROR -   Memory at OOM: 42601/44938MB
2026-05-07 17:53:09,018 - __main__ - ERROR -   Batch 331: CUDA Out of Memory (OOM) during forward pass!
2026-05-07 17:53:09,019 - __main__ - ERROR -   Memory at OOM: 42601/44938MB
2026-05-07 17:53:09,275 - __main__ - ERROR -   Batch 332: CUDA Out of Memory (OOM) during forward pass!
2026-05-07 17:53:09,276 - __main__ - ERROR -   Memory at OOM: 42601/44938MB
2026-05-07 17:53:09,525 - __main__ - ERROR -   Batch 333: CUDA Out of Memory (OOM) during forward pass!
2026-05-07 17:53:09,526 - __main__ - ERROR -   Memory at OOM: 42601/44938MB
2026-05-07 17:53:09,784 - __main__ - ERROR -   Batch 334: CUDA Out of Memory (OOM) during forward pass!
2026-05-07 17:53:09,785 - __main__ - ERROR -   Memory at OOM: 42601/44938MB
2026-05-07 17:53:10,036 - __main__ - ERROR -   Batch 335: CUDA Out of Memory (OOM) during forward pass!
2026-05-07 17:53:10,037 - __main__ - ERROR -   Memory at OOM: 42601/44938MB
2026-05-07 17:53:10,292 - __main__ - ERROR -   Batch 336: CUDA Out of Memory (OOM) during forward pass!
2026-05-07 17:53:10,293 - __main__ - ERROR -   Memory at OOM: 42601/44938MB
2026-05-07 17:53:10,549 - __main__ - ERROR -   Batch 337: CUDA Out of Memory (OOM) during forward pass!
2026-05-07 17:53:10,551 - __main__ - ERROR -   Memory at OOM: 42601/44938MB
2026-05-07 17:53:10,809 - __main__ - ERROR -   Batch 338: CUDA Out of Memory (OOM) during forward pass!
2026-05-07 17:53:10,810 - __main__ - ERROR -   Memory at OOM: 42601/44938MB
2026-05-07 17:53:11,069 - __main__ - ERROR -   Batch 339: CUDA Out of Memory (OOM) during forward pass!
2026-05-07 17:53:11,070 - __main__ - ERROR -   Memory at OOM: 42601/44938MB
2026-05-07 17:53:11,317 - __main__ - ERROR -   Batch 340: CUDA Out of Memory (OOM) during forward pass!
2026-05-07 17:53:11,318 - __main__ - ERROR -   Memory at OOM: 42601/44938MB
2026-05-07 17:53:11,571 - __main__ - ERROR -   Batch 341: CUDA Out of Memory (OOM) during forward pass!
2026-05-07 17:53:11,572 - __main__ - ERROR -   Memory at OOM: 42601/44938MB
2026-05-07 17:53:11,830 - __main__ - ERROR -   Batch 342: CUDA Out of Memory (OOM) during forward pass!
2026-05-07 17:53:11,830 - __main__ - ERROR -   Memory at OOM: 42601/44938MB
2026-05-07 17:53:12,091 - __main__ - ERROR -   Batch 343: CUDA Out of Memory (OOM) during forward pass!
2026-05-07 17:53:12,091 - __main__ - ERROR -   Memory at OOM: 42601/44938MB
2026-05-07 17:53:12,351 - __main__ - ERROR -   Batch 344: CUDA Out of Memory (OOM) during forward pass!
2026-05-07 17:53:12,352 - __main__ - ERROR -   Memory at OOM: 42601/44938MB
2026-05-07 17:53:12,600 - __main__ - ERROR -   Batch 345: CUDA Out of Memory (OOM) during forward pass!
2026-05-07 17:53:12,601 - __main__ - ERROR -   Memory at OOM: 42601/44938MB
2026-05-07 17:53:12,854 - __main__ - ERROR -   Batch 346: CUDA Out of Memory (OOM) during forward pass!
2026-05-07 17:53:12,855 - __main__ - ERROR -   Memory at OOM: 42601/44938MB
2026-05-07 17:53:13,114 - __main__ - ERROR -   Batch 347: CUDA Out of Memory (OOM) during forward pass!
2026-05-07 17:53:13,116 - __main__ - ERROR -   Memory at OOM: 42601/44938MB
2026-05-07 17:53:13,369 - __main__ - ERROR -   Batch 348: CUDA Out of Memory (OOM) during forward pass!
2026-05-07 17:53:13,370 - __main__ - ERROR -   Memory at OOM: 42601/44938MB
2026-05-07 17:53:13,630 - __main__ - ERROR -   Batch 349: CUDA Out of Memory (OOM) during forward pass!
2026-05-07 17:53:13,631 - __main__ - ERROR -   Memory at OOM: 42601/44938MB
2026-05-07 17:53:13,884 - __main__ - ERROR -   Batch 350: CUDA Out of Memory (OOM) during forward pass!
2026-05-07 17:53:13,885 - __main__ - ERROR -   Memory at OOM: 42601/44938MB
2026-05-07 17:53:14,141 - __main__ - ERROR -   Batch 351: CUDA Out of Memory (OOM) during forward pass!
2026-05-07 17:53:14,142 - __main__ - ERROR -   Memory at OOM: 42601/44938MB
2026-05-07 17:53:14,390 - __main__ - ERROR -   Batch 352: CUDA Out of Memory (OOM) during forward pass!
2026-05-07 17:53:14,390 - __main__ - ERROR -   Memory at OOM: 42601/44938MB
2026-05-07 17:53:14,648 - __main__ - ERROR -   Batch 353: CUDA Out of Memory (OOM) during forward pass!
2026-05-07 17:53:14,649 - __main__ - ERROR -   Memory at OOM: 42601/44938MB
2026-05-07 17:53:14,913 - __main__ - ERROR -   Batch 354: CUDA Out of Memory (OOM) during forward pass!
2026-05-07 17:53:14,914 - __main__ - ERROR -   Memory at OOM: 42601/44938MB
2026-05-07 17:53:15,170 - __main__ - ERROR -   Batch 355: CUDA Out of Memory (OOM) during forward pass!
2026-05-07 17:53:15,170 - __main__ - ERROR -   Memory at OOM: 42601/44938MB
2026-05-07 17:53:15,417 - __main__ - ERROR -   Batch 356: CUDA Out of Memory (OOM) during forward pass!
2026-05-07 17:53:15,417 - __main__ - ERROR -   Memory at OOM: 42601/44938MB
2026-05-07 17:53:15,671 - __main__ - ERROR -   Batch 357: CUDA Out of Memory (OOM) during forward pass!
2026-05-07 17:53:15,672 - __main__ - ERROR -   Memory at OOM: 42601/44938MB
2026-05-07 17:53:15,931 - __main__ - ERROR -   Batch 358: CUDA Out of Memory (OOM) during forward pass!
2026-05-07 17:53:15,931 - __main__ - ERROR -   Memory at OOM: 42601/44938MB
2026-05-07 17:53:16,190 - __main__ - ERROR -   Batch 359: CUDA Out of Memory (OOM) during forward pass!
2026-05-07 17:53:16,190 - __main__ - ERROR -   Memory at OOM: 42601/44938MB
2026-05-07 17:53:16,446 - __main__ - ERROR -   Batch 360: CUDA Out of Memory (OOM) during forward pass!
2026-05-07 17:53:16,447 - __main__ - ERROR -   Memory at OOM: 42601/44938MB
2026-05-07 17:53:16,698 - __main__ - ERROR -   Batch 361: CUDA Out of Memory (OOM) during forward pass!
2026-05-07 17:53:16,698 - __main__ - ERROR -   Memory at OOM: 42601/44938MB
2026-05-07 17:53:16,952 - __main__ - ERROR -   Batch 362: CUDA Out of Memory (OOM) during forward pass!
2026-05-07 17:53:16,953 - __main__ - ERROR -   Memory at OOM: 42601/44938MB
2026-05-07 17:53:17,212 - __main__ - ERROR -   Batch 363: CUDA Out of Memory (OOM) during forward pass!
2026-05-07 17:53:17,212 - __main__ - ERROR -   Memory at OOM: 42601/44938MB
2026-05-07 17:53:17,467 - __main__ - ERROR -   Batch 364: CUDA Out of Memory (OOM) during forward pass!
2026-05-07 17:53:17,467 - __main__ - ERROR -   Memory at OOM: 42601/44938MB
2026-05-07 17:53:17,730 - __main__ - ERROR -   Batch 365: CUDA Out of Memory (OOM) during forward pass!
2026-05-07 17:53:17,730 - __main__ - ERROR -   Memory at OOM: 42601/44938MB
2026-05-07 17:53:17,987 - __main__ - ERROR -   Batch 366: CUDA Out of Memory (OOM) during forward pass!
2026-05-07 17:53:17,989 - __main__ - ERROR -   Memory at OOM: 42601/44938MB
2026-05-07 17:53:18,240 - __main__ - ERROR -   Batch 367: CUDA Out of Memory (OOM) during forward pass!
2026-05-07 17:53:18,240 - __main__ - ERROR -   Memory at OOM: 42601/44938MB
2026-05-07 17:53:18,491 - __main__ - ERROR -   Batch 368: CUDA Out of Memory (OOM) during forward pass!
2026-05-07 17:53:18,492 - __main__ - ERROR -   Memory at OOM: 42601/44938MB
2026-05-07 17:53:18,749 - __main__ - ERROR -   Batch 369: CUDA Out of Memory (OOM) during forward pass!
2026-05-07 17:53:18,750 - __main__ - ERROR -   Memory at OOM: 42601/44938MB
2026-05-07 17:53:19,013 - __main__ - ERROR -   Batch 370: CUDA Out of Memory (OOM) during forward pass!
2026-05-07 17:53:19,014 - __main__ - ERROR -   Memory at OOM: 42601/44938MB
2026-05-07 17:53:19,272 - __main__ - ERROR -   Batch 371: CUDA Out of Memory (OOM) during forward pass!
2026-05-07 17:53:19,272 - __main__ - ERROR -   Memory at OOM: 42601/44938MB
2026-05-07 17:53:19,524 - __main__ - ERROR -   Batch 372: CUDA Out of Memory (OOM) during forward pass!
2026-05-07 17:53:19,525 - __main__ - ERROR -   Memory at OOM: 42601/44938MB
2026-05-07 17:53:19,778 - __main__ - ERROR -   Batch 373: CUDA Out of Memory (OOM) during forward pass!
2026-05-07 17:53:19,778 - __main__ - ERROR -   Memory at OOM: 42601/44938MB
2026-05-07 17:53:20,029 - __main__ - ERROR -   Batch 374: CUDA Out of Memory (OOM) during forward pass!
2026-05-07 17:53:20,030 - __main__ - ERROR -   Memory at OOM: 42601/44938MB
2026-05-07 17:53:20,287 - __main__ - ERROR -   Batch 375: CUDA Out of Memory (OOM) during forward pass!
2026-05-07 17:53:20,287 - __main__ - ERROR -   Memory at OOM: 42601/44938MB
2026-05-07 17:53:20,551 - __main__ - ERROR -   Batch 376: CUDA Out of Memory (OOM) during forward pass!
2026-05-07 17:53:20,553 - __main__ - ERROR -   Memory at OOM: 42601/44938MB
2026-05-07 17:53:20,808 - __main__ - ERROR -   Batch 377: CUDA Out of Memory (OOM) during forward pass!
2026-05-07 17:53:20,808 - __main__ - ERROR -   Memory at OOM: 42601/44938MB
2026-05-07 17:53:21,066 - __main__ - ERROR -   Batch 378: CUDA Out of Memory (OOM) during forward pass!
2026-05-07 17:53:21,067 - __main__ - ERROR -   Memory at OOM: 42601/44938MB
2026-05-07 17:53:21,314 - __main__ - ERROR -   Batch 379: CUDA Out of Memory (OOM) during forward pass!
2026-05-07 17:53:21,314 - __main__ - ERROR -   Memory at OOM: 42601/44938MB
2026-05-07 17:53:21,572 - __main__ - ERROR -   Batch 380: CUDA Out of Memory (OOM) during forward pass!
2026-05-07 17:53:21,572 - __main__ - ERROR -   Memory at OOM: 42601/44938MB
2026-05-07 17:53:21,827 - __main__ - ERROR -   Batch 381: CUDA Out of Memory (OOM) during forward pass!
2026-05-07 17:53:21,827 - __main__ - ERROR -   Memory at OOM: 42601/44938MB
2026-05-07 17:53:22,090 - __main__ - ERROR -   Batch 382: CUDA Out of Memory (OOM) during forward pass!
2026-05-07 17:53:22,091 - __main__ - ERROR -   Memory at OOM: 42601/44938MB
2026-05-07 17:53:22,346 - __main__ - ERROR -   Batch 383: CUDA Out of Memory (OOM) during forward pass!
2026-05-07 17:53:22,346 - __main__ - ERROR -   Memory at OOM: 42601/44938MB
2026-05-07 17:53:22,602 - __main__ - ERROR -   Batch 384: CUDA Out of Memory (OOM) during forward pass!
2026-05-07 17:53:22,602 - __main__ - ERROR -   Memory at OOM: 42601/44938MB
2026-05-07 17:53:22,853 - __main__ - ERROR -   Batch 385: CUDA Out of Memory (OOM) during forward pass!
2026-05-07 17:53:22,854 - __main__ - ERROR -   Memory at OOM: 42601/44938MB
2026-05-07 17:53:23,112 - __main__ - ERROR -   Batch 386: CUDA Out of Memory (OOM) during forward pass!
2026-05-07 17:53:23,114 - __main__ - ERROR -   Memory at OOM: 42601/44938MB
2026-05-07 17:53:23,364 - __main__ - ERROR -   Batch 387: CUDA Out of Memory (OOM) during forward pass!
2026-05-07 17:53:23,365 - __main__ - ERROR -   Memory at OOM: 42601/44938MB
2026-05-07 17:53:23,628 - __main__ - ERROR -   Batch 388: CUDA Out of Memory (OOM) during forward pass!
2026-05-07 17:53:23,629 - __main__ - ERROR -   Memory at OOM: 42601/44938MB
2026-05-07 17:53:23,878 - __main__ - ERROR -   Batch 389: CUDA Out of Memory (OOM) during forward pass!
2026-05-07 17:53:23,879 - __main__ - ERROR -   Memory at OOM: 42601/44938MB
2026-05-07 17:53:24,133 - __main__ - ERROR -   Batch 390: CUDA Out of Memory (OOM) during forward pass!
2026-05-07 17:53:24,134 - __main__ - ERROR -   Memory at OOM: 42601/44938MB
2026-05-07 17:53:24,383 - __main__ - ERROR -   Batch 391: CUDA Out of Memory (OOM) during forward pass!
2026-05-07 17:53:24,384 - __main__ - ERROR -   Memory at OOM: 42601/44938MB
2026-05-07 17:53:24,640 - __main__ - ERROR -   Batch 392: CUDA Out of Memory (OOM) during forward pass!
2026-05-07 17:53:24,641 - __main__ - ERROR -   Memory at OOM: 42601/44938MB
2026-05-07 17:53:24,891 - __main__ - ERROR -   Batch 393: CUDA Out of Memory (OOM) during forward pass!
2026-05-07 17:53:24,892 - __main__ - ERROR -   Memory at OOM: 42601/44938MB
2026-05-07 17:53:25,142 - __main__ - ERROR -   Batch 394: CUDA Out of Memory (OOM) during forward pass!
2026-05-07 17:53:25,142 - __main__ - ERROR -   Memory at OOM: 42601/44938MB
2026-05-07 17:53:25,397 - __main__ - ERROR -   Batch 395: CUDA Out of Memory (OOM) during forward pass!
2026-05-07 17:53:25,398 - __main__ - ERROR -   Memory at OOM: 42601/44938MB
2026-05-07 17:53:25,653 - __main__ - ERROR -   Batch 396: CUDA Out of Memory (OOM) during forward pass!
2026-05-07 17:53:25,654 - __main__ - ERROR -   Memory at OOM: 42601/44938MB
2026-05-07 17:53:25,908 - __main__ - ERROR -   Batch 397: CUDA Out of Memory (OOM) during forward pass!
2026-05-07 17:53:25,908 - __main__ - ERROR -   Memory at OOM: 42601/44938MB
2026-05-07 17:53:26,164 - __main__ - ERROR -   Batch 398: CUDA Out of Memory (OOM) during forward pass!
2026-05-07 17:53:26,165 - __main__ - ERROR -   Memory at OOM: 42601/44938MB
2026-05-07 17:53:26,428 - __main__ - ERROR -   Batch 399: CUDA Out of Memory (OOM) during forward pass!
2026-05-07 17:53:26,428 - __main__ - ERROR -   Memory at OOM: 42601/44938MB
2026-05-07 17:53:26,679 - __main__ - ERROR -   Batch 400: CUDA Out of Memory (OOM) during forward pass!
2026-05-07 17:53:26,680 - __main__ - ERROR -   Memory at OOM: 42601/44938MB
2026-05-07 17:53:26,929 - __main__ - ERROR -   Batch 401: CUDA Out of Memory (OOM) during forward pass!
2026-05-07 17:53:26,929 - __main__ - ERROR -   Memory at OOM: 42601/44938MB
2026-05-07 17:53:27,182 - __main__ - ERROR -   Batch 402: CUDA Out of Memory (OOM) during forward pass!
2026-05-07 17:53:27,182 - __main__ - ERROR -   Memory at OOM: 42601/44938MB
2026-05-07 17:53:27,439 - __main__ - ERROR -   Batch 403: CUDA Out of Memory (OOM) during forward pass!
2026-05-07 17:53:27,439 - __main__ - ERROR -   Memory at OOM: 42601/44938MB
2026-05-07 17:53:27,692 - __main__ - ERROR -   Batch 404: CUDA Out of Memory (OOM) during forward pass!
2026-05-07 17:53:27,693 - __main__ - ERROR -   Memory at OOM: 42601/44938MB
2026-05-07 17:53:27,945 - __main__ - ERROR -   Batch 405: CUDA Out of Memory (OOM) during forward pass!
2026-05-07 17:53:27,946 - __main__ - ERROR -   Memory at OOM: 42601/44938MB
2026-05-07 17:53:28,201 - __main__ - ERROR -   Batch 406: CUDA Out of Memory (OOM) during forward pass!
2026-05-07 17:53:28,201 - __main__ - ERROR -   Memory at OOM: 42601/44938MB
2026-05-07 17:53:28,459 - __main__ - ERROR -   Batch 407: CUDA Out of Memory (OOM) during forward pass!
2026-05-07 17:53:28,459 - __main__ - ERROR -   Memory at OOM: 42601/44938MB
2026-05-07 17:53:28,711 - __main__ - ERROR -   Batch 408: CUDA Out of Memory (OOM) during forward pass!
2026-05-07 17:53:28,711 - __main__ - ERROR -   Memory at OOM: 42601/44938MB
2026-05-07 17:53:28,963 - __main__ - ERROR -   Batch 409: CUDA Out of Memory (OOM) during forward pass!
2026-05-07 17:53:28,964 - __main__ - ERROR -   Memory at OOM: 42601/44938MB
2026-05-07 17:53:29,217 - __main__ - ERROR -   Batch 410: CUDA Out of Memory (OOM) during forward pass!
2026-05-07 17:53:29,218 - __main__ - ERROR -   Memory at OOM: 42601/44938MB
2026-05-07 17:53:29,478 - __main__ - ERROR -   Batch 411: CUDA Out of Memory (OOM) during forward pass!
2026-05-07 17:53:29,479 - __main__ - ERROR -   Memory at OOM: 42601/44938MB
2026-05-07 17:53:29,728 - __main__ - ERROR -   Batch 412: CUDA Out of Memory (OOM) during forward pass!
2026-05-07 17:53:29,729 - __main__ - ERROR -   Memory at OOM: 42601/44938MB
2026-05-07 17:53:29,983 - __main__ - ERROR -   Batch 413: CUDA Out of Memory (OOM) during forward pass!
2026-05-07 17:53:29,984 - __main__ - ERROR -   Memory at OOM: 42601/44938MB
2026-05-07 17:53:30,243 - __main__ - ERROR -   Batch 414: CUDA Out of Memory (OOM) during forward pass!
2026-05-07 17:53:30,244 - __main__ - ERROR -   Memory at OOM: 42601/44938MB
2026-05-07 17:53:30,507 - __main__ - ERROR -   Batch 415: CUDA Out of Memory (OOM) during forward pass!
2026-05-07 17:53:30,507 - __main__ - ERROR -   Memory at OOM: 42601/44938MB
2026-05-07 17:53:30,762 - __main__ - ERROR -   Batch 416: CUDA Out of Memory (OOM) during forward pass!
2026-05-07 17:53:30,763 - __main__ - ERROR -   Memory at OOM: 42601/44938MB
2026-05-07 17:53:31,012 - __main__ - ERROR -   Batch 417: CUDA Out of Memory (OOM) during forward pass!
2026-05-07 17:53:31,013 - __main__ - ERROR -   Memory at OOM: 42601/44938MB
2026-05-07 17:53:31,267 - __main__ - ERROR -   Batch 418: CUDA Out of Memory (OOM) during forward pass!
2026-05-07 17:53:31,267 - __main__ - ERROR -   Memory at OOM: 42601/44938MB
2026-05-07 17:53:31,529 - __main__ - ERROR -   Batch 419: CUDA Out of Memory (OOM) during forward pass!
2026-05-07 17:53:31,529 - __main__ - ERROR -   Memory at OOM: 42601/44938MB
2026-05-07 17:53:31,787 - __main__ - ERROR -   Batch 420: CUDA Out of Memory (OOM) during forward pass!
2026-05-07 17:53:31,788 - __main__ - ERROR -   Memory at OOM: 42601/44938MB
2026-05-07 17:53:32,043 - __main__ - ERROR -   Batch 421: CUDA Out of Memory (OOM) during forward pass!
2026-05-07 17:53:32,043 - __main__ - ERROR -   Memory at OOM: 42601/44938MB
2026-05-07 17:53:32,295 - __main__ - ERROR -   Batch 422: CUDA Out of Memory (OOM) during forward pass!
2026-05-07 17:53:32,295 - __main__ - ERROR -   Memory at OOM: 42601/44938MB
2026-05-07 17:53:32,555 - __main__ - ERROR -   Batch 423: CUDA Out of Memory (OOM) during forward pass!
2026-05-07 17:53:32,556 - __main__ - ERROR -   Memory at OOM: 42601/44938MB
2026-05-07 17:53:32,810 - __main__ - ERROR -   Batch 424: CUDA Out of Memory (OOM) during forward pass!
2026-05-07 17:53:32,813 - __main__ - ERROR -   Memory at OOM: 42601/44938MB
2026-05-07 17:53:33,063 - __main__ - ERROR -   Batch 425: CUDA Out of Memory (OOM) during forward pass!
2026-05-07 17:53:33,063 - __main__ - ERROR -   Memory at OOM: 42601/44938MB
2026-05-07 17:53:33,322 - __main__ - ERROR -   Batch 426: CUDA Out of Memory (OOM) during forward pass!
2026-05-07 17:53:33,322 - __main__ - ERROR -   Memory at OOM: 42601/44938MB
2026-05-07 17:53:33,585 - __main__ - ERROR -   Batch 427: CUDA Out of Memory (OOM) during forward pass!
2026-05-07 17:53:33,586 - __main__ - ERROR -   Memory at OOM: 42601/44938MB
2026-05-07 17:53:33,839 - __main__ - ERROR -   Batch 428: CUDA Out of Memory (OOM) during forward pass!
2026-05-07 17:53:33,839 - __main__ - ERROR -   Memory at OOM: 42601/44938MB
2026-05-07 17:53:34,086 - __main__ - ERROR -   Batch 429: CUDA Out of Memory (OOM) during forward pass!
2026-05-07 17:53:34,086 - __main__ - ERROR -   Memory at OOM: 42601/44938MB
2026-05-07 17:53:34,342 - __main__ - ERROR -   Batch 430: CUDA Out of Memory (OOM) during forward pass!
2026-05-07 17:53:34,342 - __main__ - ERROR -   Memory at OOM: 42601/44938MB
2026-05-07 17:53:34,605 - __main__ - ERROR -   Batch 431: CUDA Out of Memory (OOM) during forward pass!
2026-05-07 17:53:34,606 - __main__ - ERROR -   Memory at OOM: 42601/44938MB
2026-05-07 17:53:34,867 - __main__ - ERROR -   Batch 432: CUDA Out of Memory (OOM) during forward pass!
2026-05-07 17:53:34,867 - __main__ - ERROR -   Memory at OOM: 42601/44938MB
2026-05-07 17:53:35,118 - __main__ - ERROR -   Batch 433: CUDA Out of Memory (OOM) during forward pass!
2026-05-07 17:53:35,119 - __main__ - ERROR -   Memory at OOM: 42601/44938MB
2026-05-07 17:53:35,370 - __main__ - ERROR -   Batch 434: CUDA Out of Memory (OOM) during forward pass!
2026-05-07 17:53:35,371 - __main__ - ERROR -   Memory at OOM: 42601/44938MB
2026-05-07 17:53:35,628 - __main__ - ERROR -   Batch 435: CUDA Out of Memory (OOM) during forward pass!
2026-05-07 17:53:35,629 - __main__ - ERROR -   Memory at OOM: 42601/44938MB
2026-05-07 17:53:35,887 - __main__ - ERROR -   Batch 436: CUDA Out of Memory (OOM) during forward pass!
2026-05-07 17:53:35,888 - __main__ - ERROR -   Memory at OOM: 42601/44938MB
2026-05-07 17:53:36,141 - __main__ - ERROR -   Batch 437: CUDA Out of Memory (OOM) during forward pass!
2026-05-07 17:53:36,141 - __main__ - ERROR -   Memory at OOM: 42601/44938MB
2026-05-07 17:53:36,399 - __main__ - ERROR -   Batch 438: CUDA Out of Memory (OOM) during forward pass!
2026-05-07 17:53:36,399 - __main__ - ERROR -   Memory at OOM: 42601/44938MB
2026-05-07 17:53:36,656 - __main__ - ERROR -   Batch 439: CUDA Out of Memory (OOM) during forward pass!
2026-05-07 17:53:36,657 - __main__ - ERROR -   Memory at OOM: 42601/44938MB
2026-05-07 17:53:36,909 - __main__ - ERROR -   Batch 440: CUDA Out of Memory (OOM) during forward pass!
2026-05-07 17:53:36,910 - __main__ - ERROR -   Memory at OOM: 42601/44938MB
2026-05-07 17:53:37,161 - __main__ - ERROR -   Batch 441: CUDA Out of Memory (OOM) during forward pass!
2026-05-07 17:53:37,162 - __main__ - ERROR -   Memory at OOM: 42601/44938MB
2026-05-07 17:53:37,422 - __main__ - ERROR -   Batch 442: CUDA Out of Memory (OOM) during forward pass!
2026-05-07 17:53:37,422 - __main__ - ERROR -   Memory at OOM: 42601/44938MB
2026-05-07 17:53:37,684 - __main__ - ERROR -   Batch 443: CUDA Out of Memory (OOM) during forward pass!
2026-05-07 17:53:37,686 - __main__ - ERROR -   Memory at OOM: 42601/44938MB
2026-05-07 17:53:37,939 - __main__ - ERROR -   Batch 444: CUDA Out of Memory (OOM) during forward pass!
2026-05-07 17:53:37,939 - __main__ - ERROR -   Memory at OOM: 42601/44938MB
2026-05-07 17:53:38,186 - __main__ - ERROR -   Batch 445: CUDA Out of Memory (OOM) during forward pass!
2026-05-07 17:53:38,186 - __main__ - ERROR -   Memory at OOM: 42601/44938MB
2026-05-07 17:53:38,439 - __main__ - ERROR -   Batch 446: CUDA Out of Memory (OOM) during forward pass!
2026-05-07 17:53:38,440 - __main__ - ERROR -   Memory at OOM: 42601/44938MB
2026-05-07 17:53:38,701 - __main__ - ERROR -   Batch 447: CUDA Out of Memory (OOM) during forward pass!
2026-05-07 17:53:38,701 - __main__ - ERROR -   Memory at OOM: 42601/44938MB
2026-05-07 17:53:38,956 - __main__ - ERROR -   Batch 448: CUDA Out of Memory (OOM) during forward pass!
2026-05-07 17:53:38,957 - __main__ - ERROR -   Memory at OOM: 42601/44938MB
2026-05-07 17:53:39,203 - __main__ - ERROR -   Batch 449: CUDA Out of Memory (OOM) during forward pass!
2026-05-07 17:53:39,203 - __main__ - ERROR -   Memory at OOM: 42601/44938MB
2026-05-07 17:53:39,462 - __main__ - ERROR -   Batch 450: CUDA Out of Memory (OOM) during forward pass!
2026-05-07 17:53:39,463 - __main__ - ERROR -   Memory at OOM: 42601/44938MB
2026-05-07 17:53:39,725 - __main__ - ERROR -   Batch 451: CUDA Out of Memory (OOM) during forward pass!
2026-05-07 17:53:39,725 - __main__ - ERROR -   Memory at OOM: 42601/44938MB
2026-05-07 17:53:39,986 - __main__ - ERROR -   Batch 452: CUDA Out of Memory (OOM) during forward pass!
2026-05-07 17:53:39,987 - __main__ - ERROR -   Memory at OOM: 42601/44938MB
2026-05-07 17:53:40,237 - __main__ - ERROR -   Batch 453: CUDA Out of Memory (OOM) during forward pass!
2026-05-07 17:53:40,238 - __main__ - ERROR -   Memory at OOM: 42601/44938MB
2026-05-07 17:53:40,489 - __main__ - ERROR -   Batch 454: CUDA Out of Memory (OOM) during forward pass!
2026-05-07 17:53:40,489 - __main__ - ERROR -   Memory at OOM: 42601/44938MB
2026-05-07 17:53:40,749 - __main__ - ERROR -   Batch 455: CUDA Out of Memory (OOM) during forward pass!
2026-05-07 17:53:40,749 - __main__ - ERROR -   Memory at OOM: 42601/44938MB
2026-05-07 17:53:41,007 - __main__ - ERROR -   Batch 456: CUDA Out of Memory (OOM) during forward pass!
2026-05-07 17:53:41,008 - __main__ - ERROR -   Memory at OOM: 42601/44938MB
2026-05-07 17:53:41,259 - __main__ - ERROR -   Batch 457: CUDA Out of Memory (OOM) during forward pass!
2026-05-07 17:53:41,259 - __main__ - ERROR -   Memory at OOM: 42601/44938MB
2026-05-07 17:53:41,517 - __main__ - ERROR -   Batch 458: CUDA Out of Memory (OOM) during forward pass!
2026-05-07 17:53:41,518 - __main__ - ERROR -   Memory at OOM: 42601/44938MB
2026-05-07 17:53:41,774 - __main__ - ERROR -   Batch 459: CUDA Out of Memory (OOM) during forward pass!
2026-05-07 17:53:41,775 - __main__ - ERROR -   Memory at OOM: 42601/44938MB
2026-05-07 17:53:42,029 - __main__ - ERROR -   Batch 460: CUDA Out of Memory (OOM) during forward pass!
2026-05-07 17:53:42,030 - __main__ - ERROR -   Memory at OOM: 42601/44938MB
2026-05-07 17:53:42,279 - __main__ - ERROR -   Batch 461: CUDA Out of Memory (OOM) during forward pass!
2026-05-07 17:53:42,279 - __main__ - ERROR -   Memory at OOM: 42601/44938MB
2026-05-07 17:53:42,539 - __main__ - ERROR -   Batch 462: CUDA Out of Memory (OOM) during forward pass!
2026-05-07 17:53:42,540 - __main__ - ERROR -   Memory at OOM: 42601/44938MB
2026-05-07 17:53:42,802 - __main__ - ERROR -   Batch 463: CUDA Out of Memory (OOM) during forward pass!
2026-05-07 17:53:42,803 - __main__ - ERROR -   Memory at OOM: 42601/44938MB
2026-05-07 17:53:43,062 - __main__ - ERROR -   Batch 464: CUDA Out of Memory (OOM) during forward pass!
2026-05-07 17:53:43,063 - __main__ - ERROR -   Memory at OOM: 42601/44938MB
2026-05-07 17:53:43,309 - __main__ - ERROR -   Batch 465: CUDA Out of Memory (OOM) during forward pass!
2026-05-07 17:53:43,310 - __main__ - ERROR -   Memory at OOM: 42601/44938MB
2026-05-07 17:53:43,561 - __main__ - ERROR -   Batch 466: CUDA Out of Memory (OOM) during forward pass!
2026-05-07 17:53:43,561 - __main__ - ERROR -   Memory at OOM: 42601/44938MB
2026-05-07 17:53:43,824 - __main__ - ERROR -   Batch 467: CUDA Out of Memory (OOM) during forward pass!
2026-05-07 17:53:43,825 - __main__ - ERROR -   Memory at OOM: 42601/44938MB
2026-05-07 17:53:44,085 - __main__ - ERROR -   Batch 468: CUDA Out of Memory (OOM) during forward pass!
2026-05-07 17:53:44,085 - __main__ - ERROR -   Memory at OOM: 42601/44938MB
2026-05-07 17:53:44,340 - __main__ - ERROR -   Batch 469: CUDA Out of Memory (OOM) during forward pass!
2026-05-07 17:53:44,341 - __main__ - ERROR -   Memory at OOM: 42601/44938MB
2026-05-07 17:53:44,590 - __main__ - ERROR -   Batch 470: CUDA Out of Memory (OOM) during forward pass!
2026-05-07 17:53:44,591 - __main__ - ERROR -   Memory at OOM: 42601/44938MB
2026-05-07 17:53:44,847 - __main__ - ERROR -   Batch 471: CUDA Out of Memory (OOM) during forward pass!
2026-05-07 17:53:44,847 - __main__ - ERROR -   Memory at OOM: 42601/44938MB
2026-05-07 17:53:45,105 - __main__ - ERROR -   Batch 472: CUDA Out of Memory (OOM) during forward pass!
2026-05-07 17:53:45,106 - __main__ - ERROR -   Memory at OOM: 42601/44938MB
2026-05-07 17:53:45,358 - __main__ - ERROR -   Batch 473: CUDA Out of Memory (OOM) during forward pass!
2026-05-07 17:53:45,359 - __main__ - ERROR -   Memory at OOM: 42601/44938MB
2026-05-07 17:53:45,617 - __main__ - ERROR -   Batch 474: CUDA Out of Memory (OOM) during forward pass!
2026-05-07 17:53:45,617 - __main__ - ERROR -   Memory at OOM: 42601/44938MB
2026-05-07 17:53:45,874 - __main__ - ERROR -   Batch 475: CUDA Out of Memory (OOM) during forward pass!
2026-05-07 17:53:45,875 - __main__ - ERROR -   Memory at OOM: 42601/44938MB
2026-05-07 17:53:46,127 - __main__ - ERROR -   Batch 476: CUDA Out of Memory (OOM) during forward pass!
2026-05-07 17:53:46,127 - __main__ - ERROR -   Memory at OOM: 42601/44938MB
2026-05-07 17:53:46,377 - __main__ - ERROR -   Batch 477: CUDA Out of Memory (OOM) during forward pass!
2026-05-07 17:53:46,378 - __main__ - ERROR -   Memory at OOM: 42601/44938MB
2026-05-07 17:53:46,636 - __main__ - ERROR -   Batch 478: CUDA Out of Memory (OOM) during forward pass!
2026-05-07 17:53:46,637 - __main__ - ERROR -   Memory at OOM: 42601/44938MB
2026-05-07 17:53:46,900 - __main__ - ERROR -   Batch 479: CUDA Out of Memory (OOM) during forward pass!
2026-05-07 17:53:46,900 - __main__ - ERROR -   Memory at OOM: 42601/44938MB
2026-05-07 17:53:47,154 - __main__ - ERROR -   Batch 480: CUDA Out of Memory (OOM) during forward pass!
2026-05-07 17:53:47,154 - __main__ - ERROR -   Memory at OOM: 42601/44938MB
2026-05-07 17:53:47,400 - __main__ - ERROR -   Batch 481: CUDA Out of Memory (OOM) during forward pass!
2026-05-07 17:53:47,400 - __main__ - ERROR -   Memory at OOM: 42601/44938MB
2026-05-07 17:53:47,658 - __main__ - ERROR -   Batch 482: CUDA Out of Memory (OOM) during forward pass!
2026-05-07 17:53:47,659 - __main__ - ERROR -   Memory at OOM: 42601/44938MB
2026-05-07 17:53:47,922 - __main__ - ERROR -   Batch 483: CUDA Out of Memory (OOM) during forward pass!
2026-05-07 17:53:47,923 - __main__ - ERROR -   Memory at OOM: 42601/44938MB
2026-05-07 17:53:48,182 - __main__ - ERROR -   Batch 484: CUDA Out of Memory (OOM) during forward pass!
2026-05-07 17:53:48,182 - __main__ - ERROR -   Memory at OOM: 42601/44938MB
2026-05-07 17:53:48,431 - __main__ - ERROR -   Batch 485: CUDA Out of Memory (OOM) during forward pass!
2026-05-07 17:53:48,432 - __main__ - ERROR -   Memory at OOM: 42601/44938MB
2026-05-07 17:53:48,685 - __main__ - ERROR -   Batch 486: CUDA Out of Memory (OOM) during forward pass!
2026-05-07 17:53:48,685 - __main__ - ERROR -   Memory at OOM: 42601/44938MB
2026-05-07 17:53:48,946 - __main__ - ERROR -   Batch 487: CUDA Out of Memory (OOM) during forward pass!
2026-05-07 17:53:48,947 - __main__ - ERROR -   Memory at OOM: 42601/44938MB
2026-05-07 17:53:49,203 - __main__ - ERROR -   Batch 488: CUDA Out of Memory (OOM) during forward pass!
2026-05-07 17:53:49,203 - __main__ - ERROR -   Memory at OOM: 42601/44938MB
2026-05-07 17:53:49,456 - __main__ - ERROR -   Batch 489: CUDA Out of Memory (OOM) during forward pass!
2026-05-07 17:53:49,456 - __main__ - ERROR -   Memory at OOM: 42601/44938MB
2026-05-07 17:53:49,708 - __main__ - ERROR -   Batch 490: CUDA Out of Memory (OOM) during forward pass!
2026-05-07 17:53:49,709 - __main__ - ERROR -   Memory at OOM: 42601/44938MB
2026-05-07 17:53:49,966 - __main__ - ERROR -   Batch 491: CUDA Out of Memory (OOM) during forward pass!
2026-05-07 17:53:49,967 - __main__ - ERROR -   Memory at OOM: 42601/44938MB
2026-05-07 17:53:50,220 - __main__ - ERROR -   Batch 492: CUDA Out of Memory (OOM) during forward pass!
2026-05-07 17:53:50,221 - __main__ - ERROR -   Memory at OOM: 42601/44938MB
2026-05-07 17:53:50,475 - __main__ - ERROR -   Batch 493: CUDA Out of Memory (OOM) during forward pass!
2026-05-07 17:53:50,476 - __main__ - ERROR -   Memory at OOM: 42601/44938MB
2026-05-07 17:53:50,735 - __main__ - ERROR -   Batch 494: CUDA Out of Memory (OOM) during forward pass!
2026-05-07 17:53:50,735 - __main__ - ERROR -   Memory at OOM: 42601/44938MB
2026-05-07 17:53:50,992 - __main__ - ERROR -   Batch 495: CUDA Out of Memory (OOM) during forward pass!
2026-05-07 17:53:50,993 - __main__ - ERROR -   Memory at OOM: 42601/44938MB
2026-05-07 17:53:51,244 - __main__ - ERROR -   Batch 496: CUDA Out of Memory (OOM) during forward pass!
2026-05-07 17:53:51,245 - __main__ - ERROR -   Memory at OOM: 42601/44938MB
2026-05-07 17:53:51,497 - __main__ - ERROR -   Batch 497: CUDA Out of Memory (OOM) during forward pass!
2026-05-07 17:53:51,497 - __main__ - ERROR -   Memory at OOM: 42601/44938MB
2026-05-07 17:53:51,757 - __main__ - ERROR -   Batch 498: CUDA Out of Memory (OOM) during forward pass!
2026-05-07 17:53:51,757 - __main__ - ERROR -   Memory at OOM: 42601/44938MB
2026-05-07 17:53:52,022 - __main__ - ERROR -   Batch 499: CUDA Out of Memory (OOM) during forward pass!
2026-05-07 17:53:52,023 - __main__ - ERROR -   Memory at OOM: 42601/44938MB
2026-05-07 17:53:52,277 - __main__ - ERROR -   Batch 500: CUDA Out of Memory (OOM) during forward pass!
2026-05-07 17:53:52,278 - __main__ - ERROR -   Memory at OOM: 42601/44938MB
2026-05-07 17:53:52,524 - __main__ - ERROR -   Batch 501: CUDA Out of Memory (OOM) during forward pass!
2026-05-07 17:53:52,526 - __main__ - ERROR -   Memory at OOM: 42601/44938MB
2026-05-07 17:53:52,780 - __main__ - ERROR -   Batch 502: CUDA Out of Memory (OOM) during forward pass!
2026-05-07 17:53:52,780 - __main__ - ERROR -   Memory at OOM: 42601/44938MB
2026-05-07 17:53:53,043 - __main__ - ERROR -   Batch 503: CUDA Out of Memory (OOM) during forward pass!
2026-05-07 17:53:53,043 - __main__ - ERROR -   Memory at OOM: 42601/44938MB
2026-05-07 17:53:53,300 - __main__ - ERROR -   Batch 504: CUDA Out of Memory (OOM) during forward pass!
2026-05-07 17:53:53,300 - __main__ - ERROR -   Memory at OOM: 42601/44938MB
2026-05-07 17:53:53,555 - __main__ - ERROR -   Batch 505: CUDA Out of Memory (OOM) during forward pass!
2026-05-07 17:53:53,555 - __main__ - ERROR -   Memory at OOM: 42601/44938MB
2026-05-07 17:53:53,807 - __main__ - ERROR -   Batch 506: CUDA Out of Memory (OOM) during forward pass!
2026-05-07 17:53:53,808 - __main__ - ERROR -   Memory at OOM: 42601/44938MB
2026-05-07 17:53:54,067 - __main__ - ERROR -   Batch 507: CUDA Out of Memory (OOM) during forward pass!
2026-05-07 17:53:54,067 - __main__ - ERROR -   Memory at OOM: 42601/44938MB
2026-05-07 17:53:54,322 - __main__ - ERROR -   Batch 508: CUDA Out of Memory (OOM) during forward pass!
2026-05-07 17:53:54,323 - __main__ - ERROR -   Memory at OOM: 42601/44938MB
2026-05-07 17:53:54,575 - __main__ - ERROR -   Batch 509: CUDA Out of Memory (OOM) during forward pass!
2026-05-07 17:53:54,576 - __main__ - ERROR -   Memory at OOM: 42601/44938MB
2026-05-07 17:53:54,835 - __main__ - ERROR -   Batch 510: CUDA Out of Memory (OOM) during forward pass!
2026-05-07 17:53:54,837 - __main__ - ERROR -   Memory at OOM: 42601/44938MB
2026-05-07 17:53:55,098 - __main__ - ERROR -   Batch 511: CUDA Out of Memory (OOM) during forward pass!
2026-05-07 17:53:55,099 - __main__ - ERROR -   Memory at OOM: 42601/44938MB
2026-05-07 17:53:55,350 - __main__ - ERROR -   Batch 512: CUDA Out of Memory (OOM) during forward pass!
2026-05-07 17:53:55,351 - __main__ - ERROR -   Memory at OOM: 42601/44938MB
2026-05-07 17:53:55,598 - __main__ - ERROR -   Batch 513: CUDA Out of Memory (OOM) during forward pass!
2026-05-07 17:53:55,599 - __main__ - ERROR -   Memory at OOM: 42601/44938MB
2026-05-07 17:53:55,856 - __main__ - ERROR -   Batch 514: CUDA Out of Memory (OOM) during forward pass!
2026-05-07 17:53:55,857 - __main__ - ERROR -   Memory at OOM: 42601/44938MB
2026-05-07 17:53:56,120 - __main__ - ERROR -   Batch 515: CUDA Out of Memory (OOM) during forward pass!
2026-05-07 17:53:56,121 - __main__ - ERROR -   Memory at OOM: 42601/44938MB
2026-05-07 17:53:56,380 - __main__ - ERROR -   Batch 516: CUDA Out of Memory (OOM) during forward pass!
2026-05-07 17:53:56,380 - __main__ - ERROR -   Memory at OOM: 42601/44938MB
2026-05-07 17:53:56,630 - __main__ - ERROR -   Batch 517: CUDA Out of Memory (OOM) during forward pass!
2026-05-07 17:53:56,631 - __main__ - ERROR -   Memory at OOM: 42601/44938MB
2026-05-07 17:53:56,883 - __main__ - ERROR -   Batch 518: CUDA Out of Memory (OOM) during forward pass!
2026-05-07 17:53:56,883 - __main__ - ERROR -   Memory at OOM: 42601/44938MB
2026-05-07 17:53:57,139 - __main__ - ERROR -   Batch 519: CUDA Out of Memory (OOM) during forward pass!
2026-05-07 17:53:57,139 - __main__ - ERROR -   Memory at OOM: 42601/44938MB
2026-05-07 17:53:57,394 - __main__ - ERROR -   Batch 520: CUDA Out of Memory (OOM) during forward pass!
2026-05-07 17:53:57,395 - __main__ - ERROR -   Memory at OOM: 42601/44938MB
2026-05-07 17:53:57,651 - __main__ - ERROR -   Batch 521: CUDA Out of Memory (OOM) during forward pass!
2026-05-07 17:53:57,652 - __main__ - ERROR -   Memory at OOM: 42601/44938MB
2026-05-07 17:53:57,909 - __main__ - ERROR -   Batch 522: CUDA Out of Memory (OOM) during forward pass!
2026-05-07 17:53:57,909 - __main__ - ERROR -   Memory at OOM: 42601/44938MB
2026-05-07 17:53:58,162 - __main__ - ERROR -   Batch 523: CUDA Out of Memory (OOM) during forward pass!
2026-05-07 17:53:58,162 - __main__ - ERROR -   Memory at OOM: 42601/44938MB
2026-05-07 17:53:58,801 - __main__ - ERROR -   Batch 524: CUDA Out of Memory (OOM) during forward pass!
2026-05-07 17:53:58,801 - __main__ - ERROR -   Memory at OOM: 42926/44178MB
2026-05-07 17:53:58,895 - __main__ - INFO - Epoch 2 complete in 133.85s, avg_loss=0.0000
2026-05-07 17:53:58,896 - __main__ - INFO - Train Loss: 0.0000
2026-05-07 17:53:58,896 - __main__ - INFO - Evaluating on dev set...
2026-05-07 17:53:58,896 - __main__ - INFO - Starting evaluation on 462 samples
Evaluating:   0%|          | 0/15 [00:00<?, ?it/s]Evaluating:   7%|▋         | 1/15 [00:01<00:14,  1.04s/it]Evaluating:  13%|█▎        | 2/15 [00:01<00:10,  1.24it/s]Evaluating:  20%|██        | 3/15 [00:02<00:08,  1.38it/s]Evaluating:  27%|██▋       | 4/15 [00:02<00:07,  1.44it/s]Evaluating:  33%|███▎      | 5/15 [00:03<00:06,  1.49it/s]Evaluating:  40%|████      | 6/15 [00:04<00:05,  1.50it/s]Evaluating:  47%|████▋     | 7/15 [00:04<00:05,  1.51it/s]Evaluating:  53%|█████▎    | 8/15 [00:05<00:04,  1.52it/s]Evaluating:  60%|██████    | 9/15 [00:06<00:03,  1.52it/s]2026-05-07 17:54:05,763 - __main__ - INFO -   Evaluation progress: 10/15 batches (1.46 batches/s)
Evaluating:  67%|██████▋   | 10/15 [00:06<00:03,  1.52it/s]Evaluating:  73%|███████▎  | 11/15 [00:07<00:02,  1.52it/s]Evaluating:  80%|████████  | 12/15 [00:08<00:01,  1.52it/s]Evaluating:  87%|████████▋ | 13/15 [00:08<00:01,  1.52it/s]Evaluating:  93%|█████████▎| 14/15 [00:09<00:00,  1.52it/s]Evaluating: 100%|██████████| 15/15 [00:09<00:00,  1.83it/s]                                                           2026-05-07 17:54:08,761 - __main__ - INFO - Evaluation complete in 9.86s
2026-05-07 17:54:08,761 - __main__ - INFO -   Loss: 3.3133, Accuracy: 0.0043, Precision: 0.0038, Recall: 0.0015, F1: 0.0018
2026-05-07 17:54:08,761 - __main__ - INFO - Dev Loss: 3.3133
2026-05-07 17:54:08,761 - __main__ - INFO - Dev Accuracy: 0.0043
2026-05-07 17:54:08,761 - __main__ - INFO -   No improvement for 1 epochs
2026-05-07 17:54:09,265 - __main__ - INFO - Saved checkpoint to /scratch/user/s4901673/ircbert_runs/checkpoints/checkpoint_epoch_2.pt
2026-05-07 17:54:09,265 - __main__ - INFO - Epoch 3/3
2026-05-07 17:54:09,265 - __main__ - INFO - --------------------------------------------------------------------------------
2026-05-07 17:54:09,266 - __main__ - INFO - Starting epoch 3 with 524 batches
2026-05-07 17:54:10,202 - __main__ - ERROR -   Batch 1: CUDA Out of Memory (OOM) during forward pass!
2026-05-07 17:54:10,203 - __main__ - ERROR -   Memory at OOM: 44044/44674MB
2026-05-07 17:54:10,222 - __main__ - ERROR -   Batch 2: CUDA Out of Memory (OOM) during forward pass!
2026-05-07 17:54:10,222 - __main__ - ERROR -   Memory at OOM: 43322/44676MB
2026-05-07 17:54:10,479 - __main__ - ERROR -   Batch 3: CUDA Out of Memory (OOM) during forward pass!
2026-05-07 17:54:10,479 - __main__ - ERROR -   Memory at OOM: 43322/44676MB
2026-05-07 17:54:10,733 - __main__ - ERROR -   Batch 4: CUDA Out of Memory (OOM) during forward pass!
2026-05-07 17:54:10,734 - __main__ - ERROR -   Memory at OOM: 43322/44676MB
2026-05-07 17:54:10,981 - __main__ - ERROR -   Batch 5: CUDA Out of Memory (OOM) during forward pass!
2026-05-07 17:54:10,982 - __main__ - ERROR -   Memory at OOM: 43322/44676MB
2026-05-07 17:54:11,248 - __main__ - ERROR -   Batch 6: CUDA Out of Memory (OOM) during forward pass!
2026-05-07 17:54:11,249 - __main__ - ERROR -   Memory at OOM: 43322/44676MB
2026-05-07 17:54:11,501 - __main__ - ERROR -   Batch 7: CUDA Out of Memory (OOM) during forward pass!
2026-05-07 17:54:11,502 - __main__ - ERROR -   Memory at OOM: 43322/44676MB
2026-05-07 17:54:11,750 - __main__ - ERROR -   Batch 8: CUDA Out of Memory (OOM) during forward pass!
2026-05-07 17:54:11,750 - __main__ - ERROR -   Memory at OOM: 43322/44676MB
2026-05-07 17:54:12,004 - __main__ - ERROR -   Batch 9: CUDA Out of Memory (OOM) during forward pass!
2026-05-07 17:54:12,004 - __main__ - ERROR -   Memory at OOM: 43322/44676MB
2026-05-07 17:54:12,267 - __main__ - ERROR -   Batch 10: CUDA Out of Memory (OOM) during forward pass!
2026-05-07 17:54:12,270 - __main__ - ERROR -   Memory at OOM: 43322/44676MB
2026-05-07 17:54:12,518 - __main__ - ERROR -   Batch 11: CUDA Out of Memory (OOM) during forward pass!
2026-05-07 17:54:12,518 - __main__ - ERROR -   Memory at OOM: 43322/44676MB
2026-05-07 17:54:12,769 - __main__ - ERROR -   Batch 12: CUDA Out of Memory (OOM) during forward pass!
2026-05-07 17:54:12,770 - __main__ - ERROR -   Memory at OOM: 43322/44676MB
2026-05-07 17:54:13,031 - __main__ - ERROR -   Batch 13: CUDA Out of Memory (OOM) during forward pass!
2026-05-07 17:54:13,031 - __main__ - ERROR -   Memory at OOM: 43322/44676MB
2026-05-07 17:54:13,299 - __main__ - ERROR -   Batch 14: CUDA Out of Memory (OOM) during forward pass!
2026-05-07 17:54:13,300 - __main__ - ERROR -   Memory at OOM: 43322/44676MB
2026-05-07 17:54:13,550 - __main__ - ERROR -   Batch 15: CUDA Out of Memory (OOM) during forward pass!
2026-05-07 17:54:13,551 - __main__ - ERROR -   Memory at OOM: 43322/44676MB
2026-05-07 17:54:13,810 - __main__ - ERROR -   Batch 16: CUDA Out of Memory (OOM) during forward pass!
2026-05-07 17:54:13,811 - __main__ - ERROR -   Memory at OOM: 43322/44676MB
2026-05-07 17:54:14,059 - __main__ - ERROR -   Batch 17: CUDA Out of Memory (OOM) during forward pass!
2026-05-07 17:54:14,060 - __main__ - ERROR -   Memory at OOM: 43322/44676MB
2026-05-07 17:54:14,321 - __main__ - ERROR -   Batch 18: CUDA Out of Memory (OOM) during forward pass!
2026-05-07 17:54:14,321 - __main__ - ERROR -   Memory at OOM: 43322/44676MB
2026-05-07 17:54:14,574 - __main__ - ERROR -   Batch 19: CUDA Out of Memory (OOM) during forward pass!
2026-05-07 17:54:14,575 - __main__ - ERROR -   Memory at OOM: 43322/44676MB
2026-05-07 17:54:14,830 - __main__ - ERROR -   Batch 20: CUDA Out of Memory (OOM) during forward pass!
2026-05-07 17:54:14,830 - __main__ - ERROR -   Memory at OOM: 43322/44676MB
2026-05-07 17:54:15,091 - __main__ - ERROR -   Batch 21: CUDA Out of Memory (OOM) during forward pass!
2026-05-07 17:54:15,092 - __main__ - ERROR -   Memory at OOM: 43322/44676MB
2026-05-07 17:54:15,354 - __main__ - ERROR -   Batch 22: CUDA Out of Memory (OOM) during forward pass!
2026-05-07 17:54:15,355 - __main__ - ERROR -   Memory at OOM: 43322/44676MB
2026-05-07 17:54:15,608 - __main__ - ERROR -   Batch 23: CUDA Out of Memory (OOM) during forward pass!
2026-05-07 17:54:15,608 - __main__ - ERROR -   Memory at OOM: 43322/44676MB
2026-05-07 17:54:15,867 - __main__ - ERROR -   Batch 24: CUDA Out of Memory (OOM) during forward pass!
2026-05-07 17:54:15,868 - __main__ - ERROR -   Memory at OOM: 43322/44676MB
2026-05-07 17:54:16,127 - __main__ - ERROR -   Batch 25: CUDA Out of Memory (OOM) during forward pass!
2026-05-07 17:54:16,128 - __main__ - ERROR -   Memory at OOM: 43322/44676MB
2026-05-07 17:54:16,384 - __main__ - ERROR -   Batch 26: CUDA Out of Memory (OOM) during forward pass!
2026-05-07 17:54:16,385 - __main__ - ERROR -   Memory at OOM: 43322/44676MB
2026-05-07 17:54:16,633 - __main__ - ERROR -   Batch 27: CUDA Out of Memory (OOM) during forward pass!
2026-05-07 17:54:16,634 - __main__ - ERROR -   Memory at OOM: 43322/44676MB
2026-05-07 17:54:16,890 - __main__ - ERROR -   Batch 28: CUDA Out of Memory (OOM) during forward pass!
2026-05-07 17:54:16,891 - __main__ - ERROR -   Memory at OOM: 43322/44676MB
2026-05-07 17:54:17,151 - __main__ - ERROR -   Batch 29: CUDA Out of Memory (OOM) during forward pass!
2026-05-07 17:54:17,153 - __main__ - ERROR -   Memory at OOM: 43322/44676MB
2026-05-07 17:54:17,415 - __main__ - ERROR -   Batch 30: CUDA Out of Memory (OOM) during forward pass!
2026-05-07 17:54:17,416 - __main__ - ERROR -   Memory at OOM: 43322/44676MB
2026-05-07 17:54:17,667 - __main__ - ERROR -   Batch 31: CUDA Out of Memory (OOM) during forward pass!
2026-05-07 17:54:17,668 - __main__ - ERROR -   Memory at OOM: 43322/44676MB
2026-05-07 17:54:17,922 - __main__ - ERROR -   Batch 32: CUDA Out of Memory (OOM) during forward pass!
2026-05-07 17:54:17,922 - __main__ - ERROR -   Memory at OOM: 43322/44676MB
2026-05-07 17:54:18,178 - __main__ - ERROR -   Batch 33: CUDA Out of Memory (OOM) during forward pass!
2026-05-07 17:54:18,179 - __main__ - ERROR -   Memory at OOM: 43322/44676MB
2026-05-07 17:54:18,434 - __main__ - ERROR -   Batch 34: CUDA Out of Memory (OOM) during forward pass!
2026-05-07 17:54:18,435 - __main__ - ERROR -   Memory at OOM: 43322/44676MB
2026-05-07 17:54:18,689 - __main__ - ERROR -   Batch 35: CUDA Out of Memory (OOM) during forward pass!
2026-05-07 17:54:18,689 - __main__ - ERROR -   Memory at OOM: 43322/44676MB
2026-05-07 17:54:18,949 - __main__ - ERROR -   Batch 36: CUDA Out of Memory (OOM) during forward pass!
2026-05-07 17:54:18,950 - __main__ - ERROR -   Memory at OOM: 43322/44676MB
2026-05-07 17:54:19,210 - __main__ - ERROR -   Batch 37: CUDA Out of Memory (OOM) during forward pass!
2026-05-07 17:54:19,211 - __main__ - ERROR -   Memory at OOM: 43322/44676MB
2026-05-07 17:54:19,470 - __main__ - ERROR -   Batch 38: CUDA Out of Memory (OOM) during forward pass!
2026-05-07 17:54:19,471 - __main__ - ERROR -   Memory at OOM: 43322/44676MB
2026-05-07 17:54:19,719 - __main__ - ERROR -   Batch 39: CUDA Out of Memory (OOM) during forward pass!
2026-05-07 17:54:19,721 - __main__ - ERROR -   Memory at OOM: 43322/44676MB
2026-05-07 17:54:19,973 - __main__ - ERROR -   Batch 40: CUDA Out of Memory (OOM) during forward pass!
2026-05-07 17:54:19,974 - __main__ - ERROR -   Memory at OOM: 43322/44676MB
2026-05-07 17:54:20,232 - __main__ - ERROR -   Batch 41: CUDA Out of Memory (OOM) during forward pass!
2026-05-07 17:54:20,233 - __main__ - ERROR -   Memory at OOM: 43322/44676MB
2026-05-07 17:54:20,492 - __main__ - ERROR -   Batch 42: CUDA Out of Memory (OOM) during forward pass!
2026-05-07 17:54:20,492 - __main__ - ERROR -   Memory at OOM: 43322/44676MB
2026-05-07 17:54:20,749 - __main__ - ERROR -   Batch 43: CUDA Out of Memory (OOM) during forward pass!
2026-05-07 17:54:20,749 - __main__ - ERROR -   Memory at OOM: 43322/44676MB
2026-05-07 17:54:21,007 - __main__ - ERROR -   Batch 44: CUDA Out of Memory (OOM) during forward pass!
2026-05-07 17:54:21,008 - __main__ - ERROR -   Memory at OOM: 43322/44676MB
2026-05-07 17:54:21,268 - __main__ - ERROR -   Batch 45: CUDA Out of Memory (OOM) during forward pass!
2026-05-07 17:54:21,268 - __main__ - ERROR -   Memory at OOM: 43322/44676MB
2026-05-07 17:54:21,528 - __main__ - ERROR -   Batch 46: CUDA Out of Memory (OOM) during forward pass!
2026-05-07 17:54:21,529 - __main__ - ERROR -   Memory at OOM: 43322/44676MB
2026-05-07 17:54:21,777 - __main__ - ERROR -   Batch 47: CUDA Out of Memory (OOM) during forward pass!
2026-05-07 17:54:21,778 - __main__ - ERROR -   Memory at OOM: 43322/44676MB
2026-05-07 17:54:22,032 - __main__ - ERROR -   Batch 48: CUDA Out of Memory (OOM) during forward pass!
2026-05-07 17:54:22,032 - __main__ - ERROR -   Memory at OOM: 43322/44676MB
2026-05-07 17:54:22,290 - __main__ - ERROR -   Batch 49: CUDA Out of Memory (OOM) during forward pass!
2026-05-07 17:54:22,290 - __main__ - ERROR -   Memory at OOM: 43322/44676MB
2026-05-07 17:54:22,552 - __main__ - ERROR -   Batch 50: CUDA Out of Memory (OOM) during forward pass!
2026-05-07 17:54:22,553 - __main__ - ERROR -   Memory at OOM: 43322/44676MB
2026-05-07 17:54:22,808 - __main__ - ERROR -   Batch 51: CUDA Out of Memory (OOM) during forward pass!
2026-05-07 17:54:22,809 - __main__ - ERROR -   Memory at OOM: 43322/44676MB
2026-05-07 17:54:23,066 - __main__ - ERROR -   Batch 52: CUDA Out of Memory (OOM) during forward pass!
2026-05-07 17:54:23,066 - __main__ - ERROR -   Memory at OOM: 43322/44676MB
2026-05-07 17:54:23,324 - __main__ - ERROR -   Batch 53: CUDA Out of Memory (OOM) during forward pass!
2026-05-07 17:54:23,325 - __main__ - ERROR -   Memory at OOM: 43322/44676MB
2026-05-07 17:54:23,578 - __main__ - ERROR -   Batch 54: CUDA Out of Memory (OOM) during forward pass!
2026-05-07 17:54:23,578 - __main__ - ERROR -   Memory at OOM: 43322/44676MB
2026-05-07 17:54:23,831 - __main__ - ERROR -   Batch 55: CUDA Out of Memory (OOM) during forward pass!
2026-05-07 17:54:23,832 - __main__ - ERROR -   Memory at OOM: 43322/44676MB
2026-05-07 17:54:24,088 - __main__ - ERROR -   Batch 56: CUDA Out of Memory (OOM) during forward pass!
2026-05-07 17:54:24,088 - __main__ - ERROR -   Memory at OOM: 43322/44676MB
2026-05-07 17:54:24,354 - __main__ - ERROR -   Batch 57: CUDA Out of Memory (OOM) during forward pass!
2026-05-07 17:54:24,355 - __main__ - ERROR -   Memory at OOM: 43322/44676MB
2026-05-07 17:54:24,609 - __main__ - ERROR -   Batch 58: CUDA Out of Memory (OOM) during forward pass!
2026-05-07 17:54:24,611 - __main__ - ERROR -   Memory at OOM: 43322/44676MB
2026-05-07 17:54:24,859 - __main__ - ERROR -   Batch 59: CUDA Out of Memory (OOM) during forward pass!
2026-05-07 17:54:24,859 - __main__ - ERROR -   Memory at OOM: 43322/44676MB
2026-05-07 17:54:25,113 - __main__ - ERROR -   Batch 60: CUDA Out of Memory (OOM) during forward pass!
2026-05-07 17:54:25,114 - __main__ - ERROR -   Memory at OOM: 43322/44676MB
2026-05-07 17:54:25,377 - __main__ - ERROR -   Batch 61: CUDA Out of Memory (OOM) during forward pass!
2026-05-07 17:54:25,378 - __main__ - ERROR -   Memory at OOM: 43322/44676MB
2026-05-07 17:54:25,634 - __main__ - ERROR -   Batch 62: CUDA Out of Memory (OOM) during forward pass!
2026-05-07 17:54:25,635 - __main__ - ERROR -   Memory at OOM: 43322/44676MB
2026-05-07 17:54:25,886 - __main__ - ERROR -   Batch 63: CUDA Out of Memory (OOM) during forward pass!
2026-05-07 17:54:25,887 - __main__ - ERROR -   Memory at OOM: 43322/44676MB
2026-05-07 17:54:26,147 - __main__ - ERROR -   Batch 64: CUDA Out of Memory (OOM) during forward pass!
2026-05-07 17:54:26,148 - __main__ - ERROR -   Memory at OOM: 43322/44676MB
2026-05-07 17:54:26,411 - __main__ - ERROR -   Batch 65: CUDA Out of Memory (OOM) during forward pass!
2026-05-07 17:54:26,411 - __main__ - ERROR -   Memory at OOM: 43322/44676MB
2026-05-07 17:54:26,670 - __main__ - ERROR -   Batch 66: CUDA Out of Memory (OOM) during forward pass!
2026-05-07 17:54:26,670 - __main__ - ERROR -   Memory at OOM: 43322/44676MB
2026-05-07 17:54:26,925 - __main__ - ERROR -   Batch 67: CUDA Out of Memory (OOM) during forward pass!
2026-05-07 17:54:26,926 - __main__ - ERROR -   Memory at OOM: 43322/44676MB
2026-05-07 17:54:27,186 - __main__ - ERROR -   Batch 68: CUDA Out of Memory (OOM) during forward pass!
2026-05-07 17:54:27,187 - __main__ - ERROR -   Memory at OOM: 43322/44676MB
2026-05-07 17:54:27,449 - __main__ - ERROR -   Batch 69: CUDA Out of Memory (OOM) during forward pass!
2026-05-07 17:54:27,450 - __main__ - ERROR -   Memory at OOM: 43322/44676MB
2026-05-07 17:54:27,709 - __main__ - ERROR -   Batch 70: CUDA Out of Memory (OOM) during forward pass!
2026-05-07 17:54:27,710 - __main__ - ERROR -   Memory at OOM: 43322/44676MB
2026-05-07 17:54:27,963 - __main__ - ERROR -   Batch 71: CUDA Out of Memory (OOM) during forward pass!
2026-05-07 17:54:27,964 - __main__ - ERROR -   Memory at OOM: 43322/44676MB
2026-05-07 17:54:28,220 - __main__ - ERROR -   Batch 72: CUDA Out of Memory (OOM) during forward pass!
2026-05-07 17:54:28,221 - __main__ - ERROR -   Memory at OOM: 43322/44676MB
2026-05-07 17:54:28,478 - __main__ - ERROR -   Batch 73: CUDA Out of Memory (OOM) during forward pass!
2026-05-07 17:54:28,479 - __main__ - ERROR -   Memory at OOM: 43322/44676MB
2026-05-07 17:54:28,733 - __main__ - ERROR -   Batch 74: CUDA Out of Memory (OOM) during forward pass!
2026-05-07 17:54:28,733 - __main__ - ERROR -   Memory at OOM: 43322/44676MB
2026-05-07 17:54:28,985 - __main__ - ERROR -   Batch 75: CUDA Out of Memory (OOM) during forward pass!
2026-05-07 17:54:28,986 - __main__ - ERROR -   Memory at OOM: 43322/44676MB
2026-05-07 17:54:29,249 - __main__ - ERROR -   Batch 76: CUDA Out of Memory (OOM) during forward pass!
2026-05-07 17:54:29,250 - __main__ - ERROR -   Memory at OOM: 43322/44676MB
2026-05-07 17:54:29,508 - __main__ - ERROR -   Batch 77: CUDA Out of Memory (OOM) during forward pass!
2026-05-07 17:54:29,510 - __main__ - ERROR -   Memory at OOM: 43322/44676MB
2026-05-07 17:54:29,761 - __main__ - ERROR -   Batch 78: CUDA Out of Memory (OOM) during forward pass!
2026-05-07 17:54:29,761 - __main__ - ERROR -   Memory at OOM: 43322/44676MB
2026-05-07 17:54:30,009 - __main__ - ERROR -   Batch 79: CUDA Out of Memory (OOM) during forward pass!
2026-05-07 17:54:30,009 - __main__ - ERROR -   Memory at OOM: 43322/44676MB
2026-05-07 17:54:30,268 - __main__ - ERROR -   Batch 80: CUDA Out of Memory (OOM) during forward pass!
2026-05-07 17:54:30,269 - __main__ - ERROR -   Memory at OOM: 43322/44676MB
2026-05-07 17:54:30,529 - __main__ - ERROR -   Batch 81: CUDA Out of Memory (OOM) during forward pass!
2026-05-07 17:54:30,530 - __main__ - ERROR -   Memory at OOM: 43322/44676MB
2026-05-07 17:54:30,790 - __main__ - ERROR -   Batch 82: CUDA Out of Memory (OOM) during forward pass!
2026-05-07 17:54:30,791 - __main__ - ERROR -   Memory at OOM: 43322/44676MB
2026-05-07 17:54:31,042 - __main__ - ERROR -   Batch 83: CUDA Out of Memory (OOM) during forward pass!
2026-05-07 17:54:31,043 - __main__ - ERROR -   Memory at OOM: 43322/44676MB
2026-05-07 17:54:31,301 - __main__ - ERROR -   Batch 84: CUDA Out of Memory (OOM) during forward pass!
2026-05-07 17:54:31,301 - __main__ - ERROR -   Memory at OOM: 43322/44676MB
2026-05-07 17:54:31,552 - __main__ - ERROR -   Batch 85: CUDA Out of Memory (OOM) during forward pass!
2026-05-07 17:54:31,552 - __main__ - ERROR -   Memory at OOM: 43322/44676MB
2026-05-07 17:54:31,812 - __main__ - ERROR -   Batch 86: CUDA Out of Memory (OOM) during forward pass!
2026-05-07 17:54:31,813 - __main__ - ERROR -   Memory at OOM: 43322/44676MB
2026-05-07 17:54:32,065 - __main__ - ERROR -   Batch 87: CUDA Out of Memory (OOM) during forward pass!
2026-05-07 17:54:32,066 - __main__ - ERROR -   Memory at OOM: 43322/44676MB
2026-05-07 17:54:32,330 - __main__ - ERROR -   Batch 88: CUDA Out of Memory (OOM) during forward pass!
2026-05-07 17:54:32,331 - __main__ - ERROR -   Memory at OOM: 43322/44676MB
2026-05-07 17:54:32,584 - __main__ - ERROR -   Batch 89: CUDA Out of Memory (OOM) during forward pass!
2026-05-07 17:54:32,584 - __main__ - ERROR -   Memory at OOM: 43322/44676MB
2026-05-07 17:54:32,844 - __main__ - ERROR -   Batch 90: CUDA Out of Memory (OOM) during forward pass!
2026-05-07 17:54:32,845 - __main__ - ERROR -   Memory at OOM: 43322/44676MB
2026-05-07 17:54:33,093 - __main__ - ERROR -   Batch 91: CUDA Out of Memory (OOM) during forward pass!
2026-05-07 17:54:33,094 - __main__ - ERROR -   Memory at OOM: 43322/44676MB
2026-05-07 17:54:33,352 - __main__ - ERROR -   Batch 92: CUDA Out of Memory (OOM) during forward pass!
2026-05-07 17:54:33,352 - __main__ - ERROR -   Memory at OOM: 43322/44676MB
2026-05-07 17:54:33,604 - __main__ - ERROR -   Batch 93: CUDA Out of Memory (OOM) during forward pass!
2026-05-07 17:54:33,605 - __main__ - ERROR -   Memory at OOM: 43322/44676MB
2026-05-07 17:54:33,869 - __main__ - ERROR -   Batch 94: CUDA Out of Memory (OOM) during forward pass!
2026-05-07 17:54:33,870 - __main__ - ERROR -   Memory at OOM: 43322/44676MB
2026-05-07 17:54:34,124 - __main__ - ERROR -   Batch 95: CUDA Out of Memory (OOM) during forward pass!
2026-05-07 17:54:34,124 - __main__ - ERROR -   Memory at OOM: 43322/44676MB
2026-05-07 17:54:34,386 - __main__ - ERROR -   Batch 96: CUDA Out of Memory (OOM) during forward pass!
2026-05-07 17:54:34,388 - __main__ - ERROR -   Memory at OOM: 43322/44676MB
2026-05-07 17:54:34,639 - __main__ - ERROR -   Batch 97: CUDA Out of Memory (OOM) during forward pass!
2026-05-07 17:54:34,640 - __main__ - ERROR -   Memory at OOM: 43322/44676MB
2026-05-07 17:54:34,894 - __main__ - ERROR -   Batch 98: CUDA Out of Memory (OOM) during forward pass!
2026-05-07 17:54:34,895 - __main__ - ERROR -   Memory at OOM: 43322/44676MB
2026-05-07 17:54:35,148 - __main__ - ERROR -   Batch 99: CUDA Out of Memory (OOM) during forward pass!
2026-05-07 17:54:35,148 - __main__ - ERROR -   Memory at OOM: 43322/44676MB
2026-05-07 17:54:35,407 - __main__ - ERROR -   Batch 100: CUDA Out of Memory (OOM) during forward pass!
2026-05-07 17:54:35,408 - __main__ - ERROR -   Memory at OOM: 43322/44676MB
2026-05-07 17:54:35,666 - __main__ - ERROR -   Batch 101: CUDA Out of Memory (OOM) during forward pass!
2026-05-07 17:54:35,666 - __main__ - ERROR -   Memory at OOM: 43322/44676MB
2026-05-07 17:54:35,926 - __main__ - ERROR -   Batch 102: CUDA Out of Memory (OOM) during forward pass!
2026-05-07 17:54:35,927 - __main__ - ERROR -   Memory at OOM: 43322/44676MB
2026-05-07 17:54:36,180 - __main__ - ERROR -   Batch 103: CUDA Out of Memory (OOM) during forward pass!
2026-05-07 17:54:36,180 - __main__ - ERROR -   Memory at OOM: 43322/44676MB
2026-05-07 17:54:36,437 - __main__ - ERROR -   Batch 104: CUDA Out of Memory (OOM) during forward pass!
2026-05-07 17:54:36,438 - __main__ - ERROR -   Memory at OOM: 43322/44676MB
2026-05-07 17:54:36,687 - __main__ - ERROR -   Batch 105: CUDA Out of Memory (OOM) during forward pass!
2026-05-07 17:54:36,688 - __main__ - ERROR -   Memory at OOM: 43322/44676MB
2026-05-07 17:54:36,947 - __main__ - ERROR -   Batch 106: CUDA Out of Memory (OOM) during forward pass!
2026-05-07 17:54:36,949 - __main__ - ERROR -   Memory at OOM: 43322/44676MB
2026-05-07 17:54:37,206 - __main__ - ERROR -   Batch 107: CUDA Out of Memory (OOM) during forward pass!
2026-05-07 17:54:37,207 - __main__ - ERROR -   Memory at OOM: 43322/44676MB
2026-05-07 17:54:37,466 - __main__ - ERROR -   Batch 108: CUDA Out of Memory (OOM) during forward pass!
2026-05-07 17:54:37,467 - __main__ - ERROR -   Memory at OOM: 43322/44676MB
2026-05-07 17:54:37,721 - __main__ - ERROR -   Batch 109: CUDA Out of Memory (OOM) during forward pass!
2026-05-07 17:54:37,721 - __main__ - ERROR -   Memory at OOM: 43322/44676MB
2026-05-07 17:54:37,981 - __main__ - ERROR -   Batch 110: CUDA Out of Memory (OOM) during forward pass!
2026-05-07 17:54:37,981 - __main__ - ERROR -   Memory at OOM: 43322/44676MB
2026-05-07 17:54:38,234 - __main__ - ERROR -   Batch 111: CUDA Out of Memory (OOM) during forward pass!
2026-05-07 17:54:38,235 - __main__ - ERROR -   Memory at OOM: 43322/44676MB
2026-05-07 17:54:38,492 - __main__ - ERROR -   Batch 112: CUDA Out of Memory (OOM) during forward pass!
2026-05-07 17:54:38,493 - __main__ - ERROR -   Memory at OOM: 43322/44676MB
2026-05-07 17:54:38,741 - __main__ - ERROR -   Batch 113: CUDA Out of Memory (OOM) during forward pass!
2026-05-07 17:54:38,742 - __main__ - ERROR -   Memory at OOM: 43322/44676MB
2026-05-07 17:54:39,005 - __main__ - ERROR -   Batch 114: CUDA Out of Memory (OOM) during forward pass!
2026-05-07 17:54:39,005 - __main__ - ERROR -   Memory at OOM: 43322/44676MB
2026-05-07 17:54:39,264 - __main__ - ERROR -   Batch 115: CUDA Out of Memory (OOM) during forward pass!
2026-05-07 17:54:39,266 - __main__ - ERROR -   Memory at OOM: 43322/44676MB
2026-05-07 17:54:39,526 - __main__ - ERROR -   Batch 116: CUDA Out of Memory (OOM) during forward pass!
2026-05-07 17:54:39,527 - __main__ - ERROR -   Memory at OOM: 43322/44676MB
2026-05-07 17:54:39,779 - __main__ - ERROR -   Batch 117: CUDA Out of Memory (OOM) during forward pass!
2026-05-07 17:54:39,779 - __main__ - ERROR -   Memory at OOM: 43322/44676MB
2026-05-07 17:54:40,037 - __main__ - ERROR -   Batch 118: CUDA Out of Memory (OOM) during forward pass!
2026-05-07 17:54:40,038 - __main__ - ERROR -   Memory at OOM: 43322/44676MB
2026-05-07 17:54:40,289 - __main__ - ERROR -   Batch 119: CUDA Out of Memory (OOM) during forward pass!
2026-05-07 17:54:40,290 - __main__ - ERROR -   Memory at OOM: 43322/44676MB
2026-05-07 17:54:40,552 - __main__ - ERROR -   Batch 120: CUDA Out of Memory (OOM) during forward pass!
2026-05-07 17:54:40,553 - __main__ - ERROR -   Memory at OOM: 43322/44676MB
2026-05-07 17:54:40,802 - __main__ - ERROR -   Batch 121: CUDA Out of Memory (OOM) during forward pass!
2026-05-07 17:54:40,802 - __main__ - ERROR -   Memory at OOM: 43322/44676MB
2026-05-07 17:54:41,068 - __main__ - ERROR -   Batch 122: CUDA Out of Memory (OOM) during forward pass!
2026-05-07 17:54:41,068 - __main__ - ERROR -   Memory at OOM: 43322/44676MB
2026-05-07 17:54:41,322 - __main__ - ERROR -   Batch 123: CUDA Out of Memory (OOM) during forward pass!
2026-05-07 17:54:41,322 - __main__ - ERROR -   Memory at OOM: 43322/44676MB
2026-05-07 17:54:41,585 - __main__ - ERROR -   Batch 124: CUDA Out of Memory (OOM) during forward pass!
2026-05-07 17:54:41,585 - __main__ - ERROR -   Memory at OOM: 43322/44676MB
2026-05-07 17:54:41,839 - __main__ - ERROR -   Batch 125: CUDA Out of Memory (OOM) during forward pass!
2026-05-07 17:54:41,840 - __main__ - ERROR -   Memory at OOM: 43322/44676MB
2026-05-07 17:54:42,103 - __main__ - ERROR -   Batch 126: CUDA Out of Memory (OOM) during forward pass!
2026-05-07 17:54:42,103 - __main__ - ERROR -   Memory at OOM: 43322/44676MB
2026-05-07 17:54:42,356 - __main__ - ERROR -   Batch 127: CUDA Out of Memory (OOM) during forward pass!
2026-05-07 17:54:42,356 - __main__ - ERROR -   Memory at OOM: 43322/44676MB
2026-05-07 17:54:42,614 - __main__ - ERROR -   Batch 128: CUDA Out of Memory (OOM) during forward pass!
2026-05-07 17:54:42,615 - __main__ - ERROR -   Memory at OOM: 43322/44676MB
2026-05-07 17:54:42,865 - __main__ - ERROR -   Batch 129: CUDA Out of Memory (OOM) during forward pass!
2026-05-07 17:54:42,866 - __main__ - ERROR -   Memory at OOM: 43322/44676MB
2026-05-07 17:54:43,127 - __main__ - ERROR -   Batch 130: CUDA Out of Memory (OOM) during forward pass!
2026-05-07 17:54:43,128 - __main__ - ERROR -   Memory at OOM: 43322/44676MB
2026-05-07 17:54:43,381 - __main__ - ERROR -   Batch 131: CUDA Out of Memory (OOM) during forward pass!
2026-05-07 17:54:43,382 - __main__ - ERROR -   Memory at OOM: 43322/44676MB
2026-05-07 17:54:43,646 - __main__ - ERROR -   Batch 132: CUDA Out of Memory (OOM) during forward pass!
2026-05-07 17:54:43,647 - __main__ - ERROR -   Memory at OOM: 43322/44676MB
2026-05-07 17:54:43,899 - __main__ - ERROR -   Batch 133: CUDA Out of Memory (OOM) during forward pass!
2026-05-07 17:54:43,899 - __main__ - ERROR -   Memory at OOM: 43322/44676MB
2026-05-07 17:54:44,159 - __main__ - ERROR -   Batch 134: CUDA Out of Memory (OOM) during forward pass!
2026-05-07 17:54:44,160 - __main__ - ERROR -   Memory at OOM: 43322/44676MB
2026-05-07 17:54:44,408 - __main__ - ERROR -   Batch 135: CUDA Out of Memory (OOM) during forward pass!
2026-05-07 17:54:44,409 - __main__ - ERROR -   Memory at OOM: 43322/44676MB
2026-05-07 17:54:44,673 - __main__ - ERROR -   Batch 136: CUDA Out of Memory (OOM) during forward pass!
2026-05-07 17:54:44,674 - __main__ - ERROR -   Memory at OOM: 43322/44676MB
2026-05-07 17:54:44,921 - __main__ - ERROR -   Batch 137: CUDA Out of Memory (OOM) during forward pass!
2026-05-07 17:54:44,921 - __main__ - ERROR -   Memory at OOM: 43322/44676MB
2026-05-07 17:54:45,188 - __main__ - ERROR -   Batch 138: CUDA Out of Memory (OOM) during forward pass!
2026-05-07 17:54:45,189 - __main__ - ERROR -   Memory at OOM: 43322/44676MB
2026-05-07 17:54:45,439 - __main__ - ERROR -   Batch 139: CUDA Out of Memory (OOM) during forward pass!
2026-05-07 17:54:45,439 - __main__ - ERROR -   Memory at OOM: 43322/44676MB
2026-05-07 17:54:45,698 - __main__ - ERROR -   Batch 140: CUDA Out of Memory (OOM) during forward pass!
2026-05-07 17:54:45,698 - __main__ - ERROR -   Memory at OOM: 43322/44676MB
2026-05-07 17:54:45,948 - __main__ - ERROR -   Batch 141: CUDA Out of Memory (OOM) during forward pass!
2026-05-07 17:54:45,948 - __main__ - ERROR -   Memory at OOM: 43322/44676MB
2026-05-07 17:54:46,210 - __main__ - ERROR -   Batch 142: CUDA Out of Memory (OOM) during forward pass!
2026-05-07 17:54:46,211 - __main__ - ERROR -   Memory at OOM: 43322/44676MB
2026-05-07 17:54:46,463 - __main__ - ERROR -   Batch 143: CUDA Out of Memory (OOM) during forward pass!
2026-05-07 17:54:46,464 - __main__ - ERROR -   Memory at OOM: 43322/44676MB
2026-05-07 17:54:46,727 - __main__ - ERROR -   Batch 144: CUDA Out of Memory (OOM) during forward pass!
2026-05-07 17:54:46,729 - __main__ - ERROR -   Memory at OOM: 43322/44676MB
2026-05-07 17:54:46,979 - __main__ - ERROR -   Batch 145: CUDA Out of Memory (OOM) during forward pass!
2026-05-07 17:54:46,979 - __main__ - ERROR -   Memory at OOM: 43322/44676MB
2026-05-07 17:54:47,246 - __main__ - ERROR -   Batch 146: CUDA Out of Memory (OOM) during forward pass!
2026-05-07 17:54:47,246 - __main__ - ERROR -   Memory at OOM: 43322/44676MB
2026-05-07 17:54:47,499 - __main__ - ERROR -   Batch 147: CUDA Out of Memory (OOM) during forward pass!
2026-05-07 17:54:47,499 - __main__ - ERROR -   Memory at OOM: 43322/44676MB
2026-05-07 17:54:47,763 - __main__ - ERROR -   Batch 148: CUDA Out of Memory (OOM) during forward pass!
2026-05-07 17:54:47,764 - __main__ - ERROR -   Memory at OOM: 43322/44676MB
2026-05-07 17:54:48,019 - __main__ - ERROR -   Batch 149: CUDA Out of Memory (OOM) during forward pass!
2026-05-07 17:54:48,019 - __main__ - ERROR -   Memory at OOM: 43322/44676MB
2026-05-07 17:54:48,285 - __main__ - ERROR -   Batch 150: CUDA Out of Memory (OOM) during forward pass!
2026-05-07 17:54:48,285 - __main__ - ERROR -   Memory at OOM: 43322/44676MB
2026-05-07 17:54:48,539 - __main__ - ERROR -   Batch 151: CUDA Out of Memory (OOM) during forward pass!
2026-05-07 17:54:48,539 - __main__ - ERROR -   Memory at OOM: 43322/44676MB
2026-05-07 17:54:48,804 - __main__ - ERROR -   Batch 152: CUDA Out of Memory (OOM) during forward pass!
2026-05-07 17:54:48,805 - __main__ - ERROR -   Memory at OOM: 43322/44676MB
2026-05-07 17:54:49,058 - __main__ - ERROR -   Batch 153: CUDA Out of Memory (OOM) during forward pass!
2026-05-07 17:54:49,059 - __main__ - ERROR -   Memory at OOM: 43322/44676MB
2026-05-07 17:54:49,323 - __main__ - ERROR -   Batch 154: CUDA Out of Memory (OOM) during forward pass!
2026-05-07 17:54:49,325 - __main__ - ERROR -   Memory at OOM: 43322/44676MB
2026-05-07 17:54:49,578 - __main__ - ERROR -   Batch 155: CUDA Out of Memory (OOM) during forward pass!
2026-05-07 17:54:49,578 - __main__ - ERROR -   Memory at OOM: 43322/44676MB
2026-05-07 17:54:49,842 - __main__ - ERROR -   Batch 156: CUDA Out of Memory (OOM) during forward pass!
2026-05-07 17:54:49,843 - __main__ - ERROR -   Memory at OOM: 43322/44676MB
2026-05-07 17:54:50,098 - __main__ - ERROR -   Batch 157: CUDA Out of Memory (OOM) during forward pass!
2026-05-07 17:54:50,099 - __main__ - ERROR -   Memory at OOM: 43322/44676MB
2026-05-07 17:54:50,362 - __main__ - ERROR -   Batch 158: CUDA Out of Memory (OOM) during forward pass!
2026-05-07 17:54:50,362 - __main__ - ERROR -   Memory at OOM: 43322/44676MB
2026-05-07 17:54:50,622 - __main__ - ERROR -   Batch 159: CUDA Out of Memory (OOM) during forward pass!
2026-05-07 17:54:50,622 - __main__ - ERROR -   Memory at OOM: 43322/44676MB
2026-05-07 17:54:50,879 - __main__ - ERROR -   Batch 160: CUDA Out of Memory (OOM) during forward pass!
2026-05-07 17:54:50,879 - __main__ - ERROR -   Memory at OOM: 43322/44676MB
2026-05-07 17:54:51,140 - __main__ - ERROR -   Batch 161: CUDA Out of Memory (OOM) during forward pass!
2026-05-07 17:54:51,140 - __main__ - ERROR -   Memory at OOM: 43322/44676MB
2026-05-07 17:54:51,402 - __main__ - ERROR -   Batch 162: CUDA Out of Memory (OOM) during forward pass!
2026-05-07 17:54:51,402 - __main__ - ERROR -   Memory at OOM: 43322/44676MB
2026-05-07 17:54:51,661 - __main__ - ERROR -   Batch 163: CUDA Out of Memory (OOM) during forward pass!
2026-05-07 17:54:51,663 - __main__ - ERROR -   Memory at OOM: 43322/44676MB
2026-05-07 17:54:51,917 - __main__ - ERROR -   Batch 164: CUDA Out of Memory (OOM) during forward pass!
2026-05-07 17:54:51,918 - __main__ - ERROR -   Memory at OOM: 43322/44676MB
2026-05-07 17:54:52,178 - __main__ - ERROR -   Batch 165: CUDA Out of Memory (OOM) during forward pass!
2026-05-07 17:54:52,178 - __main__ - ERROR -   Memory at OOM: 43322/44676MB
2026-05-07 17:54:52,442 - __main__ - ERROR -   Batch 166: CUDA Out of Memory (OOM) during forward pass!
2026-05-07 17:54:52,443 - __main__ - ERROR -   Memory at OOM: 43322/44676MB
2026-05-07 17:54:52,701 - __main__ - ERROR -   Batch 167: CUDA Out of Memory (OOM) during forward pass!
2026-05-07 17:54:52,701 - __main__ - ERROR -   Memory at OOM: 43322/44676MB
2026-05-07 17:54:52,957 - __main__ - ERROR -   Batch 168: CUDA Out of Memory (OOM) during forward pass!
2026-05-07 17:54:52,958 - __main__ - ERROR -   Memory at OOM: 43322/44676MB
2026-05-07 17:54:53,218 - __main__ - ERROR -   Batch 169: CUDA Out of Memory (OOM) during forward pass!
2026-05-07 17:54:53,219 - __main__ - ERROR -   Memory at OOM: 43322/44676MB
2026-05-07 17:54:53,481 - __main__ - ERROR -   Batch 170: CUDA Out of Memory (OOM) during forward pass!
2026-05-07 17:54:53,481 - __main__ - ERROR -   Memory at OOM: 43322/44676MB
2026-05-07 17:54:53,738 - __main__ - ERROR -   Batch 171: CUDA Out of Memory (OOM) during forward pass!
2026-05-07 17:54:53,739 - __main__ - ERROR -   Memory at OOM: 43322/44676MB
2026-05-07 17:54:53,988 - __main__ - ERROR -   Batch 172: CUDA Out of Memory (OOM) during forward pass!
2026-05-07 17:54:53,988 - __main__ - ERROR -   Memory at OOM: 43322/44676MB
2026-05-07 17:54:54,243 - __main__ - ERROR -   Batch 173: CUDA Out of Memory (OOM) during forward pass!
2026-05-07 17:54:54,245 - __main__ - ERROR -   Memory at OOM: 43322/44676MB
2026-05-07 17:54:54,504 - __main__ - ERROR -   Batch 174: CUDA Out of Memory (OOM) during forward pass!
2026-05-07 17:54:54,505 - __main__ - ERROR -   Memory at OOM: 43322/44676MB
2026-05-07 17:54:54,764 - __main__ - ERROR -   Batch 175: CUDA Out of Memory (OOM) during forward pass!
2026-05-07 17:54:54,765 - __main__ - ERROR -   Memory at OOM: 43322/44676MB
2026-05-07 17:54:55,018 - __main__ - ERROR -   Batch 176: CUDA Out of Memory (OOM) during forward pass!
2026-05-07 17:54:55,018 - __main__ - ERROR -   Memory at OOM: 43322/44676MB
2026-05-07 17:54:55,277 - __main__ - ERROR -   Batch 177: CUDA Out of Memory (OOM) during forward pass!
2026-05-07 17:54:55,277 - __main__ - ERROR -   Memory at OOM: 43322/44676MB
2026-05-07 17:54:55,538 - __main__ - ERROR -   Batch 178: CUDA Out of Memory (OOM) during forward pass!
2026-05-07 17:54:55,539 - __main__ - ERROR -   Memory at OOM: 43322/44676MB
2026-05-07 17:54:55,793 - __main__ - ERROR -   Batch 179: CUDA Out of Memory (OOM) during forward pass!
2026-05-07 17:54:55,794 - __main__ - ERROR -   Memory at OOM: 43322/44676MB
2026-05-07 17:54:56,043 - __main__ - ERROR -   Batch 180: CUDA Out of Memory (OOM) during forward pass!
2026-05-07 17:54:56,044 - __main__ - ERROR -   Memory at OOM: 43322/44676MB
2026-05-07 17:54:56,298 - __main__ - ERROR -   Batch 181: CUDA Out of Memory (OOM) during forward pass!
2026-05-07 17:54:56,299 - __main__ - ERROR -   Memory at OOM: 43322/44676MB
2026-05-07 17:54:56,561 - __main__ - ERROR -   Batch 182: CUDA Out of Memory (OOM) during forward pass!
2026-05-07 17:54:56,563 - __main__ - ERROR -   Memory at OOM: 43322/44676MB
2026-05-07 17:54:56,822 - __main__ - ERROR -   Batch 183: CUDA Out of Memory (OOM) during forward pass!
2026-05-07 17:54:56,823 - __main__ - ERROR -   Memory at OOM: 43322/44676MB
2026-05-07 17:54:57,076 - __main__ - ERROR -   Batch 184: CUDA Out of Memory (OOM) during forward pass!
2026-05-07 17:54:57,076 - __main__ - ERROR -   Memory at OOM: 43322/44676MB
2026-05-07 17:54:57,336 - __main__ - ERROR -   Batch 185: CUDA Out of Memory (OOM) during forward pass!
2026-05-07 17:54:57,336 - __main__ - ERROR -   Memory at OOM: 43322/44676MB
2026-05-07 17:54:57,593 - __main__ - ERROR -   Batch 186: CUDA Out of Memory (OOM) during forward pass!
2026-05-07 17:54:57,594 - __main__ - ERROR -   Memory at OOM: 43322/44676MB
2026-05-07 17:54:57,848 - __main__ - ERROR -   Batch 187: CUDA Out of Memory (OOM) during forward pass!
2026-05-07 17:54:57,848 - __main__ - ERROR -   Memory at OOM: 43322/44676MB
2026-05-07 17:54:58,099 - __main__ - ERROR -   Batch 188: CUDA Out of Memory (OOM) during forward pass!
2026-05-07 17:54:58,099 - __main__ - ERROR -   Memory at OOM: 43322/44676MB
2026-05-07 17:54:58,358 - __main__ - ERROR -   Batch 189: CUDA Out of Memory (OOM) during forward pass!
2026-05-07 17:54:58,359 - __main__ - ERROR -   Memory at OOM: 43322/44676MB
2026-05-07 17:54:58,622 - __main__ - ERROR -   Batch 190: CUDA Out of Memory (OOM) during forward pass!
2026-05-07 17:54:58,623 - __main__ - ERROR -   Memory at OOM: 43322/44676MB
2026-05-07 17:54:58,881 - __main__ - ERROR -   Batch 191: CUDA Out of Memory (OOM) during forward pass!
2026-05-07 17:54:58,882 - __main__ - ERROR -   Memory at OOM: 43322/44676MB
2026-05-07 17:54:59,135 - __main__ - ERROR -   Batch 192: CUDA Out of Memory (OOM) during forward pass!
2026-05-07 17:54:59,136 - __main__ - ERROR -   Memory at OOM: 43322/44676MB
2026-05-07 17:54:59,395 - __main__ - ERROR -   Batch 193: CUDA Out of Memory (OOM) during forward pass!
2026-05-07 17:54:59,396 - __main__ - ERROR -   Memory at OOM: 43322/44676MB
2026-05-07 17:54:59,660 - __main__ - ERROR -   Batch 194: CUDA Out of Memory (OOM) during forward pass!
2026-05-07 17:54:59,661 - __main__ - ERROR -   Memory at OOM: 43322/44676MB
2026-05-07 17:54:59,919 - __main__ - ERROR -   Batch 195: CUDA Out of Memory (OOM) during forward pass!
2026-05-07 17:54:59,919 - __main__ - ERROR -   Memory at OOM: 43322/44676MB
2026-05-07 17:55:00,172 - __main__ - ERROR -   Batch 196: CUDA Out of Memory (OOM) during forward pass!
2026-05-07 17:55:00,172 - __main__ - ERROR -   Memory at OOM: 43322/44676MB
2026-05-07 17:55:00,426 - __main__ - ERROR -   Batch 197: CUDA Out of Memory (OOM) during forward pass!
2026-05-07 17:55:00,426 - __main__ - ERROR -   Memory at OOM: 43322/44676MB
2026-05-07 17:55:00,684 - __main__ - ERROR -   Batch 198: CUDA Out of Memory (OOM) during forward pass!
2026-05-07 17:55:00,685 - __main__ - ERROR -   Memory at OOM: 43322/44676MB
2026-05-07 17:55:00,940 - __main__ - ERROR -   Batch 199: CUDA Out of Memory (OOM) during forward pass!
2026-05-07 17:55:00,940 - __main__ - ERROR -   Memory at OOM: 43322/44676MB
2026-05-07 17:55:01,197 - __main__ - ERROR -   Batch 200: CUDA Out of Memory (OOM) during forward pass!
2026-05-07 17:55:01,198 - __main__ - ERROR -   Memory at OOM: 43322/44676MB
2026-05-07 17:55:01,456 - __main__ - ERROR -   Batch 201: CUDA Out of Memory (OOM) during forward pass!
2026-05-07 17:55:01,456 - __main__ - ERROR -   Memory at OOM: 43322/44676MB
2026-05-07 17:55:01,719 - __main__ - ERROR -   Batch 202: CUDA Out of Memory (OOM) during forward pass!
2026-05-07 17:55:01,720 - __main__ - ERROR -   Memory at OOM: 43322/44676MB
2026-05-07 17:55:01,978 - __main__ - ERROR -   Batch 203: CUDA Out of Memory (OOM) during forward pass!
2026-05-07 17:55:01,978 - __main__ - ERROR -   Memory at OOM: 43322/44676MB
2026-05-07 17:55:02,236 - __main__ - ERROR -   Batch 204: CUDA Out of Memory (OOM) during forward pass!
2026-05-07 17:55:02,237 - __main__ - ERROR -   Memory at OOM: 43322/44676MB
2026-05-07 17:55:02,495 - __main__ - ERROR -   Batch 205: CUDA Out of Memory (OOM) during forward pass!
2026-05-07 17:55:02,495 - __main__ - ERROR -   Memory at OOM: 43322/44676MB
2026-05-07 17:55:02,759 - __main__ - ERROR -   Batch 206: CUDA Out of Memory (OOM) during forward pass!
2026-05-07 17:55:02,760 - __main__ - ERROR -   Memory at OOM: 43322/44676MB
2026-05-07 17:55:03,017 - __main__ - ERROR -   Batch 207: CUDA Out of Memory (OOM) during forward pass!
2026-05-07 17:55:03,018 - __main__ - ERROR -   Memory at OOM: 43322/44676MB
2026-05-07 17:55:03,275 - __main__ - ERROR -   Batch 208: CUDA Out of Memory (OOM) during forward pass!
2026-05-07 17:55:03,276 - __main__ - ERROR -   Memory at OOM: 43322/44676MB
2026-05-07 17:55:03,534 - __main__ - ERROR -   Batch 209: CUDA Out of Memory (OOM) during forward pass!
2026-05-07 17:55:03,535 - __main__ - ERROR -   Memory at OOM: 43322/44676MB
2026-05-07 17:55:03,798 - __main__ - ERROR -   Batch 210: CUDA Out of Memory (OOM) during forward pass!
2026-05-07 17:55:03,799 - __main__ - ERROR -   Memory at OOM: 43322/44676MB
2026-05-07 17:55:04,055 - __main__ - ERROR -   Batch 211: CUDA Out of Memory (OOM) during forward pass!
2026-05-07 17:55:04,057 - __main__ - ERROR -   Memory at OOM: 43322/44676MB
2026-05-07 17:55:04,305 - __main__ - ERROR -   Batch 212: CUDA Out of Memory (OOM) during forward pass!
2026-05-07 17:55:04,306 - __main__ - ERROR -   Memory at OOM: 43322/44676MB
2026-05-07 17:55:04,558 - __main__ - ERROR -   Batch 213: CUDA Out of Memory (OOM) during forward pass!
2026-05-07 17:55:04,559 - __main__ - ERROR -   Memory at OOM: 43322/44676MB
2026-05-07 17:55:04,818 - __main__ - ERROR -   Batch 214: CUDA Out of Memory (OOM) during forward pass!
2026-05-07 17:55:04,819 - __main__ - ERROR -   Memory at OOM: 43322/44676MB
2026-05-07 17:55:05,080 - __main__ - ERROR -   Batch 215: CUDA Out of Memory (OOM) during forward pass!
2026-05-07 17:55:05,080 - __main__ - ERROR -   Memory at OOM: 43322/44676MB
2026-05-07 17:55:05,336 - __main__ - ERROR -   Batch 216: CUDA Out of Memory (OOM) during forward pass!
2026-05-07 17:55:05,336 - __main__ - ERROR -   Memory at OOM: 43322/44676MB
2026-05-07 17:55:05,592 - __main__ - ERROR -   Batch 217: CUDA Out of Memory (OOM) during forward pass!
2026-05-07 17:55:05,593 - __main__ - ERROR -   Memory at OOM: 43322/44676MB
2026-05-07 17:55:05,856 - __main__ - ERROR -   Batch 218: CUDA Out of Memory (OOM) during forward pass!
2026-05-07 17:55:05,856 - __main__ - ERROR -   Memory at OOM: 43322/44676MB
2026-05-07 17:55:06,110 - __main__ - ERROR -   Batch 219: CUDA Out of Memory (OOM) during forward pass!
2026-05-07 17:55:06,110 - __main__ - ERROR -   Memory at OOM: 43322/44676MB
2026-05-07 17:55:06,363 - __main__ - ERROR -   Batch 220: CUDA Out of Memory (OOM) during forward pass!
2026-05-07 17:55:06,364 - __main__ - ERROR -   Memory at OOM: 43322/44676MB
2026-05-07 17:55:06,616 - __main__ - ERROR -   Batch 221: CUDA Out of Memory (OOM) during forward pass!
2026-05-07 17:55:06,617 - __main__ - ERROR -   Memory at OOM: 43322/44676MB
2026-05-07 17:55:06,879 - __main__ - ERROR -   Batch 222: CUDA Out of Memory (OOM) during forward pass!
2026-05-07 17:55:06,879 - __main__ - ERROR -   Memory at OOM: 43322/44676MB
2026-05-07 17:55:07,140 - __main__ - ERROR -   Batch 223: CUDA Out of Memory (OOM) during forward pass!
2026-05-07 17:55:07,140 - __main__ - ERROR -   Memory at OOM: 43322/44676MB
2026-05-07 17:55:07,395 - __main__ - ERROR -   Batch 224: CUDA Out of Memory (OOM) during forward pass!
2026-05-07 17:55:07,396 - __main__ - ERROR -   Memory at OOM: 43322/44676MB
2026-05-07 17:55:07,653 - __main__ - ERROR -   Batch 225: CUDA Out of Memory (OOM) during forward pass!
2026-05-07 17:55:07,653 - __main__ - ERROR -   Memory at OOM: 43322/44676MB
2026-05-07 17:55:07,909 - __main__ - ERROR -   Batch 226: CUDA Out of Memory (OOM) during forward pass!
2026-05-07 17:55:07,909 - __main__ - ERROR -   Memory at OOM: 43322/44676MB
2026-05-07 17:55:08,163 - __main__ - ERROR -   Batch 227: CUDA Out of Memory (OOM) during forward pass!
2026-05-07 17:55:08,164 - __main__ - ERROR -   Memory at OOM: 43322/44676MB
2026-05-07 17:55:08,416 - __main__ - ERROR -   Batch 228: CUDA Out of Memory (OOM) during forward pass!
2026-05-07 17:55:08,417 - __main__ - ERROR -   Memory at OOM: 43322/44676MB
2026-05-07 17:55:08,673 - __main__ - ERROR -   Batch 229: CUDA Out of Memory (OOM) during forward pass!
2026-05-07 17:55:08,673 - __main__ - ERROR -   Memory at OOM: 43322/44676MB
2026-05-07 17:55:08,941 - __main__ - ERROR -   Batch 230: CUDA Out of Memory (OOM) during forward pass!
2026-05-07 17:55:08,942 - __main__ - ERROR -   Memory at OOM: 43322/44676MB
2026-05-07 17:55:09,196 - __main__ - ERROR -   Batch 231: CUDA Out of Memory (OOM) during forward pass!
2026-05-07 17:55:09,198 - __main__ - ERROR -   Memory at OOM: 43322/44676MB
2026-05-07 17:55:09,452 - __main__ - ERROR -   Batch 232: CUDA Out of Memory (OOM) during forward pass!
2026-05-07 17:55:09,452 - __main__ - ERROR -   Memory at OOM: 43322/44676MB
2026-05-07 17:55:09,711 - __main__ - ERROR -   Batch 233: CUDA Out of Memory (OOM) during forward pass!
2026-05-07 17:55:09,711 - __main__ - ERROR -   Memory at OOM: 43322/44676MB
2026-05-07 17:55:09,974 - __main__ - ERROR -   Batch 234: CUDA Out of Memory (OOM) during forward pass!
2026-05-07 17:55:09,975 - __main__ - ERROR -   Memory at OOM: 43322/44676MB
2026-05-07 17:55:10,229 - __main__ - ERROR -   Batch 235: CUDA Out of Memory (OOM) during forward pass!
2026-05-07 17:55:10,230 - __main__ - ERROR -   Memory at OOM: 43322/44676MB
2026-05-07 17:55:10,478 - __main__ - ERROR -   Batch 236: CUDA Out of Memory (OOM) during forward pass!
2026-05-07 17:55:10,479 - __main__ - ERROR -   Memory at OOM: 43322/44676MB
2026-05-07 17:55:10,733 - __main__ - ERROR -   Batch 237: CUDA Out of Memory (OOM) during forward pass!
2026-05-07 17:55:10,733 - __main__ - ERROR -   Memory at OOM: 43322/44676MB
2026-05-07 17:55:10,998 - __main__ - ERROR -   Batch 238: CUDA Out of Memory (OOM) during forward pass!
2026-05-07 17:55:10,999 - __main__ - ERROR -   Memory at OOM: 43322/44676MB
2026-05-07 17:55:11,260 - __main__ - ERROR -   Batch 239: CUDA Out of Memory (OOM) during forward pass!
2026-05-07 17:55:11,260 - __main__ - ERROR -   Memory at OOM: 43322/44676MB
2026-05-07 17:55:11,511 - __main__ - ERROR -   Batch 240: CUDA Out of Memory (OOM) during forward pass!
2026-05-07 17:55:11,513 - __main__ - ERROR -   Memory at OOM: 43322/44676MB
2026-05-07 17:55:11,767 - __main__ - ERROR -   Batch 241: CUDA Out of Memory (OOM) during forward pass!
2026-05-07 17:55:11,767 - __main__ - ERROR -   Memory at OOM: 43322/44676MB
2026-05-07 17:55:12,027 - __main__ - ERROR -   Batch 242: CUDA Out of Memory (OOM) during forward pass!
2026-05-07 17:55:12,028 - __main__ - ERROR -   Memory at OOM: 43322/44676MB
2026-05-07 17:55:12,285 - __main__ - ERROR -   Batch 243: CUDA Out of Memory (OOM) during forward pass!
2026-05-07 17:55:12,286 - __main__ - ERROR -   Memory at OOM: 43322/44676MB
2026-05-07 17:55:12,534 - __main__ - ERROR -   Batch 244: CUDA Out of Memory (OOM) during forward pass!
2026-05-07 17:55:12,534 - __main__ - ERROR -   Memory at OOM: 43322/44676MB
2026-05-07 17:55:12,793 - __main__ - ERROR -   Batch 245: CUDA Out of Memory (OOM) during forward pass!
2026-05-07 17:55:12,793 - __main__ - ERROR -   Memory at OOM: 43322/44676MB
2026-05-07 17:55:13,057 - __main__ - ERROR -   Batch 246: CUDA Out of Memory (OOM) during forward pass!
2026-05-07 17:55:13,058 - __main__ - ERROR -   Memory at OOM: 43322/44676MB
2026-05-07 17:55:13,318 - __main__ - ERROR -   Batch 247: CUDA Out of Memory (OOM) during forward pass!
2026-05-07 17:55:13,318 - __main__ - ERROR -   Memory at OOM: 43322/44676MB
2026-05-07 17:55:13,569 - __main__ - ERROR -   Batch 248: CUDA Out of Memory (OOM) during forward pass!
2026-05-07 17:55:13,570 - __main__ - ERROR -   Memory at OOM: 43322/44676MB
2026-05-07 17:55:13,822 - __main__ - ERROR -   Batch 249: CUDA Out of Memory (OOM) during forward pass!
2026-05-07 17:55:13,823 - __main__ - ERROR -   Memory at OOM: 43322/44676MB
2026-05-07 17:55:14,081 - __main__ - ERROR -   Batch 250: CUDA Out of Memory (OOM) during forward pass!
2026-05-07 17:55:14,083 - __main__ - ERROR -   Memory at OOM: 43322/44676MB
2026-05-07 17:55:14,338 - __main__ - ERROR -   Batch 251: CUDA Out of Memory (OOM) during forward pass!
2026-05-07 17:55:14,339 - __main__ - ERROR -   Memory at OOM: 43322/44676MB
2026-05-07 17:55:14,589 - __main__ - ERROR -   Batch 252: CUDA Out of Memory (OOM) during forward pass!
2026-05-07 17:55:14,590 - __main__ - ERROR -   Memory at OOM: 43322/44676MB
2026-05-07 17:55:14,854 - __main__ - ERROR -   Batch 253: CUDA Out of Memory (OOM) during forward pass!
2026-05-07 17:55:14,854 - __main__ - ERROR -   Memory at OOM: 43322/44676MB
2026-05-07 17:55:15,114 - __main__ - ERROR -   Batch 254: CUDA Out of Memory (OOM) during forward pass!
2026-05-07 17:55:15,114 - __main__ - ERROR -   Memory at OOM: 43322/44676MB
2026-05-07 17:55:15,373 - __main__ - ERROR -   Batch 255: CUDA Out of Memory (OOM) during forward pass!
2026-05-07 17:55:15,374 - __main__ - ERROR -   Memory at OOM: 43322/44676MB
2026-05-07 17:55:15,627 - __main__ - ERROR -   Batch 256: CUDA Out of Memory (OOM) during forward pass!
2026-05-07 17:55:15,628 - __main__ - ERROR -   Memory at OOM: 43322/44676MB
2026-05-07 17:55:15,883 - __main__ - ERROR -   Batch 257: CUDA Out of Memory (OOM) during forward pass!
2026-05-07 17:55:15,884 - __main__ - ERROR -   Memory at OOM: 43322/44676MB
2026-05-07 17:55:16,142 - __main__ - ERROR -   Batch 258: CUDA Out of Memory (OOM) during forward pass!
2026-05-07 17:55:16,143 - __main__ - ERROR -   Memory at OOM: 43322/44676MB
2026-05-07 17:55:16,400 - __main__ - ERROR -   Batch 259: CUDA Out of Memory (OOM) during forward pass!
2026-05-07 17:55:16,402 - __main__ - ERROR -   Memory at OOM: 43322/44676MB
2026-05-07 17:55:16,652 - __main__ - ERROR -   Batch 260: CUDA Out of Memory (OOM) during forward pass!
2026-05-07 17:55:16,652 - __main__ - ERROR -   Memory at OOM: 43322/44676MB
2026-05-07 17:55:16,912 - __main__ - ERROR -   Batch 261: CUDA Out of Memory (OOM) during forward pass!
2026-05-07 17:55:16,912 - __main__ - ERROR -   Memory at OOM: 43322/44676MB
2026-05-07 17:55:17,174 - __main__ - ERROR -   Batch 262: CUDA Out of Memory (OOM) during forward pass!
2026-05-07 17:55:17,175 - __main__ - ERROR -   Memory at OOM: 43322/44676MB
2026-05-07 17:55:17,432 - __main__ - ERROR -   Batch 263: CUDA Out of Memory (OOM) during forward pass!
2026-05-07 17:55:17,433 - __main__ - ERROR -   Memory at OOM: 43322/44676MB
2026-05-07 17:55:17,683 - __main__ - ERROR -   Batch 264: CUDA Out of Memory (OOM) during forward pass!
2026-05-07 17:55:17,684 - __main__ - ERROR -   Memory at OOM: 43322/44676MB
2026-05-07 17:55:17,941 - __main__ - ERROR -   Batch 265: CUDA Out of Memory (OOM) during forward pass!
2026-05-07 17:55:17,942 - __main__ - ERROR -   Memory at OOM: 43322/44676MB
2026-05-07 17:55:18,201 - __main__ - ERROR -   Batch 266: CUDA Out of Memory (OOM) during forward pass!
2026-05-07 17:55:18,201 - __main__ - ERROR -   Memory at OOM: 43322/44676MB
2026-05-07 17:55:18,454 - __main__ - ERROR -   Batch 267: CUDA Out of Memory (OOM) during forward pass!
2026-05-07 17:55:18,455 - __main__ - ERROR -   Memory at OOM: 43322/44676MB
2026-05-07 17:55:18,711 - __main__ - ERROR -   Batch 268: CUDA Out of Memory (OOM) during forward pass!
2026-05-07 17:55:18,712 - __main__ - ERROR -   Memory at OOM: 43322/44676MB
2026-05-07 17:55:18,971 - __main__ - ERROR -   Batch 269: CUDA Out of Memory (OOM) during forward pass!
2026-05-07 17:55:18,973 - __main__ - ERROR -   Memory at OOM: 43322/44676MB
2026-05-07 17:55:19,233 - __main__ - ERROR -   Batch 270: CUDA Out of Memory (OOM) during forward pass!
2026-05-07 17:55:19,234 - __main__ - ERROR -   Memory at OOM: 43322/44676MB
2026-05-07 17:55:19,492 - __main__ - ERROR -   Batch 271: CUDA Out of Memory (OOM) during forward pass!
2026-05-07 17:55:19,492 - __main__ - ERROR -   Memory at OOM: 43322/44676MB
2026-05-07 17:55:19,748 - __main__ - ERROR -   Batch 272: CUDA Out of Memory (OOM) during forward pass!
2026-05-07 17:55:19,749 - __main__ - ERROR -   Memory at OOM: 43322/44676MB
2026-05-07 17:55:20,011 - __main__ - ERROR -   Batch 273: CUDA Out of Memory (OOM) during forward pass!
2026-05-07 17:55:20,011 - __main__ - ERROR -   Memory at OOM: 43322/44676MB
2026-05-07 17:55:20,273 - __main__ - ERROR -   Batch 274: CUDA Out of Memory (OOM) during forward pass!
2026-05-07 17:55:20,274 - __main__ - ERROR -   Memory at OOM: 43322/44676MB
2026-05-07 17:55:20,526 - __main__ - ERROR -   Batch 275: CUDA Out of Memory (OOM) during forward pass!
2026-05-07 17:55:20,527 - __main__ - ERROR -   Memory at OOM: 43322/44676MB
2026-05-07 17:55:20,778 - __main__ - ERROR -   Batch 276: CUDA Out of Memory (OOM) during forward pass!
2026-05-07 17:55:20,779 - __main__ - ERROR -   Memory at OOM: 43322/44676MB
2026-05-07 17:55:21,035 - __main__ - ERROR -   Batch 277: CUDA Out of Memory (OOM) during forward pass!
2026-05-07 17:55:21,035 - __main__ - ERROR -   Memory at OOM: 43322/44676MB
2026-05-07 17:55:21,295 - __main__ - ERROR -   Batch 278: CUDA Out of Memory (OOM) during forward pass!
2026-05-07 17:55:21,297 - __main__ - ERROR -   Memory at OOM: 43322/44676MB
2026-05-07 17:55:21,554 - __main__ - ERROR -   Batch 279: CUDA Out of Memory (OOM) during forward pass!
2026-05-07 17:55:21,554 - __main__ - ERROR -   Memory at OOM: 43322/44676MB
2026-05-07 17:55:21,809 - __main__ - ERROR -   Batch 280: CUDA Out of Memory (OOM) during forward pass!
2026-05-07 17:55:21,810 - __main__ - ERROR -   Memory at OOM: 43322/44676MB
2026-05-07 17:55:22,068 - __main__ - ERROR -   Batch 281: CUDA Out of Memory (OOM) during forward pass!
2026-05-07 17:55:22,068 - __main__ - ERROR -   Memory at OOM: 43322/44676MB
2026-05-07 17:55:22,325 - __main__ - ERROR -   Batch 282: CUDA Out of Memory (OOM) during forward pass!
2026-05-07 17:55:22,326 - __main__ - ERROR -   Memory at OOM: 43322/44676MB
2026-05-07 17:55:22,581 - __main__ - ERROR -   Batch 283: CUDA Out of Memory (OOM) during forward pass!
2026-05-07 17:55:22,581 - __main__ - ERROR -   Memory at OOM: 43322/44676MB
2026-05-07 17:55:22,832 - __main__ - ERROR -   Batch 284: CUDA Out of Memory (OOM) during forward pass!
2026-05-07 17:55:22,832 - __main__ - ERROR -   Memory at OOM: 43322/44676MB
2026-05-07 17:55:23,088 - __main__ - ERROR -   Batch 285: CUDA Out of Memory (OOM) during forward pass!
2026-05-07 17:55:23,089 - __main__ - ERROR -   Memory at OOM: 43322/44676MB
2026-05-07 17:55:23,355 - __main__ - ERROR -   Batch 286: CUDA Out of Memory (OOM) during forward pass!
2026-05-07 17:55:23,356 - __main__ - ERROR -   Memory at OOM: 43322/44676MB
2026-05-07 17:55:23,612 - __main__ - ERROR -   Batch 287: CUDA Out of Memory (OOM) during forward pass!
2026-05-07 17:55:23,612 - __main__ - ERROR -   Memory at OOM: 43322/44676MB
2026-05-07 17:55:23,865 - __main__ - ERROR -   Batch 288: CUDA Out of Memory (OOM) during forward pass!
2026-05-07 17:55:23,866 - __main__ - ERROR -   Memory at OOM: 43322/44676MB
2026-05-07 17:55:24,119 - __main__ - ERROR -   Batch 289: CUDA Out of Memory (OOM) during forward pass!
2026-05-07 17:55:24,120 - __main__ - ERROR -   Memory at OOM: 43322/44676MB
2026-05-07 17:55:24,378 - __main__ - ERROR -   Batch 290: CUDA Out of Memory (OOM) during forward pass!
2026-05-07 17:55:24,379 - __main__ - ERROR -   Memory at OOM: 43322/44676MB
2026-05-07 17:55:24,632 - __main__ - ERROR -   Batch 291: CUDA Out of Memory (OOM) during forward pass!
2026-05-07 17:55:24,632 - __main__ - ERROR -   Memory at OOM: 43322/44676MB
2026-05-07 17:55:24,891 - __main__ - ERROR -   Batch 292: CUDA Out of Memory (OOM) during forward pass!
2026-05-07 17:55:24,892 - __main__ - ERROR -   Memory at OOM: 43322/44676MB
2026-05-07 17:55:25,148 - __main__ - ERROR -   Batch 293: CUDA Out of Memory (OOM) during forward pass!
2026-05-07 17:55:25,148 - __main__ - ERROR -   Memory at OOM: 43322/44676MB
2026-05-07 17:55:25,413 - __main__ - ERROR -   Batch 294: CUDA Out of Memory (OOM) during forward pass!
2026-05-07 17:55:25,414 - __main__ - ERROR -   Memory at OOM: 43322/44676MB
2026-05-07 17:55:25,670 - __main__ - ERROR -   Batch 295: CUDA Out of Memory (OOM) during forward pass!
2026-05-07 17:55:25,671 - __main__ - ERROR -   Memory at OOM: 43322/44676MB
2026-05-07 17:55:25,928 - __main__ - ERROR -   Batch 296: CUDA Out of Memory (OOM) during forward pass!
2026-05-07 17:55:25,929 - __main__ - ERROR -   Memory at OOM: 43322/44676MB
2026-05-07 17:55:26,187 - __main__ - ERROR -   Batch 297: CUDA Out of Memory (OOM) during forward pass!
2026-05-07 17:55:26,187 - __main__ - ERROR -   Memory at OOM: 43322/44676MB
2026-05-07 17:55:26,451 - __main__ - ERROR -   Batch 298: CUDA Out of Memory (OOM) during forward pass!
2026-05-07 17:55:26,453 - __main__ - ERROR -   Memory at OOM: 43322/44676MB
2026-05-07 17:55:26,710 - __main__ - ERROR -   Batch 299: CUDA Out of Memory (OOM) during forward pass!
2026-05-07 17:55:26,710 - __main__ - ERROR -   Memory at OOM: 43322/44676MB
2026-05-07 17:55:26,968 - __main__ - ERROR -   Batch 300: CUDA Out of Memory (OOM) during forward pass!
2026-05-07 17:55:26,968 - __main__ - ERROR -   Memory at OOM: 43322/44676MB
2026-05-07 17:55:27,227 - __main__ - ERROR -   Batch 301: CUDA Out of Memory (OOM) during forward pass!
2026-05-07 17:55:27,228 - __main__ - ERROR -   Memory at OOM: 43322/44676MB
2026-05-07 17:55:27,491 - __main__ - ERROR -   Batch 302: CUDA Out of Memory (OOM) during forward pass!
2026-05-07 17:55:27,491 - __main__ - ERROR -   Memory at OOM: 43322/44676MB
2026-05-07 17:55:27,751 - __main__ - ERROR -   Batch 303: CUDA Out of Memory (OOM) during forward pass!
2026-05-07 17:55:27,752 - __main__ - ERROR -   Memory at OOM: 43322/44676MB
2026-05-07 17:55:28,006 - __main__ - ERROR -   Batch 304: CUDA Out of Memory (OOM) during forward pass!
2026-05-07 17:55:28,007 - __main__ - ERROR -   Memory at OOM: 43322/44676MB
2026-05-07 17:55:28,267 - __main__ - ERROR -   Batch 305: CUDA Out of Memory (OOM) during forward pass!
2026-05-07 17:55:28,267 - __main__ - ERROR -   Memory at OOM: 43322/44676MB
2026-05-07 17:55:28,530 - __main__ - ERROR -   Batch 306: CUDA Out of Memory (OOM) during forward pass!
2026-05-07 17:55:28,531 - __main__ - ERROR -   Memory at OOM: 43322/44676MB
2026-05-07 17:55:28,790 - __main__ - ERROR -   Batch 307: CUDA Out of Memory (OOM) during forward pass!
2026-05-07 17:55:28,792 - __main__ - ERROR -   Memory at OOM: 43322/44676MB
2026-05-07 17:55:29,046 - __main__ - ERROR -   Batch 308: CUDA Out of Memory (OOM) during forward pass!
2026-05-07 17:55:29,047 - __main__ - ERROR -   Memory at OOM: 43322/44676MB
2026-05-07 17:55:29,308 - __main__ - ERROR -   Batch 309: CUDA Out of Memory (OOM) during forward pass!
2026-05-07 17:55:29,308 - __main__ - ERROR -   Memory at OOM: 43322/44676MB
2026-05-07 17:55:29,570 - __main__ - ERROR -   Batch 310: CUDA Out of Memory (OOM) during forward pass!
2026-05-07 17:55:29,571 - __main__ - ERROR -   Memory at OOM: 43322/44676MB
2026-05-07 17:55:29,830 - __main__ - ERROR -   Batch 311: CUDA Out of Memory (OOM) during forward pass!
2026-05-07 17:55:29,831 - __main__ - ERROR -   Memory at OOM: 43322/44676MB
2026-05-07 17:55:30,086 - __main__ - ERROR -   Batch 312: CUDA Out of Memory (OOM) during forward pass!
2026-05-07 17:55:30,087 - __main__ - ERROR -   Memory at OOM: 41892/44676MB
2026-05-07 17:55:30,334 - __main__ - ERROR -   Batch 313: CUDA Out of Memory (OOM) during forward pass!
2026-05-07 17:55:30,335 - __main__ - ERROR -   Memory at OOM: 43322/44676MB
2026-05-07 17:55:30,595 - __main__ - ERROR -   Batch 314: CUDA Out of Memory (OOM) during forward pass!
2026-05-07 17:55:30,596 - __main__ - ERROR -   Memory at OOM: 43322/44676MB
2026-05-07 17:55:30,852 - __main__ - ERROR -   Batch 315: CUDA Out of Memory (OOM) during forward pass!
2026-05-07 17:55:30,853 - __main__ - ERROR -   Memory at OOM: 43322/44676MB
2026-05-07 17:55:31,106 - __main__ - ERROR -   Batch 316: CUDA Out of Memory (OOM) during forward pass!
2026-05-07 17:55:31,107 - __main__ - ERROR -   Memory at OOM: 43322/44676MB
2026-05-07 17:55:31,367 - __main__ - ERROR -   Batch 317: CUDA Out of Memory (OOM) during forward pass!
2026-05-07 17:55:31,368 - __main__ - ERROR -   Memory at OOM: 43322/44676MB
2026-05-07 17:55:31,629 - __main__ - ERROR -   Batch 318: CUDA Out of Memory (OOM) during forward pass!
2026-05-07 17:55:31,630 - __main__ - ERROR -   Memory at OOM: 43322/44676MB
2026-05-07 17:55:31,890 - __main__ - ERROR -   Batch 319: CUDA Out of Memory (OOM) during forward pass!
2026-05-07 17:55:31,890 - __main__ - ERROR -   Memory at OOM: 43322/44676MB
2026-05-07 17:55:32,146 - __main__ - ERROR -   Batch 320: CUDA Out of Memory (OOM) during forward pass!
2026-05-07 17:55:32,146 - __main__ - ERROR -   Memory at OOM: 43322/44676MB
2026-05-07 17:55:32,406 - __main__ - ERROR -   Batch 321: CUDA Out of Memory (OOM) during forward pass!
2026-05-07 17:55:32,407 - __main__ - ERROR -   Memory at OOM: 43322/44676MB
2026-05-07 17:55:32,668 - __main__ - ERROR -   Batch 322: CUDA Out of Memory (OOM) during forward pass!
2026-05-07 17:55:32,669 - __main__ - ERROR -   Memory at OOM: 43322/44676MB
2026-05-07 17:55:32,929 - __main__ - ERROR -   Batch 323: CUDA Out of Memory (OOM) during forward pass!
2026-05-07 17:55:32,929 - __main__ - ERROR -   Memory at OOM: 43322/44676MB
2026-05-07 17:55:33,185 - __main__ - ERROR -   Batch 324: CUDA Out of Memory (OOM) during forward pass!
2026-05-07 17:55:33,186 - __main__ - ERROR -   Memory at OOM: 43322/44676MB
2026-05-07 17:55:33,446 - __main__ - ERROR -   Batch 325: CUDA Out of Memory (OOM) during forward pass!
2026-05-07 17:55:33,446 - __main__ - ERROR -   Memory at OOM: 43322/44676MB
2026-05-07 17:55:33,708 - __main__ - ERROR -   Batch 326: CUDA Out of Memory (OOM) during forward pass!
2026-05-07 17:55:33,709 - __main__ - ERROR -   Memory at OOM: 43322/44676MB
2026-05-07 17:55:33,968 - __main__ - ERROR -   Batch 327: CUDA Out of Memory (OOM) during forward pass!
2026-05-07 17:55:33,970 - __main__ - ERROR -   Memory at OOM: 43322/44676MB
2026-05-07 17:55:34,225 - __main__ - ERROR -   Batch 328: CUDA Out of Memory (OOM) during forward pass!
2026-05-07 17:55:34,226 - __main__ - ERROR -   Memory at OOM: 43322/44676MB
2026-05-07 17:55:34,485 - __main__ - ERROR -   Batch 329: CUDA Out of Memory (OOM) during forward pass!
2026-05-07 17:55:34,485 - __main__ - ERROR -   Memory at OOM: 43322/44676MB
2026-05-07 17:55:34,747 - __main__ - ERROR -   Batch 330: CUDA Out of Memory (OOM) during forward pass!
2026-05-07 17:55:34,747 - __main__ - ERROR -   Memory at OOM: 43322/44676MB
2026-05-07 17:55:35,005 - __main__ - ERROR -   Batch 331: CUDA Out of Memory (OOM) during forward pass!
2026-05-07 17:55:35,006 - __main__ - ERROR -   Memory at OOM: 43322/44676MB
2026-05-07 17:55:35,255 - __main__ - ERROR -   Batch 332: CUDA Out of Memory (OOM) during forward pass!
2026-05-07 17:55:35,256 - __main__ - ERROR -   Memory at OOM: 43322/44676MB
2026-05-07 17:55:35,508 - __main__ - ERROR -   Batch 333: CUDA Out of Memory (OOM) during forward pass!
2026-05-07 17:55:35,509 - __main__ - ERROR -   Memory at OOM: 43322/44676MB
2026-05-07 17:55:35,769 - __main__ - ERROR -   Batch 334: CUDA Out of Memory (OOM) during forward pass!
2026-05-07 17:55:35,769 - __main__ - ERROR -   Memory at OOM: 43322/44676MB
2026-05-07 17:55:36,030 - __main__ - ERROR -   Batch 335: CUDA Out of Memory (OOM) during forward pass!
2026-05-07 17:55:36,031 - __main__ - ERROR -   Memory at OOM: 43322/44676MB
2026-05-07 17:55:36,285 - __main__ - ERROR -   Batch 336: CUDA Out of Memory (OOM) during forward pass!
2026-05-07 17:55:36,287 - __main__ - ERROR -   Memory at OOM: 43322/44676MB
2026-05-07 17:55:36,543 - __main__ - ERROR -   Batch 337: CUDA Out of Memory (OOM) during forward pass!
2026-05-07 17:55:36,543 - __main__ - ERROR -   Memory at OOM: 43322/44676MB
2026-05-07 17:55:36,799 - __main__ - ERROR -   Batch 338: CUDA Out of Memory (OOM) during forward pass!
2026-05-07 17:55:36,800 - __main__ - ERROR -   Memory at OOM: 43322/44676MB
2026-05-07 17:55:37,054 - __main__ - ERROR -   Batch 339: CUDA Out of Memory (OOM) during forward pass!
2026-05-07 17:55:37,054 - __main__ - ERROR -   Memory at OOM: 43322/44676MB
2026-05-07 17:55:37,312 - __main__ - ERROR -   Batch 340: CUDA Out of Memory (OOM) during forward pass!
2026-05-07 17:55:37,312 - __main__ - ERROR -   Memory at OOM: 43322/44676MB
2026-05-07 17:55:37,569 - __main__ - ERROR -   Batch 341: CUDA Out of Memory (OOM) during forward pass!
2026-05-07 17:55:37,569 - __main__ - ERROR -   Memory at OOM: 43322/44676MB
2026-05-07 17:55:37,825 - __main__ - ERROR -   Batch 342: CUDA Out of Memory (OOM) during forward pass!
2026-05-07 17:55:37,825 - __main__ - ERROR -   Memory at OOM: 43322/44676MB
2026-05-07 17:55:38,084 - __main__ - ERROR -   Batch 343: CUDA Out of Memory (OOM) during forward pass!
2026-05-07 17:55:38,084 - __main__ - ERROR -   Memory at OOM: 43322/44676MB
2026-05-07 17:55:38,343 - __main__ - ERROR -   Batch 344: CUDA Out of Memory (OOM) during forward pass!
2026-05-07 17:55:38,343 - __main__ - ERROR -   Memory at OOM: 43322/44676MB
2026-05-07 17:55:38,605 - __main__ - ERROR -   Batch 345: CUDA Out of Memory (OOM) during forward pass!
2026-05-07 17:55:38,605 - __main__ - ERROR -   Memory at OOM: 43322/44676MB
2026-05-07 17:55:38,863 - __main__ - ERROR -   Batch 346: CUDA Out of Memory (OOM) during forward pass!
2026-05-07 17:55:38,864 - __main__ - ERROR -   Memory at OOM: 43322/44676MB
2026-05-07 17:55:39,123 - __main__ - ERROR -   Batch 347: CUDA Out of Memory (OOM) during forward pass!
2026-05-07 17:55:39,124 - __main__ - ERROR -   Memory at OOM: 43322/44676MB
2026-05-07 17:55:39,384 - __main__ - ERROR -   Batch 348: CUDA Out of Memory (OOM) during forward pass!
2026-05-07 17:55:39,384 - __main__ - ERROR -   Memory at OOM: 43322/44676MB
2026-05-07 17:55:39,643 - __main__ - ERROR -   Batch 349: CUDA Out of Memory (OOM) during forward pass!
2026-05-07 17:55:39,643 - __main__ - ERROR -   Memory at OOM: 43322/44676MB
2026-05-07 17:55:39,903 - __main__ - ERROR -   Batch 350: CUDA Out of Memory (OOM) during forward pass!
2026-05-07 17:55:39,903 - __main__ - ERROR -   Memory at OOM: 43322/44676MB
2026-05-07 17:55:40,163 - __main__ - ERROR -   Batch 351: CUDA Out of Memory (OOM) during forward pass!
2026-05-07 17:55:40,163 - __main__ - ERROR -   Memory at OOM: 43322/44676MB
2026-05-07 17:55:40,423 - __main__ - ERROR -   Batch 352: CUDA Out of Memory (OOM) during forward pass!
2026-05-07 17:55:40,424 - __main__ - ERROR -   Memory at OOM: 43322/44676MB
2026-05-07 17:55:40,683 - __main__ - ERROR -   Batch 353: CUDA Out of Memory (OOM) during forward pass!
2026-05-07 17:55:40,683 - __main__ - ERROR -   Memory at OOM: 43322/44676MB
2026-05-07 17:55:40,943 - __main__ - ERROR -   Batch 354: CUDA Out of Memory (OOM) during forward pass!
2026-05-07 17:55:40,943 - __main__ - ERROR -   Memory at OOM: 43322/44676MB
2026-05-07 17:55:41,202 - __main__ - ERROR -   Batch 355: CUDA Out of Memory (OOM) during forward pass!
2026-05-07 17:55:41,204 - __main__ - ERROR -   Memory at OOM: 43322/44676MB
2026-05-07 17:55:41,465 - __main__ - ERROR -   Batch 356: CUDA Out of Memory (OOM) during forward pass!
2026-05-07 17:55:41,466 - __main__ - ERROR -   Memory at OOM: 43322/44676MB
2026-05-07 17:55:41,723 - __main__ - ERROR -   Batch 357: CUDA Out of Memory (OOM) during forward pass!
2026-05-07 17:55:41,723 - __main__ - ERROR -   Memory at OOM: 43322/44676MB
2026-05-07 17:55:41,981 - __main__ - ERROR -   Batch 358: CUDA Out of Memory (OOM) during forward pass!
2026-05-07 17:55:41,982 - __main__ - ERROR -   Memory at OOM: 43322/44676MB
2026-05-07 17:55:42,242 - __main__ - ERROR -   Batch 359: CUDA Out of Memory (OOM) during forward pass!
2026-05-07 17:55:42,243 - __main__ - ERROR -   Memory at OOM: 43322/44676MB
2026-05-07 17:55:42,502 - __main__ - ERROR -   Batch 360: CUDA Out of Memory (OOM) during forward pass!
2026-05-07 17:55:42,503 - __main__ - ERROR -   Memory at OOM: 43322/44676MB
2026-05-07 17:55:42,761 - __main__ - ERROR -   Batch 361: CUDA Out of Memory (OOM) during forward pass!
2026-05-07 17:55:42,761 - __main__ - ERROR -   Memory at OOM: 43322/44676MB
2026-05-07 17:55:43,021 - __main__ - ERROR -   Batch 362: CUDA Out of Memory (OOM) during forward pass!
2026-05-07 17:55:43,022 - __main__ - ERROR -   Memory at OOM: 43322/44676MB
2026-05-07 17:55:43,282 - __main__ - ERROR -   Batch 363: CUDA Out of Memory (OOM) during forward pass!
2026-05-07 17:55:43,283 - __main__ - ERROR -   Memory at OOM: 43322/44676MB
2026-05-07 17:55:43,542 - __main__ - ERROR -   Batch 364: CUDA Out of Memory (OOM) during forward pass!
2026-05-07 17:55:43,542 - __main__ - ERROR -   Memory at OOM: 43322/44676MB
2026-05-07 17:55:43,802 - __main__ - ERROR -   Batch 365: CUDA Out of Memory (OOM) during forward pass!
2026-05-07 17:55:43,803 - __main__ - ERROR -   Memory at OOM: 43322/44676MB
2026-05-07 17:55:44,061 - __main__ - ERROR -   Batch 366: CUDA Out of Memory (OOM) during forward pass!
2026-05-07 17:55:44,062 - __main__ - ERROR -   Memory at OOM: 43322/44676MB
2026-05-07 17:55:44,324 - __main__ - ERROR -   Batch 367: CUDA Out of Memory (OOM) during forward pass!
2026-05-07 17:55:44,325 - __main__ - ERROR -   Memory at OOM: 43322/44676MB
2026-05-07 17:55:44,581 - __main__ - ERROR -   Batch 368: CUDA Out of Memory (OOM) during forward pass!
2026-05-07 17:55:44,582 - __main__ - ERROR -   Memory at OOM: 43322/44676MB
2026-05-07 17:55:44,840 - __main__ - ERROR -   Batch 369: CUDA Out of Memory (OOM) during forward pass!
2026-05-07 17:55:44,841 - __main__ - ERROR -   Memory at OOM: 43322/44676MB
2026-05-07 17:55:45,101 - __main__ - ERROR -   Batch 370: CUDA Out of Memory (OOM) during forward pass!
2026-05-07 17:55:45,101 - __main__ - ERROR -   Memory at OOM: 43322/44676MB
2026-05-07 17:55:45,363 - __main__ - ERROR -   Batch 371: CUDA Out of Memory (OOM) during forward pass!
2026-05-07 17:55:45,363 - __main__ - ERROR -   Memory at OOM: 43322/44676MB
2026-05-07 17:55:45,620 - __main__ - ERROR -   Batch 372: CUDA Out of Memory (OOM) during forward pass!
2026-05-07 17:55:45,621 - __main__ - ERROR -   Memory at OOM: 43322/44676MB
2026-05-07 17:55:45,878 - __main__ - ERROR -   Batch 373: CUDA Out of Memory (OOM) during forward pass!
2026-05-07 17:55:45,878 - __main__ - ERROR -   Memory at OOM: 43322/44676MB
2026-05-07 17:55:46,131 - __main__ - ERROR -   Batch 374: CUDA Out of Memory (OOM) during forward pass!
2026-05-07 17:55:46,132 - __main__ - ERROR -   Memory at OOM: 43322/44676MB
2026-05-07 17:55:46,387 - __main__ - ERROR -   Batch 375: CUDA Out of Memory (OOM) during forward pass!
2026-05-07 17:55:46,388 - __main__ - ERROR -   Memory at OOM: 43322/44676MB
2026-05-07 17:55:46,642 - __main__ - ERROR -   Batch 376: CUDA Out of Memory (OOM) during forward pass!
2026-05-07 17:55:46,643 - __main__ - ERROR -   Memory at OOM: 43322/44676MB
2026-05-07 17:55:46,903 - __main__ - ERROR -   Batch 377: CUDA Out of Memory (OOM) during forward pass!
2026-05-07 17:55:46,904 - __main__ - ERROR -   Memory at OOM: 43322/44676MB
2026-05-07 17:55:47,164 - __main__ - ERROR -   Batch 378: CUDA Out of Memory (OOM) during forward pass!
2026-05-07 17:55:47,164 - __main__ - ERROR -   Memory at OOM: 43322/44676MB
2026-05-07 17:55:47,421 - __main__ - ERROR -   Batch 379: CUDA Out of Memory (OOM) during forward pass!
2026-05-07 17:55:47,422 - __main__ - ERROR -   Memory at OOM: 43322/44676MB
2026-05-07 17:55:47,679 - __main__ - ERROR -   Batch 380: CUDA Out of Memory (OOM) during forward pass!
2026-05-07 17:55:47,680 - __main__ - ERROR -   Memory at OOM: 43322/44676MB
2026-05-07 17:55:47,942 - __main__ - ERROR -   Batch 381: CUDA Out of Memory (OOM) during forward pass!
2026-05-07 17:55:47,942 - __main__ - ERROR -   Memory at OOM: 43322/44676MB
2026-05-07 17:55:48,201 - __main__ - ERROR -   Batch 382: CUDA Out of Memory (OOM) during forward pass!
2026-05-07 17:55:48,201 - __main__ - ERROR -   Memory at OOM: 43322/44676MB
2026-05-07 17:55:48,461 - __main__ - ERROR -   Batch 383: CUDA Out of Memory (OOM) during forward pass!
2026-05-07 17:55:48,461 - __main__ - ERROR -   Memory at OOM: 43322/44676MB
2026-05-07 17:55:48,719 - __main__ - ERROR -   Batch 384: CUDA Out of Memory (OOM) during forward pass!
2026-05-07 17:55:48,721 - __main__ - ERROR -   Memory at OOM: 43322/44676MB
2026-05-07 17:55:48,982 - __main__ - ERROR -   Batch 385: CUDA Out of Memory (OOM) during forward pass!
2026-05-07 17:55:48,982 - __main__ - ERROR -   Memory at OOM: 43322/44676MB
2026-05-07 17:55:49,240 - __main__ - ERROR -   Batch 386: CUDA Out of Memory (OOM) during forward pass!
2026-05-07 17:55:49,240 - __main__ - ERROR -   Memory at OOM: 43322/44676MB
2026-05-07 17:55:49,500 - __main__ - ERROR -   Batch 387: CUDA Out of Memory (OOM) during forward pass!
2026-05-07 17:55:49,501 - __main__ - ERROR -   Memory at OOM: 43322/44676MB
2026-05-07 17:55:49,759 - __main__ - ERROR -   Batch 388: CUDA Out of Memory (OOM) during forward pass!
2026-05-07 17:55:49,760 - __main__ - ERROR -   Memory at OOM: 43322/44676MB
2026-05-07 17:55:50,021 - __main__ - ERROR -   Batch 389: CUDA Out of Memory (OOM) during forward pass!
2026-05-07 17:55:50,022 - __main__ - ERROR -   Memory at OOM: 43322/44676MB
2026-05-07 17:55:50,281 - __main__ - ERROR -   Batch 390: CUDA Out of Memory (OOM) during forward pass!
2026-05-07 17:55:50,282 - __main__ - ERROR -   Memory at OOM: 43322/44676MB
2026-05-07 17:55:50,540 - __main__ - ERROR -   Batch 391: CUDA Out of Memory (OOM) during forward pass!
2026-05-07 17:55:50,540 - __main__ - ERROR -   Memory at OOM: 43322/44676MB
2026-05-07 17:55:50,798 - __main__ - ERROR -   Batch 392: CUDA Out of Memory (OOM) during forward pass!
2026-05-07 17:55:50,798 - __main__ - ERROR -   Memory at OOM: 43322/44676MB
2026-05-07 17:55:51,059 - __main__ - ERROR -   Batch 393: CUDA Out of Memory (OOM) during forward pass!
2026-05-07 17:55:51,060 - __main__ - ERROR -   Memory at OOM: 43322/44676MB
2026-05-07 17:55:51,319 - __main__ - ERROR -   Batch 394: CUDA Out of Memory (OOM) during forward pass!
2026-05-07 17:55:51,321 - __main__ - ERROR -   Memory at OOM: 43322/44676MB
2026-05-07 17:55:51,579 - __main__ - ERROR -   Batch 395: CUDA Out of Memory (OOM) during forward pass!
2026-05-07 17:55:51,579 - __main__ - ERROR -   Memory at OOM: 43322/44676MB
2026-05-07 17:55:51,834 - __main__ - ERROR -   Batch 396: CUDA Out of Memory (OOM) during forward pass!
2026-05-07 17:55:51,835 - __main__ - ERROR -   Memory at OOM: 43322/44676MB
2026-05-07 17:55:52,089 - __main__ - ERROR -   Batch 397: CUDA Out of Memory (OOM) during forward pass!
2026-05-07 17:55:52,089 - __main__ - ERROR -   Memory at OOM: 43322/44676MB
2026-05-07 17:55:52,344 - __main__ - ERROR -   Batch 398: CUDA Out of Memory (OOM) during forward pass!
2026-05-07 17:55:52,345 - __main__ - ERROR -   Memory at OOM: 43322/44676MB
2026-05-07 17:55:52,601 - __main__ - ERROR -   Batch 399: CUDA Out of Memory (OOM) during forward pass!
2026-05-07 17:55:52,602 - __main__ - ERROR -   Memory at OOM: 43322/44676MB
2026-05-07 17:55:52,861 - __main__ - ERROR -   Batch 400: CUDA Out of Memory (OOM) during forward pass!
2026-05-07 17:55:52,861 - __main__ - ERROR -   Memory at OOM: 43322/44676MB
2026-05-07 17:55:53,120 - __main__ - ERROR -   Batch 401: CUDA Out of Memory (OOM) during forward pass!
2026-05-07 17:55:53,121 - __main__ - ERROR -   Memory at OOM: 43322/44676MB
2026-05-07 17:55:53,379 - __main__ - ERROR -   Batch 402: CUDA Out of Memory (OOM) during forward pass!
2026-05-07 17:55:53,379 - __main__ - ERROR -   Memory at OOM: 43322/44676MB
2026-05-07 17:55:53,638 - __main__ - ERROR -   Batch 403: CUDA Out of Memory (OOM) during forward pass!
2026-05-07 17:55:53,640 - __main__ - ERROR -   Memory at OOM: 43322/44676MB
2026-05-07 17:55:53,899 - __main__ - ERROR -   Batch 404: CUDA Out of Memory (OOM) during forward pass!
2026-05-07 17:55:53,899 - __main__ - ERROR -   Memory at OOM: 43322/44676MB
2026-05-07 17:55:54,158 - __main__ - ERROR -   Batch 405: CUDA Out of Memory (OOM) during forward pass!
2026-05-07 17:55:54,159 - __main__ - ERROR -   Memory at OOM: 43322/44676MB
2026-05-07 17:55:54,418 - __main__ - ERROR -   Batch 406: CUDA Out of Memory (OOM) during forward pass!
2026-05-07 17:55:54,418 - __main__ - ERROR -   Memory at OOM: 43322/44676MB
2026-05-07 17:55:54,674 - __main__ - ERROR -   Batch 407: CUDA Out of Memory (OOM) during forward pass!
2026-05-07 17:55:54,674 - __main__ - ERROR -   Memory at OOM: 43322/44676MB
2026-05-07 17:55:54,928 - __main__ - ERROR -   Batch 408: CUDA Out of Memory (OOM) during forward pass!
2026-05-07 17:55:54,929 - __main__ - ERROR -   Memory at OOM: 43322/44676MB
2026-05-07 17:55:55,183 - __main__ - ERROR -   Batch 409: CUDA Out of Memory (OOM) during forward pass!
2026-05-07 17:55:55,183 - __main__ - ERROR -   Memory at OOM: 43322/44676MB
2026-05-07 17:55:55,438 - __main__ - ERROR -   Batch 410: CUDA Out of Memory (OOM) during forward pass!
2026-05-07 17:55:55,438 - __main__ - ERROR -   Memory at OOM: 43322/44676MB
2026-05-07 17:55:55,701 - __main__ - ERROR -   Batch 411: CUDA Out of Memory (OOM) during forward pass!
2026-05-07 17:55:55,701 - __main__ - ERROR -   Memory at OOM: 43322/44676MB
2026-05-07 17:55:55,960 - __main__ - ERROR -   Batch 412: CUDA Out of Memory (OOM) during forward pass!
2026-05-07 17:55:55,961 - __main__ - ERROR -   Memory at OOM: 43322/44676MB
2026-05-07 17:55:56,217 - __main__ - ERROR -   Batch 413: CUDA Out of Memory (OOM) during forward pass!
2026-05-07 17:55:56,218 - __main__ - ERROR -   Memory at OOM: 43322/44676MB
2026-05-07 17:55:56,475 - __main__ - ERROR -   Batch 414: CUDA Out of Memory (OOM) during forward pass!
2026-05-07 17:55:56,475 - __main__ - ERROR -   Memory at OOM: 43322/44676MB
2026-05-07 17:55:56,729 - __main__ - ERROR -   Batch 415: CUDA Out of Memory (OOM) during forward pass!
2026-05-07 17:55:56,730 - __main__ - ERROR -   Memory at OOM: 43322/44676MB
2026-05-07 17:55:56,984 - __main__ - ERROR -   Batch 416: CUDA Out of Memory (OOM) during forward pass!
2026-05-07 17:55:56,985 - __main__ - ERROR -   Memory at OOM: 43322/44676MB
2026-05-07 17:55:57,238 - __main__ - ERROR -   Batch 417: CUDA Out of Memory (OOM) during forward pass!
2026-05-07 17:55:57,238 - __main__ - ERROR -   Memory at OOM: 43322/44676MB
2026-05-07 17:55:57,500 - __main__ - ERROR -   Batch 418: CUDA Out of Memory (OOM) during forward pass!
2026-05-07 17:55:57,500 - __main__ - ERROR -   Memory at OOM: 43322/44676MB
2026-05-07 17:55:57,760 - __main__ - ERROR -   Batch 419: CUDA Out of Memory (OOM) during forward pass!
2026-05-07 17:55:57,760 - __main__ - ERROR -   Memory at OOM: 43322/44676MB
2026-05-07 17:55:58,016 - __main__ - ERROR -   Batch 420: CUDA Out of Memory (OOM) during forward pass!
2026-05-07 17:55:58,017 - __main__ - ERROR -   Memory at OOM: 43322/44676MB
2026-05-07 17:55:58,270 - __main__ - ERROR -   Batch 421: CUDA Out of Memory (OOM) during forward pass!
2026-05-07 17:55:58,270 - __main__ - ERROR -   Memory at OOM: 43322/44676MB
2026-05-07 17:55:58,525 - __main__ - ERROR -   Batch 422: CUDA Out of Memory (OOM) during forward pass!
2026-05-07 17:55:58,526 - __main__ - ERROR -   Memory at OOM: 43322/44676MB
2026-05-07 17:55:58,785 - __main__ - ERROR -   Batch 423: CUDA Out of Memory (OOM) during forward pass!
2026-05-07 17:55:58,787 - __main__ - ERROR -   Memory at OOM: 43322/44676MB
2026-05-07 17:55:59,040 - __main__ - ERROR -   Batch 424: CUDA Out of Memory (OOM) during forward pass!
2026-05-07 17:55:59,041 - __main__ - ERROR -   Memory at OOM: 43322/44676MB
2026-05-07 17:55:59,300 - __main__ - ERROR -   Batch 425: CUDA Out of Memory (OOM) during forward pass!
2026-05-07 17:55:59,300 - __main__ - ERROR -   Memory at OOM: 43322/44676MB
2026-05-07 17:55:59,557 - __main__ - ERROR -   Batch 426: CUDA Out of Memory (OOM) during forward pass!
2026-05-07 17:55:59,557 - __main__ - ERROR -   Memory at OOM: 43322/44676MB
2026-05-07 17:55:59,818 - __main__ - ERROR -   Batch 427: CUDA Out of Memory (OOM) during forward pass!
2026-05-07 17:55:59,818 - __main__ - ERROR -   Memory at OOM: 43322/44676MB
2026-05-07 17:56:00,076 - __main__ - ERROR -   Batch 428: CUDA Out of Memory (OOM) during forward pass!
2026-05-07 17:56:00,077 - __main__ - ERROR -   Memory at OOM: 43322/44676MB
2026-05-07 17:56:00,337 - __main__ - ERROR -   Batch 429: CUDA Out of Memory (OOM) during forward pass!
2026-05-07 17:56:00,338 - __main__ - ERROR -   Memory at OOM: 43322/44676MB
2026-05-07 17:56:00,596 - __main__ - ERROR -   Batch 430: CUDA Out of Memory (OOM) during forward pass!
2026-05-07 17:56:00,597 - __main__ - ERROR -   Memory at OOM: 43322/44676MB
2026-05-07 17:56:00,857 - __main__ - ERROR -   Batch 431: CUDA Out of Memory (OOM) during forward pass!
2026-05-07 17:56:00,858 - __main__ - ERROR -   Memory at OOM: 43322/44676MB
2026-05-07 17:56:01,116 - __main__ - ERROR -   Batch 432: CUDA Out of Memory (OOM) during forward pass!
2026-05-07 17:56:01,117 - __main__ - ERROR -   Memory at OOM: 43322/44676MB
2026-05-07 17:56:01,378 - __main__ - ERROR -   Batch 433: CUDA Out of Memory (OOM) during forward pass!
2026-05-07 17:56:01,379 - __main__ - ERROR -   Memory at OOM: 43322/44676MB
2026-05-07 17:56:01,638 - __main__ - ERROR -   Batch 434: CUDA Out of Memory (OOM) during forward pass!
2026-05-07 17:56:01,639 - __main__ - ERROR -   Memory at OOM: 43322/44676MB
2026-05-07 17:56:01,898 - __main__ - ERROR -   Batch 435: CUDA Out of Memory (OOM) during forward pass!
2026-05-07 17:56:01,898 - __main__ - ERROR -   Memory at OOM: 43322/44676MB
2026-05-07 17:56:02,156 - __main__ - ERROR -   Batch 436: CUDA Out of Memory (OOM) during forward pass!
2026-05-07 17:56:02,156 - __main__ - ERROR -   Memory at OOM: 43322/44676MB
2026-05-07 17:56:02,416 - __main__ - ERROR -   Batch 437: CUDA Out of Memory (OOM) during forward pass!
2026-05-07 17:56:02,417 - __main__ - ERROR -   Memory at OOM: 43322/44676MB
2026-05-07 17:56:02,676 - __main__ - ERROR -   Batch 438: CUDA Out of Memory (OOM) during forward pass!
2026-05-07 17:56:02,676 - __main__ - ERROR -   Memory at OOM: 43322/44676MB
2026-05-07 17:56:02,936 - __main__ - ERROR -   Batch 439: CUDA Out of Memory (OOM) during forward pass!
2026-05-07 17:56:02,937 - __main__ - ERROR -   Memory at OOM: 43322/44676MB
2026-05-07 17:56:03,195 - __main__ - ERROR -   Batch 440: CUDA Out of Memory (OOM) during forward pass!
2026-05-07 17:56:03,195 - __main__ - ERROR -   Memory at OOM: 43322/44676MB
2026-05-07 17:56:03,457 - __main__ - ERROR -   Batch 441: CUDA Out of Memory (OOM) during forward pass!
2026-05-07 17:56:03,457 - __main__ - ERROR -   Memory at OOM: 43322/44676MB
2026-05-07 17:56:03,715 - __main__ - ERROR -   Batch 442: CUDA Out of Memory (OOM) during forward pass!
2026-05-07 17:56:03,716 - __main__ - ERROR -   Memory at OOM: 43322/44676MB
2026-05-07 17:56:03,976 - __main__ - ERROR -   Batch 443: CUDA Out of Memory (OOM) during forward pass!
2026-05-07 17:56:03,976 - __main__ - ERROR -   Memory at OOM: 43322/44676MB
2026-05-07 17:56:04,235 - __main__ - ERROR -   Batch 444: CUDA Out of Memory (OOM) during forward pass!
2026-05-07 17:56:04,235 - __main__ - ERROR -   Memory at OOM: 43322/44676MB
2026-05-07 17:56:04,498 - __main__ - ERROR -   Batch 445: CUDA Out of Memory (OOM) during forward pass!
2026-05-07 17:56:04,498 - __main__ - ERROR -   Memory at OOM: 43322/44676MB
2026-05-07 17:56:04,755 - __main__ - ERROR -   Batch 446: CUDA Out of Memory (OOM) during forward pass!
2026-05-07 17:56:04,756 - __main__ - ERROR -   Memory at OOM: 43322/44676MB
2026-05-07 17:56:05,015 - __main__ - ERROR -   Batch 447: CUDA Out of Memory (OOM) during forward pass!
2026-05-07 17:56:05,016 - __main__ - ERROR -   Memory at OOM: 43322/44676MB
2026-05-07 17:56:05,274 - __main__ - ERROR -   Batch 448: CUDA Out of Memory (OOM) during forward pass!
2026-05-07 17:56:05,275 - __main__ - ERROR -   Memory at OOM: 43322/44676MB
2026-05-07 17:56:05,536 - __main__ - ERROR -   Batch 449: CUDA Out of Memory (OOM) during forward pass!
2026-05-07 17:56:05,537 - __main__ - ERROR -   Memory at OOM: 43322/44676MB
2026-05-07 17:56:05,795 - __main__ - ERROR -   Batch 450: CUDA Out of Memory (OOM) during forward pass!
2026-05-07 17:56:05,795 - __main__ - ERROR -   Memory at OOM: 43322/44676MB
2026-05-07 17:56:06,055 - __main__ - ERROR -   Batch 451: CUDA Out of Memory (OOM) during forward pass!
2026-05-07 17:56:06,057 - __main__ - ERROR -   Memory at OOM: 43322/44676MB
2026-05-07 17:56:06,313 - __main__ - ERROR -   Batch 452: CUDA Out of Memory (OOM) during forward pass!
2026-05-07 17:56:06,314 - __main__ - ERROR -   Memory at OOM: 43322/44676MB
2026-05-07 17:56:06,571 - __main__ - ERROR -   Batch 453: CUDA Out of Memory (OOM) during forward pass!
2026-05-07 17:56:06,572 - __main__ - ERROR -   Memory at OOM: 43322/44676MB
2026-05-07 17:56:06,824 - __main__ - ERROR -   Batch 454: CUDA Out of Memory (OOM) during forward pass!
2026-05-07 17:56:06,825 - __main__ - ERROR -   Memory at OOM: 43322/44676MB
2026-05-07 17:56:07,079 - __main__ - ERROR -   Batch 455: CUDA Out of Memory (OOM) during forward pass!
2026-05-07 17:56:07,079 - __main__ - ERROR -   Memory at OOM: 43322/44676MB
2026-05-07 17:56:07,338 - __main__ - ERROR -   Batch 456: CUDA Out of Memory (OOM) during forward pass!
2026-05-07 17:56:07,339 - __main__ - ERROR -   Memory at OOM: 43322/44676MB
2026-05-07 17:56:07,597 - __main__ - ERROR -   Batch 457: CUDA Out of Memory (OOM) during forward pass!
2026-05-07 17:56:07,598 - __main__ - ERROR -   Memory at OOM: 43322/44676MB
2026-05-07 17:56:07,854 - __main__ - ERROR -   Batch 458: CUDA Out of Memory (OOM) during forward pass!
2026-05-07 17:56:07,855 - __main__ - ERROR -   Memory at OOM: 43322/44676MB
2026-05-07 17:56:08,114 - __main__ - ERROR -   Batch 459: CUDA Out of Memory (OOM) during forward pass!
2026-05-07 17:56:08,114 - __main__ - ERROR -   Memory at OOM: 43322/44676MB
2026-05-07 17:56:08,374 - __main__ - ERROR -   Batch 460: CUDA Out of Memory (OOM) during forward pass!
2026-05-07 17:56:08,375 - __main__ - ERROR -   Memory at OOM: 43322/44676MB
2026-05-07 17:56:08,636 - __main__ - ERROR -   Batch 461: CUDA Out of Memory (OOM) during forward pass!
2026-05-07 17:56:08,637 - __main__ - ERROR -   Memory at OOM: 43322/44676MB
2026-05-07 17:56:08,894 - __main__ - ERROR -   Batch 462: CUDA Out of Memory (OOM) during forward pass!
2026-05-07 17:56:08,894 - __main__ - ERROR -   Memory at OOM: 43322/44676MB
2026-05-07 17:56:09,152 - __main__ - ERROR -   Batch 463: CUDA Out of Memory (OOM) during forward pass!
2026-05-07 17:56:09,153 - __main__ - ERROR -   Memory at OOM: 43322/44676MB
2026-05-07 17:56:09,413 - __main__ - ERROR -   Batch 464: CUDA Out of Memory (OOM) during forward pass!
2026-05-07 17:56:09,414 - __main__ - ERROR -   Memory at OOM: 43322/44676MB
2026-05-07 17:56:09,675 - __main__ - ERROR -   Batch 465: CUDA Out of Memory (OOM) during forward pass!
2026-05-07 17:56:09,675 - __main__ - ERROR -   Memory at OOM: 43322/44676MB
2026-05-07 17:56:09,933 - __main__ - ERROR -   Batch 466: CUDA Out of Memory (OOM) during forward pass!
2026-05-07 17:56:09,934 - __main__ - ERROR -   Memory at OOM: 43322/44676MB
2026-05-07 17:56:10,194 - __main__ - ERROR -   Batch 467: CUDA Out of Memory (OOM) during forward pass!
2026-05-07 17:56:10,195 - __main__ - ERROR -   Memory at OOM: 43322/44676MB
2026-05-07 17:56:10,456 - __main__ - ERROR -   Batch 468: CUDA Out of Memory (OOM) during forward pass!
2026-05-07 17:56:10,456 - __main__ - ERROR -   Memory at OOM: 43322/44676MB
2026-05-07 17:56:10,719 - __main__ - ERROR -   Batch 469: CUDA Out of Memory (OOM) during forward pass!
2026-05-07 17:56:10,720 - __main__ - ERROR -   Memory at OOM: 43322/44676MB
2026-05-07 17:56:10,972 - __main__ - ERROR -   Batch 470: CUDA Out of Memory (OOM) during forward pass!
2026-05-07 17:56:10,973 - __main__ - ERROR -   Memory at OOM: 43322/44676MB
2026-05-07 17:56:11,226 - __main__ - ERROR -   Batch 471: CUDA Out of Memory (OOM) during forward pass!
2026-05-07 17:56:11,227 - __main__ - ERROR -   Memory at OOM: 43322/44676MB
2026-05-07 17:56:11,484 - __main__ - ERROR -   Batch 472: CUDA Out of Memory (OOM) during forward pass!
2026-05-07 17:56:11,485 - __main__ - ERROR -   Memory at OOM: 43322/44676MB
2026-05-07 17:56:11,738 - __main__ - ERROR -   Batch 473: CUDA Out of Memory (OOM) during forward pass!
2026-05-07 17:56:11,739 - __main__ - ERROR -   Memory at OOM: 43322/44676MB
2026-05-07 17:56:11,994 - __main__ - ERROR -   Batch 474: CUDA Out of Memory (OOM) during forward pass!
2026-05-07 17:56:11,995 - __main__ - ERROR -   Memory at OOM: 43322/44676MB
2026-05-07 17:56:12,255 - __main__ - ERROR -   Batch 475: CUDA Out of Memory (OOM) during forward pass!
2026-05-07 17:56:12,255 - __main__ - ERROR -   Memory at OOM: 43322/44676MB
2026-05-07 17:56:12,515 - __main__ - ERROR -   Batch 476: CUDA Out of Memory (OOM) during forward pass!
2026-05-07 17:56:12,515 - __main__ - ERROR -   Memory at OOM: 43322/44676MB
2026-05-07 17:56:12,773 - __main__ - ERROR -   Batch 477: CUDA Out of Memory (OOM) during forward pass!
2026-05-07 17:56:12,773 - __main__ - ERROR -   Memory at OOM: 43322/44676MB
2026-05-07 17:56:13,032 - __main__ - ERROR -   Batch 478: CUDA Out of Memory (OOM) during forward pass!
2026-05-07 17:56:13,032 - __main__ - ERROR -   Memory at OOM: 43322/44676MB
2026-05-07 17:56:13,295 - __main__ - ERROR -   Batch 479: CUDA Out of Memory (OOM) during forward pass!
2026-05-07 17:56:13,296 - __main__ - ERROR -   Memory at OOM: 43322/44676MB
2026-05-07 17:56:13,554 - __main__ - ERROR -   Batch 480: CUDA Out of Memory (OOM) during forward pass!
2026-05-07 17:56:13,555 - __main__ - ERROR -   Memory at OOM: 43322/44676MB
2026-05-07 17:56:13,812 - __main__ - ERROR -   Batch 481: CUDA Out of Memory (OOM) during forward pass!
2026-05-07 17:56:13,813 - __main__ - ERROR -   Memory at OOM: 43322/44676MB
2026-05-07 17:56:14,072 - __main__ - ERROR -   Batch 482: CUDA Out of Memory (OOM) during forward pass!
2026-05-07 17:56:14,073 - __main__ - ERROR -   Memory at OOM: 43322/44676MB
2026-05-07 17:56:14,334 - __main__ - ERROR -   Batch 483: CUDA Out of Memory (OOM) during forward pass!
2026-05-07 17:56:14,334 - __main__ - ERROR -   Memory at OOM: 43322/44676MB
2026-05-07 17:56:14,597 - __main__ - ERROR -   Batch 484: CUDA Out of Memory (OOM) during forward pass!
2026-05-07 17:56:14,597 - __main__ - ERROR -   Memory at OOM: 43322/44676MB
2026-05-07 17:56:14,851 - __main__ - ERROR -   Batch 485: CUDA Out of Memory (OOM) during forward pass!
2026-05-07 17:56:14,852 - __main__ - ERROR -   Memory at OOM: 43322/44676MB
2026-05-07 17:56:15,112 - __main__ - ERROR -   Batch 486: CUDA Out of Memory (OOM) during forward pass!
2026-05-07 17:56:15,112 - __main__ - ERROR -   Memory at OOM: 43322/44676MB
2026-05-07 17:56:15,373 - __main__ - ERROR -   Batch 487: CUDA Out of Memory (OOM) during forward pass!
2026-05-07 17:56:15,373 - __main__ - ERROR -   Memory at OOM: 43322/44676MB
2026-05-07 17:56:15,632 - __main__ - ERROR -   Batch 488: CUDA Out of Memory (OOM) during forward pass!
2026-05-07 17:56:15,632 - __main__ - ERROR -   Memory at OOM: 43322/44676MB
2026-05-07 17:56:15,891 - __main__ - ERROR -   Batch 489: CUDA Out of Memory (OOM) during forward pass!
2026-05-07 17:56:15,892 - __main__ - ERROR -   Memory at OOM: 43322/44676MB
2026-05-07 17:56:16,154 - __main__ - ERROR -   Batch 490: CUDA Out of Memory (OOM) during forward pass!
2026-05-07 17:56:16,155 - __main__ - ERROR -   Memory at OOM: 43322/44676MB
2026-05-07 17:56:16,412 - __main__ - ERROR -   Batch 491: CUDA Out of Memory (OOM) during forward pass!
2026-05-07 17:56:16,413 - __main__ - ERROR -   Memory at OOM: 43322/44676MB
2026-05-07 17:56:16,672 - __main__ - ERROR -   Batch 492: CUDA Out of Memory (OOM) during forward pass!
2026-05-07 17:56:16,673 - __main__ - ERROR -   Memory at OOM: 43322/44676MB
2026-05-07 17:56:16,931 - __main__ - ERROR -   Batch 493: CUDA Out of Memory (OOM) during forward pass!
2026-05-07 17:56:16,931 - __main__ - ERROR -   Memory at OOM: 43322/44676MB
2026-05-07 17:56:17,184 - __main__ - ERROR -   Batch 494: CUDA Out of Memory (OOM) during forward pass!
2026-05-07 17:56:17,185 - __main__ - ERROR -   Memory at OOM: 43322/44676MB
2026-05-07 17:56:17,440 - __main__ - ERROR -   Batch 495: CUDA Out of Memory (OOM) during forward pass!
2026-05-07 17:56:17,441 - __main__ - ERROR -   Memory at OOM: 43322/44676MB
2026-05-07 17:56:17,695 - __main__ - ERROR -   Batch 496: CUDA Out of Memory (OOM) during forward pass!
2026-05-07 17:56:17,696 - __main__ - ERROR -   Memory at OOM: 43322/44676MB
2026-05-07 17:56:17,953 - __main__ - ERROR -   Batch 497: CUDA Out of Memory (OOM) during forward pass!
2026-05-07 17:56:17,953 - __main__ - ERROR -   Memory at OOM: 43322/44676MB
2026-05-07 17:56:18,213 - __main__ - ERROR -   Batch 498: CUDA Out of Memory (OOM) during forward pass!
2026-05-07 17:56:18,213 - __main__ - ERROR -   Memory at OOM: 43322/44676MB
2026-05-07 17:56:18,472 - __main__ - ERROR -   Batch 499: CUDA Out of Memory (OOM) during forward pass!
2026-05-07 17:56:18,473 - __main__ - ERROR -   Memory at OOM: 43322/44676MB
2026-05-07 17:56:18,730 - __main__ - ERROR -   Batch 500: CUDA Out of Memory (OOM) during forward pass!
2026-05-07 17:56:18,730 - __main__ - ERROR -   Memory at OOM: 43322/44676MB
2026-05-07 17:56:18,992 - __main__ - ERROR -   Batch 501: CUDA Out of Memory (OOM) during forward pass!
2026-05-07 17:56:18,993 - __main__ - ERROR -   Memory at OOM: 43322/44676MB
2026-05-07 17:56:19,252 - __main__ - ERROR -   Batch 502: CUDA Out of Memory (OOM) during forward pass!
2026-05-07 17:56:19,253 - __main__ - ERROR -   Memory at OOM: 43322/44676MB
2026-05-07 17:56:19,511 - __main__ - ERROR -   Batch 503: CUDA Out of Memory (OOM) during forward pass!
2026-05-07 17:56:19,512 - __main__ - ERROR -   Memory at OOM: 43322/44676MB
2026-05-07 17:56:19,769 - __main__ - ERROR -   Batch 504: CUDA Out of Memory (OOM) during forward pass!
2026-05-07 17:56:19,769 - __main__ - ERROR -   Memory at OOM: 43322/44676MB
2026-05-07 17:56:20,026 - __main__ - ERROR -   Batch 505: CUDA Out of Memory (OOM) during forward pass!
2026-05-07 17:56:20,027 - __main__ - ERROR -   Memory at OOM: 43322/44676MB
2026-05-07 17:56:20,282 - __main__ - ERROR -   Batch 506: CUDA Out of Memory (OOM) during forward pass!
2026-05-07 17:56:20,282 - __main__ - ERROR -   Memory at OOM: 43322/44676MB
2026-05-07 17:56:20,536 - __main__ - ERROR -   Batch 507: CUDA Out of Memory (OOM) during forward pass!
2026-05-07 17:56:20,536 - __main__ - ERROR -   Memory at OOM: 43322/44676MB
2026-05-07 17:56:20,790 - __main__ - ERROR -   Batch 508: CUDA Out of Memory (OOM) during forward pass!
2026-05-07 17:56:20,791 - __main__ - ERROR -   Memory at OOM: 43322/44676MB
2026-05-07 17:56:21,053 - __main__ - ERROR -   Batch 509: CUDA Out of Memory (OOM) during forward pass!
2026-05-07 17:56:21,054 - __main__ - ERROR -   Memory at OOM: 43322/44676MB
2026-05-07 17:56:21,312 - __main__ - ERROR -   Batch 510: CUDA Out of Memory (OOM) during forward pass!
2026-05-07 17:56:21,312 - __main__ - ERROR -   Memory at OOM: 43322/44676MB
2026-05-07 17:56:21,571 - __main__ - ERROR -   Batch 511: CUDA Out of Memory (OOM) during forward pass!
2026-05-07 17:56:21,572 - __main__ - ERROR -   Memory at OOM: 43322/44676MB
2026-05-07 17:56:21,831 - __main__ - ERROR -   Batch 512: CUDA Out of Memory (OOM) during forward pass!
2026-05-07 17:56:21,831 - __main__ - ERROR -   Memory at OOM: 43322/44676MB
2026-05-07 17:56:22,092 - __main__ - ERROR -   Batch 513: CUDA Out of Memory (OOM) during forward pass!
2026-05-07 17:56:22,093 - __main__ - ERROR -   Memory at OOM: 43322/44676MB
2026-05-07 17:56:22,350 - __main__ - ERROR -   Batch 514: CUDA Out of Memory (OOM) during forward pass!
2026-05-07 17:56:22,350 - __main__ - ERROR -   Memory at OOM: 43322/44676MB
2026-05-07 17:56:22,610 - __main__ - ERROR -   Batch 515: CUDA Out of Memory (OOM) during forward pass!
2026-05-07 17:56:22,610 - __main__ - ERROR -   Memory at OOM: 43322/44676MB
2026-05-07 17:56:22,869 - __main__ - ERROR -   Batch 516: CUDA Out of Memory (OOM) during forward pass!
2026-05-07 17:56:22,870 - __main__ - ERROR -   Memory at OOM: 43322/44676MB
2026-05-07 17:56:23,130 - __main__ - ERROR -   Batch 517: CUDA Out of Memory (OOM) during forward pass!
2026-05-07 17:56:23,131 - __main__ - ERROR -   Memory at OOM: 43322/44676MB
2026-05-07 17:56:23,389 - __main__ - ERROR -   Batch 518: CUDA Out of Memory (OOM) during forward pass!
2026-05-07 17:56:23,390 - __main__ - ERROR -   Memory at OOM: 43322/44676MB
2026-05-07 17:56:23,649 - __main__ - ERROR -   Batch 519: CUDA Out of Memory (OOM) during forward pass!
2026-05-07 17:56:23,650 - __main__ - ERROR -   Memory at OOM: 43322/44676MB
2026-05-07 17:56:23,909 - __main__ - ERROR -   Batch 520: CUDA Out of Memory (OOM) during forward pass!
2026-05-07 17:56:23,910 - __main__ - ERROR -   Memory at OOM: 43322/44676MB
2026-05-07 17:56:24,170 - __main__ - ERROR -   Batch 521: CUDA Out of Memory (OOM) during forward pass!
2026-05-07 17:56:24,170 - __main__ - ERROR -   Memory at OOM: 43322/44676MB
2026-05-07 17:56:24,428 - __main__ - ERROR -   Batch 522: CUDA Out of Memory (OOM) during forward pass!
2026-05-07 17:56:24,428 - __main__ - ERROR -   Memory at OOM: 43322/44676MB
2026-05-07 17:56:24,691 - __main__ - ERROR -   Batch 523: CUDA Out of Memory (OOM) during forward pass!
2026-05-07 17:56:24,691 - __main__ - ERROR -   Memory at OOM: 43322/44676MB
2026-05-07 17:56:25,378 - __main__ - ERROR -   Batch 524: CUDA Out of Memory (OOM) during forward pass!
2026-05-07 17:56:25,379 - __main__ - ERROR -   Memory at OOM: 42720/44738MB
2026-05-07 17:56:25,487 - __main__ - INFO - Epoch 3 complete in 136.22s, avg_loss=0.0000
2026-05-07 17:56:25,487 - __main__ - INFO - Train Loss: 0.0000
2026-05-07 17:56:25,487 - __main__ - INFO - Evaluating on dev set...
2026-05-07 17:56:25,488 - __main__ - INFO - Starting evaluation on 462 samples
Evaluating:   0%|          | 0/15 [00:00<?, ?it/s]Evaluating:   7%|▋         | 1/15 [00:01<00:15,  1.10s/it]Evaluating:  13%|█▎        | 2/15 [00:01<00:10,  1.21it/s]Evaluating:  20%|██        | 3/15 [00:02<00:08,  1.36it/s]Evaluating:  27%|██▋       | 4/15 [00:02<00:07,  1.44it/s]Evaluating:  33%|███▎      | 5/15 [00:03<00:06,  1.48it/s]Evaluating:  40%|████      | 6/15 [00:04<00:06,  1.50it/s]Evaluating:  47%|████▋     | 7/15 [00:04<00:05,  1.50it/s]Evaluating:  53%|█████▎    | 8/15 [00:05<00:04,  1.51it/s]Evaluating:  60%|██████    | 9/15 [00:06<00:03,  1.51it/s]2026-05-07 17:56:32,427 - __main__ - INFO -   Evaluation progress: 10/15 batches (1.44 batches/s)
Evaluating:  67%|██████▋   | 10/15 [00:06<00:03,  1.51it/s]Evaluating:  73%|███████▎  | 11/15 [00:07<00:02,  1.51it/s]Evaluating:  80%|████████  | 12/15 [00:08<00:01,  1.51it/s]Evaluating:  87%|████████▋ | 13/15 [00:08<00:01,  1.52it/s]Evaluating:  93%|█████████▎| 14/15 [00:09<00:00,  1.52it/s]Evaluating: 100%|██████████| 15/15 [00:09<00:00,  1.83it/s]                                                           2026-05-07 17:56:35,413 - __main__ - INFO - Evaluation complete in 9.92s
2026-05-07 17:56:35,413 - __main__ - INFO -   Loss: 3.3133, Accuracy: 0.0043, Precision: 0.0038, Recall: 0.0015, F1: 0.0018
2026-05-07 17:56:35,414 - __main__ - INFO - Dev Loss: 3.3133
2026-05-07 17:56:35,414 - __main__ - INFO - Dev Accuracy: 0.0043
2026-05-07 17:56:35,414 - __main__ - INFO -   No improvement for 2 epochs
2026-05-07 17:56:35,877 - __main__ - INFO - Saved checkpoint to /scratch/user/s4901673/ircbert_runs/checkpoints/checkpoint_epoch_3.pt
2026-05-07 17:56:35,878 - __main__ - INFO - Training complete in 435.91s!
2026-05-07 17:56:35,878 - __main__ - INFO - Best F1: 0.0043 at epoch 1
2026-05-07 17:56:35,878 - __main__ - INFO - ================================================================================
2026-05-07 17:56:35,878 - __main__ - INFO - Done!
2026-05-07 17:56:35,878 - __main__ - INFO - ================================================================================
2026-05-07 17:56:35,878 - __main__ - INFO - Log file: /scratch/user/s4901673/ircbert_runs/logs/train_20260507_174819.log
