WARNING: huggingface-hub 1.13.0 does not provide the extra 'cli'
2026-05-07 21:06:56,245 - __main__ - INFO - ================================================================================
2026-05-07 21:06:56,245 - __main__ - INFO - IRC Conversation Disentanglement Training
2026-05-07 21:06:56,245 - __main__ - INFO - ================================================================================
2026-05-07 21:06:56,245 - __main__ - INFO - --- System Diagnostics ---
2026-05-07 21:06:56,245 - __main__ - INFO - OS: Linux 5.14.0-611.24.1.el9_7.x86_64
2026-05-07 21:06:56,245 - __main__ - INFO - Python: 3.10.20
2026-05-07 21:06:56,245 - __main__ - INFO - RAM: 2003.13 GB total, 1963.96 GB available
2026-05-07 21:06:56,262 - __main__ - INFO - GPU 0: NVIDIA L40
2026-05-07 21:06:56,262 - __main__ - INFO -   Total Memory: 45460 MB
2026-05-07 21:06:56,262 - __main__ - INFO -   Compute Capability: 8.9
2026-05-07 21:06:56,262 - __main__ - INFO - --------------------------
2026-05-07 21:06:56,262 - __main__ - INFO - Mode: train
2026-05-07 21:06:56,262 - __main__ - INFO - Device: cuda
2026-05-07 21:06:56,262 - __main__ - INFO - Model: microsoft/deberta-v3-base
2026-05-07 21:06:56,262 - __main__ - INFO - Batch size: 8
2026-05-07 21:06:56,262 - __main__ - INFO - Learning rate: 5e-05
2026-05-07 21:06:56,262 - __main__ - INFO - Epochs: 3
2026-05-07 21:06:56,262 - __main__ - INFO - Max dist: 15
2026-05-07 21:06:56,262 - __main__ - INFO - Max length: 128
2026-05-07 21:06:56,262 - __main__ - INFO - Output dir: /scratch/user/s4901673/ircbert_runs/checkpoints
2026-05-07 21:06:56,262 - __main__ - INFO - Using device: cuda
2026-05-07 21:06:56,262 - __main__ - INFO - Loading tokenizer: microsoft/deberta-v3-base
2026-05-07 21:06:56,539 - httpx - INFO - HTTP Request: HEAD https://huggingface.co/microsoft/deberta-v3-base/resolve/main/config.json "HTTP/1.1 307 Temporary Redirect"
2026-05-07 21:06:56,550 - httpx - INFO - HTTP Request: HEAD https://huggingface.co/api/resolve-cache/models/microsoft/deberta-v3-base/8ccc9b6f36199bec6961081d44eb72fb3f7353f3/config.json "HTTP/1.1 200 OK"
2026-05-07 21:06:56,796 - httpx - INFO - HTTP Request: HEAD https://huggingface.co/microsoft/deberta-v3-base/resolve/main/tokenizer_config.json "HTTP/1.1 307 Temporary Redirect"
Warning: You are sending unauthenticated requests to the HF Hub. Please set a HF_TOKEN to enable higher rate limits and faster downloads.
2026-05-07 21:06:56,797 - huggingface_hub.utils._http - WARNING - Warning: You are sending unauthenticated requests to the HF Hub. Please set a HF_TOKEN to enable higher rate limits and faster downloads.
2026-05-07 21:06:56,802 - httpx - INFO - HTTP Request: HEAD https://huggingface.co/api/resolve-cache/models/microsoft/deberta-v3-base/8ccc9b6f36199bec6961081d44eb72fb3f7353f3/tokenizer_config.json "HTTP/1.1 200 OK"
2026-05-07 21:06:57,030 - httpx - INFO - HTTP Request: GET https://huggingface.co/api/models/microsoft/deberta-v3-base/tree/main/additional_chat_templates?recursive=false&expand=false "HTTP/1.1 404 Not Found"
2026-05-07 21:06:57,264 - httpx - INFO - HTTP Request: GET https://huggingface.co/api/models/microsoft/deberta-v3-base/tree/main?recursive=true&expand=false "HTTP/1.1 200 OK"
2026-05-07 21:06:57,748 - httpx - INFO - HTTP Request: GET https://huggingface.co/api/models/microsoft/deberta-v3-base "HTTP/1.1 200 OK"
2026-05-07 21:06:57,750 - __main__ - INFO - Tokenizer loaded: DebertaV2Tokenizer
2026-05-07 21:06:57,750 - __main__ - INFO - Creating dataloaders...
2026-05-07 21:06:57,791 - __main__ - INFO - Loading 153 train files...
2026-05-07 21:06:57,791 - data_loader - INFO - Initializing IRCDisentanglementDataset with 153 files
2026-05-07 21:06:57,791 - data_loader - INFO -   max_dist=15, max_length=128, skip_labels=False
2026-05-07 21:06:57,791 - data_loader - INFO -   test_start=0, test_end=1000000000
2026-05-07 21:06:57,792 - data_loader - INFO - Loading conversation from data/train/2004-12-25.train-c.ascii.txt
2026-05-07 21:06:57,793 - data_loader - INFO -   Read 1500 lines from ASCII file
2026-05-07 21:06:57,800 - data_loader - INFO -   Parsed 1500 messages, found 94 unique users
2026-05-07 21:06:57,971 - data_loader - INFO -   Loaded 382 gold links from annotation file
2026-05-07 21:06:57,974 - data_loader - INFO -   Conversation '2004-12-25.train-c' loaded in 0.18s
2026-05-07 21:06:57,975 - data_loader - INFO -   Creating samples for 2004-12-25.train-c: all 1500 messages
2026-05-07 21:06:57,986 - data_loader - INFO -   Created 174 samples for 2004-12-25.train-c
2026-05-07 21:06:57,986 - data_loader - INFO -   File 1/153: 2004-12-25.train-c - 1500 messages, 174 total samples so far
2026-05-07 21:06:57,986 - data_loader - INFO - Loading conversation from data/train/2005-02-06.train-c.ascii.txt
2026-05-07 21:06:57,988 - data_loader - INFO -   Read 1500 lines from ASCII file
2026-05-07 21:06:57,991 - data_loader - INFO -   Parsed 1500 messages, found 70 unique users
2026-05-07 21:06:58,129 - data_loader - INFO -   Loaded 346 gold links from annotation file
2026-05-07 21:06:58,129 - data_loader - INFO -   Conversation '2005-02-06.train-c' loaded in 0.14s
2026-05-07 21:06:58,129 - data_loader - INFO -   Creating samples for 2005-02-06.train-c: all 1500 messages
2026-05-07 21:06:58,138 - data_loader - INFO -   Created 98 samples for 2005-02-06.train-c
2026-05-07 21:06:58,138 - data_loader - INFO -   File 2/153: 2005-02-06.train-c - 1500 messages, 272 total samples so far
2026-05-07 21:06:58,138 - data_loader - INFO - Loading conversation from data/train/2005-02-08.train-a.ascii.txt
2026-05-07 21:06:58,139 - data_loader - INFO -   Read 1246 lines from ASCII file
2026-05-07 21:06:58,142 - data_loader - INFO -   Parsed 1246 messages, found 71 unique users
2026-05-07 21:06:58,239 - data_loader - INFO -   Loaded 214 gold links from annotation file
2026-05-07 21:06:58,239 - data_loader - INFO -   Conversation '2005-02-08.train-a' loaded in 0.10s
2026-05-07 21:06:58,239 - data_loader - INFO -   Creating samples for 2005-02-08.train-a: all 1246 messages
2026-05-07 21:06:58,245 - data_loader - INFO -   Created 84 samples for 2005-02-08.train-a
2026-05-07 21:06:58,245 - data_loader - INFO -   File 3/153: 2005-02-08.train-a - 1246 messages, 356 total samples so far
2026-05-07 21:06:58,245 - data_loader - INFO - Loading conversation from data/train/2005-02-27.train-c.ascii.txt
2026-05-07 21:06:58,247 - data_loader - INFO -   Read 1500 lines from ASCII file
2026-05-07 21:06:58,250 - data_loader - INFO -   Parsed 1500 messages, found 74 unique users
2026-05-07 21:06:58,402 - data_loader - INFO -   Loaded 355 gold links from annotation file
2026-05-07 21:06:58,402 - data_loader - INFO -   Conversation '2005-02-27.train-c' loaded in 0.16s
2026-05-07 21:06:58,402 - data_loader - INFO -   Creating samples for 2005-02-27.train-c: all 1500 messages
2026-05-07 21:06:58,412 - data_loader - INFO -   Created 109 samples for 2005-02-27.train-c
2026-05-07 21:06:58,412 - data_loader - INFO -   File 4/153: 2005-02-27.train-c - 1500 messages, 465 total samples so far
2026-05-07 21:06:58,412 - data_loader - INFO - Loading conversation from data/train/2005-05-14.train-c.ascii.txt
2026-05-07 21:06:58,414 - data_loader - INFO -   Read 1500 lines from ASCII file
2026-05-07 21:06:58,417 - data_loader - INFO -   Parsed 1500 messages, found 85 unique users
2026-05-07 21:06:58,584 - data_loader - INFO -   Loaded 370 gold links from annotation file
2026-05-07 21:06:58,584 - data_loader - INFO -   Conversation '2005-05-14.train-c' loaded in 0.17s
2026-05-07 21:06:58,584 - data_loader - INFO -   Creating samples for 2005-05-14.train-c: all 1500 messages
2026-05-07 21:06:58,595 - data_loader - INFO -   Created 147 samples for 2005-05-14.train-c
2026-05-07 21:06:58,595 - data_loader - INFO -   File 5/153: 2005-05-14.train-c - 1500 messages, 612 total samples so far
2026-05-07 21:06:58,595 - data_loader - INFO - Loading conversation from data/train/2005-05-19.train-a.ascii.txt
2026-05-07 21:06:58,596 - data_loader - INFO -   Read 1191 lines from ASCII file
2026-05-07 21:06:58,600 - data_loader - INFO -   Parsed 1191 messages, found 68 unique users
2026-05-07 21:06:58,703 - data_loader - INFO -   Loaded 165 gold links from annotation file
2026-05-07 21:06:58,703 - data_loader - INFO -   Conversation '2005-05-19.train-a' loaded in 0.11s
2026-05-07 21:06:58,703 - data_loader - INFO -   Creating samples for 2005-05-19.train-a: all 1191 messages
2026-05-07 21:06:58,824 - data_loader - INFO -   Created 62 samples for 2005-05-19.train-a
2026-05-07 21:06:58,825 - data_loader - INFO -   File 6/153: 2005-05-19.train-a - 1191 messages, 674 total samples so far
2026-05-07 21:06:58,825 - data_loader - INFO - Loading conversation from data/train/2005-06-06.train-c.ascii.txt
2026-05-07 21:06:58,826 - data_loader - INFO -   Read 1500 lines from ASCII file
2026-05-07 21:06:58,830 - data_loader - INFO -   Parsed 1500 messages, found 97 unique users
2026-05-07 21:06:59,002 - data_loader - INFO -   Loaded 388 gold links from annotation file
2026-05-07 21:06:59,002 - data_loader - INFO -   Conversation '2005-06-06.train-c' loaded in 0.18s
2026-05-07 21:06:59,002 - data_loader - INFO -   Creating samples for 2005-06-06.train-c: all 1500 messages
2026-05-07 21:06:59,013 - data_loader - INFO -   Created 163 samples for 2005-06-06.train-c
2026-05-07 21:06:59,013 - data_loader - INFO -   File 7/153: 2005-06-06.train-c - 1500 messages, 837 total samples so far
2026-05-07 21:06:59,014 - data_loader - INFO - Loading conversation from data/train/2005-06-12.train-c.ascii.txt
2026-05-07 21:06:59,015 - data_loader - INFO -   Read 1500 lines from ASCII file
2026-05-07 21:06:59,018 - data_loader - INFO -   Parsed 1500 messages, found 93 unique users
2026-05-07 21:06:59,214 - data_loader - INFO -   Loaded 371 gold links from annotation file
2026-05-07 21:06:59,214 - data_loader - INFO -   Conversation '2005-06-12.train-c' loaded in 0.20s
2026-05-07 21:06:59,214 - data_loader - INFO -   Creating samples for 2005-06-12.train-c: all 1500 messages
2026-05-07 21:06:59,224 - data_loader - INFO -   Created 116 samples for 2005-06-12.train-c
2026-05-07 21:06:59,224 - data_loader - INFO -   File 8/153: 2005-06-12.train-c - 1500 messages, 953 total samples so far
2026-05-07 21:06:59,224 - data_loader - INFO - Loading conversation from data/train/2005-06-16.train-c.ascii.txt
2026-05-07 21:06:59,226 - data_loader - INFO -   Read 1500 lines from ASCII file
2026-05-07 21:06:59,229 - data_loader - INFO -   Parsed 1500 messages, found 90 unique users
2026-05-07 21:06:59,401 - data_loader - INFO -   Loaded 388 gold links from annotation file
2026-05-07 21:06:59,401 - data_loader - INFO -   Conversation '2005-06-16.train-c' loaded in 0.18s
2026-05-07 21:06:59,401 - data_loader - INFO -   Creating samples for 2005-06-16.train-c: all 1500 messages
2026-05-07 21:06:59,410 - data_loader - INFO -   Created 98 samples for 2005-06-16.train-c
2026-05-07 21:06:59,410 - data_loader - INFO -   File 9/153: 2005-06-16.train-c - 1500 messages, 1051 total samples so far
2026-05-07 21:06:59,410 - data_loader - INFO - Loading conversation from data/train/2005-06-20.train-a.ascii.txt
2026-05-07 21:06:59,412 - data_loader - INFO -   Read 1457 lines from ASCII file
2026-05-07 21:06:59,416 - data_loader - INFO -   Parsed 1457 messages, found 77 unique users
2026-05-07 21:06:59,566 - data_loader - INFO -   Loaded 326 gold links from annotation file
2026-05-07 21:06:59,567 - data_loader - INFO -   Conversation '2005-06-20.train-a' loaded in 0.16s
2026-05-07 21:06:59,567 - data_loader - INFO -   Creating samples for 2005-06-20.train-a: all 1457 messages
2026-05-07 21:06:59,577 - data_loader - INFO -   Created 123 samples for 2005-06-20.train-a
2026-05-07 21:06:59,577 - data_loader - INFO -   File 10/153: 2005-06-20.train-a - 1457 messages, 1174 total samples so far
2026-05-07 21:06:59,577 - data_loader - INFO - Loading conversation from data/train/2005-07-25.train-a.ascii.txt
2026-05-07 21:06:59,578 - data_loader - INFO -   Read 1283 lines from ASCII file
2026-05-07 21:06:59,582 - data_loader - INFO -   Parsed 1283 messages, found 88 unique users
2026-05-07 21:06:59,726 - data_loader - INFO -   Loaded 217 gold links from annotation file
2026-05-07 21:06:59,726 - data_loader - INFO -   Conversation '2005-07-25.train-a' loaded in 0.15s
2026-05-07 21:06:59,726 - data_loader - INFO -   Creating samples for 2005-07-25.train-a: all 1283 messages
2026-05-07 21:06:59,734 - data_loader - INFO -   Created 104 samples for 2005-07-25.train-a
2026-05-07 21:06:59,734 - data_loader - INFO -   File 11/153: 2005-07-25.train-a - 1283 messages, 1278 total samples so far
2026-05-07 21:06:59,734 - data_loader - INFO - Loading conversation from data/train/2005-07-29.train-c.ascii.txt
2026-05-07 21:06:59,736 - data_loader - INFO -   Read 1500 lines from ASCII file
2026-05-07 21:06:59,740 - data_loader - INFO -   Parsed 1500 messages, found 84 unique users
2026-05-07 21:06:59,908 - data_loader - INFO -   Loaded 396 gold links from annotation file
2026-05-07 21:06:59,908 - data_loader - INFO -   Conversation '2005-07-29.train-c' loaded in 0.17s
2026-05-07 21:06:59,908 - data_loader - INFO -   Creating samples for 2005-07-29.train-c: all 1500 messages
2026-05-07 21:06:59,919 - data_loader - INFO -   Created 152 samples for 2005-07-29.train-c
2026-05-07 21:06:59,919 - data_loader - INFO -   File 12/153: 2005-07-29.train-c - 1500 messages, 1430 total samples so far
2026-05-07 21:06:59,919 - data_loader - INFO - Loading conversation from data/train/2005-09-26.train-c.ascii.txt
2026-05-07 21:06:59,921 - data_loader - INFO -   Read 1500 lines from ASCII file
2026-05-07 21:06:59,925 - data_loader - INFO -   Parsed 1500 messages, found 114 unique users
2026-05-07 21:07:00,146 - data_loader - INFO -   Loaded 403 gold links from annotation file
2026-05-07 21:07:00,146 - data_loader - INFO -   Conversation '2005-09-26.train-c' loaded in 0.23s
2026-05-07 21:07:00,146 - data_loader - INFO -   Creating samples for 2005-09-26.train-c: all 1500 messages
2026-05-07 21:07:00,156 - data_loader - INFO -   Created 119 samples for 2005-09-26.train-c
2026-05-07 21:07:00,156 - data_loader - INFO -   File 13/153: 2005-09-26.train-c - 1500 messages, 1549 total samples so far
2026-05-07 21:07:00,156 - data_loader - INFO - Loading conversation from data/train/2005-10-07.train-c.ascii.txt
2026-05-07 21:07:00,158 - data_loader - INFO -   Read 1500 lines from ASCII file
2026-05-07 21:07:00,162 - data_loader - INFO -   Parsed 1500 messages, found 99 unique users
2026-05-07 21:07:00,343 - data_loader - INFO -   Loaded 375 gold links from annotation file
2026-05-07 21:07:00,343 - data_loader - INFO -   Conversation '2005-10-07.train-c' loaded in 0.19s
2026-05-07 21:07:00,343 - data_loader - INFO -   Creating samples for 2005-10-07.train-c: all 1500 messages
2026-05-07 21:07:00,354 - data_loader - INFO -   Created 151 samples for 2005-10-07.train-c
2026-05-07 21:07:00,354 - data_loader - INFO -   File 14/153: 2005-10-07.train-c - 1500 messages, 1700 total samples so far
2026-05-07 21:07:00,354 - data_loader - INFO - Loading conversation from data/train/2005-10-12.train-c.ascii.txt
2026-05-07 21:07:00,355 - data_loader - INFO -   Read 1500 lines from ASCII file
2026-05-07 21:07:00,359 - data_loader - INFO -   Parsed 1500 messages, found 138 unique users
2026-05-07 21:07:00,598 - data_loader - INFO -   Loaded 370 gold links from annotation file
2026-05-07 21:07:00,598 - data_loader - INFO -   Conversation '2005-10-12.train-c' loaded in 0.24s
2026-05-07 21:07:00,598 - data_loader - INFO -   Creating samples for 2005-10-12.train-c: all 1500 messages
2026-05-07 21:07:00,608 - data_loader - INFO -   Created 139 samples for 2005-10-12.train-c
2026-05-07 21:07:00,609 - data_loader - INFO -   File 15/153: 2005-10-12.train-c - 1500 messages, 1839 total samples so far
2026-05-07 21:07:00,609 - data_loader - INFO - Loading conversation from data/train/2005-12-03.train-c.ascii.txt
2026-05-07 21:07:00,610 - data_loader - INFO -   Read 1500 lines from ASCII file
2026-05-07 21:07:00,613 - data_loader - INFO -   Parsed 1500 messages, found 104 unique users
2026-05-07 21:07:00,810 - data_loader - INFO -   Loaded 387 gold links from annotation file
2026-05-07 21:07:00,810 - data_loader - INFO -   Conversation '2005-12-03.train-c' loaded in 0.20s
2026-05-07 21:07:00,810 - data_loader - INFO -   Creating samples for 2005-12-03.train-c: all 1500 messages
2026-05-07 21:07:00,821 - data_loader - INFO -   Created 161 samples for 2005-12-03.train-c
2026-05-07 21:07:00,821 - data_loader - INFO -   File 16/153: 2005-12-03.train-c - 1500 messages, 2000 total samples so far
2026-05-07 21:07:00,821 - data_loader - INFO - Loading conversation from data/train/2005-12-04.train-c.ascii.txt
2026-05-07 21:07:00,823 - data_loader - INFO -   Read 1500 lines from ASCII file
2026-05-07 21:07:00,826 - data_loader - INFO -   Parsed 1500 messages, found 128 unique users
2026-05-07 21:07:01,071 - data_loader - INFO -   Loaded 399 gold links from annotation file
2026-05-07 21:07:01,071 - data_loader - INFO -   Conversation '2005-12-04.train-c' loaded in 0.25s
2026-05-07 21:07:01,071 - data_loader - INFO -   Creating samples for 2005-12-04.train-c: all 1500 messages
2026-05-07 21:07:01,083 - data_loader - INFO -   Created 190 samples for 2005-12-04.train-c
2026-05-07 21:07:01,083 - data_loader - INFO -   File 17/153: 2005-12-04.train-c - 1500 messages, 2190 total samples so far
2026-05-07 21:07:01,083 - data_loader - INFO - Loading conversation from data/train/2005-12-16.train-c.ascii.txt
2026-05-07 21:07:01,085 - data_loader - INFO -   Read 1500 lines from ASCII file
2026-05-07 21:07:01,089 - data_loader - INFO -   Parsed 1500 messages, found 83 unique users
2026-05-07 21:07:01,256 - data_loader - INFO -   Loaded 371 gold links from annotation file
2026-05-07 21:07:01,256 - data_loader - INFO -   Conversation '2005-12-16.train-c' loaded in 0.17s
2026-05-07 21:07:01,256 - data_loader - INFO -   Creating samples for 2005-12-16.train-c: all 1500 messages
2026-05-07 21:07:01,265 - data_loader - INFO -   Created 82 samples for 2005-12-16.train-c
2026-05-07 21:07:01,265 - data_loader - INFO -   File 18/153: 2005-12-16.train-c - 1500 messages, 2272 total samples so far
2026-05-07 21:07:01,265 - data_loader - INFO - Loading conversation from data/train/2005-12-23.train-c.ascii.txt
2026-05-07 21:07:01,266 - data_loader - INFO -   Read 1500 lines from ASCII file
2026-05-07 21:07:01,270 - data_loader - INFO -   Parsed 1500 messages, found 117 unique users
2026-05-07 21:07:01,483 - data_loader - INFO -   Loaded 380 gold links from annotation file
2026-05-07 21:07:01,484 - data_loader - INFO -   Conversation '2005-12-23.train-c' loaded in 0.22s
2026-05-07 21:07:01,484 - data_loader - INFO -   Creating samples for 2005-12-23.train-c: all 1500 messages
2026-05-07 21:07:01,495 - data_loader - INFO -   Created 170 samples for 2005-12-23.train-c
2026-05-07 21:07:01,495 - data_loader - INFO -   File 19/153: 2005-12-23.train-c - 1500 messages, 2442 total samples so far
2026-05-07 21:07:01,495 - data_loader - INFO - Loading conversation from data/train/2006-01-02.train-c.ascii.txt
2026-05-07 21:07:01,497 - data_loader - INFO -   Read 1500 lines from ASCII file
2026-05-07 21:07:01,501 - data_loader - INFO -   Parsed 1500 messages, found 120 unique users
2026-05-07 21:07:01,740 - data_loader - INFO -   Loaded 371 gold links from annotation file
2026-05-07 21:07:01,740 - data_loader - INFO -   Conversation '2006-01-02.train-c' loaded in 0.24s
2026-05-07 21:07:01,740 - data_loader - INFO -   Creating samples for 2006-01-02.train-c: all 1500 messages
2026-05-07 21:07:01,753 - data_loader - INFO -   Created 174 samples for 2006-01-02.train-c
2026-05-07 21:07:01,753 - data_loader - INFO -   File 20/153: 2006-01-02.train-c - 1500 messages, 2616 total samples so far
2026-05-07 21:07:01,753 - data_loader - INFO - Loading conversation from data/train/2006-01-12.train-c.ascii.txt
2026-05-07 21:07:01,755 - data_loader - INFO -   Read 1500 lines from ASCII file
2026-05-07 21:07:01,758 - data_loader - INFO -   Parsed 1500 messages, found 115 unique users
2026-05-07 21:07:01,976 - data_loader - INFO -   Loaded 378 gold links from annotation file
2026-05-07 21:07:01,977 - data_loader - INFO -   Conversation '2006-01-12.train-c' loaded in 0.22s
2026-05-07 21:07:01,977 - data_loader - INFO -   Creating samples for 2006-01-12.train-c: all 1500 messages
2026-05-07 21:07:01,987 - data_loader - INFO -   Created 128 samples for 2006-01-12.train-c
2026-05-07 21:07:01,987 - data_loader - INFO -   File 21/153: 2006-01-12.train-c - 1500 messages, 2744 total samples so far
2026-05-07 21:07:01,988 - data_loader - INFO - Loading conversation from data/train/2006-02-20.train-c.ascii.txt
2026-05-07 21:07:01,989 - data_loader - INFO -   Read 1500 lines from ASCII file
2026-05-07 21:07:01,993 - data_loader - INFO -   Parsed 1500 messages, found 115 unique users
2026-05-07 21:07:02,209 - data_loader - INFO -   Loaded 385 gold links from annotation file
2026-05-07 21:07:02,209 - data_loader - INFO -   Conversation '2006-02-20.train-c' loaded in 0.22s
2026-05-07 21:07:02,209 - data_loader - INFO -   Creating samples for 2006-02-20.train-c: all 1500 messages
2026-05-07 21:07:02,221 - data_loader - INFO -   Created 169 samples for 2006-02-20.train-c
2026-05-07 21:07:02,221 - data_loader - INFO -   File 22/153: 2006-02-20.train-c - 1500 messages, 2913 total samples so far
2026-05-07 21:07:02,221 - data_loader - INFO - Loading conversation from data/train/2006-02-24.train-a.ascii.txt
2026-05-07 21:07:02,222 - data_loader - INFO -   Read 1331 lines from ASCII file
2026-05-07 21:07:02,225 - data_loader - INFO -   Parsed 1331 messages, found 102 unique users
2026-05-07 21:07:02,408 - data_loader - INFO -   Loaded 280 gold links from annotation file
2026-05-07 21:07:02,408 - data_loader - INFO -   Conversation '2006-02-24.train-a' loaded in 0.19s
2026-05-07 21:07:02,408 - data_loader - INFO -   Creating samples for 2006-02-24.train-a: all 1331 messages
2026-05-07 21:07:02,417 - data_loader - INFO -   Created 110 samples for 2006-02-24.train-a
2026-05-07 21:07:02,417 - data_loader - INFO -   File 23/153: 2006-02-24.train-a - 1331 messages, 3023 total samples so far
2026-05-07 21:07:02,417 - data_loader - INFO - Loading conversation from data/train/2006-02-28.train-c.ascii.txt
2026-05-07 21:07:02,419 - data_loader - INFO -   Read 1500 lines from ASCII file
2026-05-07 21:07:02,423 - data_loader - INFO -   Parsed 1500 messages, found 137 unique users
2026-05-07 21:07:02,669 - data_loader - INFO -   Loaded 380 gold links from annotation file
2026-05-07 21:07:02,669 - data_loader - INFO -   Conversation '2006-02-28.train-c' loaded in 0.25s
2026-05-07 21:07:02,669 - data_loader - INFO -   Creating samples for 2006-02-28.train-c: all 1500 messages
2026-05-07 21:07:02,683 - data_loader - INFO -   Created 208 samples for 2006-02-28.train-c
2026-05-07 21:07:02,683 - data_loader - INFO -   File 24/153: 2006-02-28.train-c - 1500 messages, 3231 total samples so far
2026-05-07 21:07:02,683 - data_loader - INFO - Loading conversation from data/train/2006-03-05.train-c.ascii.txt
2026-05-07 21:07:02,684 - data_loader - INFO -   Read 1500 lines from ASCII file
2026-05-07 21:07:02,688 - data_loader - INFO -   Parsed 1500 messages, found 130 unique users
2026-05-07 21:07:02,952 - data_loader - INFO -   Loaded 364 gold links from annotation file
2026-05-07 21:07:02,952 - data_loader - INFO -   Conversation '2006-03-05.train-c' loaded in 0.27s
2026-05-07 21:07:02,952 - data_loader - INFO -   Creating samples for 2006-03-05.train-c: all 1500 messages
2026-05-07 21:07:02,963 - data_loader - INFO -   Created 134 samples for 2006-03-05.train-c
2026-05-07 21:07:02,963 - data_loader - INFO -   File 25/153: 2006-03-05.train-c - 1500 messages, 3365 total samples so far
2026-05-07 21:07:02,964 - data_loader - INFO - Loading conversation from data/train/2006-05-02.train-c.ascii.txt
2026-05-07 21:07:02,965 - data_loader - INFO -   Read 1500 lines from ASCII file
2026-05-07 21:07:03,130 - data_loader - INFO -   Parsed 1500 messages, found 124 unique users
2026-05-07 21:07:03,381 - data_loader - INFO -   Loaded 398 gold links from annotation file
2026-05-07 21:07:03,381 - data_loader - INFO -   Conversation '2006-05-02.train-c' loaded in 0.42s
2026-05-07 21:07:03,381 - data_loader - INFO -   Creating samples for 2006-05-02.train-c: all 1500 messages
2026-05-07 21:07:03,394 - data_loader - INFO -   Created 187 samples for 2006-05-02.train-c
2026-05-07 21:07:03,394 - data_loader - INFO -   File 26/153: 2006-05-02.train-c - 1500 messages, 3552 total samples so far
2026-05-07 21:07:03,394 - data_loader - INFO - Loading conversation from data/train/2006-05-15.train-c.ascii.txt
2026-05-07 21:07:03,396 - data_loader - INFO -   Read 1500 lines from ASCII file
2026-05-07 21:07:03,399 - data_loader - INFO -   Parsed 1500 messages, found 101 unique users
2026-05-07 21:07:03,600 - data_loader - INFO -   Loaded 369 gold links from annotation file
2026-05-07 21:07:03,600 - data_loader - INFO -   Conversation '2006-05-15.train-c' loaded in 0.21s
2026-05-07 21:07:03,600 - data_loader - INFO -   Creating samples for 2006-05-15.train-c: all 1500 messages
2026-05-07 21:07:03,614 - data_loader - INFO -   Created 199 samples for 2006-05-15.train-c
2026-05-07 21:07:03,614 - data_loader - INFO -   File 27/153: 2006-05-15.train-c - 1500 messages, 3751 total samples so far
2026-05-07 21:07:03,614 - data_loader - INFO - Loading conversation from data/train/2006-05-27.train-c.ascii.txt
2026-05-07 21:07:03,616 - data_loader - INFO -   Read 1500 lines from ASCII file
2026-05-07 21:07:03,619 - data_loader - INFO -   Parsed 1500 messages, found 117 unique users
2026-05-07 21:07:03,803 - data_loader - INFO -   Loaded 415 gold links from annotation file
2026-05-07 21:07:03,803 - data_loader - INFO -   Conversation '2006-05-27.train-c' loaded in 0.19s
2026-05-07 21:07:03,803 - data_loader - INFO -   Creating samples for 2006-05-27.train-c: all 1500 messages
2026-05-07 21:07:03,816 - data_loader - INFO -   Created 261 samples for 2006-05-27.train-c
2026-05-07 21:07:03,816 - data_loader - INFO -   File 28/153: 2006-05-27.train-c - 1500 messages, 4012 total samples so far
2026-05-07 21:07:03,816 - data_loader - INFO - Loading conversation from data/train/2006-05-29.train-c.ascii.txt
2026-05-07 21:07:03,818 - data_loader - INFO -   Read 1500 lines from ASCII file
2026-05-07 21:07:03,821 - data_loader - INFO -   Parsed 1500 messages, found 115 unique users
2026-05-07 21:07:04,030 - data_loader - INFO -   Loaded 371 gold links from annotation file
2026-05-07 21:07:04,030 - data_loader - INFO -   Conversation '2006-05-29.train-c' loaded in 0.21s
2026-05-07 21:07:04,030 - data_loader - INFO -   Creating samples for 2006-05-29.train-c: all 1500 messages
2026-05-07 21:07:04,044 - data_loader - INFO -   Created 212 samples for 2006-05-29.train-c
2026-05-07 21:07:04,044 - data_loader - INFO -   File 29/153: 2006-05-29.train-c - 1500 messages, 4224 total samples so far
2026-05-07 21:07:04,044 - data_loader - INFO - Loading conversation from data/train/2006-06-01.train-a.ascii.txt
2026-05-07 21:07:04,045 - data_loader - INFO -   Read 2165 lines from ASCII file
2026-05-07 21:07:04,051 - data_loader - INFO -   Parsed 2165 messages, found 223 unique users
2026-05-07 21:07:04,640 - data_loader - INFO -   Loaded 844 gold links from annotation file
2026-05-07 21:07:04,640 - data_loader - INFO -   Conversation '2006-06-01.train-a' loaded in 0.60s
2026-05-07 21:07:04,640 - data_loader - INFO -   Creating samples for 2006-06-01.train-a: all 2165 messages
2026-05-07 21:07:04,664 - data_loader - INFO -   Created 361 samples for 2006-06-01.train-a
2026-05-07 21:07:04,664 - data_loader - INFO -   File 30/153: 2006-06-01.train-a - 2165 messages, 4585 total samples so far
2026-05-07 21:07:04,664 - data_loader - INFO - Loading conversation from data/train/2006-06-05.train-a.ascii.txt
2026-05-07 21:07:04,665 - data_loader - INFO -   Read 1753 lines from ASCII file
2026-05-07 21:07:04,669 - data_loader - INFO -   Parsed 1753 messages, found 135 unique users
2026-05-07 21:07:04,985 - data_loader - INFO -   Loaded 582 gold links from annotation file
2026-05-07 21:07:04,985 - data_loader - INFO -   Conversation '2006-06-05.train-a' loaded in 0.32s
2026-05-07 21:07:04,986 - data_loader - INFO -   Creating samples for 2006-06-05.train-a: all 1753 messages
2026-05-07 21:07:05,002 - data_loader - INFO -   Created 232 samples for 2006-06-05.train-a
2026-05-07 21:07:05,003 - data_loader - INFO -   File 31/153: 2006-06-05.train-a - 1753 messages, 4817 total samples so far
2026-05-07 21:07:05,003 - data_loader - INFO - Loading conversation from data/train/2006-06-08.train-c.ascii.txt
2026-05-07 21:07:05,004 - data_loader - INFO -   Read 1500 lines from ASCII file
2026-05-07 21:07:05,008 - data_loader - INFO -   Parsed 1500 messages, found 110 unique users
2026-05-07 21:07:05,231 - data_loader - INFO -   Loaded 385 gold links from annotation file
2026-05-07 21:07:05,232 - data_loader - INFO -   Conversation '2006-06-08.train-c' loaded in 0.23s
2026-05-07 21:07:05,232 - data_loader - INFO -   Creating samples for 2006-06-08.train-c: all 1500 messages
2026-05-07 21:07:05,242 - data_loader - INFO -   Created 134 samples for 2006-06-08.train-c
2026-05-07 21:07:05,242 - data_loader - INFO -   File 32/153: 2006-06-08.train-c - 1500 messages, 4951 total samples so far
2026-05-07 21:07:05,242 - data_loader - INFO - Loading conversation from data/train/2006-06-21.train-c.ascii.txt
2026-05-07 21:07:05,243 - data_loader - INFO -   Read 1500 lines from ASCII file
2026-05-07 21:07:05,247 - data_loader - INFO -   Parsed 1500 messages, found 145 unique users
2026-05-07 21:07:05,511 - data_loader - INFO -   Loaded 385 gold links from annotation file
2026-05-07 21:07:05,511 - data_loader - INFO -   Conversation '2006-06-21.train-c' loaded in 0.27s
2026-05-07 21:07:05,511 - data_loader - INFO -   Creating samples for 2006-06-21.train-c: all 1500 messages
2026-05-07 21:07:05,526 - data_loader - INFO -   Created 255 samples for 2006-06-21.train-c
2026-05-07 21:07:05,526 - data_loader - INFO -   File 33/153: 2006-06-21.train-c - 1500 messages, 5206 total samples so far
2026-05-07 21:07:05,526 - data_loader - INFO - Loading conversation from data/train/2006-06-28.train-c.ascii.txt
2026-05-07 21:07:05,528 - data_loader - INFO -   Read 1500 lines from ASCII file
2026-05-07 21:07:05,532 - data_loader - INFO -   Parsed 1500 messages, found 127 unique users
2026-05-07 21:07:05,760 - data_loader - INFO -   Loaded 392 gold links from annotation file
2026-05-07 21:07:05,760 - data_loader - INFO -   Conversation '2006-06-28.train-c' loaded in 0.23s
2026-05-07 21:07:05,760 - data_loader - INFO -   Creating samples for 2006-06-28.train-c: all 1500 messages
2026-05-07 21:07:05,773 - data_loader - INFO -   Created 207 samples for 2006-06-28.train-c
2026-05-07 21:07:05,774 - data_loader - INFO -   File 34/153: 2006-06-28.train-c - 1500 messages, 5413 total samples so far
2026-05-07 21:07:05,774 - data_loader - INFO - Loading conversation from data/train/2006-07-01.train-c.ascii.txt
2026-05-07 21:07:05,775 - data_loader - INFO -   Read 1500 lines from ASCII file
2026-05-07 21:07:05,779 - data_loader - INFO -   Parsed 1500 messages, found 107 unique users
2026-05-07 21:07:05,976 - data_loader - INFO -   Loaded 379 gold links from annotation file
2026-05-07 21:07:05,977 - data_loader - INFO -   Conversation '2006-07-01.train-c' loaded in 0.20s
2026-05-07 21:07:05,977 - data_loader - INFO -   Creating samples for 2006-07-01.train-c: all 1500 messages
2026-05-07 21:07:05,988 - data_loader - INFO -   Created 164 samples for 2006-07-01.train-c
2026-05-07 21:07:05,989 - data_loader - INFO -   File 35/153: 2006-07-01.train-c - 1500 messages, 5577 total samples so far
2026-05-07 21:07:05,989 - data_loader - INFO - Loading conversation from data/train/2006-08-06.train-c.ascii.txt
2026-05-07 21:07:05,990 - data_loader - INFO -   Read 1500 lines from ASCII file
2026-05-07 21:07:05,994 - data_loader - INFO -   Parsed 1500 messages, found 116 unique users
2026-05-07 21:07:06,237 - data_loader - INFO -   Loaded 407 gold links from annotation file
2026-05-07 21:07:06,237 - data_loader - INFO -   Conversation '2006-08-06.train-c' loaded in 0.25s
2026-05-07 21:07:06,237 - data_loader - INFO -   Creating samples for 2006-08-06.train-c: all 1500 messages
2026-05-07 21:07:06,251 - data_loader - INFO -   Created 189 samples for 2006-08-06.train-c
2026-05-07 21:07:06,251 - data_loader - INFO -   File 36/153: 2006-08-06.train-c - 1500 messages, 5766 total samples so far
2026-05-07 21:07:06,251 - data_loader - INFO - Loading conversation from data/train/2006-08-11.train-c.ascii.txt
2026-05-07 21:07:06,252 - data_loader - INFO -   Read 1500 lines from ASCII file
2026-05-07 21:07:06,256 - data_loader - INFO -   Parsed 1500 messages, found 88 unique users
2026-05-07 21:07:06,443 - data_loader - INFO -   Loaded 394 gold links from annotation file
2026-05-07 21:07:06,443 - data_loader - INFO -   Conversation '2006-08-11.train-c' loaded in 0.19s
2026-05-07 21:07:06,443 - data_loader - INFO -   Creating samples for 2006-08-11.train-c: all 1500 messages
2026-05-07 21:07:06,453 - data_loader - INFO -   Created 122 samples for 2006-08-11.train-c
2026-05-07 21:07:06,454 - data_loader - INFO -   File 37/153: 2006-08-11.train-c - 1500 messages, 5888 total samples so far
2026-05-07 21:07:06,454 - data_loader - INFO - Loading conversation from data/train/2006-08-13.train-c.ascii.txt
2026-05-07 21:07:06,455 - data_loader - INFO -   Read 1500 lines from ASCII file
2026-05-07 21:07:06,459 - data_loader - INFO -   Parsed 1500 messages, found 84 unique users
2026-05-07 21:07:06,632 - data_loader - INFO -   Loaded 385 gold links from annotation file
2026-05-07 21:07:06,632 - data_loader - INFO -   Conversation '2006-08-13.train-c' loaded in 0.18s
2026-05-07 21:07:06,632 - data_loader - INFO -   Creating samples for 2006-08-13.train-c: all 1500 messages
2026-05-07 21:07:06,645 - data_loader - INFO -   Created 171 samples for 2006-08-13.train-c
2026-05-07 21:07:06,645 - data_loader - INFO -   File 38/153: 2006-08-13.train-c - 1500 messages, 6059 total samples so far
2026-05-07 21:07:06,645 - data_loader - INFO - Loading conversation from data/train/2006-08-15.train-c.ascii.txt
2026-05-07 21:07:06,646 - data_loader - INFO -   Read 1500 lines from ASCII file
2026-05-07 21:07:06,650 - data_loader - INFO -   Parsed 1500 messages, found 106 unique users
2026-05-07 21:07:06,863 - data_loader - INFO -   Loaded 393 gold links from annotation file
2026-05-07 21:07:06,863 - data_loader - INFO -   Conversation '2006-08-15.train-c' loaded in 0.22s
2026-05-07 21:07:06,864 - data_loader - INFO -   Creating samples for 2006-08-15.train-c: all 1500 messages
2026-05-07 21:07:06,875 - data_loader - INFO -   Created 141 samples for 2006-08-15.train-c
2026-05-07 21:07:06,875 - data_loader - INFO -   File 39/153: 2006-08-15.train-c - 1500 messages, 6200 total samples so far
2026-05-07 21:07:06,875 - data_loader - INFO - Loading conversation from data/train/2006-08-23.train-a.ascii.txt
2026-05-07 21:07:06,876 - data_loader - INFO -   Read 1673 lines from ASCII file
2026-05-07 21:07:06,880 - data_loader - INFO -   Parsed 1673 messages, found 148 unique users
2026-05-07 21:07:07,214 - data_loader - INFO -   Loaded 475 gold links from annotation file
2026-05-07 21:07:07,214 - data_loader - INFO -   Conversation '2006-08-23.train-a' loaded in 0.34s
2026-05-07 21:07:07,214 - data_loader - INFO -   Creating samples for 2006-08-23.train-a: all 1673 messages
2026-05-07 21:07:07,228 - data_loader - INFO -   Created 186 samples for 2006-08-23.train-a
2026-05-07 21:07:07,228 - data_loader - INFO -   File 40/153: 2006-08-23.train-a - 1673 messages, 6386 total samples so far
2026-05-07 21:07:07,228 - data_loader - INFO - Loading conversation from data/train/2006-09-13.train-c.ascii.txt
2026-05-07 21:07:07,229 - data_loader - INFO -   Read 1500 lines from ASCII file
2026-05-07 21:07:07,233 - data_loader - INFO -   Parsed 1500 messages, found 98 unique users
2026-05-07 21:07:07,414 - data_loader - INFO -   Loaded 388 gold links from annotation file
2026-05-07 21:07:07,414 - data_loader - INFO -   Conversation '2006-09-13.train-c' loaded in 0.19s
2026-05-07 21:07:07,414 - data_loader - INFO -   Creating samples for 2006-09-13.train-c: all 1500 messages
2026-05-07 21:07:07,426 - data_loader - INFO -   Created 156 samples for 2006-09-13.train-c
2026-05-07 21:07:07,426 - data_loader - INFO -   File 41/153: 2006-09-13.train-c - 1500 messages, 6542 total samples so far
2026-05-07 21:07:07,426 - data_loader - INFO - Loading conversation from data/train/2006-09-24.train-c.ascii.txt
2026-05-07 21:07:07,427 - data_loader - INFO -   Read 1500 lines from ASCII file
2026-05-07 21:07:07,431 - data_loader - INFO -   Parsed 1500 messages, found 114 unique users
2026-05-07 21:07:07,651 - data_loader - INFO -   Loaded 417 gold links from annotation file
2026-05-07 21:07:07,651 - data_loader - INFO -   Conversation '2006-09-24.train-c' loaded in 0.23s
2026-05-07 21:07:07,651 - data_loader - INFO -   Creating samples for 2006-09-24.train-c: all 1500 messages
2026-05-07 21:07:07,664 - data_loader - INFO -   Created 188 samples for 2006-09-24.train-c
2026-05-07 21:07:07,664 - data_loader - INFO -   File 42/153: 2006-09-24.train-c - 1500 messages, 6730 total samples so far
2026-05-07 21:07:07,664 - data_loader - INFO - Loading conversation from data/train/2006-11-01.train-c.ascii.txt
2026-05-07 21:07:07,665 - data_loader - INFO -   Read 1500 lines from ASCII file
2026-05-07 21:07:07,669 - data_loader - INFO -   Parsed 1500 messages, found 126 unique users
2026-05-07 21:07:07,893 - data_loader - INFO -   Loaded 383 gold links from annotation file
2026-05-07 21:07:07,893 - data_loader - INFO -   Conversation '2006-11-01.train-c' loaded in 0.23s
2026-05-07 21:07:07,894 - data_loader - INFO -   Creating samples for 2006-11-01.train-c: all 1500 messages
2026-05-07 21:07:07,908 - data_loader - INFO -   Created 216 samples for 2006-11-01.train-c
2026-05-07 21:07:07,908 - data_loader - INFO -   File 43/153: 2006-11-01.train-c - 1500 messages, 6946 total samples so far
2026-05-07 21:07:07,908 - data_loader - INFO - Loading conversation from data/train/2006-12-06.train-c.ascii.txt
2026-05-07 21:07:07,909 - data_loader - INFO -   Read 1500 lines from ASCII file
2026-05-07 21:07:07,913 - data_loader - INFO -   Parsed 1500 messages, found 110 unique users
2026-05-07 21:07:08,098 - data_loader - INFO -   Loaded 404 gold links from annotation file
2026-05-07 21:07:08,098 - data_loader - INFO -   Conversation '2006-12-06.train-c' loaded in 0.19s
2026-05-07 21:07:08,098 - data_loader - INFO -   Creating samples for 2006-12-06.train-c: all 1500 messages
2026-05-07 21:07:08,111 - data_loader - INFO -   Created 212 samples for 2006-12-06.train-c
2026-05-07 21:07:08,111 - data_loader - INFO -   File 44/153: 2006-12-06.train-c - 1500 messages, 7158 total samples so far
2026-05-07 21:07:08,111 - data_loader - INFO - Loading conversation from data/train/2006-12-10.train-a.ascii.txt
2026-05-07 21:07:08,112 - data_loader - INFO -   Read 1681 lines from ASCII file
2026-05-07 21:07:08,116 - data_loader - INFO -   Parsed 1681 messages, found 147 unique users
2026-05-07 21:07:08,401 - data_loader - INFO -   Loaded 561 gold links from annotation file
2026-05-07 21:07:08,401 - data_loader - INFO -   Conversation '2006-12-10.train-a' loaded in 0.29s
2026-05-07 21:07:08,401 - data_loader - INFO -   Creating samples for 2006-12-10.train-a: all 1681 messages
2026-05-07 21:07:08,417 - data_loader - INFO -   Created 259 samples for 2006-12-10.train-a
2026-05-07 21:07:08,417 - data_loader - INFO -   File 45/153: 2006-12-10.train-a - 1681 messages, 7417 total samples so far
2026-05-07 21:07:08,417 - data_loader - INFO - Loading conversation from data/train/2006-12-20.train-c.ascii.txt
2026-05-07 21:07:08,419 - data_loader - INFO -   Read 1500 lines from ASCII file
2026-05-07 21:07:08,627 - data_loader - INFO -   Parsed 1500 messages, found 115 unique users
2026-05-07 21:07:08,848 - data_loader - INFO -   Loaded 383 gold links from annotation file
2026-05-07 21:07:08,848 - data_loader - INFO -   Conversation '2006-12-20.train-c' loaded in 0.43s
2026-05-07 21:07:08,849 - data_loader - INFO -   Creating samples for 2006-12-20.train-c: all 1500 messages
2026-05-07 21:07:08,861 - data_loader - INFO -   Created 170 samples for 2006-12-20.train-c
2026-05-07 21:07:08,861 - data_loader - INFO -   File 46/153: 2006-12-20.train-c - 1500 messages, 7587 total samples so far
2026-05-07 21:07:08,861 - data_loader - INFO - Loading conversation from data/train/2007-01-12.train-c.ascii.txt
2026-05-07 21:07:08,862 - data_loader - INFO -   Read 1500 lines from ASCII file
2026-05-07 21:07:08,866 - data_loader - INFO -   Parsed 1500 messages, found 113 unique users
2026-05-07 21:07:09,086 - data_loader - INFO -   Loaded 407 gold links from annotation file
2026-05-07 21:07:09,086 - data_loader - INFO -   Conversation '2007-01-12.train-c' loaded in 0.22s
2026-05-07 21:07:09,086 - data_loader - INFO -   Creating samples for 2007-01-12.train-c: all 1500 messages
2026-05-07 21:07:09,100 - data_loader - INFO -   Created 226 samples for 2007-01-12.train-c
2026-05-07 21:07:09,100 - data_loader - INFO -   File 47/153: 2007-01-12.train-c - 1500 messages, 7813 total samples so far
2026-05-07 21:07:09,100 - data_loader - INFO - Loading conversation from data/train/2007-01-19.train-a.ascii.txt
2026-05-07 21:07:09,102 - data_loader - INFO -   Read 1740 lines from ASCII file
2026-05-07 21:07:09,107 - data_loader - INFO -   Parsed 1740 messages, found 102 unique users
2026-05-07 21:07:09,358 - data_loader - INFO -   Loaded 540 gold links from annotation file
2026-05-07 21:07:09,358 - data_loader - INFO -   Conversation '2007-01-19.train-a' loaded in 0.26s
2026-05-07 21:07:09,358 - data_loader - INFO -   Creating samples for 2007-01-19.train-a: all 1740 messages
2026-05-07 21:07:09,371 - data_loader - INFO -   Created 146 samples for 2007-01-19.train-a
2026-05-07 21:07:09,371 - data_loader - INFO -   File 48/153: 2007-01-19.train-a - 1740 messages, 7959 total samples so far
2026-05-07 21:07:09,371 - data_loader - INFO - Loading conversation from data/train/2007-01-21.train-c.ascii.txt
2026-05-07 21:07:09,372 - data_loader - INFO -   Read 1500 lines from ASCII file
2026-05-07 21:07:09,376 - data_loader - INFO -   Parsed 1500 messages, found 127 unique users
2026-05-07 21:07:09,625 - data_loader - INFO -   Loaded 379 gold links from annotation file
2026-05-07 21:07:09,625 - data_loader - INFO -   Conversation '2007-01-21.train-c' loaded in 0.25s
2026-05-07 21:07:09,625 - data_loader - INFO -   Creating samples for 2007-01-21.train-c: all 1500 messages
2026-05-07 21:07:09,640 - data_loader - INFO -   Created 239 samples for 2007-01-21.train-c
2026-05-07 21:07:09,640 - data_loader - INFO -   File 49/153: 2007-01-21.train-c - 1500 messages, 8198 total samples so far
2026-05-07 21:07:09,640 - data_loader - INFO - Loading conversation from data/train/2007-01-29.train-c.ascii.txt
2026-05-07 21:07:09,642 - data_loader - INFO -   Read 1500 lines from ASCII file
2026-05-07 21:07:09,645 - data_loader - INFO -   Parsed 1500 messages, found 115 unique users
2026-05-07 21:07:09,876 - data_loader - INFO -   Loaded 389 gold links from annotation file
2026-05-07 21:07:09,876 - data_loader - INFO -   Conversation '2007-01-29.train-c' loaded in 0.24s
2026-05-07 21:07:09,877 - data_loader - INFO -   Creating samples for 2007-01-29.train-c: all 1500 messages
2026-05-07 21:07:09,889 - data_loader - INFO -   Created 168 samples for 2007-01-29.train-c
2026-05-07 21:07:09,889 - data_loader - INFO -   File 50/153: 2007-01-29.train-c - 1500 messages, 8366 total samples so far
2026-05-07 21:07:09,889 - data_loader - INFO - Loading conversation from data/train/2007-02-06.train-c.ascii.txt
2026-05-07 21:07:09,891 - data_loader - INFO -   Read 1500 lines from ASCII file
2026-05-07 21:07:09,894 - data_loader - INFO -   Parsed 1500 messages, found 131 unique users
2026-05-07 21:07:10,147 - data_loader - INFO -   Loaded 387 gold links from annotation file
2026-05-07 21:07:10,147 - data_loader - INFO -   Conversation '2007-02-06.train-c' loaded in 0.26s
2026-05-07 21:07:10,147 - data_loader - INFO -   Creating samples for 2007-02-06.train-c: all 1500 messages
2026-05-07 21:07:10,161 - data_loader - INFO -   Created 225 samples for 2007-02-06.train-c
2026-05-07 21:07:10,161 - data_loader - INFO -   File 51/153: 2007-02-06.train-c - 1500 messages, 8591 total samples so far
2026-05-07 21:07:10,161 - data_loader - INFO - Loading conversation from data/train/2007-02-07.train-c.ascii.txt
2026-05-07 21:07:10,163 - data_loader - INFO -   Read 1500 lines from ASCII file
2026-05-07 21:07:10,166 - data_loader - INFO -   Parsed 1500 messages, found 112 unique users
2026-05-07 21:07:10,386 - data_loader - INFO -   Loaded 369 gold links from annotation file
2026-05-07 21:07:10,386 - data_loader - INFO -   Conversation '2007-02-07.train-c' loaded in 0.22s
2026-05-07 21:07:10,386 - data_loader - INFO -   Creating samples for 2007-02-07.train-c: all 1500 messages
2026-05-07 21:07:10,397 - data_loader - INFO -   Created 145 samples for 2007-02-07.train-c
2026-05-07 21:07:10,397 - data_loader - INFO -   File 52/153: 2007-02-07.train-c - 1500 messages, 8736 total samples so far
2026-05-07 21:07:10,397 - data_loader - INFO - Loading conversation from data/train/2007-02-15.train-c.ascii.txt
2026-05-07 21:07:10,398 - data_loader - INFO -   Read 1500 lines from ASCII file
2026-05-07 21:07:10,402 - data_loader - INFO -   Parsed 1500 messages, found 121 unique users
2026-05-07 21:07:10,631 - data_loader - INFO -   Loaded 414 gold links from annotation file
2026-05-07 21:07:10,631 - data_loader - INFO -   Conversation '2007-02-15.train-c' loaded in 0.23s
2026-05-07 21:07:10,631 - data_loader - INFO -   Creating samples for 2007-02-15.train-c: all 1500 messages
2026-05-07 21:07:10,645 - data_loader - INFO -   Created 236 samples for 2007-02-15.train-c
2026-05-07 21:07:10,645 - data_loader - INFO -   File 53/153: 2007-02-15.train-c - 1500 messages, 8972 total samples so far
2026-05-07 21:07:10,645 - data_loader - INFO - Loading conversation from data/train/2007-06-01.train-c.ascii.txt
2026-05-07 21:07:10,647 - data_loader - INFO -   Read 1500 lines from ASCII file
2026-05-07 21:07:10,651 - data_loader - INFO -   Parsed 1500 messages, found 93 unique users
2026-05-07 21:07:10,827 - data_loader - INFO -   Loaded 394 gold links from annotation file
2026-05-07 21:07:10,827 - data_loader - INFO -   Conversation '2007-06-01.train-c' loaded in 0.18s
2026-05-07 21:07:10,827 - data_loader - INFO -   Creating samples for 2007-06-01.train-c: all 1500 messages
2026-05-07 21:07:10,839 - data_loader - INFO -   Created 161 samples for 2007-06-01.train-c
2026-05-07 21:07:10,839 - data_loader - INFO -   File 54/153: 2007-06-01.train-c - 1500 messages, 9133 total samples so far
2026-05-07 21:07:10,839 - data_loader - INFO - Loading conversation from data/train/2007-06-04.train-a.ascii.txt
2026-05-07 21:07:10,840 - data_loader - INFO -   Read 1910 lines from ASCII file
2026-05-07 21:07:10,844 - data_loader - INFO -   Parsed 1910 messages, found 152 unique users
2026-05-07 21:07:11,209 - data_loader - INFO -   Loaded 763 gold links from annotation file
2026-05-07 21:07:11,209 - data_loader - INFO -   Conversation '2007-06-04.train-a' loaded in 0.37s
2026-05-07 21:07:11,209 - data_loader - INFO -   Creating samples for 2007-06-04.train-a: all 1910 messages
2026-05-07 21:07:11,231 - data_loader - INFO -   Created 343 samples for 2007-06-04.train-a
2026-05-07 21:07:11,231 - data_loader - INFO -   File 55/153: 2007-06-04.train-a - 1910 messages, 9476 total samples so far
2026-05-07 21:07:11,231 - data_loader - INFO - Loading conversation from data/train/2007-06-17.train-a.ascii.txt
2026-05-07 21:07:11,232 - data_loader - INFO -   Read 1764 lines from ASCII file
2026-05-07 21:07:11,236 - data_loader - INFO -   Parsed 1764 messages, found 146 unique users
2026-05-07 21:07:11,540 - data_loader - INFO -   Loaded 585 gold links from annotation file
2026-05-07 21:07:11,540 - data_loader - INFO -   Conversation '2007-06-17.train-a' loaded in 0.31s
2026-05-07 21:07:11,540 - data_loader - INFO -   Creating samples for 2007-06-17.train-a: all 1764 messages
2026-05-07 21:07:11,557 - data_loader - INFO -   Created 267 samples for 2007-06-17.train-a
2026-05-07 21:07:11,557 - data_loader - INFO -   File 56/153: 2007-06-17.train-a - 1764 messages, 9743 total samples so far
2026-05-07 21:07:11,557 - data_loader - INFO - Loading conversation from data/train/2007-07-03.train-a.ascii.txt
2026-05-07 21:07:11,558 - data_loader - INFO -   Read 1800 lines from ASCII file
2026-05-07 21:07:11,563 - data_loader - INFO -   Parsed 1800 messages, found 138 unique users
2026-05-07 21:07:11,861 - data_loader - INFO -   Loaded 625 gold links from annotation file
2026-05-07 21:07:11,861 - data_loader - INFO -   Conversation '2007-07-03.train-a' loaded in 0.30s
2026-05-07 21:07:11,861 - data_loader - INFO -   Creating samples for 2007-07-03.train-a: all 1800 messages
2026-05-07 21:07:11,879 - data_loader - INFO -   Created 304 samples for 2007-07-03.train-a
2026-05-07 21:07:11,879 - data_loader - INFO -   File 57/153: 2007-07-03.train-a - 1800 messages, 10047 total samples so far
2026-05-07 21:07:11,879 - data_loader - INFO - Loading conversation from data/train/2007-08-19.train-a.ascii.txt
2026-05-07 21:07:11,881 - data_loader - INFO -   Read 1708 lines from ASCII file
2026-05-07 21:07:11,885 - data_loader - INFO -   Parsed 1708 messages, found 134 unique users
2026-05-07 21:07:12,166 - data_loader - INFO -   Loaded 581 gold links from annotation file
2026-05-07 21:07:12,166 - data_loader - INFO -   Conversation '2007-08-19.train-a' loaded in 0.29s
2026-05-07 21:07:12,166 - data_loader - INFO -   Creating samples for 2007-08-19.train-a: all 1708 messages
2026-05-07 21:07:12,183 - data_loader - INFO -   Created 268 samples for 2007-08-19.train-a
2026-05-07 21:07:12,183 - data_loader - INFO -   File 58/153: 2007-08-19.train-a - 1708 messages, 10315 total samples so far
2026-05-07 21:07:12,184 - data_loader - INFO - Loading conversation from data/train/2007-08-22.train-c.ascii.txt
2026-05-07 21:07:12,185 - data_loader - INFO -   Read 1500 lines from ASCII file
2026-05-07 21:07:12,189 - data_loader - INFO -   Parsed 1500 messages, found 96 unique users
2026-05-07 21:07:12,374 - data_loader - INFO -   Loaded 409 gold links from annotation file
2026-05-07 21:07:12,374 - data_loader - INFO -   Conversation '2007-08-22.train-c' loaded in 0.19s
2026-05-07 21:07:12,374 - data_loader - INFO -   Creating samples for 2007-08-22.train-c: all 1500 messages
2026-05-07 21:07:12,386 - data_loader - INFO -   Created 148 samples for 2007-08-22.train-c
2026-05-07 21:07:12,386 - data_loader - INFO -   File 59/153: 2007-08-22.train-c - 1500 messages, 10463 total samples so far
2026-05-07 21:07:12,386 - data_loader - INFO - Loading conversation from data/train/2007-08-24.train-c.ascii.txt
2026-05-07 21:07:12,387 - data_loader - INFO -   Read 1500 lines from ASCII file
2026-05-07 21:07:12,390 - data_loader - INFO -   Parsed 1500 messages, found 103 unique users
2026-05-07 21:07:12,583 - data_loader - INFO -   Loaded 414 gold links from annotation file
2026-05-07 21:07:12,583 - data_loader - INFO -   Conversation '2007-08-24.train-c' loaded in 0.20s
2026-05-07 21:07:12,583 - data_loader - INFO -   Creating samples for 2007-08-24.train-c: all 1500 messages
2026-05-07 21:07:12,595 - data_loader - INFO -   Created 171 samples for 2007-08-24.train-c
2026-05-07 21:07:12,595 - data_loader - INFO -   File 60/153: 2007-08-24.train-c - 1500 messages, 10634 total samples so far
2026-05-07 21:07:12,595 - data_loader - INFO - Loading conversation from data/train/2007-09-07.train-a.ascii.txt
2026-05-07 21:07:12,597 - data_loader - INFO -   Read 1759 lines from ASCII file
2026-05-07 21:07:12,601 - data_loader - INFO -   Parsed 1759 messages, found 149 unique users
2026-05-07 21:07:12,924 - data_loader - INFO -   Loaded 591 gold links from annotation file
2026-05-07 21:07:12,924 - data_loader - INFO -   Conversation '2007-09-07.train-a' loaded in 0.33s
2026-05-07 21:07:12,924 - data_loader - INFO -   Creating samples for 2007-09-07.train-a: all 1759 messages
2026-05-07 21:07:12,942 - data_loader - INFO -   Created 313 samples for 2007-09-07.train-a
2026-05-07 21:07:12,942 - data_loader - INFO -   File 61/153: 2007-09-07.train-a - 1759 messages, 10947 total samples so far
2026-05-07 21:07:12,942 - data_loader - INFO - Loading conversation from data/train/2007-10-24.train-c.ascii.txt
2026-05-07 21:07:12,943 - data_loader - INFO -   Read 1500 lines from ASCII file
2026-05-07 21:07:12,947 - data_loader - INFO -   Parsed 1500 messages, found 206 unique users
2026-05-07 21:07:13,488 - data_loader - INFO -   Loaded 380 gold links from annotation file
2026-05-07 21:07:13,488 - data_loader - INFO -   Conversation '2007-10-24.train-c' loaded in 0.55s
2026-05-07 21:07:13,488 - data_loader - INFO -   Creating samples for 2007-10-24.train-c: all 1500 messages
2026-05-07 21:07:13,500 - data_loader - INFO -   Created 117 samples for 2007-10-24.train-c
2026-05-07 21:07:13,500 - data_loader - INFO -   File 62/153: 2007-10-24.train-c - 1500 messages, 11064 total samples so far
2026-05-07 21:07:13,500 - data_loader - INFO - Loading conversation from data/train/2007-12-17.train-a.ascii.txt
2026-05-07 21:07:13,501 - data_loader - INFO -   Read 1650 lines from ASCII file
2026-05-07 21:07:13,506 - data_loader - INFO -   Parsed 1650 messages, found 170 unique users
2026-05-07 21:07:13,990 - data_loader - INFO -   Loaded 472 gold links from annotation file
2026-05-07 21:07:13,990 - data_loader - INFO -   Conversation '2007-12-17.train-a' loaded in 0.49s
2026-05-07 21:07:13,990 - data_loader - INFO -   Creating samples for 2007-12-17.train-a: all 1650 messages
2026-05-07 21:07:14,000 - data_loader - INFO -   Created 73 samples for 2007-12-17.train-a
2026-05-07 21:07:14,000 - data_loader - INFO -   File 63/153: 2007-12-17.train-a - 1650 messages, 11137 total samples so far
2026-05-07 21:07:14,000 - data_loader - INFO - Loading conversation from data/train/2008-01-02.train-c.ascii.txt
2026-05-07 21:07:14,002 - data_loader - INFO -   Read 1500 lines from ASCII file
2026-05-07 21:07:14,006 - data_loader - INFO -   Parsed 1500 messages, found 159 unique users
2026-05-07 21:07:14,397 - data_loader - INFO -   Loaded 342 gold links from annotation file
2026-05-07 21:07:14,397 - data_loader - INFO -   Conversation '2008-01-02.train-c' loaded in 0.40s
2026-05-07 21:07:14,397 - data_loader - INFO -   Creating samples for 2008-01-02.train-c: all 1500 messages
2026-05-07 21:07:14,408 - data_loader - INFO -   Created 103 samples for 2008-01-02.train-c
2026-05-07 21:07:14,408 - data_loader - INFO -   File 64/153: 2008-01-02.train-c - 1500 messages, 11240 total samples so far
2026-05-07 21:07:14,408 - data_loader - INFO - Loading conversation from data/train/2008-01-03.train-c.ascii.txt
2026-05-07 21:07:14,410 - data_loader - INFO -   Read 1500 lines from ASCII file
2026-05-07 21:07:14,414 - data_loader - INFO -   Parsed 1500 messages, found 180 unique users
2026-05-07 21:07:14,874 - data_loader - INFO -   Loaded 364 gold links from annotation file
2026-05-07 21:07:14,874 - data_loader - INFO -   Conversation '2008-01-03.train-c' loaded in 0.47s
2026-05-07 21:07:14,874 - data_loader - INFO -   Creating samples for 2008-01-03.train-c: all 1500 messages
2026-05-07 21:07:14,886 - data_loader - INFO -   Created 103 samples for 2008-01-03.train-c
2026-05-07 21:07:14,886 - data_loader - INFO -   File 65/153: 2008-01-03.train-c - 1500 messages, 11343 total samples so far
2026-05-07 21:07:14,886 - data_loader - INFO - Loading conversation from data/train/2008-02-07.train-c.ascii.txt
2026-05-07 21:07:14,887 - data_loader - INFO -   Read 1500 lines from ASCII file
2026-05-07 21:07:14,892 - data_loader - INFO -   Parsed 1500 messages, found 193 unique users
2026-05-07 21:07:15,401 - data_loader - INFO -   Loaded 352 gold links from annotation file
2026-05-07 21:07:15,401 - data_loader - INFO -   Conversation '2008-02-07.train-c' loaded in 0.51s
2026-05-07 21:07:15,401 - data_loader - INFO -   Creating samples for 2008-02-07.train-c: all 1500 messages
2026-05-07 21:07:15,414 - data_loader - INFO -   Created 137 samples for 2008-02-07.train-c
2026-05-07 21:07:15,415 - data_loader - INFO -   File 66/153: 2008-02-07.train-c - 1500 messages, 11480 total samples so far
2026-05-07 21:07:15,415 - data_loader - INFO - Loading conversation from data/train/2008-02-14.train-c.ascii.txt
2026-05-07 21:07:15,416 - data_loader - INFO -   Read 1500 lines from ASCII file
2026-05-07 21:07:15,420 - data_loader - INFO -   Parsed 1500 messages, found 197 unique users
2026-05-07 21:07:15,951 - data_loader - INFO -   Loaded 365 gold links from annotation file
2026-05-07 21:07:15,951 - data_loader - INFO -   Conversation '2008-02-14.train-c' loaded in 0.54s
2026-05-07 21:07:15,951 - data_loader - INFO -   Creating samples for 2008-02-14.train-c: all 1500 messages
2026-05-07 21:07:15,964 - data_loader - INFO -   Created 129 samples for 2008-02-14.train-c
2026-05-07 21:07:15,964 - data_loader - INFO -   File 67/153: 2008-02-14.train-c - 1500 messages, 11609 total samples so far
2026-05-07 21:07:15,964 - data_loader - INFO - Loading conversation from data/train/2008-03-01.train-c.ascii.txt
2026-05-07 21:07:15,965 - data_loader - INFO -   Read 1500 lines from ASCII file
2026-05-07 21:07:15,970 - data_loader - INFO -   Parsed 1500 messages, found 127 unique users
2026-05-07 21:07:16,308 - data_loader - INFO -   Loaded 374 gold links from annotation file
2026-05-07 21:07:16,308 - data_loader - INFO -   Conversation '2008-03-01.train-c' loaded in 0.34s
2026-05-07 21:07:16,308 - data_loader - INFO -   Creating samples for 2008-03-01.train-c: all 1500 messages
2026-05-07 21:07:16,318 - data_loader - INFO -   Created 76 samples for 2008-03-01.train-c
2026-05-07 21:07:16,318 - data_loader - INFO -   File 68/153: 2008-03-01.train-c - 1500 messages, 11685 total samples so far
2026-05-07 21:07:16,318 - data_loader - INFO - Loading conversation from data/train/2008-04-20.train-a.ascii.txt
2026-05-07 21:07:16,319 - data_loader - INFO -   Read 1378 lines from ASCII file
2026-05-07 21:07:16,323 - data_loader - INFO -   Parsed 1378 messages, found 132 unique users
2026-05-07 21:07:16,614 - data_loader - INFO -   Loaded 265 gold links from annotation file
2026-05-07 21:07:16,614 - data_loader - INFO -   Conversation '2008-04-20.train-a' loaded in 0.30s
2026-05-07 21:07:16,614 - data_loader - INFO -   Creating samples for 2008-04-20.train-a: all 1378 messages
2026-05-07 21:07:16,621 - data_loader - INFO -   Created 45 samples for 2008-04-20.train-a
2026-05-07 21:07:16,621 - data_loader - INFO -   File 69/153: 2008-04-20.train-a - 1378 messages, 11730 total samples so far
2026-05-07 21:07:16,621 - data_loader - INFO - Loading conversation from data/train/2008-04-27.train-a.ascii.txt
2026-05-07 21:07:16,623 - data_loader - INFO -   Read 1979 lines from ASCII file
2026-05-07 21:07:16,628 - data_loader - INFO -   Parsed 1979 messages, found 179 unique users
2026-05-07 21:07:17,259 - data_loader - INFO -   Loaded 755 gold links from annotation file
2026-05-07 21:07:17,259 - data_loader - INFO -   Conversation '2008-04-27.train-a' loaded in 0.64s
2026-05-07 21:07:17,259 - data_loader - INFO -   Creating samples for 2008-04-27.train-a: all 1979 messages
2026-05-07 21:07:17,273 - data_loader - INFO -   Created 107 samples for 2008-04-27.train-a
2026-05-07 21:07:17,273 - data_loader - INFO -   File 70/153: 2008-04-27.train-a - 1979 messages, 11837 total samples so far
2026-05-07 21:07:17,273 - data_loader - INFO - Loading conversation from data/train/2008-04-30.train-a.ascii.txt
2026-05-07 21:07:17,274 - data_loader - INFO -   Read 1699 lines from ASCII file
2026-05-07 21:07:17,471 - data_loader - INFO -   Parsed 1699 messages, found 172 unique users
2026-05-07 21:07:17,984 - data_loader - INFO -   Loaded 483 gold links from annotation file
2026-05-07 21:07:17,984 - data_loader - INFO -   Conversation '2008-04-30.train-a' loaded in 0.71s
2026-05-07 21:07:17,984 - data_loader - INFO -   Creating samples for 2008-04-30.train-a: all 1699 messages
2026-05-07 21:07:17,994 - data_loader - INFO -   Created 75 samples for 2008-04-30.train-a
2026-05-07 21:07:17,994 - data_loader - INFO -   File 71/153: 2008-04-30.train-a - 1699 messages, 11912 total samples so far
2026-05-07 21:07:17,994 - data_loader - INFO - Loading conversation from data/train/2008-05-24.train-c.ascii.txt
2026-05-07 21:07:17,996 - data_loader - INFO -   Read 1500 lines from ASCII file
2026-05-07 21:07:18,000 - data_loader - INFO -   Parsed 1500 messages, found 147 unique users
2026-05-07 21:07:18,364 - data_loader - INFO -   Loaded 369 gold links from annotation file
2026-05-07 21:07:18,364 - data_loader - INFO -   Conversation '2008-05-24.train-c' loaded in 0.37s
2026-05-07 21:07:18,364 - data_loader - INFO -   Creating samples for 2008-05-24.train-c: all 1500 messages
2026-05-07 21:07:18,375 - data_loader - INFO -   Created 97 samples for 2008-05-24.train-c
2026-05-07 21:07:18,375 - data_loader - INFO -   File 72/153: 2008-05-24.train-c - 1500 messages, 12009 total samples so far
2026-05-07 21:07:18,375 - data_loader - INFO - Loading conversation from data/train/2008-06-03.train-a.ascii.txt
2026-05-07 21:07:18,376 - data_loader - INFO -   Read 1436 lines from ASCII file
2026-05-07 21:07:18,380 - data_loader - INFO -   Parsed 1436 messages, found 140 unique users
2026-05-07 21:07:18,724 - data_loader - INFO -   Loaded 310 gold links from annotation file
2026-05-07 21:07:18,724 - data_loader - INFO -   Conversation '2008-06-03.train-a' loaded in 0.35s
2026-05-07 21:07:18,724 - data_loader - INFO -   Creating samples for 2008-06-03.train-a: all 1436 messages
2026-05-07 21:07:18,731 - data_loader - INFO -   Created 53 samples for 2008-06-03.train-a
2026-05-07 21:07:18,731 - data_loader - INFO -   File 73/153: 2008-06-03.train-a - 1436 messages, 12062 total samples so far
2026-05-07 21:07:18,731 - data_loader - INFO - Loading conversation from data/train/2008-07-03.train-c.ascii.txt
2026-05-07 21:07:18,733 - data_loader - INFO -   Read 1500 lines from ASCII file
2026-05-07 21:07:18,737 - data_loader - INFO -   Parsed 1500 messages, found 154 unique users
2026-05-07 21:07:19,135 - data_loader - INFO -   Loaded 344 gold links from annotation file
2026-05-07 21:07:19,135 - data_loader - INFO -   Conversation '2008-07-03.train-c' loaded in 0.40s
2026-05-07 21:07:19,135 - data_loader - INFO -   Creating samples for 2008-07-03.train-c: all 1500 messages
2026-05-07 21:07:19,146 - data_loader - INFO -   Created 99 samples for 2008-07-03.train-c
2026-05-07 21:07:19,146 - data_loader - INFO -   File 74/153: 2008-07-03.train-c - 1500 messages, 12161 total samples so far
2026-05-07 21:07:19,146 - data_loader - INFO - Loading conversation from data/train/2008-10-02.train-c.ascii.txt
2026-05-07 21:07:19,148 - data_loader - INFO -   Read 1500 lines from ASCII file
2026-05-07 21:07:19,152 - data_loader - INFO -   Parsed 1500 messages, found 156 unique users
2026-05-07 21:07:19,546 - data_loader - INFO -   Loaded 364 gold links from annotation file
2026-05-07 21:07:19,546 - data_loader - INFO -   Conversation '2008-10-02.train-c' loaded in 0.40s
2026-05-07 21:07:19,546 - data_loader - INFO -   Creating samples for 2008-10-02.train-c: all 1500 messages
2026-05-07 21:07:19,555 - data_loader - INFO -   Created 87 samples for 2008-10-02.train-c
2026-05-07 21:07:19,556 - data_loader - INFO -   File 75/153: 2008-10-02.train-c - 1500 messages, 12248 total samples so far
2026-05-07 21:07:19,556 - data_loader - INFO - Loading conversation from data/train/2009-01-05.train-a.ascii.txt
2026-05-07 21:07:19,557 - data_loader - INFO -   Read 1312 lines from ASCII file
2026-05-07 21:07:19,561 - data_loader - INFO -   Parsed 1312 messages, found 126 unique users
2026-05-07 21:07:19,865 - data_loader - INFO -   Loaded 211 gold links from annotation file
2026-05-07 21:07:19,865 - data_loader - INFO -   Conversation '2009-01-05.train-a' loaded in 0.31s
2026-05-07 21:07:19,866 - data_loader - INFO -   Creating samples for 2009-01-05.train-a: all 1312 messages
2026-05-07 21:07:19,872 - data_loader - INFO -   Created 46 samples for 2009-01-05.train-a
2026-05-07 21:07:19,872 - data_loader - INFO -   File 76/153: 2009-01-05.train-a - 1312 messages, 12294 total samples so far
2026-05-07 21:07:19,872 - data_loader - INFO - Loading conversation from data/train/2009-03-25.train-a.ascii.txt
2026-05-07 21:07:19,875 - data_loader - INFO -   Read 1350 lines from ASCII file
2026-05-07 21:07:19,879 - data_loader - INFO -   Parsed 1350 messages, found 163 unique users
2026-05-07 21:07:20,242 - data_loader - INFO -   Loaded 242 gold links from annotation file
2026-05-07 21:07:20,242 - data_loader - INFO -   Conversation '2009-03-25.train-a' loaded in 0.37s
2026-05-07 21:07:20,242 - data_loader - INFO -   Creating samples for 2009-03-25.train-a: all 1350 messages
2026-05-07 21:07:20,247 - data_loader - INFO -   Created 33 samples for 2009-03-25.train-a
2026-05-07 21:07:20,248 - data_loader - INFO -   File 77/153: 2009-03-25.train-a - 1350 messages, 12327 total samples so far
2026-05-07 21:07:20,248 - data_loader - INFO - Loading conversation from data/train/2009-05-04.train-c.ascii.txt
2026-05-07 21:07:20,249 - data_loader - INFO -   Read 1500 lines from ASCII file
2026-05-07 21:07:20,253 - data_loader - INFO -   Parsed 1500 messages, found 157 unique users
2026-05-07 21:07:20,672 - data_loader - INFO -   Loaded 368 gold links from annotation file
2026-05-07 21:07:20,672 - data_loader - INFO -   Conversation '2009-05-04.train-c' loaded in 0.42s
2026-05-07 21:07:20,672 - data_loader - INFO -   Creating samples for 2009-05-04.train-c: all 1500 messages
2026-05-07 21:07:20,686 - data_loader - INFO -   Created 134 samples for 2009-05-04.train-c
2026-05-07 21:07:20,686 - data_loader - INFO -   File 78/153: 2009-05-04.train-c - 1500 messages, 12461 total samples so far
2026-05-07 21:07:20,686 - data_loader - INFO - Loading conversation from data/train/2009-05-08.train-c.ascii.txt
2026-05-07 21:07:20,687 - data_loader - INFO -   Read 1500 lines from ASCII file
2026-05-07 21:07:20,691 - data_loader - INFO -   Parsed 1500 messages, found 154 unique users
2026-05-07 21:07:21,094 - data_loader - INFO -   Loaded 339 gold links from annotation file
2026-05-07 21:07:21,094 - data_loader - INFO -   Conversation '2009-05-08.train-c' loaded in 0.41s
2026-05-07 21:07:21,094 - data_loader - INFO -   Creating samples for 2009-05-08.train-c: all 1500 messages
2026-05-07 21:07:21,104 - data_loader - INFO -   Created 77 samples for 2009-05-08.train-c
2026-05-07 21:07:21,104 - data_loader - INFO -   File 79/153: 2009-05-08.train-c - 1500 messages, 12538 total samples so far
2026-05-07 21:07:21,104 - data_loader - INFO - Loading conversation from data/train/2009-07-02.train-c.ascii.txt
2026-05-07 21:07:21,105 - data_loader - INFO -   Read 1500 lines from ASCII file
2026-05-07 21:07:21,109 - data_loader - INFO -   Parsed 1500 messages, found 156 unique users
2026-05-07 21:07:21,524 - data_loader - INFO -   Loaded 376 gold links from annotation file
2026-05-07 21:07:21,524 - data_loader - INFO -   Conversation '2009-07-02.train-c' loaded in 0.42s
2026-05-07 21:07:21,524 - data_loader - INFO -   Creating samples for 2009-07-02.train-c: all 1500 messages
2026-05-07 21:07:21,535 - data_loader - INFO -   Created 70 samples for 2009-07-02.train-c
2026-05-07 21:07:21,535 - data_loader - INFO -   File 80/153: 2009-07-02.train-c - 1500 messages, 12608 total samples so far
2026-05-07 21:07:21,535 - data_loader - INFO - Loading conversation from data/train/2009-11-13.train-c.ascii.txt
2026-05-07 21:07:21,536 - data_loader - INFO -   Read 1500 lines from ASCII file
2026-05-07 21:07:21,540 - data_loader - INFO -   Parsed 1500 messages, found 182 unique users
2026-05-07 21:07:21,983 - data_loader - INFO -   Loaded 349 gold links from annotation file
2026-05-07 21:07:21,983 - data_loader - INFO -   Conversation '2009-11-13.train-c' loaded in 0.45s
2026-05-07 21:07:21,984 - data_loader - INFO -   Creating samples for 2009-11-13.train-c: all 1500 messages
2026-05-07 21:07:21,995 - data_loader - INFO -   Created 103 samples for 2009-11-13.train-c
2026-05-07 21:07:21,995 - data_loader - INFO -   File 81/153: 2009-11-13.train-c - 1500 messages, 12711 total samples so far
2026-05-07 21:07:21,995 - data_loader - INFO - Loading conversation from data/train/2009-12-05.train-c.ascii.txt
2026-05-07 21:07:21,996 - data_loader - INFO -   Read 1500 lines from ASCII file
2026-05-07 21:07:22,000 - data_loader - INFO -   Parsed 1500 messages, found 169 unique users
2026-05-07 21:07:22,434 - data_loader - INFO -   Loaded 355 gold links from annotation file
2026-05-07 21:07:22,434 - data_loader - INFO -   Conversation '2009-12-05.train-c' loaded in 0.44s
2026-05-07 21:07:22,434 - data_loader - INFO -   Creating samples for 2009-12-05.train-c: all 1500 messages
2026-05-07 21:07:22,444 - data_loader - INFO -   Created 72 samples for 2009-12-05.train-c
2026-05-07 21:07:22,444 - data_loader - INFO -   File 82/153: 2009-12-05.train-c - 1500 messages, 12783 total samples so far
2026-05-07 21:07:22,444 - data_loader - INFO - Loading conversation from data/train/2010-01-04.train-c.ascii.txt
2026-05-07 21:07:22,445 - data_loader - INFO -   Read 1500 lines from ASCII file
2026-05-07 21:07:22,449 - data_loader - INFO -   Parsed 1500 messages, found 191 unique users
2026-05-07 21:07:22,941 - data_loader - INFO -   Loaded 354 gold links from annotation file
2026-05-07 21:07:22,941 - data_loader - INFO -   Conversation '2010-01-04.train-c' loaded in 0.50s
2026-05-07 21:07:22,941 - data_loader - INFO -   Creating samples for 2010-01-04.train-c: all 1500 messages
2026-05-07 21:07:22,954 - data_loader - INFO -   Created 110 samples for 2010-01-04.train-c
2026-05-07 21:07:22,954 - data_loader - INFO -   File 83/153: 2010-01-04.train-c - 1500 messages, 12893 total samples so far
2026-05-07 21:07:22,954 - data_loader - INFO - Loading conversation from data/train/2010-02-13.train-a.ascii.txt
2026-05-07 21:07:22,955 - data_loader - INFO -   Read 1318 lines from ASCII file
2026-05-07 21:07:22,958 - data_loader - INFO -   Parsed 1318 messages, found 141 unique users
2026-05-07 21:07:23,272 - data_loader - INFO -   Loaded 218 gold links from annotation file
2026-05-07 21:07:23,273 - data_loader - INFO -   Conversation '2010-02-13.train-a' loaded in 0.32s
2026-05-07 21:07:23,273 - data_loader - INFO -   Creating samples for 2010-02-13.train-a: all 1318 messages
2026-05-07 21:07:23,279 - data_loader - INFO -   Created 37 samples for 2010-02-13.train-a
2026-05-07 21:07:23,279 - data_loader - INFO -   File 84/153: 2010-02-13.train-a - 1318 messages, 12930 total samples so far
2026-05-07 21:07:23,279 - data_loader - INFO - Loading conversation from data/train/2010-03-08.train-c.ascii.txt
2026-05-07 21:07:23,280 - data_loader - INFO -   Read 1500 lines from ASCII file
2026-05-07 21:07:23,284 - data_loader - INFO -   Parsed 1500 messages, found 237 unique users
2026-05-07 21:07:23,907 - data_loader - INFO -   Loaded 363 gold links from annotation file
2026-05-07 21:07:23,907 - data_loader - INFO -   Conversation '2010-03-08.train-c' loaded in 0.63s
2026-05-07 21:07:23,907 - data_loader - INFO -   Creating samples for 2010-03-08.train-c: all 1500 messages
2026-05-07 21:07:23,919 - data_loader - INFO -   Created 112 samples for 2010-03-08.train-c
2026-05-07 21:07:23,919 - data_loader - INFO -   File 85/153: 2010-03-08.train-c - 1500 messages, 13042 total samples so far
2026-05-07 21:07:23,919 - data_loader - INFO - Loading conversation from data/train/2010-03-20.train-c.ascii.txt
2026-05-07 21:07:23,920 - data_loader - INFO -   Read 1500 lines from ASCII file
2026-05-07 21:07:23,925 - data_loader - INFO -   Parsed 1500 messages, found 177 unique users
2026-05-07 21:07:24,382 - data_loader - INFO -   Loaded 375 gold links from annotation file
2026-05-07 21:07:24,382 - data_loader - INFO -   Conversation '2010-03-20.train-c' loaded in 0.46s
2026-05-07 21:07:24,382 - data_loader - INFO -   Creating samples for 2010-03-20.train-c: all 1500 messages
2026-05-07 21:07:24,393 - data_loader - INFO -   Created 101 samples for 2010-03-20.train-c
2026-05-07 21:07:24,393 - data_loader - INFO -   File 86/153: 2010-03-20.train-c - 1500 messages, 13143 total samples so far
2026-05-07 21:07:24,393 - data_loader - INFO - Loading conversation from data/train/2010-04-12.train-c.ascii.txt
2026-05-07 21:07:24,395 - data_loader - INFO -   Read 1500 lines from ASCII file
2026-05-07 21:07:24,399 - data_loader - INFO -   Parsed 1500 messages, found 162 unique users
2026-05-07 21:07:24,797 - data_loader - INFO -   Loaded 344 gold links from annotation file
2026-05-07 21:07:24,797 - data_loader - INFO -   Conversation '2010-04-12.train-c' loaded in 0.40s
2026-05-07 21:07:24,797 - data_loader - INFO -   Creating samples for 2010-04-12.train-c: all 1500 messages
2026-05-07 21:07:24,806 - data_loader - INFO -   Created 73 samples for 2010-04-12.train-c
2026-05-07 21:07:24,806 - data_loader - INFO -   File 87/153: 2010-04-12.train-c - 1500 messages, 13216 total samples so far
2026-05-07 21:07:24,806 - data_loader - INFO - Loading conversation from data/train/2010-05-30.train-c.ascii.txt
2026-05-07 21:07:24,808 - data_loader - INFO -   Read 1500 lines from ASCII file
2026-05-07 21:07:24,812 - data_loader - INFO -   Parsed 1500 messages, found 196 unique users
2026-05-07 21:07:25,318 - data_loader - INFO -   Loaded 345 gold links from annotation file
2026-05-07 21:07:25,318 - data_loader - INFO -   Conversation '2010-05-30.train-c' loaded in 0.51s
2026-05-07 21:07:25,318 - data_loader - INFO -   Creating samples for 2010-05-30.train-c: all 1500 messages
2026-05-07 21:07:25,330 - data_loader - INFO -   Created 112 samples for 2010-05-30.train-c
2026-05-07 21:07:25,330 - data_loader - INFO -   File 88/153: 2010-05-30.train-c - 1500 messages, 13328 total samples so far
2026-05-07 21:07:25,330 - data_loader - INFO - Loading conversation from data/train/2010-06-21.train-c.ascii.txt
2026-05-07 21:07:25,331 - data_loader - INFO -   Read 1500 lines from ASCII file
2026-05-07 21:07:25,335 - data_loader - INFO -   Parsed 1500 messages, found 120 unique users
2026-05-07 21:07:25,642 - data_loader - INFO -   Loaded 356 gold links from annotation file
2026-05-07 21:07:25,642 - data_loader - INFO -   Conversation '2010-06-21.train-c' loaded in 0.31s
2026-05-07 21:07:25,642 - data_loader - INFO -   Creating samples for 2010-06-21.train-c: all 1500 messages
2026-05-07 21:07:25,650 - data_loader - INFO -   Created 52 samples for 2010-06-21.train-c
2026-05-07 21:07:25,650 - data_loader - INFO -   File 89/153: 2010-06-21.train-c - 1500 messages, 13380 total samples so far
2026-05-07 21:07:25,650 - data_loader - INFO - Loading conversation from data/train/2010-08-05.train-a.ascii.txt
2026-05-07 21:07:25,652 - data_loader - INFO -   Read 1279 lines from ASCII file
2026-05-07 21:07:25,655 - data_loader - INFO -   Parsed 1279 messages, found 152 unique users
2026-05-07 21:07:26,003 - data_loader - INFO -   Loaded 227 gold links from annotation file
2026-05-07 21:07:26,003 - data_loader - INFO -   Conversation '2010-08-05.train-a' loaded in 0.35s
2026-05-07 21:07:26,003 - data_loader - INFO -   Creating samples for 2010-08-05.train-a: all 1279 messages
2026-05-07 21:07:26,010 - data_loader - INFO -   Created 46 samples for 2010-08-05.train-a
2026-05-07 21:07:26,010 - data_loader - INFO -   File 90/153: 2010-08-05.train-a - 1279 messages, 13426 total samples so far
2026-05-07 21:07:26,010 - data_loader - INFO - Loading conversation from data/train/2010-08-15.train-c.ascii.txt
2026-05-07 21:07:26,012 - data_loader - INFO -   Read 1500 lines from ASCII file
2026-05-07 21:07:26,016 - data_loader - INFO -   Parsed 1500 messages, found 139 unique users
2026-05-07 21:07:26,385 - data_loader - INFO -   Loaded 346 gold links from annotation file
2026-05-07 21:07:26,385 - data_loader - INFO -   Conversation '2010-08-15.train-c' loaded in 0.37s
2026-05-07 21:07:26,385 - data_loader - INFO -   Creating samples for 2010-08-15.train-c: all 1500 messages
2026-05-07 21:07:26,394 - data_loader - INFO -   Created 77 samples for 2010-08-15.train-c
2026-05-07 21:07:26,395 - data_loader - INFO -   File 91/153: 2010-08-15.train-c - 1500 messages, 13503 total samples so far
2026-05-07 21:07:26,395 - data_loader - INFO - Loading conversation from data/train/2010-08-29.train-a.ascii.txt
2026-05-07 21:07:26,396 - data_loader - INFO -   Read 1428 lines from ASCII file
2026-05-07 21:07:26,400 - data_loader - INFO -   Parsed 1428 messages, found 171 unique users
2026-05-07 21:07:26,833 - data_loader - INFO -   Loaded 329 gold links from annotation file
2026-05-07 21:07:26,833 - data_loader - INFO -   Conversation '2010-08-29.train-a' loaded in 0.44s
2026-05-07 21:07:26,833 - data_loader - INFO -   Creating samples for 2010-08-29.train-a: all 1428 messages
2026-05-07 21:07:26,841 - data_loader - INFO -   Created 54 samples for 2010-08-29.train-a
2026-05-07 21:07:26,841 - data_loader - INFO -   File 92/153: 2010-08-29.train-a - 1428 messages, 13557 total samples so far
2026-05-07 21:07:26,841 - data_loader - INFO - Loading conversation from data/train/2010-10-17.train-c.ascii.txt
2026-05-07 21:07:26,842 - data_loader - INFO -   Read 1500 lines from ASCII file
2026-05-07 21:07:26,846 - data_loader - INFO -   Parsed 1500 messages, found 119 unique users
2026-05-07 21:07:27,151 - data_loader - INFO -   Loaded 350 gold links from annotation file
2026-05-07 21:07:27,151 - data_loader - INFO -   Conversation '2010-10-17.train-c' loaded in 0.31s
2026-05-07 21:07:27,151 - data_loader - INFO -   Creating samples for 2010-10-17.train-c: all 1500 messages
2026-05-07 21:07:27,162 - data_loader - INFO -   Created 95 samples for 2010-10-17.train-c
2026-05-07 21:07:27,162 - data_loader - INFO -   File 93/153: 2010-10-17.train-c - 1500 messages, 13652 total samples so far
2026-05-07 21:07:27,162 - data_loader - INFO - Loading conversation from data/train/2010-10-27.train-c.ascii.txt
2026-05-07 21:07:27,163 - data_loader - INFO -   Read 1500 lines from ASCII file
2026-05-07 21:07:27,168 - data_loader - INFO -   Parsed 1500 messages, found 171 unique users
2026-05-07 21:07:27,620 - data_loader - INFO -   Loaded 359 gold links from annotation file
2026-05-07 21:07:27,621 - data_loader - INFO -   Conversation '2010-10-27.train-c' loaded in 0.46s
2026-05-07 21:07:27,621 - data_loader - INFO -   Creating samples for 2010-10-27.train-c: all 1500 messages
2026-05-07 21:07:27,630 - data_loader - INFO -   Created 75 samples for 2010-10-27.train-c
2026-05-07 21:07:27,630 - data_loader - INFO -   File 94/153: 2010-10-27.train-c - 1500 messages, 13727 total samples so far
2026-05-07 21:07:27,631 - data_loader - INFO - Loading conversation from data/train/2011-02-13.train-c.ascii.txt
2026-05-07 21:07:27,632 - data_loader - INFO -   Read 1500 lines from ASCII file
2026-05-07 21:07:27,636 - data_loader - INFO -   Parsed 1500 messages, found 124 unique users
2026-05-07 21:07:27,945 - data_loader - INFO -   Loaded 340 gold links from annotation file
2026-05-07 21:07:27,945 - data_loader - INFO -   Conversation '2011-02-13.train-c' loaded in 0.31s
2026-05-07 21:07:27,945 - data_loader - INFO -   Creating samples for 2011-02-13.train-c: all 1500 messages
2026-05-07 21:07:27,954 - data_loader - INFO -   Created 80 samples for 2011-02-13.train-c
2026-05-07 21:07:27,954 - data_loader - INFO -   File 95/153: 2011-02-13.train-c - 1500 messages, 13807 total samples so far
2026-05-07 21:07:27,954 - data_loader - INFO - Loading conversation from data/train/2011-02-23.train-c.ascii.txt
2026-05-07 21:07:27,956 - data_loader - INFO -   Read 1500 lines from ASCII file
2026-05-07 21:07:27,960 - data_loader - INFO -   Parsed 1500 messages, found 199 unique users
2026-05-07 21:07:28,471 - data_loader - INFO -   Loaded 365 gold links from annotation file
2026-05-07 21:07:28,471 - data_loader - INFO -   Conversation '2011-02-23.train-c' loaded in 0.52s
2026-05-07 21:07:28,471 - data_loader - INFO -   Creating samples for 2011-02-23.train-c: all 1500 messages
2026-05-07 21:07:28,483 - data_loader - INFO -   Created 110 samples for 2011-02-23.train-c
2026-05-07 21:07:28,483 - data_loader - INFO -   File 96/153: 2011-02-23.train-c - 1500 messages, 13917 total samples so far
2026-05-07 21:07:28,483 - data_loader - INFO - Loading conversation from data/train/2011-03-18.train-c.ascii.txt
2026-05-07 21:07:28,484 - data_loader - INFO -   Read 1500 lines from ASCII file
2026-05-07 21:07:28,488 - data_loader - INFO -   Parsed 1500 messages, found 161 unique users
2026-05-07 21:07:28,886 - data_loader - INFO -   Loaded 369 gold links from annotation file
2026-05-07 21:07:28,886 - data_loader - INFO -   Conversation '2011-03-18.train-c' loaded in 0.40s
2026-05-07 21:07:28,886 - data_loader - INFO -   Creating samples for 2011-03-18.train-c: all 1500 messages
2026-05-07 21:07:28,897 - data_loader - INFO -   Created 90 samples for 2011-03-18.train-c
2026-05-07 21:07:28,897 - data_loader - INFO -   File 97/153: 2011-03-18.train-c - 1500 messages, 14007 total samples so far
2026-05-07 21:07:28,897 - data_loader - INFO - Loading conversation from data/train/2011-04-14.train-c.ascii.txt
2026-05-07 21:07:28,898 - data_loader - INFO -   Read 1500 lines from ASCII file
2026-05-07 21:07:28,902 - data_loader - INFO -   Parsed 1500 messages, found 129 unique users
2026-05-07 21:07:29,225 - data_loader - INFO -   Loaded 363 gold links from annotation file
2026-05-07 21:07:29,225 - data_loader - INFO -   Conversation '2011-04-14.train-c' loaded in 0.33s
2026-05-07 21:07:29,225 - data_loader - INFO -   Creating samples for 2011-04-14.train-c: all 1500 messages
2026-05-07 21:07:29,235 - data_loader - INFO -   Created 72 samples for 2011-04-14.train-c
2026-05-07 21:07:29,235 - data_loader - INFO -   File 98/153: 2011-04-14.train-c - 1500 messages, 14079 total samples so far
2026-05-07 21:07:29,235 - data_loader - INFO - Loading conversation from data/train/2011-04-17.train-c.ascii.txt
2026-05-07 21:07:29,236 - data_loader - INFO -   Read 1500 lines from ASCII file
2026-05-07 21:07:29,240 - data_loader - INFO -   Parsed 1500 messages, found 141 unique users
2026-05-07 21:07:29,610 - data_loader - INFO -   Loaded 361 gold links from annotation file
2026-05-07 21:07:29,610 - data_loader - INFO -   Conversation '2011-04-17.train-c' loaded in 0.38s
2026-05-07 21:07:29,611 - data_loader - INFO -   Creating samples for 2011-04-17.train-c: all 1500 messages
2026-05-07 21:07:29,620 - data_loader - INFO -   Created 75 samples for 2011-04-17.train-c
2026-05-07 21:07:29,620 - data_loader - INFO -   File 99/153: 2011-04-17.train-c - 1500 messages, 14154 total samples so far
2026-05-07 21:07:29,620 - data_loader - INFO - Loading conversation from data/train/2011-04-28.train-a.ascii.txt
2026-05-07 21:07:29,622 - data_loader - INFO -   Read 1411 lines from ASCII file
2026-05-07 21:07:29,626 - data_loader - INFO -   Parsed 1411 messages, found 168 unique users
2026-05-07 21:07:30,002 - data_loader - INFO -   Loaded 270 gold links from annotation file
2026-05-07 21:07:30,002 - data_loader - INFO -   Conversation '2011-04-28.train-a' loaded in 0.38s
2026-05-07 21:07:30,002 - data_loader - INFO -   Creating samples for 2011-04-28.train-a: all 1411 messages
2026-05-07 21:07:30,010 - data_loader - INFO -   Created 78 samples for 2011-04-28.train-a
2026-05-07 21:07:30,010 - data_loader - INFO -   File 100/153: 2011-04-28.train-a - 1411 messages, 14232 total samples so far
2026-05-07 21:07:30,010 - data_loader - INFO - Loading conversation from data/train/2011-08-17.train-a.ascii.txt
2026-05-07 21:07:30,012 - data_loader - INFO -   Read 1137 lines from ASCII file
2026-05-07 21:07:30,015 - data_loader - INFO -   Parsed 1137 messages, found 119 unique users
2026-05-07 21:07:30,245 - data_loader - INFO -   Loaded 90 gold links from annotation file
2026-05-07 21:07:30,245 - data_loader - INFO -   Conversation '2011-08-17.train-a' loaded in 0.23s
2026-05-07 21:07:30,245 - data_loader - INFO -   Creating samples for 2011-08-17.train-a: all 1137 messages
2026-05-07 21:07:30,250 - data_loader - INFO -   Created 30 samples for 2011-08-17.train-a
2026-05-07 21:07:30,250 - data_loader - INFO -   File 101/153: 2011-08-17.train-a - 1137 messages, 14262 total samples so far
2026-05-07 21:07:30,250 - data_loader - INFO - Loading conversation from data/train/2011-08-22.train-c.ascii.txt
2026-05-07 21:07:30,251 - data_loader - INFO -   Read 1500 lines from ASCII file
2026-05-07 21:07:30,256 - data_loader - INFO -   Parsed 1500 messages, found 158 unique users
2026-05-07 21:07:30,649 - data_loader - INFO -   Loaded 349 gold links from annotation file
2026-05-07 21:07:30,649 - data_loader - INFO -   Conversation '2011-08-22.train-c' loaded in 0.40s
2026-05-07 21:07:30,649 - data_loader - INFO -   Creating samples for 2011-08-22.train-c: all 1500 messages
2026-05-07 21:07:30,661 - data_loader - INFO -   Created 110 samples for 2011-08-22.train-c
2026-05-07 21:07:30,661 - data_loader - INFO -   File 102/153: 2011-08-22.train-c - 1500 messages, 14372 total samples so far
2026-05-07 21:07:30,661 - data_loader - INFO - Loading conversation from data/train/2011-11-24.train-c.ascii.txt
2026-05-07 21:07:30,662 - data_loader - INFO -   Read 1500 lines from ASCII file
2026-05-07 21:07:30,667 - data_loader - INFO -   Parsed 1500 messages, found 161 unique users
2026-05-07 21:07:31,064 - data_loader - INFO -   Loaded 361 gold links from annotation file
2026-05-07 21:07:31,064 - data_loader - INFO -   Conversation '2011-11-24.train-c' loaded in 0.40s
2026-05-07 21:07:31,065 - data_loader - INFO -   Creating samples for 2011-11-24.train-c: all 1500 messages
2026-05-07 21:07:31,075 - data_loader - INFO -   Created 84 samples for 2011-11-24.train-c
2026-05-07 21:07:31,075 - data_loader - INFO -   File 103/153: 2011-11-24.train-c - 1500 messages, 14456 total samples so far
2026-05-07 21:07:31,075 - data_loader - INFO - Loading conversation from data/train/2011-12-07.train-c.ascii.txt
2026-05-07 21:07:31,076 - data_loader - INFO -   Read 1500 lines from ASCII file
2026-05-07 21:07:31,080 - data_loader - INFO -   Parsed 1500 messages, found 142 unique users
2026-05-07 21:07:31,417 - data_loader - INFO -   Loaded 369 gold links from annotation file
2026-05-07 21:07:31,417 - data_loader - INFO -   Conversation '2011-12-07.train-c' loaded in 0.34s
2026-05-07 21:07:31,417 - data_loader - INFO -   Creating samples for 2011-12-07.train-c: all 1500 messages
2026-05-07 21:07:31,429 - data_loader - INFO -   Created 119 samples for 2011-12-07.train-c
2026-05-07 21:07:31,429 - data_loader - INFO -   File 104/153: 2011-12-07.train-c - 1500 messages, 14575 total samples so far
2026-05-07 21:07:31,429 - data_loader - INFO - Loading conversation from data/train/2012-02-03.train-a.ascii.txt
2026-05-07 21:07:31,431 - data_loader - INFO -   Read 1242 lines from ASCII file
2026-05-07 21:07:31,434 - data_loader - INFO -   Parsed 1242 messages, found 153 unique users
2026-05-07 21:07:31,750 - data_loader - INFO -   Loaded 167 gold links from annotation file
2026-05-07 21:07:31,750 - data_loader - INFO -   Conversation '2012-02-03.train-a' loaded in 0.32s
2026-05-07 21:07:31,750 - data_loader - INFO -   Creating samples for 2012-02-03.train-a: all 1242 messages
2026-05-07 21:07:32,063 - data_loader - INFO -   Created 49 samples for 2012-02-03.train-a
2026-05-07 21:07:32,063 - data_loader - INFO -   File 105/153: 2012-02-03.train-a - 1242 messages, 14624 total samples so far
2026-05-07 21:07:32,063 - data_loader - INFO - Loading conversation from data/train/2012-03-24.train-c.ascii.txt
2026-05-07 21:07:32,065 - data_loader - INFO -   Read 1500 lines from ASCII file
2026-05-07 21:07:32,069 - data_loader - INFO -   Parsed 1500 messages, found 163 unique users
2026-05-07 21:07:32,495 - data_loader - INFO -   Loaded 342 gold links from annotation file
2026-05-07 21:07:32,495 - data_loader - INFO -   Conversation '2012-03-24.train-c' loaded in 0.43s
2026-05-07 21:07:32,495 - data_loader - INFO -   Creating samples for 2012-03-24.train-c: all 1500 messages
2026-05-07 21:07:32,506 - data_loader - INFO -   Created 80 samples for 2012-03-24.train-c
2026-05-07 21:07:32,506 - data_loader - INFO -   File 106/153: 2012-03-24.train-c - 1500 messages, 14704 total samples so far
2026-05-07 21:07:32,506 - data_loader - INFO - Loading conversation from data/train/2012-05-04.train-a.ascii.txt
2026-05-07 21:07:32,507 - data_loader - INFO -   Read 1211 lines from ASCII file
2026-05-07 21:07:32,510 - data_loader - INFO -   Parsed 1211 messages, found 136 unique users
2026-05-07 21:07:32,795 - data_loader - INFO -   Loaded 154 gold links from annotation file
2026-05-07 21:07:32,795 - data_loader - INFO -   Conversation '2012-05-04.train-a' loaded in 0.29s
2026-05-07 21:07:32,795 - data_loader - INFO -   Creating samples for 2012-05-04.train-a: all 1211 messages
2026-05-07 21:07:32,800 - data_loader - INFO -   Created 21 samples for 2012-05-04.train-a
2026-05-07 21:07:32,800 - data_loader - INFO -   File 107/153: 2012-05-04.train-a - 1211 messages, 14725 total samples so far
2026-05-07 21:07:32,800 - data_loader - INFO - Loading conversation from data/train/2012-05-20.train-a.ascii.txt
2026-05-07 21:07:32,802 - data_loader - INFO -   Read 1365 lines from ASCII file
2026-05-07 21:07:32,806 - data_loader - INFO -   Parsed 1365 messages, found 131 unique users
2026-05-07 21:07:33,140 - data_loader - INFO -   Loaded 288 gold links from annotation file
2026-05-07 21:07:33,140 - data_loader - INFO -   Conversation '2012-05-20.train-a' loaded in 0.34s
2026-05-07 21:07:33,140 - data_loader - INFO -   Creating samples for 2012-05-20.train-a: all 1365 messages
2026-05-07 21:07:33,147 - data_loader - INFO -   Created 47 samples for 2012-05-20.train-a
2026-05-07 21:07:33,147 - data_loader - INFO -   File 108/153: 2012-05-20.train-a - 1365 messages, 14772 total samples so far
2026-05-07 21:07:33,148 - data_loader - INFO - Loading conversation from data/train/2012-06-02.train-a.ascii.txt
2026-05-07 21:07:33,149 - data_loader - INFO -   Read 1141 lines from ASCII file
2026-05-07 21:07:33,153 - data_loader - INFO -   Parsed 1141 messages, found 169 unique users
2026-05-07 21:07:33,480 - data_loader - INFO -   Loaded 115 gold links from annotation file
2026-05-07 21:07:33,480 - data_loader - INFO -   Conversation '2012-06-02.train-a' loaded in 0.33s
2026-05-07 21:07:33,480 - data_loader - INFO -   Creating samples for 2012-06-02.train-a: all 1141 messages
2026-05-07 21:07:33,485 - data_loader - INFO -   Created 29 samples for 2012-06-02.train-a
2026-05-07 21:07:33,485 - data_loader - INFO -   File 109/153: 2012-06-02.train-a - 1141 messages, 14801 total samples so far
2026-05-07 21:07:33,485 - data_loader - INFO - Loading conversation from data/train/2012-06-20.train-c.ascii.txt
2026-05-07 21:07:33,486 - data_loader - INFO -   Read 1500 lines from ASCII file
2026-05-07 21:07:33,490 - data_loader - INFO -   Parsed 1500 messages, found 147 unique users
2026-05-07 21:07:33,863 - data_loader - INFO -   Loaded 372 gold links from annotation file
2026-05-07 21:07:33,863 - data_loader - INFO -   Conversation '2012-06-20.train-c' loaded in 0.38s
2026-05-07 21:07:33,863 - data_loader - INFO -   Creating samples for 2012-06-20.train-c: all 1500 messages
2026-05-07 21:07:33,873 - data_loader - INFO -   Created 73 samples for 2012-06-20.train-c
2026-05-07 21:07:33,873 - data_loader - INFO -   File 110/153: 2012-06-20.train-c - 1500 messages, 14874 total samples so far
2026-05-07 21:07:33,873 - data_loader - INFO - Loading conversation from data/train/2012-11-24.train-a.ascii.txt
2026-05-07 21:07:33,874 - data_loader - INFO -   Read 1216 lines from ASCII file
2026-05-07 21:07:33,878 - data_loader - INFO -   Parsed 1216 messages, found 125 unique users
2026-05-07 21:07:34,132 - data_loader - INFO -   Loaded 154 gold links from annotation file
2026-05-07 21:07:34,132 - data_loader - INFO -   Conversation '2012-11-24.train-a' loaded in 0.26s
2026-05-07 21:07:34,132 - data_loader - INFO -   Creating samples for 2012-11-24.train-a: all 1216 messages
2026-05-07 21:07:34,137 - data_loader - INFO -   Created 19 samples for 2012-11-24.train-a
2026-05-07 21:07:34,137 - data_loader - INFO -   File 111/153: 2012-11-24.train-a - 1216 messages, 14893 total samples so far
2026-05-07 21:07:34,137 - data_loader - INFO - Loading conversation from data/train/2012-11-30.train-a.ascii.txt
2026-05-07 21:07:34,138 - data_loader - INFO -   Read 1284 lines from ASCII file
2026-05-07 21:07:34,142 - data_loader - INFO -   Parsed 1284 messages, found 133 unique users
2026-05-07 21:07:34,422 - data_loader - INFO -   Loaded 207 gold links from annotation file
2026-05-07 21:07:34,422 - data_loader - INFO -   Conversation '2012-11-30.train-a' loaded in 0.29s
2026-05-07 21:07:34,422 - data_loader - INFO -   Creating samples for 2012-11-30.train-a: all 1284 messages
2026-05-07 21:07:34,428 - data_loader - INFO -   Created 29 samples for 2012-11-30.train-a
2026-05-07 21:07:34,428 - data_loader - INFO -   File 112/153: 2012-11-30.train-a - 1284 messages, 14922 total samples so far
2026-05-07 21:07:34,428 - data_loader - INFO - Loading conversation from data/train/2012-12-15.train-a.ascii.txt
2026-05-07 21:07:34,429 - data_loader - INFO -   Read 1175 lines from ASCII file
2026-05-07 21:07:34,432 - data_loader - INFO -   Parsed 1175 messages, found 137 unique users
2026-05-07 21:07:34,718 - data_loader - INFO -   Loaded 127 gold links from annotation file
2026-05-07 21:07:34,718 - data_loader - INFO -   Conversation '2012-12-15.train-a' loaded in 0.29s
2026-05-07 21:07:34,719 - data_loader - INFO -   Creating samples for 2012-12-15.train-a: all 1175 messages
2026-05-07 21:07:34,724 - data_loader - INFO -   Created 28 samples for 2012-12-15.train-a
2026-05-07 21:07:34,724 - data_loader - INFO -   File 113/153: 2012-12-15.train-a - 1175 messages, 14950 total samples so far
2026-05-07 21:07:34,724 - data_loader - INFO - Loading conversation from data/train/2013-01-11.train-a.ascii.txt
2026-05-07 21:07:34,725 - data_loader - INFO -   Read 1079 lines from ASCII file
2026-05-07 21:07:34,728 - data_loader - INFO -   Parsed 1079 messages, found 109 unique users
2026-05-07 21:07:34,929 - data_loader - INFO -   Loaded 54 gold links from annotation file
2026-05-07 21:07:34,929 - data_loader - INFO -   Conversation '2013-01-11.train-a' loaded in 0.21s
2026-05-07 21:07:34,930 - data_loader - INFO -   Creating samples for 2013-01-11.train-a: all 1079 messages
2026-05-07 21:07:34,934 - data_loader - INFO -   Created 25 samples for 2013-01-11.train-a
2026-05-07 21:07:34,934 - data_loader - INFO -   File 114/153: 2013-01-11.train-a - 1079 messages, 14975 total samples so far
2026-05-07 21:07:34,934 - data_loader - INFO - Loading conversation from data/train/2013-01-30.train-a.ascii.txt
2026-05-07 21:07:34,935 - data_loader - INFO -   Read 1292 lines from ASCII file
2026-05-07 21:07:34,939 - data_loader - INFO -   Parsed 1292 messages, found 137 unique users
2026-05-07 21:07:35,232 - data_loader - INFO -   Loaded 255 gold links from annotation file
2026-05-07 21:07:35,232 - data_loader - INFO -   Conversation '2013-01-30.train-a' loaded in 0.30s
2026-05-07 21:07:35,232 - data_loader - INFO -   Creating samples for 2013-01-30.train-a: all 1292 messages
2026-05-07 21:07:35,238 - data_loader - INFO -   Created 29 samples for 2013-01-30.train-a
2026-05-07 21:07:35,238 - data_loader - INFO -   File 115/153: 2013-01-30.train-a - 1292 messages, 15004 total samples so far
2026-05-07 21:07:35,238 - data_loader - INFO - Loading conversation from data/train/2013-02-24.train-a.ascii.txt
2026-05-07 21:07:35,239 - data_loader - INFO -   Read 1281 lines from ASCII file
2026-05-07 21:07:35,242 - data_loader - INFO -   Parsed 1281 messages, found 103 unique users
2026-05-07 21:07:35,476 - data_loader - INFO -   Loaded 227 gold links from annotation file
2026-05-07 21:07:35,476 - data_loader - INFO -   Conversation '2013-02-24.train-a' loaded in 0.24s
2026-05-07 21:07:35,476 - data_loader - INFO -   Creating samples for 2013-02-24.train-a: all 1281 messages
2026-05-07 21:07:35,482 - data_loader - INFO -   Created 25 samples for 2013-02-24.train-a
2026-05-07 21:07:35,482 - data_loader - INFO -   File 116/153: 2013-02-24.train-a - 1281 messages, 15029 total samples so far
2026-05-07 21:07:35,482 - data_loader - INFO - Loading conversation from data/train/2013-05-05.train-a.ascii.txt
2026-05-07 21:07:35,484 - data_loader - INFO -   Read 1163 lines from ASCII file
2026-05-07 21:07:35,487 - data_loader - INFO -   Parsed 1163 messages, found 131 unique users
2026-05-07 21:07:35,737 - data_loader - INFO -   Loaded 130 gold links from annotation file
2026-05-07 21:07:35,737 - data_loader - INFO -   Conversation '2013-05-05.train-a' loaded in 0.25s
2026-05-07 21:07:35,737 - data_loader - INFO -   Creating samples for 2013-05-05.train-a: all 1163 messages
2026-05-07 21:07:35,742 - data_loader - INFO -   Created 33 samples for 2013-05-05.train-a
2026-05-07 21:07:35,742 - data_loader - INFO -   File 117/153: 2013-05-05.train-a - 1163 messages, 15062 total samples so far
2026-05-07 21:07:35,742 - data_loader - INFO - Loading conversation from data/train/2013-05-07.train-a.ascii.txt
2026-05-07 21:07:35,744 - data_loader - INFO -   Read 1147 lines from ASCII file
2026-05-07 21:07:35,747 - data_loader - INFO -   Parsed 1147 messages, found 116 unique users
2026-05-07 21:07:35,974 - data_loader - INFO -   Loaded 127 gold links from annotation file
2026-05-07 21:07:35,974 - data_loader - INFO -   Conversation '2013-05-07.train-a' loaded in 0.23s
2026-05-07 21:07:35,974 - data_loader - INFO -   Creating samples for 2013-05-07.train-a: all 1147 messages
2026-05-07 21:07:35,979 - data_loader - INFO -   Created 18 samples for 2013-05-07.train-a
2026-05-07 21:07:35,979 - data_loader - INFO -   File 118/153: 2013-05-07.train-a - 1147 messages, 15080 total samples so far
2026-05-07 21:07:35,979 - data_loader - INFO - Loading conversation from data/train/2013-05-19.train-a.ascii.txt
2026-05-07 21:07:35,980 - data_loader - INFO -   Read 1181 lines from ASCII file
2026-05-07 21:07:35,983 - data_loader - INFO -   Parsed 1181 messages, found 131 unique users
2026-05-07 21:07:36,249 - data_loader - INFO -   Loaded 127 gold links from annotation file
2026-05-07 21:07:36,250 - data_loader - INFO -   Conversation '2013-05-19.train-a' loaded in 0.27s
2026-05-07 21:07:36,250 - data_loader - INFO -   Creating samples for 2013-05-19.train-a: all 1181 messages
2026-05-07 21:07:36,255 - data_loader - INFO -   Created 28 samples for 2013-05-19.train-a
2026-05-07 21:07:36,255 - data_loader - INFO -   File 119/153: 2013-05-19.train-a - 1181 messages, 15108 total samples so far
2026-05-07 21:07:36,255 - data_loader - INFO - Loading conversation from data/train/2013-05-28.train-c.ascii.txt
2026-05-07 21:07:36,256 - data_loader - INFO -   Read 1500 lines from ASCII file
2026-05-07 21:07:36,260 - data_loader - INFO -   Parsed 1500 messages, found 145 unique users
2026-05-07 21:07:36,623 - data_loader - INFO -   Loaded 353 gold links from annotation file
2026-05-07 21:07:36,623 - data_loader - INFO -   Conversation '2013-05-28.train-c' loaded in 0.37s
2026-05-07 21:07:36,623 - data_loader - INFO -   Creating samples for 2013-05-28.train-c: all 1500 messages
2026-05-07 21:07:36,633 - data_loader - INFO -   Created 98 samples for 2013-05-28.train-c
2026-05-07 21:07:36,633 - data_loader - INFO -   File 120/153: 2013-05-28.train-c - 1500 messages, 15206 total samples so far
2026-05-07 21:07:36,633 - data_loader - INFO - Loading conversation from data/train/2013-07-10.train-a.ascii.txt
2026-05-07 21:07:36,635 - data_loader - INFO -   Read 1140 lines from ASCII file
2026-05-07 21:07:36,638 - data_loader - INFO -   Parsed 1140 messages, found 104 unique users
2026-05-07 21:07:36,840 - data_loader - INFO -   Loaded 107 gold links from annotation file
2026-05-07 21:07:36,840 - data_loader - INFO -   Conversation '2013-07-10.train-a' loaded in 0.21s
2026-05-07 21:07:36,840 - data_loader - INFO -   Creating samples for 2013-07-10.train-a: all 1140 messages
2026-05-07 21:07:36,844 - data_loader - INFO -   Created 17 samples for 2013-07-10.train-a
2026-05-07 21:07:36,844 - data_loader - INFO -   File 121/153: 2013-07-10.train-a - 1140 messages, 15223 total samples so far
2026-05-07 21:07:36,844 - data_loader - INFO - Loading conversation from data/train/2013-07-19.train-a.ascii.txt
2026-05-07 21:07:36,846 - data_loader - INFO -   Read 1192 lines from ASCII file
2026-05-07 21:07:36,849 - data_loader - INFO -   Parsed 1192 messages, found 92 unique users
2026-05-07 21:07:37,030 - data_loader - INFO -   Loaded 130 gold links from annotation file
2026-05-07 21:07:37,030 - data_loader - INFO -   Conversation '2013-07-19.train-a' loaded in 0.19s
2026-05-07 21:07:37,030 - data_loader - INFO -   Creating samples for 2013-07-19.train-a: all 1192 messages
2026-05-07 21:07:37,034 - data_loader - INFO -   Created 13 samples for 2013-07-19.train-a
2026-05-07 21:07:37,034 - data_loader - INFO -   File 122/153: 2013-07-19.train-a - 1192 messages, 15236 total samples so far
2026-05-07 21:07:37,034 - data_loader - INFO - Loading conversation from data/train/2013-08-29.train-c.ascii.txt
2026-05-07 21:07:37,035 - data_loader - INFO -   Read 1500 lines from ASCII file
2026-05-07 21:07:37,039 - data_loader - INFO -   Parsed 1500 messages, found 128 unique users
2026-05-07 21:07:37,373 - data_loader - INFO -   Loaded 358 gold links from annotation file
2026-05-07 21:07:37,373 - data_loader - INFO -   Conversation '2013-08-29.train-c' loaded in 0.34s
2026-05-07 21:07:37,373 - data_loader - INFO -   Creating samples for 2013-08-29.train-c: all 1500 messages
2026-05-07 21:07:37,382 - data_loader - INFO -   Created 67 samples for 2013-08-29.train-c
2026-05-07 21:07:37,383 - data_loader - INFO -   File 123/153: 2013-08-29.train-c - 1500 messages, 15303 total samples so far
2026-05-07 21:07:37,383 - data_loader - INFO - Loading conversation from data/train/2013-08-30.train-a.ascii.txt
2026-05-07 21:07:37,384 - data_loader - INFO -   Read 1126 lines from ASCII file
2026-05-07 21:07:37,387 - data_loader - INFO -   Parsed 1126 messages, found 97 unique users
2026-05-07 21:07:37,575 - data_loader - INFO -   Loaded 95 gold links from annotation file
2026-05-07 21:07:37,575 - data_loader - INFO -   Conversation '2013-08-30.train-a' loaded in 0.19s
2026-05-07 21:07:37,575 - data_loader - INFO -   Creating samples for 2013-08-30.train-a: all 1126 messages
2026-05-07 21:07:37,579 - data_loader - INFO -   Created 20 samples for 2013-08-30.train-a
2026-05-07 21:07:37,580 - data_loader - INFO -   File 124/153: 2013-08-30.train-a - 1126 messages, 15323 total samples so far
2026-05-07 21:07:37,580 - data_loader - INFO - Loading conversation from data/train/2013-09-12.train-a.ascii.txt
2026-05-07 21:07:37,581 - data_loader - INFO -   Read 1256 lines from ASCII file
2026-05-07 21:07:37,584 - data_loader - INFO -   Parsed 1256 messages, found 110 unique users
2026-05-07 21:07:37,807 - data_loader - INFO -   Loaded 216 gold links from annotation file
2026-05-07 21:07:37,807 - data_loader - INFO -   Conversation '2013-09-12.train-a' loaded in 0.23s
2026-05-07 21:07:37,807 - data_loader - INFO -   Creating samples for 2013-09-12.train-a: all 1256 messages
2026-05-07 21:07:37,812 - data_loader - INFO -   Created 17 samples for 2013-09-12.train-a
2026-05-07 21:07:37,812 - data_loader - INFO -   File 125/153: 2013-09-12.train-a - 1256 messages, 15340 total samples so far
2026-05-07 21:07:37,812 - data_loader - INFO - Loading conversation from data/train/2013-09-16.train-c.ascii.txt
2026-05-07 21:07:37,813 - data_loader - INFO -   Read 1500 lines from ASCII file
2026-05-07 21:07:37,818 - data_loader - INFO -   Parsed 1500 messages, found 124 unique users
2026-05-07 21:07:38,128 - data_loader - INFO -   Loaded 360 gold links from annotation file
2026-05-07 21:07:38,129 - data_loader - INFO -   Conversation '2013-09-16.train-c' loaded in 0.32s
2026-05-07 21:07:38,129 - data_loader - INFO -   Creating samples for 2013-09-16.train-c: all 1500 messages
2026-05-07 21:07:38,138 - data_loader - INFO -   Created 77 samples for 2013-09-16.train-c
2026-05-07 21:07:38,138 - data_loader - INFO -   File 126/153: 2013-09-16.train-c - 1500 messages, 15417 total samples so far
2026-05-07 21:07:38,138 - data_loader - INFO - Loading conversation from data/train/2013-10-04.train-a.ascii.txt
2026-05-07 21:07:38,140 - data_loader - INFO -   Read 1062 lines from ASCII file
2026-05-07 21:07:38,142 - data_loader - INFO -   Parsed 1062 messages, found 97 unique users
2026-05-07 21:07:38,315 - data_loader - INFO -   Loaded 39 gold links from annotation file
2026-05-07 21:07:38,315 - data_loader - INFO -   Conversation '2013-10-04.train-a' loaded in 0.18s
2026-05-07 21:07:38,315 - data_loader - INFO -   Creating samples for 2013-10-04.train-a: all 1062 messages
2026-05-07 21:07:38,319 - data_loader - INFO -   Created 18 samples for 2013-10-04.train-a
2026-05-07 21:07:38,319 - data_loader - INFO -   File 127/153: 2013-10-04.train-a - 1062 messages, 15435 total samples so far
2026-05-07 21:07:38,319 - data_loader - INFO - Loading conversation from data/train/2013-10-11.train-a.ascii.txt
2026-05-07 21:07:38,320 - data_loader - INFO -   Read 1084 lines from ASCII file
2026-05-07 21:07:38,323 - data_loader - INFO -   Parsed 1084 messages, found 108 unique users
2026-05-07 21:07:38,520 - data_loader - INFO -   Loaded 61 gold links from annotation file
2026-05-07 21:07:38,520 - data_loader - INFO -   Conversation '2013-10-11.train-a' loaded in 0.20s
2026-05-07 21:07:38,520 - data_loader - INFO -   Creating samples for 2013-10-11.train-a: all 1084 messages
2026-05-07 21:07:38,524 - data_loader - INFO -   Created 23 samples for 2013-10-11.train-a
2026-05-07 21:07:38,524 - data_loader - INFO -   File 128/153: 2013-10-11.train-a - 1084 messages, 15458 total samples so far
2026-05-07 21:07:38,524 - data_loader - INFO - Loading conversation from data/train/2013-10-28.train-a.ascii.txt
2026-05-07 21:07:38,526 - data_loader - INFO -   Read 1307 lines from ASCII file
2026-05-07 21:07:38,529 - data_loader - INFO -   Parsed 1307 messages, found 143 unique users
2026-05-07 21:07:38,840 - data_loader - INFO -   Loaded 226 gold links from annotation file
2026-05-07 21:07:38,840 - data_loader - INFO -   Conversation '2013-10-28.train-a' loaded in 0.32s
2026-05-07 21:07:38,840 - data_loader - INFO -   Creating samples for 2013-10-28.train-a: all 1307 messages
2026-05-07 21:07:38,847 - data_loader - INFO -   Created 45 samples for 2013-10-28.train-a
2026-05-07 21:07:38,847 - data_loader - INFO -   File 129/153: 2013-10-28.train-a - 1307 messages, 15503 total samples so far
2026-05-07 21:07:38,847 - data_loader - INFO - Loading conversation from data/train/2013-12-02.train-a.ascii.txt
2026-05-07 21:07:38,848 - data_loader - INFO -   Read 1181 lines from ASCII file
2026-05-07 21:07:38,851 - data_loader - INFO -   Parsed 1181 messages, found 141 unique users
2026-05-07 21:07:39,140 - data_loader - INFO -   Loaded 132 gold links from annotation file
2026-05-07 21:07:39,140 - data_loader - INFO -   Conversation '2013-12-02.train-a' loaded in 0.29s
2026-05-07 21:07:39,140 - data_loader - INFO -   Creating samples for 2013-12-02.train-a: all 1181 messages
2026-05-07 21:07:39,146 - data_loader - INFO -   Created 43 samples for 2013-12-02.train-a
2026-05-07 21:07:39,146 - data_loader - INFO -   File 130/153: 2013-12-02.train-a - 1181 messages, 15546 total samples so far
2026-05-07 21:07:39,146 - data_loader - INFO - Loading conversation from data/train/2014-01-08.train-c.ascii.txt
2026-05-07 21:07:39,147 - data_loader - INFO -   Read 1500 lines from ASCII file
2026-05-07 21:07:39,151 - data_loader - INFO -   Parsed 1500 messages, found 84 unique users
2026-05-07 21:07:39,358 - data_loader - INFO -   Loaded 389 gold links from annotation file
2026-05-07 21:07:39,358 - data_loader - INFO -   Conversation '2014-01-08.train-c' loaded in 0.21s
2026-05-07 21:07:39,358 - data_loader - INFO -   Creating samples for 2014-01-08.train-c: all 1500 messages
2026-05-07 21:07:39,368 - data_loader - INFO -   Created 81 samples for 2014-01-08.train-c
2026-05-07 21:07:39,368 - data_loader - INFO -   File 131/153: 2014-01-08.train-c - 1500 messages, 15627 total samples so far
2026-05-07 21:07:39,368 - data_loader - INFO - Loading conversation from data/train/2014-08-14.train-c.ascii.txt
2026-05-07 21:07:39,369 - data_loader - INFO -   Read 1500 lines from ASCII file
2026-05-07 21:07:39,374 - data_loader - INFO -   Parsed 1500 messages, found 135 unique users
2026-05-07 21:07:39,716 - data_loader - INFO -   Loaded 370 gold links from annotation file
2026-05-07 21:07:39,716 - data_loader - INFO -   Conversation '2014-08-14.train-c' loaded in 0.35s
2026-05-07 21:07:39,716 - data_loader - INFO -   Creating samples for 2014-08-14.train-c: all 1500 messages
2026-05-07 21:07:39,726 - data_loader - INFO -   Created 78 samples for 2014-08-14.train-c
2026-05-07 21:07:39,726 - data_loader - INFO -   File 132/153: 2014-08-14.train-c - 1500 messages, 15705 total samples so far
2026-05-07 21:07:39,726 - data_loader - INFO - Loading conversation from data/train/2014-09-29.train-c.ascii.txt
2026-05-07 21:07:39,727 - data_loader - INFO -   Read 1500 lines from ASCII file
2026-05-07 21:07:39,731 - data_loader - INFO -   Parsed 1500 messages, found 152 unique users
2026-05-07 21:07:40,113 - data_loader - INFO -   Loaded 370 gold links from annotation file
2026-05-07 21:07:40,114 - data_loader - INFO -   Conversation '2014-09-29.train-c' loaded in 0.39s
2026-05-07 21:07:40,114 - data_loader - INFO -   Creating samples for 2014-09-29.train-c: all 1500 messages
2026-05-07 21:07:40,124 - data_loader - INFO -   Created 97 samples for 2014-09-29.train-c
2026-05-07 21:07:40,124 - data_loader - INFO -   File 133/153: 2014-09-29.train-c - 1500 messages, 15802 total samples so far
2026-05-07 21:07:40,124 - data_loader - INFO - Loading conversation from data/train/2014-12-21.train-c.ascii.txt
2026-05-07 21:07:40,126 - data_loader - INFO -   Read 1500 lines from ASCII file
2026-05-07 21:07:40,130 - data_loader - INFO -   Parsed 1500 messages, found 137 unique users
2026-05-07 21:07:40,463 - data_loader - INFO -   Loaded 366 gold links from annotation file
2026-05-07 21:07:40,463 - data_loader - INFO -   Conversation '2014-12-21.train-c' loaded in 0.34s
2026-05-07 21:07:40,463 - data_loader - INFO -   Creating samples for 2014-12-21.train-c: all 1500 messages
2026-05-07 21:07:40,475 - data_loader - INFO -   Created 120 samples for 2014-12-21.train-c
2026-05-07 21:07:40,475 - data_loader - INFO -   File 134/153: 2014-12-21.train-c - 1500 messages, 15922 total samples so far
2026-05-07 21:07:40,475 - data_loader - INFO - Loading conversation from data/train/2014-12-27.train-c.ascii.txt
2026-05-07 21:07:40,476 - data_loader - INFO -   Read 1500 lines from ASCII file
2026-05-07 21:07:40,480 - data_loader - INFO -   Parsed 1500 messages, found 142 unique users
2026-05-07 21:07:40,831 - data_loader - INFO -   Loaded 370 gold links from annotation file
2026-05-07 21:07:40,831 - data_loader - INFO -   Conversation '2014-12-27.train-c' loaded in 0.36s
2026-05-07 21:07:40,831 - data_loader - INFO -   Creating samples for 2014-12-27.train-c: all 1500 messages
2026-05-07 21:07:40,841 - data_loader - INFO -   Created 92 samples for 2014-12-27.train-c
2026-05-07 21:07:40,841 - data_loader - INFO -   File 135/153: 2014-12-27.train-c - 1500 messages, 16014 total samples so far
2026-05-07 21:07:40,841 - data_loader - INFO - Loading conversation from data/train/2015-01-20.train-b.ascii.txt
2026-05-07 21:07:40,843 - data_loader - INFO -   Read 1100 lines from ASCII file
2026-05-07 21:07:40,846 - data_loader - INFO -   Parsed 1100 messages, found 91 unique users
2026-05-07 21:07:41,012 - data_loader - INFO -   Loaded 74 gold links from annotation file
2026-05-07 21:07:41,012 - data_loader - INFO -   Conversation '2015-01-20.train-b' loaded in 0.17s
2026-05-07 21:07:41,012 - data_loader - INFO -   Creating samples for 2015-01-20.train-b: all 1100 messages
2026-05-07 21:07:41,015 - data_loader - INFO -   Created 5 samples for 2015-01-20.train-b
2026-05-07 21:07:41,015 - data_loader - INFO -   File 136/153: 2015-01-20.train-b - 1100 messages, 16019 total samples so far
2026-05-07 21:07:41,015 - data_loader - INFO - Loading conversation from data/train/2015-02-04.train-b.ascii.txt
2026-05-07 21:07:41,017 - data_loader - INFO -   Read 1100 lines from ASCII file
2026-05-07 21:07:41,019 - data_loader - INFO -   Parsed 1100 messages, found 139 unique users
2026-05-07 21:07:41,291 - data_loader - INFO -   Loaded 69 gold links from annotation file
2026-05-07 21:07:41,291 - data_loader - INFO -   Conversation '2015-02-04.train-b' loaded in 0.28s
2026-05-07 21:07:41,291 - data_loader - INFO -   Creating samples for 2015-02-04.train-b: all 1100 messages
2026-05-07 21:07:41,295 - data_loader - INFO -   Created 15 samples for 2015-02-04.train-b
2026-05-07 21:07:41,295 - data_loader - INFO -   File 137/153: 2015-02-04.train-b - 1100 messages, 16034 total samples so far
2026-05-07 21:07:41,295 - data_loader - INFO - Loading conversation from data/train/2015-04-19.train-b.ascii.txt
2026-05-07 21:07:41,296 - data_loader - INFO -   Read 1100 lines from ASCII file
2026-05-07 21:07:41,299 - data_loader - INFO -   Parsed 1100 messages, found 131 unique users
2026-05-07 21:07:41,563 - data_loader - INFO -   Loaded 75 gold links from annotation file
2026-05-07 21:07:41,563 - data_loader - INFO -   Conversation '2015-04-19.train-b' loaded in 0.27s
2026-05-07 21:07:41,563 - data_loader - INFO -   Creating samples for 2015-04-19.train-b: all 1100 messages
2026-05-07 21:07:41,567 - data_loader - INFO -   Created 6 samples for 2015-04-19.train-b
2026-05-07 21:07:41,567 - data_loader - INFO -   File 138/153: 2015-04-19.train-b - 1100 messages, 16040 total samples so far
2026-05-07 21:07:41,567 - data_loader - INFO - Loading conversation from data/train/2015-05-08.train-c.ascii.txt
2026-05-07 21:07:41,568 - data_loader - INFO -   Read 1500 lines from ASCII file
2026-05-07 21:07:41,573 - data_loader - INFO -   Parsed 1500 messages, found 115 unique users
2026-05-07 21:07:41,866 - data_loader - INFO -   Loaded 367 gold links from annotation file
2026-05-07 21:07:41,866 - data_loader - INFO -   Conversation '2015-05-08.train-c' loaded in 0.30s
2026-05-07 21:07:41,866 - data_loader - INFO -   Creating samples for 2015-05-08.train-c: all 1500 messages
2026-05-07 21:07:41,876 - data_loader - INFO -   Created 91 samples for 2015-05-08.train-c
2026-05-07 21:07:41,876 - data_loader - INFO -   File 139/153: 2015-05-08.train-c - 1500 messages, 16131 total samples so far
2026-05-07 21:07:41,876 - data_loader - INFO - Loading conversation from data/train/2015-06-12.train-b.ascii.txt
2026-05-07 21:07:41,877 - data_loader - INFO -   Read 1100 lines from ASCII file
2026-05-07 21:07:41,880 - data_loader - INFO -   Parsed 1100 messages, found 142 unique users
2026-05-07 21:07:42,138 - data_loader - INFO -   Loaded 74 gold links from annotation file
2026-05-07 21:07:42,138 - data_loader - INFO -   Conversation '2015-06-12.train-b' loaded in 0.26s
2026-05-07 21:07:42,138 - data_loader - INFO -   Creating samples for 2015-06-12.train-b: all 1100 messages
2026-05-07 21:07:42,142 - data_loader - INFO -   Created 25 samples for 2015-06-12.train-b
2026-05-07 21:07:42,143 - data_loader - INFO -   File 140/153: 2015-06-12.train-b - 1100 messages, 16156 total samples so far
2026-05-07 21:07:42,143 - data_loader - INFO - Loading conversation from data/train/2015-08-10.train-b.ascii.txt
2026-05-07 21:07:42,144 - data_loader - INFO -   Read 1100 lines from ASCII file
2026-05-07 21:07:42,147 - data_loader - INFO -   Parsed 1100 messages, found 94 unique users
2026-05-07 21:07:42,340 - data_loader - INFO -   Loaded 69 gold links from annotation file
2026-05-07 21:07:42,340 - data_loader - INFO -   Conversation '2015-08-10.train-b' loaded in 0.20s
2026-05-07 21:07:42,340 - data_loader - INFO -   Creating samples for 2015-08-10.train-b: all 1100 messages
2026-05-07 21:07:42,344 - data_loader - INFO -   Created 14 samples for 2015-08-10.train-b
2026-05-07 21:07:42,344 - data_loader - INFO -   File 141/153: 2015-08-10.train-b - 1100 messages, 16170 total samples so far
2026-05-07 21:07:42,344 - data_loader - INFO - Loading conversation from data/train/2015-09-25.train-b.ascii.txt
2026-05-07 21:07:42,345 - data_loader - INFO -   Read 1100 lines from ASCII file
2026-05-07 21:07:42,348 - data_loader - INFO -   Parsed 1100 messages, found 142 unique users
2026-05-07 21:07:42,629 - data_loader - INFO -   Loaded 75 gold links from annotation file
2026-05-07 21:07:42,629 - data_loader - INFO -   Conversation '2015-09-25.train-b' loaded in 0.29s
2026-05-07 21:07:42,629 - data_loader - INFO -   Creating samples for 2015-09-25.train-b: all 1100 messages
2026-05-07 21:07:42,633 - data_loader - INFO -   Created 15 samples for 2015-09-25.train-b
2026-05-07 21:07:42,633 - data_loader - INFO -   File 142/153: 2015-09-25.train-b - 1100 messages, 16185 total samples so far
2026-05-07 21:07:42,633 - data_loader - INFO - Loading conversation from data/train/2015-10-14.train-b.ascii.txt
2026-05-07 21:07:42,634 - data_loader - INFO -   Read 1100 lines from ASCII file
2026-05-07 21:07:42,637 - data_loader - INFO -   Parsed 1100 messages, found 121 unique users
2026-05-07 21:07:42,875 - data_loader - INFO -   Loaded 70 gold links from annotation file
2026-05-07 21:07:42,875 - data_loader - INFO -   Conversation '2015-10-14.train-b' loaded in 0.24s
2026-05-07 21:07:42,875 - data_loader - INFO -   Creating samples for 2015-10-14.train-b: all 1100 messages
2026-05-07 21:07:42,878 - data_loader - INFO -   Created 6 samples for 2015-10-14.train-b
2026-05-07 21:07:42,878 - data_loader - INFO -   File 143/153: 2015-10-14.train-b - 1100 messages, 16191 total samples so far
2026-05-07 21:07:42,878 - data_loader - INFO - Loading conversation from data/train/2015-10-19.train-b.ascii.txt
2026-05-07 21:07:42,880 - data_loader - INFO -   Read 1100 lines from ASCII file
2026-05-07 21:07:42,883 - data_loader - INFO -   Parsed 1100 messages, found 114 unique users
2026-05-07 21:07:43,101 - data_loader - INFO -   Loaded 71 gold links from annotation file
2026-05-07 21:07:43,101 - data_loader - INFO -   Conversation '2015-10-19.train-b' loaded in 0.22s
2026-05-07 21:07:43,102 - data_loader - INFO -   Creating samples for 2015-10-19.train-b: all 1100 messages
2026-05-07 21:07:43,105 - data_loader - INFO -   Created 15 samples for 2015-10-19.train-b
2026-05-07 21:07:43,106 - data_loader - INFO -   File 144/153: 2015-10-19.train-b - 1100 messages, 16206 total samples so far
2026-05-07 21:07:43,106 - data_loader - INFO - Loading conversation from data/train/2015-11-26.train-b.ascii.txt
2026-05-07 21:07:43,107 - data_loader - INFO -   Read 1100 lines from ASCII file
2026-05-07 21:07:43,110 - data_loader - INFO -   Parsed 1100 messages, found 100 unique users
2026-05-07 21:07:43,286 - data_loader - INFO -   Loaded 66 gold links from annotation file
2026-05-07 21:07:43,286 - data_loader - INFO -   Conversation '2015-11-26.train-b' loaded in 0.18s
2026-05-07 21:07:43,286 - data_loader - INFO -   Creating samples for 2015-11-26.train-b: all 1100 messages
2026-05-07 21:07:43,291 - data_loader - INFO -   Created 32 samples for 2015-11-26.train-b
2026-05-07 21:07:43,291 - data_loader - INFO -   File 145/153: 2015-11-26.train-b - 1100 messages, 16238 total samples so far
2026-05-07 21:07:43,291 - data_loader - INFO - Loading conversation from data/train/2015-12-28.train-b.ascii.txt
2026-05-07 21:07:43,292 - data_loader - INFO -   Read 1100 lines from ASCII file
2026-05-07 21:07:43,295 - data_loader - INFO -   Parsed 1100 messages, found 131 unique users
2026-05-07 21:07:43,543 - data_loader - INFO -   Loaded 72 gold links from annotation file
2026-05-07 21:07:43,544 - data_loader - INFO -   Conversation '2015-12-28.train-b' loaded in 0.25s
2026-05-07 21:07:43,544 - data_loader - INFO -   Creating samples for 2015-12-28.train-b: all 1100 messages
2026-05-07 21:07:43,548 - data_loader - INFO -   Created 19 samples for 2015-12-28.train-b
2026-05-07 21:07:43,548 - data_loader - INFO -   File 146/153: 2015-12-28.train-b - 1100 messages, 16257 total samples so far
2026-05-07 21:07:43,548 - data_loader - INFO - Loading conversation from data/train/2017-02-06.train-c.ascii.txt
2026-05-07 21:07:43,549 - data_loader - INFO -   Read 1500 lines from ASCII file
2026-05-07 21:07:43,553 - data_loader - INFO -   Parsed 1500 messages, found 156 unique users
2026-05-07 21:07:43,942 - data_loader - INFO -   Loaded 388 gold links from annotation file
2026-05-07 21:07:43,942 - data_loader - INFO -   Conversation '2017-02-06.train-c' loaded in 0.39s
2026-05-07 21:07:43,942 - data_loader - INFO -   Creating samples for 2017-02-06.train-c: all 1500 messages
2026-05-07 21:07:43,953 - data_loader - INFO -   Created 110 samples for 2017-02-06.train-c
2026-05-07 21:07:43,953 - data_loader - INFO -   File 147/153: 2017-02-06.train-c - 1500 messages, 16367 total samples so far
2026-05-07 21:07:43,953 - data_loader - INFO - Loading conversation from data/train/2017-03-02.train-c.ascii.txt
2026-05-07 21:07:43,954 - data_loader - INFO -   Read 1500 lines from ASCII file
2026-05-07 21:07:43,958 - data_loader - INFO -   Parsed 1500 messages, found 158 unique users
2026-05-07 21:07:44,354 - data_loader - INFO -   Loaded 363 gold links from annotation file
2026-05-07 21:07:44,354 - data_loader - INFO -   Conversation '2017-03-02.train-c' loaded in 0.40s
2026-05-07 21:07:44,354 - data_loader - INFO -   Creating samples for 2017-03-02.train-c: all 1500 messages
2026-05-07 21:07:44,363 - data_loader - INFO -   Created 85 samples for 2017-03-02.train-c
2026-05-07 21:07:44,364 - data_loader - INFO -   File 148/153: 2017-03-02.train-c - 1500 messages, 16452 total samples so far
2026-05-07 21:07:44,364 - data_loader - INFO - Loading conversation from data/train/2017-03-23.train-c.ascii.txt
2026-05-07 21:07:44,365 - data_loader - INFO -   Read 1500 lines from ASCII file
2026-05-07 21:07:44,369 - data_loader - INFO -   Parsed 1500 messages, found 138 unique users
2026-05-07 21:07:44,710 - data_loader - INFO -   Loaded 375 gold links from annotation file
2026-05-07 21:07:44,710 - data_loader - INFO -   Conversation '2017-03-23.train-c' loaded in 0.35s
2026-05-07 21:07:44,710 - data_loader - INFO -   Creating samples for 2017-03-23.train-c: all 1500 messages
2026-05-07 21:07:44,719 - data_loader - INFO -   Created 68 samples for 2017-03-23.train-c
2026-05-07 21:07:44,719 - data_loader - INFO -   File 149/153: 2017-03-23.train-c - 1500 messages, 16520 total samples so far
2026-05-07 21:07:44,719 - data_loader - INFO - Loading conversation from data/train/2017-05-09.train-c.ascii.txt
2026-05-07 21:07:44,721 - data_loader - INFO -   Read 1500 lines from ASCII file
2026-05-07 21:07:44,725 - data_loader - INFO -   Parsed 1500 messages, found 114 unique users
2026-05-07 21:07:45,023 - data_loader - INFO -   Loaded 347 gold links from annotation file
2026-05-07 21:07:45,023 - data_loader - INFO -   Conversation '2017-05-09.train-c' loaded in 0.30s
2026-05-07 21:07:45,024 - data_loader - INFO -   Creating samples for 2017-05-09.train-c: all 1500 messages
2026-05-07 21:07:45,031 - data_loader - INFO -   Created 50 samples for 2017-05-09.train-c
2026-05-07 21:07:45,031 - data_loader - INFO -   File 150/153: 2017-05-09.train-c - 1500 messages, 16570 total samples so far
2026-05-07 21:07:45,031 - data_loader - INFO - Loading conversation from data/train/2017-07-15.train-c.ascii.txt
2026-05-07 21:07:45,033 - data_loader - INFO -   Read 1500 lines from ASCII file
2026-05-07 21:07:45,037 - data_loader - INFO -   Parsed 1500 messages, found 83 unique users
2026-05-07 21:07:45,266 - data_loader - INFO -   Loaded 350 gold links from annotation file
2026-05-07 21:07:45,266 - data_loader - INFO -   Conversation '2017-07-15.train-c' loaded in 0.23s
2026-05-07 21:07:45,266 - data_loader - INFO -   Creating samples for 2017-07-15.train-c: all 1500 messages
2026-05-07 21:07:45,273 - data_loader - INFO -   Created 35 samples for 2017-07-15.train-c
2026-05-07 21:07:45,273 - data_loader - INFO -   File 151/153: 2017-07-15.train-c - 1500 messages, 16605 total samples so far
2026-05-07 21:07:45,274 - data_loader - INFO - Loading conversation from data/train/2017-09-02.train-c.ascii.txt
2026-05-07 21:07:45,275 - data_loader - INFO -   Read 1500 lines from ASCII file
2026-05-07 21:07:45,279 - data_loader - INFO -   Parsed 1500 messages, found 110 unique users
2026-05-07 21:07:45,564 - data_loader - INFO -   Loaded 365 gold links from annotation file
2026-05-07 21:07:45,564 - data_loader - INFO -   Conversation '2017-09-02.train-c' loaded in 0.29s
2026-05-07 21:07:45,565 - data_loader - INFO -   Creating samples for 2017-09-02.train-c: all 1500 messages
2026-05-07 21:07:45,571 - data_loader - INFO -   Created 36 samples for 2017-09-02.train-c
2026-05-07 21:07:45,571 - data_loader - INFO -   File 152/153: 2017-09-02.train-c - 1500 messages, 16641 total samples so far
2026-05-07 21:07:45,571 - data_loader - INFO - Loading conversation from data/train/2018-02-27.train-c.ascii.txt
2026-05-07 21:07:45,573 - data_loader - INFO -   Read 1500 lines from ASCII file
2026-05-07 21:07:45,577 - data_loader - INFO -   Parsed 1500 messages, found 148 unique users
2026-05-07 21:07:45,945 - data_loader - INFO -   Loaded 375 gold links from annotation file
2026-05-07 21:07:45,946 - data_loader - INFO -   Conversation '2018-02-27.train-c' loaded in 0.37s
2026-05-07 21:07:45,946 - data_loader - INFO -   Creating samples for 2018-02-27.train-c: all 1500 messages
2026-05-07 21:07:45,956 - data_loader - INFO -   Created 113 samples for 2018-02-27.train-c
2026-05-07 21:07:45,956 - data_loader - INFO -   File 153/153: 2018-02-27.train-c - 1500 messages, 16754 total samples so far
2026-05-07 21:07:45,956 - data_loader - INFO - Dataset initialization complete: 16754 samples from 153 conversations in 48.17s
2026-05-07 21:07:45,956 - __main__ - INFO -   Train dataset created: 16754 samples
2026-05-07 21:07:45,956 - __main__ - INFO - Loading 10 dev files...
2026-05-07 21:07:45,957 - data_loader - INFO - Initializing IRCDisentanglementDataset with 10 files
2026-05-07 21:07:45,957 - data_loader - INFO -   max_dist=15, max_length=128, skip_labels=False
2026-05-07 21:07:45,957 - data_loader - INFO -   test_start=0, test_end=1000000000
2026-05-07 21:07:45,957 - data_loader - INFO - Loading conversation from data/dev/2004-11-15_03.ascii.txt
2026-05-07 21:07:45,958 - data_loader - INFO -   Read 1250 lines from ASCII file
2026-05-07 21:07:45,961 - data_loader - INFO -   Parsed 1250 messages, found 76 unique users
2026-05-07 21:07:46,082 - data_loader - INFO -   Loaded 189 gold links from annotation file
2026-05-07 21:07:46,082 - data_loader - INFO -   Conversation '2004-11-15_03' loaded in 0.13s
2026-05-07 21:07:46,082 - data_loader - INFO -   Creating samples for 2004-11-15_03: all 1250 messages
2026-05-07 21:07:46,089 - data_loader - INFO -   Created 65 samples for 2004-11-15_03
2026-05-07 21:07:46,089 - data_loader - INFO -   File 1/10: 2004-11-15_03 - 1250 messages, 65 total samples so far
2026-05-07 21:07:46,089 - data_loader - INFO - Loading conversation from data/dev/2005-06-27_12.ascii.txt
2026-05-07 21:07:46,090 - data_loader - INFO -   Read 1250 lines from ASCII file
2026-05-07 21:07:46,094 - data_loader - INFO -   Parsed 1250 messages, found 77 unique users
2026-05-07 21:07:46,215 - data_loader - INFO -   Loaded 182 gold links from annotation file
2026-05-07 21:07:46,215 - data_loader - INFO -   Conversation '2005-06-27_12' loaded in 0.13s
2026-05-07 21:07:46,215 - data_loader - INFO -   Creating samples for 2005-06-27_12: all 1250 messages
2026-05-07 21:07:46,486 - data_loader - INFO -   Created 41 samples for 2005-06-27_12
2026-05-07 21:07:46,486 - data_loader - INFO -   File 2/10: 2005-06-27_12 - 1250 messages, 106 total samples so far
2026-05-07 21:07:46,486 - data_loader - INFO - Loading conversation from data/dev/2005-08-08_01.ascii.txt
2026-05-07 21:07:46,488 - data_loader - INFO -   Read 1250 lines from ASCII file
2026-05-07 21:07:46,491 - data_loader - INFO -   Parsed 1250 messages, found 95 unique users
2026-05-07 21:07:46,648 - data_loader - INFO -   Loaded 186 gold links from annotation file
2026-05-07 21:07:46,648 - data_loader - INFO -   Conversation '2005-08-08_01' loaded in 0.16s
2026-05-07 21:07:46,648 - data_loader - INFO -   Creating samples for 2005-08-08_01: all 1250 messages
2026-05-07 21:07:46,655 - data_loader - INFO -   Created 70 samples for 2005-08-08_01
2026-05-07 21:07:46,655 - data_loader - INFO -   File 3/10: 2005-08-08_01 - 1250 messages, 176 total samples so far
2026-05-07 21:07:46,655 - data_loader - INFO - Loading conversation from data/dev/2008-12-11_11.ascii.txt
2026-05-07 21:07:46,657 - data_loader - INFO -   Read 1250 lines from ASCII file
2026-05-07 21:07:46,660 - data_loader - INFO -   Parsed 1250 messages, found 142 unique users
2026-05-07 21:07:46,955 - data_loader - INFO -   Loaded 172 gold links from annotation file
2026-05-07 21:07:46,955 - data_loader - INFO -   Conversation '2008-12-11_11' loaded in 0.30s
2026-05-07 21:07:46,955 - data_loader - INFO -   Creating samples for 2008-12-11_11: all 1250 messages
2026-05-07 21:07:46,962 - data_loader - INFO -   Created 44 samples for 2008-12-11_11
2026-05-07 21:07:46,962 - data_loader - INFO -   File 4/10: 2008-12-11_11 - 1250 messages, 220 total samples so far
2026-05-07 21:07:46,962 - data_loader - INFO - Loading conversation from data/dev/2009-02-23_10.ascii.txt
2026-05-07 21:07:46,963 - data_loader - INFO -   Read 1250 lines from ASCII file
2026-05-07 21:07:46,967 - data_loader - INFO -   Parsed 1250 messages, found 111 unique users
2026-05-07 21:07:47,201 - data_loader - INFO -   Loaded 186 gold links from annotation file
2026-05-07 21:07:47,201 - data_loader - INFO -   Conversation '2009-02-23_10' loaded in 0.24s
2026-05-07 21:07:47,201 - data_loader - INFO -   Creating samples for 2009-02-23_10: all 1250 messages
2026-05-07 21:07:47,208 - data_loader - INFO -   Created 53 samples for 2009-02-23_10
2026-05-07 21:07:47,208 - data_loader - INFO -   File 5/10: 2009-02-23_10 - 1250 messages, 273 total samples so far
2026-05-07 21:07:47,208 - data_loader - INFO - Loading conversation from data/dev/2009-03-03_10.ascii.txt
2026-05-07 21:07:47,209 - data_loader - INFO -   Read 1250 lines from ASCII file
2026-05-07 21:07:47,214 - data_loader - INFO -   Parsed 1250 messages, found 134 unique users
2026-05-07 21:07:47,499 - data_loader - INFO -   Loaded 188 gold links from annotation file
2026-05-07 21:07:47,499 - data_loader - INFO -   Conversation '2009-03-03_10' loaded in 0.29s
2026-05-07 21:07:47,499 - data_loader - INFO -   Creating samples for 2009-03-03_10: all 1250 messages
2026-05-07 21:07:47,504 - data_loader - INFO -   Created 28 samples for 2009-03-03_10
2026-05-07 21:07:47,504 - data_loader - INFO -   File 6/10: 2009-03-03_10 - 1250 messages, 301 total samples so far
2026-05-07 21:07:47,504 - data_loader - INFO - Loading conversation from data/dev/2009-10-01_17.ascii.txt
2026-05-07 21:07:47,505 - data_loader - INFO -   Read 1250 lines from ASCII file
2026-05-07 21:07:47,509 - data_loader - INFO -   Parsed 1250 messages, found 166 unique users
2026-05-07 21:07:47,852 - data_loader - INFO -   Loaded 171 gold links from annotation file
2026-05-07 21:07:47,852 - data_loader - INFO -   Conversation '2009-10-01_17' loaded in 0.35s
2026-05-07 21:07:47,852 - data_loader - INFO -   Creating samples for 2009-10-01_17: all 1250 messages
2026-05-07 21:07:47,858 - data_loader - INFO -   Created 45 samples for 2009-10-01_17
2026-05-07 21:07:47,858 - data_loader - INFO -   File 7/10: 2009-10-01_17 - 1250 messages, 346 total samples so far
2026-05-07 21:07:47,858 - data_loader - INFO - Loading conversation from data/dev/2011-05-29_19.ascii.txt
2026-05-07 21:07:47,860 - data_loader - INFO -   Read 1250 lines from ASCII file
2026-05-07 21:07:47,864 - data_loader - INFO -   Parsed 1250 messages, found 152 unique users
2026-05-07 21:07:48,187 - data_loader - INFO -   Loaded 181 gold links from annotation file
2026-05-07 21:07:48,188 - data_loader - INFO -   Conversation '2011-05-29_19' loaded in 0.33s
2026-05-07 21:07:48,188 - data_loader - INFO -   Creating samples for 2011-05-29_19: all 1250 messages
2026-05-07 21:07:48,194 - data_loader - INFO -   Created 42 samples for 2011-05-29_19
2026-05-07 21:07:48,194 - data_loader - INFO -   File 8/10: 2011-05-29_19 - 1250 messages, 388 total samples so far
2026-05-07 21:07:48,194 - data_loader - INFO - Loading conversation from data/dev/2011-11-13_02.ascii.txt
2026-05-07 21:07:48,195 - data_loader - INFO -   Read 1250 lines from ASCII file
2026-05-07 21:07:48,198 - data_loader - INFO -   Parsed 1250 messages, found 164 unique users
2026-05-07 21:07:48,574 - data_loader - INFO -   Loaded 165 gold links from annotation file
2026-05-07 21:07:48,574 - data_loader - INFO -   Conversation '2011-11-13_02' loaded in 0.38s
2026-05-07 21:07:48,574 - data_loader - INFO -   Creating samples for 2011-11-13_02: all 1250 messages
2026-05-07 21:07:48,581 - data_loader - INFO -   Created 39 samples for 2011-11-13_02
2026-05-07 21:07:48,581 - data_loader - INFO -   File 9/10: 2011-11-13_02 - 1250 messages, 427 total samples so far
2026-05-07 21:07:48,581 - data_loader - INFO - Loading conversation from data/dev/2016-12-19_20.ascii.txt
2026-05-07 21:07:48,583 - data_loader - INFO -   Read 1250 lines from ASCII file
2026-05-07 21:07:48,586 - data_loader - INFO -   Parsed 1250 messages, found 165 unique users
2026-05-07 21:07:48,933 - data_loader - INFO -   Loaded 176 gold links from annotation file
2026-05-07 21:07:48,934 - data_loader - INFO -   Conversation '2016-12-19_20' loaded in 0.35s
2026-05-07 21:07:48,934 - data_loader - INFO -   Creating samples for 2016-12-19_20: all 1250 messages
2026-05-07 21:07:48,940 - data_loader - INFO -   Created 35 samples for 2016-12-19_20
2026-05-07 21:07:48,940 - data_loader - INFO -   File 10/10: 2016-12-19_20 - 1250 messages, 462 total samples so far
2026-05-07 21:07:48,940 - data_loader - INFO - Dataset initialization complete: 462 samples from 10 conversations in 2.98s
2026-05-07 21:07:48,940 - __main__ - INFO -   Dev dataset created: 462 samples
2026-05-07 21:07:48,940 - __main__ - INFO -   Train dataset: 16754 samples
2026-05-07 21:07:48,940 - __main__ - INFO -   Dev dataset: 462 samples
2026-05-07 21:07:48,940 - __main__ - INFO - Creating model...
2026-05-07 21:07:49,170 - httpx - INFO - HTTP Request: HEAD https://huggingface.co/microsoft/deberta-v3-base/resolve/main/config.json "HTTP/1.1 307 Temporary Redirect"
2026-05-07 21:07:49,177 - httpx - INFO - HTTP Request: HEAD https://huggingface.co/api/resolve-cache/models/microsoft/deberta-v3-base/8ccc9b6f36199bec6961081d44eb72fb3f7353f3/config.json "HTTP/1.1 200 OK"
2026-05-07 21:07:49,795 - httpx - INFO - HTTP Request: HEAD https://huggingface.co/microsoft/deberta-v3-base/resolve/main/model.safetensors "HTTP/1.1 404 Not Found"
2026-05-07 21:07:50,035 - httpx - INFO - HTTP Request: GET https://huggingface.co/api/models/microsoft/deberta-v3-base "HTTP/1.1 200 OK"
Loading weights:   0%|          | 0/198 [00:00<?, ?it/s]Loading weights: 100%|██████████| 198/198 [00:00<00:00, 33993.95it/s]
2026-05-07 21:07:50,280 - httpx - INFO - HTTP Request: GET https://huggingface.co/api/models/microsoft/deberta-v3-base/commits/main "HTTP/1.1 200 OK"
2026-05-07 21:07:50,531 - httpx - INFO - HTTP Request: GET https://huggingface.co/api/models/microsoft/deberta-v3-base/discussions?p=0 "HTTP/1.1 200 OK"
2026-05-07 21:07:50,772 - httpx - INFO - HTTP Request: GET https://huggingface.co/api/models/microsoft/deberta-v3-base/commits/refs%2Fpr%2F14 "HTTP/1.1 200 OK"
2026-05-07 21:07:51,011 - httpx - INFO - HTTP Request: HEAD https://huggingface.co/microsoft/deberta-v3-base/resolve/refs%2Fpr%2F14/model.safetensors.index.json "HTTP/1.1 404 Not Found"
2026-05-07 21:07:51,241 - httpx - INFO - HTTP Request: HEAD https://huggingface.co/microsoft/deberta-v3-base/resolve/refs%2Fpr%2F14/model.safetensors "HTTP/1.1 302 Found"
[transformers] [1mDebertaV2Model LOAD REPORT[0m from: microsoft/deberta-v3-base
Key                                     | Status     |  | 
----------------------------------------+------------+--+-
lm_predictions.lm_head.LayerNorm.weight | UNEXPECTED |  | 
mask_predictions.dense.weight           | UNEXPECTED |  | 
lm_predictions.lm_head.dense.weight     | UNEXPECTED |  | 
lm_predictions.lm_head.bias             | UNEXPECTED |  | 
lm_predictions.lm_head.dense.bias       | UNEXPECTED |  | 
mask_predictions.classifier.bias        | UNEXPECTED |  | 
mask_predictions.LayerNorm.bias         | UNEXPECTED |  | 
lm_predictions.lm_head.LayerNorm.bias   | UNEXPECTED |  | 
mask_predictions.dense.bias             | UNEXPECTED |  | 
mask_predictions.classifier.weight      | UNEXPECTED |  | 
mask_predictions.LayerNorm.weight       | UNEXPECTED |  | 

Notes:
- UNEXPECTED:	can be ignored when loading from different task/architecture; not ok if you expect identical arch.
2026-05-07 21:07:51,502 - httpx - INFO - HTTP Request: HEAD https://huggingface.co/microsoft/deberta-v3-base/resolve/main/config.json "HTTP/1.1 307 Temporary Redirect"
2026-05-07 21:07:51,508 - httpx - INFO - HTTP Request: HEAD https://huggingface.co/api/resolve-cache/models/microsoft/deberta-v3-base/8ccc9b6f36199bec6961081d44eb72fb3f7353f3/config.json "HTTP/1.1 200 OK"
2026-05-07 21:07:52,016 - __main__ - INFO -   Parameters: 183,832,326 trainable, 183,832,326 total
2026-05-07 21:07:52,016 - __main__ - INFO -   BERT hidden size: 768
2026-05-07 21:07:52,016 - __main__ - INFO -   Combined size: 773
2026-05-07 21:07:52,017 - __main__ - INFO - Created AdamW optimizer with lr=5e-05
2026-05-07 21:07:52,017 - __main__ - INFO - Created scheduler with 628 warmup steps (10% of 6285 total steps)
2026-05-07 21:07:52,018 - __main__ - INFO - Starting training from epoch 1...
2026-05-07 21:07:52,018 - __main__ - INFO - ================================================================================
2026-05-07 21:07:52,018 - __main__ - INFO - Epoch 1/3
2026-05-07 21:07:52,018 - __main__ - INFO - --------------------------------------------------------------------------------
2026-05-07 21:07:52,018 - __main__ - INFO - Starting epoch 1 with 2095 batches
2026-05-07 21:07:53,085 - __main__ - ERROR - Fatal error during training:
Traceback (most recent call last):
  File "/home/s4901673/workspace/irc-disentanglement-bert-pytorch/src/train.py", line 1058, in <module>
    main()
  File "/home/s4901673/workspace/irc-disentanglement-bert-pytorch/src/train.py", line 957, in main
    train_loss = train_epoch(
  File "/home/s4901673/workspace/irc-disentanglement-bert-pytorch/src/train.py", line 658, in train_epoch
    scaler.step(optimizer)
  File "/scratch/user/s4901673/conda-envs/ircbert/lib/python3.10/site-packages/torch/amp/grad_scaler.py", line 451, in step
    self.unscale_(optimizer)
  File "/scratch/user/s4901673/conda-envs/ircbert/lib/python3.10/site-packages/torch/amp/grad_scaler.py", line 338, in unscale_
    optimizer_state["found_inf_per_device"] = self._unscale_grads_(
  File "/scratch/user/s4901673/conda-envs/ircbert/lib/python3.10/site-packages/torch/amp/grad_scaler.py", line 260, in _unscale_grads_
    raise ValueError("Attempting to unscale FP16 gradients.")
ValueError: Attempting to unscale FP16 gradients.
