WARNING: huggingface-hub 1.13.0 does not provide the extra 'cli'
2026-05-08 04:15:15,042 - __main__ - INFO - ================================================================================
2026-05-08 04:15:15,042 - __main__ - INFO - IRC Conversation Disentanglement Training
2026-05-08 04:15:15,043 - __main__ - INFO - ================================================================================
2026-05-08 04:15:15,043 - __main__ - INFO - --- System Diagnostics ---
2026-05-08 04:15:15,043 - __main__ - INFO - OS: Linux 5.14.0-611.24.1.el9_7.x86_64
2026-05-08 04:15:15,043 - __main__ - INFO - Python: 3.10.20
2026-05-08 04:15:15,043 - __main__ - INFO - RAM: 2003.13 GB total, 1962.27 GB available
2026-05-08 04:15:15,059 - __main__ - INFO - GPU 0: NVIDIA L40
2026-05-08 04:15:15,059 - __main__ - INFO -   Total Memory: 45460 MB
2026-05-08 04:15:15,059 - __main__ - INFO -   Compute Capability: 8.9
2026-05-08 04:15:15,059 - __main__ - INFO - --------------------------
2026-05-08 04:15:15,060 - __main__ - INFO - Mode: train
2026-05-08 04:15:15,060 - __main__ - INFO - Device: cuda
2026-05-08 04:15:15,060 - __main__ - INFO - Model: microsoft/deberta-v3-base
2026-05-08 04:15:15,060 - __main__ - INFO - Batch size: 8
2026-05-08 04:15:15,060 - __main__ - INFO - Learning rate: 5e-05
2026-05-08 04:15:15,060 - __main__ - INFO - Epochs: 3
2026-05-08 04:15:15,060 - __main__ - INFO - Max dist: 15
2026-05-08 04:15:15,060 - __main__ - INFO - Max length: 128
2026-05-08 04:15:15,060 - __main__ - INFO - Output dir: /scratch/user/s4901673/ircbert_runs/checkpoints
2026-05-08 04:15:15,060 - __main__ - INFO - Using device: cuda
2026-05-08 04:15:15,060 - __main__ - INFO - Loading tokenizer: microsoft/deberta-v3-base
2026-05-08 04:15:15,306 - httpx - INFO - HTTP Request: HEAD https://huggingface.co/microsoft/deberta-v3-base/resolve/main/config.json "HTTP/1.1 307 Temporary Redirect"
2026-05-08 04:15:15,312 - httpx - INFO - HTTP Request: HEAD https://huggingface.co/api/resolve-cache/models/microsoft/deberta-v3-base/8ccc9b6f36199bec6961081d44eb72fb3f7353f3/config.json "HTTP/1.1 200 OK"
2026-05-08 04:15:15,551 - httpx - INFO - HTTP Request: HEAD https://huggingface.co/microsoft/deberta-v3-base/resolve/main/tokenizer_config.json "HTTP/1.1 307 Temporary Redirect"
Warning: You are sending unauthenticated requests to the HF Hub. Please set a HF_TOKEN to enable higher rate limits and faster downloads.
2026-05-08 04:15:15,552 - huggingface_hub.utils._http - WARNING - Warning: You are sending unauthenticated requests to the HF Hub. Please set a HF_TOKEN to enable higher rate limits and faster downloads.
2026-05-08 04:15:15,557 - httpx - INFO - HTTP Request: HEAD https://huggingface.co/api/resolve-cache/models/microsoft/deberta-v3-base/8ccc9b6f36199bec6961081d44eb72fb3f7353f3/tokenizer_config.json "HTTP/1.1 200 OK"
2026-05-08 04:15:15,792 - httpx - INFO - HTTP Request: GET https://huggingface.co/api/models/microsoft/deberta-v3-base/tree/main/additional_chat_templates?recursive=false&expand=false "HTTP/1.1 404 Not Found"
2026-05-08 04:15:16,025 - httpx - INFO - HTTP Request: GET https://huggingface.co/api/models/microsoft/deberta-v3-base/tree/main?recursive=true&expand=false "HTTP/1.1 200 OK"
2026-05-08 04:15:16,502 - httpx - INFO - HTTP Request: GET https://huggingface.co/api/models/microsoft/deberta-v3-base "HTTP/1.1 200 OK"
2026-05-08 04:15:16,503 - __main__ - INFO - Tokenizer loaded: DebertaV2Tokenizer
2026-05-08 04:15:16,503 - __main__ - INFO - Creating dataloaders...
2026-05-08 04:15:16,674 - __main__ - INFO - Loading 153 train files...
2026-05-08 04:15:16,674 - data_loader - INFO - Initializing IRCDisentanglementDataset with 153 files
2026-05-08 04:15:16,674 - data_loader - INFO -   max_dist=15, max_length=128, skip_labels=False
2026-05-08 04:15:16,674 - data_loader - INFO -   test_start=0, test_end=1000000000
2026-05-08 04:15:16,675 - data_loader - INFO - Loading conversation from data/train/2004-12-25.train-c.ascii.txt
2026-05-08 04:15:16,677 - data_loader - INFO -   Read 1500 lines from ASCII file
2026-05-08 04:15:16,685 - data_loader - INFO -   Parsed 1500 messages, found 94 unique users
2026-05-08 04:15:16,858 - data_loader - INFO -   Loaded 382 gold links from annotation file
2026-05-08 04:15:16,861 - data_loader - INFO -   Conversation '2004-12-25.train-c' loaded in 0.19s
2026-05-08 04:15:16,861 - data_loader - INFO -   Creating samples for 2004-12-25.train-c: all 1500 messages
2026-05-08 04:15:16,873 - data_loader - INFO -   Created 174 samples for 2004-12-25.train-c
2026-05-08 04:15:16,873 - data_loader - INFO -   File 1/153: 2004-12-25.train-c - 1500 messages, 174 total samples so far
2026-05-08 04:15:16,873 - data_loader - INFO - Loading conversation from data/train/2005-02-06.train-c.ascii.txt
2026-05-08 04:15:16,876 - data_loader - INFO -   Read 1500 lines from ASCII file
2026-05-08 04:15:16,880 - data_loader - INFO -   Parsed 1500 messages, found 70 unique users
2026-05-08 04:15:17,022 - data_loader - INFO -   Loaded 346 gold links from annotation file
2026-05-08 04:15:17,022 - data_loader - INFO -   Conversation '2005-02-06.train-c' loaded in 0.15s
2026-05-08 04:15:17,022 - data_loader - INFO -   Creating samples for 2005-02-06.train-c: all 1500 messages
2026-05-08 04:15:17,031 - data_loader - INFO -   Created 98 samples for 2005-02-06.train-c
2026-05-08 04:15:17,031 - data_loader - INFO -   File 2/153: 2005-02-06.train-c - 1500 messages, 272 total samples so far
2026-05-08 04:15:17,031 - data_loader - INFO - Loading conversation from data/train/2005-02-08.train-a.ascii.txt
2026-05-08 04:15:17,033 - data_loader - INFO -   Read 1246 lines from ASCII file
2026-05-08 04:15:17,037 - data_loader - INFO -   Parsed 1246 messages, found 71 unique users
2026-05-08 04:15:17,135 - data_loader - INFO -   Loaded 214 gold links from annotation file
2026-05-08 04:15:17,135 - data_loader - INFO -   Conversation '2005-02-08.train-a' loaded in 0.10s
2026-05-08 04:15:17,135 - data_loader - INFO -   Creating samples for 2005-02-08.train-a: all 1246 messages
2026-05-08 04:15:17,142 - data_loader - INFO -   Created 84 samples for 2005-02-08.train-a
2026-05-08 04:15:17,142 - data_loader - INFO -   File 3/153: 2005-02-08.train-a - 1246 messages, 356 total samples so far
2026-05-08 04:15:17,142 - data_loader - INFO - Loading conversation from data/train/2005-02-27.train-c.ascii.txt
2026-05-08 04:15:17,145 - data_loader - INFO -   Read 1500 lines from ASCII file
2026-05-08 04:15:17,149 - data_loader - INFO -   Parsed 1500 messages, found 74 unique users
2026-05-08 04:15:17,308 - data_loader - INFO -   Loaded 355 gold links from annotation file
2026-05-08 04:15:17,308 - data_loader - INFO -   Conversation '2005-02-27.train-c' loaded in 0.17s
2026-05-08 04:15:17,308 - data_loader - INFO -   Creating samples for 2005-02-27.train-c: all 1500 messages
2026-05-08 04:15:17,318 - data_loader - INFO -   Created 109 samples for 2005-02-27.train-c
2026-05-08 04:15:17,318 - data_loader - INFO -   File 4/153: 2005-02-27.train-c - 1500 messages, 465 total samples so far
2026-05-08 04:15:17,318 - data_loader - INFO - Loading conversation from data/train/2005-05-14.train-c.ascii.txt
2026-05-08 04:15:17,322 - data_loader - INFO -   Read 1500 lines from ASCII file
2026-05-08 04:15:17,326 - data_loader - INFO -   Parsed 1500 messages, found 85 unique users
2026-05-08 04:15:17,495 - data_loader - INFO -   Loaded 370 gold links from annotation file
2026-05-08 04:15:17,495 - data_loader - INFO -   Conversation '2005-05-14.train-c' loaded in 0.18s
2026-05-08 04:15:17,495 - data_loader - INFO -   Creating samples for 2005-05-14.train-c: all 1500 messages
2026-05-08 04:15:17,506 - data_loader - INFO -   Created 147 samples for 2005-05-14.train-c
2026-05-08 04:15:17,506 - data_loader - INFO -   File 5/153: 2005-05-14.train-c - 1500 messages, 612 total samples so far
2026-05-08 04:15:17,506 - data_loader - INFO - Loading conversation from data/train/2005-05-19.train-a.ascii.txt
2026-05-08 04:15:17,509 - data_loader - INFO -   Read 1191 lines from ASCII file
2026-05-08 04:15:17,512 - data_loader - INFO -   Parsed 1191 messages, found 68 unique users
2026-05-08 04:15:17,614 - data_loader - INFO -   Loaded 165 gold links from annotation file
2026-05-08 04:15:17,615 - data_loader - INFO -   Conversation '2005-05-19.train-a' loaded in 0.11s
2026-05-08 04:15:17,615 - data_loader - INFO -   Creating samples for 2005-05-19.train-a: all 1191 messages
2026-05-08 04:15:17,740 - data_loader - INFO -   Created 62 samples for 2005-05-19.train-a
2026-05-08 04:15:17,740 - data_loader - INFO -   File 6/153: 2005-05-19.train-a - 1191 messages, 674 total samples so far
2026-05-08 04:15:17,740 - data_loader - INFO - Loading conversation from data/train/2005-06-06.train-c.ascii.txt
2026-05-08 04:15:17,743 - data_loader - INFO -   Read 1500 lines from ASCII file
2026-05-08 04:15:17,747 - data_loader - INFO -   Parsed 1500 messages, found 97 unique users
2026-05-08 04:15:17,918 - data_loader - INFO -   Loaded 388 gold links from annotation file
2026-05-08 04:15:17,918 - data_loader - INFO -   Conversation '2005-06-06.train-c' loaded in 0.18s
2026-05-08 04:15:17,918 - data_loader - INFO -   Creating samples for 2005-06-06.train-c: all 1500 messages
2026-05-08 04:15:17,929 - data_loader - INFO -   Created 163 samples for 2005-06-06.train-c
2026-05-08 04:15:17,930 - data_loader - INFO -   File 7/153: 2005-06-06.train-c - 1500 messages, 837 total samples so far
2026-05-08 04:15:17,930 - data_loader - INFO - Loading conversation from data/train/2005-06-12.train-c.ascii.txt
2026-05-08 04:15:17,932 - data_loader - INFO -   Read 1500 lines from ASCII file
2026-05-08 04:15:17,936 - data_loader - INFO -   Parsed 1500 messages, found 93 unique users
2026-05-08 04:15:18,134 - data_loader - INFO -   Loaded 371 gold links from annotation file
2026-05-08 04:15:18,134 - data_loader - INFO -   Conversation '2005-06-12.train-c' loaded in 0.20s
2026-05-08 04:15:18,135 - data_loader - INFO -   Creating samples for 2005-06-12.train-c: all 1500 messages
2026-05-08 04:15:18,145 - data_loader - INFO -   Created 116 samples for 2005-06-12.train-c
2026-05-08 04:15:18,145 - data_loader - INFO -   File 8/153: 2005-06-12.train-c - 1500 messages, 953 total samples so far
2026-05-08 04:15:18,145 - data_loader - INFO - Loading conversation from data/train/2005-06-16.train-c.ascii.txt
2026-05-08 04:15:18,147 - data_loader - INFO -   Read 1500 lines from ASCII file
2026-05-08 04:15:18,151 - data_loader - INFO -   Parsed 1500 messages, found 90 unique users
2026-05-08 04:15:18,328 - data_loader - INFO -   Loaded 388 gold links from annotation file
2026-05-08 04:15:18,328 - data_loader - INFO -   Conversation '2005-06-16.train-c' loaded in 0.18s
2026-05-08 04:15:18,328 - data_loader - INFO -   Creating samples for 2005-06-16.train-c: all 1500 messages
2026-05-08 04:15:18,337 - data_loader - INFO -   Created 98 samples for 2005-06-16.train-c
2026-05-08 04:15:18,337 - data_loader - INFO -   File 9/153: 2005-06-16.train-c - 1500 messages, 1051 total samples so far
2026-05-08 04:15:18,337 - data_loader - INFO - Loading conversation from data/train/2005-06-20.train-a.ascii.txt
2026-05-08 04:15:18,340 - data_loader - INFO -   Read 1457 lines from ASCII file
2026-05-08 04:15:18,343 - data_loader - INFO -   Parsed 1457 messages, found 77 unique users
2026-05-08 04:15:18,493 - data_loader - INFO -   Loaded 326 gold links from annotation file
2026-05-08 04:15:18,493 - data_loader - INFO -   Conversation '2005-06-20.train-a' loaded in 0.16s
2026-05-08 04:15:18,493 - data_loader - INFO -   Creating samples for 2005-06-20.train-a: all 1457 messages
2026-05-08 04:15:18,503 - data_loader - INFO -   Created 123 samples for 2005-06-20.train-a
2026-05-08 04:15:18,503 - data_loader - INFO -   File 10/153: 2005-06-20.train-a - 1457 messages, 1174 total samples so far
2026-05-08 04:15:18,503 - data_loader - INFO - Loading conversation from data/train/2005-07-25.train-a.ascii.txt
2026-05-08 04:15:18,505 - data_loader - INFO -   Read 1283 lines from ASCII file
2026-05-08 04:15:18,508 - data_loader - INFO -   Parsed 1283 messages, found 88 unique users
2026-05-08 04:15:18,653 - data_loader - INFO -   Loaded 217 gold links from annotation file
2026-05-08 04:15:18,653 - data_loader - INFO -   Conversation '2005-07-25.train-a' loaded in 0.15s
2026-05-08 04:15:18,653 - data_loader - INFO -   Creating samples for 2005-07-25.train-a: all 1283 messages
2026-05-08 04:15:18,661 - data_loader - INFO -   Created 104 samples for 2005-07-25.train-a
2026-05-08 04:15:18,661 - data_loader - INFO -   File 11/153: 2005-07-25.train-a - 1283 messages, 1278 total samples so far
2026-05-08 04:15:18,661 - data_loader - INFO - Loading conversation from data/train/2005-07-29.train-c.ascii.txt
2026-05-08 04:15:18,664 - data_loader - INFO -   Read 1500 lines from ASCII file
2026-05-08 04:15:18,668 - data_loader - INFO -   Parsed 1500 messages, found 84 unique users
2026-05-08 04:15:18,840 - data_loader - INFO -   Loaded 396 gold links from annotation file
2026-05-08 04:15:18,840 - data_loader - INFO -   Conversation '2005-07-29.train-c' loaded in 0.18s
2026-05-08 04:15:18,840 - data_loader - INFO -   Creating samples for 2005-07-29.train-c: all 1500 messages
2026-05-08 04:15:18,851 - data_loader - INFO -   Created 152 samples for 2005-07-29.train-c
2026-05-08 04:15:18,851 - data_loader - INFO -   File 12/153: 2005-07-29.train-c - 1500 messages, 1430 total samples so far
2026-05-08 04:15:18,851 - data_loader - INFO - Loading conversation from data/train/2005-09-26.train-c.ascii.txt
2026-05-08 04:15:18,853 - data_loader - INFO -   Read 1500 lines from ASCII file
2026-05-08 04:15:18,857 - data_loader - INFO -   Parsed 1500 messages, found 114 unique users
2026-05-08 04:15:19,082 - data_loader - INFO -   Loaded 403 gold links from annotation file
2026-05-08 04:15:19,082 - data_loader - INFO -   Conversation '2005-09-26.train-c' loaded in 0.23s
2026-05-08 04:15:19,082 - data_loader - INFO -   Creating samples for 2005-09-26.train-c: all 1500 messages
2026-05-08 04:15:19,092 - data_loader - INFO -   Created 119 samples for 2005-09-26.train-c
2026-05-08 04:15:19,093 - data_loader - INFO -   File 13/153: 2005-09-26.train-c - 1500 messages, 1549 total samples so far
2026-05-08 04:15:19,093 - data_loader - INFO - Loading conversation from data/train/2005-10-07.train-c.ascii.txt
2026-05-08 04:15:19,095 - data_loader - INFO -   Read 1500 lines from ASCII file
2026-05-08 04:15:19,099 - data_loader - INFO -   Parsed 1500 messages, found 99 unique users
2026-05-08 04:15:19,282 - data_loader - INFO -   Loaded 375 gold links from annotation file
2026-05-08 04:15:19,282 - data_loader - INFO -   Conversation '2005-10-07.train-c' loaded in 0.19s
2026-05-08 04:15:19,282 - data_loader - INFO -   Creating samples for 2005-10-07.train-c: all 1500 messages
2026-05-08 04:15:19,293 - data_loader - INFO -   Created 151 samples for 2005-10-07.train-c
2026-05-08 04:15:19,293 - data_loader - INFO -   File 14/153: 2005-10-07.train-c - 1500 messages, 1700 total samples so far
2026-05-08 04:15:19,293 - data_loader - INFO - Loading conversation from data/train/2005-10-12.train-c.ascii.txt
2026-05-08 04:15:19,296 - data_loader - INFO -   Read 1500 lines from ASCII file
2026-05-08 04:15:19,300 - data_loader - INFO -   Parsed 1500 messages, found 138 unique users
2026-05-08 04:15:19,546 - data_loader - INFO -   Loaded 370 gold links from annotation file
2026-05-08 04:15:19,546 - data_loader - INFO -   Conversation '2005-10-12.train-c' loaded in 0.25s
2026-05-08 04:15:19,547 - data_loader - INFO -   Creating samples for 2005-10-12.train-c: all 1500 messages
2026-05-08 04:15:19,557 - data_loader - INFO -   Created 139 samples for 2005-10-12.train-c
2026-05-08 04:15:19,557 - data_loader - INFO -   File 15/153: 2005-10-12.train-c - 1500 messages, 1839 total samples so far
2026-05-08 04:15:19,557 - data_loader - INFO - Loading conversation from data/train/2005-12-03.train-c.ascii.txt
2026-05-08 04:15:19,560 - data_loader - INFO -   Read 1500 lines from ASCII file
2026-05-08 04:15:19,564 - data_loader - INFO -   Parsed 1500 messages, found 104 unique users
2026-05-08 04:15:19,761 - data_loader - INFO -   Loaded 387 gold links from annotation file
2026-05-08 04:15:19,777 - data_loader - INFO -   Conversation '2005-12-03.train-c' loaded in 0.22s
2026-05-08 04:15:19,777 - data_loader - INFO -   Creating samples for 2005-12-03.train-c: all 1500 messages
2026-05-08 04:15:19,788 - data_loader - INFO -   Created 161 samples for 2005-12-03.train-c
2026-05-08 04:15:19,788 - data_loader - INFO -   File 16/153: 2005-12-03.train-c - 1500 messages, 2000 total samples so far
2026-05-08 04:15:19,788 - data_loader - INFO - Loading conversation from data/train/2005-12-04.train-c.ascii.txt
2026-05-08 04:15:19,791 - data_loader - INFO -   Read 1500 lines from ASCII file
2026-05-08 04:15:19,795 - data_loader - INFO -   Parsed 1500 messages, found 128 unique users
2026-05-08 04:15:20,042 - data_loader - INFO -   Loaded 399 gold links from annotation file
2026-05-08 04:15:20,042 - data_loader - INFO -   Conversation '2005-12-04.train-c' loaded in 0.25s
2026-05-08 04:15:20,042 - data_loader - INFO -   Creating samples for 2005-12-04.train-c: all 1500 messages
2026-05-08 04:15:20,055 - data_loader - INFO -   Created 190 samples for 2005-12-04.train-c
2026-05-08 04:15:20,055 - data_loader - INFO -   File 17/153: 2005-12-04.train-c - 1500 messages, 2190 total samples so far
2026-05-08 04:15:20,055 - data_loader - INFO - Loading conversation from data/train/2005-12-16.train-c.ascii.txt
2026-05-08 04:15:20,057 - data_loader - INFO -   Read 1500 lines from ASCII file
2026-05-08 04:15:20,061 - data_loader - INFO -   Parsed 1500 messages, found 83 unique users
2026-05-08 04:15:20,229 - data_loader - INFO -   Loaded 371 gold links from annotation file
2026-05-08 04:15:20,229 - data_loader - INFO -   Conversation '2005-12-16.train-c' loaded in 0.17s
2026-05-08 04:15:20,229 - data_loader - INFO -   Creating samples for 2005-12-16.train-c: all 1500 messages
2026-05-08 04:15:20,237 - data_loader - INFO -   Created 82 samples for 2005-12-16.train-c
2026-05-08 04:15:20,237 - data_loader - INFO -   File 18/153: 2005-12-16.train-c - 1500 messages, 2272 total samples so far
2026-05-08 04:15:20,237 - data_loader - INFO - Loading conversation from data/train/2005-12-23.train-c.ascii.txt
2026-05-08 04:15:20,240 - data_loader - INFO -   Read 1500 lines from ASCII file
2026-05-08 04:15:20,244 - data_loader - INFO -   Parsed 1500 messages, found 117 unique users
2026-05-08 04:15:20,464 - data_loader - INFO -   Loaded 380 gold links from annotation file
2026-05-08 04:15:20,464 - data_loader - INFO -   Conversation '2005-12-23.train-c' loaded in 0.23s
2026-05-08 04:15:20,464 - data_loader - INFO -   Creating samples for 2005-12-23.train-c: all 1500 messages
2026-05-08 04:15:20,475 - data_loader - INFO -   Created 170 samples for 2005-12-23.train-c
2026-05-08 04:15:20,476 - data_loader - INFO -   File 19/153: 2005-12-23.train-c - 1500 messages, 2442 total samples so far
2026-05-08 04:15:20,476 - data_loader - INFO - Loading conversation from data/train/2006-01-02.train-c.ascii.txt
2026-05-08 04:15:20,478 - data_loader - INFO -   Read 1500 lines from ASCII file
2026-05-08 04:15:20,481 - data_loader - INFO -   Parsed 1500 messages, found 120 unique users
2026-05-08 04:15:20,722 - data_loader - INFO -   Loaded 371 gold links from annotation file
2026-05-08 04:15:20,722 - data_loader - INFO -   Conversation '2006-01-02.train-c' loaded in 0.25s
2026-05-08 04:15:20,722 - data_loader - INFO -   Creating samples for 2006-01-02.train-c: all 1500 messages
2026-05-08 04:15:20,735 - data_loader - INFO -   Created 174 samples for 2006-01-02.train-c
2026-05-08 04:15:20,735 - data_loader - INFO -   File 20/153: 2006-01-02.train-c - 1500 messages, 2616 total samples so far
2026-05-08 04:15:20,735 - data_loader - INFO - Loading conversation from data/train/2006-01-12.train-c.ascii.txt
2026-05-08 04:15:20,737 - data_loader - INFO -   Read 1500 lines from ASCII file
2026-05-08 04:15:20,741 - data_loader - INFO -   Parsed 1500 messages, found 115 unique users
2026-05-08 04:15:20,959 - data_loader - INFO -   Loaded 378 gold links from annotation file
2026-05-08 04:15:20,959 - data_loader - INFO -   Conversation '2006-01-12.train-c' loaded in 0.22s
2026-05-08 04:15:20,959 - data_loader - INFO -   Creating samples for 2006-01-12.train-c: all 1500 messages
2026-05-08 04:15:20,970 - data_loader - INFO -   Created 128 samples for 2006-01-12.train-c
2026-05-08 04:15:20,970 - data_loader - INFO -   File 21/153: 2006-01-12.train-c - 1500 messages, 2744 total samples so far
2026-05-08 04:15:20,970 - data_loader - INFO - Loading conversation from data/train/2006-02-20.train-c.ascii.txt
2026-05-08 04:15:20,973 - data_loader - INFO -   Read 1500 lines from ASCII file
2026-05-08 04:15:20,976 - data_loader - INFO -   Parsed 1500 messages, found 115 unique users
2026-05-08 04:15:21,189 - data_loader - INFO -   Loaded 385 gold links from annotation file
2026-05-08 04:15:21,189 - data_loader - INFO -   Conversation '2006-02-20.train-c' loaded in 0.22s
2026-05-08 04:15:21,189 - data_loader - INFO -   Creating samples for 2006-02-20.train-c: all 1500 messages
2026-05-08 04:15:21,201 - data_loader - INFO -   Created 169 samples for 2006-02-20.train-c
2026-05-08 04:15:21,201 - data_loader - INFO -   File 22/153: 2006-02-20.train-c - 1500 messages, 2913 total samples so far
2026-05-08 04:15:21,201 - data_loader - INFO - Loading conversation from data/train/2006-02-24.train-a.ascii.txt
2026-05-08 04:15:21,204 - data_loader - INFO -   Read 1331 lines from ASCII file
2026-05-08 04:15:21,208 - data_loader - INFO -   Parsed 1331 messages, found 102 unique users
2026-05-08 04:15:21,392 - data_loader - INFO -   Loaded 280 gold links from annotation file
2026-05-08 04:15:21,392 - data_loader - INFO -   Conversation '2006-02-24.train-a' loaded in 0.19s
2026-05-08 04:15:21,392 - data_loader - INFO -   Creating samples for 2006-02-24.train-a: all 1331 messages
2026-05-08 04:15:21,401 - data_loader - INFO -   Created 110 samples for 2006-02-24.train-a
2026-05-08 04:15:21,401 - data_loader - INFO -   File 23/153: 2006-02-24.train-a - 1331 messages, 3023 total samples so far
2026-05-08 04:15:21,401 - data_loader - INFO - Loading conversation from data/train/2006-02-28.train-c.ascii.txt
2026-05-08 04:15:21,404 - data_loader - INFO -   Read 1500 lines from ASCII file
2026-05-08 04:15:21,408 - data_loader - INFO -   Parsed 1500 messages, found 137 unique users
2026-05-08 04:15:21,659 - data_loader - INFO -   Loaded 380 gold links from annotation file
2026-05-08 04:15:21,659 - data_loader - INFO -   Conversation '2006-02-28.train-c' loaded in 0.26s
2026-05-08 04:15:21,659 - data_loader - INFO -   Creating samples for 2006-02-28.train-c: all 1500 messages
2026-05-08 04:15:21,673 - data_loader - INFO -   Created 208 samples for 2006-02-28.train-c
2026-05-08 04:15:21,673 - data_loader - INFO -   File 24/153: 2006-02-28.train-c - 1500 messages, 3231 total samples so far
2026-05-08 04:15:21,673 - data_loader - INFO - Loading conversation from data/train/2006-03-05.train-c.ascii.txt
2026-05-08 04:15:21,676 - data_loader - INFO -   Read 1500 lines from ASCII file
2026-05-08 04:15:21,680 - data_loader - INFO -   Parsed 1500 messages, found 130 unique users
2026-05-08 04:15:21,947 - data_loader - INFO -   Loaded 364 gold links from annotation file
2026-05-08 04:15:21,947 - data_loader - INFO -   Conversation '2006-03-05.train-c' loaded in 0.27s
2026-05-08 04:15:21,947 - data_loader - INFO -   Creating samples for 2006-03-05.train-c: all 1500 messages
2026-05-08 04:15:21,958 - data_loader - INFO -   Created 134 samples for 2006-03-05.train-c
2026-05-08 04:15:21,958 - data_loader - INFO -   File 25/153: 2006-03-05.train-c - 1500 messages, 3365 total samples so far
2026-05-08 04:15:21,958 - data_loader - INFO - Loading conversation from data/train/2006-05-02.train-c.ascii.txt
2026-05-08 04:15:21,964 - data_loader - INFO -   Read 1500 lines from ASCII file
2026-05-08 04:15:22,135 - data_loader - INFO -   Parsed 1500 messages, found 124 unique users
2026-05-08 04:15:22,388 - data_loader - INFO -   Loaded 398 gold links from annotation file
2026-05-08 04:15:22,388 - data_loader - INFO -   Conversation '2006-05-02.train-c' loaded in 0.43s
2026-05-08 04:15:22,388 - data_loader - INFO -   Creating samples for 2006-05-02.train-c: all 1500 messages
2026-05-08 04:15:22,400 - data_loader - INFO -   Created 187 samples for 2006-05-02.train-c
2026-05-08 04:15:22,400 - data_loader - INFO -   File 26/153: 2006-05-02.train-c - 1500 messages, 3552 total samples so far
2026-05-08 04:15:22,400 - data_loader - INFO - Loading conversation from data/train/2006-05-15.train-c.ascii.txt
2026-05-08 04:15:22,403 - data_loader - INFO -   Read 1500 lines from ASCII file
2026-05-08 04:15:22,406 - data_loader - INFO -   Parsed 1500 messages, found 101 unique users
2026-05-08 04:15:22,607 - data_loader - INFO -   Loaded 369 gold links from annotation file
2026-05-08 04:15:22,607 - data_loader - INFO -   Conversation '2006-05-15.train-c' loaded in 0.21s
2026-05-08 04:15:22,607 - data_loader - INFO -   Creating samples for 2006-05-15.train-c: all 1500 messages
2026-05-08 04:15:22,621 - data_loader - INFO -   Created 199 samples for 2006-05-15.train-c
2026-05-08 04:15:22,621 - data_loader - INFO -   File 27/153: 2006-05-15.train-c - 1500 messages, 3751 total samples so far
2026-05-08 04:15:22,621 - data_loader - INFO - Loading conversation from data/train/2006-05-27.train-c.ascii.txt
2026-05-08 04:15:22,625 - data_loader - INFO -   Read 1500 lines from ASCII file
2026-05-08 04:15:22,628 - data_loader - INFO -   Parsed 1500 messages, found 117 unique users
2026-05-08 04:15:22,812 - data_loader - INFO -   Loaded 415 gold links from annotation file
2026-05-08 04:15:22,812 - data_loader - INFO -   Conversation '2006-05-27.train-c' loaded in 0.19s
2026-05-08 04:15:22,812 - data_loader - INFO -   Creating samples for 2006-05-27.train-c: all 1500 messages
2026-05-08 04:15:22,825 - data_loader - INFO -   Created 261 samples for 2006-05-27.train-c
2026-05-08 04:15:22,825 - data_loader - INFO -   File 28/153: 2006-05-27.train-c - 1500 messages, 4012 total samples so far
2026-05-08 04:15:22,825 - data_loader - INFO - Loading conversation from data/train/2006-05-29.train-c.ascii.txt
2026-05-08 04:15:22,827 - data_loader - INFO -   Read 1500 lines from ASCII file
2026-05-08 04:15:22,831 - data_loader - INFO -   Parsed 1500 messages, found 115 unique users
2026-05-08 04:15:23,041 - data_loader - INFO -   Loaded 371 gold links from annotation file
2026-05-08 04:15:23,041 - data_loader - INFO -   Conversation '2006-05-29.train-c' loaded in 0.22s
2026-05-08 04:15:23,041 - data_loader - INFO -   Creating samples for 2006-05-29.train-c: all 1500 messages
2026-05-08 04:15:23,054 - data_loader - INFO -   Created 212 samples for 2006-05-29.train-c
2026-05-08 04:15:23,054 - data_loader - INFO -   File 29/153: 2006-05-29.train-c - 1500 messages, 4224 total samples so far
2026-05-08 04:15:23,054 - data_loader - INFO - Loading conversation from data/train/2006-06-01.train-a.ascii.txt
2026-05-08 04:15:23,058 - data_loader - INFO -   Read 2165 lines from ASCII file
2026-05-08 04:15:23,064 - data_loader - INFO -   Parsed 2165 messages, found 223 unique users
2026-05-08 04:15:23,656 - data_loader - INFO -   Loaded 844 gold links from annotation file
2026-05-08 04:15:23,656 - data_loader - INFO -   Conversation '2006-06-01.train-a' loaded in 0.60s
2026-05-08 04:15:23,656 - data_loader - INFO -   Creating samples for 2006-06-01.train-a: all 2165 messages
2026-05-08 04:15:23,680 - data_loader - INFO -   Created 361 samples for 2006-06-01.train-a
2026-05-08 04:15:23,680 - data_loader - INFO -   File 30/153: 2006-06-01.train-a - 2165 messages, 4585 total samples so far
2026-05-08 04:15:23,680 - data_loader - INFO - Loading conversation from data/train/2006-06-05.train-a.ascii.txt
2026-05-08 04:15:23,682 - data_loader - INFO -   Read 1753 lines from ASCII file
2026-05-08 04:15:23,686 - data_loader - INFO -   Parsed 1753 messages, found 135 unique users
2026-05-08 04:15:24,005 - data_loader - INFO -   Loaded 582 gold links from annotation file
2026-05-08 04:15:24,005 - data_loader - INFO -   Conversation '2006-06-05.train-a' loaded in 0.33s
2026-05-08 04:15:24,005 - data_loader - INFO -   Creating samples for 2006-06-05.train-a: all 1753 messages
2026-05-08 04:15:24,022 - data_loader - INFO -   Created 232 samples for 2006-06-05.train-a
2026-05-08 04:15:24,022 - data_loader - INFO -   File 31/153: 2006-06-05.train-a - 1753 messages, 4817 total samples so far
2026-05-08 04:15:24,022 - data_loader - INFO - Loading conversation from data/train/2006-06-08.train-c.ascii.txt
2026-05-08 04:15:24,025 - data_loader - INFO -   Read 1500 lines from ASCII file
2026-05-08 04:15:24,029 - data_loader - INFO -   Parsed 1500 messages, found 110 unique users
2026-05-08 04:15:24,251 - data_loader - INFO -   Loaded 385 gold links from annotation file
2026-05-08 04:15:24,251 - data_loader - INFO -   Conversation '2006-06-08.train-c' loaded in 0.23s
2026-05-08 04:15:24,251 - data_loader - INFO -   Creating samples for 2006-06-08.train-c: all 1500 messages
2026-05-08 04:15:24,261 - data_loader - INFO -   Created 134 samples for 2006-06-08.train-c
2026-05-08 04:15:24,261 - data_loader - INFO -   File 32/153: 2006-06-08.train-c - 1500 messages, 4951 total samples so far
2026-05-08 04:15:24,261 - data_loader - INFO - Loading conversation from data/train/2006-06-21.train-c.ascii.txt
2026-05-08 04:15:24,264 - data_loader - INFO -   Read 1500 lines from ASCII file
2026-05-08 04:15:24,268 - data_loader - INFO -   Parsed 1500 messages, found 145 unique users
2026-05-08 04:15:24,536 - data_loader - INFO -   Loaded 385 gold links from annotation file
2026-05-08 04:15:24,536 - data_loader - INFO -   Conversation '2006-06-21.train-c' loaded in 0.27s
2026-05-08 04:15:24,536 - data_loader - INFO -   Creating samples for 2006-06-21.train-c: all 1500 messages
2026-05-08 04:15:24,551 - data_loader - INFO -   Created 255 samples for 2006-06-21.train-c
2026-05-08 04:15:24,551 - data_loader - INFO -   File 33/153: 2006-06-21.train-c - 1500 messages, 5206 total samples so far
2026-05-08 04:15:24,551 - data_loader - INFO - Loading conversation from data/train/2006-06-28.train-c.ascii.txt
2026-05-08 04:15:24,553 - data_loader - INFO -   Read 1500 lines from ASCII file
2026-05-08 04:15:24,557 - data_loader - INFO -   Parsed 1500 messages, found 127 unique users
2026-05-08 04:15:24,800 - data_loader - INFO -   Loaded 392 gold links from annotation file
2026-05-08 04:15:24,800 - data_loader - INFO -   Conversation '2006-06-28.train-c' loaded in 0.25s
2026-05-08 04:15:24,800 - data_loader - INFO -   Creating samples for 2006-06-28.train-c: all 1500 messages
2026-05-08 04:15:24,813 - data_loader - INFO -   Created 207 samples for 2006-06-28.train-c
2026-05-08 04:15:24,813 - data_loader - INFO -   File 34/153: 2006-06-28.train-c - 1500 messages, 5413 total samples so far
2026-05-08 04:15:24,814 - data_loader - INFO - Loading conversation from data/train/2006-07-01.train-c.ascii.txt
2026-05-08 04:15:24,816 - data_loader - INFO -   Read 1500 lines from ASCII file
2026-05-08 04:15:24,819 - data_loader - INFO -   Parsed 1500 messages, found 107 unique users
2026-05-08 04:15:25,019 - data_loader - INFO -   Loaded 379 gold links from annotation file
2026-05-08 04:15:25,019 - data_loader - INFO -   Conversation '2006-07-01.train-c' loaded in 0.21s
2026-05-08 04:15:25,019 - data_loader - INFO -   Creating samples for 2006-07-01.train-c: all 1500 messages
2026-05-08 04:15:25,031 - data_loader - INFO -   Created 164 samples for 2006-07-01.train-c
2026-05-08 04:15:25,031 - data_loader - INFO -   File 35/153: 2006-07-01.train-c - 1500 messages, 5577 total samples so far
2026-05-08 04:15:25,031 - data_loader - INFO - Loading conversation from data/train/2006-08-06.train-c.ascii.txt
2026-05-08 04:15:25,033 - data_loader - INFO -   Read 1500 lines from ASCII file
2026-05-08 04:15:25,037 - data_loader - INFO -   Parsed 1500 messages, found 116 unique users
2026-05-08 04:15:25,280 - data_loader - INFO -   Loaded 407 gold links from annotation file
2026-05-08 04:15:25,280 - data_loader - INFO -   Conversation '2006-08-06.train-c' loaded in 0.25s
2026-05-08 04:15:25,280 - data_loader - INFO -   Creating samples for 2006-08-06.train-c: all 1500 messages
2026-05-08 04:15:25,293 - data_loader - INFO -   Created 189 samples for 2006-08-06.train-c
2026-05-08 04:15:25,293 - data_loader - INFO -   File 36/153: 2006-08-06.train-c - 1500 messages, 5766 total samples so far
2026-05-08 04:15:25,293 - data_loader - INFO - Loading conversation from data/train/2006-08-11.train-c.ascii.txt
2026-05-08 04:15:25,296 - data_loader - INFO -   Read 1500 lines from ASCII file
2026-05-08 04:15:25,300 - data_loader - INFO -   Parsed 1500 messages, found 88 unique users
2026-05-08 04:15:25,489 - data_loader - INFO -   Loaded 394 gold links from annotation file
2026-05-08 04:15:25,489 - data_loader - INFO -   Conversation '2006-08-11.train-c' loaded in 0.20s
2026-05-08 04:15:25,489 - data_loader - INFO -   Creating samples for 2006-08-11.train-c: all 1500 messages
2026-05-08 04:15:25,499 - data_loader - INFO -   Created 122 samples for 2006-08-11.train-c
2026-05-08 04:15:25,500 - data_loader - INFO -   File 37/153: 2006-08-11.train-c - 1500 messages, 5888 total samples so far
2026-05-08 04:15:25,500 - data_loader - INFO - Loading conversation from data/train/2006-08-13.train-c.ascii.txt
2026-05-08 04:15:25,503 - data_loader - INFO -   Read 1500 lines from ASCII file
2026-05-08 04:15:25,507 - data_loader - INFO -   Parsed 1500 messages, found 84 unique users
2026-05-08 04:15:25,684 - data_loader - INFO -   Loaded 385 gold links from annotation file
2026-05-08 04:15:25,684 - data_loader - INFO -   Conversation '2006-08-13.train-c' loaded in 0.18s
2026-05-08 04:15:25,684 - data_loader - INFO -   Creating samples for 2006-08-13.train-c: all 1500 messages
2026-05-08 04:15:25,696 - data_loader - INFO -   Created 171 samples for 2006-08-13.train-c
2026-05-08 04:15:25,696 - data_loader - INFO -   File 38/153: 2006-08-13.train-c - 1500 messages, 6059 total samples so far
2026-05-08 04:15:25,696 - data_loader - INFO - Loading conversation from data/train/2006-08-15.train-c.ascii.txt
2026-05-08 04:15:25,698 - data_loader - INFO -   Read 1500 lines from ASCII file
2026-05-08 04:15:25,702 - data_loader - INFO -   Parsed 1500 messages, found 106 unique users
2026-05-08 04:15:25,917 - data_loader - INFO -   Loaded 393 gold links from annotation file
2026-05-08 04:15:25,917 - data_loader - INFO -   Conversation '2006-08-15.train-c' loaded in 0.22s
2026-05-08 04:15:25,917 - data_loader - INFO -   Creating samples for 2006-08-15.train-c: all 1500 messages
2026-05-08 04:15:25,928 - data_loader - INFO -   Created 141 samples for 2006-08-15.train-c
2026-05-08 04:15:25,928 - data_loader - INFO -   File 39/153: 2006-08-15.train-c - 1500 messages, 6200 total samples so far
2026-05-08 04:15:25,928 - data_loader - INFO - Loading conversation from data/train/2006-08-23.train-a.ascii.txt
2026-05-08 04:15:25,931 - data_loader - INFO -   Read 1673 lines from ASCII file
2026-05-08 04:15:25,935 - data_loader - INFO -   Parsed 1673 messages, found 148 unique users
2026-05-08 04:15:26,269 - data_loader - INFO -   Loaded 475 gold links from annotation file
2026-05-08 04:15:26,269 - data_loader - INFO -   Conversation '2006-08-23.train-a' loaded in 0.34s
2026-05-08 04:15:26,269 - data_loader - INFO -   Creating samples for 2006-08-23.train-a: all 1673 messages
2026-05-08 04:15:26,283 - data_loader - INFO -   Created 186 samples for 2006-08-23.train-a
2026-05-08 04:15:26,283 - data_loader - INFO -   File 40/153: 2006-08-23.train-a - 1673 messages, 6386 total samples so far
2026-05-08 04:15:26,283 - data_loader - INFO - Loading conversation from data/train/2006-09-13.train-c.ascii.txt
2026-05-08 04:15:26,285 - data_loader - INFO -   Read 1500 lines from ASCII file
2026-05-08 04:15:26,289 - data_loader - INFO -   Parsed 1500 messages, found 98 unique users
2026-05-08 04:15:26,476 - data_loader - INFO -   Loaded 388 gold links from annotation file
2026-05-08 04:15:26,476 - data_loader - INFO -   Conversation '2006-09-13.train-c' loaded in 0.19s
2026-05-08 04:15:26,476 - data_loader - INFO -   Creating samples for 2006-09-13.train-c: all 1500 messages
2026-05-08 04:15:26,487 - data_loader - INFO -   Created 156 samples for 2006-09-13.train-c
2026-05-08 04:15:26,488 - data_loader - INFO -   File 41/153: 2006-09-13.train-c - 1500 messages, 6542 total samples so far
2026-05-08 04:15:26,488 - data_loader - INFO - Loading conversation from data/train/2006-09-24.train-c.ascii.txt
2026-05-08 04:15:26,490 - data_loader - INFO -   Read 1500 lines from ASCII file
2026-05-08 04:15:26,493 - data_loader - INFO -   Parsed 1500 messages, found 114 unique users
2026-05-08 04:15:26,717 - data_loader - INFO -   Loaded 417 gold links from annotation file
2026-05-08 04:15:26,717 - data_loader - INFO -   Conversation '2006-09-24.train-c' loaded in 0.23s
2026-05-08 04:15:26,717 - data_loader - INFO -   Creating samples for 2006-09-24.train-c: all 1500 messages
2026-05-08 04:15:26,730 - data_loader - INFO -   Created 188 samples for 2006-09-24.train-c
2026-05-08 04:15:26,730 - data_loader - INFO -   File 42/153: 2006-09-24.train-c - 1500 messages, 6730 total samples so far
2026-05-08 04:15:26,730 - data_loader - INFO - Loading conversation from data/train/2006-11-01.train-c.ascii.txt
2026-05-08 04:15:26,732 - data_loader - INFO -   Read 1500 lines from ASCII file
2026-05-08 04:15:26,735 - data_loader - INFO -   Parsed 1500 messages, found 126 unique users
2026-05-08 04:15:26,960 - data_loader - INFO -   Loaded 383 gold links from annotation file
2026-05-08 04:15:26,960 - data_loader - INFO -   Conversation '2006-11-01.train-c' loaded in 0.23s
2026-05-08 04:15:26,960 - data_loader - INFO -   Creating samples for 2006-11-01.train-c: all 1500 messages
2026-05-08 04:15:26,974 - data_loader - INFO -   Created 216 samples for 2006-11-01.train-c
2026-05-08 04:15:26,974 - data_loader - INFO -   File 43/153: 2006-11-01.train-c - 1500 messages, 6946 total samples so far
2026-05-08 04:15:26,974 - data_loader - INFO - Loading conversation from data/train/2006-12-06.train-c.ascii.txt
2026-05-08 04:15:26,977 - data_loader - INFO -   Read 1500 lines from ASCII file
2026-05-08 04:15:26,981 - data_loader - INFO -   Parsed 1500 messages, found 110 unique users
2026-05-08 04:15:27,167 - data_loader - INFO -   Loaded 404 gold links from annotation file
2026-05-08 04:15:27,167 - data_loader - INFO -   Conversation '2006-12-06.train-c' loaded in 0.19s
2026-05-08 04:15:27,167 - data_loader - INFO -   Creating samples for 2006-12-06.train-c: all 1500 messages
2026-05-08 04:15:27,180 - data_loader - INFO -   Created 212 samples for 2006-12-06.train-c
2026-05-08 04:15:27,180 - data_loader - INFO -   File 44/153: 2006-12-06.train-c - 1500 messages, 7158 total samples so far
2026-05-08 04:15:27,180 - data_loader - INFO - Loading conversation from data/train/2006-12-10.train-a.ascii.txt
2026-05-08 04:15:27,182 - data_loader - INFO -   Read 1681 lines from ASCII file
2026-05-08 04:15:27,187 - data_loader - INFO -   Parsed 1681 messages, found 147 unique users
2026-05-08 04:15:27,481 - data_loader - INFO -   Loaded 561 gold links from annotation file
2026-05-08 04:15:27,481 - data_loader - INFO -   Conversation '2006-12-10.train-a' loaded in 0.30s
2026-05-08 04:15:27,481 - data_loader - INFO -   Creating samples for 2006-12-10.train-a: all 1681 messages
2026-05-08 04:15:27,497 - data_loader - INFO -   Created 259 samples for 2006-12-10.train-a
2026-05-08 04:15:27,497 - data_loader - INFO -   File 45/153: 2006-12-10.train-a - 1681 messages, 7417 total samples so far
2026-05-08 04:15:27,497 - data_loader - INFO - Loading conversation from data/train/2006-12-20.train-c.ascii.txt
2026-05-08 04:15:27,499 - data_loader - INFO -   Read 1500 lines from ASCII file
2026-05-08 04:15:27,724 - data_loader - INFO -   Parsed 1500 messages, found 115 unique users
2026-05-08 04:15:27,948 - data_loader - INFO -   Loaded 383 gold links from annotation file
2026-05-08 04:15:27,949 - data_loader - INFO -   Conversation '2006-12-20.train-c' loaded in 0.45s
2026-05-08 04:15:27,949 - data_loader - INFO -   Creating samples for 2006-12-20.train-c: all 1500 messages
2026-05-08 04:15:27,961 - data_loader - INFO -   Created 170 samples for 2006-12-20.train-c
2026-05-08 04:15:27,961 - data_loader - INFO -   File 46/153: 2006-12-20.train-c - 1500 messages, 7587 total samples so far
2026-05-08 04:15:27,961 - data_loader - INFO - Loading conversation from data/train/2007-01-12.train-c.ascii.txt
2026-05-08 04:15:27,964 - data_loader - INFO -   Read 1500 lines from ASCII file
2026-05-08 04:15:27,968 - data_loader - INFO -   Parsed 1500 messages, found 113 unique users
2026-05-08 04:15:28,189 - data_loader - INFO -   Loaded 407 gold links from annotation file
2026-05-08 04:15:28,189 - data_loader - INFO -   Conversation '2007-01-12.train-c' loaded in 0.23s
2026-05-08 04:15:28,190 - data_loader - INFO -   Creating samples for 2007-01-12.train-c: all 1500 messages
2026-05-08 04:15:28,204 - data_loader - INFO -   Created 226 samples for 2007-01-12.train-c
2026-05-08 04:15:28,204 - data_loader - INFO -   File 47/153: 2007-01-12.train-c - 1500 messages, 7813 total samples so far
2026-05-08 04:15:28,204 - data_loader - INFO - Loading conversation from data/train/2007-01-19.train-a.ascii.txt
2026-05-08 04:15:28,206 - data_loader - INFO -   Read 1740 lines from ASCII file
2026-05-08 04:15:28,211 - data_loader - INFO -   Parsed 1740 messages, found 102 unique users
2026-05-08 04:15:28,464 - data_loader - INFO -   Loaded 540 gold links from annotation file
2026-05-08 04:15:28,464 - data_loader - INFO -   Conversation '2007-01-19.train-a' loaded in 0.26s
2026-05-08 04:15:28,464 - data_loader - INFO -   Creating samples for 2007-01-19.train-a: all 1740 messages
2026-05-08 04:15:28,476 - data_loader - INFO -   Created 146 samples for 2007-01-19.train-a
2026-05-08 04:15:28,476 - data_loader - INFO -   File 48/153: 2007-01-19.train-a - 1740 messages, 7959 total samples so far
2026-05-08 04:15:28,476 - data_loader - INFO - Loading conversation from data/train/2007-01-21.train-c.ascii.txt
2026-05-08 04:15:28,478 - data_loader - INFO -   Read 1500 lines from ASCII file
2026-05-08 04:15:28,482 - data_loader - INFO -   Parsed 1500 messages, found 127 unique users
2026-05-08 04:15:28,737 - data_loader - INFO -   Loaded 379 gold links from annotation file
2026-05-08 04:15:28,737 - data_loader - INFO -   Conversation '2007-01-21.train-c' loaded in 0.26s
2026-05-08 04:15:28,737 - data_loader - INFO -   Creating samples for 2007-01-21.train-c: all 1500 messages
2026-05-08 04:15:28,752 - data_loader - INFO -   Created 239 samples for 2007-01-21.train-c
2026-05-08 04:15:28,752 - data_loader - INFO -   File 49/153: 2007-01-21.train-c - 1500 messages, 8198 total samples so far
2026-05-08 04:15:28,752 - data_loader - INFO - Loading conversation from data/train/2007-01-29.train-c.ascii.txt
2026-05-08 04:15:28,756 - data_loader - INFO -   Read 1500 lines from ASCII file
2026-05-08 04:15:28,760 - data_loader - INFO -   Parsed 1500 messages, found 115 unique users
2026-05-08 04:15:28,996 - data_loader - INFO -   Loaded 389 gold links from annotation file
2026-05-08 04:15:28,996 - data_loader - INFO -   Conversation '2007-01-29.train-c' loaded in 0.24s
2026-05-08 04:15:28,997 - data_loader - INFO -   Creating samples for 2007-01-29.train-c: all 1500 messages
2026-05-08 04:15:29,009 - data_loader - INFO -   Created 168 samples for 2007-01-29.train-c
2026-05-08 04:15:29,009 - data_loader - INFO -   File 50/153: 2007-01-29.train-c - 1500 messages, 8366 total samples so far
2026-05-08 04:15:29,009 - data_loader - INFO - Loading conversation from data/train/2007-02-06.train-c.ascii.txt
2026-05-08 04:15:29,012 - data_loader - INFO -   Read 1500 lines from ASCII file
2026-05-08 04:15:29,016 - data_loader - INFO -   Parsed 1500 messages, found 131 unique users
2026-05-08 04:15:29,268 - data_loader - INFO -   Loaded 387 gold links from annotation file
2026-05-08 04:15:29,268 - data_loader - INFO -   Conversation '2007-02-06.train-c' loaded in 0.26s
2026-05-08 04:15:29,268 - data_loader - INFO -   Creating samples for 2007-02-06.train-c: all 1500 messages
2026-05-08 04:15:29,282 - data_loader - INFO -   Created 225 samples for 2007-02-06.train-c
2026-05-08 04:15:29,282 - data_loader - INFO -   File 51/153: 2007-02-06.train-c - 1500 messages, 8591 total samples so far
2026-05-08 04:15:29,282 - data_loader - INFO - Loading conversation from data/train/2007-02-07.train-c.ascii.txt
2026-05-08 04:15:29,285 - data_loader - INFO -   Read 1500 lines from ASCII file
2026-05-08 04:15:29,289 - data_loader - INFO -   Parsed 1500 messages, found 112 unique users
2026-05-08 04:15:29,519 - data_loader - INFO -   Loaded 369 gold links from annotation file
2026-05-08 04:15:29,519 - data_loader - INFO -   Conversation '2007-02-07.train-c' loaded in 0.24s
2026-05-08 04:15:29,519 - data_loader - INFO -   Creating samples for 2007-02-07.train-c: all 1500 messages
2026-05-08 04:15:29,530 - data_loader - INFO -   Created 145 samples for 2007-02-07.train-c
2026-05-08 04:15:29,531 - data_loader - INFO -   File 52/153: 2007-02-07.train-c - 1500 messages, 8736 total samples so far
2026-05-08 04:15:29,531 - data_loader - INFO - Loading conversation from data/train/2007-02-15.train-c.ascii.txt
2026-05-08 04:15:29,533 - data_loader - INFO -   Read 1500 lines from ASCII file
2026-05-08 04:15:29,537 - data_loader - INFO -   Parsed 1500 messages, found 121 unique users
2026-05-08 04:15:29,764 - data_loader - INFO -   Loaded 414 gold links from annotation file
2026-05-08 04:15:29,764 - data_loader - INFO -   Conversation '2007-02-15.train-c' loaded in 0.23s
2026-05-08 04:15:29,764 - data_loader - INFO -   Creating samples for 2007-02-15.train-c: all 1500 messages
2026-05-08 04:15:29,778 - data_loader - INFO -   Created 236 samples for 2007-02-15.train-c
2026-05-08 04:15:29,778 - data_loader - INFO -   File 53/153: 2007-02-15.train-c - 1500 messages, 8972 total samples so far
2026-05-08 04:15:29,778 - data_loader - INFO - Loading conversation from data/train/2007-06-01.train-c.ascii.txt
2026-05-08 04:15:29,781 - data_loader - INFO -   Read 1500 lines from ASCII file
2026-05-08 04:15:29,785 - data_loader - INFO -   Parsed 1500 messages, found 93 unique users
2026-05-08 04:15:29,962 - data_loader - INFO -   Loaded 394 gold links from annotation file
2026-05-08 04:15:29,962 - data_loader - INFO -   Conversation '2007-06-01.train-c' loaded in 0.18s
2026-05-08 04:15:29,962 - data_loader - INFO -   Creating samples for 2007-06-01.train-c: all 1500 messages
2026-05-08 04:15:29,974 - data_loader - INFO -   Created 161 samples for 2007-06-01.train-c
2026-05-08 04:15:29,974 - data_loader - INFO -   File 54/153: 2007-06-01.train-c - 1500 messages, 9133 total samples so far
2026-05-08 04:15:29,974 - data_loader - INFO - Loading conversation from data/train/2007-06-04.train-a.ascii.txt
2026-05-08 04:15:29,976 - data_loader - INFO -   Read 1910 lines from ASCII file
2026-05-08 04:15:29,981 - data_loader - INFO -   Parsed 1910 messages, found 152 unique users
2026-05-08 04:15:30,348 - data_loader - INFO -   Loaded 763 gold links from annotation file
2026-05-08 04:15:30,348 - data_loader - INFO -   Conversation '2007-06-04.train-a' loaded in 0.37s
2026-05-08 04:15:30,348 - data_loader - INFO -   Creating samples for 2007-06-04.train-a: all 1910 messages
2026-05-08 04:15:30,369 - data_loader - INFO -   Created 343 samples for 2007-06-04.train-a
2026-05-08 04:15:30,369 - data_loader - INFO -   File 55/153: 2007-06-04.train-a - 1910 messages, 9476 total samples so far
2026-05-08 04:15:30,369 - data_loader - INFO - Loading conversation from data/train/2007-06-17.train-a.ascii.txt
2026-05-08 04:15:30,372 - data_loader - INFO -   Read 1764 lines from ASCII file
2026-05-08 04:15:30,376 - data_loader - INFO -   Parsed 1764 messages, found 146 unique users
2026-05-08 04:15:30,683 - data_loader - INFO -   Loaded 585 gold links from annotation file
2026-05-08 04:15:30,683 - data_loader - INFO -   Conversation '2007-06-17.train-a' loaded in 0.31s
2026-05-08 04:15:30,683 - data_loader - INFO -   Creating samples for 2007-06-17.train-a: all 1764 messages
2026-05-08 04:15:30,699 - data_loader - INFO -   Created 267 samples for 2007-06-17.train-a
2026-05-08 04:15:30,699 - data_loader - INFO -   File 56/153: 2007-06-17.train-a - 1764 messages, 9743 total samples so far
2026-05-08 04:15:30,699 - data_loader - INFO - Loading conversation from data/train/2007-07-03.train-a.ascii.txt
2026-05-08 04:15:30,702 - data_loader - INFO -   Read 1800 lines from ASCII file
2026-05-08 04:15:30,706 - data_loader - INFO -   Parsed 1800 messages, found 138 unique users
2026-05-08 04:15:31,010 - data_loader - INFO -   Loaded 625 gold links from annotation file
2026-05-08 04:15:31,011 - data_loader - INFO -   Conversation '2007-07-03.train-a' loaded in 0.31s
2026-05-08 04:15:31,011 - data_loader - INFO -   Creating samples for 2007-07-03.train-a: all 1800 messages
2026-05-08 04:15:31,028 - data_loader - INFO -   Created 304 samples for 2007-07-03.train-a
2026-05-08 04:15:31,028 - data_loader - INFO -   File 57/153: 2007-07-03.train-a - 1800 messages, 10047 total samples so far
2026-05-08 04:15:31,029 - data_loader - INFO - Loading conversation from data/train/2007-08-19.train-a.ascii.txt
2026-05-08 04:15:31,032 - data_loader - INFO -   Read 1708 lines from ASCII file
2026-05-08 04:15:31,036 - data_loader - INFO -   Parsed 1708 messages, found 134 unique users
2026-05-08 04:15:31,324 - data_loader - INFO -   Loaded 581 gold links from annotation file
2026-05-08 04:15:31,324 - data_loader - INFO -   Conversation '2007-08-19.train-a' loaded in 0.30s
2026-05-08 04:15:31,324 - data_loader - INFO -   Creating samples for 2007-08-19.train-a: all 1708 messages
2026-05-08 04:15:31,341 - data_loader - INFO -   Created 268 samples for 2007-08-19.train-a
2026-05-08 04:15:31,341 - data_loader - INFO -   File 58/153: 2007-08-19.train-a - 1708 messages, 10315 total samples so far
2026-05-08 04:15:31,341 - data_loader - INFO - Loading conversation from data/train/2007-08-22.train-c.ascii.txt
2026-05-08 04:15:31,343 - data_loader - INFO -   Read 1500 lines from ASCII file
2026-05-08 04:15:31,347 - data_loader - INFO -   Parsed 1500 messages, found 96 unique users
2026-05-08 04:15:31,545 - data_loader - INFO -   Loaded 409 gold links from annotation file
2026-05-08 04:15:31,545 - data_loader - INFO -   Conversation '2007-08-22.train-c' loaded in 0.20s
2026-05-08 04:15:31,546 - data_loader - INFO -   Creating samples for 2007-08-22.train-c: all 1500 messages
2026-05-08 04:15:31,557 - data_loader - INFO -   Created 148 samples for 2007-08-22.train-c
2026-05-08 04:15:31,557 - data_loader - INFO -   File 59/153: 2007-08-22.train-c - 1500 messages, 10463 total samples so far
2026-05-08 04:15:31,557 - data_loader - INFO - Loading conversation from data/train/2007-08-24.train-c.ascii.txt
2026-05-08 04:15:31,561 - data_loader - INFO -   Read 1500 lines from ASCII file
2026-05-08 04:15:31,564 - data_loader - INFO -   Parsed 1500 messages, found 103 unique users
2026-05-08 04:15:31,774 - data_loader - INFO -   Loaded 414 gold links from annotation file
2026-05-08 04:15:31,774 - data_loader - INFO -   Conversation '2007-08-24.train-c' loaded in 0.22s
2026-05-08 04:15:31,774 - data_loader - INFO -   Creating samples for 2007-08-24.train-c: all 1500 messages
2026-05-08 04:15:31,786 - data_loader - INFO -   Created 171 samples for 2007-08-24.train-c
2026-05-08 04:15:31,786 - data_loader - INFO -   File 60/153: 2007-08-24.train-c - 1500 messages, 10634 total samples so far
2026-05-08 04:15:31,786 - data_loader - INFO - Loading conversation from data/train/2007-09-07.train-a.ascii.txt
2026-05-08 04:15:31,789 - data_loader - INFO -   Read 1759 lines from ASCII file
2026-05-08 04:15:31,793 - data_loader - INFO -   Parsed 1759 messages, found 149 unique users
2026-05-08 04:15:32,140 - data_loader - INFO -   Loaded 591 gold links from annotation file
2026-05-08 04:15:32,140 - data_loader - INFO -   Conversation '2007-09-07.train-a' loaded in 0.35s
2026-05-08 04:15:32,141 - data_loader - INFO -   Creating samples for 2007-09-07.train-a: all 1759 messages
2026-05-08 04:15:32,158 - data_loader - INFO -   Created 313 samples for 2007-09-07.train-a
2026-05-08 04:15:32,158 - data_loader - INFO -   File 61/153: 2007-09-07.train-a - 1759 messages, 10947 total samples so far
2026-05-08 04:15:32,159 - data_loader - INFO - Loading conversation from data/train/2007-10-24.train-c.ascii.txt
2026-05-08 04:15:32,161 - data_loader - INFO -   Read 1500 lines from ASCII file
2026-05-08 04:15:32,165 - data_loader - INFO -   Parsed 1500 messages, found 206 unique users
2026-05-08 04:15:32,758 - data_loader - INFO -   Loaded 380 gold links from annotation file
2026-05-08 04:15:32,758 - data_loader - INFO -   Conversation '2007-10-24.train-c' loaded in 0.60s
2026-05-08 04:15:32,758 - data_loader - INFO -   Creating samples for 2007-10-24.train-c: all 1500 messages
2026-05-08 04:15:32,770 - data_loader - INFO -   Created 117 samples for 2007-10-24.train-c
2026-05-08 04:15:32,770 - data_loader - INFO -   File 62/153: 2007-10-24.train-c - 1500 messages, 11064 total samples so far
2026-05-08 04:15:32,770 - data_loader - INFO - Loading conversation from data/train/2007-12-17.train-a.ascii.txt
2026-05-08 04:15:32,772 - data_loader - INFO -   Read 1650 lines from ASCII file
2026-05-08 04:15:32,777 - data_loader - INFO -   Parsed 1650 messages, found 170 unique users
2026-05-08 04:15:33,301 - data_loader - INFO -   Loaded 472 gold links from annotation file
2026-05-08 04:15:33,301 - data_loader - INFO -   Conversation '2007-12-17.train-a' loaded in 0.53s
2026-05-08 04:15:33,302 - data_loader - INFO -   Creating samples for 2007-12-17.train-a: all 1650 messages
2026-05-08 04:15:33,311 - data_loader - INFO -   Created 73 samples for 2007-12-17.train-a
2026-05-08 04:15:33,312 - data_loader - INFO -   File 63/153: 2007-12-17.train-a - 1650 messages, 11137 total samples so far
2026-05-08 04:15:33,312 - data_loader - INFO - Loading conversation from data/train/2008-01-02.train-c.ascii.txt
2026-05-08 04:15:33,315 - data_loader - INFO -   Read 1500 lines from ASCII file
2026-05-08 04:15:33,319 - data_loader - INFO -   Parsed 1500 messages, found 159 unique users
2026-05-08 04:15:33,742 - data_loader - INFO -   Loaded 342 gold links from annotation file
2026-05-08 04:15:33,742 - data_loader - INFO -   Conversation '2008-01-02.train-c' loaded in 0.43s
2026-05-08 04:15:33,743 - data_loader - INFO -   Creating samples for 2008-01-02.train-c: all 1500 messages
2026-05-08 04:15:33,754 - data_loader - INFO -   Created 103 samples for 2008-01-02.train-c
2026-05-08 04:15:33,754 - data_loader - INFO -   File 64/153: 2008-01-02.train-c - 1500 messages, 11240 total samples so far
2026-05-08 04:15:33,754 - data_loader - INFO - Loading conversation from data/train/2008-01-03.train-c.ascii.txt
2026-05-08 04:15:33,756 - data_loader - INFO -   Read 1500 lines from ASCII file
2026-05-08 04:15:33,760 - data_loader - INFO -   Parsed 1500 messages, found 180 unique users
2026-05-08 04:15:34,257 - data_loader - INFO -   Loaded 364 gold links from annotation file
2026-05-08 04:15:34,257 - data_loader - INFO -   Conversation '2008-01-03.train-c' loaded in 0.50s
2026-05-08 04:15:34,257 - data_loader - INFO -   Creating samples for 2008-01-03.train-c: all 1500 messages
2026-05-08 04:15:34,268 - data_loader - INFO -   Created 103 samples for 2008-01-03.train-c
2026-05-08 04:15:34,268 - data_loader - INFO -   File 65/153: 2008-01-03.train-c - 1500 messages, 11343 total samples so far
2026-05-08 04:15:34,268 - data_loader - INFO - Loading conversation from data/train/2008-02-07.train-c.ascii.txt
2026-05-08 04:15:34,270 - data_loader - INFO -   Read 1500 lines from ASCII file
2026-05-08 04:15:34,275 - data_loader - INFO -   Parsed 1500 messages, found 193 unique users
2026-05-08 04:15:34,846 - data_loader - INFO -   Loaded 352 gold links from annotation file
2026-05-08 04:15:34,846 - data_loader - INFO -   Conversation '2008-02-07.train-c' loaded in 0.58s
2026-05-08 04:15:34,846 - data_loader - INFO -   Creating samples for 2008-02-07.train-c: all 1500 messages
2026-05-08 04:15:34,860 - data_loader - INFO -   Created 137 samples for 2008-02-07.train-c
2026-05-08 04:15:34,860 - data_loader - INFO -   File 66/153: 2008-02-07.train-c - 1500 messages, 11480 total samples so far
2026-05-08 04:15:34,860 - data_loader - INFO - Loading conversation from data/train/2008-02-14.train-c.ascii.txt
2026-05-08 04:15:34,862 - data_loader - INFO -   Read 1500 lines from ASCII file
2026-05-08 04:15:34,866 - data_loader - INFO -   Parsed 1500 messages, found 197 unique users
2026-05-08 04:15:35,429 - data_loader - INFO -   Loaded 365 gold links from annotation file
2026-05-08 04:15:35,429 - data_loader - INFO -   Conversation '2008-02-14.train-c' loaded in 0.57s
2026-05-08 04:15:35,429 - data_loader - INFO -   Creating samples for 2008-02-14.train-c: all 1500 messages
2026-05-08 04:15:35,443 - data_loader - INFO -   Created 129 samples for 2008-02-14.train-c
2026-05-08 04:15:35,443 - data_loader - INFO -   File 67/153: 2008-02-14.train-c - 1500 messages, 11609 total samples so far
2026-05-08 04:15:35,443 - data_loader - INFO - Loading conversation from data/train/2008-03-01.train-c.ascii.txt
2026-05-08 04:15:35,446 - data_loader - INFO -   Read 1500 lines from ASCII file
2026-05-08 04:15:35,450 - data_loader - INFO -   Parsed 1500 messages, found 127 unique users
2026-05-08 04:15:35,804 - data_loader - INFO -   Loaded 374 gold links from annotation file
2026-05-08 04:15:35,804 - data_loader - INFO -   Conversation '2008-03-01.train-c' loaded in 0.36s
2026-05-08 04:15:35,804 - data_loader - INFO -   Creating samples for 2008-03-01.train-c: all 1500 messages
2026-05-08 04:15:35,813 - data_loader - INFO -   Created 76 samples for 2008-03-01.train-c
2026-05-08 04:15:35,813 - data_loader - INFO -   File 68/153: 2008-03-01.train-c - 1500 messages, 11685 total samples so far
2026-05-08 04:15:35,813 - data_loader - INFO - Loading conversation from data/train/2008-04-20.train-a.ascii.txt
2026-05-08 04:15:35,815 - data_loader - INFO -   Read 1378 lines from ASCII file
2026-05-08 04:15:35,819 - data_loader - INFO -   Parsed 1378 messages, found 132 unique users
2026-05-08 04:15:36,135 - data_loader - INFO -   Loaded 265 gold links from annotation file
2026-05-08 04:15:36,135 - data_loader - INFO -   Conversation '2008-04-20.train-a' loaded in 0.32s
2026-05-08 04:15:36,135 - data_loader - INFO -   Creating samples for 2008-04-20.train-a: all 1378 messages
2026-05-08 04:15:36,142 - data_loader - INFO -   Created 45 samples for 2008-04-20.train-a
2026-05-08 04:15:36,142 - data_loader - INFO -   File 69/153: 2008-04-20.train-a - 1378 messages, 11730 total samples so far
2026-05-08 04:15:36,142 - data_loader - INFO - Loading conversation from data/train/2008-04-27.train-a.ascii.txt
2026-05-08 04:15:36,145 - data_loader - INFO -   Read 1979 lines from ASCII file
2026-05-08 04:15:36,151 - data_loader - INFO -   Parsed 1979 messages, found 179 unique users
2026-05-08 04:15:36,793 - data_loader - INFO -   Loaded 755 gold links from annotation file
2026-05-08 04:15:36,793 - data_loader - INFO -   Conversation '2008-04-27.train-a' loaded in 0.65s
2026-05-08 04:15:36,793 - data_loader - INFO -   Creating samples for 2008-04-27.train-a: all 1979 messages
2026-05-08 04:15:36,807 - data_loader - INFO -   Created 107 samples for 2008-04-27.train-a
2026-05-08 04:15:36,807 - data_loader - INFO -   File 70/153: 2008-04-27.train-a - 1979 messages, 11837 total samples so far
2026-05-08 04:15:36,807 - data_loader - INFO - Loading conversation from data/train/2008-04-30.train-a.ascii.txt
2026-05-08 04:15:36,810 - data_loader - INFO -   Read 1699 lines from ASCII file
2026-05-08 04:15:37,008 - data_loader - INFO -   Parsed 1699 messages, found 172 unique users
2026-05-08 04:15:37,522 - data_loader - INFO -   Loaded 483 gold links from annotation file
2026-05-08 04:15:37,522 - data_loader - INFO -   Conversation '2008-04-30.train-a' loaded in 0.72s
2026-05-08 04:15:37,523 - data_loader - INFO -   Creating samples for 2008-04-30.train-a: all 1699 messages
2026-05-08 04:15:37,533 - data_loader - INFO -   Created 75 samples for 2008-04-30.train-a
2026-05-08 04:15:37,533 - data_loader - INFO -   File 71/153: 2008-04-30.train-a - 1699 messages, 11912 total samples so far
2026-05-08 04:15:37,533 - data_loader - INFO - Loading conversation from data/train/2008-05-24.train-c.ascii.txt
2026-05-08 04:15:37,535 - data_loader - INFO -   Read 1500 lines from ASCII file
2026-05-08 04:15:37,539 - data_loader - INFO -   Parsed 1500 messages, found 147 unique users
2026-05-08 04:15:37,904 - data_loader - INFO -   Loaded 369 gold links from annotation file
2026-05-08 04:15:37,904 - data_loader - INFO -   Conversation '2008-05-24.train-c' loaded in 0.37s
2026-05-08 04:15:37,904 - data_loader - INFO -   Creating samples for 2008-05-24.train-c: all 1500 messages
2026-05-08 04:15:37,915 - data_loader - INFO -   Created 97 samples for 2008-05-24.train-c
2026-05-08 04:15:37,915 - data_loader - INFO -   File 72/153: 2008-05-24.train-c - 1500 messages, 12009 total samples so far
2026-05-08 04:15:37,915 - data_loader - INFO - Loading conversation from data/train/2008-06-03.train-a.ascii.txt
2026-05-08 04:15:37,917 - data_loader - INFO -   Read 1436 lines from ASCII file
2026-05-08 04:15:37,921 - data_loader - INFO -   Parsed 1436 messages, found 140 unique users
2026-05-08 04:15:38,284 - data_loader - INFO -   Loaded 310 gold links from annotation file
2026-05-08 04:15:38,284 - data_loader - INFO -   Conversation '2008-06-03.train-a' loaded in 0.37s
2026-05-08 04:15:38,284 - data_loader - INFO -   Creating samples for 2008-06-03.train-a: all 1436 messages
2026-05-08 04:15:38,291 - data_loader - INFO -   Created 53 samples for 2008-06-03.train-a
2026-05-08 04:15:38,291 - data_loader - INFO -   File 73/153: 2008-06-03.train-a - 1436 messages, 12062 total samples so far
2026-05-08 04:15:38,291 - data_loader - INFO - Loading conversation from data/train/2008-07-03.train-c.ascii.txt
2026-05-08 04:15:38,295 - data_loader - INFO -   Read 1500 lines from ASCII file
2026-05-08 04:15:38,299 - data_loader - INFO -   Parsed 1500 messages, found 154 unique users
2026-05-08 04:15:38,688 - data_loader - INFO -   Loaded 344 gold links from annotation file
2026-05-08 04:15:38,689 - data_loader - INFO -   Conversation '2008-07-03.train-c' loaded in 0.40s
2026-05-08 04:15:38,689 - data_loader - INFO -   Creating samples for 2008-07-03.train-c: all 1500 messages
2026-05-08 04:15:38,700 - data_loader - INFO -   Created 99 samples for 2008-07-03.train-c
2026-05-08 04:15:38,700 - data_loader - INFO -   File 74/153: 2008-07-03.train-c - 1500 messages, 12161 total samples so far
2026-05-08 04:15:38,700 - data_loader - INFO - Loading conversation from data/train/2008-10-02.train-c.ascii.txt
2026-05-08 04:15:38,704 - data_loader - INFO -   Read 1500 lines from ASCII file
2026-05-08 04:15:38,708 - data_loader - INFO -   Parsed 1500 messages, found 156 unique users
2026-05-08 04:15:39,101 - data_loader - INFO -   Loaded 364 gold links from annotation file
2026-05-08 04:15:39,101 - data_loader - INFO -   Conversation '2008-10-02.train-c' loaded in 0.40s
2026-05-08 04:15:39,101 - data_loader - INFO -   Creating samples for 2008-10-02.train-c: all 1500 messages
2026-05-08 04:15:39,111 - data_loader - INFO -   Created 87 samples for 2008-10-02.train-c
2026-05-08 04:15:39,111 - data_loader - INFO -   File 75/153: 2008-10-02.train-c - 1500 messages, 12248 total samples so far
2026-05-08 04:15:39,111 - data_loader - INFO - Loading conversation from data/train/2009-01-05.train-a.ascii.txt
2026-05-08 04:15:39,113 - data_loader - INFO -   Read 1312 lines from ASCII file
2026-05-08 04:15:39,117 - data_loader - INFO -   Parsed 1312 messages, found 126 unique users
2026-05-08 04:15:39,426 - data_loader - INFO -   Loaded 211 gold links from annotation file
2026-05-08 04:15:39,426 - data_loader - INFO -   Conversation '2009-01-05.train-a' loaded in 0.31s
2026-05-08 04:15:39,426 - data_loader - INFO -   Creating samples for 2009-01-05.train-a: all 1312 messages
2026-05-08 04:15:39,432 - data_loader - INFO -   Created 46 samples for 2009-01-05.train-a
2026-05-08 04:15:39,432 - data_loader - INFO -   File 76/153: 2009-01-05.train-a - 1312 messages, 12294 total samples so far
2026-05-08 04:15:39,432 - data_loader - INFO - Loading conversation from data/train/2009-03-25.train-a.ascii.txt
2026-05-08 04:15:39,435 - data_loader - INFO -   Read 1350 lines from ASCII file
2026-05-08 04:15:39,439 - data_loader - INFO -   Parsed 1350 messages, found 163 unique users
2026-05-08 04:15:39,809 - data_loader - INFO -   Loaded 242 gold links from annotation file
2026-05-08 04:15:39,809 - data_loader - INFO -   Conversation '2009-03-25.train-a' loaded in 0.38s
2026-05-08 04:15:39,809 - data_loader - INFO -   Creating samples for 2009-03-25.train-a: all 1350 messages
2026-05-08 04:15:39,815 - data_loader - INFO -   Created 33 samples for 2009-03-25.train-a
2026-05-08 04:15:39,815 - data_loader - INFO -   File 77/153: 2009-03-25.train-a - 1350 messages, 12327 total samples so far
2026-05-08 04:15:39,815 - data_loader - INFO - Loading conversation from data/train/2009-05-04.train-c.ascii.txt
2026-05-08 04:15:39,817 - data_loader - INFO -   Read 1500 lines from ASCII file
2026-05-08 04:15:39,821 - data_loader - INFO -   Parsed 1500 messages, found 157 unique users
2026-05-08 04:15:40,247 - data_loader - INFO -   Loaded 368 gold links from annotation file
2026-05-08 04:15:40,247 - data_loader - INFO -   Conversation '2009-05-04.train-c' loaded in 0.43s
2026-05-08 04:15:40,247 - data_loader - INFO -   Creating samples for 2009-05-04.train-c: all 1500 messages
2026-05-08 04:15:40,260 - data_loader - INFO -   Created 134 samples for 2009-05-04.train-c
2026-05-08 04:15:40,260 - data_loader - INFO -   File 78/153: 2009-05-04.train-c - 1500 messages, 12461 total samples so far
2026-05-08 04:15:40,260 - data_loader - INFO - Loading conversation from data/train/2009-05-08.train-c.ascii.txt
2026-05-08 04:15:40,263 - data_loader - INFO -   Read 1500 lines from ASCII file
2026-05-08 04:15:40,267 - data_loader - INFO -   Parsed 1500 messages, found 154 unique users
2026-05-08 04:15:40,673 - data_loader - INFO -   Loaded 339 gold links from annotation file
2026-05-08 04:15:40,673 - data_loader - INFO -   Conversation '2009-05-08.train-c' loaded in 0.41s
2026-05-08 04:15:40,673 - data_loader - INFO -   Creating samples for 2009-05-08.train-c: all 1500 messages
2026-05-08 04:15:40,682 - data_loader - INFO -   Created 77 samples for 2009-05-08.train-c
2026-05-08 04:15:40,682 - data_loader - INFO -   File 79/153: 2009-05-08.train-c - 1500 messages, 12538 total samples so far
2026-05-08 04:15:40,682 - data_loader - INFO - Loading conversation from data/train/2009-07-02.train-c.ascii.txt
2026-05-08 04:15:40,685 - data_loader - INFO -   Read 1500 lines from ASCII file
2026-05-08 04:15:40,689 - data_loader - INFO -   Parsed 1500 messages, found 156 unique users
2026-05-08 04:15:41,108 - data_loader - INFO -   Loaded 376 gold links from annotation file
2026-05-08 04:15:41,108 - data_loader - INFO -   Conversation '2009-07-02.train-c' loaded in 0.43s
2026-05-08 04:15:41,108 - data_loader - INFO -   Creating samples for 2009-07-02.train-c: all 1500 messages
2026-05-08 04:15:41,118 - data_loader - INFO -   Created 70 samples for 2009-07-02.train-c
2026-05-08 04:15:41,118 - data_loader - INFO -   File 80/153: 2009-07-02.train-c - 1500 messages, 12608 total samples so far
2026-05-08 04:15:41,118 - data_loader - INFO - Loading conversation from data/train/2009-11-13.train-c.ascii.txt
2026-05-08 04:15:41,120 - data_loader - INFO -   Read 1500 lines from ASCII file
2026-05-08 04:15:41,124 - data_loader - INFO -   Parsed 1500 messages, found 182 unique users
2026-05-08 04:15:41,579 - data_loader - INFO -   Loaded 349 gold links from annotation file
2026-05-08 04:15:41,579 - data_loader - INFO -   Conversation '2009-11-13.train-c' loaded in 0.46s
2026-05-08 04:15:41,579 - data_loader - INFO -   Creating samples for 2009-11-13.train-c: all 1500 messages
2026-05-08 04:15:41,590 - data_loader - INFO -   Created 103 samples for 2009-11-13.train-c
2026-05-08 04:15:41,590 - data_loader - INFO -   File 81/153: 2009-11-13.train-c - 1500 messages, 12711 total samples so far
2026-05-08 04:15:41,590 - data_loader - INFO - Loading conversation from data/train/2009-12-05.train-c.ascii.txt
2026-05-08 04:15:41,594 - data_loader - INFO -   Read 1500 lines from ASCII file
2026-05-08 04:15:41,598 - data_loader - INFO -   Parsed 1500 messages, found 169 unique users
2026-05-08 04:15:42,038 - data_loader - INFO -   Loaded 355 gold links from annotation file
2026-05-08 04:15:42,038 - data_loader - INFO -   Conversation '2009-12-05.train-c' loaded in 0.45s
2026-05-08 04:15:42,038 - data_loader - INFO -   Creating samples for 2009-12-05.train-c: all 1500 messages
2026-05-08 04:15:42,047 - data_loader - INFO -   Created 72 samples for 2009-12-05.train-c
2026-05-08 04:15:42,047 - data_loader - INFO -   File 82/153: 2009-12-05.train-c - 1500 messages, 12783 total samples so far
2026-05-08 04:15:42,047 - data_loader - INFO - Loading conversation from data/train/2010-01-04.train-c.ascii.txt
2026-05-08 04:15:42,051 - data_loader - INFO -   Read 1500 lines from ASCII file
2026-05-08 04:15:42,055 - data_loader - INFO -   Parsed 1500 messages, found 191 unique users
2026-05-08 04:15:42,552 - data_loader - INFO -   Loaded 354 gold links from annotation file
2026-05-08 04:15:42,552 - data_loader - INFO -   Conversation '2010-01-04.train-c' loaded in 0.50s
2026-05-08 04:15:42,552 - data_loader - INFO -   Creating samples for 2010-01-04.train-c: all 1500 messages
2026-05-08 04:15:42,564 - data_loader - INFO -   Created 110 samples for 2010-01-04.train-c
2026-05-08 04:15:42,564 - data_loader - INFO -   File 83/153: 2010-01-04.train-c - 1500 messages, 12893 total samples so far
2026-05-08 04:15:42,564 - data_loader - INFO - Loading conversation from data/train/2010-02-13.train-a.ascii.txt
2026-05-08 04:15:42,567 - data_loader - INFO -   Read 1318 lines from ASCII file
2026-05-08 04:15:42,570 - data_loader - INFO -   Parsed 1318 messages, found 141 unique users
2026-05-08 04:15:42,887 - data_loader - INFO -   Loaded 218 gold links from annotation file
2026-05-08 04:15:42,887 - data_loader - INFO -   Conversation '2010-02-13.train-a' loaded in 0.32s
2026-05-08 04:15:42,887 - data_loader - INFO -   Creating samples for 2010-02-13.train-a: all 1318 messages
2026-05-08 04:15:42,893 - data_loader - INFO -   Created 37 samples for 2010-02-13.train-a
2026-05-08 04:15:42,893 - data_loader - INFO -   File 84/153: 2010-02-13.train-a - 1318 messages, 12930 total samples so far
2026-05-08 04:15:42,893 - data_loader - INFO - Loading conversation from data/train/2010-03-08.train-c.ascii.txt
2026-05-08 04:15:42,895 - data_loader - INFO -   Read 1500 lines from ASCII file
2026-05-08 04:15:42,899 - data_loader - INFO -   Parsed 1500 messages, found 237 unique users
2026-05-08 04:15:43,524 - data_loader - INFO -   Loaded 363 gold links from annotation file
2026-05-08 04:15:43,524 - data_loader - INFO -   Conversation '2010-03-08.train-c' loaded in 0.63s
2026-05-08 04:15:43,524 - data_loader - INFO -   Creating samples for 2010-03-08.train-c: all 1500 messages
2026-05-08 04:15:43,535 - data_loader - INFO -   Created 112 samples for 2010-03-08.train-c
2026-05-08 04:15:43,535 - data_loader - INFO -   File 85/153: 2010-03-08.train-c - 1500 messages, 13042 total samples so far
2026-05-08 04:15:43,535 - data_loader - INFO - Loading conversation from data/train/2010-03-20.train-c.ascii.txt
2026-05-08 04:15:43,538 - data_loader - INFO -   Read 1500 lines from ASCII file
2026-05-08 04:15:43,542 - data_loader - INFO -   Parsed 1500 messages, found 177 unique users
2026-05-08 04:15:44,016 - data_loader - INFO -   Loaded 375 gold links from annotation file
2026-05-08 04:15:44,016 - data_loader - INFO -   Conversation '2010-03-20.train-c' loaded in 0.48s
2026-05-08 04:15:44,016 - data_loader - INFO -   Creating samples for 2010-03-20.train-c: all 1500 messages
2026-05-08 04:15:44,027 - data_loader - INFO -   Created 101 samples for 2010-03-20.train-c
2026-05-08 04:15:44,027 - data_loader - INFO -   File 86/153: 2010-03-20.train-c - 1500 messages, 13143 total samples so far
2026-05-08 04:15:44,027 - data_loader - INFO - Loading conversation from data/train/2010-04-12.train-c.ascii.txt
2026-05-08 04:15:44,030 - data_loader - INFO -   Read 1500 lines from ASCII file
2026-05-08 04:15:44,034 - data_loader - INFO -   Parsed 1500 messages, found 162 unique users
2026-05-08 04:15:44,431 - data_loader - INFO -   Loaded 344 gold links from annotation file
2026-05-08 04:15:44,431 - data_loader - INFO -   Conversation '2010-04-12.train-c' loaded in 0.40s
2026-05-08 04:15:44,431 - data_loader - INFO -   Creating samples for 2010-04-12.train-c: all 1500 messages
2026-05-08 04:15:44,440 - data_loader - INFO -   Created 73 samples for 2010-04-12.train-c
2026-05-08 04:15:44,440 - data_loader - INFO -   File 87/153: 2010-04-12.train-c - 1500 messages, 13216 total samples so far
2026-05-08 04:15:44,440 - data_loader - INFO - Loading conversation from data/train/2010-05-30.train-c.ascii.txt
2026-05-08 04:15:44,442 - data_loader - INFO -   Read 1500 lines from ASCII file
2026-05-08 04:15:44,446 - data_loader - INFO -   Parsed 1500 messages, found 196 unique users
2026-05-08 04:15:44,956 - data_loader - INFO -   Loaded 345 gold links from annotation file
2026-05-08 04:15:44,956 - data_loader - INFO -   Conversation '2010-05-30.train-c' loaded in 0.52s
2026-05-08 04:15:44,956 - data_loader - INFO -   Creating samples for 2010-05-30.train-c: all 1500 messages
2026-05-08 04:15:44,968 - data_loader - INFO -   Created 112 samples for 2010-05-30.train-c
2026-05-08 04:15:44,968 - data_loader - INFO -   File 88/153: 2010-05-30.train-c - 1500 messages, 13328 total samples so far
2026-05-08 04:15:44,968 - data_loader - INFO - Loading conversation from data/train/2010-06-21.train-c.ascii.txt
2026-05-08 04:15:44,970 - data_loader - INFO -   Read 1500 lines from ASCII file
2026-05-08 04:15:44,974 - data_loader - INFO -   Parsed 1500 messages, found 120 unique users
2026-05-08 04:15:45,282 - data_loader - INFO -   Loaded 356 gold links from annotation file
2026-05-08 04:15:45,282 - data_loader - INFO -   Conversation '2010-06-21.train-c' loaded in 0.31s
2026-05-08 04:15:45,282 - data_loader - INFO -   Creating samples for 2010-06-21.train-c: all 1500 messages
2026-05-08 04:15:45,289 - data_loader - INFO -   Created 52 samples for 2010-06-21.train-c
2026-05-08 04:15:45,289 - data_loader - INFO -   File 89/153: 2010-06-21.train-c - 1500 messages, 13380 total samples so far
2026-05-08 04:15:45,289 - data_loader - INFO - Loading conversation from data/train/2010-08-05.train-a.ascii.txt
2026-05-08 04:15:45,291 - data_loader - INFO -   Read 1279 lines from ASCII file
2026-05-08 04:15:45,295 - data_loader - INFO -   Parsed 1279 messages, found 152 unique users
2026-05-08 04:15:45,656 - data_loader - INFO -   Loaded 227 gold links from annotation file
2026-05-08 04:15:45,656 - data_loader - INFO -   Conversation '2010-08-05.train-a' loaded in 0.37s
2026-05-08 04:15:45,656 - data_loader - INFO -   Creating samples for 2010-08-05.train-a: all 1279 messages
2026-05-08 04:15:45,663 - data_loader - INFO -   Created 46 samples for 2010-08-05.train-a
2026-05-08 04:15:45,663 - data_loader - INFO -   File 90/153: 2010-08-05.train-a - 1279 messages, 13426 total samples so far
2026-05-08 04:15:45,663 - data_loader - INFO - Loading conversation from data/train/2010-08-15.train-c.ascii.txt
2026-05-08 04:15:45,665 - data_loader - INFO -   Read 1500 lines from ASCII file
2026-05-08 04:15:45,670 - data_loader - INFO -   Parsed 1500 messages, found 139 unique users
2026-05-08 04:15:46,044 - data_loader - INFO -   Loaded 346 gold links from annotation file
2026-05-08 04:15:46,044 - data_loader - INFO -   Conversation '2010-08-15.train-c' loaded in 0.38s
2026-05-08 04:15:46,044 - data_loader - INFO -   Creating samples for 2010-08-15.train-c: all 1500 messages
2026-05-08 04:15:46,053 - data_loader - INFO -   Created 77 samples for 2010-08-15.train-c
2026-05-08 04:15:46,053 - data_loader - INFO -   File 91/153: 2010-08-15.train-c - 1500 messages, 13503 total samples so far
2026-05-08 04:15:46,054 - data_loader - INFO - Loading conversation from data/train/2010-08-29.train-a.ascii.txt
2026-05-08 04:15:46,057 - data_loader - INFO -   Read 1428 lines from ASCII file
2026-05-08 04:15:46,061 - data_loader - INFO -   Parsed 1428 messages, found 171 unique users
2026-05-08 04:15:46,504 - data_loader - INFO -   Loaded 329 gold links from annotation file
2026-05-08 04:15:46,504 - data_loader - INFO -   Conversation '2010-08-29.train-a' loaded in 0.45s
2026-05-08 04:15:46,504 - data_loader - INFO -   Creating samples for 2010-08-29.train-a: all 1428 messages
2026-05-08 04:15:46,512 - data_loader - INFO -   Created 54 samples for 2010-08-29.train-a
2026-05-08 04:15:46,512 - data_loader - INFO -   File 92/153: 2010-08-29.train-a - 1428 messages, 13557 total samples so far
2026-05-08 04:15:46,512 - data_loader - INFO - Loading conversation from data/train/2010-10-17.train-c.ascii.txt
2026-05-08 04:15:46,516 - data_loader - INFO -   Read 1500 lines from ASCII file
2026-05-08 04:15:46,520 - data_loader - INFO -   Parsed 1500 messages, found 119 unique users
2026-05-08 04:15:46,826 - data_loader - INFO -   Loaded 350 gold links from annotation file
2026-05-08 04:15:46,826 - data_loader - INFO -   Conversation '2010-10-17.train-c' loaded in 0.31s
2026-05-08 04:15:46,826 - data_loader - INFO -   Creating samples for 2010-10-17.train-c: all 1500 messages
2026-05-08 04:15:46,836 - data_loader - INFO -   Created 95 samples for 2010-10-17.train-c
2026-05-08 04:15:46,837 - data_loader - INFO -   File 93/153: 2010-10-17.train-c - 1500 messages, 13652 total samples so far
2026-05-08 04:15:46,837 - data_loader - INFO - Loading conversation from data/train/2010-10-27.train-c.ascii.txt
2026-05-08 04:15:46,839 - data_loader - INFO -   Read 1500 lines from ASCII file
2026-05-08 04:15:46,843 - data_loader - INFO -   Parsed 1500 messages, found 171 unique users
2026-05-08 04:15:47,328 - data_loader - INFO -   Loaded 359 gold links from annotation file
2026-05-08 04:15:47,328 - data_loader - INFO -   Conversation '2010-10-27.train-c' loaded in 0.49s
2026-05-08 04:15:47,329 - data_loader - INFO -   Creating samples for 2010-10-27.train-c: all 1500 messages
2026-05-08 04:15:47,339 - data_loader - INFO -   Created 75 samples for 2010-10-27.train-c
2026-05-08 04:15:47,339 - data_loader - INFO -   File 94/153: 2010-10-27.train-c - 1500 messages, 13727 total samples so far
2026-05-08 04:15:47,339 - data_loader - INFO - Loading conversation from data/train/2011-02-13.train-c.ascii.txt
2026-05-08 04:15:47,341 - data_loader - INFO -   Read 1500 lines from ASCII file
2026-05-08 04:15:47,345 - data_loader - INFO -   Parsed 1500 messages, found 124 unique users
2026-05-08 04:15:47,662 - data_loader - INFO -   Loaded 340 gold links from annotation file
2026-05-08 04:15:47,662 - data_loader - INFO -   Conversation '2011-02-13.train-c' loaded in 0.32s
2026-05-08 04:15:47,662 - data_loader - INFO -   Creating samples for 2011-02-13.train-c: all 1500 messages
2026-05-08 04:15:47,672 - data_loader - INFO -   Created 80 samples for 2011-02-13.train-c
2026-05-08 04:15:47,672 - data_loader - INFO -   File 95/153: 2011-02-13.train-c - 1500 messages, 13807 total samples so far
2026-05-08 04:15:47,672 - data_loader - INFO - Loading conversation from data/train/2011-02-23.train-c.ascii.txt
2026-05-08 04:15:47,674 - data_loader - INFO -   Read 1500 lines from ASCII file
2026-05-08 04:15:47,678 - data_loader - INFO -   Parsed 1500 messages, found 199 unique users
2026-05-08 04:15:48,192 - data_loader - INFO -   Loaded 365 gold links from annotation file
2026-05-08 04:15:48,192 - data_loader - INFO -   Conversation '2011-02-23.train-c' loaded in 0.52s
2026-05-08 04:15:48,192 - data_loader - INFO -   Creating samples for 2011-02-23.train-c: all 1500 messages
2026-05-08 04:15:48,204 - data_loader - INFO -   Created 110 samples for 2011-02-23.train-c
2026-05-08 04:15:48,204 - data_loader - INFO -   File 96/153: 2011-02-23.train-c - 1500 messages, 13917 total samples so far
2026-05-08 04:15:48,204 - data_loader - INFO - Loading conversation from data/train/2011-03-18.train-c.ascii.txt
2026-05-08 04:15:48,207 - data_loader - INFO -   Read 1500 lines from ASCII file
2026-05-08 04:15:48,211 - data_loader - INFO -   Parsed 1500 messages, found 161 unique users
2026-05-08 04:15:48,619 - data_loader - INFO -   Loaded 369 gold links from annotation file
2026-05-08 04:15:48,619 - data_loader - INFO -   Conversation '2011-03-18.train-c' loaded in 0.41s
2026-05-08 04:15:48,620 - data_loader - INFO -   Creating samples for 2011-03-18.train-c: all 1500 messages
2026-05-08 04:15:48,630 - data_loader - INFO -   Created 90 samples for 2011-03-18.train-c
2026-05-08 04:15:48,631 - data_loader - INFO -   File 97/153: 2011-03-18.train-c - 1500 messages, 14007 total samples so far
2026-05-08 04:15:48,631 - data_loader - INFO - Loading conversation from data/train/2011-04-14.train-c.ascii.txt
2026-05-08 04:15:48,633 - data_loader - INFO -   Read 1500 lines from ASCII file
2026-05-08 04:15:48,637 - data_loader - INFO -   Parsed 1500 messages, found 129 unique users
2026-05-08 04:15:48,968 - data_loader - INFO -   Loaded 363 gold links from annotation file
2026-05-08 04:15:48,968 - data_loader - INFO -   Conversation '2011-04-14.train-c' loaded in 0.34s
2026-05-08 04:15:48,968 - data_loader - INFO -   Creating samples for 2011-04-14.train-c: all 1500 messages
2026-05-08 04:15:48,978 - data_loader - INFO -   Created 72 samples for 2011-04-14.train-c
2026-05-08 04:15:48,978 - data_loader - INFO -   File 98/153: 2011-04-14.train-c - 1500 messages, 14079 total samples so far
2026-05-08 04:15:48,978 - data_loader - INFO - Loading conversation from data/train/2011-04-17.train-c.ascii.txt
2026-05-08 04:15:48,980 - data_loader - INFO -   Read 1500 lines from ASCII file
2026-05-08 04:15:48,984 - data_loader - INFO -   Parsed 1500 messages, found 141 unique users
2026-05-08 04:15:49,355 - data_loader - INFO -   Loaded 361 gold links from annotation file
2026-05-08 04:15:49,355 - data_loader - INFO -   Conversation '2011-04-17.train-c' loaded in 0.38s
2026-05-08 04:15:49,355 - data_loader - INFO -   Creating samples for 2011-04-17.train-c: all 1500 messages
2026-05-08 04:15:49,365 - data_loader - INFO -   Created 75 samples for 2011-04-17.train-c
2026-05-08 04:15:49,365 - data_loader - INFO -   File 99/153: 2011-04-17.train-c - 1500 messages, 14154 total samples so far
2026-05-08 04:15:49,365 - data_loader - INFO - Loading conversation from data/train/2011-04-28.train-a.ascii.txt
2026-05-08 04:15:49,368 - data_loader - INFO -   Read 1411 lines from ASCII file
2026-05-08 04:15:49,372 - data_loader - INFO -   Parsed 1411 messages, found 168 unique users
2026-05-08 04:15:49,750 - data_loader - INFO -   Loaded 270 gold links from annotation file
2026-05-08 04:15:49,750 - data_loader - INFO -   Conversation '2011-04-28.train-a' loaded in 0.38s
2026-05-08 04:15:49,750 - data_loader - INFO -   Creating samples for 2011-04-28.train-a: all 1411 messages
2026-05-08 04:15:49,758 - data_loader - INFO -   Created 78 samples for 2011-04-28.train-a
2026-05-08 04:15:49,759 - data_loader - INFO -   File 100/153: 2011-04-28.train-a - 1411 messages, 14232 total samples so far
2026-05-08 04:15:49,759 - data_loader - INFO - Loading conversation from data/train/2011-08-17.train-a.ascii.txt
2026-05-08 04:15:49,761 - data_loader - INFO -   Read 1137 lines from ASCII file
2026-05-08 04:15:49,764 - data_loader - INFO -   Parsed 1137 messages, found 119 unique users
2026-05-08 04:15:49,996 - data_loader - INFO -   Loaded 90 gold links from annotation file
2026-05-08 04:15:49,996 - data_loader - INFO -   Conversation '2011-08-17.train-a' loaded in 0.24s
2026-05-08 04:15:49,996 - data_loader - INFO -   Creating samples for 2011-08-17.train-a: all 1137 messages
2026-05-08 04:15:50,001 - data_loader - INFO -   Created 30 samples for 2011-08-17.train-a
2026-05-08 04:15:50,001 - data_loader - INFO -   File 101/153: 2011-08-17.train-a - 1137 messages, 14262 total samples so far
2026-05-08 04:15:50,001 - data_loader - INFO - Loading conversation from data/train/2011-08-22.train-c.ascii.txt
2026-05-08 04:15:50,004 - data_loader - INFO -   Read 1500 lines from ASCII file
2026-05-08 04:15:50,009 - data_loader - INFO -   Parsed 1500 messages, found 158 unique users
2026-05-08 04:15:50,416 - data_loader - INFO -   Loaded 349 gold links from annotation file
2026-05-08 04:15:50,416 - data_loader - INFO -   Conversation '2011-08-22.train-c' loaded in 0.42s
2026-05-08 04:15:50,416 - data_loader - INFO -   Creating samples for 2011-08-22.train-c: all 1500 messages
2026-05-08 04:15:50,428 - data_loader - INFO -   Created 110 samples for 2011-08-22.train-c
2026-05-08 04:15:50,428 - data_loader - INFO -   File 102/153: 2011-08-22.train-c - 1500 messages, 14372 total samples so far
2026-05-08 04:15:50,428 - data_loader - INFO - Loading conversation from data/train/2011-11-24.train-c.ascii.txt
2026-05-08 04:15:50,431 - data_loader - INFO -   Read 1500 lines from ASCII file
2026-05-08 04:15:50,436 - data_loader - INFO -   Parsed 1500 messages, found 161 unique users
2026-05-08 04:15:50,831 - data_loader - INFO -   Loaded 361 gold links from annotation file
2026-05-08 04:15:50,831 - data_loader - INFO -   Conversation '2011-11-24.train-c' loaded in 0.40s
2026-05-08 04:15:50,831 - data_loader - INFO -   Creating samples for 2011-11-24.train-c: all 1500 messages
2026-05-08 04:15:50,841 - data_loader - INFO -   Created 84 samples for 2011-11-24.train-c
2026-05-08 04:15:50,841 - data_loader - INFO -   File 103/153: 2011-11-24.train-c - 1500 messages, 14456 total samples so far
2026-05-08 04:15:50,841 - data_loader - INFO - Loading conversation from data/train/2011-12-07.train-c.ascii.txt
2026-05-08 04:15:50,843 - data_loader - INFO -   Read 1500 lines from ASCII file
2026-05-08 04:15:50,847 - data_loader - INFO -   Parsed 1500 messages, found 142 unique users
2026-05-08 04:15:51,198 - data_loader - INFO -   Loaded 369 gold links from annotation file
2026-05-08 04:15:51,198 - data_loader - INFO -   Conversation '2011-12-07.train-c' loaded in 0.36s
2026-05-08 04:15:51,198 - data_loader - INFO -   Creating samples for 2011-12-07.train-c: all 1500 messages
2026-05-08 04:15:51,210 - data_loader - INFO -   Created 119 samples for 2011-12-07.train-c
2026-05-08 04:15:51,210 - data_loader - INFO -   File 104/153: 2011-12-07.train-c - 1500 messages, 14575 total samples so far
2026-05-08 04:15:51,210 - data_loader - INFO - Loading conversation from data/train/2012-02-03.train-a.ascii.txt
2026-05-08 04:15:51,212 - data_loader - INFO -   Read 1242 lines from ASCII file
2026-05-08 04:15:51,216 - data_loader - INFO -   Parsed 1242 messages, found 153 unique users
2026-05-08 04:15:51,535 - data_loader - INFO -   Loaded 167 gold links from annotation file
2026-05-08 04:15:51,535 - data_loader - INFO -   Conversation '2012-02-03.train-a' loaded in 0.32s
2026-05-08 04:15:51,535 - data_loader - INFO -   Creating samples for 2012-02-03.train-a: all 1242 messages
2026-05-08 04:15:51,851 - data_loader - INFO -   Created 49 samples for 2012-02-03.train-a
2026-05-08 04:15:51,851 - data_loader - INFO -   File 105/153: 2012-02-03.train-a - 1242 messages, 14624 total samples so far
2026-05-08 04:15:51,851 - data_loader - INFO - Loading conversation from data/train/2012-03-24.train-c.ascii.txt
2026-05-08 04:15:51,855 - data_loader - INFO -   Read 1500 lines from ASCII file
2026-05-08 04:15:51,860 - data_loader - INFO -   Parsed 1500 messages, found 163 unique users
2026-05-08 04:15:52,287 - data_loader - INFO -   Loaded 342 gold links from annotation file
2026-05-08 04:15:52,287 - data_loader - INFO -   Conversation '2012-03-24.train-c' loaded in 0.44s
2026-05-08 04:15:52,287 - data_loader - INFO -   Creating samples for 2012-03-24.train-c: all 1500 messages
2026-05-08 04:15:52,298 - data_loader - INFO -   Created 80 samples for 2012-03-24.train-c
2026-05-08 04:15:52,298 - data_loader - INFO -   File 106/153: 2012-03-24.train-c - 1500 messages, 14704 total samples so far
2026-05-08 04:15:52,298 - data_loader - INFO - Loading conversation from data/train/2012-05-04.train-a.ascii.txt
2026-05-08 04:15:52,300 - data_loader - INFO -   Read 1211 lines from ASCII file
2026-05-08 04:15:52,303 - data_loader - INFO -   Parsed 1211 messages, found 136 unique users
2026-05-08 04:15:52,597 - data_loader - INFO -   Loaded 154 gold links from annotation file
2026-05-08 04:15:52,597 - data_loader - INFO -   Conversation '2012-05-04.train-a' loaded in 0.30s
2026-05-08 04:15:52,597 - data_loader - INFO -   Creating samples for 2012-05-04.train-a: all 1211 messages
2026-05-08 04:15:52,602 - data_loader - INFO -   Created 21 samples for 2012-05-04.train-a
2026-05-08 04:15:52,602 - data_loader - INFO -   File 107/153: 2012-05-04.train-a - 1211 messages, 14725 total samples so far
2026-05-08 04:15:52,602 - data_loader - INFO - Loading conversation from data/train/2012-05-20.train-a.ascii.txt
2026-05-08 04:15:52,604 - data_loader - INFO -   Read 1365 lines from ASCII file
2026-05-08 04:15:52,608 - data_loader - INFO -   Parsed 1365 messages, found 131 unique users
2026-05-08 04:15:52,951 - data_loader - INFO -   Loaded 288 gold links from annotation file
2026-05-08 04:15:52,951 - data_loader - INFO -   Conversation '2012-05-20.train-a' loaded in 0.35s
2026-05-08 04:15:52,951 - data_loader - INFO -   Creating samples for 2012-05-20.train-a: all 1365 messages
2026-05-08 04:15:52,958 - data_loader - INFO -   Created 47 samples for 2012-05-20.train-a
2026-05-08 04:15:52,958 - data_loader - INFO -   File 108/153: 2012-05-20.train-a - 1365 messages, 14772 total samples so far
2026-05-08 04:15:52,958 - data_loader - INFO - Loading conversation from data/train/2012-06-02.train-a.ascii.txt
2026-05-08 04:15:52,961 - data_loader - INFO -   Read 1141 lines from ASCII file
2026-05-08 04:15:52,964 - data_loader - INFO -   Parsed 1141 messages, found 169 unique users
2026-05-08 04:15:53,287 - data_loader - INFO -   Loaded 115 gold links from annotation file
2026-05-08 04:15:53,287 - data_loader - INFO -   Conversation '2012-06-02.train-a' loaded in 0.33s
2026-05-08 04:15:53,287 - data_loader - INFO -   Creating samples for 2012-06-02.train-a: all 1141 messages
2026-05-08 04:15:53,292 - data_loader - INFO -   Created 29 samples for 2012-06-02.train-a
2026-05-08 04:15:53,292 - data_loader - INFO -   File 109/153: 2012-06-02.train-a - 1141 messages, 14801 total samples so far
2026-05-08 04:15:53,292 - data_loader - INFO - Loading conversation from data/train/2012-06-20.train-c.ascii.txt
2026-05-08 04:15:53,294 - data_loader - INFO -   Read 1500 lines from ASCII file
2026-05-08 04:15:53,298 - data_loader - INFO -   Parsed 1500 messages, found 147 unique users
2026-05-08 04:15:53,679 - data_loader - INFO -   Loaded 372 gold links from annotation file
2026-05-08 04:15:53,679 - data_loader - INFO -   Conversation '2012-06-20.train-c' loaded in 0.39s
2026-05-08 04:15:53,679 - data_loader - INFO -   Creating samples for 2012-06-20.train-c: all 1500 messages
2026-05-08 04:15:53,688 - data_loader - INFO -   Created 73 samples for 2012-06-20.train-c
2026-05-08 04:15:53,688 - data_loader - INFO -   File 110/153: 2012-06-20.train-c - 1500 messages, 14874 total samples so far
2026-05-08 04:15:53,688 - data_loader - INFO - Loading conversation from data/train/2012-11-24.train-a.ascii.txt
2026-05-08 04:15:53,690 - data_loader - INFO -   Read 1216 lines from ASCII file
2026-05-08 04:15:53,694 - data_loader - INFO -   Parsed 1216 messages, found 125 unique users
2026-05-08 04:15:53,945 - data_loader - INFO -   Loaded 154 gold links from annotation file
2026-05-08 04:15:53,945 - data_loader - INFO -   Conversation '2012-11-24.train-a' loaded in 0.26s
2026-05-08 04:15:53,945 - data_loader - INFO -   Creating samples for 2012-11-24.train-a: all 1216 messages
2026-05-08 04:15:53,949 - data_loader - INFO -   Created 19 samples for 2012-11-24.train-a
2026-05-08 04:15:53,950 - data_loader - INFO -   File 111/153: 2012-11-24.train-a - 1216 messages, 14893 total samples so far
2026-05-08 04:15:53,950 - data_loader - INFO - Loading conversation from data/train/2012-11-30.train-a.ascii.txt
2026-05-08 04:15:53,952 - data_loader - INFO -   Read 1284 lines from ASCII file
2026-05-08 04:15:53,956 - data_loader - INFO -   Parsed 1284 messages, found 133 unique users
2026-05-08 04:15:54,229 - data_loader - INFO -   Loaded 207 gold links from annotation file
2026-05-08 04:15:54,229 - data_loader - INFO -   Conversation '2012-11-30.train-a' loaded in 0.28s
2026-05-08 04:15:54,229 - data_loader - INFO -   Creating samples for 2012-11-30.train-a: all 1284 messages
2026-05-08 04:15:54,235 - data_loader - INFO -   Created 29 samples for 2012-11-30.train-a
2026-05-08 04:15:54,235 - data_loader - INFO -   File 112/153: 2012-11-30.train-a - 1284 messages, 14922 total samples so far
2026-05-08 04:15:54,235 - data_loader - INFO - Loading conversation from data/train/2012-12-15.train-a.ascii.txt
2026-05-08 04:15:54,237 - data_loader - INFO -   Read 1175 lines from ASCII file
2026-05-08 04:15:54,240 - data_loader - INFO -   Parsed 1175 messages, found 137 unique users
2026-05-08 04:15:54,526 - data_loader - INFO -   Loaded 127 gold links from annotation file
2026-05-08 04:15:54,526 - data_loader - INFO -   Conversation '2012-12-15.train-a' loaded in 0.29s
2026-05-08 04:15:54,526 - data_loader - INFO -   Creating samples for 2012-12-15.train-a: all 1175 messages
2026-05-08 04:15:54,531 - data_loader - INFO -   Created 28 samples for 2012-12-15.train-a
2026-05-08 04:15:54,531 - data_loader - INFO -   File 113/153: 2012-12-15.train-a - 1175 messages, 14950 total samples so far
2026-05-08 04:15:54,531 - data_loader - INFO - Loading conversation from data/train/2013-01-11.train-a.ascii.txt
2026-05-08 04:15:54,534 - data_loader - INFO -   Read 1079 lines from ASCII file
2026-05-08 04:15:54,537 - data_loader - INFO -   Parsed 1079 messages, found 109 unique users
2026-05-08 04:15:54,732 - data_loader - INFO -   Loaded 54 gold links from annotation file
2026-05-08 04:15:54,732 - data_loader - INFO -   Conversation '2013-01-11.train-a' loaded in 0.20s
2026-05-08 04:15:54,732 - data_loader - INFO -   Creating samples for 2013-01-11.train-a: all 1079 messages
2026-05-08 04:15:54,736 - data_loader - INFO -   Created 25 samples for 2013-01-11.train-a
2026-05-08 04:15:54,736 - data_loader - INFO -   File 114/153: 2013-01-11.train-a - 1079 messages, 14975 total samples so far
2026-05-08 04:15:54,736 - data_loader - INFO - Loading conversation from data/train/2013-01-30.train-a.ascii.txt
2026-05-08 04:15:54,739 - data_loader - INFO -   Read 1292 lines from ASCII file
2026-05-08 04:15:54,742 - data_loader - INFO -   Parsed 1292 messages, found 137 unique users
2026-05-08 04:15:55,036 - data_loader - INFO -   Loaded 255 gold links from annotation file
2026-05-08 04:15:55,036 - data_loader - INFO -   Conversation '2013-01-30.train-a' loaded in 0.30s
2026-05-08 04:15:55,036 - data_loader - INFO -   Creating samples for 2013-01-30.train-a: all 1292 messages
2026-05-08 04:15:55,041 - data_loader - INFO -   Created 29 samples for 2013-01-30.train-a
2026-05-08 04:15:55,041 - data_loader - INFO -   File 115/153: 2013-01-30.train-a - 1292 messages, 15004 total samples so far
2026-05-08 04:15:55,041 - data_loader - INFO - Loading conversation from data/train/2013-02-24.train-a.ascii.txt
2026-05-08 04:15:55,044 - data_loader - INFO -   Read 1281 lines from ASCII file
2026-05-08 04:15:55,047 - data_loader - INFO -   Parsed 1281 messages, found 103 unique users
2026-05-08 04:15:55,274 - data_loader - INFO -   Loaded 227 gold links from annotation file
2026-05-08 04:15:55,274 - data_loader - INFO -   Conversation '2013-02-24.train-a' loaded in 0.23s
2026-05-08 04:15:55,274 - data_loader - INFO -   Creating samples for 2013-02-24.train-a: all 1281 messages
2026-05-08 04:15:55,280 - data_loader - INFO -   Created 25 samples for 2013-02-24.train-a
2026-05-08 04:15:55,280 - data_loader - INFO -   File 116/153: 2013-02-24.train-a - 1281 messages, 15029 total samples so far
2026-05-08 04:15:55,280 - data_loader - INFO - Loading conversation from data/train/2013-05-05.train-a.ascii.txt
2026-05-08 04:15:55,282 - data_loader - INFO -   Read 1163 lines from ASCII file
2026-05-08 04:15:55,286 - data_loader - INFO -   Parsed 1163 messages, found 131 unique users
2026-05-08 04:15:55,540 - data_loader - INFO -   Loaded 130 gold links from annotation file
2026-05-08 04:15:55,540 - data_loader - INFO -   Conversation '2013-05-05.train-a' loaded in 0.26s
2026-05-08 04:15:55,540 - data_loader - INFO -   Creating samples for 2013-05-05.train-a: all 1163 messages
2026-05-08 04:15:55,546 - data_loader - INFO -   Created 33 samples for 2013-05-05.train-a
2026-05-08 04:15:55,546 - data_loader - INFO -   File 117/153: 2013-05-05.train-a - 1163 messages, 15062 total samples so far
2026-05-08 04:15:55,546 - data_loader - INFO - Loading conversation from data/train/2013-05-07.train-a.ascii.txt
2026-05-08 04:15:55,548 - data_loader - INFO -   Read 1147 lines from ASCII file
2026-05-08 04:15:55,552 - data_loader - INFO -   Parsed 1147 messages, found 116 unique users
2026-05-08 04:15:55,785 - data_loader - INFO -   Loaded 127 gold links from annotation file
2026-05-08 04:15:55,785 - data_loader - INFO -   Conversation '2013-05-07.train-a' loaded in 0.24s
2026-05-08 04:15:55,785 - data_loader - INFO -   Creating samples for 2013-05-07.train-a: all 1147 messages
2026-05-08 04:15:55,789 - data_loader - INFO -   Created 18 samples for 2013-05-07.train-a
2026-05-08 04:15:55,790 - data_loader - INFO -   File 118/153: 2013-05-07.train-a - 1147 messages, 15080 total samples so far
2026-05-08 04:15:55,790 - data_loader - INFO - Loading conversation from data/train/2013-05-19.train-a.ascii.txt
2026-05-08 04:15:55,792 - data_loader - INFO -   Read 1181 lines from ASCII file
2026-05-08 04:15:55,795 - data_loader - INFO -   Parsed 1181 messages, found 131 unique users
2026-05-08 04:15:56,066 - data_loader - INFO -   Loaded 127 gold links from annotation file
2026-05-08 04:15:56,067 - data_loader - INFO -   Conversation '2013-05-19.train-a' loaded in 0.28s
2026-05-08 04:15:56,067 - data_loader - INFO -   Creating samples for 2013-05-19.train-a: all 1181 messages
2026-05-08 04:15:56,072 - data_loader - INFO -   Created 28 samples for 2013-05-19.train-a
2026-05-08 04:15:56,072 - data_loader - INFO -   File 119/153: 2013-05-19.train-a - 1181 messages, 15108 total samples so far
2026-05-08 04:15:56,072 - data_loader - INFO - Loading conversation from data/train/2013-05-28.train-c.ascii.txt
2026-05-08 04:15:56,074 - data_loader - INFO -   Read 1500 lines from ASCII file
2026-05-08 04:15:56,079 - data_loader - INFO -   Parsed 1500 messages, found 145 unique users
2026-05-08 04:15:56,454 - data_loader - INFO -   Loaded 353 gold links from annotation file
2026-05-08 04:15:56,455 - data_loader - INFO -   Conversation '2013-05-28.train-c' loaded in 0.38s
2026-05-08 04:15:56,455 - data_loader - INFO -   Creating samples for 2013-05-28.train-c: all 1500 messages
2026-05-08 04:15:56,465 - data_loader - INFO -   Created 98 samples for 2013-05-28.train-c
2026-05-08 04:15:56,465 - data_loader - INFO -   File 120/153: 2013-05-28.train-c - 1500 messages, 15206 total samples so far
2026-05-08 04:15:56,465 - data_loader - INFO - Loading conversation from data/train/2013-07-10.train-a.ascii.txt
2026-05-08 04:15:56,467 - data_loader - INFO -   Read 1140 lines from ASCII file
2026-05-08 04:15:56,471 - data_loader - INFO -   Parsed 1140 messages, found 104 unique users
2026-05-08 04:15:56,672 - data_loader - INFO -   Loaded 107 gold links from annotation file
2026-05-08 04:15:56,672 - data_loader - INFO -   Conversation '2013-07-10.train-a' loaded in 0.21s
2026-05-08 04:15:56,672 - data_loader - INFO -   Creating samples for 2013-07-10.train-a: all 1140 messages
2026-05-08 04:15:56,676 - data_loader - INFO -   Created 17 samples for 2013-07-10.train-a
2026-05-08 04:15:56,676 - data_loader - INFO -   File 121/153: 2013-07-10.train-a - 1140 messages, 15223 total samples so far
2026-05-08 04:15:56,676 - data_loader - INFO - Loading conversation from data/train/2013-07-19.train-a.ascii.txt
2026-05-08 04:15:56,678 - data_loader - INFO -   Read 1192 lines from ASCII file
2026-05-08 04:15:56,682 - data_loader - INFO -   Parsed 1192 messages, found 92 unique users
2026-05-08 04:15:56,867 - data_loader - INFO -   Loaded 130 gold links from annotation file
2026-05-08 04:15:56,867 - data_loader - INFO -   Conversation '2013-07-19.train-a' loaded in 0.19s
2026-05-08 04:15:56,867 - data_loader - INFO -   Creating samples for 2013-07-19.train-a: all 1192 messages
2026-05-08 04:15:56,871 - data_loader - INFO -   Created 13 samples for 2013-07-19.train-a
2026-05-08 04:15:56,871 - data_loader - INFO -   File 122/153: 2013-07-19.train-a - 1192 messages, 15236 total samples so far
2026-05-08 04:15:56,871 - data_loader - INFO - Loading conversation from data/train/2013-08-29.train-c.ascii.txt
2026-05-08 04:15:56,873 - data_loader - INFO -   Read 1500 lines from ASCII file
2026-05-08 04:15:56,877 - data_loader - INFO -   Parsed 1500 messages, found 128 unique users
2026-05-08 04:15:57,215 - data_loader - INFO -   Loaded 358 gold links from annotation file
2026-05-08 04:15:57,217 - data_loader - INFO -   Conversation '2013-08-29.train-c' loaded in 0.35s
2026-05-08 04:15:57,217 - data_loader - INFO -   Creating samples for 2013-08-29.train-c: all 1500 messages
2026-05-08 04:15:57,226 - data_loader - INFO -   Created 67 samples for 2013-08-29.train-c
2026-05-08 04:15:57,226 - data_loader - INFO -   File 123/153: 2013-08-29.train-c - 1500 messages, 15303 total samples so far
2026-05-08 04:15:57,226 - data_loader - INFO - Loading conversation from data/train/2013-08-30.train-a.ascii.txt
2026-05-08 04:15:57,228 - data_loader - INFO -   Read 1126 lines from ASCII file
2026-05-08 04:15:57,231 - data_loader - INFO -   Parsed 1126 messages, found 97 unique users
2026-05-08 04:15:57,423 - data_loader - INFO -   Loaded 95 gold links from annotation file
2026-05-08 04:15:57,423 - data_loader - INFO -   Conversation '2013-08-30.train-a' loaded in 0.20s
2026-05-08 04:15:57,423 - data_loader - INFO -   Creating samples for 2013-08-30.train-a: all 1126 messages
2026-05-08 04:15:57,428 - data_loader - INFO -   Created 20 samples for 2013-08-30.train-a
2026-05-08 04:15:57,428 - data_loader - INFO -   File 124/153: 2013-08-30.train-a - 1126 messages, 15323 total samples so far
2026-05-08 04:15:57,428 - data_loader - INFO - Loading conversation from data/train/2013-09-12.train-a.ascii.txt
2026-05-08 04:15:57,430 - data_loader - INFO -   Read 1256 lines from ASCII file
2026-05-08 04:15:57,434 - data_loader - INFO -   Parsed 1256 messages, found 110 unique users
2026-05-08 04:15:57,660 - data_loader - INFO -   Loaded 216 gold links from annotation file
2026-05-08 04:15:57,660 - data_loader - INFO -   Conversation '2013-09-12.train-a' loaded in 0.23s
2026-05-08 04:15:57,660 - data_loader - INFO -   Creating samples for 2013-09-12.train-a: all 1256 messages
2026-05-08 04:15:57,664 - data_loader - INFO -   Created 17 samples for 2013-09-12.train-a
2026-05-08 04:15:57,664 - data_loader - INFO -   File 125/153: 2013-09-12.train-a - 1256 messages, 15340 total samples so far
2026-05-08 04:15:57,665 - data_loader - INFO - Loading conversation from data/train/2013-09-16.train-c.ascii.txt
2026-05-08 04:15:57,667 - data_loader - INFO -   Read 1500 lines from ASCII file
2026-05-08 04:15:57,671 - data_loader - INFO -   Parsed 1500 messages, found 124 unique users
2026-05-08 04:15:57,994 - data_loader - INFO -   Loaded 360 gold links from annotation file
2026-05-08 04:15:57,994 - data_loader - INFO -   Conversation '2013-09-16.train-c' loaded in 0.33s
2026-05-08 04:15:57,994 - data_loader - INFO -   Creating samples for 2013-09-16.train-c: all 1500 messages
2026-05-08 04:15:58,004 - data_loader - INFO -   Created 77 samples for 2013-09-16.train-c
2026-05-08 04:15:58,004 - data_loader - INFO -   File 126/153: 2013-09-16.train-c - 1500 messages, 15417 total samples so far
2026-05-08 04:15:58,004 - data_loader - INFO - Loading conversation from data/train/2013-10-04.train-a.ascii.txt
2026-05-08 04:15:58,006 - data_loader - INFO -   Read 1062 lines from ASCII file
2026-05-08 04:15:58,009 - data_loader - INFO -   Parsed 1062 messages, found 97 unique users
2026-05-08 04:15:58,181 - data_loader - INFO -   Loaded 39 gold links from annotation file
2026-05-08 04:15:58,181 - data_loader - INFO -   Conversation '2013-10-04.train-a' loaded in 0.18s
2026-05-08 04:15:58,181 - data_loader - INFO -   Creating samples for 2013-10-04.train-a: all 1062 messages
2026-05-08 04:15:58,185 - data_loader - INFO -   Created 18 samples for 2013-10-04.train-a
2026-05-08 04:15:58,185 - data_loader - INFO -   File 127/153: 2013-10-04.train-a - 1062 messages, 15435 total samples so far
2026-05-08 04:15:58,185 - data_loader - INFO - Loading conversation from data/train/2013-10-11.train-a.ascii.txt
2026-05-08 04:15:58,187 - data_loader - INFO -   Read 1084 lines from ASCII file
2026-05-08 04:15:58,190 - data_loader - INFO -   Parsed 1084 messages, found 108 unique users
2026-05-08 04:15:58,390 - data_loader - INFO -   Loaded 61 gold links from annotation file
2026-05-08 04:15:58,390 - data_loader - INFO -   Conversation '2013-10-11.train-a' loaded in 0.21s
2026-05-08 04:15:58,390 - data_loader - INFO -   Creating samples for 2013-10-11.train-a: all 1084 messages
2026-05-08 04:15:58,394 - data_loader - INFO -   Created 23 samples for 2013-10-11.train-a
2026-05-08 04:15:58,395 - data_loader - INFO -   File 128/153: 2013-10-11.train-a - 1084 messages, 15458 total samples so far
2026-05-08 04:15:58,395 - data_loader - INFO - Loading conversation from data/train/2013-10-28.train-a.ascii.txt
2026-05-08 04:15:58,397 - data_loader - INFO -   Read 1307 lines from ASCII file
2026-05-08 04:15:58,400 - data_loader - INFO -   Parsed 1307 messages, found 143 unique users
2026-05-08 04:15:58,730 - data_loader - INFO -   Loaded 226 gold links from annotation file
2026-05-08 04:15:58,730 - data_loader - INFO -   Conversation '2013-10-28.train-a' loaded in 0.34s
2026-05-08 04:15:58,730 - data_loader - INFO -   Creating samples for 2013-10-28.train-a: all 1307 messages
2026-05-08 04:15:58,737 - data_loader - INFO -   Created 45 samples for 2013-10-28.train-a
2026-05-08 04:15:58,737 - data_loader - INFO -   File 129/153: 2013-10-28.train-a - 1307 messages, 15503 total samples so far
2026-05-08 04:15:58,737 - data_loader - INFO - Loading conversation from data/train/2013-12-02.train-a.ascii.txt
2026-05-08 04:15:58,739 - data_loader - INFO -   Read 1181 lines from ASCII file
2026-05-08 04:15:58,742 - data_loader - INFO -   Parsed 1181 messages, found 141 unique users
2026-05-08 04:15:59,033 - data_loader - INFO -   Loaded 132 gold links from annotation file
2026-05-08 04:15:59,033 - data_loader - INFO -   Conversation '2013-12-02.train-a' loaded in 0.30s
2026-05-08 04:15:59,033 - data_loader - INFO -   Creating samples for 2013-12-02.train-a: all 1181 messages
2026-05-08 04:15:59,039 - data_loader - INFO -   Created 43 samples for 2013-12-02.train-a
2026-05-08 04:15:59,039 - data_loader - INFO -   File 130/153: 2013-12-02.train-a - 1181 messages, 15546 total samples so far
2026-05-08 04:15:59,039 - data_loader - INFO - Loading conversation from data/train/2014-01-08.train-c.ascii.txt
2026-05-08 04:15:59,043 - data_loader - INFO -   Read 1500 lines from ASCII file
2026-05-08 04:15:59,047 - data_loader - INFO -   Parsed 1500 messages, found 84 unique users
2026-05-08 04:15:59,252 - data_loader - INFO -   Loaded 389 gold links from annotation file
2026-05-08 04:15:59,252 - data_loader - INFO -   Conversation '2014-01-08.train-c' loaded in 0.21s
2026-05-08 04:15:59,252 - data_loader - INFO -   Creating samples for 2014-01-08.train-c: all 1500 messages
2026-05-08 04:15:59,262 - data_loader - INFO -   Created 81 samples for 2014-01-08.train-c
2026-05-08 04:15:59,262 - data_loader - INFO -   File 131/153: 2014-01-08.train-c - 1500 messages, 15627 total samples so far
2026-05-08 04:15:59,262 - data_loader - INFO - Loading conversation from data/train/2014-08-14.train-c.ascii.txt
2026-05-08 04:15:59,264 - data_loader - INFO -   Read 1500 lines from ASCII file
2026-05-08 04:15:59,268 - data_loader - INFO -   Parsed 1500 messages, found 135 unique users
2026-05-08 04:15:59,622 - data_loader - INFO -   Loaded 370 gold links from annotation file
2026-05-08 04:15:59,622 - data_loader - INFO -   Conversation '2014-08-14.train-c' loaded in 0.36s
2026-05-08 04:15:59,623 - data_loader - INFO -   Creating samples for 2014-08-14.train-c: all 1500 messages
2026-05-08 04:15:59,632 - data_loader - INFO -   Created 78 samples for 2014-08-14.train-c
2026-05-08 04:15:59,632 - data_loader - INFO -   File 132/153: 2014-08-14.train-c - 1500 messages, 15705 total samples so far
2026-05-08 04:15:59,632 - data_loader - INFO - Loading conversation from data/train/2014-09-29.train-c.ascii.txt
2026-05-08 04:15:59,634 - data_loader - INFO -   Read 1500 lines from ASCII file
2026-05-08 04:15:59,638 - data_loader - INFO -   Parsed 1500 messages, found 152 unique users
2026-05-08 04:16:00,022 - data_loader - INFO -   Loaded 370 gold links from annotation file
2026-05-08 04:16:00,024 - data_loader - INFO -   Conversation '2014-09-29.train-c' loaded in 0.39s
2026-05-08 04:16:00,024 - data_loader - INFO -   Creating samples for 2014-09-29.train-c: all 1500 messages
2026-05-08 04:16:00,035 - data_loader - INFO -   Created 97 samples for 2014-09-29.train-c
2026-05-08 04:16:00,035 - data_loader - INFO -   File 133/153: 2014-09-29.train-c - 1500 messages, 15802 total samples so far
2026-05-08 04:16:00,035 - data_loader - INFO - Loading conversation from data/train/2014-12-21.train-c.ascii.txt
2026-05-08 04:16:00,037 - data_loader - INFO -   Read 1500 lines from ASCII file
2026-05-08 04:16:00,041 - data_loader - INFO -   Parsed 1500 messages, found 137 unique users
2026-05-08 04:16:00,380 - data_loader - INFO -   Loaded 366 gold links from annotation file
2026-05-08 04:16:00,380 - data_loader - INFO -   Conversation '2014-12-21.train-c' loaded in 0.35s
2026-05-08 04:16:00,380 - data_loader - INFO -   Creating samples for 2014-12-21.train-c: all 1500 messages
2026-05-08 04:16:00,391 - data_loader - INFO -   Created 120 samples for 2014-12-21.train-c
2026-05-08 04:16:00,391 - data_loader - INFO -   File 134/153: 2014-12-21.train-c - 1500 messages, 15922 total samples so far
2026-05-08 04:16:00,391 - data_loader - INFO - Loading conversation from data/train/2014-12-27.train-c.ascii.txt
2026-05-08 04:16:00,394 - data_loader - INFO -   Read 1500 lines from ASCII file
2026-05-08 04:16:00,398 - data_loader - INFO -   Parsed 1500 messages, found 142 unique users
2026-05-08 04:16:00,756 - data_loader - INFO -   Loaded 370 gold links from annotation file
2026-05-08 04:16:00,756 - data_loader - INFO -   Conversation '2014-12-27.train-c' loaded in 0.36s
2026-05-08 04:16:00,756 - data_loader - INFO -   Creating samples for 2014-12-27.train-c: all 1500 messages
2026-05-08 04:16:00,766 - data_loader - INFO -   Created 92 samples for 2014-12-27.train-c
2026-05-08 04:16:00,766 - data_loader - INFO -   File 135/153: 2014-12-27.train-c - 1500 messages, 16014 total samples so far
2026-05-08 04:16:00,766 - data_loader - INFO - Loading conversation from data/train/2015-01-20.train-b.ascii.txt
2026-05-08 04:16:00,768 - data_loader - INFO -   Read 1100 lines from ASCII file
2026-05-08 04:16:00,771 - data_loader - INFO -   Parsed 1100 messages, found 91 unique users
2026-05-08 04:16:00,938 - data_loader - INFO -   Loaded 74 gold links from annotation file
2026-05-08 04:16:00,938 - data_loader - INFO -   Conversation '2015-01-20.train-b' loaded in 0.17s
2026-05-08 04:16:00,938 - data_loader - INFO -   Creating samples for 2015-01-20.train-b: all 1100 messages
2026-05-08 04:16:00,942 - data_loader - INFO -   Created 5 samples for 2015-01-20.train-b
2026-05-08 04:16:00,942 - data_loader - INFO -   File 136/153: 2015-01-20.train-b - 1100 messages, 16019 total samples so far
2026-05-08 04:16:00,942 - data_loader - INFO - Loading conversation from data/train/2015-02-04.train-b.ascii.txt
2026-05-08 04:16:00,944 - data_loader - INFO -   Read 1100 lines from ASCII file
2026-05-08 04:16:00,947 - data_loader - INFO -   Parsed 1100 messages, found 139 unique users
2026-05-08 04:16:01,206 - data_loader - INFO -   Loaded 69 gold links from annotation file
2026-05-08 04:16:01,206 - data_loader - INFO -   Conversation '2015-02-04.train-b' loaded in 0.26s
2026-05-08 04:16:01,206 - data_loader - INFO -   Creating samples for 2015-02-04.train-b: all 1100 messages
2026-05-08 04:16:01,210 - data_loader - INFO -   Created 15 samples for 2015-02-04.train-b
2026-05-08 04:16:01,210 - data_loader - INFO -   File 137/153: 2015-02-04.train-b - 1100 messages, 16034 total samples so far
2026-05-08 04:16:01,210 - data_loader - INFO - Loading conversation from data/train/2015-04-19.train-b.ascii.txt
2026-05-08 04:16:01,213 - data_loader - INFO -   Read 1100 lines from ASCII file
2026-05-08 04:16:01,216 - data_loader - INFO -   Parsed 1100 messages, found 131 unique users
2026-05-08 04:16:01,464 - data_loader - INFO -   Loaded 75 gold links from annotation file
2026-05-08 04:16:01,464 - data_loader - INFO -   Conversation '2015-04-19.train-b' loaded in 0.25s
2026-05-08 04:16:01,464 - data_loader - INFO -   Creating samples for 2015-04-19.train-b: all 1100 messages
2026-05-08 04:16:01,468 - data_loader - INFO -   Created 6 samples for 2015-04-19.train-b
2026-05-08 04:16:01,468 - data_loader - INFO -   File 138/153: 2015-04-19.train-b - 1100 messages, 16040 total samples so far
2026-05-08 04:16:01,468 - data_loader - INFO - Loading conversation from data/train/2015-05-08.train-c.ascii.txt
2026-05-08 04:16:01,470 - data_loader - INFO -   Read 1500 lines from ASCII file
2026-05-08 04:16:01,474 - data_loader - INFO -   Parsed 1500 messages, found 115 unique users
2026-05-08 04:16:01,771 - data_loader - INFO -   Loaded 367 gold links from annotation file
2026-05-08 04:16:01,771 - data_loader - INFO -   Conversation '2015-05-08.train-c' loaded in 0.30s
2026-05-08 04:16:01,771 - data_loader - INFO -   Creating samples for 2015-05-08.train-c: all 1500 messages
2026-05-08 04:16:01,781 - data_loader - INFO -   Created 91 samples for 2015-05-08.train-c
2026-05-08 04:16:01,782 - data_loader - INFO -   File 139/153: 2015-05-08.train-c - 1500 messages, 16131 total samples so far
2026-05-08 04:16:01,782 - data_loader - INFO - Loading conversation from data/train/2015-06-12.train-b.ascii.txt
2026-05-08 04:16:01,783 - data_loader - INFO -   Read 1100 lines from ASCII file
2026-05-08 04:16:01,787 - data_loader - INFO -   Parsed 1100 messages, found 142 unique users
2026-05-08 04:16:02,045 - data_loader - INFO -   Loaded 74 gold links from annotation file
2026-05-08 04:16:02,045 - data_loader - INFO -   Conversation '2015-06-12.train-b' loaded in 0.26s
2026-05-08 04:16:02,045 - data_loader - INFO -   Creating samples for 2015-06-12.train-b: all 1100 messages
2026-05-08 04:16:02,050 - data_loader - INFO -   Created 25 samples for 2015-06-12.train-b
2026-05-08 04:16:02,050 - data_loader - INFO -   File 140/153: 2015-06-12.train-b - 1100 messages, 16156 total samples so far
2026-05-08 04:16:02,050 - data_loader - INFO - Loading conversation from data/train/2015-08-10.train-b.ascii.txt
2026-05-08 04:16:02,052 - data_loader - INFO -   Read 1100 lines from ASCII file
2026-05-08 04:16:02,055 - data_loader - INFO -   Parsed 1100 messages, found 94 unique users
2026-05-08 04:16:02,248 - data_loader - INFO -   Loaded 69 gold links from annotation file
2026-05-08 04:16:02,250 - data_loader - INFO -   Conversation '2015-08-10.train-b' loaded in 0.20s
2026-05-08 04:16:02,250 - data_loader - INFO -   Creating samples for 2015-08-10.train-b: all 1100 messages
2026-05-08 04:16:02,254 - data_loader - INFO -   Created 14 samples for 2015-08-10.train-b
2026-05-08 04:16:02,254 - data_loader - INFO -   File 141/153: 2015-08-10.train-b - 1100 messages, 16170 total samples so far
2026-05-08 04:16:02,254 - data_loader - INFO - Loading conversation from data/train/2015-09-25.train-b.ascii.txt
2026-05-08 04:16:02,256 - data_loader - INFO -   Read 1100 lines from ASCII file
2026-05-08 04:16:02,259 - data_loader - INFO -   Parsed 1100 messages, found 142 unique users
2026-05-08 04:16:02,538 - data_loader - INFO -   Loaded 75 gold links from annotation file
2026-05-08 04:16:02,538 - data_loader - INFO -   Conversation '2015-09-25.train-b' loaded in 0.28s
2026-05-08 04:16:02,539 - data_loader - INFO -   Creating samples for 2015-09-25.train-b: all 1100 messages
2026-05-08 04:16:02,543 - data_loader - INFO -   Created 15 samples for 2015-09-25.train-b
2026-05-08 04:16:02,543 - data_loader - INFO -   File 142/153: 2015-09-25.train-b - 1100 messages, 16185 total samples so far
2026-05-08 04:16:02,543 - data_loader - INFO - Loading conversation from data/train/2015-10-14.train-b.ascii.txt
2026-05-08 04:16:02,545 - data_loader - INFO -   Read 1100 lines from ASCII file
2026-05-08 04:16:02,548 - data_loader - INFO -   Parsed 1100 messages, found 121 unique users
2026-05-08 04:16:02,785 - data_loader - INFO -   Loaded 70 gold links from annotation file
2026-05-08 04:16:02,785 - data_loader - INFO -   Conversation '2015-10-14.train-b' loaded in 0.24s
2026-05-08 04:16:02,785 - data_loader - INFO -   Creating samples for 2015-10-14.train-b: all 1100 messages
2026-05-08 04:16:02,788 - data_loader - INFO -   Created 6 samples for 2015-10-14.train-b
2026-05-08 04:16:02,789 - data_loader - INFO -   File 143/153: 2015-10-14.train-b - 1100 messages, 16191 total samples so far
2026-05-08 04:16:02,789 - data_loader - INFO - Loading conversation from data/train/2015-10-19.train-b.ascii.txt
2026-05-08 04:16:02,790 - data_loader - INFO -   Read 1100 lines from ASCII file
2026-05-08 04:16:02,794 - data_loader - INFO -   Parsed 1100 messages, found 114 unique users
2026-05-08 04:16:03,004 - data_loader - INFO -   Loaded 71 gold links from annotation file
2026-05-08 04:16:03,004 - data_loader - INFO -   Conversation '2015-10-19.train-b' loaded in 0.21s
2026-05-08 04:16:03,004 - data_loader - INFO -   Creating samples for 2015-10-19.train-b: all 1100 messages
2026-05-08 04:16:03,008 - data_loader - INFO -   Created 15 samples for 2015-10-19.train-b
2026-05-08 04:16:03,008 - data_loader - INFO -   File 144/153: 2015-10-19.train-b - 1100 messages, 16206 total samples so far
2026-05-08 04:16:03,008 - data_loader - INFO - Loading conversation from data/train/2015-11-26.train-b.ascii.txt
2026-05-08 04:16:03,010 - data_loader - INFO -   Read 1100 lines from ASCII file
2026-05-08 04:16:03,013 - data_loader - INFO -   Parsed 1100 messages, found 100 unique users
2026-05-08 04:16:03,190 - data_loader - INFO -   Loaded 66 gold links from annotation file
2026-05-08 04:16:03,190 - data_loader - INFO -   Conversation '2015-11-26.train-b' loaded in 0.18s
2026-05-08 04:16:03,190 - data_loader - INFO -   Creating samples for 2015-11-26.train-b: all 1100 messages
2026-05-08 04:16:03,195 - data_loader - INFO -   Created 32 samples for 2015-11-26.train-b
2026-05-08 04:16:03,195 - data_loader - INFO -   File 145/153: 2015-11-26.train-b - 1100 messages, 16238 total samples so far
2026-05-08 04:16:03,195 - data_loader - INFO - Loading conversation from data/train/2015-12-28.train-b.ascii.txt
2026-05-08 04:16:03,198 - data_loader - INFO -   Read 1100 lines from ASCII file
2026-05-08 04:16:03,201 - data_loader - INFO -   Parsed 1100 messages, found 131 unique users
2026-05-08 04:16:03,441 - data_loader - INFO -   Loaded 72 gold links from annotation file
2026-05-08 04:16:03,441 - data_loader - INFO -   Conversation '2015-12-28.train-b' loaded in 0.25s
2026-05-08 04:16:03,442 - data_loader - INFO -   Creating samples for 2015-12-28.train-b: all 1100 messages
2026-05-08 04:16:03,446 - data_loader - INFO -   Created 19 samples for 2015-12-28.train-b
2026-05-08 04:16:03,446 - data_loader - INFO -   File 146/153: 2015-12-28.train-b - 1100 messages, 16257 total samples so far
2026-05-08 04:16:03,446 - data_loader - INFO - Loading conversation from data/train/2017-02-06.train-c.ascii.txt
2026-05-08 04:16:03,448 - data_loader - INFO -   Read 1500 lines from ASCII file
2026-05-08 04:16:03,452 - data_loader - INFO -   Parsed 1500 messages, found 156 unique users
2026-05-08 04:16:03,849 - data_loader - INFO -   Loaded 388 gold links from annotation file
2026-05-08 04:16:03,849 - data_loader - INFO -   Conversation '2017-02-06.train-c' loaded in 0.40s
2026-05-08 04:16:03,849 - data_loader - INFO -   Creating samples for 2017-02-06.train-c: all 1500 messages
2026-05-08 04:16:03,860 - data_loader - INFO -   Created 110 samples for 2017-02-06.train-c
2026-05-08 04:16:03,860 - data_loader - INFO -   File 147/153: 2017-02-06.train-c - 1500 messages, 16367 total samples so far
2026-05-08 04:16:03,860 - data_loader - INFO - Loading conversation from data/train/2017-03-02.train-c.ascii.txt
2026-05-08 04:16:03,863 - data_loader - INFO -   Read 1500 lines from ASCII file
2026-05-08 04:16:03,867 - data_loader - INFO -   Parsed 1500 messages, found 158 unique users
2026-05-08 04:16:04,271 - data_loader - INFO -   Loaded 363 gold links from annotation file
2026-05-08 04:16:04,274 - data_loader - INFO -   Conversation '2017-03-02.train-c' loaded in 0.41s
2026-05-08 04:16:04,274 - data_loader - INFO -   Creating samples for 2017-03-02.train-c: all 1500 messages
2026-05-08 04:16:04,284 - data_loader - INFO -   Created 85 samples for 2017-03-02.train-c
2026-05-08 04:16:04,284 - data_loader - INFO -   File 148/153: 2017-03-02.train-c - 1500 messages, 16452 total samples so far
2026-05-08 04:16:04,284 - data_loader - INFO - Loading conversation from data/train/2017-03-23.train-c.ascii.txt
2026-05-08 04:16:04,286 - data_loader - INFO -   Read 1500 lines from ASCII file
2026-05-08 04:16:04,290 - data_loader - INFO -   Parsed 1500 messages, found 138 unique users
2026-05-08 04:16:04,635 - data_loader - INFO -   Loaded 375 gold links from annotation file
2026-05-08 04:16:04,635 - data_loader - INFO -   Conversation '2017-03-23.train-c' loaded in 0.35s
2026-05-08 04:16:04,635 - data_loader - INFO -   Creating samples for 2017-03-23.train-c: all 1500 messages
2026-05-08 04:16:04,644 - data_loader - INFO -   Created 68 samples for 2017-03-23.train-c
2026-05-08 04:16:04,644 - data_loader - INFO -   File 149/153: 2017-03-23.train-c - 1500 messages, 16520 total samples so far
2026-05-08 04:16:04,644 - data_loader - INFO - Loading conversation from data/train/2017-05-09.train-c.ascii.txt
2026-05-08 04:16:04,647 - data_loader - INFO -   Read 1500 lines from ASCII file
2026-05-08 04:16:04,651 - data_loader - INFO -   Parsed 1500 messages, found 114 unique users
2026-05-08 04:16:04,945 - data_loader - INFO -   Loaded 347 gold links from annotation file
2026-05-08 04:16:04,945 - data_loader - INFO -   Conversation '2017-05-09.train-c' loaded in 0.30s
2026-05-08 04:16:04,945 - data_loader - INFO -   Creating samples for 2017-05-09.train-c: all 1500 messages
2026-05-08 04:16:04,953 - data_loader - INFO -   Created 50 samples for 2017-05-09.train-c
2026-05-08 04:16:04,953 - data_loader - INFO -   File 150/153: 2017-05-09.train-c - 1500 messages, 16570 total samples so far
2026-05-08 04:16:04,953 - data_loader - INFO - Loading conversation from data/train/2017-07-15.train-c.ascii.txt
2026-05-08 04:16:04,956 - data_loader - INFO -   Read 1500 lines from ASCII file
2026-05-08 04:16:04,959 - data_loader - INFO -   Parsed 1500 messages, found 83 unique users
2026-05-08 04:16:05,189 - data_loader - INFO -   Loaded 350 gold links from annotation file
2026-05-08 04:16:05,189 - data_loader - INFO -   Conversation '2017-07-15.train-c' loaded in 0.24s
2026-05-08 04:16:05,189 - data_loader - INFO -   Creating samples for 2017-07-15.train-c: all 1500 messages
2026-05-08 04:16:05,197 - data_loader - INFO -   Created 35 samples for 2017-07-15.train-c
2026-05-08 04:16:05,197 - data_loader - INFO -   File 151/153: 2017-07-15.train-c - 1500 messages, 16605 total samples so far
2026-05-08 04:16:05,197 - data_loader - INFO - Loading conversation from data/train/2017-09-02.train-c.ascii.txt
2026-05-08 04:16:05,199 - data_loader - INFO -   Read 1500 lines from ASCII file
2026-05-08 04:16:05,203 - data_loader - INFO -   Parsed 1500 messages, found 110 unique users
2026-05-08 04:16:05,494 - data_loader - INFO -   Loaded 365 gold links from annotation file
2026-05-08 04:16:05,494 - data_loader - INFO -   Conversation '2017-09-02.train-c' loaded in 0.30s
2026-05-08 04:16:05,494 - data_loader - INFO -   Creating samples for 2017-09-02.train-c: all 1500 messages
2026-05-08 04:16:05,501 - data_loader - INFO -   Created 36 samples for 2017-09-02.train-c
2026-05-08 04:16:05,501 - data_loader - INFO -   File 152/153: 2017-09-02.train-c - 1500 messages, 16641 total samples so far
2026-05-08 04:16:05,501 - data_loader - INFO - Loading conversation from data/train/2018-02-27.train-c.ascii.txt
2026-05-08 04:16:05,503 - data_loader - INFO -   Read 1500 lines from ASCII file
2026-05-08 04:16:05,507 - data_loader - INFO -   Parsed 1500 messages, found 148 unique users
2026-05-08 04:16:05,883 - data_loader - INFO -   Loaded 375 gold links from annotation file
2026-05-08 04:16:05,883 - data_loader - INFO -   Conversation '2018-02-27.train-c' loaded in 0.38s
2026-05-08 04:16:05,883 - data_loader - INFO -   Creating samples for 2018-02-27.train-c: all 1500 messages
2026-05-08 04:16:05,894 - data_loader - INFO -   Created 113 samples for 2018-02-27.train-c
2026-05-08 04:16:05,894 - data_loader - INFO -   File 153/153: 2018-02-27.train-c - 1500 messages, 16754 total samples so far
2026-05-08 04:16:05,894 - data_loader - INFO - Dataset initialization complete: 16754 samples from 153 conversations in 49.22s
2026-05-08 04:16:05,894 - __main__ - INFO -   Train dataset created: 16754 samples
2026-05-08 04:16:05,894 - __main__ - INFO - Loading 10 dev files...
2026-05-08 04:16:05,894 - data_loader - INFO - Initializing IRCDisentanglementDataset with 10 files
2026-05-08 04:16:05,894 - data_loader - INFO -   max_dist=15, max_length=128, skip_labels=False
2026-05-08 04:16:05,894 - data_loader - INFO -   test_start=0, test_end=1000000000
2026-05-08 04:16:05,894 - data_loader - INFO - Loading conversation from data/dev/2004-11-15_03.ascii.txt
2026-05-08 04:16:05,897 - data_loader - INFO -   Read 1250 lines from ASCII file
2026-05-08 04:16:05,901 - data_loader - INFO -   Parsed 1250 messages, found 76 unique users
2026-05-08 04:16:06,022 - data_loader - INFO -   Loaded 189 gold links from annotation file
2026-05-08 04:16:06,022 - data_loader - INFO -   Conversation '2004-11-15_03' loaded in 0.13s
2026-05-08 04:16:06,022 - data_loader - INFO -   Creating samples for 2004-11-15_03: all 1250 messages
2026-05-08 04:16:06,028 - data_loader - INFO -   Created 65 samples for 2004-11-15_03
2026-05-08 04:16:06,028 - data_loader - INFO -   File 1/10: 2004-11-15_03 - 1250 messages, 65 total samples so far
2026-05-08 04:16:06,029 - data_loader - INFO - Loading conversation from data/dev/2005-06-27_12.ascii.txt
2026-05-08 04:16:06,031 - data_loader - INFO -   Read 1250 lines from ASCII file
2026-05-08 04:16:06,035 - data_loader - INFO -   Parsed 1250 messages, found 77 unique users
2026-05-08 04:16:06,158 - data_loader - INFO -   Loaded 182 gold links from annotation file
2026-05-08 04:16:06,158 - data_loader - INFO -   Conversation '2005-06-27_12' loaded in 0.13s
2026-05-08 04:16:06,158 - data_loader - INFO -   Creating samples for 2005-06-27_12: all 1250 messages
2026-05-08 04:16:06,426 - data_loader - INFO -   Created 41 samples for 2005-06-27_12
2026-05-08 04:16:06,426 - data_loader - INFO -   File 2/10: 2005-06-27_12 - 1250 messages, 106 total samples so far
2026-05-08 04:16:06,426 - data_loader - INFO - Loading conversation from data/dev/2005-08-08_01.ascii.txt
2026-05-08 04:16:06,430 - data_loader - INFO -   Read 1250 lines from ASCII file
2026-05-08 04:16:06,433 - data_loader - INFO -   Parsed 1250 messages, found 95 unique users
2026-05-08 04:16:06,590 - data_loader - INFO -   Loaded 186 gold links from annotation file
2026-05-08 04:16:06,590 - data_loader - INFO -   Conversation '2005-08-08_01' loaded in 0.16s
2026-05-08 04:16:06,590 - data_loader - INFO -   Creating samples for 2005-08-08_01: all 1250 messages
2026-05-08 04:16:06,596 - data_loader - INFO -   Created 70 samples for 2005-08-08_01
2026-05-08 04:16:06,596 - data_loader - INFO -   File 3/10: 2005-08-08_01 - 1250 messages, 176 total samples so far
2026-05-08 04:16:06,597 - data_loader - INFO - Loading conversation from data/dev/2008-12-11_11.ascii.txt
2026-05-08 04:16:06,599 - data_loader - INFO -   Read 1250 lines from ASCII file
2026-05-08 04:16:06,603 - data_loader - INFO -   Parsed 1250 messages, found 142 unique users
2026-05-08 04:16:06,903 - data_loader - INFO -   Loaded 172 gold links from annotation file
2026-05-08 04:16:06,903 - data_loader - INFO -   Conversation '2008-12-11_11' loaded in 0.31s
2026-05-08 04:16:06,903 - data_loader - INFO -   Creating samples for 2008-12-11_11: all 1250 messages
2026-05-08 04:16:06,909 - data_loader - INFO -   Created 44 samples for 2008-12-11_11
2026-05-08 04:16:06,909 - data_loader - INFO -   File 4/10: 2008-12-11_11 - 1250 messages, 220 total samples so far
2026-05-08 04:16:06,909 - data_loader - INFO - Loading conversation from data/dev/2009-02-23_10.ascii.txt
2026-05-08 04:16:06,913 - data_loader - INFO -   Read 1250 lines from ASCII file
2026-05-08 04:16:06,916 - data_loader - INFO -   Parsed 1250 messages, found 111 unique users
2026-05-08 04:16:07,139 - data_loader - INFO -   Loaded 186 gold links from annotation file
2026-05-08 04:16:07,139 - data_loader - INFO -   Conversation '2009-02-23_10' loaded in 0.23s
2026-05-08 04:16:07,139 - data_loader - INFO -   Creating samples for 2009-02-23_10: all 1250 messages
2026-05-08 04:16:07,146 - data_loader - INFO -   Created 53 samples for 2009-02-23_10
2026-05-08 04:16:07,146 - data_loader - INFO -   File 5/10: 2009-02-23_10 - 1250 messages, 273 total samples so far
2026-05-08 04:16:07,146 - data_loader - INFO - Loading conversation from data/dev/2009-03-03_10.ascii.txt
2026-05-08 04:16:07,149 - data_loader - INFO -   Read 1250 lines from ASCII file
2026-05-08 04:16:07,152 - data_loader - INFO -   Parsed 1250 messages, found 134 unique users
2026-05-08 04:16:07,423 - data_loader - INFO -   Loaded 188 gold links from annotation file
2026-05-08 04:16:07,423 - data_loader - INFO -   Conversation '2009-03-03_10' loaded in 0.28s
2026-05-08 04:16:07,423 - data_loader - INFO -   Creating samples for 2009-03-03_10: all 1250 messages
2026-05-08 04:16:07,428 - data_loader - INFO -   Created 28 samples for 2009-03-03_10
2026-05-08 04:16:07,428 - data_loader - INFO -   File 6/10: 2009-03-03_10 - 1250 messages, 301 total samples so far
2026-05-08 04:16:07,428 - data_loader - INFO - Loading conversation from data/dev/2009-10-01_17.ascii.txt
2026-05-08 04:16:07,432 - data_loader - INFO -   Read 1250 lines from ASCII file
2026-05-08 04:16:07,435 - data_loader - INFO -   Parsed 1250 messages, found 166 unique users
2026-05-08 04:16:07,784 - data_loader - INFO -   Loaded 171 gold links from annotation file
2026-05-08 04:16:07,784 - data_loader - INFO -   Conversation '2009-10-01_17' loaded in 0.36s
2026-05-08 04:16:07,784 - data_loader - INFO -   Creating samples for 2009-10-01_17: all 1250 messages
2026-05-08 04:16:07,791 - data_loader - INFO -   Created 45 samples for 2009-10-01_17
2026-05-08 04:16:07,791 - data_loader - INFO -   File 7/10: 2009-10-01_17 - 1250 messages, 346 total samples so far
2026-05-08 04:16:07,791 - data_loader - INFO - Loading conversation from data/dev/2011-05-29_19.ascii.txt
2026-05-08 04:16:07,794 - data_loader - INFO -   Read 1250 lines from ASCII file
2026-05-08 04:16:07,798 - data_loader - INFO -   Parsed 1250 messages, found 152 unique users
2026-05-08 04:16:08,123 - data_loader - INFO -   Loaded 181 gold links from annotation file
2026-05-08 04:16:08,123 - data_loader - INFO -   Conversation '2011-05-29_19' loaded in 0.33s
2026-05-08 04:16:08,123 - data_loader - INFO -   Creating samples for 2011-05-29_19: all 1250 messages
2026-05-08 04:16:08,130 - data_loader - INFO -   Created 42 samples for 2011-05-29_19
2026-05-08 04:16:08,130 - data_loader - INFO -   File 8/10: 2011-05-29_19 - 1250 messages, 388 total samples so far
2026-05-08 04:16:08,130 - data_loader - INFO - Loading conversation from data/dev/2011-11-13_02.ascii.txt
2026-05-08 04:16:08,133 - data_loader - INFO -   Read 1250 lines from ASCII file
2026-05-08 04:16:08,136 - data_loader - INFO -   Parsed 1250 messages, found 164 unique users
2026-05-08 04:16:08,504 - data_loader - INFO -   Loaded 165 gold links from annotation file
2026-05-08 04:16:08,504 - data_loader - INFO -   Conversation '2011-11-13_02' loaded in 0.37s
2026-05-08 04:16:08,504 - data_loader - INFO -   Creating samples for 2011-11-13_02: all 1250 messages
2026-05-08 04:16:08,510 - data_loader - INFO -   Created 39 samples for 2011-11-13_02
2026-05-08 04:16:08,510 - data_loader - INFO -   File 9/10: 2011-11-13_02 - 1250 messages, 427 total samples so far
2026-05-08 04:16:08,510 - data_loader - INFO - Loading conversation from data/dev/2016-12-19_20.ascii.txt
2026-05-08 04:16:08,514 - data_loader - INFO -   Read 1250 lines from ASCII file
2026-05-08 04:16:08,517 - data_loader - INFO -   Parsed 1250 messages, found 165 unique users
2026-05-08 04:16:08,863 - data_loader - INFO -   Loaded 176 gold links from annotation file
2026-05-08 04:16:08,863 - data_loader - INFO -   Conversation '2016-12-19_20' loaded in 0.35s
2026-05-08 04:16:08,863 - data_loader - INFO -   Creating samples for 2016-12-19_20: all 1250 messages
2026-05-08 04:16:08,869 - data_loader - INFO -   Created 35 samples for 2016-12-19_20
2026-05-08 04:16:08,869 - data_loader - INFO -   File 10/10: 2016-12-19_20 - 1250 messages, 462 total samples so far
2026-05-08 04:16:08,869 - data_loader - INFO - Dataset initialization complete: 462 samples from 10 conversations in 2.97s
2026-05-08 04:16:08,869 - __main__ - INFO -   Dev dataset created: 462 samples
2026-05-08 04:16:08,869 - __main__ - INFO -   Train dataset: 16754 samples
2026-05-08 04:16:08,869 - __main__ - INFO - Training: 16754 samples | 2095 batches/epoch | batch_size=8 | max_dist=15 | max_length=128
2026-05-08 04:16:08,869 - __main__ - INFO -   Dev dataset: 462 samples
2026-05-08 04:16:08,869 - __main__ - INFO - Validation: 462 samples | 58 batches
2026-05-08 04:16:08,869 - __main__ - INFO - Creating model...
2026-05-08 04:16:09,105 - httpx - INFO - HTTP Request: HEAD https://huggingface.co/microsoft/deberta-v3-base/resolve/main/config.json "HTTP/1.1 307 Temporary Redirect"
2026-05-08 04:16:09,110 - httpx - INFO - HTTP Request: HEAD https://huggingface.co/api/resolve-cache/models/microsoft/deberta-v3-base/8ccc9b6f36199bec6961081d44eb72fb3f7353f3/config.json "HTTP/1.1 200 OK"
2026-05-08 04:16:09,744 - httpx - INFO - HTTP Request: HEAD https://huggingface.co/microsoft/deberta-v3-base/resolve/main/model.safetensors "HTTP/1.1 404 Not Found"
2026-05-08 04:16:09,972 - httpx - INFO - HTTP Request: GET https://huggingface.co/api/models/microsoft/deberta-v3-base "HTTP/1.1 200 OK"
Loading weights:   0%|          | 0/198 [00:00<?, ?it/s]Loading weights: 100%|██████████| 198/198 [00:00<00:00, 24888.28it/s]
2026-05-08 04:16:10,223 - httpx - INFO - HTTP Request: GET https://huggingface.co/api/models/microsoft/deberta-v3-base/commits/main "HTTP/1.1 200 OK"
2026-05-08 04:16:10,480 - httpx - INFO - HTTP Request: GET https://huggingface.co/api/models/microsoft/deberta-v3-base/discussions?p=0 "HTTP/1.1 200 OK"
2026-05-08 04:16:10,726 - httpx - INFO - HTTP Request: GET https://huggingface.co/api/models/microsoft/deberta-v3-base/commits/refs%2Fpr%2F14 "HTTP/1.1 200 OK"
2026-05-08 04:16:10,955 - httpx - INFO - HTTP Request: HEAD https://huggingface.co/microsoft/deberta-v3-base/resolve/refs%2Fpr%2F14/model.safetensors.index.json "HTTP/1.1 404 Not Found"
[transformers] [1mDebertaV2Model LOAD REPORT[0m from: microsoft/deberta-v3-base
Key                                     | Status     |  | 
----------------------------------------+------------+--+-
lm_predictions.lm_head.dense.bias       | UNEXPECTED |  | 
mask_predictions.LayerNorm.bias         | UNEXPECTED |  | 
mask_predictions.classifier.weight      | UNEXPECTED |  | 
mask_predictions.classifier.bias        | UNEXPECTED |  | 
lm_predictions.lm_head.dense.weight     | UNEXPECTED |  | 
lm_predictions.lm_head.LayerNorm.bias   | UNEXPECTED |  | 
lm_predictions.lm_head.bias             | UNEXPECTED |  | 
mask_predictions.LayerNorm.weight       | UNEXPECTED |  | 
lm_predictions.lm_head.LayerNorm.weight | UNEXPECTED |  | 
mask_predictions.dense.bias             | UNEXPECTED |  | 
mask_predictions.dense.weight           | UNEXPECTED |  | 

Notes:
- UNEXPECTED:	can be ignored when loading from different task/architecture; not ok if you expect identical arch.
2026-05-08 04:16:11,182 - httpx - INFO - HTTP Request: HEAD https://huggingface.co/microsoft/deberta-v3-base/resolve/refs%2Fpr%2F14/model.safetensors "HTTP/1.1 302 Found"
2026-05-08 04:16:11,390 - httpx - INFO - HTTP Request: HEAD https://huggingface.co/microsoft/deberta-v3-base/resolve/main/config.json "HTTP/1.1 307 Temporary Redirect"
2026-05-08 04:16:11,397 - httpx - INFO - HTTP Request: HEAD https://huggingface.co/api/resolve-cache/models/microsoft/deberta-v3-base/8ccc9b6f36199bec6961081d44eb72fb3f7353f3/config.json "HTTP/1.1 200 OK"
2026-05-08 04:16:11,912 - __main__ - INFO -   Parameters: 183,832,326 trainable, 183,832,326 total
2026-05-08 04:16:11,912 - __main__ - INFO -   BERT hidden size: 768
2026-05-08 04:16:11,912 - __main__ - INFO -   Combined size: 773
2026-05-08 04:16:11,913 - __main__ - INFO - Created AdamW optimizer with lr=5e-05
2026-05-08 04:16:11,913 - __main__ - INFO - Created scheduler with 628 warmup steps (10% of 6285 total steps)
2026-05-08 04:16:11,913 - __main__ - INFO - Starting training from epoch 1...
2026-05-08 04:16:11,913 - __main__ - INFO - ================================================================================
2026-05-08 04:16:11,913 - __main__ - INFO - Epoch 1/3
2026-05-08 04:16:11,913 - __main__ - INFO - --------------------------------------------------------------------------------
2026-05-08 04:16:11,914 - __main__ - INFO - Epoch 1: Peak memory stats reset.
2026-05-08 04:16:11,914 - __main__ - INFO - Starting epoch 1 with 2095 batches
2026-05-08 04:16:12,076 - __main__ - INFO -   [Epoch 1 Batch 0 SANITY CHECK]
2026-05-08 04:16:12,076 - __main__ - INFO -     input_ids shape : [8, 15, 128]  (batch x max_C x seq_len)
2026-05-08 04:16:12,076 - __main__ - INFO -     features shape  : [8, 15, 5]
2026-05-08 04:16:12,077 - __main__ - INFO -     labels shape    : [8]
2026-05-08 04:16:12,077 - __main__ - INFO -     Candidate counts per sample: min=12 max=15 mean=13.9
2026-05-08 04:16:12,078 - __main__ - INFO -     Label values: [14, 11, 14, 13, 11, 14, 14, 12]
2026-05-08 04:16:12,078 - __main__ - INFO -     Label distribution (this batch): {11: 2, 12: 1, 13: 1, 14: 4}
2026-05-08 04:16:13,044 - __main__ - INFO -   Epoch 1 Batch 0 gradient norm: 3.9544
2026-05-08 04:16:13,249 - __main__ - ERROR -   Batch 2: NaN or Inf loss detected! Skipping batch.
2026-05-08 04:16:13,309 - __main__ - ERROR -   Batch 3: NaN or Inf loss detected! Skipping batch.
2026-05-08 04:16:13,370 - __main__ - ERROR -   Batch 4: NaN or Inf loss detected! Skipping batch.
2026-05-08 04:16:13,430 - __main__ - ERROR -   Batch 5: NaN or Inf loss detected! Skipping batch.
2026-05-08 04:16:13,490 - __main__ - ERROR -   Batch 6: NaN or Inf loss detected! Skipping batch.
2026-05-08 04:16:13,550 - __main__ - ERROR -   Batch 7: NaN or Inf loss detected! Skipping batch.
2026-05-08 04:16:13,611 - __main__ - ERROR -   Batch 8: NaN or Inf loss detected! Skipping batch.
2026-05-08 04:16:13,671 - __main__ - ERROR -   Batch 9: NaN or Inf loss detected! Skipping batch.
2026-05-08 04:16:13,732 - __main__ - ERROR -   Batch 10: NaN or Inf loss detected! Skipping batch.
2026-05-08 04:16:13,792 - __main__ - ERROR -   Batch 11: NaN or Inf loss detected! Skipping batch.
2026-05-08 04:16:13,853 - __main__ - ERROR -   Batch 12: NaN or Inf loss detected! Skipping batch.
2026-05-08 04:16:13,913 - __main__ - ERROR -   Batch 13: NaN or Inf loss detected! Skipping batch.
2026-05-08 04:16:13,973 - __main__ - ERROR -   Batch 14: NaN or Inf loss detected! Skipping batch.
2026-05-08 04:16:14,035 - __main__ - ERROR -   Batch 15: NaN or Inf loss detected! Skipping batch.
2026-05-08 04:16:14,090 - __main__ - ERROR -   Batch 16: NaN or Inf loss detected! Skipping batch.
2026-05-08 04:16:14,145 - __main__ - ERROR -   Batch 17: NaN or Inf loss detected! Skipping batch.
2026-05-08 04:16:14,206 - __main__ - ERROR -   Batch 18: NaN or Inf loss detected! Skipping batch.
2026-05-08 04:16:14,266 - __main__ - ERROR -   Batch 19: NaN or Inf loss detected! Skipping batch.
2026-05-08 04:16:14,327 - __main__ - ERROR -   Batch 20: NaN or Inf loss detected! Skipping batch.
2026-05-08 04:16:14,387 - __main__ - ERROR -   Batch 21: NaN or Inf loss detected! Skipping batch.
2026-05-08 04:16:14,450 - __main__ - ERROR -   Batch 22: NaN or Inf loss detected! Skipping batch.
2026-05-08 04:16:14,511 - __main__ - ERROR -   Batch 23: NaN or Inf loss detected! Skipping batch.
2026-05-08 04:16:14,571 - __main__ - ERROR -   Batch 24: NaN or Inf loss detected! Skipping batch.
2026-05-08 04:16:14,631 - __main__ - ERROR -   Batch 25: NaN or Inf loss detected! Skipping batch.
2026-05-08 04:16:14,691 - __main__ - ERROR -   Batch 26: NaN or Inf loss detected! Skipping batch.
2026-05-08 04:16:14,751 - __main__ - ERROR -   Batch 27: NaN or Inf loss detected! Skipping batch.
2026-05-08 04:16:14,811 - __main__ - ERROR -   Batch 28: NaN or Inf loss detected! Skipping batch.
2026-05-08 04:16:14,871 - __main__ - ERROR -   Batch 29: NaN or Inf loss detected! Skipping batch.
2026-05-08 04:16:14,931 - __main__ - ERROR -   Batch 30: NaN or Inf loss detected! Skipping batch.
2026-05-08 04:16:14,992 - __main__ - ERROR -   Batch 31: NaN or Inf loss detected! Skipping batch.
2026-05-08 04:16:15,052 - __main__ - ERROR -   Batch 32: NaN or Inf loss detected! Skipping batch.
2026-05-08 04:16:15,112 - __main__ - ERROR -   Batch 33: NaN or Inf loss detected! Skipping batch.
2026-05-08 04:16:15,172 - __main__ - ERROR -   Batch 34: NaN or Inf loss detected! Skipping batch.
2026-05-08 04:16:15,232 - __main__ - ERROR -   Batch 35: NaN or Inf loss detected! Skipping batch.
2026-05-08 04:16:15,292 - __main__ - ERROR -   Batch 36: NaN or Inf loss detected! Skipping batch.
2026-05-08 04:16:15,353 - __main__ - ERROR -   Batch 37: NaN or Inf loss detected! Skipping batch.
2026-05-08 04:16:15,413 - __main__ - ERROR -   Batch 38: NaN or Inf loss detected! Skipping batch.
2026-05-08 04:16:15,474 - __main__ - ERROR -   Batch 39: NaN or Inf loss detected! Skipping batch.
2026-05-08 04:16:15,534 - __main__ - ERROR -   Batch 40: NaN or Inf loss detected! Skipping batch.
2026-05-08 04:16:15,594 - __main__ - ERROR -   Batch 41: NaN or Inf loss detected! Skipping batch.
2026-05-08 04:16:15,654 - __main__ - ERROR -   Batch 42: NaN or Inf loss detected! Skipping batch.
2026-05-08 04:16:15,714 - __main__ - ERROR -   Batch 43: NaN or Inf loss detected! Skipping batch.
2026-05-08 04:16:15,775 - __main__ - ERROR -   Batch 44: NaN or Inf loss detected! Skipping batch.
2026-05-08 04:16:15,835 - __main__ - ERROR -   Batch 45: NaN or Inf loss detected! Skipping batch.
2026-05-08 04:16:15,895 - __main__ - ERROR -   Batch 46: NaN or Inf loss detected! Skipping batch.
2026-05-08 04:16:15,945 - __main__ - ERROR -   Batch 47: NaN or Inf loss detected! Skipping batch.
2026-05-08 04:16:16,005 - __main__ - ERROR -   Batch 48: NaN or Inf loss detected! Skipping batch.
2026-05-08 04:16:16,066 - __main__ - ERROR -   Batch 49: NaN or Inf loss detected! Skipping batch.
2026-05-08 04:16:16,126 - __main__ - ERROR -   Batch 50: NaN or Inf loss detected! Skipping batch.
2026-05-08 04:16:16,186 - __main__ - ERROR -   Batch 51: NaN or Inf loss detected! Skipping batch.
2026-05-08 04:16:16,246 - __main__ - ERROR -   Batch 52: NaN or Inf loss detected! Skipping batch.
2026-05-08 04:16:16,301 - __main__ - ERROR -   Batch 53: NaN or Inf loss detected! Skipping batch.
2026-05-08 04:16:16,351 - __main__ - ERROR -   Batch 54: NaN or Inf loss detected! Skipping batch.
2026-05-08 04:16:16,411 - __main__ - ERROR -   Batch 55: NaN or Inf loss detected! Skipping batch.
2026-05-08 04:16:16,471 - __main__ - ERROR -   Batch 56: NaN or Inf loss detected! Skipping batch.
2026-05-08 04:16:16,531 - __main__ - ERROR -   Batch 57: NaN or Inf loss detected! Skipping batch.
2026-05-08 04:16:16,587 - __main__ - ERROR -   Batch 58: NaN or Inf loss detected! Skipping batch.
2026-05-08 04:16:16,646 - __main__ - ERROR -   Batch 59: NaN or Inf loss detected! Skipping batch.
2026-05-08 04:16:16,706 - __main__ - ERROR -   Batch 60: NaN or Inf loss detected! Skipping batch.
2026-05-08 04:16:16,766 - __main__ - ERROR -   Batch 61: NaN or Inf loss detected! Skipping batch.
2026-05-08 04:16:16,827 - __main__ - ERROR -   Batch 62: NaN or Inf loss detected! Skipping batch.
2026-05-08 04:16:16,887 - __main__ - ERROR -   Batch 63: NaN or Inf loss detected! Skipping batch.
2026-05-08 04:16:16,947 - __main__ - ERROR -   Batch 64: NaN or Inf loss detected! Skipping batch.
2026-05-08 04:16:17,007 - __main__ - ERROR -   Batch 65: NaN or Inf loss detected! Skipping batch.
2026-05-08 04:16:17,068 - __main__ - ERROR -   Batch 66: NaN or Inf loss detected! Skipping batch.
2026-05-08 04:16:17,131 - __main__ - ERROR -   Batch 67: NaN or Inf loss detected! Skipping batch.
2026-05-08 04:16:17,191 - __main__ - ERROR -   Batch 68: NaN or Inf loss detected! Skipping batch.
2026-05-08 04:16:17,252 - __main__ - ERROR -   Batch 69: NaN or Inf loss detected! Skipping batch.
2026-05-08 04:16:17,312 - __main__ - ERROR -   Batch 70: NaN or Inf loss detected! Skipping batch.
2026-05-08 04:16:17,372 - __main__ - ERROR -   Batch 71: NaN or Inf loss detected! Skipping batch.
2026-05-08 04:16:17,432 - __main__ - ERROR -   Batch 72: NaN or Inf loss detected! Skipping batch.
2026-05-08 04:16:17,492 - __main__ - ERROR -   Batch 73: NaN or Inf loss detected! Skipping batch.
2026-05-08 04:16:17,552 - __main__ - ERROR -   Batch 74: NaN or Inf loss detected! Skipping batch.
2026-05-08 04:16:17,613 - __main__ - ERROR -   Batch 75: NaN or Inf loss detected! Skipping batch.
2026-05-08 04:16:17,673 - __main__ - ERROR -   Batch 76: NaN or Inf loss detected! Skipping batch.
2026-05-08 04:16:17,734 - __main__ - ERROR -   Batch 77: NaN or Inf loss detected! Skipping batch.
2026-05-08 04:16:17,793 - __main__ - ERROR -   Batch 78: NaN or Inf loss detected! Skipping batch.
2026-05-08 04:16:17,854 - __main__ - ERROR -   Batch 79: NaN or Inf loss detected! Skipping batch.
2026-05-08 04:16:17,914 - __main__ - ERROR -   Batch 80: NaN or Inf loss detected! Skipping batch.
2026-05-08 04:16:17,974 - __main__ - ERROR -   Batch 81: NaN or Inf loss detected! Skipping batch.
2026-05-08 04:16:18,034 - __main__ - ERROR -   Batch 82: NaN or Inf loss detected! Skipping batch.
2026-05-08 04:16:18,094 - __main__ - ERROR -   Batch 83: NaN or Inf loss detected! Skipping batch.
2026-05-08 04:16:18,154 - __main__ - ERROR -   Batch 84: NaN or Inf loss detected! Skipping batch.
2026-05-08 04:16:18,215 - __main__ - ERROR -   Batch 85: NaN or Inf loss detected! Skipping batch.
2026-05-08 04:16:18,275 - __main__ - ERROR -   Batch 86: NaN or Inf loss detected! Skipping batch.
2026-05-08 04:16:18,334 - __main__ - ERROR -   Batch 87: NaN or Inf loss detected! Skipping batch.
2026-05-08 04:16:18,395 - __main__ - ERROR -   Batch 88: NaN or Inf loss detected! Skipping batch.
2026-05-08 04:16:18,459 - __main__ - ERROR -   Batch 89: NaN or Inf loss detected! Skipping batch.
2026-05-08 04:16:18,519 - __main__ - ERROR -   Batch 90: NaN or Inf loss detected! Skipping batch.
2026-05-08 04:16:18,579 - __main__ - ERROR -   Batch 91: NaN or Inf loss detected! Skipping batch.
2026-05-08 04:16:18,640 - __main__ - ERROR -   Batch 92: NaN or Inf loss detected! Skipping batch.
2026-05-08 04:16:18,700 - __main__ - ERROR -   Batch 93: NaN or Inf loss detected! Skipping batch.
2026-05-08 04:16:18,760 - __main__ - ERROR -   Batch 94: NaN or Inf loss detected! Skipping batch.
2026-05-08 04:16:18,821 - __main__ - ERROR -   Batch 95: NaN or Inf loss detected! Skipping batch.
2026-05-08 04:16:18,882 - __main__ - ERROR -   Batch 96: NaN or Inf loss detected! Skipping batch.
2026-05-08 04:16:18,943 - __main__ - ERROR -   Batch 97: NaN or Inf loss detected! Skipping batch.
2026-05-08 04:16:19,475 - __main__ - ERROR -   Batch 98: NaN or Inf loss detected! Skipping batch.
2026-05-08 04:16:19,526 - __main__ - ERROR -   Batch 99: NaN or Inf loss detected! Skipping batch.
2026-05-08 04:16:19,587 - __main__ - ERROR -   Batch 100: NaN or Inf loss detected! Skipping batch.
2026-05-08 04:16:19,647 - __main__ - ERROR -   Batch 101: NaN or Inf loss detected! Skipping batch.
2026-05-08 04:16:19,706 - __main__ - ERROR -   Batch 102: NaN or Inf loss detected! Skipping batch.
2026-05-08 04:16:19,769 - __main__ - ERROR -   Batch 103: NaN or Inf loss detected! Skipping batch.
2026-05-08 04:16:19,829 - __main__ - ERROR -   Batch 104: NaN or Inf loss detected! Skipping batch.
2026-05-08 04:16:19,889 - __main__ - ERROR -   Batch 105: NaN or Inf loss detected! Skipping batch.
2026-05-08 04:16:19,949 - __main__ - ERROR -   Batch 106: NaN or Inf loss detected! Skipping batch.
2026-05-08 04:16:20,010 - __main__ - ERROR -   Batch 107: NaN or Inf loss detected! Skipping batch.
2026-05-08 04:16:20,070 - __main__ - ERROR -   Batch 108: NaN or Inf loss detected! Skipping batch.
2026-05-08 04:16:20,130 - __main__ - ERROR -   Batch 109: NaN or Inf loss detected! Skipping batch.
2026-05-08 04:16:20,190 - __main__ - ERROR -   Batch 110: NaN or Inf loss detected! Skipping batch.
2026-05-08 04:16:20,250 - __main__ - ERROR -   Batch 111: NaN or Inf loss detected! Skipping batch.
2026-05-08 04:16:20,304 - __main__ - ERROR -   Batch 112: NaN or Inf loss detected! Skipping batch.
2026-05-08 04:16:20,359 - __main__ - ERROR -   Batch 113: NaN or Inf loss detected! Skipping batch.
2026-05-08 04:16:20,419 - __main__ - ERROR -   Batch 114: NaN or Inf loss detected! Skipping batch.
2026-05-08 04:16:20,479 - __main__ - ERROR -   Batch 115: NaN or Inf loss detected! Skipping batch.
2026-05-08 04:16:20,539 - __main__ - ERROR -   Batch 116: NaN or Inf loss detected! Skipping batch.
2026-05-08 04:16:20,599 - __main__ - ERROR -   Batch 117: NaN or Inf loss detected! Skipping batch.
2026-05-08 04:16:20,659 - __main__ - ERROR -   Batch 118: NaN or Inf loss detected! Skipping batch.
2026-05-08 04:16:20,709 - __main__ - ERROR -   Batch 119: NaN or Inf loss detected! Skipping batch.
2026-05-08 04:16:20,769 - __main__ - ERROR -   Batch 120: NaN or Inf loss detected! Skipping batch.
2026-05-08 04:16:20,832 - __main__ - ERROR -   Batch 121: NaN or Inf loss detected! Skipping batch.
2026-05-08 04:16:20,892 - __main__ - ERROR -   Batch 122: NaN or Inf loss detected! Skipping batch.
2026-05-08 04:16:20,952 - __main__ - ERROR -   Batch 123: NaN or Inf loss detected! Skipping batch.
2026-05-08 04:16:21,012 - __main__ - ERROR -   Batch 124: NaN or Inf loss detected! Skipping batch.
2026-05-08 04:16:21,072 - __main__ - ERROR -   Batch 125: NaN or Inf loss detected! Skipping batch.
2026-05-08 04:16:21,132 - __main__ - ERROR -   Batch 126: NaN or Inf loss detected! Skipping batch.
2026-05-08 04:16:21,192 - __main__ - ERROR -   Batch 127: NaN or Inf loss detected! Skipping batch.
2026-05-08 04:16:21,252 - __main__ - ERROR -   Batch 128: NaN or Inf loss detected! Skipping batch.
2026-05-08 04:16:21,313 - __main__ - ERROR -   Batch 129: NaN or Inf loss detected! Skipping batch.
2026-05-08 04:16:21,373 - __main__ - ERROR -   Batch 130: NaN or Inf loss detected! Skipping batch.
2026-05-08 04:16:21,434 - __main__ - ERROR -   Batch 131: NaN or Inf loss detected! Skipping batch.
2026-05-08 04:16:21,494 - __main__ - ERROR -   Batch 132: NaN or Inf loss detected! Skipping batch.
2026-05-08 04:16:21,556 - __main__ - ERROR -   Batch 133: NaN or Inf loss detected! Skipping batch.
2026-05-08 04:16:21,616 - __main__ - ERROR -   Batch 134: NaN or Inf loss detected! Skipping batch.
2026-05-08 04:16:21,676 - __main__ - ERROR -   Batch 135: NaN or Inf loss detected! Skipping batch.
2026-05-08 04:16:21,736 - __main__ - ERROR -   Batch 136: NaN or Inf loss detected! Skipping batch.
2026-05-08 04:16:21,796 - __main__ - ERROR -   Batch 137: NaN or Inf loss detected! Skipping batch.
2026-05-08 04:16:21,856 - __main__ - ERROR -   Batch 138: NaN or Inf loss detected! Skipping batch.
2026-05-08 04:16:21,917 - __main__ - ERROR -   Batch 139: NaN or Inf loss detected! Skipping batch.
2026-05-08 04:16:21,976 - __main__ - ERROR -   Batch 140: NaN or Inf loss detected! Skipping batch.
2026-05-08 04:16:22,036 - __main__ - ERROR -   Batch 141: NaN or Inf loss detected! Skipping batch.
2026-05-08 04:16:22,096 - __main__ - ERROR -   Batch 142: NaN or Inf loss detected! Skipping batch.
2026-05-08 04:16:22,158 - __main__ - ERROR -   Batch 143: NaN or Inf loss detected! Skipping batch.
2026-05-08 04:16:22,218 - __main__ - ERROR -   Batch 144: NaN or Inf loss detected! Skipping batch.
2026-05-08 04:16:22,278 - __main__ - ERROR -   Batch 145: NaN or Inf loss detected! Skipping batch.
2026-05-08 04:16:22,338 - __main__ - ERROR -   Batch 146: NaN or Inf loss detected! Skipping batch.
2026-05-08 04:16:22,399 - __main__ - ERROR -   Batch 147: NaN or Inf loss detected! Skipping batch.
2026-05-08 04:16:22,458 - __main__ - ERROR -   Batch 148: NaN or Inf loss detected! Skipping batch.
2026-05-08 04:16:22,519 - __main__ - ERROR -   Batch 149: NaN or Inf loss detected! Skipping batch.
2026-05-08 04:16:22,579 - __main__ - ERROR -   Batch 150: NaN or Inf loss detected! Skipping batch.
2026-05-08 04:16:22,639 - __main__ - ERROR -   Batch 151: NaN or Inf loss detected! Skipping batch.
2026-05-08 04:16:22,699 - __main__ - ERROR -   Batch 152: NaN or Inf loss detected! Skipping batch.
2026-05-08 04:16:22,761 - __main__ - ERROR -   Batch 153: NaN or Inf loss detected! Skipping batch.
2026-05-08 04:16:22,822 - __main__ - ERROR -   Batch 154: NaN or Inf loss detected! Skipping batch.
2026-05-08 04:16:22,881 - __main__ - ERROR -   Batch 155: NaN or Inf loss detected! Skipping batch.
2026-05-08 04:16:22,941 - __main__ - ERROR -   Batch 156: NaN or Inf loss detected! Skipping batch.
2026-05-08 04:16:23,002 - __main__ - ERROR -   Batch 157: NaN or Inf loss detected! Skipping batch.
2026-05-08 04:16:23,062 - __main__ - ERROR -   Batch 158: NaN or Inf loss detected! Skipping batch.
2026-05-08 04:16:23,122 - __main__ - ERROR -   Batch 159: NaN or Inf loss detected! Skipping batch.
2026-05-08 04:16:23,182 - __main__ - ERROR -   Batch 160: NaN or Inf loss detected! Skipping batch.
2026-05-08 04:16:23,242 - __main__ - ERROR -   Batch 161: NaN or Inf loss detected! Skipping batch.
2026-05-08 04:16:23,302 - __main__ - ERROR -   Batch 162: NaN or Inf loss detected! Skipping batch.
2026-05-08 04:16:23,357 - __main__ - ERROR -   Batch 163: NaN or Inf loss detected! Skipping batch.
2026-05-08 04:16:23,416 - __main__ - ERROR -   Batch 164: NaN or Inf loss detected! Skipping batch.
2026-05-08 04:16:23,476 - __main__ - ERROR -   Batch 165: NaN or Inf loss detected! Skipping batch.
2026-05-08 04:16:23,531 - __main__ - ERROR -   Batch 166: NaN or Inf loss detected! Skipping batch.
2026-05-08 04:16:23,591 - __main__ - ERROR -   Batch 167: NaN or Inf loss detected! Skipping batch.
2026-05-08 04:16:23,651 - __main__ - ERROR -   Batch 168: NaN or Inf loss detected! Skipping batch.
2026-05-08 04:16:23,706 - __main__ - ERROR -   Batch 169: NaN or Inf loss detected! Skipping batch.
2026-05-08 04:16:23,766 - __main__ - ERROR -   Batch 170: NaN or Inf loss detected! Skipping batch.
2026-05-08 04:16:23,826 - __main__ - ERROR -   Batch 171: NaN or Inf loss detected! Skipping batch.
2026-05-08 04:16:23,886 - __main__ - ERROR -   Batch 172: NaN or Inf loss detected! Skipping batch.
2026-05-08 04:16:23,945 - __main__ - ERROR -   Batch 173: NaN or Inf loss detected! Skipping batch.
2026-05-08 04:16:24,000 - __main__ - ERROR -   Batch 174: NaN or Inf loss detected! Skipping batch.
2026-05-08 04:16:24,055 - __main__ - ERROR -   Batch 175: NaN or Inf loss detected! Skipping batch.
2026-05-08 04:16:24,110 - __main__ - ERROR -   Batch 176: NaN or Inf loss detected! Skipping batch.
2026-05-08 04:16:24,165 - __main__ - ERROR -   Batch 177: NaN or Inf loss detected! Skipping batch.
2026-05-08 04:16:24,220 - __main__ - ERROR -   Batch 178: NaN or Inf loss detected! Skipping batch.
2026-05-08 04:16:24,280 - __main__ - ERROR -   Batch 179: NaN or Inf loss detected! Skipping batch.
2026-05-08 04:16:24,340 - __main__ - ERROR -   Batch 180: NaN or Inf loss detected! Skipping batch.
2026-05-08 04:16:24,390 - __main__ - ERROR -   Batch 181: NaN or Inf loss detected! Skipping batch.
2026-05-08 04:16:24,450 - __main__ - ERROR -   Batch 182: NaN or Inf loss detected! Skipping batch.
2026-05-08 04:16:24,510 - __main__ - ERROR -   Batch 183: NaN or Inf loss detected! Skipping batch.
2026-05-08 04:16:24,571 - __main__ - ERROR -   Batch 184: NaN or Inf loss detected! Skipping batch.
2026-05-08 04:16:24,631 - __main__ - ERROR -   Batch 185: NaN or Inf loss detected! Skipping batch.
2026-05-08 04:16:24,692 - __main__ - ERROR -   Batch 186: NaN or Inf loss detected! Skipping batch.
2026-05-08 04:16:24,752 - __main__ - ERROR -   Batch 187: NaN or Inf loss detected! Skipping batch.
2026-05-08 04:16:24,812 - __main__ - ERROR -   Batch 188: NaN or Inf loss detected! Skipping batch.
2026-05-08 04:16:24,873 - __main__ - ERROR -   Batch 189: NaN or Inf loss detected! Skipping batch.
2026-05-08 04:16:24,933 - __main__ - ERROR -   Batch 190: NaN or Inf loss detected! Skipping batch.
2026-05-08 04:16:24,993 - __main__ - ERROR -   Batch 191: NaN or Inf loss detected! Skipping batch.
2026-05-08 04:16:25,054 - __main__ - ERROR -   Batch 192: NaN or Inf loss detected! Skipping batch.
2026-05-08 04:16:25,113 - __main__ - ERROR -   Batch 193: NaN or Inf loss detected! Skipping batch.
2026-05-08 04:16:25,173 - __main__ - ERROR -   Batch 194: NaN or Inf loss detected! Skipping batch.
2026-05-08 04:16:25,234 - __main__ - ERROR -   Batch 195: NaN or Inf loss detected! Skipping batch.
2026-05-08 04:16:25,294 - __main__ - ERROR -   Batch 196: NaN or Inf loss detected! Skipping batch.
2026-05-08 04:16:25,354 - __main__ - ERROR -   Batch 197: NaN or Inf loss detected! Skipping batch.
2026-05-08 04:16:25,414 - __main__ - ERROR -   Batch 198: NaN or Inf loss detected! Skipping batch.
2026-05-08 04:16:25,474 - __main__ - ERROR -   Batch 199: NaN or Inf loss detected! Skipping batch.
2026-05-08 04:16:25,534 - __main__ - ERROR -   Batch 200: NaN or Inf loss detected! Skipping batch.
2026-05-08 04:16:25,594 - __main__ - ERROR -   Batch 201: NaN or Inf loss detected! Skipping batch.
2026-05-08 04:16:25,996 - __main__ - ERROR -   Batch 202: NaN or Inf loss detected! Skipping batch.
2026-05-08 04:16:26,057 - __main__ - ERROR -   Batch 203: NaN or Inf loss detected! Skipping batch.
2026-05-08 04:16:26,117 - __main__ - ERROR -   Batch 204: NaN or Inf loss detected! Skipping batch.
2026-05-08 04:16:26,178 - __main__ - ERROR -   Batch 205: NaN or Inf loss detected! Skipping batch.
2026-05-08 04:16:26,232 - __main__ - ERROR -   Batch 206: NaN or Inf loss detected! Skipping batch.
2026-05-08 04:16:26,283 - __main__ - ERROR -   Batch 207: NaN or Inf loss detected! Skipping batch.
2026-05-08 04:16:26,343 - __main__ - ERROR -   Batch 208: NaN or Inf loss detected! Skipping batch.
2026-05-08 04:16:26,403 - __main__ - ERROR -   Batch 209: NaN or Inf loss detected! Skipping batch.
2026-05-08 04:16:26,463 - __main__ - ERROR -   Batch 210: NaN or Inf loss detected! Skipping batch.
2026-05-08 04:16:26,523 - __main__ - ERROR -   Batch 211: NaN or Inf loss detected! Skipping batch.
2026-05-08 04:16:26,583 - __main__ - ERROR -   Batch 212: NaN or Inf loss detected! Skipping batch.
2026-05-08 04:16:26,643 - __main__ - ERROR -   Batch 213: NaN or Inf loss detected! Skipping batch.
2026-05-08 04:16:26,704 - __main__ - ERROR -   Batch 214: NaN or Inf loss detected! Skipping batch.
2026-05-08 04:16:26,764 - __main__ - ERROR -   Batch 215: NaN or Inf loss detected! Skipping batch.
2026-05-08 04:16:26,824 - __main__ - ERROR -   Batch 216: NaN or Inf loss detected! Skipping batch.
2026-05-08 04:16:26,884 - __main__ - ERROR -   Batch 217: NaN or Inf loss detected! Skipping batch.
2026-05-08 04:16:26,944 - __main__ - ERROR -   Batch 218: NaN or Inf loss detected! Skipping batch.
2026-05-08 04:16:27,004 - __main__ - ERROR -   Batch 219: NaN or Inf loss detected! Skipping batch.
2026-05-08 04:16:27,064 - __main__ - ERROR -   Batch 220: NaN or Inf loss detected! Skipping batch.
2026-05-08 04:16:27,124 - __main__ - ERROR -   Batch 221: NaN or Inf loss detected! Skipping batch.
2026-05-08 04:16:27,185 - __main__ - ERROR -   Batch 222: NaN or Inf loss detected! Skipping batch.
2026-05-08 04:16:27,245 - __main__ - ERROR -   Batch 223: NaN or Inf loss detected! Skipping batch.
2026-05-08 04:16:27,300 - __main__ - ERROR -   Batch 224: NaN or Inf loss detected! Skipping batch.
2026-05-08 04:16:27,354 - __main__ - ERROR -   Batch 225: NaN or Inf loss detected! Skipping batch.
2026-05-08 04:16:27,414 - __main__ - ERROR -   Batch 226: NaN or Inf loss detected! Skipping batch.
2026-05-08 04:16:27,474 - __main__ - ERROR -   Batch 227: NaN or Inf loss detected! Skipping batch.
2026-05-08 04:16:27,534 - __main__ - ERROR -   Batch 228: NaN or Inf loss detected! Skipping batch.
2026-05-08 04:16:27,594 - __main__ - ERROR -   Batch 229: NaN or Inf loss detected! Skipping batch.
2026-05-08 04:16:27,655 - __main__ - ERROR -   Batch 230: NaN or Inf loss detected! Skipping batch.
2026-05-08 04:16:27,716 - __main__ - ERROR -   Batch 231: NaN or Inf loss detected! Skipping batch.
2026-05-08 04:16:27,776 - __main__ - ERROR -   Batch 232: NaN or Inf loss detected! Skipping batch.
2026-05-08 04:16:27,831 - __main__ - ERROR -   Batch 233: NaN or Inf loss detected! Skipping batch.
2026-05-08 04:16:27,885 - __main__ - ERROR -   Batch 234: NaN or Inf loss detected! Skipping batch.
2026-05-08 04:16:27,945 - __main__ - ERROR -   Batch 235: NaN or Inf loss detected! Skipping batch.
2026-05-08 04:16:28,005 - __main__ - ERROR -   Batch 236: NaN or Inf loss detected! Skipping batch.
2026-05-08 04:16:28,066 - __main__ - ERROR -   Batch 237: NaN or Inf loss detected! Skipping batch.
2026-05-08 04:16:28,126 - __main__ - ERROR -   Batch 238: NaN or Inf loss detected! Skipping batch.
2026-05-08 04:16:28,186 - __main__ - ERROR -   Batch 239: NaN or Inf loss detected! Skipping batch.
2026-05-08 04:16:28,246 - __main__ - ERROR -   Batch 240: NaN or Inf loss detected! Skipping batch.
2026-05-08 04:16:28,296 - __main__ - ERROR -   Batch 241: NaN or Inf loss detected! Skipping batch.
2026-05-08 04:16:28,356 - __main__ - ERROR -   Batch 242: NaN or Inf loss detected! Skipping batch.
2026-05-08 04:16:28,416 - __main__ - ERROR -   Batch 243: NaN or Inf loss detected! Skipping batch.
2026-05-08 04:16:28,476 - __main__ - ERROR -   Batch 244: NaN or Inf loss detected! Skipping batch.
2026-05-08 04:16:28,537 - __main__ - ERROR -   Batch 245: NaN or Inf loss detected! Skipping batch.
2026-05-08 04:16:28,597 - __main__ - ERROR -   Batch 246: NaN or Inf loss detected! Skipping batch.
2026-05-08 04:16:28,657 - __main__ - ERROR -   Batch 247: NaN or Inf loss detected! Skipping batch.
2026-05-08 04:16:28,717 - __main__ - ERROR -   Batch 248: NaN or Inf loss detected! Skipping batch.
2026-05-08 04:16:28,777 - __main__ - ERROR -   Batch 249: NaN or Inf loss detected! Skipping batch.
2026-05-08 04:16:28,837 - __main__ - ERROR -   Batch 250: NaN or Inf loss detected! Skipping batch.
2026-05-08 04:16:28,892 - __main__ - ERROR -   Batch 251: NaN or Inf loss detected! Skipping batch.
2026-05-08 04:16:28,947 - __main__ - ERROR -   Batch 252: NaN or Inf loss detected! Skipping batch.
2026-05-08 04:16:29,007 - __main__ - ERROR -   Batch 253: NaN or Inf loss detected! Skipping batch.
2026-05-08 04:16:29,067 - __main__ - ERROR -   Batch 254: NaN or Inf loss detected! Skipping batch.
2026-05-08 04:16:29,127 - __main__ - ERROR -   Batch 255: NaN or Inf loss detected! Skipping batch.
2026-05-08 04:16:29,187 - __main__ - ERROR -   Batch 256: NaN or Inf loss detected! Skipping batch.
2026-05-08 04:16:29,247 - __main__ - ERROR -   Batch 257: NaN or Inf loss detected! Skipping batch.
2026-05-08 04:16:29,307 - __main__ - ERROR -   Batch 258: NaN or Inf loss detected! Skipping batch.
2026-05-08 04:16:29,368 - __main__ - ERROR -   Batch 259: NaN or Inf loss detected! Skipping batch.
2026-05-08 04:16:29,428 - __main__ - ERROR -   Batch 260: NaN or Inf loss detected! Skipping batch.
2026-05-08 04:16:29,487 - __main__ - ERROR -   Batch 261: NaN or Inf loss detected! Skipping batch.
2026-05-08 04:16:29,548 - __main__ - ERROR -   Batch 262: NaN or Inf loss detected! Skipping batch.
2026-05-08 04:16:29,608 - __main__ - ERROR -   Batch 263: NaN or Inf loss detected! Skipping batch.
2026-05-08 04:16:29,668 - __main__ - ERROR -   Batch 264: NaN or Inf loss detected! Skipping batch.
2026-05-08 04:16:29,728 - __main__ - ERROR -   Batch 265: NaN or Inf loss detected! Skipping batch.
2026-05-08 04:16:29,788 - __main__ - ERROR -   Batch 266: NaN or Inf loss detected! Skipping batch.
2026-05-08 04:16:29,849 - __main__ - ERROR -   Batch 267: NaN or Inf loss detected! Skipping batch.
2026-05-08 04:16:29,909 - __main__ - ERROR -   Batch 268: NaN or Inf loss detected! Skipping batch.
2026-05-08 04:16:29,969 - __main__ - ERROR -   Batch 269: NaN or Inf loss detected! Skipping batch.
2026-05-08 04:16:30,029 - __main__ - ERROR -   Batch 270: NaN or Inf loss detected! Skipping batch.
2026-05-08 04:16:30,089 - __main__ - ERROR -   Batch 271: NaN or Inf loss detected! Skipping batch.
2026-05-08 04:16:30,149 - __main__ - ERROR -   Batch 272: NaN or Inf loss detected! Skipping batch.
2026-05-08 04:16:30,209 - __main__ - ERROR -   Batch 273: NaN or Inf loss detected! Skipping batch.
2026-05-08 04:16:30,264 - __main__ - ERROR -   Batch 274: NaN or Inf loss detected! Skipping batch.
2026-05-08 04:16:30,323 - __main__ - ERROR -   Batch 275: NaN or Inf loss detected! Skipping batch.
2026-05-08 04:16:30,384 - __main__ - ERROR -   Batch 276: NaN or Inf loss detected! Skipping batch.
2026-05-08 04:16:30,444 - __main__ - ERROR -   Batch 277: NaN or Inf loss detected! Skipping batch.
2026-05-08 04:16:30,504 - __main__ - ERROR -   Batch 278: NaN or Inf loss detected! Skipping batch.
2026-05-08 04:16:30,565 - __main__ - ERROR -   Batch 279: NaN or Inf loss detected! Skipping batch.
2026-05-08 04:16:30,625 - __main__ - ERROR -   Batch 280: NaN or Inf loss detected! Skipping batch.
2026-05-08 04:16:30,685 - __main__ - ERROR -   Batch 281: NaN or Inf loss detected! Skipping batch.
2026-05-08 04:16:30,746 - __main__ - ERROR -   Batch 282: NaN or Inf loss detected! Skipping batch.
2026-05-08 04:16:30,807 - __main__ - ERROR -   Batch 283: NaN or Inf loss detected! Skipping batch.
2026-05-08 04:16:30,867 - __main__ - ERROR -   Batch 284: NaN or Inf loss detected! Skipping batch.
2026-05-08 04:16:30,927 - __main__ - ERROR -   Batch 285: NaN or Inf loss detected! Skipping batch.
2026-05-08 04:16:30,987 - __main__ - ERROR -   Batch 286: NaN or Inf loss detected! Skipping batch.
2026-05-08 04:16:31,047 - __main__ - ERROR -   Batch 287: NaN or Inf loss detected! Skipping batch.
2026-05-08 04:16:31,107 - __main__ - ERROR -   Batch 288: NaN or Inf loss detected! Skipping batch.
2026-05-08 04:16:31,168 - __main__ - ERROR -   Batch 289: NaN or Inf loss detected! Skipping batch.
2026-05-08 04:16:31,228 - __main__ - ERROR -   Batch 290: NaN or Inf loss detected! Skipping batch.
2026-05-08 04:16:31,288 - __main__ - ERROR -   Batch 291: NaN or Inf loss detected! Skipping batch.
2026-05-08 04:16:31,348 - __main__ - ERROR -   Batch 292: NaN or Inf loss detected! Skipping batch.
2026-05-08 04:16:31,408 - __main__ - ERROR -   Batch 293: NaN or Inf loss detected! Skipping batch.
2026-05-08 04:16:31,468 - __main__ - ERROR -   Batch 294: NaN or Inf loss detected! Skipping batch.
2026-05-08 04:16:31,529 - __main__ - ERROR -   Batch 295: NaN or Inf loss detected! Skipping batch.
2026-05-08 04:16:31,589 - __main__ - ERROR -   Batch 296: NaN or Inf loss detected! Skipping batch.
2026-05-08 04:16:31,644 - __main__ - ERROR -   Batch 297: NaN or Inf loss detected! Skipping batch.
2026-05-08 04:16:31,704 - __main__ - ERROR -   Batch 298: NaN or Inf loss detected! Skipping batch.
2026-05-08 04:16:31,763 - __main__ - ERROR -   Batch 299: NaN or Inf loss detected! Skipping batch.
2026-05-08 04:16:31,824 - __main__ - ERROR -   Batch 300: NaN or Inf loss detected! Skipping batch.
2026-05-08 04:16:31,879 - __main__ - ERROR -   Batch 301: NaN or Inf loss detected! Skipping batch.
2026-05-08 04:16:31,939 - __main__ - ERROR -   Batch 302: NaN or Inf loss detected! Skipping batch.
2026-05-08 04:16:31,999 - __main__ - ERROR -   Batch 303: NaN or Inf loss detected! Skipping batch.
2026-05-08 04:16:32,060 - __main__ - ERROR -   Batch 304: NaN or Inf loss detected! Skipping batch.
2026-05-08 04:16:32,119 - __main__ - ERROR -   Batch 305: NaN or Inf loss detected! Skipping batch.
2026-05-08 04:16:32,179 - __main__ - ERROR -   Batch 306: NaN or Inf loss detected! Skipping batch.
2026-05-08 04:16:32,240 - __main__ - ERROR -   Batch 307: NaN or Inf loss detected! Skipping batch.
2026-05-08 04:16:32,300 - __main__ - ERROR -   Batch 308: NaN or Inf loss detected! Skipping batch.
2026-05-08 04:16:32,360 - __main__ - ERROR -   Batch 309: NaN or Inf loss detected! Skipping batch.
2026-05-08 04:16:32,421 - __main__ - ERROR -   Batch 310: NaN or Inf loss detected! Skipping batch.
2026-05-08 04:16:32,481 - __main__ - ERROR -   Batch 311: NaN or Inf loss detected! Skipping batch.
2026-05-08 04:16:32,541 - __main__ - ERROR -   Batch 312: NaN or Inf loss detected! Skipping batch.
2026-05-08 04:16:32,601 - __main__ - ERROR -   Batch 313: NaN or Inf loss detected! Skipping batch.
2026-05-08 04:16:32,661 - __main__ - ERROR -   Batch 314: NaN or Inf loss detected! Skipping batch.
2026-05-08 04:16:32,716 - __main__ - ERROR -   Batch 315: NaN or Inf loss detected! Skipping batch.
2026-05-08 04:16:32,776 - __main__ - ERROR -   Batch 316: NaN or Inf loss detected! Skipping batch.
2026-05-08 04:16:33,201 - __main__ - ERROR -   Batch 317: NaN or Inf loss detected! Skipping batch.
2026-05-08 04:16:33,262 - __main__ - ERROR -   Batch 318: NaN or Inf loss detected! Skipping batch.
2026-05-08 04:16:33,323 - __main__ - ERROR -   Batch 319: NaN or Inf loss detected! Skipping batch.
2026-05-08 04:16:33,383 - __main__ - ERROR -   Batch 320: NaN or Inf loss detected! Skipping batch.
2026-05-08 04:16:33,443 - __main__ - ERROR -   Batch 321: NaN or Inf loss detected! Skipping batch.
2026-05-08 04:16:33,503 - __main__ - ERROR -   Batch 322: NaN or Inf loss detected! Skipping batch.
2026-05-08 04:16:33,564 - __main__ - ERROR -   Batch 323: NaN or Inf loss detected! Skipping batch.
2026-05-08 04:16:33,625 - __main__ - ERROR -   Batch 324: NaN or Inf loss detected! Skipping batch.
2026-05-08 04:16:33,685 - __main__ - ERROR -   Batch 325: NaN or Inf loss detected! Skipping batch.
2026-05-08 04:16:33,745 - __main__ - ERROR -   Batch 326: NaN or Inf loss detected! Skipping batch.
2026-05-08 04:16:33,805 - __main__ - ERROR -   Batch 327: NaN or Inf loss detected! Skipping batch.
2026-05-08 04:16:33,865 - __main__ - ERROR -   Batch 328: NaN or Inf loss detected! Skipping batch.
2026-05-08 04:16:33,925 - __main__ - ERROR -   Batch 329: NaN or Inf loss detected! Skipping batch.
2026-05-08 04:16:33,985 - __main__ - ERROR -   Batch 330: NaN or Inf loss detected! Skipping batch.
2026-05-08 04:16:34,045 - __main__ - ERROR -   Batch 331: NaN or Inf loss detected! Skipping batch.
2026-05-08 04:16:34,106 - __main__ - ERROR -   Batch 332: NaN or Inf loss detected! Skipping batch.
2026-05-08 04:16:34,165 - __main__ - ERROR -   Batch 333: NaN or Inf loss detected! Skipping batch.
2026-05-08 04:16:34,226 - __main__ - ERROR -   Batch 334: NaN or Inf loss detected! Skipping batch.
2026-05-08 04:16:34,286 - __main__ - ERROR -   Batch 335: NaN or Inf loss detected! Skipping batch.
2026-05-08 04:16:34,345 - __main__ - ERROR -   Batch 336: NaN or Inf loss detected! Skipping batch.
2026-05-08 04:16:34,405 - __main__ - ERROR -   Batch 337: NaN or Inf loss detected! Skipping batch.
2026-05-08 04:16:34,465 - __main__ - ERROR -   Batch 338: NaN or Inf loss detected! Skipping batch.
2026-05-08 04:16:34,525 - __main__ - ERROR -   Batch 339: NaN or Inf loss detected! Skipping batch.
2026-05-08 04:16:34,586 - __main__ - ERROR -   Batch 340: NaN or Inf loss detected! Skipping batch.
2026-05-08 04:16:34,646 - __main__ - ERROR -   Batch 341: NaN or Inf loss detected! Skipping batch.
2026-05-08 04:16:34,696 - __main__ - ERROR -   Batch 342: NaN or Inf loss detected! Skipping batch.
2026-05-08 04:16:34,756 - __main__ - ERROR -   Batch 343: NaN or Inf loss detected! Skipping batch.
2026-05-08 04:16:34,816 - __main__ - ERROR -   Batch 344: NaN or Inf loss detected! Skipping batch.
2026-05-08 04:16:34,876 - __main__ - ERROR -   Batch 345: NaN or Inf loss detected! Skipping batch.
2026-05-08 04:16:34,936 - __main__ - ERROR -   Batch 346: NaN or Inf loss detected! Skipping batch.
2026-05-08 04:16:34,995 - __main__ - ERROR -   Batch 347: NaN or Inf loss detected! Skipping batch.
2026-05-08 04:16:35,056 - __main__ - ERROR -   Batch 348: NaN or Inf loss detected! Skipping batch.
2026-05-08 04:16:35,116 - __main__ - ERROR -   Batch 349: NaN or Inf loss detected! Skipping batch.
2026-05-08 04:16:35,176 - __main__ - ERROR -   Batch 350: NaN or Inf loss detected! Skipping batch.
2026-05-08 04:16:35,237 - __main__ - ERROR -   Batch 351: NaN or Inf loss detected! Skipping batch.
2026-05-08 04:16:35,297 - __main__ - ERROR -   Batch 352: NaN or Inf loss detected! Skipping batch.
2026-05-08 04:16:35,357 - __main__ - ERROR -   Batch 353: NaN or Inf loss detected! Skipping batch.
2026-05-08 04:16:35,418 - __main__ - ERROR -   Batch 354: NaN or Inf loss detected! Skipping batch.
2026-05-08 04:16:35,478 - __main__ - ERROR -   Batch 355: NaN or Inf loss detected! Skipping batch.
2026-05-08 04:16:35,539 - __main__ - ERROR -   Batch 356: NaN or Inf loss detected! Skipping batch.
2026-05-08 04:16:35,599 - __main__ - ERROR -   Batch 357: NaN or Inf loss detected! Skipping batch.
2026-05-08 04:16:35,654 - __main__ - ERROR -   Batch 358: NaN or Inf loss detected! Skipping batch.
2026-05-08 04:16:35,714 - __main__ - ERROR -   Batch 359: NaN or Inf loss detected! Skipping batch.
2026-05-08 04:16:35,774 - __main__ - ERROR -   Batch 360: NaN or Inf loss detected! Skipping batch.
2026-05-08 04:16:35,834 - __main__ - ERROR -   Batch 361: NaN or Inf loss detected! Skipping batch.
2026-05-08 04:16:35,894 - __main__ - ERROR -   Batch 362: NaN or Inf loss detected! Skipping batch.
2026-05-08 04:16:35,954 - __main__ - ERROR -   Batch 363: NaN or Inf loss detected! Skipping batch.
2026-05-08 04:16:36,015 - __main__ - ERROR -   Batch 364: NaN or Inf loss detected! Skipping batch.
2026-05-08 04:16:36,075 - __main__ - ERROR -   Batch 365: NaN or Inf loss detected! Skipping batch.
2026-05-08 04:16:36,135 - __main__ - ERROR -   Batch 366: NaN or Inf loss detected! Skipping batch.
2026-05-08 04:16:36,190 - __main__ - ERROR -   Batch 367: NaN or Inf loss detected! Skipping batch.
2026-05-08 04:16:36,250 - __main__ - ERROR -   Batch 368: NaN or Inf loss detected! Skipping batch.
2026-05-08 04:16:36,309 - __main__ - ERROR -   Batch 369: NaN or Inf loss detected! Skipping batch.
2026-05-08 04:16:36,369 - __main__ - ERROR -   Batch 370: NaN or Inf loss detected! Skipping batch.
2026-05-08 04:16:36,429 - __main__ - ERROR -   Batch 371: NaN or Inf loss detected! Skipping batch.
2026-05-08 04:16:36,489 - __main__ - ERROR -   Batch 372: NaN or Inf loss detected! Skipping batch.
2026-05-08 04:16:36,549 - __main__ - ERROR -   Batch 373: NaN or Inf loss detected! Skipping batch.
2026-05-08 04:16:36,609 - __main__ - ERROR -   Batch 374: NaN or Inf loss detected! Skipping batch.
2026-05-08 04:16:36,669 - __main__ - ERROR -   Batch 375: NaN or Inf loss detected! Skipping batch.
2026-05-08 04:16:36,729 - __main__ - ERROR -   Batch 376: NaN or Inf loss detected! Skipping batch.
2026-05-08 04:16:36,789 - __main__ - ERROR -   Batch 377: NaN or Inf loss detected! Skipping batch.
2026-05-08 04:16:36,849 - __main__ - ERROR -   Batch 378: NaN or Inf loss detected! Skipping batch.
2026-05-08 04:16:36,909 - __main__ - ERROR -   Batch 379: NaN or Inf loss detected! Skipping batch.
2026-05-08 04:16:36,969 - __main__ - ERROR -   Batch 380: NaN or Inf loss detected! Skipping batch.
2026-05-08 04:16:37,030 - __main__ - ERROR -   Batch 381: NaN or Inf loss detected! Skipping batch.
2026-05-08 04:16:37,090 - __main__ - ERROR -   Batch 382: NaN or Inf loss detected! Skipping batch.
2026-05-08 04:16:37,150 - __main__ - ERROR -   Batch 383: NaN or Inf loss detected! Skipping batch.
2026-05-08 04:16:37,210 - __main__ - ERROR -   Batch 384: NaN or Inf loss detected! Skipping batch.
2026-05-08 04:16:37,270 - __main__ - ERROR -   Batch 385: NaN or Inf loss detected! Skipping batch.
2026-05-08 04:16:37,330 - __main__ - ERROR -   Batch 386: NaN or Inf loss detected! Skipping batch.
2026-05-08 04:16:37,390 - __main__ - ERROR -   Batch 387: NaN or Inf loss detected! Skipping batch.
2026-05-08 04:16:37,451 - __main__ - ERROR -   Batch 388: NaN or Inf loss detected! Skipping batch.
2026-05-08 04:16:37,511 - __main__ - ERROR -   Batch 389: NaN or Inf loss detected! Skipping batch.
2026-05-08 04:16:37,571 - __main__ - ERROR -   Batch 390: NaN or Inf loss detected! Skipping batch.
2026-05-08 04:16:37,631 - __main__ - ERROR -   Batch 391: NaN or Inf loss detected! Skipping batch.
2026-05-08 04:16:37,692 - __main__ - ERROR -   Batch 392: NaN or Inf loss detected! Skipping batch.
2026-05-08 04:16:37,751 - __main__ - ERROR -   Batch 393: NaN or Inf loss detected! Skipping batch.
2026-05-08 04:16:37,806 - __main__ - ERROR -   Batch 394: NaN or Inf loss detected! Skipping batch.
2026-05-08 04:16:37,866 - __main__ - ERROR -   Batch 395: NaN or Inf loss detected! Skipping batch.
2026-05-08 04:16:37,921 - __main__ - ERROR -   Batch 396: NaN or Inf loss detected! Skipping batch.
2026-05-08 04:16:37,980 - __main__ - ERROR -   Batch 397: NaN or Inf loss detected! Skipping batch.
2026-05-08 04:16:38,041 - __main__ - ERROR -   Batch 398: NaN or Inf loss detected! Skipping batch.
2026-05-08 04:16:38,101 - __main__ - ERROR -   Batch 399: NaN or Inf loss detected! Skipping batch.
2026-05-08 04:16:38,161 - __main__ - ERROR -   Batch 400: NaN or Inf loss detected! Skipping batch.
2026-05-08 04:16:38,221 - __main__ - ERROR -   Batch 401: NaN or Inf loss detected! Skipping batch.
2026-05-08 04:16:38,281 - __main__ - ERROR -   Batch 402: NaN or Inf loss detected! Skipping batch.
2026-05-08 04:16:38,341 - __main__ - ERROR -   Batch 403: NaN or Inf loss detected! Skipping batch.
2026-05-08 04:16:38,402 - __main__ - ERROR -   Batch 404: NaN or Inf loss detected! Skipping batch.
2026-05-08 04:16:38,462 - __main__ - ERROR -   Batch 405: NaN or Inf loss detected! Skipping batch.
2026-05-08 04:16:38,522 - __main__ - ERROR -   Batch 406: NaN or Inf loss detected! Skipping batch.
2026-05-08 04:16:38,583 - __main__ - ERROR -   Batch 407: NaN or Inf loss detected! Skipping batch.
2026-05-08 04:16:38,638 - __main__ - ERROR -   Batch 408: NaN or Inf loss detected! Skipping batch.
2026-05-08 04:16:38,692 - __main__ - ERROR -   Batch 409: NaN or Inf loss detected! Skipping batch.
2026-05-08 04:16:38,752 - __main__ - ERROR -   Batch 410: NaN or Inf loss detected! Skipping batch.
2026-05-08 04:16:38,812 - __main__ - ERROR -   Batch 411: NaN or Inf loss detected! Skipping batch.
2026-05-08 04:16:38,873 - __main__ - ERROR -   Batch 412: NaN or Inf loss detected! Skipping batch.
2026-05-08 04:16:38,933 - __main__ - ERROR -   Batch 413: NaN or Inf loss detected! Skipping batch.
2026-05-08 04:16:38,993 - __main__ - ERROR -   Batch 414: NaN or Inf loss detected! Skipping batch.
2026-05-08 04:16:39,048 - __main__ - ERROR -   Batch 415: NaN or Inf loss detected! Skipping batch.
2026-05-08 04:16:39,108 - __main__ - ERROR -   Batch 416: NaN or Inf loss detected! Skipping batch.
2026-05-08 04:16:39,168 - __main__ - ERROR -   Batch 417: NaN or Inf loss detected! Skipping batch.
2026-05-08 04:16:39,228 - __main__ - ERROR -   Batch 418: NaN or Inf loss detected! Skipping batch.
2026-05-08 04:16:39,288 - __main__ - ERROR -   Batch 419: NaN or Inf loss detected! Skipping batch.
2026-05-08 04:16:39,349 - __main__ - ERROR -   Batch 420: NaN or Inf loss detected! Skipping batch.
2026-05-08 04:16:39,409 - __main__ - ERROR -   Batch 421: NaN or Inf loss detected! Skipping batch.
2026-05-08 04:16:39,469 - __main__ - ERROR -   Batch 422: NaN or Inf loss detected! Skipping batch.
2026-05-08 04:16:39,524 - __main__ - ERROR -   Batch 423: NaN or Inf loss detected! Skipping batch.
2026-05-08 04:16:39,584 - __main__ - ERROR -   Batch 424: NaN or Inf loss detected! Skipping batch.
2026-05-08 04:16:39,644 - __main__ - ERROR -   Batch 425: NaN or Inf loss detected! Skipping batch.
2026-05-08 04:16:39,704 - __main__ - ERROR -   Batch 426: NaN or Inf loss detected! Skipping batch.
2026-05-08 04:16:39,764 - __main__ - ERROR -   Batch 427: NaN or Inf loss detected! Skipping batch.
2026-05-08 04:16:39,825 - __main__ - ERROR -   Batch 428: NaN or Inf loss detected! Skipping batch.
2026-05-08 04:16:39,885 - __main__ - ERROR -   Batch 429: NaN or Inf loss detected! Skipping batch.
2026-05-08 04:16:40,245 - __main__ - ERROR -   Batch 430: NaN or Inf loss detected! Skipping batch.
2026-05-08 04:16:40,306 - __main__ - ERROR -   Batch 431: NaN or Inf loss detected! Skipping batch.
2026-05-08 04:16:40,366 - __main__ - ERROR -   Batch 432: NaN or Inf loss detected! Skipping batch.
2026-05-08 04:16:40,427 - __main__ - ERROR -   Batch 433: NaN or Inf loss detected! Skipping batch.
2026-05-08 04:16:40,487 - __main__ - ERROR -   Batch 434: NaN or Inf loss detected! Skipping batch.
2026-05-08 04:16:40,548 - __main__ - ERROR -   Batch 435: NaN or Inf loss detected! Skipping batch.
2026-05-08 04:16:40,608 - __main__ - ERROR -   Batch 436: NaN or Inf loss detected! Skipping batch.
2026-05-08 04:16:40,669 - __main__ - ERROR -   Batch 437: NaN or Inf loss detected! Skipping batch.
2026-05-08 04:16:40,728 - __main__ - ERROR -   Batch 438: NaN or Inf loss detected! Skipping batch.
2026-05-08 04:16:40,788 - __main__ - ERROR -   Batch 439: NaN or Inf loss detected! Skipping batch.
2026-05-08 04:16:40,849 - __main__ - ERROR -   Batch 440: NaN or Inf loss detected! Skipping batch.
2026-05-08 04:16:40,909 - __main__ - ERROR -   Batch 441: NaN or Inf loss detected! Skipping batch.
2026-05-08 04:16:40,969 - __main__ - ERROR -   Batch 442: NaN or Inf loss detected! Skipping batch.
2026-05-08 04:16:41,030 - __main__ - ERROR -   Batch 443: NaN or Inf loss detected! Skipping batch.
2026-05-08 04:16:41,090 - __main__ - ERROR -   Batch 444: NaN or Inf loss detected! Skipping batch.
2026-05-08 04:16:41,150 - __main__ - ERROR -   Batch 445: NaN or Inf loss detected! Skipping batch.
2026-05-08 04:16:41,205 - __main__ - ERROR -   Batch 446: NaN or Inf loss detected! Skipping batch.
2026-05-08 04:16:41,264 - __main__ - ERROR -   Batch 447: NaN or Inf loss detected! Skipping batch.
2026-05-08 04:16:41,325 - __main__ - ERROR -   Batch 448: NaN or Inf loss detected! Skipping batch.
2026-05-08 04:16:41,380 - __main__ - ERROR -   Batch 449: NaN or Inf loss detected! Skipping batch.
2026-05-08 04:16:41,440 - __main__ - ERROR -   Batch 450: NaN or Inf loss detected! Skipping batch.
2026-05-08 04:16:41,500 - __main__ - ERROR -   Batch 451: NaN or Inf loss detected! Skipping batch.
2026-05-08 04:16:41,560 - __main__ - ERROR -   Batch 452: NaN or Inf loss detected! Skipping batch.
2026-05-08 04:16:41,620 - __main__ - ERROR -   Batch 453: NaN or Inf loss detected! Skipping batch.
2026-05-08 04:16:41,679 - __main__ - ERROR -   Batch 454: NaN or Inf loss detected! Skipping batch.
2026-05-08 04:16:41,740 - __main__ - ERROR -   Batch 455: NaN or Inf loss detected! Skipping batch.
2026-05-08 04:16:41,800 - __main__ - ERROR -   Batch 456: NaN or Inf loss detected! Skipping batch.
2026-05-08 04:16:41,861 - __main__ - ERROR -   Batch 457: NaN or Inf loss detected! Skipping batch.
2026-05-08 04:16:41,921 - __main__ - ERROR -   Batch 458: NaN or Inf loss detected! Skipping batch.
2026-05-08 04:16:41,982 - __main__ - ERROR -   Batch 459: NaN or Inf loss detected! Skipping batch.
2026-05-08 04:16:42,032 - __main__ - ERROR -   Batch 460: NaN or Inf loss detected! Skipping batch.
2026-05-08 04:16:42,091 - __main__ - ERROR -   Batch 461: NaN or Inf loss detected! Skipping batch.
2026-05-08 04:16:42,151 - __main__ - ERROR -   Batch 462: NaN or Inf loss detected! Skipping batch.
2026-05-08 04:16:42,211 - __main__ - ERROR -   Batch 463: NaN or Inf loss detected! Skipping batch.
2026-05-08 04:16:42,272 - __main__ - ERROR -   Batch 464: NaN or Inf loss detected! Skipping batch.
2026-05-08 04:16:42,332 - __main__ - ERROR -   Batch 465: NaN or Inf loss detected! Skipping batch.
2026-05-08 04:16:42,392 - __main__ - ERROR -   Batch 466: NaN or Inf loss detected! Skipping batch.
2026-05-08 04:16:42,446 - __main__ - ERROR -   Batch 467: NaN or Inf loss detected! Skipping batch.
2026-05-08 04:16:42,507 - __main__ - ERROR -   Batch 468: NaN or Inf loss detected! Skipping batch.
2026-05-08 04:16:42,567 - __main__ - ERROR -   Batch 469: NaN or Inf loss detected! Skipping batch.
2026-05-08 04:16:42,621 - __main__ - ERROR -   Batch 470: NaN or Inf loss detected! Skipping batch.
2026-05-08 04:16:42,682 - __main__ - ERROR -   Batch 471: NaN or Inf loss detected! Skipping batch.
2026-05-08 04:16:42,736 - __main__ - ERROR -   Batch 472: NaN or Inf loss detected! Skipping batch.
2026-05-08 04:16:42,796 - __main__ - ERROR -   Batch 473: NaN or Inf loss detected! Skipping batch.
2026-05-08 04:16:42,856 - __main__ - ERROR -   Batch 474: NaN or Inf loss detected! Skipping batch.
2026-05-08 04:16:42,917 - __main__ - ERROR -   Batch 475: NaN or Inf loss detected! Skipping batch.
2026-05-08 04:16:42,977 - __main__ - ERROR -   Batch 476: NaN or Inf loss detected! Skipping batch.
2026-05-08 04:16:43,037 - __main__ - ERROR -   Batch 477: NaN or Inf loss detected! Skipping batch.
2026-05-08 04:16:43,097 - __main__ - ERROR -   Batch 478: NaN or Inf loss detected! Skipping batch.
2026-05-08 04:16:43,158 - __main__ - ERROR -   Batch 479: NaN or Inf loss detected! Skipping batch.
2026-05-08 04:16:43,218 - __main__ - ERROR -   Batch 480: NaN or Inf loss detected! Skipping batch.
2026-05-08 04:16:43,279 - __main__ - ERROR -   Batch 481: NaN or Inf loss detected! Skipping batch.
2026-05-08 04:16:43,339 - __main__ - ERROR -   Batch 482: NaN or Inf loss detected! Skipping batch.
2026-05-08 04:16:43,399 - __main__ - ERROR -   Batch 483: NaN or Inf loss detected! Skipping batch.
2026-05-08 04:16:43,459 - __main__ - ERROR -   Batch 484: NaN or Inf loss detected! Skipping batch.
2026-05-08 04:16:43,514 - __main__ - ERROR -   Batch 485: NaN or Inf loss detected! Skipping batch.
2026-05-08 04:16:43,574 - __main__ - ERROR -   Batch 486: NaN or Inf loss detected! Skipping batch.
2026-05-08 04:16:43,634 - __main__ - ERROR -   Batch 487: NaN or Inf loss detected! Skipping batch.
2026-05-08 04:16:43,695 - __main__ - ERROR -   Batch 488: NaN or Inf loss detected! Skipping batch.
2026-05-08 04:16:43,754 - __main__ - ERROR -   Batch 489: NaN or Inf loss detected! Skipping batch.
2026-05-08 04:16:43,815 - __main__ - ERROR -   Batch 490: NaN or Inf loss detected! Skipping batch.
2026-05-08 04:16:43,875 - __main__ - ERROR -   Batch 491: NaN or Inf loss detected! Skipping batch.
2026-05-08 04:16:43,935 - __main__ - ERROR -   Batch 492: NaN or Inf loss detected! Skipping batch.
2026-05-08 04:16:43,990 - __main__ - ERROR -   Batch 493: NaN or Inf loss detected! Skipping batch.
2026-05-08 04:16:44,050 - __main__ - ERROR -   Batch 494: NaN or Inf loss detected! Skipping batch.
2026-05-08 04:16:44,104 - __main__ - ERROR -   Batch 495: NaN or Inf loss detected! Skipping batch.
2026-05-08 04:16:44,165 - __main__ - ERROR -   Batch 496: NaN or Inf loss detected! Skipping batch.
2026-05-08 04:16:44,225 - __main__ - ERROR -   Batch 497: NaN or Inf loss detected! Skipping batch.
2026-05-08 04:16:44,285 - __main__ - ERROR -   Batch 498: NaN or Inf loss detected! Skipping batch.
2026-05-08 04:16:44,346 - __main__ - ERROR -   Batch 499: NaN or Inf loss detected! Skipping batch.
2026-05-08 04:16:44,406 - __main__ - ERROR -   Batch 500: NaN or Inf loss detected! Skipping batch.
2026-05-08 04:16:44,466 - __main__ - ERROR -   Batch 501: NaN or Inf loss detected! Skipping batch.
2026-05-08 04:16:44,526 - __main__ - ERROR -   Batch 502: NaN or Inf loss detected! Skipping batch.
2026-05-08 04:16:44,587 - __main__ - ERROR -   Batch 503: NaN or Inf loss detected! Skipping batch.
2026-05-08 04:16:44,647 - __main__ - ERROR -   Batch 504: NaN or Inf loss detected! Skipping batch.
2026-05-08 04:16:44,707 - __main__ - ERROR -   Batch 505: NaN or Inf loss detected! Skipping batch.
2026-05-08 04:16:44,767 - __main__ - ERROR -   Batch 506: NaN or Inf loss detected! Skipping batch.
2026-05-08 04:16:44,828 - __main__ - ERROR -   Batch 507: NaN or Inf loss detected! Skipping batch.
2026-05-08 04:16:44,888 - __main__ - ERROR -   Batch 508: NaN or Inf loss detected! Skipping batch.
2026-05-08 04:16:44,948 - __main__ - ERROR -   Batch 509: NaN or Inf loss detected! Skipping batch.
2026-05-08 04:16:45,009 - __main__ - ERROR -   Batch 510: NaN or Inf loss detected! Skipping batch.
2026-05-08 04:16:45,063 - __main__ - ERROR -   Batch 511: NaN or Inf loss detected! Skipping batch.
2026-05-08 04:16:45,123 - __main__ - ERROR -   Batch 512: NaN or Inf loss detected! Skipping batch.
2026-05-08 04:16:45,184 - __main__ - ERROR -   Batch 513: NaN or Inf loss detected! Skipping batch.
2026-05-08 04:16:45,244 - __main__ - ERROR -   Batch 514: NaN or Inf loss detected! Skipping batch.
2026-05-08 04:16:45,304 - __main__ - ERROR -   Batch 515: NaN or Inf loss detected! Skipping batch.
2026-05-08 04:16:45,365 - __main__ - ERROR -   Batch 516: NaN or Inf loss detected! Skipping batch.
2026-05-08 04:16:45,425 - __main__ - ERROR -   Batch 517: NaN or Inf loss detected! Skipping batch.
2026-05-08 04:16:45,485 - __main__ - ERROR -   Batch 518: NaN or Inf loss detected! Skipping batch.
2026-05-08 04:16:45,545 - __main__ - ERROR -   Batch 519: NaN or Inf loss detected! Skipping batch.
2026-05-08 04:16:45,600 - __main__ - ERROR -   Batch 520: NaN or Inf loss detected! Skipping batch.
2026-05-08 04:16:45,660 - __main__ - ERROR -   Batch 521: NaN or Inf loss detected! Skipping batch.
2026-05-08 04:16:45,720 - __main__ - ERROR -   Batch 522: NaN or Inf loss detected! Skipping batch.
2026-05-08 04:16:45,780 - __main__ - ERROR -   Batch 523: NaN or Inf loss detected! Skipping batch.
2026-05-08 04:16:45,840 - __main__ - ERROR -   Batch 524: NaN or Inf loss detected! Skipping batch.
2026-05-08 04:16:45,900 - __main__ - ERROR -   Batch 525: NaN or Inf loss detected! Skipping batch.
2026-05-08 04:16:45,961 - __main__ - ERROR -   Batch 526: NaN or Inf loss detected! Skipping batch.
2026-05-08 04:16:46,011 - __main__ - ERROR -   Batch 527: NaN or Inf loss detected! Skipping batch.
2026-05-08 04:16:46,071 - __main__ - ERROR -   Batch 528: NaN or Inf loss detected! Skipping batch.
2026-05-08 04:16:46,131 - __main__ - ERROR -   Batch 529: NaN or Inf loss detected! Skipping batch.
2026-05-08 04:16:46,191 - __main__ - ERROR -   Batch 530: NaN or Inf loss detected! Skipping batch.
2026-05-08 04:16:46,251 - __main__ - ERROR -   Batch 531: NaN or Inf loss detected! Skipping batch.
2026-05-08 04:16:46,311 - __main__ - ERROR -   Batch 532: NaN or Inf loss detected! Skipping batch.
2026-05-08 04:16:46,372 - __main__ - ERROR -   Batch 533: NaN or Inf loss detected! Skipping batch.
2026-05-08 04:16:46,431 - __main__ - ERROR -   Batch 534: NaN or Inf loss detected! Skipping batch.
2026-05-08 04:16:46,492 - __main__ - ERROR -   Batch 535: NaN or Inf loss detected! Skipping batch.
2026-05-08 04:16:46,552 - __main__ - ERROR -   Batch 536: NaN or Inf loss detected! Skipping batch.
2026-05-08 04:16:46,613 - __main__ - ERROR -   Batch 537: NaN or Inf loss detected! Skipping batch.
2026-05-08 04:16:46,674 - __main__ - ERROR -   Batch 538: NaN or Inf loss detected! Skipping batch.
2026-05-08 04:16:46,734 - __main__ - ERROR -   Batch 539: NaN or Inf loss detected! Skipping batch.
2026-05-08 04:16:46,795 - __main__ - ERROR -   Batch 540: NaN or Inf loss detected! Skipping batch.
2026-05-08 04:16:46,855 - __main__ - ERROR -   Batch 541: NaN or Inf loss detected! Skipping batch.
2026-05-08 04:16:46,916 - __main__ - ERROR -   Batch 542: NaN or Inf loss detected! Skipping batch.
2026-05-08 04:16:46,976 - __main__ - ERROR -   Batch 543: NaN or Inf loss detected! Skipping batch.
2026-05-08 04:16:47,036 - __main__ - ERROR -   Batch 544: NaN or Inf loss detected! Skipping batch.
2026-05-08 04:16:47,439 - __main__ - ERROR -   Batch 545: NaN or Inf loss detected! Skipping batch.
2026-05-08 04:16:47,500 - __main__ - ERROR -   Batch 546: NaN or Inf loss detected! Skipping batch.
2026-05-08 04:16:47,560 - __main__ - ERROR -   Batch 547: NaN or Inf loss detected! Skipping batch.
2026-05-08 04:16:47,621 - __main__ - ERROR -   Batch 548: NaN or Inf loss detected! Skipping batch.
2026-05-08 04:16:47,681 - __main__ - ERROR -   Batch 549: NaN or Inf loss detected! Skipping batch.
2026-05-08 04:16:47,741 - __main__ - ERROR -   Batch 550: NaN or Inf loss detected! Skipping batch.
2026-05-08 04:16:47,801 - __main__ - ERROR -   Batch 551: NaN or Inf loss detected! Skipping batch.
2026-05-08 04:16:47,861 - __main__ - ERROR -   Batch 552: NaN or Inf loss detected! Skipping batch.
2026-05-08 04:16:47,922 - __main__ - ERROR -   Batch 553: NaN or Inf loss detected! Skipping batch.
2026-05-08 04:16:47,982 - __main__ - ERROR -   Batch 554: NaN or Inf loss detected! Skipping batch.
2026-05-08 04:16:48,041 - __main__ - ERROR -   Batch 555: NaN or Inf loss detected! Skipping batch.
2026-05-08 04:16:48,102 - __main__ - ERROR -   Batch 556: NaN or Inf loss detected! Skipping batch.
2026-05-08 04:16:48,162 - __main__ - ERROR -   Batch 557: NaN or Inf loss detected! Skipping batch.
2026-05-08 04:16:48,223 - __main__ - ERROR -   Batch 558: NaN or Inf loss detected! Skipping batch.
2026-05-08 04:16:48,283 - __main__ - ERROR -   Batch 559: NaN or Inf loss detected! Skipping batch.
2026-05-08 04:16:48,343 - __main__ - ERROR -   Batch 560: NaN or Inf loss detected! Skipping batch.
2026-05-08 04:16:48,404 - __main__ - ERROR -   Batch 561: NaN or Inf loss detected! Skipping batch.
2026-05-08 04:16:48,463 - __main__ - ERROR -   Batch 562: NaN or Inf loss detected! Skipping batch.
2026-05-08 04:16:48,524 - __main__ - ERROR -   Batch 563: NaN or Inf loss detected! Skipping batch.
2026-05-08 04:16:48,584 - __main__ - ERROR -   Batch 564: NaN or Inf loss detected! Skipping batch.
2026-05-08 04:16:48,644 - __main__ - ERROR -   Batch 565: NaN or Inf loss detected! Skipping batch.
2026-05-08 04:16:48,704 - __main__ - ERROR -   Batch 566: NaN or Inf loss detected! Skipping batch.
2026-05-08 04:16:48,765 - __main__ - ERROR -   Batch 567: NaN or Inf loss detected! Skipping batch.
2026-05-08 04:16:48,825 - __main__ - ERROR -   Batch 568: NaN or Inf loss detected! Skipping batch.
2026-05-08 04:16:48,885 - __main__ - ERROR -   Batch 569: NaN or Inf loss detected! Skipping batch.
2026-05-08 04:16:48,945 - __main__ - ERROR -   Batch 570: NaN or Inf loss detected! Skipping batch.
2026-05-08 04:16:49,005 - __main__ - ERROR -   Batch 571: NaN or Inf loss detected! Skipping batch.
2026-05-08 04:16:49,065 - __main__ - ERROR -   Batch 572: NaN or Inf loss detected! Skipping batch.
2026-05-08 04:16:49,125 - __main__ - ERROR -   Batch 573: NaN or Inf loss detected! Skipping batch.
2026-05-08 04:16:49,185 - __main__ - ERROR -   Batch 574: NaN or Inf loss detected! Skipping batch.
2026-05-08 04:16:49,240 - __main__ - ERROR -   Batch 575: NaN or Inf loss detected! Skipping batch.
2026-05-08 04:16:49,300 - __main__ - ERROR -   Batch 576: NaN or Inf loss detected! Skipping batch.
2026-05-08 04:16:49,361 - __main__ - ERROR -   Batch 577: NaN or Inf loss detected! Skipping batch.
2026-05-08 04:16:49,421 - __main__ - ERROR -   Batch 578: NaN or Inf loss detected! Skipping batch.
2026-05-08 04:16:49,482 - __main__ - ERROR -   Batch 579: NaN or Inf loss detected! Skipping batch.
2026-05-08 04:16:49,543 - __main__ - ERROR -   Batch 580: NaN or Inf loss detected! Skipping batch.
2026-05-08 04:16:49,603 - __main__ - ERROR -   Batch 581: NaN or Inf loss detected! Skipping batch.
2026-05-08 04:16:49,662 - __main__ - ERROR -   Batch 582: NaN or Inf loss detected! Skipping batch.
2026-05-08 04:16:49,722 - __main__ - ERROR -   Batch 583: NaN or Inf loss detected! Skipping batch.
2026-05-08 04:16:49,782 - __main__ - ERROR -   Batch 584: NaN or Inf loss detected! Skipping batch.
2026-05-08 04:16:49,842 - __main__ - ERROR -   Batch 585: NaN or Inf loss detected! Skipping batch.
2026-05-08 04:16:49,904 - __main__ - ERROR -   Batch 586: NaN or Inf loss detected! Skipping batch.
2026-05-08 04:16:49,966 - __main__ - ERROR -   Batch 587: NaN or Inf loss detected! Skipping batch.
2026-05-08 04:16:50,026 - __main__ - ERROR -   Batch 588: NaN or Inf loss detected! Skipping batch.
2026-05-08 04:16:50,086 - __main__ - ERROR -   Batch 589: NaN or Inf loss detected! Skipping batch.
2026-05-08 04:16:50,146 - __main__ - ERROR -   Batch 590: NaN or Inf loss detected! Skipping batch.
2026-05-08 04:16:50,207 - __main__ - ERROR -   Batch 591: NaN or Inf loss detected! Skipping batch.
2026-05-08 04:16:50,267 - __main__ - ERROR -   Batch 592: NaN or Inf loss detected! Skipping batch.
2026-05-08 04:16:50,327 - __main__ - ERROR -   Batch 593: NaN or Inf loss detected! Skipping batch.
2026-05-08 04:16:50,387 - __main__ - ERROR -   Batch 594: NaN or Inf loss detected! Skipping batch.
2026-05-08 04:16:50,447 - __main__ - ERROR -   Batch 595: NaN or Inf loss detected! Skipping batch.
2026-05-08 04:16:50,507 - __main__ - ERROR -   Batch 596: NaN or Inf loss detected! Skipping batch.
2026-05-08 04:16:50,568 - __main__ - ERROR -   Batch 597: NaN or Inf loss detected! Skipping batch.
2026-05-08 04:16:50,628 - __main__ - ERROR -   Batch 598: NaN or Inf loss detected! Skipping batch.
2026-05-08 04:16:50,688 - __main__ - ERROR -   Batch 599: NaN or Inf loss detected! Skipping batch.
2026-05-08 04:16:50,748 - __main__ - ERROR -   Batch 600: NaN or Inf loss detected! Skipping batch.
2026-05-08 04:16:50,808 - __main__ - ERROR -   Batch 601: NaN or Inf loss detected! Skipping batch.
2026-05-08 04:16:50,868 - __main__ - ERROR -   Batch 602: NaN or Inf loss detected! Skipping batch.
2026-05-08 04:16:50,929 - __main__ - ERROR -   Batch 603: NaN or Inf loss detected! Skipping batch.
2026-05-08 04:16:50,989 - __main__ - ERROR -   Batch 604: NaN or Inf loss detected! Skipping batch.
2026-05-08 04:16:51,049 - __main__ - ERROR -   Batch 605: NaN or Inf loss detected! Skipping batch.
2026-05-08 04:16:51,103 - __main__ - ERROR -   Batch 606: NaN or Inf loss detected! Skipping batch.
2026-05-08 04:16:51,163 - __main__ - ERROR -   Batch 607: NaN or Inf loss detected! Skipping batch.
2026-05-08 04:16:51,218 - __main__ - ERROR -   Batch 608: NaN or Inf loss detected! Skipping batch.
2026-05-08 04:16:51,278 - __main__ - ERROR -   Batch 609: NaN or Inf loss detected! Skipping batch.
2026-05-08 04:16:51,337 - __main__ - ERROR -   Batch 610: NaN or Inf loss detected! Skipping batch.
2026-05-08 04:16:51,398 - __main__ - ERROR -   Batch 611: NaN or Inf loss detected! Skipping batch.
2026-05-08 04:16:51,458 - __main__ - ERROR -   Batch 612: NaN or Inf loss detected! Skipping batch.
2026-05-08 04:16:51,513 - __main__ - ERROR -   Batch 613: NaN or Inf loss detected! Skipping batch.
2026-05-08 04:16:51,573 - __main__ - ERROR -   Batch 614: NaN or Inf loss detected! Skipping batch.
2026-05-08 04:16:51,634 - __main__ - ERROR -   Batch 615: NaN or Inf loss detected! Skipping batch.
2026-05-08 04:16:51,694 - __main__ - ERROR -   Batch 616: NaN or Inf loss detected! Skipping batch.
2026-05-08 04:16:51,754 - __main__ - ERROR -   Batch 617: NaN or Inf loss detected! Skipping batch.
2026-05-08 04:16:51,814 - __main__ - ERROR -   Batch 618: NaN or Inf loss detected! Skipping batch.
2026-05-08 04:16:51,874 - __main__ - ERROR -   Batch 619: NaN or Inf loss detected! Skipping batch.
2026-05-08 04:16:51,934 - __main__ - ERROR -   Batch 620: NaN or Inf loss detected! Skipping batch.
2026-05-08 04:16:51,994 - __main__ - ERROR -   Batch 621: NaN or Inf loss detected! Skipping batch.
2026-05-08 04:16:52,054 - __main__ - ERROR -   Batch 622: NaN or Inf loss detected! Skipping batch.
2026-05-08 04:16:52,109 - __main__ - ERROR -   Batch 623: NaN or Inf loss detected! Skipping batch.
2026-05-08 04:16:52,169 - __main__ - ERROR -   Batch 624: NaN or Inf loss detected! Skipping batch.
2026-05-08 04:16:52,229 - __main__ - ERROR -   Batch 625: NaN or Inf loss detected! Skipping batch.
2026-05-08 04:16:52,289 - __main__ - ERROR -   Batch 626: NaN or Inf loss detected! Skipping batch.
2026-05-08 04:16:52,349 - __main__ - ERROR -   Batch 627: NaN or Inf loss detected! Skipping batch.
2026-05-08 04:16:52,410 - __main__ - ERROR -   Batch 628: NaN or Inf loss detected! Skipping batch.
2026-05-08 04:16:52,470 - __main__ - ERROR -   Batch 629: NaN or Inf loss detected! Skipping batch.
2026-05-08 04:16:52,524 - __main__ - ERROR -   Batch 630: NaN or Inf loss detected! Skipping batch.
2026-05-08 04:16:52,585 - __main__ - ERROR -   Batch 631: NaN or Inf loss detected! Skipping batch.
2026-05-08 04:16:52,644 - __main__ - ERROR -   Batch 632: NaN or Inf loss detected! Skipping batch.
2026-05-08 04:16:52,704 - __main__ - ERROR -   Batch 633: NaN or Inf loss detected! Skipping batch.
2026-05-08 04:16:52,765 - __main__ - ERROR -   Batch 634: NaN or Inf loss detected! Skipping batch.
2026-05-08 04:16:52,825 - __main__ - ERROR -   Batch 635: NaN or Inf loss detected! Skipping batch.
2026-05-08 04:16:52,885 - __main__ - ERROR -   Batch 636: NaN or Inf loss detected! Skipping batch.
2026-05-08 04:16:52,946 - __main__ - ERROR -   Batch 637: NaN or Inf loss detected! Skipping batch.
2026-05-08 04:16:53,006 - __main__ - ERROR -   Batch 638: NaN or Inf loss detected! Skipping batch.
2026-05-08 04:16:53,067 - __main__ - ERROR -   Batch 639: NaN or Inf loss detected! Skipping batch.
2026-05-08 04:16:53,127 - __main__ - ERROR -   Batch 640: NaN or Inf loss detected! Skipping batch.
2026-05-08 04:16:53,187 - __main__ - ERROR -   Batch 641: NaN or Inf loss detected! Skipping batch.
2026-05-08 04:16:53,247 - __main__ - ERROR -   Batch 642: NaN or Inf loss detected! Skipping batch.
2026-05-08 04:16:53,308 - __main__ - ERROR -   Batch 643: NaN or Inf loss detected! Skipping batch.
2026-05-08 04:16:53,368 - __main__ - ERROR -   Batch 644: NaN or Inf loss detected! Skipping batch.
2026-05-08 04:16:53,428 - __main__ - ERROR -   Batch 645: NaN or Inf loss detected! Skipping batch.
2026-05-08 04:16:53,488 - __main__ - ERROR -   Batch 646: NaN or Inf loss detected! Skipping batch.
2026-05-08 04:16:53,548 - __main__ - ERROR -   Batch 647: NaN or Inf loss detected! Skipping batch.
2026-05-08 04:16:53,608 - __main__ - ERROR -   Batch 648: NaN or Inf loss detected! Skipping batch.
2026-05-08 04:16:53,669 - __main__ - ERROR -   Batch 649: NaN or Inf loss detected! Skipping batch.
2026-05-08 04:16:53,729 - __main__ - ERROR -   Batch 650: NaN or Inf loss detected! Skipping batch.
2026-05-08 04:16:53,789 - __main__ - ERROR -   Batch 651: NaN or Inf loss detected! Skipping batch.
2026-05-08 04:16:53,849 - __main__ - ERROR -   Batch 652: NaN or Inf loss detected! Skipping batch.
2026-05-08 04:16:53,909 - __main__ - ERROR -   Batch 653: NaN or Inf loss detected! Skipping batch.
2026-05-08 04:16:53,970 - __main__ - ERROR -   Batch 654: NaN or Inf loss detected! Skipping batch.
2026-05-08 04:16:54,030 - __main__ - ERROR -   Batch 655: NaN or Inf loss detected! Skipping batch.
2026-05-08 04:16:54,090 - __main__ - ERROR -   Batch 656: NaN or Inf loss detected! Skipping batch.
2026-05-08 04:16:54,145 - __main__ - ERROR -   Batch 657: NaN or Inf loss detected! Skipping batch.
2026-05-08 04:16:54,205 - __main__ - ERROR -   Batch 658: NaN or Inf loss detected! Skipping batch.
2026-05-08 04:16:54,260 - __main__ - ERROR -   Batch 659: NaN or Inf loss detected! Skipping batch.
2026-05-08 04:16:54,603 - __main__ - ERROR -   Batch 660: NaN or Inf loss detected! Skipping batch.
2026-05-08 04:16:54,658 - __main__ - ERROR -   Batch 661: NaN or Inf loss detected! Skipping batch.
2026-05-08 04:16:54,718 - __main__ - ERROR -   Batch 662: NaN or Inf loss detected! Skipping batch.
2026-05-08 04:16:54,778 - __main__ - ERROR -   Batch 663: NaN or Inf loss detected! Skipping batch.
2026-05-08 04:16:54,839 - __main__ - ERROR -   Batch 664: NaN or Inf loss detected! Skipping batch.
2026-05-08 04:16:54,899 - __main__ - ERROR -   Batch 665: NaN or Inf loss detected! Skipping batch.
2026-05-08 04:16:54,959 - __main__ - ERROR -   Batch 666: NaN or Inf loss detected! Skipping batch.
2026-05-08 04:16:55,019 - __main__ - ERROR -   Batch 667: NaN or Inf loss detected! Skipping batch.
2026-05-08 04:16:55,079 - __main__ - ERROR -   Batch 668: NaN or Inf loss detected! Skipping batch.
2026-05-08 04:16:55,139 - __main__ - ERROR -   Batch 669: NaN or Inf loss detected! Skipping batch.
2026-05-08 04:16:55,199 - __main__ - ERROR -   Batch 670: NaN or Inf loss detected! Skipping batch.
2026-05-08 04:16:55,259 - __main__ - ERROR -   Batch 671: NaN or Inf loss detected! Skipping batch.
2026-05-08 04:16:55,319 - __main__ - ERROR -   Batch 672: NaN or Inf loss detected! Skipping batch.
2026-05-08 04:16:55,379 - __main__ - ERROR -   Batch 673: NaN or Inf loss detected! Skipping batch.
2026-05-08 04:16:55,439 - __main__ - ERROR -   Batch 674: NaN or Inf loss detected! Skipping batch.
2026-05-08 04:16:55,499 - __main__ - ERROR -   Batch 675: NaN or Inf loss detected! Skipping batch.
2026-05-08 04:16:55,553 - __main__ - ERROR -   Batch 676: NaN or Inf loss detected! Skipping batch.
2026-05-08 04:16:55,614 - __main__ - ERROR -   Batch 677: NaN or Inf loss detected! Skipping batch.
2026-05-08 04:16:55,668 - __main__ - ERROR -   Batch 678: NaN or Inf loss detected! Skipping batch.
2026-05-08 04:16:55,729 - __main__ - ERROR -   Batch 679: NaN or Inf loss detected! Skipping batch.
2026-05-08 04:16:55,789 - __main__ - ERROR -   Batch 680: NaN or Inf loss detected! Skipping batch.
2026-05-08 04:16:55,849 - __main__ - ERROR -   Batch 681: NaN or Inf loss detected! Skipping batch.
2026-05-08 04:16:55,903 - __main__ - ERROR -   Batch 682: NaN or Inf loss detected! Skipping batch.
2026-05-08 04:16:55,963 - __main__ - ERROR -   Batch 683: NaN or Inf loss detected! Skipping batch.
2026-05-08 04:16:56,024 - __main__ - ERROR -   Batch 684: NaN or Inf loss detected! Skipping batch.
2026-05-08 04:16:56,083 - __main__ - ERROR -   Batch 685: NaN or Inf loss detected! Skipping batch.
2026-05-08 04:16:56,144 - __main__ - ERROR -   Batch 686: NaN or Inf loss detected! Skipping batch.
2026-05-08 04:16:56,204 - __main__ - ERROR -   Batch 687: NaN or Inf loss detected! Skipping batch.
2026-05-08 04:16:56,264 - __main__ - ERROR -   Batch 688: NaN or Inf loss detected! Skipping batch.
2026-05-08 04:16:56,324 - __main__ - ERROR -   Batch 689: NaN or Inf loss detected! Skipping batch.
2026-05-08 04:16:56,374 - __main__ - ERROR -   Batch 690: NaN or Inf loss detected! Skipping batch.
2026-05-08 04:16:56,434 - __main__ - ERROR -   Batch 691: NaN or Inf loss detected! Skipping batch.
2026-05-08 04:16:56,494 - __main__ - ERROR -   Batch 692: NaN or Inf loss detected! Skipping batch.
2026-05-08 04:16:56,554 - __main__ - ERROR -   Batch 693: NaN or Inf loss detected! Skipping batch.
2026-05-08 04:16:56,614 - __main__ - ERROR -   Batch 694: NaN or Inf loss detected! Skipping batch.
2026-05-08 04:16:56,675 - __main__ - ERROR -   Batch 695: NaN or Inf loss detected! Skipping batch.
2026-05-08 04:16:56,735 - __main__ - ERROR -   Batch 696: NaN or Inf loss detected! Skipping batch.
2026-05-08 04:16:56,795 - __main__ - ERROR -   Batch 697: NaN or Inf loss detected! Skipping batch.
2026-05-08 04:16:56,855 - __main__ - ERROR -   Batch 698: NaN or Inf loss detected! Skipping batch.
2026-05-08 04:16:56,915 - __main__ - ERROR -   Batch 699: NaN or Inf loss detected! Skipping batch.
2026-05-08 04:16:56,970 - __main__ - ERROR -   Batch 700: NaN or Inf loss detected! Skipping batch.
2026-05-08 04:16:57,030 - __main__ - ERROR -   Batch 701: NaN or Inf loss detected! Skipping batch.
2026-05-08 04:16:57,089 - __main__ - ERROR -   Batch 702: NaN or Inf loss detected! Skipping batch.
2026-05-08 04:16:57,149 - __main__ - ERROR -   Batch 703: NaN or Inf loss detected! Skipping batch.
2026-05-08 04:16:57,210 - __main__ - ERROR -   Batch 704: NaN or Inf loss detected! Skipping batch.
2026-05-08 04:16:57,270 - __main__ - ERROR -   Batch 705: NaN or Inf loss detected! Skipping batch.
2026-05-08 04:16:57,330 - __main__ - ERROR -   Batch 706: NaN or Inf loss detected! Skipping batch.
2026-05-08 04:16:57,390 - __main__ - ERROR -   Batch 707: NaN or Inf loss detected! Skipping batch.
2026-05-08 04:16:57,450 - __main__ - ERROR -   Batch 708: NaN or Inf loss detected! Skipping batch.
2026-05-08 04:16:57,511 - __main__ - ERROR -   Batch 709: NaN or Inf loss detected! Skipping batch.
2026-05-08 04:16:57,571 - __main__ - ERROR -   Batch 710: NaN or Inf loss detected! Skipping batch.
2026-05-08 04:16:57,631 - __main__ - ERROR -   Batch 711: NaN or Inf loss detected! Skipping batch.
2026-05-08 04:16:57,692 - __main__ - ERROR -   Batch 712: NaN or Inf loss detected! Skipping batch.
2026-05-08 04:16:57,752 - __main__ - ERROR -   Batch 713: NaN or Inf loss detected! Skipping batch.
2026-05-08 04:16:57,813 - __main__ - ERROR -   Batch 714: NaN or Inf loss detected! Skipping batch.
2026-05-08 04:16:57,873 - __main__ - ERROR -   Batch 715: NaN or Inf loss detected! Skipping batch.
2026-05-08 04:16:57,932 - __main__ - ERROR -   Batch 716: NaN or Inf loss detected! Skipping batch.
2026-05-08 04:16:57,992 - __main__ - ERROR -   Batch 717: NaN or Inf loss detected! Skipping batch.
2026-05-08 04:16:58,047 - __main__ - ERROR -   Batch 718: NaN or Inf loss detected! Skipping batch.
2026-05-08 04:16:58,107 - __main__ - ERROR -   Batch 719: NaN or Inf loss detected! Skipping batch.
2026-05-08 04:16:58,167 - __main__ - ERROR -   Batch 720: NaN or Inf loss detected! Skipping batch.
2026-05-08 04:16:58,228 - __main__ - ERROR -   Batch 721: NaN or Inf loss detected! Skipping batch.
2026-05-08 04:16:58,288 - __main__ - ERROR -   Batch 722: NaN or Inf loss detected! Skipping batch.
2026-05-08 04:16:58,348 - __main__ - ERROR -   Batch 723: NaN or Inf loss detected! Skipping batch.
2026-05-08 04:16:58,408 - __main__ - ERROR -   Batch 724: NaN or Inf loss detected! Skipping batch.
2026-05-08 04:16:58,468 - __main__ - ERROR -   Batch 725: NaN or Inf loss detected! Skipping batch.
2026-05-08 04:16:58,529 - __main__ - ERROR -   Batch 726: NaN or Inf loss detected! Skipping batch.
2026-05-08 04:16:58,589 - __main__ - ERROR -   Batch 727: NaN or Inf loss detected! Skipping batch.
2026-05-08 04:16:58,649 - __main__ - ERROR -   Batch 728: NaN or Inf loss detected! Skipping batch.
2026-05-08 04:16:58,709 - __main__ - ERROR -   Batch 729: NaN or Inf loss detected! Skipping batch.
2026-05-08 04:16:58,770 - __main__ - ERROR -   Batch 730: NaN or Inf loss detected! Skipping batch.
2026-05-08 04:16:58,830 - __main__ - ERROR -   Batch 731: NaN or Inf loss detected! Skipping batch.
2026-05-08 04:16:58,890 - __main__ - ERROR -   Batch 732: NaN or Inf loss detected! Skipping batch.
2026-05-08 04:16:58,950 - __main__ - ERROR -   Batch 733: NaN or Inf loss detected! Skipping batch.
2026-05-08 04:16:59,010 - __main__ - ERROR -   Batch 734: NaN or Inf loss detected! Skipping batch.
2026-05-08 04:16:59,071 - __main__ - ERROR -   Batch 735: NaN or Inf loss detected! Skipping batch.
2026-05-08 04:16:59,131 - __main__ - ERROR -   Batch 736: NaN or Inf loss detected! Skipping batch.
2026-05-08 04:16:59,191 - __main__ - ERROR -   Batch 737: NaN or Inf loss detected! Skipping batch.
2026-05-08 04:16:59,245 - __main__ - ERROR -   Batch 738: NaN or Inf loss detected! Skipping batch.
2026-05-08 04:16:59,305 - __main__ - ERROR -   Batch 739: NaN or Inf loss detected! Skipping batch.
2026-05-08 04:16:59,365 - __main__ - ERROR -   Batch 740: NaN or Inf loss detected! Skipping batch.
2026-05-08 04:16:59,420 - __main__ - ERROR -   Batch 741: NaN or Inf loss detected! Skipping batch.
2026-05-08 04:16:59,481 - __main__ - ERROR -   Batch 742: NaN or Inf loss detected! Skipping batch.
2026-05-08 04:16:59,542 - __main__ - ERROR -   Batch 743: NaN or Inf loss detected! Skipping batch.
2026-05-08 04:16:59,602 - __main__ - ERROR -   Batch 744: NaN or Inf loss detected! Skipping batch.
2026-05-08 04:16:59,662 - __main__ - ERROR -   Batch 745: NaN or Inf loss detected! Skipping batch.
2026-05-08 04:16:59,723 - __main__ - ERROR -   Batch 746: NaN or Inf loss detected! Skipping batch.
2026-05-08 04:16:59,783 - __main__ - ERROR -   Batch 747: NaN or Inf loss detected! Skipping batch.
2026-05-08 04:16:59,844 - __main__ - ERROR -   Batch 748: NaN or Inf loss detected! Skipping batch.
2026-05-08 04:16:59,904 - __main__ - ERROR -   Batch 749: NaN or Inf loss detected! Skipping batch.
2026-05-08 04:16:59,964 - __main__ - ERROR -   Batch 750: NaN or Inf loss detected! Skipping batch.
2026-05-08 04:17:00,024 - __main__ - ERROR -   Batch 751: NaN or Inf loss detected! Skipping batch.
2026-05-08 04:17:00,084 - __main__ - ERROR -   Batch 752: NaN or Inf loss detected! Skipping batch.
2026-05-08 04:17:00,144 - __main__ - ERROR -   Batch 753: NaN or Inf loss detected! Skipping batch.
2026-05-08 04:17:00,204 - __main__ - ERROR -   Batch 754: NaN or Inf loss detected! Skipping batch.
2026-05-08 04:17:00,263 - __main__ - ERROR -   Batch 755: NaN or Inf loss detected! Skipping batch.
2026-05-08 04:17:00,313 - __main__ - ERROR -   Batch 756: NaN or Inf loss detected! Skipping batch.
2026-05-08 04:17:00,374 - __main__ - ERROR -   Batch 757: NaN or Inf loss detected! Skipping batch.
2026-05-08 04:17:00,433 - __main__ - ERROR -   Batch 758: NaN or Inf loss detected! Skipping batch.
2026-05-08 04:17:00,494 - __main__ - ERROR -   Batch 759: NaN or Inf loss detected! Skipping batch.
2026-05-08 04:17:00,554 - __main__ - ERROR -   Batch 760: NaN or Inf loss detected! Skipping batch.
2026-05-08 04:17:00,614 - __main__ - ERROR -   Batch 761: NaN or Inf loss detected! Skipping batch.
2026-05-08 04:17:00,674 - __main__ - ERROR -   Batch 762: NaN or Inf loss detected! Skipping batch.
2026-05-08 04:17:00,734 - __main__ - ERROR -   Batch 763: NaN or Inf loss detected! Skipping batch.
2026-05-08 04:17:00,794 - __main__ - ERROR -   Batch 764: NaN or Inf loss detected! Skipping batch.
2026-05-08 04:17:01,148 - __main__ - ERROR -   Batch 765: NaN or Inf loss detected! Skipping batch.
2026-05-08 04:17:01,209 - __main__ - ERROR -   Batch 766: NaN or Inf loss detected! Skipping batch.
2026-05-08 04:17:01,269 - __main__ - ERROR -   Batch 767: NaN or Inf loss detected! Skipping batch.
2026-05-08 04:17:01,324 - __main__ - ERROR -   Batch 768: NaN or Inf loss detected! Skipping batch.
2026-05-08 04:17:01,384 - __main__ - ERROR -   Batch 769: NaN or Inf loss detected! Skipping batch.
2026-05-08 04:17:01,445 - __main__ - ERROR -   Batch 770: NaN or Inf loss detected! Skipping batch.
2026-05-08 04:17:01,505 - __main__ - ERROR -   Batch 771: NaN or Inf loss detected! Skipping batch.
2026-05-08 04:17:01,566 - __main__ - ERROR -   Batch 772: NaN or Inf loss detected! Skipping batch.
2026-05-08 04:17:01,625 - __main__ - ERROR -   Batch 773: NaN or Inf loss detected! Skipping batch.
2026-05-08 04:17:01,686 - __main__ - ERROR -   Batch 774: NaN or Inf loss detected! Skipping batch.
2026-05-08 04:17:01,746 - __main__ - ERROR -   Batch 775: NaN or Inf loss detected! Skipping batch.
2026-05-08 04:17:01,806 - __main__ - ERROR -   Batch 776: NaN or Inf loss detected! Skipping batch.
2026-05-08 04:17:01,867 - __main__ - ERROR -   Batch 777: NaN or Inf loss detected! Skipping batch.
2026-05-08 04:17:01,927 - __main__ - ERROR -   Batch 778: NaN or Inf loss detected! Skipping batch.
2026-05-08 04:17:01,988 - __main__ - ERROR -   Batch 779: NaN or Inf loss detected! Skipping batch.
2026-05-08 04:17:02,048 - __main__ - ERROR -   Batch 780: NaN or Inf loss detected! Skipping batch.
2026-05-08 04:17:02,109 - __main__ - ERROR -   Batch 781: NaN or Inf loss detected! Skipping batch.
2026-05-08 04:17:02,168 - __main__ - ERROR -   Batch 782: NaN or Inf loss detected! Skipping batch.
2026-05-08 04:17:02,229 - __main__ - ERROR -   Batch 783: NaN or Inf loss detected! Skipping batch.
2026-05-08 04:17:02,288 - __main__ - ERROR -   Batch 784: NaN or Inf loss detected! Skipping batch.
2026-05-08 04:17:02,349 - __main__ - ERROR -   Batch 785: NaN or Inf loss detected! Skipping batch.
2026-05-08 04:17:02,409 - __main__ - ERROR -   Batch 786: NaN or Inf loss detected! Skipping batch.
2026-05-08 04:17:02,470 - __main__ - ERROR -   Batch 787: NaN or Inf loss detected! Skipping batch.
2026-05-08 04:17:02,530 - __main__ - ERROR -   Batch 788: NaN or Inf loss detected! Skipping batch.
2026-05-08 04:17:02,589 - __main__ - ERROR -   Batch 789: NaN or Inf loss detected! Skipping batch.
2026-05-08 04:17:02,650 - __main__ - ERROR -   Batch 790: NaN or Inf loss detected! Skipping batch.
2026-05-08 04:17:02,710 - __main__ - ERROR -   Batch 791: NaN or Inf loss detected! Skipping batch.
2026-05-08 04:17:02,770 - __main__ - ERROR -   Batch 792: NaN or Inf loss detected! Skipping batch.
2026-05-08 04:17:02,830 - __main__ - ERROR -   Batch 793: NaN or Inf loss detected! Skipping batch.
2026-05-08 04:17:02,891 - __main__ - ERROR -   Batch 794: NaN or Inf loss detected! Skipping batch.
2026-05-08 04:17:02,951 - __main__ - ERROR -   Batch 795: NaN or Inf loss detected! Skipping batch.
2026-05-08 04:17:03,006 - __main__ - ERROR -   Batch 796: NaN or Inf loss detected! Skipping batch.
2026-05-08 04:17:03,066 - __main__ - ERROR -   Batch 797: NaN or Inf loss detected! Skipping batch.
2026-05-08 04:17:03,126 - __main__ - ERROR -   Batch 798: NaN or Inf loss detected! Skipping batch.
2026-05-08 04:17:03,186 - __main__ - ERROR -   Batch 799: NaN or Inf loss detected! Skipping batch.
2026-05-08 04:17:03,241 - __main__ - ERROR -   Batch 800: NaN or Inf loss detected! Skipping batch.
2026-05-08 04:17:03,301 - __main__ - ERROR -   Batch 801: NaN or Inf loss detected! Skipping batch.
2026-05-08 04:17:03,361 - __main__ - ERROR -   Batch 802: NaN or Inf loss detected! Skipping batch.
2026-05-08 04:17:03,421 - __main__ - ERROR -   Batch 803: NaN or Inf loss detected! Skipping batch.
2026-05-08 04:17:03,477 - __main__ - ERROR -   Batch 804: NaN or Inf loss detected! Skipping batch.
2026-05-08 04:17:03,536 - __main__ - ERROR -   Batch 805: NaN or Inf loss detected! Skipping batch.
2026-05-08 04:17:03,596 - __main__ - ERROR -   Batch 806: NaN or Inf loss detected! Skipping batch.
2026-05-08 04:17:03,656 - __main__ - ERROR -   Batch 807: NaN or Inf loss detected! Skipping batch.
2026-05-08 04:17:03,717 - __main__ - ERROR -   Batch 808: NaN or Inf loss detected! Skipping batch.
2026-05-08 04:17:03,777 - __main__ - ERROR -   Batch 809: NaN or Inf loss detected! Skipping batch.
2026-05-08 04:17:03,836 - __main__ - ERROR -   Batch 810: NaN or Inf loss detected! Skipping batch.
2026-05-08 04:17:03,897 - __main__ - ERROR -   Batch 811: NaN or Inf loss detected! Skipping batch.
2026-05-08 04:17:03,957 - __main__ - ERROR -   Batch 812: NaN or Inf loss detected! Skipping batch.
2026-05-08 04:17:04,017 - __main__ - ERROR -   Batch 813: NaN or Inf loss detected! Skipping batch.
2026-05-08 04:17:04,078 - __main__ - ERROR -   Batch 814: NaN or Inf loss detected! Skipping batch.
2026-05-08 04:17:04,132 - __main__ - ERROR -   Batch 815: NaN or Inf loss detected! Skipping batch.
2026-05-08 04:17:04,193 - __main__ - ERROR -   Batch 816: NaN or Inf loss detected! Skipping batch.
2026-05-08 04:17:04,242 - __main__ - ERROR -   Batch 817: NaN or Inf loss detected! Skipping batch.
2026-05-08 04:17:04,302 - __main__ - ERROR -   Batch 818: NaN or Inf loss detected! Skipping batch.
2026-05-08 04:17:04,363 - __main__ - ERROR -   Batch 819: NaN or Inf loss detected! Skipping batch.
2026-05-08 04:17:04,423 - __main__ - ERROR -   Batch 820: NaN or Inf loss detected! Skipping batch.
2026-05-08 04:17:04,483 - __main__ - ERROR -   Batch 821: NaN or Inf loss detected! Skipping batch.
2026-05-08 04:17:04,543 - __main__ - ERROR -   Batch 822: NaN or Inf loss detected! Skipping batch.
2026-05-08 04:17:04,604 - __main__ - ERROR -   Batch 823: NaN or Inf loss detected! Skipping batch.
2026-05-08 04:17:04,664 - __main__ - ERROR -   Batch 824: NaN or Inf loss detected! Skipping batch.
2026-05-08 04:17:04,725 - __main__ - ERROR -   Batch 825: NaN or Inf loss detected! Skipping batch.
2026-05-08 04:17:04,785 - __main__ - ERROR -   Batch 826: NaN or Inf loss detected! Skipping batch.
2026-05-08 04:17:04,840 - __main__ - ERROR -   Batch 827: NaN or Inf loss detected! Skipping batch.
2026-05-08 04:17:04,894 - __main__ - ERROR -   Batch 828: NaN or Inf loss detected! Skipping batch.
2026-05-08 04:17:04,954 - __main__ - ERROR -   Batch 829: NaN or Inf loss detected! Skipping batch.
2026-05-08 04:17:05,015 - __main__ - ERROR -   Batch 830: NaN or Inf loss detected! Skipping batch.
2026-05-08 04:17:05,075 - __main__ - ERROR -   Batch 831: NaN or Inf loss detected! Skipping batch.
2026-05-08 04:17:05,135 - __main__ - ERROR -   Batch 832: NaN or Inf loss detected! Skipping batch.
2026-05-08 04:17:05,196 - __main__ - ERROR -   Batch 833: NaN or Inf loss detected! Skipping batch.
2026-05-08 04:17:05,256 - __main__ - ERROR -   Batch 834: NaN or Inf loss detected! Skipping batch.
2026-05-08 04:17:05,316 - __main__ - ERROR -   Batch 835: NaN or Inf loss detected! Skipping batch.
2026-05-08 04:17:05,376 - __main__ - ERROR -   Batch 836: NaN or Inf loss detected! Skipping batch.
2026-05-08 04:17:05,437 - __main__ - ERROR -   Batch 837: NaN or Inf loss detected! Skipping batch.
2026-05-08 04:17:05,497 - __main__ - ERROR -   Batch 838: NaN or Inf loss detected! Skipping batch.
2026-05-08 04:17:05,557 - __main__ - ERROR -   Batch 839: NaN or Inf loss detected! Skipping batch.
2026-05-08 04:17:05,617 - __main__ - ERROR -   Batch 840: NaN or Inf loss detected! Skipping batch.
2026-05-08 04:17:05,672 - __main__ - ERROR -   Batch 841: NaN or Inf loss detected! Skipping batch.
2026-05-08 04:17:05,732 - __main__ - ERROR -   Batch 842: NaN or Inf loss detected! Skipping batch.
2026-05-08 04:17:05,793 - __main__ - ERROR -   Batch 843: NaN or Inf loss detected! Skipping batch.
2026-05-08 04:17:05,853 - __main__ - ERROR -   Batch 844: NaN or Inf loss detected! Skipping batch.
2026-05-08 04:17:05,913 - __main__ - ERROR -   Batch 845: NaN or Inf loss detected! Skipping batch.
2026-05-08 04:17:05,974 - __main__ - ERROR -   Batch 846: NaN or Inf loss detected! Skipping batch.
2026-05-08 04:17:06,034 - __main__ - ERROR -   Batch 847: NaN or Inf loss detected! Skipping batch.
2026-05-08 04:17:06,094 - __main__ - ERROR -   Batch 848: NaN or Inf loss detected! Skipping batch.
2026-05-08 04:17:06,155 - __main__ - ERROR -   Batch 849: NaN or Inf loss detected! Skipping batch.
2026-05-08 04:17:06,214 - __main__ - ERROR -   Batch 850: NaN or Inf loss detected! Skipping batch.
2026-05-08 04:17:06,274 - __main__ - ERROR -   Batch 851: NaN or Inf loss detected! Skipping batch.
2026-05-08 04:17:06,335 - __main__ - ERROR -   Batch 852: NaN or Inf loss detected! Skipping batch.
2026-05-08 04:17:06,395 - __main__ - ERROR -   Batch 853: NaN or Inf loss detected! Skipping batch.
2026-05-08 04:17:06,456 - __main__ - ERROR -   Batch 854: NaN or Inf loss detected! Skipping batch.
2026-05-08 04:17:06,516 - __main__ - ERROR -   Batch 855: NaN or Inf loss detected! Skipping batch.
2026-05-08 04:17:06,576 - __main__ - ERROR -   Batch 856: NaN or Inf loss detected! Skipping batch.
2026-05-08 04:17:06,636 - __main__ - ERROR -   Batch 857: NaN or Inf loss detected! Skipping batch.
2026-05-08 04:17:06,696 - __main__ - ERROR -   Batch 858: NaN or Inf loss detected! Skipping batch.
2026-05-08 04:17:06,757 - __main__ - ERROR -   Batch 859: NaN or Inf loss detected! Skipping batch.
2026-05-08 04:17:06,817 - __main__ - ERROR -   Batch 860: NaN or Inf loss detected! Skipping batch.
2026-05-08 04:17:06,878 - __main__ - ERROR -   Batch 861: NaN or Inf loss detected! Skipping batch.
2026-05-08 04:17:06,939 - __main__ - ERROR -   Batch 862: NaN or Inf loss detected! Skipping batch.
2026-05-08 04:17:06,993 - __main__ - ERROR -   Batch 863: NaN or Inf loss detected! Skipping batch.
2026-05-08 04:17:07,054 - __main__ - ERROR -   Batch 864: NaN or Inf loss detected! Skipping batch.
2026-05-08 04:17:07,114 - __main__ - ERROR -   Batch 865: NaN or Inf loss detected! Skipping batch.
2026-05-08 04:17:07,168 - __main__ - ERROR -   Batch 866: NaN or Inf loss detected! Skipping batch.
2026-05-08 04:17:07,229 - __main__ - ERROR -   Batch 867: NaN or Inf loss detected! Skipping batch.
2026-05-08 04:17:07,289 - __main__ - ERROR -   Batch 868: NaN or Inf loss detected! Skipping batch.
2026-05-08 04:17:07,349 - __main__ - ERROR -   Batch 869: NaN or Inf loss detected! Skipping batch.
2026-05-08 04:17:07,409 - __main__ - ERROR -   Batch 870: NaN or Inf loss detected! Skipping batch.
2026-05-08 04:17:07,470 - __main__ - ERROR -   Batch 871: NaN or Inf loss detected! Skipping batch.
2026-05-08 04:17:07,530 - __main__ - ERROR -   Batch 872: NaN or Inf loss detected! Skipping batch.
2026-05-08 04:17:07,590 - __main__ - ERROR -   Batch 873: NaN or Inf loss detected! Skipping batch.
2026-05-08 04:17:07,938 - __main__ - ERROR -   Batch 874: NaN or Inf loss detected! Skipping batch.
2026-05-08 04:17:07,998 - __main__ - ERROR -   Batch 875: NaN or Inf loss detected! Skipping batch.
2026-05-08 04:17:08,058 - __main__ - ERROR -   Batch 876: NaN or Inf loss detected! Skipping batch.
2026-05-08 04:17:08,119 - __main__ - ERROR -   Batch 877: NaN or Inf loss detected! Skipping batch.
2026-05-08 04:17:08,178 - __main__ - ERROR -   Batch 878: NaN or Inf loss detected! Skipping batch.
2026-05-08 04:17:08,239 - __main__ - ERROR -   Batch 879: NaN or Inf loss detected! Skipping batch.
2026-05-08 04:17:08,289 - __main__ - ERROR -   Batch 880: NaN or Inf loss detected! Skipping batch.
2026-05-08 04:17:08,344 - __main__ - ERROR -   Batch 881: NaN or Inf loss detected! Skipping batch.
2026-05-08 04:17:08,404 - __main__ - ERROR -   Batch 882: NaN or Inf loss detected! Skipping batch.
2026-05-08 04:17:08,464 - __main__ - ERROR -   Batch 883: NaN or Inf loss detected! Skipping batch.
2026-05-08 04:17:08,524 - __main__ - ERROR -   Batch 884: NaN or Inf loss detected! Skipping batch.
2026-05-08 04:17:08,585 - __main__ - ERROR -   Batch 885: NaN or Inf loss detected! Skipping batch.
2026-05-08 04:17:08,645 - __main__ - ERROR -   Batch 886: NaN or Inf loss detected! Skipping batch.
2026-05-08 04:17:08,705 - __main__ - ERROR -   Batch 887: NaN or Inf loss detected! Skipping batch.
2026-05-08 04:17:08,759 - __main__ - ERROR -   Batch 888: NaN or Inf loss detected! Skipping batch.
2026-05-08 04:17:08,820 - __main__ - ERROR -   Batch 889: NaN or Inf loss detected! Skipping batch.
2026-05-08 04:17:08,880 - __main__ - ERROR -   Batch 890: NaN or Inf loss detected! Skipping batch.
2026-05-08 04:17:08,940 - __main__ - ERROR -   Batch 891: NaN or Inf loss detected! Skipping batch.
2026-05-08 04:17:09,000 - __main__ - ERROR -   Batch 892: NaN or Inf loss detected! Skipping batch.
2026-05-08 04:17:09,055 - __main__ - ERROR -   Batch 893: NaN or Inf loss detected! Skipping batch.
2026-05-08 04:17:09,105 - __main__ - ERROR -   Batch 894: NaN or Inf loss detected! Skipping batch.
2026-05-08 04:17:09,165 - __main__ - ERROR -   Batch 895: NaN or Inf loss detected! Skipping batch.
2026-05-08 04:17:09,225 - __main__ - ERROR -   Batch 896: NaN or Inf loss detected! Skipping batch.
2026-05-08 04:17:09,285 - __main__ - ERROR -   Batch 897: NaN or Inf loss detected! Skipping batch.
2026-05-08 04:17:09,345 - __main__ - ERROR -   Batch 898: NaN or Inf loss detected! Skipping batch.
2026-05-08 04:17:09,405 - __main__ - ERROR -   Batch 899: NaN or Inf loss detected! Skipping batch.
2026-05-08 04:17:09,460 - __main__ - ERROR -   Batch 900: NaN or Inf loss detected! Skipping batch.
2026-05-08 04:17:09,520 - __main__ - ERROR -   Batch 901: NaN or Inf loss detected! Skipping batch.
2026-05-08 04:17:09,580 - __main__ - ERROR -   Batch 902: NaN or Inf loss detected! Skipping batch.
2026-05-08 04:17:09,640 - __main__ - ERROR -   Batch 903: NaN or Inf loss detected! Skipping batch.
2026-05-08 04:17:09,701 - __main__ - ERROR -   Batch 904: NaN or Inf loss detected! Skipping batch.
2026-05-08 04:17:09,762 - __main__ - ERROR -   Batch 905: NaN or Inf loss detected! Skipping batch.
2026-05-08 04:17:09,822 - __main__ - ERROR -   Batch 906: NaN or Inf loss detected! Skipping batch.
2026-05-08 04:17:09,882 - __main__ - ERROR -   Batch 907: NaN or Inf loss detected! Skipping batch.
2026-05-08 04:17:09,943 - __main__ - ERROR -   Batch 908: NaN or Inf loss detected! Skipping batch.
2026-05-08 04:17:10,003 - __main__ - ERROR -   Batch 909: NaN or Inf loss detected! Skipping batch.
2026-05-08 04:17:10,063 - __main__ - ERROR -   Batch 910: NaN or Inf loss detected! Skipping batch.
2026-05-08 04:17:10,123 - __main__ - ERROR -   Batch 911: NaN or Inf loss detected! Skipping batch.
2026-05-08 04:17:10,184 - __main__ - ERROR -   Batch 912: NaN or Inf loss detected! Skipping batch.
2026-05-08 04:17:10,245 - __main__ - ERROR -   Batch 913: NaN or Inf loss detected! Skipping batch.
2026-05-08 04:17:10,305 - __main__ - ERROR -   Batch 914: NaN or Inf loss detected! Skipping batch.
2026-05-08 04:17:10,365 - __main__ - ERROR -   Batch 915: NaN or Inf loss detected! Skipping batch.
2026-05-08 04:17:10,425 - __main__ - ERROR -   Batch 916: NaN or Inf loss detected! Skipping batch.
2026-05-08 04:17:10,486 - __main__ - ERROR -   Batch 917: NaN or Inf loss detected! Skipping batch.
2026-05-08 04:17:10,546 - __main__ - ERROR -   Batch 918: NaN or Inf loss detected! Skipping batch.
2026-05-08 04:17:10,606 - __main__ - ERROR -   Batch 919: NaN or Inf loss detected! Skipping batch.
2026-05-08 04:17:10,667 - __main__ - ERROR -   Batch 920: NaN or Inf loss detected! Skipping batch.
2026-05-08 04:17:10,727 - __main__ - ERROR -   Batch 921: NaN or Inf loss detected! Skipping batch.
2026-05-08 04:17:10,787 - __main__ - ERROR -   Batch 922: NaN or Inf loss detected! Skipping batch.
2026-05-08 04:17:10,848 - __main__ - ERROR -   Batch 923: NaN or Inf loss detected! Skipping batch.
2026-05-08 04:17:10,907 - __main__ - ERROR -   Batch 924: NaN or Inf loss detected! Skipping batch.
2026-05-08 04:17:10,968 - __main__ - ERROR -   Batch 925: NaN or Inf loss detected! Skipping batch.
2026-05-08 04:17:11,027 - __main__ - ERROR -   Batch 926: NaN or Inf loss detected! Skipping batch.
2026-05-08 04:17:11,088 - __main__ - ERROR -   Batch 927: NaN or Inf loss detected! Skipping batch.
2026-05-08 04:17:11,148 - __main__ - ERROR -   Batch 928: NaN or Inf loss detected! Skipping batch.
2026-05-08 04:17:11,209 - __main__ - ERROR -   Batch 929: NaN or Inf loss detected! Skipping batch.
2026-05-08 04:17:11,269 - __main__ - ERROR -   Batch 930: NaN or Inf loss detected! Skipping batch.
2026-05-08 04:17:11,329 - __main__ - ERROR -   Batch 931: NaN or Inf loss detected! Skipping batch.
2026-05-08 04:17:11,390 - __main__ - ERROR -   Batch 932: NaN or Inf loss detected! Skipping batch.
2026-05-08 04:17:11,444 - __main__ - ERROR -   Batch 933: NaN or Inf loss detected! Skipping batch.
2026-05-08 04:17:11,498 - __main__ - ERROR -   Batch 934: NaN or Inf loss detected! Skipping batch.
2026-05-08 04:17:11,559 - __main__ - ERROR -   Batch 935: NaN or Inf loss detected! Skipping batch.
2026-05-08 04:17:11,619 - __main__ - ERROR -   Batch 936: NaN or Inf loss detected! Skipping batch.
2026-05-08 04:17:11,679 - __main__ - ERROR -   Batch 937: NaN or Inf loss detected! Skipping batch.
2026-05-08 04:17:11,740 - __main__ - ERROR -   Batch 938: NaN or Inf loss detected! Skipping batch.
2026-05-08 04:17:11,800 - __main__ - ERROR -   Batch 939: NaN or Inf loss detected! Skipping batch.
2026-05-08 04:17:11,861 - __main__ - ERROR -   Batch 940: NaN or Inf loss detected! Skipping batch.
2026-05-08 04:17:11,921 - __main__ - ERROR -   Batch 941: NaN or Inf loss detected! Skipping batch.
2026-05-08 04:17:11,981 - __main__ - ERROR -   Batch 942: NaN or Inf loss detected! Skipping batch.
2026-05-08 04:17:12,042 - __main__ - ERROR -   Batch 943: NaN or Inf loss detected! Skipping batch.
2026-05-08 04:17:12,102 - __main__ - ERROR -   Batch 944: NaN or Inf loss detected! Skipping batch.
2026-05-08 04:17:12,162 - __main__ - ERROR -   Batch 945: NaN or Inf loss detected! Skipping batch.
2026-05-08 04:17:12,222 - __main__ - ERROR -   Batch 946: NaN or Inf loss detected! Skipping batch.
2026-05-08 04:17:12,283 - __main__ - ERROR -   Batch 947: NaN or Inf loss detected! Skipping batch.
2026-05-08 04:17:12,337 - __main__ - ERROR -   Batch 948: NaN or Inf loss detected! Skipping batch.
2026-05-08 04:17:12,397 - __main__ - ERROR -   Batch 949: NaN or Inf loss detected! Skipping batch.
2026-05-08 04:17:12,457 - __main__ - ERROR -   Batch 950: NaN or Inf loss detected! Skipping batch.
2026-05-08 04:17:12,518 - __main__ - ERROR -   Batch 951: NaN or Inf loss detected! Skipping batch.
2026-05-08 04:17:12,572 - __main__ - ERROR -   Batch 952: NaN or Inf loss detected! Skipping batch.
2026-05-08 04:17:12,632 - __main__ - ERROR -   Batch 953: NaN or Inf loss detected! Skipping batch.
2026-05-08 04:17:12,692 - __main__ - ERROR -   Batch 954: NaN or Inf loss detected! Skipping batch.
2026-05-08 04:17:12,747 - __main__ - ERROR -   Batch 955: NaN or Inf loss detected! Skipping batch.
2026-05-08 04:17:12,808 - __main__ - ERROR -   Batch 956: NaN or Inf loss detected! Skipping batch.
2026-05-08 04:17:12,868 - __main__ - ERROR -   Batch 957: NaN or Inf loss detected! Skipping batch.
2026-05-08 04:17:12,928 - __main__ - ERROR -   Batch 958: NaN or Inf loss detected! Skipping batch.
2026-05-08 04:17:12,988 - __main__ - ERROR -   Batch 959: NaN or Inf loss detected! Skipping batch.
2026-05-08 04:17:13,048 - __main__ - ERROR -   Batch 960: NaN or Inf loss detected! Skipping batch.
2026-05-08 04:17:13,108 - __main__ - ERROR -   Batch 961: NaN or Inf loss detected! Skipping batch.
2026-05-08 04:17:13,169 - __main__ - ERROR -   Batch 962: NaN or Inf loss detected! Skipping batch.
2026-05-08 04:17:13,229 - __main__ - ERROR -   Batch 963: NaN or Inf loss detected! Skipping batch.
2026-05-08 04:17:13,289 - __main__ - ERROR -   Batch 964: NaN or Inf loss detected! Skipping batch.
2026-05-08 04:17:13,349 - __main__ - ERROR -   Batch 965: NaN or Inf loss detected! Skipping batch.
2026-05-08 04:17:13,403 - __main__ - ERROR -   Batch 966: NaN or Inf loss detected! Skipping batch.
2026-05-08 04:17:13,464 - __main__ - ERROR -   Batch 967: NaN or Inf loss detected! Skipping batch.
2026-05-08 04:17:13,524 - __main__ - ERROR -   Batch 968: NaN or Inf loss detected! Skipping batch.
2026-05-08 04:17:13,584 - __main__ - ERROR -   Batch 969: NaN or Inf loss detected! Skipping batch.
2026-05-08 04:17:13,644 - __main__ - ERROR -   Batch 970: NaN or Inf loss detected! Skipping batch.
2026-05-08 04:17:13,705 - __main__ - ERROR -   Batch 971: NaN or Inf loss detected! Skipping batch.
2026-05-08 04:17:13,765 - __main__ - ERROR -   Batch 972: NaN or Inf loss detected! Skipping batch.
2026-05-08 04:17:13,825 - __main__ - ERROR -   Batch 973: NaN or Inf loss detected! Skipping batch.
2026-05-08 04:17:13,885 - __main__ - ERROR -   Batch 974: NaN or Inf loss detected! Skipping batch.
2026-05-08 04:17:13,940 - __main__ - ERROR -   Batch 975: NaN or Inf loss detected! Skipping batch.
2026-05-08 04:17:13,994 - __main__ - ERROR -   Batch 976: NaN or Inf loss detected! Skipping batch.
2026-05-08 04:17:14,054 - __main__ - ERROR -   Batch 977: NaN or Inf loss detected! Skipping batch.
2026-05-08 04:17:14,114 - __main__ - ERROR -   Batch 978: NaN or Inf loss detected! Skipping batch.
2026-05-08 04:17:14,174 - __main__ - ERROR -   Batch 979: NaN or Inf loss detected! Skipping batch.
2026-05-08 04:17:14,234 - __main__ - ERROR -   Batch 980: NaN or Inf loss detected! Skipping batch.
2026-05-08 04:17:14,294 - __main__ - ERROR -   Batch 981: NaN or Inf loss detected! Skipping batch.
2026-05-08 04:17:14,354 - __main__ - ERROR -   Batch 982: NaN or Inf loss detected! Skipping batch.
2026-05-08 04:17:14,414 - __main__ - ERROR -   Batch 983: NaN or Inf loss detected! Skipping batch.
2026-05-08 04:17:14,475 - __main__ - ERROR -   Batch 984: NaN or Inf loss detected! Skipping batch.
2026-05-08 04:17:14,535 - __main__ - ERROR -   Batch 985: NaN or Inf loss detected! Skipping batch.
2026-05-08 04:17:14,595 - __main__ - ERROR -   Batch 986: NaN or Inf loss detected! Skipping batch.
2026-05-08 04:17:14,655 - __main__ - ERROR -   Batch 987: NaN or Inf loss detected! Skipping batch.
2026-05-08 04:17:14,710 - __main__ - ERROR -   Batch 988: NaN or Inf loss detected! Skipping batch.
2026-05-08 04:17:14,770 - __main__ - ERROR -   Batch 989: NaN or Inf loss detected! Skipping batch.
2026-05-08 04:17:14,830 - __main__ - ERROR -   Batch 990: NaN or Inf loss detected! Skipping batch.
2026-05-08 04:17:14,890 - __main__ - ERROR -   Batch 991: NaN or Inf loss detected! Skipping batch.
2026-05-08 04:17:14,950 - __main__ - ERROR -   Batch 992: NaN or Inf loss detected! Skipping batch.
2026-05-08 04:17:15,278 - __main__ - ERROR -   Batch 993: NaN or Inf loss detected! Skipping batch.
2026-05-08 04:17:15,338 - __main__ - ERROR -   Batch 994: NaN or Inf loss detected! Skipping batch.
2026-05-08 04:17:15,399 - __main__ - ERROR -   Batch 995: NaN or Inf loss detected! Skipping batch.
2026-05-08 04:17:15,459 - __main__ - ERROR -   Batch 996: NaN or Inf loss detected! Skipping batch.
2026-05-08 04:17:15,519 - __main__ - ERROR -   Batch 997: NaN or Inf loss detected! Skipping batch.
2026-05-08 04:17:15,578 - __main__ - ERROR -   Batch 998: NaN or Inf loss detected! Skipping batch.
2026-05-08 04:17:15,633 - __main__ - ERROR -   Batch 999: NaN or Inf loss detected! Skipping batch.
2026-05-08 04:17:15,693 - __main__ - ERROR -   Batch 1000: NaN or Inf loss detected! Skipping batch.
2026-05-08 04:17:15,753 - __main__ - ERROR -   Batch 1001: NaN or Inf loss detected! Skipping batch.
2026-05-08 04:17:15,814 - __main__ - ERROR -   Batch 1002: NaN or Inf loss detected! Skipping batch.
2026-05-08 04:17:15,874 - __main__ - ERROR -   Batch 1003: NaN or Inf loss detected! Skipping batch.
2026-05-08 04:17:15,935 - __main__ - ERROR -   Batch 1004: NaN or Inf loss detected! Skipping batch.
2026-05-08 04:17:15,995 - __main__ - ERROR -   Batch 1005: NaN or Inf loss detected! Skipping batch.
2026-05-08 04:17:16,056 - __main__ - ERROR -   Batch 1006: NaN or Inf loss detected! Skipping batch.
2026-05-08 04:17:16,116 - __main__ - ERROR -   Batch 1007: NaN or Inf loss detected! Skipping batch.
2026-05-08 04:17:16,176 - __main__ - ERROR -   Batch 1008: NaN or Inf loss detected! Skipping batch.
2026-05-08 04:17:16,236 - __main__ - ERROR -   Batch 1009: NaN or Inf loss detected! Skipping batch.
2026-05-08 04:17:16,296 - __main__ - ERROR -   Batch 1010: NaN or Inf loss detected! Skipping batch.
2026-05-08 04:17:16,357 - __main__ - ERROR -   Batch 1011: NaN or Inf loss detected! Skipping batch.
2026-05-08 04:17:16,418 - __main__ - ERROR -   Batch 1012: NaN or Inf loss detected! Skipping batch.
2026-05-08 04:17:16,479 - __main__ - ERROR -   Batch 1013: NaN or Inf loss detected! Skipping batch.
2026-05-08 04:17:16,539 - __main__ - ERROR -   Batch 1014: NaN or Inf loss detected! Skipping batch.
2026-05-08 04:17:16,599 - __main__ - ERROR -   Batch 1015: NaN or Inf loss detected! Skipping batch.
2026-05-08 04:17:16,660 - __main__ - ERROR -   Batch 1016: NaN or Inf loss detected! Skipping batch.
2026-05-08 04:17:16,721 - __main__ - ERROR -   Batch 1017: NaN or Inf loss detected! Skipping batch.
2026-05-08 04:17:16,782 - __main__ - ERROR -   Batch 1018: NaN or Inf loss detected! Skipping batch.
2026-05-08 04:17:16,842 - __main__ - ERROR -   Batch 1019: NaN or Inf loss detected! Skipping batch.
2026-05-08 04:17:16,902 - __main__ - ERROR -   Batch 1020: NaN or Inf loss detected! Skipping batch.
2026-05-08 04:17:16,962 - __main__ - ERROR -   Batch 1021: NaN or Inf loss detected! Skipping batch.
2026-05-08 04:17:17,023 - __main__ - ERROR -   Batch 1022: NaN or Inf loss detected! Skipping batch.
2026-05-08 04:17:17,084 - __main__ - ERROR -   Batch 1023: NaN or Inf loss detected! Skipping batch.
2026-05-08 04:17:17,144 - __main__ - ERROR -   Batch 1024: NaN or Inf loss detected! Skipping batch.
2026-05-08 04:17:17,204 - __main__ - ERROR -   Batch 1025: NaN or Inf loss detected! Skipping batch.
2026-05-08 04:17:17,265 - __main__ - ERROR -   Batch 1026: NaN or Inf loss detected! Skipping batch.
2026-05-08 04:17:17,326 - __main__ - ERROR -   Batch 1027: NaN or Inf loss detected! Skipping batch.
2026-05-08 04:17:17,386 - __main__ - ERROR -   Batch 1028: NaN or Inf loss detected! Skipping batch.
2026-05-08 04:17:17,447 - __main__ - ERROR -   Batch 1029: NaN or Inf loss detected! Skipping batch.
2026-05-08 04:17:17,508 - __main__ - ERROR -   Batch 1030: NaN or Inf loss detected! Skipping batch.
2026-05-08 04:17:17,568 - __main__ - ERROR -   Batch 1031: NaN or Inf loss detected! Skipping batch.
2026-05-08 04:17:17,629 - __main__ - ERROR -   Batch 1032: NaN or Inf loss detected! Skipping batch.
2026-05-08 04:17:17,690 - __main__ - ERROR -   Batch 1033: NaN or Inf loss detected! Skipping batch.
2026-05-08 04:17:17,751 - __main__ - ERROR -   Batch 1034: NaN or Inf loss detected! Skipping batch.
2026-05-08 04:17:17,801 - __main__ - ERROR -   Batch 1035: NaN or Inf loss detected! Skipping batch.
2026-05-08 04:17:17,861 - __main__ - ERROR -   Batch 1036: NaN or Inf loss detected! Skipping batch.
2026-05-08 04:17:17,922 - __main__ - ERROR -   Batch 1037: NaN or Inf loss detected! Skipping batch.
2026-05-08 04:17:17,982 - __main__ - ERROR -   Batch 1038: NaN or Inf loss detected! Skipping batch.
2026-05-08 04:17:18,043 - __main__ - ERROR -   Batch 1039: NaN or Inf loss detected! Skipping batch.
2026-05-08 04:17:18,104 - __main__ - ERROR -   Batch 1040: NaN or Inf loss detected! Skipping batch.
2026-05-08 04:17:18,165 - __main__ - ERROR -   Batch 1041: NaN or Inf loss detected! Skipping batch.
2026-05-08 04:17:18,225 - __main__ - ERROR -   Batch 1042: NaN or Inf loss detected! Skipping batch.
2026-05-08 04:17:18,286 - __main__ - ERROR -   Batch 1043: NaN or Inf loss detected! Skipping batch.
2026-05-08 04:17:18,346 - __main__ - ERROR -   Batch 1044: NaN or Inf loss detected! Skipping batch.
2026-05-08 04:17:18,407 - __main__ - ERROR -   Batch 1045: NaN or Inf loss detected! Skipping batch.
2026-05-08 04:17:18,467 - __main__ - ERROR -   Batch 1046: NaN or Inf loss detected! Skipping batch.
2026-05-08 04:17:18,528 - __main__ - ERROR -   Batch 1047: NaN or Inf loss detected! Skipping batch.
2026-05-08 04:17:18,588 - __main__ - ERROR -   Batch 1048: NaN or Inf loss detected! Skipping batch.
2026-05-08 04:17:18,648 - __main__ - ERROR -   Batch 1049: NaN or Inf loss detected! Skipping batch.
2026-05-08 04:17:18,710 - __main__ - ERROR -   Batch 1050: NaN or Inf loss detected! Skipping batch.
2026-05-08 04:17:18,771 - __main__ - ERROR -   Batch 1051: NaN or Inf loss detected! Skipping batch.
2026-05-08 04:17:18,832 - __main__ - ERROR -   Batch 1052: NaN or Inf loss detected! Skipping batch.
2026-05-08 04:17:18,893 - __main__ - ERROR -   Batch 1053: NaN or Inf loss detected! Skipping batch.
2026-05-08 04:17:18,948 - __main__ - ERROR -   Batch 1054: NaN or Inf loss detected! Skipping batch.
2026-05-08 04:17:19,008 - __main__ - ERROR -   Batch 1055: NaN or Inf loss detected! Skipping batch.
2026-05-08 04:17:19,063 - __main__ - ERROR -   Batch 1056: NaN or Inf loss detected! Skipping batch.
2026-05-08 04:17:19,123 - __main__ - ERROR -   Batch 1057: NaN or Inf loss detected! Skipping batch.
2026-05-08 04:17:19,183 - __main__ - ERROR -   Batch 1058: NaN or Inf loss detected! Skipping batch.
2026-05-08 04:17:19,244 - __main__ - ERROR -   Batch 1059: NaN or Inf loss detected! Skipping batch.
2026-05-08 04:17:19,304 - __main__ - ERROR -   Batch 1060: NaN or Inf loss detected! Skipping batch.
2026-05-08 04:17:19,365 - __main__ - ERROR -   Batch 1061: NaN or Inf loss detected! Skipping batch.
2026-05-08 04:17:19,425 - __main__ - ERROR -   Batch 1062: NaN or Inf loss detected! Skipping batch.
2026-05-08 04:17:19,486 - __main__ - ERROR -   Batch 1063: NaN or Inf loss detected! Skipping batch.
2026-05-08 04:17:19,546 - __main__ - ERROR -   Batch 1064: NaN or Inf loss detected! Skipping batch.
2026-05-08 04:17:19,606 - __main__ - ERROR -   Batch 1065: NaN or Inf loss detected! Skipping batch.
2026-05-08 04:17:19,666 - __main__ - ERROR -   Batch 1066: NaN or Inf loss detected! Skipping batch.
2026-05-08 04:17:19,727 - __main__ - ERROR -   Batch 1067: NaN or Inf loss detected! Skipping batch.
2026-05-08 04:17:19,787 - __main__ - ERROR -   Batch 1068: NaN or Inf loss detected! Skipping batch.
2026-05-08 04:17:19,848 - __main__ - ERROR -   Batch 1069: NaN or Inf loss detected! Skipping batch.
2026-05-08 04:17:19,909 - __main__ - ERROR -   Batch 1070: NaN or Inf loss detected! Skipping batch.
2026-05-08 04:17:19,969 - __main__ - ERROR -   Batch 1071: NaN or Inf loss detected! Skipping batch.
2026-05-08 04:17:20,030 - __main__ - ERROR -   Batch 1072: NaN or Inf loss detected! Skipping batch.
2026-05-08 04:17:20,091 - __main__ - ERROR -   Batch 1073: NaN or Inf loss detected! Skipping batch.
2026-05-08 04:17:20,151 - __main__ - ERROR -   Batch 1074: NaN or Inf loss detected! Skipping batch.
2026-05-08 04:17:20,206 - __main__ - ERROR -   Batch 1075: NaN or Inf loss detected! Skipping batch.
2026-05-08 04:17:20,266 - __main__ - ERROR -   Batch 1076: NaN or Inf loss detected! Skipping batch.
2026-05-08 04:17:20,327 - __main__ - ERROR -   Batch 1077: NaN or Inf loss detected! Skipping batch.
2026-05-08 04:17:20,387 - __main__ - ERROR -   Batch 1078: NaN or Inf loss detected! Skipping batch.
2026-05-08 04:17:20,447 - __main__ - ERROR -   Batch 1079: NaN or Inf loss detected! Skipping batch.
2026-05-08 04:17:20,508 - __main__ - ERROR -   Batch 1080: NaN or Inf loss detected! Skipping batch.
2026-05-08 04:17:20,568 - __main__ - ERROR -   Batch 1081: NaN or Inf loss detected! Skipping batch.
2026-05-08 04:17:20,628 - __main__ - ERROR -   Batch 1082: NaN or Inf loss detected! Skipping batch.
2026-05-08 04:17:20,689 - __main__ - ERROR -   Batch 1083: NaN or Inf loss detected! Skipping batch.
2026-05-08 04:17:20,749 - __main__ - ERROR -   Batch 1084: NaN or Inf loss detected! Skipping batch.
2026-05-08 04:17:20,810 - __main__ - ERROR -   Batch 1085: NaN or Inf loss detected! Skipping batch.
2026-05-08 04:17:20,870 - __main__ - ERROR -   Batch 1086: NaN or Inf loss detected! Skipping batch.
2026-05-08 04:17:20,930 - __main__ - ERROR -   Batch 1087: NaN or Inf loss detected! Skipping batch.
2026-05-08 04:17:20,991 - __main__ - ERROR -   Batch 1088: NaN or Inf loss detected! Skipping batch.
2026-05-08 04:17:21,051 - __main__ - ERROR -   Batch 1089: NaN or Inf loss detected! Skipping batch.
2026-05-08 04:17:21,111 - __main__ - ERROR -   Batch 1090: NaN or Inf loss detected! Skipping batch.
2026-05-08 04:17:21,171 - __main__ - ERROR -   Batch 1091: NaN or Inf loss detected! Skipping batch.
2026-05-08 04:17:21,533 - __main__ - ERROR -   Batch 1092: NaN or Inf loss detected! Skipping batch.
2026-05-08 04:17:21,594 - __main__ - ERROR -   Batch 1093: NaN or Inf loss detected! Skipping batch.
2026-05-08 04:17:21,649 - __main__ - ERROR -   Batch 1094: NaN or Inf loss detected! Skipping batch.
2026-05-08 04:17:21,704 - __main__ - ERROR -   Batch 1095: NaN or Inf loss detected! Skipping batch.
2026-05-08 04:17:21,765 - __main__ - ERROR -   Batch 1096: NaN or Inf loss detected! Skipping batch.
2026-05-08 04:17:21,824 - __main__ - ERROR -   Batch 1097: NaN or Inf loss detected! Skipping batch.
2026-05-08 04:17:21,885 - __main__ - ERROR -   Batch 1098: NaN or Inf loss detected! Skipping batch.
2026-05-08 04:17:21,939 - __main__ - ERROR -   Batch 1099: NaN or Inf loss detected! Skipping batch.
2026-05-08 04:17:22,000 - __main__ - ERROR -   Batch 1100: NaN or Inf loss detected! Skipping batch.
2026-05-08 04:17:22,060 - __main__ - ERROR -   Batch 1101: NaN or Inf loss detected! Skipping batch.
2026-05-08 04:17:22,120 - __main__ - ERROR -   Batch 1102: NaN or Inf loss detected! Skipping batch.
2026-05-08 04:17:22,181 - __main__ - ERROR -   Batch 1103: NaN or Inf loss detected! Skipping batch.
2026-05-08 04:17:22,232 - __main__ - ERROR -   Batch 1104: NaN or Inf loss detected! Skipping batch.
2026-05-08 04:17:22,292 - __main__ - ERROR -   Batch 1105: NaN or Inf loss detected! Skipping batch.
2026-05-08 04:17:22,351 - __main__ - ERROR -   Batch 1106: NaN or Inf loss detected! Skipping batch.
2026-05-08 04:17:22,412 - __main__ - ERROR -   Batch 1107: NaN or Inf loss detected! Skipping batch.
2026-05-08 04:17:22,473 - __main__ - ERROR -   Batch 1108: NaN or Inf loss detected! Skipping batch.
2026-05-08 04:17:22,534 - __main__ - ERROR -   Batch 1109: NaN or Inf loss detected! Skipping batch.
2026-05-08 04:17:22,594 - __main__ - ERROR -   Batch 1110: NaN or Inf loss detected! Skipping batch.
2026-05-08 04:17:22,653 - __main__ - ERROR -   Batch 1111: NaN or Inf loss detected! Skipping batch.
2026-05-08 04:17:22,714 - __main__ - ERROR -   Batch 1112: NaN or Inf loss detected! Skipping batch.
2026-05-08 04:17:22,774 - __main__ - ERROR -   Batch 1113: NaN or Inf loss detected! Skipping batch.
2026-05-08 04:17:22,834 - __main__ - ERROR -   Batch 1114: NaN or Inf loss detected! Skipping batch.
2026-05-08 04:17:22,894 - __main__ - ERROR -   Batch 1115: NaN or Inf loss detected! Skipping batch.
2026-05-08 04:17:22,955 - __main__ - ERROR -   Batch 1116: NaN or Inf loss detected! Skipping batch.
2026-05-08 04:17:23,015 - __main__ - ERROR -   Batch 1117: NaN or Inf loss detected! Skipping batch.
2026-05-08 04:17:23,075 - __main__ - ERROR -   Batch 1118: NaN or Inf loss detected! Skipping batch.
2026-05-08 04:17:23,135 - __main__ - ERROR -   Batch 1119: NaN or Inf loss detected! Skipping batch.
2026-05-08 04:17:23,196 - __main__ - ERROR -   Batch 1120: NaN or Inf loss detected! Skipping batch.
2026-05-08 04:17:23,256 - __main__ - ERROR -   Batch 1121: NaN or Inf loss detected! Skipping batch.
2026-05-08 04:17:23,315 - __main__ - ERROR -   Batch 1122: NaN or Inf loss detected! Skipping batch.
2026-05-08 04:17:23,376 - __main__ - ERROR -   Batch 1123: NaN or Inf loss detected! Skipping batch.
2026-05-08 04:17:23,437 - __main__ - ERROR -   Batch 1124: NaN or Inf loss detected! Skipping batch.
2026-05-08 04:17:23,491 - __main__ - ERROR -   Batch 1125: NaN or Inf loss detected! Skipping batch.
2026-05-08 04:17:23,551 - __main__ - ERROR -   Batch 1126: NaN or Inf loss detected! Skipping batch.
2026-05-08 04:17:23,612 - __main__ - ERROR -   Batch 1127: NaN or Inf loss detected! Skipping batch.
2026-05-08 04:17:23,673 - __main__ - ERROR -   Batch 1128: NaN or Inf loss detected! Skipping batch.
2026-05-08 04:17:23,733 - __main__ - ERROR -   Batch 1129: NaN or Inf loss detected! Skipping batch.
2026-05-08 04:17:23,794 - __main__ - ERROR -   Batch 1130: NaN or Inf loss detected! Skipping batch.
2026-05-08 04:17:23,854 - __main__ - ERROR -   Batch 1131: NaN or Inf loss detected! Skipping batch.
2026-05-08 04:17:23,915 - __main__ - ERROR -   Batch 1132: NaN or Inf loss detected! Skipping batch.
2026-05-08 04:17:23,975 - __main__ - ERROR -   Batch 1133: NaN or Inf loss detected! Skipping batch.
2026-05-08 04:17:24,035 - __main__ - ERROR -   Batch 1134: NaN or Inf loss detected! Skipping batch.
2026-05-08 04:17:24,095 - __main__ - ERROR -   Batch 1135: NaN or Inf loss detected! Skipping batch.
2026-05-08 04:17:24,156 - __main__ - ERROR -   Batch 1136: NaN or Inf loss detected! Skipping batch.
2026-05-08 04:17:24,216 - __main__ - ERROR -   Batch 1137: NaN or Inf loss detected! Skipping batch.
2026-05-08 04:17:24,276 - __main__ - ERROR -   Batch 1138: NaN or Inf loss detected! Skipping batch.
2026-05-08 04:17:24,336 - __main__ - ERROR -   Batch 1139: NaN or Inf loss detected! Skipping batch.
2026-05-08 04:17:24,397 - __main__ - ERROR -   Batch 1140: NaN or Inf loss detected! Skipping batch.
2026-05-08 04:17:24,457 - __main__ - ERROR -   Batch 1141: NaN or Inf loss detected! Skipping batch.
2026-05-08 04:17:24,517 - __main__ - ERROR -   Batch 1142: NaN or Inf loss detected! Skipping batch.
2026-05-08 04:17:24,577 - __main__ - ERROR -   Batch 1143: NaN or Inf loss detected! Skipping batch.
2026-05-08 04:17:24,637 - __main__ - ERROR -   Batch 1144: NaN or Inf loss detected! Skipping batch.
2026-05-08 04:17:24,698 - __main__ - ERROR -   Batch 1145: NaN or Inf loss detected! Skipping batch.
2026-05-08 04:17:24,752 - __main__ - ERROR -   Batch 1146: NaN or Inf loss detected! Skipping batch.
2026-05-08 04:17:24,807 - __main__ - ERROR -   Batch 1147: NaN or Inf loss detected! Skipping batch.
2026-05-08 04:17:24,867 - __main__ - ERROR -   Batch 1148: NaN or Inf loss detected! Skipping batch.
2026-05-08 04:17:24,927 - __main__ - ERROR -   Batch 1149: NaN or Inf loss detected! Skipping batch.
2026-05-08 04:17:24,986 - __main__ - ERROR -   Batch 1150: NaN or Inf loss detected! Skipping batch.
2026-05-08 04:17:25,046 - __main__ - ERROR -   Batch 1151: NaN or Inf loss detected! Skipping batch.
2026-05-08 04:17:25,102 - __main__ - ERROR -   Batch 1152: NaN or Inf loss detected! Skipping batch.
2026-05-08 04:17:25,151 - __main__ - ERROR -   Batch 1153: NaN or Inf loss detected! Skipping batch.
2026-05-08 04:17:25,212 - __main__ - ERROR -   Batch 1154: NaN or Inf loss detected! Skipping batch.
2026-05-08 04:17:25,272 - __main__ - ERROR -   Batch 1155: NaN or Inf loss detected! Skipping batch.
2026-05-08 04:17:25,332 - __main__ - ERROR -   Batch 1156: NaN or Inf loss detected! Skipping batch.
2026-05-08 04:17:25,392 - __main__ - ERROR -   Batch 1157: NaN or Inf loss detected! Skipping batch.
2026-05-08 04:17:25,447 - __main__ - ERROR -   Batch 1158: NaN or Inf loss detected! Skipping batch.
2026-05-08 04:17:25,507 - __main__ - ERROR -   Batch 1159: NaN or Inf loss detected! Skipping batch.
2026-05-08 04:17:25,568 - __main__ - ERROR -   Batch 1160: NaN or Inf loss detected! Skipping batch.
2026-05-08 04:17:25,628 - __main__ - ERROR -   Batch 1161: NaN or Inf loss detected! Skipping batch.
2026-05-08 04:17:25,688 - __main__ - ERROR -   Batch 1162: NaN or Inf loss detected! Skipping batch.
2026-05-08 04:17:25,749 - __main__ - ERROR -   Batch 1163: NaN or Inf loss detected! Skipping batch.
2026-05-08 04:17:25,809 - __main__ - ERROR -   Batch 1164: NaN or Inf loss detected! Skipping batch.
2026-05-08 04:17:25,869 - __main__ - ERROR -   Batch 1165: NaN or Inf loss detected! Skipping batch.
2026-05-08 04:17:25,930 - __main__ - ERROR -   Batch 1166: NaN or Inf loss detected! Skipping batch.
2026-05-08 04:17:25,990 - __main__ - ERROR -   Batch 1167: NaN or Inf loss detected! Skipping batch.
2026-05-08 04:17:26,051 - __main__ - ERROR -   Batch 1168: NaN or Inf loss detected! Skipping batch.
2026-05-08 04:17:26,111 - __main__ - ERROR -   Batch 1169: NaN or Inf loss detected! Skipping batch.
2026-05-08 04:17:26,165 - __main__ - ERROR -   Batch 1170: NaN or Inf loss detected! Skipping batch.
2026-05-08 04:17:26,225 - __main__ - ERROR -   Batch 1171: NaN or Inf loss detected! Skipping batch.
2026-05-08 04:17:26,286 - __main__ - ERROR -   Batch 1172: NaN or Inf loss detected! Skipping batch.
2026-05-08 04:17:26,346 - __main__ - ERROR -   Batch 1173: NaN or Inf loss detected! Skipping batch.
2026-05-08 04:17:26,406 - __main__ - ERROR -   Batch 1174: NaN or Inf loss detected! Skipping batch.
2026-05-08 04:17:26,466 - __main__ - ERROR -   Batch 1175: NaN or Inf loss detected! Skipping batch.
2026-05-08 04:17:26,527 - __main__ - ERROR -   Batch 1176: NaN or Inf loss detected! Skipping batch.
2026-05-08 04:17:26,587 - __main__ - ERROR -   Batch 1177: NaN or Inf loss detected! Skipping batch.
2026-05-08 04:17:26,647 - __main__ - ERROR -   Batch 1178: NaN or Inf loss detected! Skipping batch.
2026-05-08 04:17:26,707 - __main__ - ERROR -   Batch 1179: NaN or Inf loss detected! Skipping batch.
2026-05-08 04:17:26,768 - __main__ - ERROR -   Batch 1180: NaN or Inf loss detected! Skipping batch.
2026-05-08 04:17:26,828 - __main__ - ERROR -   Batch 1181: NaN or Inf loss detected! Skipping batch.
2026-05-08 04:17:26,888 - __main__ - ERROR -   Batch 1182: NaN or Inf loss detected! Skipping batch.
2026-05-08 04:17:26,948 - __main__ - ERROR -   Batch 1183: NaN or Inf loss detected! Skipping batch.
2026-05-08 04:17:27,009 - __main__ - ERROR -   Batch 1184: NaN or Inf loss detected! Skipping batch.
2026-05-08 04:17:27,069 - __main__ - ERROR -   Batch 1185: NaN or Inf loss detected! Skipping batch.
2026-05-08 04:17:27,129 - __main__ - ERROR -   Batch 1186: NaN or Inf loss detected! Skipping batch.
2026-05-08 04:17:27,189 - __main__ - ERROR -   Batch 1187: NaN or Inf loss detected! Skipping batch.
2026-05-08 04:17:27,245 - __main__ - ERROR -   Batch 1188: NaN or Inf loss detected! Skipping batch.
2026-05-08 04:17:27,305 - __main__ - ERROR -   Batch 1189: NaN or Inf loss detected! Skipping batch.
2026-05-08 04:17:27,365 - __main__ - ERROR -   Batch 1190: NaN or Inf loss detected! Skipping batch.
2026-05-08 04:17:27,425 - __main__ - ERROR -   Batch 1191: NaN or Inf loss detected! Skipping batch.
2026-05-08 04:17:27,486 - __main__ - ERROR -   Batch 1192: NaN or Inf loss detected! Skipping batch.
2026-05-08 04:17:27,547 - __main__ - ERROR -   Batch 1193: NaN or Inf loss detected! Skipping batch.
2026-05-08 04:17:27,601 - __main__ - ERROR -   Batch 1194: NaN or Inf loss detected! Skipping batch.
2026-05-08 04:17:27,661 - __main__ - ERROR -   Batch 1195: NaN or Inf loss detected! Skipping batch.
2026-05-08 04:17:27,721 - __main__ - ERROR -   Batch 1196: NaN or Inf loss detected! Skipping batch.
2026-05-08 04:17:27,782 - __main__ - ERROR -   Batch 1197: NaN or Inf loss detected! Skipping batch.
2026-05-08 04:17:27,842 - __main__ - ERROR -   Batch 1198: NaN or Inf loss detected! Skipping batch.
2026-05-08 04:17:27,902 - __main__ - ERROR -   Batch 1199: NaN or Inf loss detected! Skipping batch.
2026-05-08 04:17:27,963 - __main__ - ERROR -   Batch 1200: NaN or Inf loss detected! Skipping batch.
2026-05-08 04:17:28,023 - __main__ - ERROR -   Batch 1201: NaN or Inf loss detected! Skipping batch.
2026-05-08 04:17:28,077 - __main__ - ERROR -   Batch 1202: NaN or Inf loss detected! Skipping batch.
2026-05-08 04:17:28,138 - __main__ - ERROR -   Batch 1203: NaN or Inf loss detected! Skipping batch.
2026-05-08 04:17:28,199 - __main__ - ERROR -   Batch 1204: NaN or Inf loss detected! Skipping batch.
2026-05-08 04:17:28,259 - __main__ - ERROR -   Batch 1205: NaN or Inf loss detected! Skipping batch.
2026-05-08 04:17:28,309 - __main__ - ERROR -   Batch 1206: NaN or Inf loss detected! Skipping batch.
2026-05-08 04:17:28,368 - __main__ - ERROR -   Batch 1207: NaN or Inf loss detected! Skipping batch.
2026-05-08 04:17:28,429 - __main__ - ERROR -   Batch 1208: NaN or Inf loss detected! Skipping batch.
2026-05-08 04:17:28,489 - __main__ - ERROR -   Batch 1209: NaN or Inf loss detected! Skipping batch.
2026-05-08 04:17:28,549 - __main__ - ERROR -   Batch 1210: NaN or Inf loss detected! Skipping batch.
2026-05-08 04:17:28,906 - __main__ - ERROR -   Batch 1211: NaN or Inf loss detected! Skipping batch.
2026-05-08 04:17:28,966 - __main__ - ERROR -   Batch 1212: NaN or Inf loss detected! Skipping batch.
2026-05-08 04:17:29,027 - __main__ - ERROR -   Batch 1213: NaN or Inf loss detected! Skipping batch.
2026-05-08 04:17:29,087 - __main__ - ERROR -   Batch 1214: NaN or Inf loss detected! Skipping batch.
2026-05-08 04:17:29,141 - __main__ - ERROR -   Batch 1215: NaN or Inf loss detected! Skipping batch.
2026-05-08 04:17:29,197 - __main__ - ERROR -   Batch 1216: NaN or Inf loss detected! Skipping batch.
2026-05-08 04:17:29,247 - __main__ - ERROR -   Batch 1217: NaN or Inf loss detected! Skipping batch.
2026-05-08 04:17:29,302 - __main__ - ERROR -   Batch 1218: NaN or Inf loss detected! Skipping batch.
2026-05-08 04:17:29,361 - __main__ - ERROR -   Batch 1219: NaN or Inf loss detected! Skipping batch.
2026-05-08 04:17:29,422 - __main__ - ERROR -   Batch 1220: NaN or Inf loss detected! Skipping batch.
2026-05-08 04:17:29,482 - __main__ - ERROR -   Batch 1221: NaN or Inf loss detected! Skipping batch.
2026-05-08 04:17:29,542 - __main__ - ERROR -   Batch 1222: NaN or Inf loss detected! Skipping batch.
2026-05-08 04:17:29,602 - __main__ - ERROR -   Batch 1223: NaN or Inf loss detected! Skipping batch.
2026-05-08 04:17:29,663 - __main__ - ERROR -   Batch 1224: NaN or Inf loss detected! Skipping batch.
2026-05-08 04:17:29,723 - __main__ - ERROR -   Batch 1225: NaN or Inf loss detected! Skipping batch.
2026-05-08 04:17:29,783 - __main__ - ERROR -   Batch 1226: NaN or Inf loss detected! Skipping batch.
2026-05-08 04:17:29,843 - __main__ - ERROR -   Batch 1227: NaN or Inf loss detected! Skipping batch.
2026-05-08 04:17:29,903 - __main__ - ERROR -   Batch 1228: NaN or Inf loss detected! Skipping batch.
2026-05-08 04:17:29,964 - __main__ - ERROR -   Batch 1229: NaN or Inf loss detected! Skipping batch.
2026-05-08 04:17:30,025 - __main__ - ERROR -   Batch 1230: NaN or Inf loss detected! Skipping batch.
2026-05-08 04:17:30,085 - __main__ - ERROR -   Batch 1231: NaN or Inf loss detected! Skipping batch.
2026-05-08 04:17:30,146 - __main__ - ERROR -   Batch 1232: NaN or Inf loss detected! Skipping batch.
2026-05-08 04:17:30,206 - __main__ - ERROR -   Batch 1233: NaN or Inf loss detected! Skipping batch.
2026-05-08 04:17:30,266 - __main__ - ERROR -   Batch 1234: NaN or Inf loss detected! Skipping batch.
2026-05-08 04:17:30,326 - __main__ - ERROR -   Batch 1235: NaN or Inf loss detected! Skipping batch.
2026-05-08 04:17:30,387 - __main__ - ERROR -   Batch 1236: NaN or Inf loss detected! Skipping batch.
2026-05-08 04:17:30,447 - __main__ - ERROR -   Batch 1237: NaN or Inf loss detected! Skipping batch.
2026-05-08 04:17:30,507 - __main__ - ERROR -   Batch 1238: NaN or Inf loss detected! Skipping batch.
2026-05-08 04:17:30,568 - __main__ - ERROR -   Batch 1239: NaN or Inf loss detected! Skipping batch.
2026-05-08 04:17:30,628 - __main__ - ERROR -   Batch 1240: NaN or Inf loss detected! Skipping batch.
2026-05-08 04:17:30,688 - __main__ - ERROR -   Batch 1241: NaN or Inf loss detected! Skipping batch.
2026-05-08 04:17:30,749 - __main__ - ERROR -   Batch 1242: NaN or Inf loss detected! Skipping batch.
2026-05-08 04:17:30,809 - __main__ - ERROR -   Batch 1243: NaN or Inf loss detected! Skipping batch.
2026-05-08 04:17:30,870 - __main__ - ERROR -   Batch 1244: NaN or Inf loss detected! Skipping batch.
2026-05-08 04:17:30,930 - __main__ - ERROR -   Batch 1245: NaN or Inf loss detected! Skipping batch.
2026-05-08 04:17:30,990 - __main__ - ERROR -   Batch 1246: NaN or Inf loss detected! Skipping batch.
2026-05-08 04:17:31,050 - __main__ - ERROR -   Batch 1247: NaN or Inf loss detected! Skipping batch.
2026-05-08 04:17:31,111 - __main__ - ERROR -   Batch 1248: NaN or Inf loss detected! Skipping batch.
2026-05-08 04:17:31,171 - __main__ - ERROR -   Batch 1249: NaN or Inf loss detected! Skipping batch.
2026-05-08 04:17:31,232 - __main__ - ERROR -   Batch 1250: NaN or Inf loss detected! Skipping batch.
2026-05-08 04:17:31,292 - __main__ - ERROR -   Batch 1251: NaN or Inf loss detected! Skipping batch.
2026-05-08 04:17:31,352 - __main__ - ERROR -   Batch 1252: NaN or Inf loss detected! Skipping batch.
2026-05-08 04:17:31,412 - __main__ - ERROR -   Batch 1253: NaN or Inf loss detected! Skipping batch.
2026-05-08 04:17:31,473 - __main__ - ERROR -   Batch 1254: NaN or Inf loss detected! Skipping batch.
2026-05-08 04:17:31,533 - __main__ - ERROR -   Batch 1255: NaN or Inf loss detected! Skipping batch.
2026-05-08 04:17:31,594 - __main__ - ERROR -   Batch 1256: NaN or Inf loss detected! Skipping batch.
2026-05-08 04:17:31,654 - __main__ - ERROR -   Batch 1257: NaN or Inf loss detected! Skipping batch.
2026-05-08 04:17:31,714 - __main__ - ERROR -   Batch 1258: NaN or Inf loss detected! Skipping batch.
2026-05-08 04:17:31,774 - __main__ - ERROR -   Batch 1259: NaN or Inf loss detected! Skipping batch.
2026-05-08 04:17:31,835 - __main__ - ERROR -   Batch 1260: NaN or Inf loss detected! Skipping batch.
2026-05-08 04:17:31,895 - __main__ - ERROR -   Batch 1261: NaN or Inf loss detected! Skipping batch.
2026-05-08 04:17:31,956 - __main__ - ERROR -   Batch 1262: NaN or Inf loss detected! Skipping batch.
2026-05-08 04:17:32,016 - __main__ - ERROR -   Batch 1263: NaN or Inf loss detected! Skipping batch.
2026-05-08 04:17:32,076 - __main__ - ERROR -   Batch 1264: NaN or Inf loss detected! Skipping batch.
2026-05-08 04:17:32,136 - __main__ - ERROR -   Batch 1265: NaN or Inf loss detected! Skipping batch.
2026-05-08 04:17:32,197 - __main__ - ERROR -   Batch 1266: NaN or Inf loss detected! Skipping batch.
2026-05-08 04:17:32,257 - __main__ - ERROR -   Batch 1267: NaN or Inf loss detected! Skipping batch.
2026-05-08 04:17:32,318 - __main__ - ERROR -   Batch 1268: NaN or Inf loss detected! Skipping batch.
2026-05-08 04:17:32,378 - __main__ - ERROR -   Batch 1269: NaN or Inf loss detected! Skipping batch.
2026-05-08 04:17:32,438 - __main__ - ERROR -   Batch 1270: NaN or Inf loss detected! Skipping batch.
2026-05-08 04:17:32,493 - __main__ - ERROR -   Batch 1271: NaN or Inf loss detected! Skipping batch.
2026-05-08 04:17:32,553 - __main__ - ERROR -   Batch 1272: NaN or Inf loss detected! Skipping batch.
2026-05-08 04:17:32,613 - __main__ - ERROR -   Batch 1273: NaN or Inf loss detected! Skipping batch.
2026-05-08 04:17:32,673 - __main__ - ERROR -   Batch 1274: NaN or Inf loss detected! Skipping batch.
2026-05-08 04:17:32,733 - __main__ - ERROR -   Batch 1275: NaN or Inf loss detected! Skipping batch.
2026-05-08 04:17:32,794 - __main__ - ERROR -   Batch 1276: NaN or Inf loss detected! Skipping batch.
2026-05-08 04:17:32,854 - __main__ - ERROR -   Batch 1277: NaN or Inf loss detected! Skipping batch.
2026-05-08 04:17:32,914 - __main__ - ERROR -   Batch 1278: NaN or Inf loss detected! Skipping batch.
2026-05-08 04:17:32,974 - __main__ - ERROR -   Batch 1279: NaN or Inf loss detected! Skipping batch.
2026-05-08 04:17:33,035 - __main__ - ERROR -   Batch 1280: NaN or Inf loss detected! Skipping batch.
2026-05-08 04:17:33,095 - __main__ - ERROR -   Batch 1281: NaN or Inf loss detected! Skipping batch.
2026-05-08 04:17:33,156 - __main__ - ERROR -   Batch 1282: NaN or Inf loss detected! Skipping batch.
2026-05-08 04:17:33,216 - __main__ - ERROR -   Batch 1283: NaN or Inf loss detected! Skipping batch.
2026-05-08 04:17:33,277 - __main__ - ERROR -   Batch 1284: NaN or Inf loss detected! Skipping batch.
2026-05-08 04:17:33,337 - __main__ - ERROR -   Batch 1285: NaN or Inf loss detected! Skipping batch.
2026-05-08 04:17:33,397 - __main__ - ERROR -   Batch 1286: NaN or Inf loss detected! Skipping batch.
2026-05-08 04:17:33,458 - __main__ - ERROR -   Batch 1287: NaN or Inf loss detected! Skipping batch.
2026-05-08 04:17:33,518 - __main__ - ERROR -   Batch 1288: NaN or Inf loss detected! Skipping batch.
2026-05-08 04:17:33,579 - __main__ - ERROR -   Batch 1289: NaN or Inf loss detected! Skipping batch.
2026-05-08 04:17:33,639 - __main__ - ERROR -   Batch 1290: NaN or Inf loss detected! Skipping batch.
2026-05-08 04:17:33,699 - __main__ - ERROR -   Batch 1291: NaN or Inf loss detected! Skipping batch.
2026-05-08 04:17:33,760 - __main__ - ERROR -   Batch 1292: NaN or Inf loss detected! Skipping batch.
2026-05-08 04:17:33,820 - __main__ - ERROR -   Batch 1293: NaN or Inf loss detected! Skipping batch.
2026-05-08 04:17:33,881 - __main__ - ERROR -   Batch 1294: NaN or Inf loss detected! Skipping batch.
2026-05-08 04:17:33,941 - __main__ - ERROR -   Batch 1295: NaN or Inf loss detected! Skipping batch.
2026-05-08 04:17:33,996 - __main__ - ERROR -   Batch 1296: NaN or Inf loss detected! Skipping batch.
2026-05-08 04:17:34,056 - __main__ - ERROR -   Batch 1297: NaN or Inf loss detected! Skipping batch.
2026-05-08 04:17:34,116 - __main__ - ERROR -   Batch 1298: NaN or Inf loss detected! Skipping batch.
2026-05-08 04:17:34,177 - __main__ - ERROR -   Batch 1299: NaN or Inf loss detected! Skipping batch.
2026-05-08 04:17:34,237 - __main__ - ERROR -   Batch 1300: NaN or Inf loss detected! Skipping batch.
2026-05-08 04:17:34,297 - __main__ - ERROR -   Batch 1301: NaN or Inf loss detected! Skipping batch.
2026-05-08 04:17:34,357 - __main__ - ERROR -   Batch 1302: NaN or Inf loss detected! Skipping batch.
2026-05-08 04:17:34,417 - __main__ - ERROR -   Batch 1303: NaN or Inf loss detected! Skipping batch.
2026-05-08 04:17:34,477 - __main__ - ERROR -   Batch 1304: NaN or Inf loss detected! Skipping batch.
2026-05-08 04:17:34,537 - __main__ - ERROR -   Batch 1305: NaN or Inf loss detected! Skipping batch.
2026-05-08 04:17:34,598 - __main__ - ERROR -   Batch 1306: NaN or Inf loss detected! Skipping batch.
2026-05-08 04:17:34,657 - __main__ - ERROR -   Batch 1307: NaN or Inf loss detected! Skipping batch.
2026-05-08 04:17:34,713 - __main__ - ERROR -   Batch 1308: NaN or Inf loss detected! Skipping batch.
2026-05-08 04:17:34,773 - __main__ - ERROR -   Batch 1309: NaN or Inf loss detected! Skipping batch.
2026-05-08 04:17:34,828 - __main__ - ERROR -   Batch 1310: NaN or Inf loss detected! Skipping batch.
2026-05-08 04:17:34,888 - __main__ - ERROR -   Batch 1311: NaN or Inf loss detected! Skipping batch.
2026-05-08 04:17:34,949 - __main__ - ERROR -   Batch 1312: NaN or Inf loss detected! Skipping batch.
2026-05-08 04:17:35,009 - __main__ - ERROR -   Batch 1313: NaN or Inf loss detected! Skipping batch.
2026-05-08 04:17:35,064 - __main__ - ERROR -   Batch 1314: NaN or Inf loss detected! Skipping batch.
2026-05-08 04:17:35,125 - __main__ - ERROR -   Batch 1315: NaN or Inf loss detected! Skipping batch.
2026-05-08 04:17:35,186 - __main__ - ERROR -   Batch 1316: NaN or Inf loss detected! Skipping batch.
2026-05-08 04:17:35,247 - __main__ - ERROR -   Batch 1317: NaN or Inf loss detected! Skipping batch.
2026-05-08 04:17:35,307 - __main__ - ERROR -   Batch 1318: NaN or Inf loss detected! Skipping batch.
2026-05-08 04:17:35,367 - __main__ - ERROR -   Batch 1319: NaN or Inf loss detected! Skipping batch.
2026-05-08 04:17:35,428 - __main__ - ERROR -   Batch 1320: NaN or Inf loss detected! Skipping batch.
2026-05-08 04:17:35,488 - __main__ - ERROR -   Batch 1321: NaN or Inf loss detected! Skipping batch.
2026-05-08 04:17:35,548 - __main__ - ERROR -   Batch 1322: NaN or Inf loss detected! Skipping batch.
2026-05-08 04:17:35,609 - __main__ - ERROR -   Batch 1323: NaN or Inf loss detected! Skipping batch.
2026-05-08 04:17:35,670 - __main__ - ERROR -   Batch 1324: NaN or Inf loss detected! Skipping batch.
2026-05-08 04:17:35,730 - __main__ - ERROR -   Batch 1325: NaN or Inf loss detected! Skipping batch.
2026-05-08 04:17:35,791 - __main__ - ERROR -   Batch 1326: NaN or Inf loss detected! Skipping batch.
2026-05-08 04:17:35,851 - __main__ - ERROR -   Batch 1327: NaN or Inf loss detected! Skipping batch.
2026-05-08 04:17:35,906 - __main__ - ERROR -   Batch 1328: NaN or Inf loss detected! Skipping batch.
2026-05-08 04:17:35,961 - __main__ - ERROR -   Batch 1329: NaN or Inf loss detected! Skipping batch.
2026-05-08 04:17:36,011 - __main__ - ERROR -   Batch 1330: NaN or Inf loss detected! Skipping batch.
2026-05-08 04:17:36,067 - __main__ - ERROR -   Batch 1331: NaN or Inf loss detected! Skipping batch.
2026-05-08 04:17:36,127 - __main__ - ERROR -   Batch 1332: NaN or Inf loss detected! Skipping batch.
2026-05-08 04:17:36,186 - __main__ - ERROR -   Batch 1333: NaN or Inf loss detected! Skipping batch.
2026-05-08 04:17:36,247 - __main__ - ERROR -   Batch 1334: NaN or Inf loss detected! Skipping batch.
2026-05-08 04:17:36,302 - __main__ - ERROR -   Batch 1335: NaN or Inf loss detected! Skipping batch.
2026-05-08 04:17:36,667 - __main__ - ERROR -   Batch 1336: NaN or Inf loss detected! Skipping batch.
2026-05-08 04:17:36,727 - __main__ - ERROR -   Batch 1337: NaN or Inf loss detected! Skipping batch.
2026-05-08 04:17:36,788 - __main__ - ERROR -   Batch 1338: NaN or Inf loss detected! Skipping batch.
2026-05-08 04:17:36,848 - __main__ - ERROR -   Batch 1339: NaN or Inf loss detected! Skipping batch.
2026-05-08 04:17:36,908 - __main__ - ERROR -   Batch 1340: NaN or Inf loss detected! Skipping batch.
2026-05-08 04:17:36,969 - __main__ - ERROR -   Batch 1341: NaN or Inf loss detected! Skipping batch.
2026-05-08 04:17:37,029 - __main__ - ERROR -   Batch 1342: NaN or Inf loss detected! Skipping batch.
2026-05-08 04:17:37,089 - __main__ - ERROR -   Batch 1343: NaN or Inf loss detected! Skipping batch.
2026-05-08 04:17:37,149 - __main__ - ERROR -   Batch 1344: NaN or Inf loss detected! Skipping batch.
2026-05-08 04:17:37,209 - __main__ - ERROR -   Batch 1345: NaN or Inf loss detected! Skipping batch.
2026-05-08 04:17:37,263 - __main__ - ERROR -   Batch 1346: NaN or Inf loss detected! Skipping batch.
2026-05-08 04:17:37,323 - __main__ - ERROR -   Batch 1347: NaN or Inf loss detected! Skipping batch.
2026-05-08 04:17:37,383 - __main__ - ERROR -   Batch 1348: NaN or Inf loss detected! Skipping batch.
2026-05-08 04:17:37,443 - __main__ - ERROR -   Batch 1349: NaN or Inf loss detected! Skipping batch.
2026-05-08 04:17:37,503 - __main__ - ERROR -   Batch 1350: NaN or Inf loss detected! Skipping batch.
2026-05-08 04:17:37,563 - __main__ - ERROR -   Batch 1351: NaN or Inf loss detected! Skipping batch.
2026-05-08 04:17:37,623 - __main__ - ERROR -   Batch 1352: NaN or Inf loss detected! Skipping batch.
2026-05-08 04:17:37,683 - __main__ - ERROR -   Batch 1353: NaN or Inf loss detected! Skipping batch.
2026-05-08 04:17:37,744 - __main__ - ERROR -   Batch 1354: NaN or Inf loss detected! Skipping batch.
2026-05-08 04:17:37,804 - __main__ - ERROR -   Batch 1355: NaN or Inf loss detected! Skipping batch.
2026-05-08 04:17:37,865 - __main__ - ERROR -   Batch 1356: NaN or Inf loss detected! Skipping batch.
2026-05-08 04:17:37,925 - __main__ - ERROR -   Batch 1357: NaN or Inf loss detected! Skipping batch.
2026-05-08 04:17:37,985 - __main__ - ERROR -   Batch 1358: NaN or Inf loss detected! Skipping batch.
2026-05-08 04:17:38,045 - __main__ - ERROR -   Batch 1359: NaN or Inf loss detected! Skipping batch.
2026-05-08 04:17:38,105 - __main__ - ERROR -   Batch 1360: NaN or Inf loss detected! Skipping batch.
2026-05-08 04:17:38,166 - __main__ - ERROR -   Batch 1361: NaN or Inf loss detected! Skipping batch.
2026-05-08 04:17:38,226 - __main__ - ERROR -   Batch 1362: NaN or Inf loss detected! Skipping batch.
2026-05-08 04:17:38,287 - __main__ - ERROR -   Batch 1363: NaN or Inf loss detected! Skipping batch.
2026-05-08 04:17:38,347 - __main__ - ERROR -   Batch 1364: NaN or Inf loss detected! Skipping batch.
2026-05-08 04:17:38,407 - __main__ - ERROR -   Batch 1365: NaN or Inf loss detected! Skipping batch.
2026-05-08 04:17:38,467 - __main__ - ERROR -   Batch 1366: NaN or Inf loss detected! Skipping batch.
2026-05-08 04:17:38,528 - __main__ - ERROR -   Batch 1367: NaN or Inf loss detected! Skipping batch.
2026-05-08 04:17:38,589 - __main__ - ERROR -   Batch 1368: NaN or Inf loss detected! Skipping batch.
2026-05-08 04:17:38,649 - __main__ - ERROR -   Batch 1369: NaN or Inf loss detected! Skipping batch.
2026-05-08 04:17:38,709 - __main__ - ERROR -   Batch 1370: NaN or Inf loss detected! Skipping batch.
2026-05-08 04:17:38,769 - __main__ - ERROR -   Batch 1371: NaN or Inf loss detected! Skipping batch.
2026-05-08 04:17:38,829 - __main__ - ERROR -   Batch 1372: NaN or Inf loss detected! Skipping batch.
2026-05-08 04:17:38,889 - __main__ - ERROR -   Batch 1373: NaN or Inf loss detected! Skipping batch.
2026-05-08 04:17:38,949 - __main__ - ERROR -   Batch 1374: NaN or Inf loss detected! Skipping batch.
2026-05-08 04:17:39,004 - __main__ - ERROR -   Batch 1375: NaN or Inf loss detected! Skipping batch.
2026-05-08 04:17:39,059 - __main__ - ERROR -   Batch 1376: NaN or Inf loss detected! Skipping batch.
2026-05-08 04:17:39,114 - __main__ - ERROR -   Batch 1377: NaN or Inf loss detected! Skipping batch.
2026-05-08 04:17:39,174 - __main__ - ERROR -   Batch 1378: NaN or Inf loss detected! Skipping batch.
2026-05-08 04:17:39,235 - __main__ - ERROR -   Batch 1379: NaN or Inf loss detected! Skipping batch.
2026-05-08 04:17:39,295 - __main__ - ERROR -   Batch 1380: NaN or Inf loss detected! Skipping batch.
2026-05-08 04:17:39,355 - __main__ - ERROR -   Batch 1381: NaN or Inf loss detected! Skipping batch.
2026-05-08 04:17:39,415 - __main__ - ERROR -   Batch 1382: NaN or Inf loss detected! Skipping batch.
2026-05-08 04:17:39,475 - __main__ - ERROR -   Batch 1383: NaN or Inf loss detected! Skipping batch.
2026-05-08 04:17:39,536 - __main__ - ERROR -   Batch 1384: NaN or Inf loss detected! Skipping batch.
2026-05-08 04:17:39,595 - __main__ - ERROR -   Batch 1385: NaN or Inf loss detected! Skipping batch.
2026-05-08 04:17:39,655 - __main__ - ERROR -   Batch 1386: NaN or Inf loss detected! Skipping batch.
2026-05-08 04:17:39,715 - __main__ - ERROR -   Batch 1387: NaN or Inf loss detected! Skipping batch.
2026-05-08 04:17:39,776 - __main__ - ERROR -   Batch 1388: NaN or Inf loss detected! Skipping batch.
2026-05-08 04:17:39,836 - __main__ - ERROR -   Batch 1389: NaN or Inf loss detected! Skipping batch.
2026-05-08 04:17:39,890 - __main__ - ERROR -   Batch 1390: NaN or Inf loss detected! Skipping batch.
2026-05-08 04:17:39,950 - __main__ - ERROR -   Batch 1391: NaN or Inf loss detected! Skipping batch.
2026-05-08 04:17:40,010 - __main__ - ERROR -   Batch 1392: NaN or Inf loss detected! Skipping batch.
2026-05-08 04:17:40,071 - __main__ - ERROR -   Batch 1393: NaN or Inf loss detected! Skipping batch.
2026-05-08 04:17:40,126 - __main__ - ERROR -   Batch 1394: NaN or Inf loss detected! Skipping batch.
2026-05-08 04:17:40,187 - __main__ - ERROR -   Batch 1395: NaN or Inf loss detected! Skipping batch.
2026-05-08 04:17:40,247 - __main__ - ERROR -   Batch 1396: NaN or Inf loss detected! Skipping batch.
2026-05-08 04:17:40,307 - __main__ - ERROR -   Batch 1397: NaN or Inf loss detected! Skipping batch.
2026-05-08 04:17:40,368 - __main__ - ERROR -   Batch 1398: NaN or Inf loss detected! Skipping batch.
2026-05-08 04:17:40,428 - __main__ - ERROR -   Batch 1399: NaN or Inf loss detected! Skipping batch.
2026-05-08 04:17:40,489 - __main__ - ERROR -   Batch 1400: NaN or Inf loss detected! Skipping batch.
2026-05-08 04:17:40,549 - __main__ - ERROR -   Batch 1401: NaN or Inf loss detected! Skipping batch.
2026-05-08 04:17:40,610 - __main__ - ERROR -   Batch 1402: NaN or Inf loss detected! Skipping batch.
2026-05-08 04:17:40,670 - __main__ - ERROR -   Batch 1403: NaN or Inf loss detected! Skipping batch.
2026-05-08 04:17:40,730 - __main__ - ERROR -   Batch 1404: NaN or Inf loss detected! Skipping batch.
2026-05-08 04:17:40,790 - __main__ - ERROR -   Batch 1405: NaN or Inf loss detected! Skipping batch.
2026-05-08 04:17:40,851 - __main__ - ERROR -   Batch 1406: NaN or Inf loss detected! Skipping batch.
2026-05-08 04:17:40,911 - __main__ - ERROR -   Batch 1407: NaN or Inf loss detected! Skipping batch.
2026-05-08 04:17:40,972 - __main__ - ERROR -   Batch 1408: NaN or Inf loss detected! Skipping batch.
2026-05-08 04:17:41,031 - __main__ - ERROR -   Batch 1409: NaN or Inf loss detected! Skipping batch.
2026-05-08 04:17:41,092 - __main__ - ERROR -   Batch 1410: NaN or Inf loss detected! Skipping batch.
2026-05-08 04:17:41,152 - __main__ - ERROR -   Batch 1411: NaN or Inf loss detected! Skipping batch.
2026-05-08 04:17:41,212 - __main__ - ERROR -   Batch 1412: NaN or Inf loss detected! Skipping batch.
2026-05-08 04:17:41,272 - __main__ - ERROR -   Batch 1413: NaN or Inf loss detected! Skipping batch.
2026-05-08 04:17:41,332 - __main__ - ERROR -   Batch 1414: NaN or Inf loss detected! Skipping batch.
2026-05-08 04:17:41,392 - __main__ - ERROR -   Batch 1415: NaN or Inf loss detected! Skipping batch.
2026-05-08 04:17:41,452 - __main__ - ERROR -   Batch 1416: NaN or Inf loss detected! Skipping batch.
2026-05-08 04:17:41,512 - __main__ - ERROR -   Batch 1417: NaN or Inf loss detected! Skipping batch.
2026-05-08 04:17:41,566 - __main__ - ERROR -   Batch 1418: NaN or Inf loss detected! Skipping batch.
2026-05-08 04:17:41,626 - __main__ - ERROR -   Batch 1419: NaN or Inf loss detected! Skipping batch.
2026-05-08 04:17:41,686 - __main__ - ERROR -   Batch 1420: NaN or Inf loss detected! Skipping batch.
2026-05-08 04:17:41,746 - __main__ - ERROR -   Batch 1421: NaN or Inf loss detected! Skipping batch.
2026-05-08 04:17:41,807 - __main__ - ERROR -   Batch 1422: NaN or Inf loss detected! Skipping batch.
2026-05-08 04:17:41,867 - __main__ - ERROR -   Batch 1423: NaN or Inf loss detected! Skipping batch.
2026-05-08 04:17:41,927 - __main__ - ERROR -   Batch 1424: NaN or Inf loss detected! Skipping batch.
2026-05-08 04:17:41,988 - __main__ - ERROR -   Batch 1425: NaN or Inf loss detected! Skipping batch.
2026-05-08 04:17:42,048 - __main__ - ERROR -   Batch 1426: NaN or Inf loss detected! Skipping batch.
2026-05-08 04:17:42,109 - __main__ - ERROR -   Batch 1427: NaN or Inf loss detected! Skipping batch.
2026-05-08 04:17:42,169 - __main__ - ERROR -   Batch 1428: NaN or Inf loss detected! Skipping batch.
2026-05-08 04:17:42,229 - __main__ - ERROR -   Batch 1429: NaN or Inf loss detected! Skipping batch.
2026-05-08 04:17:42,289 - __main__ - ERROR -   Batch 1430: NaN or Inf loss detected! Skipping batch.
2026-05-08 04:17:42,349 - __main__ - ERROR -   Batch 1431: NaN or Inf loss detected! Skipping batch.
2026-05-08 04:17:42,410 - __main__ - ERROR -   Batch 1432: NaN or Inf loss detected! Skipping batch.
2026-05-08 04:17:42,470 - __main__ - ERROR -   Batch 1433: NaN or Inf loss detected! Skipping batch.
2026-05-08 04:17:42,530 - __main__ - ERROR -   Batch 1434: NaN or Inf loss detected! Skipping batch.
2026-05-08 04:17:42,590 - __main__ - ERROR -   Batch 1435: NaN or Inf loss detected! Skipping batch.
2026-05-08 04:17:42,640 - __main__ - ERROR -   Batch 1436: NaN or Inf loss detected! Skipping batch.
2026-05-08 04:17:42,700 - __main__ - ERROR -   Batch 1437: NaN or Inf loss detected! Skipping batch.
2026-05-08 04:17:42,754 - __main__ - ERROR -   Batch 1438: NaN or Inf loss detected! Skipping batch.
2026-05-08 04:17:42,809 - __main__ - ERROR -   Batch 1439: NaN or Inf loss detected! Skipping batch.
2026-05-08 04:17:42,869 - __main__ - ERROR -   Batch 1440: NaN or Inf loss detected! Skipping batch.
2026-05-08 04:17:42,929 - __main__ - ERROR -   Batch 1441: NaN or Inf loss detected! Skipping batch.
2026-05-08 04:17:42,990 - __main__ - ERROR -   Batch 1442: NaN or Inf loss detected! Skipping batch.
2026-05-08 04:17:43,049 - __main__ - ERROR -   Batch 1443: NaN or Inf loss detected! Skipping batch.
2026-05-08 04:17:43,110 - __main__ - ERROR -   Batch 1444: NaN or Inf loss detected! Skipping batch.
2026-05-08 04:17:43,170 - __main__ - ERROR -   Batch 1445: NaN or Inf loss detected! Skipping batch.
2026-05-08 04:17:43,230 - __main__ - ERROR -   Batch 1446: NaN or Inf loss detected! Skipping batch.
2026-05-08 04:17:43,291 - __main__ - ERROR -   Batch 1447: NaN or Inf loss detected! Skipping batch.
2026-05-08 04:17:43,351 - __main__ - ERROR -   Batch 1448: NaN or Inf loss detected! Skipping batch.
2026-05-08 04:17:43,411 - __main__ - ERROR -   Batch 1449: NaN or Inf loss detected! Skipping batch.
2026-05-08 04:17:43,471 - __main__ - ERROR -   Batch 1450: NaN or Inf loss detected! Skipping batch.
2026-05-08 04:17:43,531 - __main__ - ERROR -   Batch 1451: NaN or Inf loss detected! Skipping batch.
2026-05-08 04:17:43,586 - __main__ - ERROR -   Batch 1452: NaN or Inf loss detected! Skipping batch.
2026-05-08 04:17:43,647 - __main__ - ERROR -   Batch 1453: NaN or Inf loss detected! Skipping batch.
2026-05-08 04:17:43,707 - __main__ - ERROR -   Batch 1454: NaN or Inf loss detected! Skipping batch.
2026-05-08 04:17:44,047 - __main__ - ERROR -   Batch 1455: NaN or Inf loss detected! Skipping batch.
2026-05-08 04:17:44,107 - __main__ - ERROR -   Batch 1456: NaN or Inf loss detected! Skipping batch.
2026-05-08 04:17:44,167 - __main__ - ERROR -   Batch 1457: NaN or Inf loss detected! Skipping batch.
2026-05-08 04:17:44,228 - __main__ - ERROR -   Batch 1458: NaN or Inf loss detected! Skipping batch.
2026-05-08 04:17:44,288 - __main__ - ERROR -   Batch 1459: NaN or Inf loss detected! Skipping batch.
2026-05-08 04:17:44,348 - __main__ - ERROR -   Batch 1460: NaN or Inf loss detected! Skipping batch.
2026-05-08 04:17:44,408 - __main__ - ERROR -   Batch 1461: NaN or Inf loss detected! Skipping batch.
2026-05-08 04:17:44,468 - __main__ - ERROR -   Batch 1462: NaN or Inf loss detected! Skipping batch.
2026-05-08 04:17:44,528 - __main__ - ERROR -   Batch 1463: NaN or Inf loss detected! Skipping batch.
2026-05-08 04:17:44,589 - __main__ - ERROR -   Batch 1464: NaN or Inf loss detected! Skipping batch.
2026-05-08 04:17:44,649 - __main__ - ERROR -   Batch 1465: NaN or Inf loss detected! Skipping batch.
2026-05-08 04:17:44,703 - __main__ - ERROR -   Batch 1466: NaN or Inf loss detected! Skipping batch.
2026-05-08 04:17:44,764 - __main__ - ERROR -   Batch 1467: NaN or Inf loss detected! Skipping batch.
2026-05-08 04:17:44,824 - __main__ - ERROR -   Batch 1468: NaN or Inf loss detected! Skipping batch.
2026-05-08 04:17:44,884 - __main__ - ERROR -   Batch 1469: NaN or Inf loss detected! Skipping batch.
2026-05-08 04:17:44,945 - __main__ - ERROR -   Batch 1470: NaN or Inf loss detected! Skipping batch.
2026-05-08 04:17:45,005 - __main__ - ERROR -   Batch 1471: NaN or Inf loss detected! Skipping batch.
2026-05-08 04:17:45,065 - __main__ - ERROR -   Batch 1472: NaN or Inf loss detected! Skipping batch.
2026-05-08 04:17:45,125 - __main__ - ERROR -   Batch 1473: NaN or Inf loss detected! Skipping batch.
2026-05-08 04:17:45,185 - __main__ - ERROR -   Batch 1474: NaN or Inf loss detected! Skipping batch.
2026-05-08 04:17:45,246 - __main__ - ERROR -   Batch 1475: NaN or Inf loss detected! Skipping batch.
2026-05-08 04:17:45,305 - __main__ - ERROR -   Batch 1476: NaN or Inf loss detected! Skipping batch.
2026-05-08 04:17:45,366 - __main__ - ERROR -   Batch 1477: NaN or Inf loss detected! Skipping batch.
2026-05-08 04:17:45,425 - __main__ - ERROR -   Batch 1478: NaN or Inf loss detected! Skipping batch.
2026-05-08 04:17:45,486 - __main__ - ERROR -   Batch 1479: NaN or Inf loss detected! Skipping batch.
2026-05-08 04:17:45,546 - __main__ - ERROR -   Batch 1480: NaN or Inf loss detected! Skipping batch.
2026-05-08 04:17:45,606 - __main__ - ERROR -   Batch 1481: NaN or Inf loss detected! Skipping batch.
2026-05-08 04:17:45,666 - __main__ - ERROR -   Batch 1482: NaN or Inf loss detected! Skipping batch.
2026-05-08 04:17:45,726 - __main__ - ERROR -   Batch 1483: NaN or Inf loss detected! Skipping batch.
2026-05-08 04:17:45,787 - __main__ - ERROR -   Batch 1484: NaN or Inf loss detected! Skipping batch.
2026-05-08 04:17:45,848 - __main__ - ERROR -   Batch 1485: NaN or Inf loss detected! Skipping batch.
2026-05-08 04:17:45,908 - __main__ - ERROR -   Batch 1486: NaN or Inf loss detected! Skipping batch.
2026-05-08 04:17:45,968 - __main__ - ERROR -   Batch 1487: NaN or Inf loss detected! Skipping batch.
2026-05-08 04:17:46,028 - __main__ - ERROR -   Batch 1488: NaN or Inf loss detected! Skipping batch.
2026-05-08 04:17:46,088 - __main__ - ERROR -   Batch 1489: NaN or Inf loss detected! Skipping batch.
2026-05-08 04:17:46,148 - __main__ - ERROR -   Batch 1490: NaN or Inf loss detected! Skipping batch.
2026-05-08 04:17:46,209 - __main__ - ERROR -   Batch 1491: NaN or Inf loss detected! Skipping batch.
2026-05-08 04:17:46,269 - __main__ - ERROR -   Batch 1492: NaN or Inf loss detected! Skipping batch.
2026-05-08 04:17:46,329 - __main__ - ERROR -   Batch 1493: NaN or Inf loss detected! Skipping batch.
2026-05-08 04:17:46,389 - __main__ - ERROR -   Batch 1494: NaN or Inf loss detected! Skipping batch.
2026-05-08 04:17:46,450 - __main__ - ERROR -   Batch 1495: NaN or Inf loss detected! Skipping batch.
2026-05-08 04:17:46,510 - __main__ - ERROR -   Batch 1496: NaN or Inf loss detected! Skipping batch.
2026-05-08 04:17:46,570 - __main__ - ERROR -   Batch 1497: NaN or Inf loss detected! Skipping batch.
2026-05-08 04:17:46,630 - __main__ - ERROR -   Batch 1498: NaN or Inf loss detected! Skipping batch.
2026-05-08 04:17:46,690 - __main__ - ERROR -   Batch 1499: NaN or Inf loss detected! Skipping batch.
2026-05-08 04:17:46,750 - __main__ - ERROR -   Batch 1500: NaN or Inf loss detected! Skipping batch.
2026-05-08 04:17:46,805 - __main__ - ERROR -   Batch 1501: NaN or Inf loss detected! Skipping batch.
2026-05-08 04:17:46,865 - __main__ - ERROR -   Batch 1502: NaN or Inf loss detected! Skipping batch.
2026-05-08 04:17:46,926 - __main__ - ERROR -   Batch 1503: NaN or Inf loss detected! Skipping batch.
2026-05-08 04:17:46,986 - __main__ - ERROR -   Batch 1504: NaN or Inf loss detected! Skipping batch.
2026-05-08 04:17:47,046 - __main__ - ERROR -   Batch 1505: NaN or Inf loss detected! Skipping batch.
2026-05-08 04:17:47,106 - __main__ - ERROR -   Batch 1506: NaN or Inf loss detected! Skipping batch.
2026-05-08 04:17:47,167 - __main__ - ERROR -   Batch 1507: NaN or Inf loss detected! Skipping batch.
2026-05-08 04:17:47,227 - __main__ - ERROR -   Batch 1508: NaN or Inf loss detected! Skipping batch.
2026-05-08 04:17:47,287 - __main__ - ERROR -   Batch 1509: NaN or Inf loss detected! Skipping batch.
2026-05-08 04:17:47,347 - __main__ - ERROR -   Batch 1510: NaN or Inf loss detected! Skipping batch.
2026-05-08 04:17:47,408 - __main__ - ERROR -   Batch 1511: NaN or Inf loss detected! Skipping batch.
2026-05-08 04:17:47,468 - __main__ - ERROR -   Batch 1512: NaN or Inf loss detected! Skipping batch.
2026-05-08 04:17:47,528 - __main__ - ERROR -   Batch 1513: NaN or Inf loss detected! Skipping batch.
2026-05-08 04:17:47,588 - __main__ - ERROR -   Batch 1514: NaN or Inf loss detected! Skipping batch.
2026-05-08 04:17:47,649 - __main__ - ERROR -   Batch 1515: NaN or Inf loss detected! Skipping batch.
2026-05-08 04:17:47,709 - __main__ - ERROR -   Batch 1516: NaN or Inf loss detected! Skipping batch.
2026-05-08 04:17:47,770 - __main__ - ERROR -   Batch 1517: NaN or Inf loss detected! Skipping batch.
2026-05-08 04:17:47,830 - __main__ - ERROR -   Batch 1518: NaN or Inf loss detected! Skipping batch.
2026-05-08 04:17:47,885 - __main__ - ERROR -   Batch 1519: NaN or Inf loss detected! Skipping batch.
2026-05-08 04:17:47,945 - __main__ - ERROR -   Batch 1520: NaN or Inf loss detected! Skipping batch.
2026-05-08 04:17:48,005 - __main__ - ERROR -   Batch 1521: NaN or Inf loss detected! Skipping batch.
2026-05-08 04:17:48,065 - __main__ - ERROR -   Batch 1522: NaN or Inf loss detected! Skipping batch.
2026-05-08 04:17:48,126 - __main__ - ERROR -   Batch 1523: NaN or Inf loss detected! Skipping batch.
2026-05-08 04:17:48,186 - __main__ - ERROR -   Batch 1524: NaN or Inf loss detected! Skipping batch.
2026-05-08 04:17:48,247 - __main__ - ERROR -   Batch 1525: NaN or Inf loss detected! Skipping batch.
2026-05-08 04:17:48,307 - __main__ - ERROR -   Batch 1526: NaN or Inf loss detected! Skipping batch.
2026-05-08 04:17:48,367 - __main__ - ERROR -   Batch 1527: NaN or Inf loss detected! Skipping batch.
2026-05-08 04:17:48,428 - __main__ - ERROR -   Batch 1528: NaN or Inf loss detected! Skipping batch.
2026-05-08 04:17:48,482 - __main__ - ERROR -   Batch 1529: NaN or Inf loss detected! Skipping batch.
2026-05-08 04:17:48,543 - __main__ - ERROR -   Batch 1530: NaN or Inf loss detected! Skipping batch.
2026-05-08 04:17:48,603 - __main__ - ERROR -   Batch 1531: NaN or Inf loss detected! Skipping batch.
2026-05-08 04:17:48,663 - __main__ - ERROR -   Batch 1532: NaN or Inf loss detected! Skipping batch.
2026-05-08 04:17:48,723 - __main__ - ERROR -   Batch 1533: NaN or Inf loss detected! Skipping batch.
2026-05-08 04:17:48,784 - __main__ - ERROR -   Batch 1534: NaN or Inf loss detected! Skipping batch.
2026-05-08 04:17:48,844 - __main__ - ERROR -   Batch 1535: NaN or Inf loss detected! Skipping batch.
2026-05-08 04:17:48,904 - __main__ - ERROR -   Batch 1536: NaN or Inf loss detected! Skipping batch.
2026-05-08 04:17:48,964 - __main__ - ERROR -   Batch 1537: NaN or Inf loss detected! Skipping batch.
2026-05-08 04:17:49,019 - __main__ - ERROR -   Batch 1538: NaN or Inf loss detected! Skipping batch.
2026-05-08 04:17:49,079 - __main__ - ERROR -   Batch 1539: NaN or Inf loss detected! Skipping batch.
2026-05-08 04:17:49,139 - __main__ - ERROR -   Batch 1540: NaN or Inf loss detected! Skipping batch.
2026-05-08 04:17:49,199 - __main__ - ERROR -   Batch 1541: NaN or Inf loss detected! Skipping batch.
2026-05-08 04:17:49,259 - __main__ - ERROR -   Batch 1542: NaN or Inf loss detected! Skipping batch.
2026-05-08 04:17:49,319 - __main__ - ERROR -   Batch 1543: NaN or Inf loss detected! Skipping batch.
2026-05-08 04:17:49,379 - __main__ - ERROR -   Batch 1544: NaN or Inf loss detected! Skipping batch.
2026-05-08 04:17:49,440 - __main__ - ERROR -   Batch 1545: NaN or Inf loss detected! Skipping batch.
2026-05-08 04:17:49,500 - __main__ - ERROR -   Batch 1546: NaN or Inf loss detected! Skipping batch.
2026-05-08 04:17:49,561 - __main__ - ERROR -   Batch 1547: NaN or Inf loss detected! Skipping batch.
2026-05-08 04:17:49,621 - __main__ - ERROR -   Batch 1548: NaN or Inf loss detected! Skipping batch.
2026-05-08 04:17:49,681 - __main__ - ERROR -   Batch 1549: NaN or Inf loss detected! Skipping batch.
2026-05-08 04:17:49,741 - __main__ - ERROR -   Batch 1550: NaN or Inf loss detected! Skipping batch.
2026-05-08 04:17:49,802 - __main__ - ERROR -   Batch 1551: NaN or Inf loss detected! Skipping batch.
2026-05-08 04:17:49,862 - __main__ - ERROR -   Batch 1552: NaN or Inf loss detected! Skipping batch.
2026-05-08 04:17:49,922 - __main__ - ERROR -   Batch 1553: NaN or Inf loss detected! Skipping batch.
2026-05-08 04:17:49,982 - __main__ - ERROR -   Batch 1554: NaN or Inf loss detected! Skipping batch.
2026-05-08 04:17:50,042 - __main__ - ERROR -   Batch 1555: NaN or Inf loss detected! Skipping batch.
2026-05-08 04:17:50,103 - __main__ - ERROR -   Batch 1556: NaN or Inf loss detected! Skipping batch.
2026-05-08 04:17:50,163 - __main__ - ERROR -   Batch 1557: NaN or Inf loss detected! Skipping batch.
2026-05-08 04:17:50,223 - __main__ - ERROR -   Batch 1558: NaN or Inf loss detected! Skipping batch.
2026-05-08 04:17:50,284 - __main__ - ERROR -   Batch 1559: NaN or Inf loss detected! Skipping batch.
2026-05-08 04:17:50,344 - __main__ - ERROR -   Batch 1560: NaN or Inf loss detected! Skipping batch.
2026-05-08 04:17:50,404 - __main__ - ERROR -   Batch 1561: NaN or Inf loss detected! Skipping batch.
2026-05-08 04:17:50,465 - __main__ - ERROR -   Batch 1562: NaN or Inf loss detected! Skipping batch.
2026-05-08 04:17:50,525 - __main__ - ERROR -   Batch 1563: NaN or Inf loss detected! Skipping batch.
2026-05-08 04:17:50,586 - __main__ - ERROR -   Batch 1564: NaN or Inf loss detected! Skipping batch.
2026-05-08 04:17:50,646 - __main__ - ERROR -   Batch 1565: NaN or Inf loss detected! Skipping batch.
2026-05-08 04:17:50,705 - __main__ - ERROR -   Batch 1566: NaN or Inf loss detected! Skipping batch.
2026-05-08 04:17:50,766 - __main__ - ERROR -   Batch 1567: NaN or Inf loss detected! Skipping batch.
2026-05-08 04:17:50,826 - __main__ - ERROR -   Batch 1568: NaN or Inf loss detected! Skipping batch.
2026-05-08 04:17:50,886 - __main__ - ERROR -   Batch 1569: NaN or Inf loss detected! Skipping batch.
2026-05-08 04:17:50,947 - __main__ - ERROR -   Batch 1570: NaN or Inf loss detected! Skipping batch.
2026-05-08 04:17:51,007 - __main__ - ERROR -   Batch 1571: NaN or Inf loss detected! Skipping batch.
2026-05-08 04:17:51,067 - __main__ - ERROR -   Batch 1572: NaN or Inf loss detected! Skipping batch.
2026-05-08 04:17:51,127 - __main__ - ERROR -   Batch 1573: NaN or Inf loss detected! Skipping batch.
2026-05-08 04:17:51,187 - __main__ - ERROR -   Batch 1574: NaN or Inf loss detected! Skipping batch.
2026-05-08 04:17:51,247 - __main__ - ERROR -   Batch 1575: NaN or Inf loss detected! Skipping batch.
2026-05-08 04:17:51,579 - __main__ - ERROR -   Batch 1576: NaN or Inf loss detected! Skipping batch.
2026-05-08 04:17:51,640 - __main__ - ERROR -   Batch 1577: NaN or Inf loss detected! Skipping batch.
2026-05-08 04:17:51,700 - __main__ - ERROR -   Batch 1578: NaN or Inf loss detected! Skipping batch.
2026-05-08 04:17:51,760 - __main__ - ERROR -   Batch 1579: NaN or Inf loss detected! Skipping batch.
2026-05-08 04:17:51,810 - __main__ - ERROR -   Batch 1580: NaN or Inf loss detected! Skipping batch.
2026-05-08 04:17:51,871 - __main__ - ERROR -   Batch 1581: NaN or Inf loss detected! Skipping batch.
2026-05-08 04:17:51,931 - __main__ - ERROR -   Batch 1582: NaN or Inf loss detected! Skipping batch.
2026-05-08 04:17:51,992 - __main__ - ERROR -   Batch 1583: NaN or Inf loss detected! Skipping batch.
2026-05-08 04:17:52,052 - __main__ - ERROR -   Batch 1584: NaN or Inf loss detected! Skipping batch.
2026-05-08 04:17:52,112 - __main__ - ERROR -   Batch 1585: NaN or Inf loss detected! Skipping batch.
2026-05-08 04:17:52,172 - __main__ - ERROR -   Batch 1586: NaN or Inf loss detected! Skipping batch.
2026-05-08 04:17:52,233 - __main__ - ERROR -   Batch 1587: NaN or Inf loss detected! Skipping batch.
2026-05-08 04:17:52,293 - __main__ - ERROR -   Batch 1588: NaN or Inf loss detected! Skipping batch.
2026-05-08 04:17:52,353 - __main__ - ERROR -   Batch 1589: NaN or Inf loss detected! Skipping batch.
2026-05-08 04:17:52,414 - __main__ - ERROR -   Batch 1590: NaN or Inf loss detected! Skipping batch.
2026-05-08 04:17:52,474 - __main__ - ERROR -   Batch 1591: NaN or Inf loss detected! Skipping batch.
2026-05-08 04:17:52,534 - __main__ - ERROR -   Batch 1592: NaN or Inf loss detected! Skipping batch.
2026-05-08 04:17:52,594 - __main__ - ERROR -   Batch 1593: NaN or Inf loss detected! Skipping batch.
2026-05-08 04:17:52,654 - __main__ - ERROR -   Batch 1594: NaN or Inf loss detected! Skipping batch.
2026-05-08 04:17:52,714 - __main__ - ERROR -   Batch 1595: NaN or Inf loss detected! Skipping batch.
2026-05-08 04:17:52,775 - __main__ - ERROR -   Batch 1596: NaN or Inf loss detected! Skipping batch.
2026-05-08 04:17:52,830 - __main__ - ERROR -   Batch 1597: NaN or Inf loss detected! Skipping batch.
2026-05-08 04:17:52,890 - __main__ - ERROR -   Batch 1598: NaN or Inf loss detected! Skipping batch.
2026-05-08 04:17:52,950 - __main__ - ERROR -   Batch 1599: NaN or Inf loss detected! Skipping batch.
2026-05-08 04:17:53,010 - __main__ - ERROR -   Batch 1600: NaN or Inf loss detected! Skipping batch.
2026-05-08 04:17:53,071 - __main__ - ERROR -   Batch 1601: NaN or Inf loss detected! Skipping batch.
2026-05-08 04:17:53,131 - __main__ - ERROR -   Batch 1602: NaN or Inf loss detected! Skipping batch.
2026-05-08 04:17:53,191 - __main__ - ERROR -   Batch 1603: NaN or Inf loss detected! Skipping batch.
2026-05-08 04:17:53,251 - __main__ - ERROR -   Batch 1604: NaN or Inf loss detected! Skipping batch.
2026-05-08 04:17:53,311 - __main__ - ERROR -   Batch 1605: NaN or Inf loss detected! Skipping batch.
2026-05-08 04:17:53,371 - __main__ - ERROR -   Batch 1606: NaN or Inf loss detected! Skipping batch.
2026-05-08 04:17:53,431 - __main__ - ERROR -   Batch 1607: NaN or Inf loss detected! Skipping batch.
2026-05-08 04:17:53,492 - __main__ - ERROR -   Batch 1608: NaN or Inf loss detected! Skipping batch.
2026-05-08 04:17:53,552 - __main__ - ERROR -   Batch 1609: NaN or Inf loss detected! Skipping batch.
2026-05-08 04:17:53,607 - __main__ - ERROR -   Batch 1610: NaN or Inf loss detected! Skipping batch.
2026-05-08 04:17:53,653 - __main__ - ERROR -   Batch 1611: NaN or Inf loss detected! Skipping batch.
2026-05-08 04:17:53,713 - __main__ - ERROR -   Batch 1612: NaN or Inf loss detected! Skipping batch.
2026-05-08 04:17:53,773 - __main__ - ERROR -   Batch 1613: NaN or Inf loss detected! Skipping batch.
2026-05-08 04:17:53,834 - __main__ - ERROR -   Batch 1614: NaN or Inf loss detected! Skipping batch.
2026-05-08 04:17:53,894 - __main__ - ERROR -   Batch 1615: NaN or Inf loss detected! Skipping batch.
2026-05-08 04:17:53,954 - __main__ - ERROR -   Batch 1616: NaN or Inf loss detected! Skipping batch.
2026-05-08 04:17:54,015 - __main__ - ERROR -   Batch 1617: NaN or Inf loss detected! Skipping batch.
2026-05-08 04:17:54,075 - __main__ - ERROR -   Batch 1618: NaN or Inf loss detected! Skipping batch.
2026-05-08 04:17:54,135 - __main__ - ERROR -   Batch 1619: NaN or Inf loss detected! Skipping batch.
2026-05-08 04:17:54,195 - __main__ - ERROR -   Batch 1620: NaN or Inf loss detected! Skipping batch.
2026-05-08 04:17:54,255 - __main__ - ERROR -   Batch 1621: NaN or Inf loss detected! Skipping batch.
2026-05-08 04:17:54,316 - __main__ - ERROR -   Batch 1622: NaN or Inf loss detected! Skipping batch.
2026-05-08 04:17:54,376 - __main__ - ERROR -   Batch 1623: NaN or Inf loss detected! Skipping batch.
2026-05-08 04:17:54,437 - __main__ - ERROR -   Batch 1624: NaN or Inf loss detected! Skipping batch.
2026-05-08 04:17:54,497 - __main__ - ERROR -   Batch 1625: NaN or Inf loss detected! Skipping batch.
2026-05-08 04:17:54,557 - __main__ - ERROR -   Batch 1626: NaN or Inf loss detected! Skipping batch.
2026-05-08 04:17:54,617 - __main__ - ERROR -   Batch 1627: NaN or Inf loss detected! Skipping batch.
2026-05-08 04:17:54,677 - __main__ - ERROR -   Batch 1628: NaN or Inf loss detected! Skipping batch.
2026-05-08 04:17:54,738 - __main__ - ERROR -   Batch 1629: NaN or Inf loss detected! Skipping batch.
2026-05-08 04:17:54,798 - __main__ - ERROR -   Batch 1630: NaN or Inf loss detected! Skipping batch.
2026-05-08 04:17:54,859 - __main__ - ERROR -   Batch 1631: NaN or Inf loss detected! Skipping batch.
2026-05-08 04:17:54,919 - __main__ - ERROR -   Batch 1632: NaN or Inf loss detected! Skipping batch.
2026-05-08 04:17:54,979 - __main__ - ERROR -   Batch 1633: NaN or Inf loss detected! Skipping batch.
2026-05-08 04:17:55,040 - __main__ - ERROR -   Batch 1634: NaN or Inf loss detected! Skipping batch.
2026-05-08 04:17:55,100 - __main__ - ERROR -   Batch 1635: NaN or Inf loss detected! Skipping batch.
2026-05-08 04:17:55,160 - __main__ - ERROR -   Batch 1636: NaN or Inf loss detected! Skipping batch.
2026-05-08 04:17:55,221 - __main__ - ERROR -   Batch 1637: NaN or Inf loss detected! Skipping batch.
2026-05-08 04:17:55,281 - __main__ - ERROR -   Batch 1638: NaN or Inf loss detected! Skipping batch.
2026-05-08 04:17:55,342 - __main__ - ERROR -   Batch 1639: NaN or Inf loss detected! Skipping batch.
2026-05-08 04:17:55,402 - __main__ - ERROR -   Batch 1640: NaN or Inf loss detected! Skipping batch.
2026-05-08 04:17:55,462 - __main__ - ERROR -   Batch 1641: NaN or Inf loss detected! Skipping batch.
2026-05-08 04:17:55,523 - __main__ - ERROR -   Batch 1642: NaN or Inf loss detected! Skipping batch.
2026-05-08 04:17:55,583 - __main__ - ERROR -   Batch 1643: NaN or Inf loss detected! Skipping batch.
2026-05-08 04:17:55,643 - __main__ - ERROR -   Batch 1644: NaN or Inf loss detected! Skipping batch.
2026-05-08 04:17:55,703 - __main__ - ERROR -   Batch 1645: NaN or Inf loss detected! Skipping batch.
2026-05-08 04:17:55,763 - __main__ - ERROR -   Batch 1646: NaN or Inf loss detected! Skipping batch.
2026-05-08 04:17:55,817 - __main__ - ERROR -   Batch 1647: NaN or Inf loss detected! Skipping batch.
2026-05-08 04:17:55,878 - __main__ - ERROR -   Batch 1648: NaN or Inf loss detected! Skipping batch.
2026-05-08 04:17:55,938 - __main__ - ERROR -   Batch 1649: NaN or Inf loss detected! Skipping batch.
2026-05-08 04:17:55,998 - __main__ - ERROR -   Batch 1650: NaN or Inf loss detected! Skipping batch.
2026-05-08 04:17:56,059 - __main__ - ERROR -   Batch 1651: NaN or Inf loss detected! Skipping batch.
2026-05-08 04:17:56,120 - __main__ - ERROR -   Batch 1652: NaN or Inf loss detected! Skipping batch.
2026-05-08 04:17:56,180 - __main__ - ERROR -   Batch 1653: NaN or Inf loss detected! Skipping batch.
2026-05-08 04:17:56,240 - __main__ - ERROR -   Batch 1654: NaN or Inf loss detected! Skipping batch.
2026-05-08 04:17:56,300 - __main__ - ERROR -   Batch 1655: NaN or Inf loss detected! Skipping batch.
2026-05-08 04:17:56,360 - __main__ - ERROR -   Batch 1656: NaN or Inf loss detected! Skipping batch.
2026-05-08 04:17:56,421 - __main__ - ERROR -   Batch 1657: NaN or Inf loss detected! Skipping batch.
2026-05-08 04:17:56,481 - __main__ - ERROR -   Batch 1658: NaN or Inf loss detected! Skipping batch.
2026-05-08 04:17:56,542 - __main__ - ERROR -   Batch 1659: NaN or Inf loss detected! Skipping batch.
2026-05-08 04:17:56,602 - __main__ - ERROR -   Batch 1660: NaN or Inf loss detected! Skipping batch.
2026-05-08 04:17:56,663 - __main__ - ERROR -   Batch 1661: NaN or Inf loss detected! Skipping batch.
2026-05-08 04:17:56,723 - __main__ - ERROR -   Batch 1662: NaN or Inf loss detected! Skipping batch.
2026-05-08 04:17:56,777 - __main__ - ERROR -   Batch 1663: NaN or Inf loss detected! Skipping batch.
2026-05-08 04:17:56,837 - __main__ - ERROR -   Batch 1664: NaN or Inf loss detected! Skipping batch.
2026-05-08 04:17:56,897 - __main__ - ERROR -   Batch 1665: NaN or Inf loss detected! Skipping batch.
2026-05-08 04:17:56,958 - __main__ - ERROR -   Batch 1666: NaN or Inf loss detected! Skipping batch.
2026-05-08 04:17:57,018 - __main__ - ERROR -   Batch 1667: NaN or Inf loss detected! Skipping batch.
2026-05-08 04:17:57,079 - __main__ - ERROR -   Batch 1668: NaN or Inf loss detected! Skipping batch.
2026-05-08 04:17:57,139 - __main__ - ERROR -   Batch 1669: NaN or Inf loss detected! Skipping batch.
2026-05-08 04:17:57,199 - __main__ - ERROR -   Batch 1670: NaN or Inf loss detected! Skipping batch.
2026-05-08 04:17:57,259 - __main__ - ERROR -   Batch 1671: NaN or Inf loss detected! Skipping batch.
2026-05-08 04:17:57,314 - __main__ - ERROR -   Batch 1672: NaN or Inf loss detected! Skipping batch.
2026-05-08 04:17:57,374 - __main__ - ERROR -   Batch 1673: NaN or Inf loss detected! Skipping batch.
2026-05-08 04:17:57,434 - __main__ - ERROR -   Batch 1674: NaN or Inf loss detected! Skipping batch.
2026-05-08 04:17:57,781 - __main__ - ERROR -   Batch 1675: NaN or Inf loss detected! Skipping batch.
2026-05-08 04:17:57,841 - __main__ - ERROR -   Batch 1676: NaN or Inf loss detected! Skipping batch.
2026-05-08 04:17:57,902 - __main__ - ERROR -   Batch 1677: NaN or Inf loss detected! Skipping batch.
2026-05-08 04:17:57,962 - __main__ - ERROR -   Batch 1678: NaN or Inf loss detected! Skipping batch.
2026-05-08 04:17:58,023 - __main__ - ERROR -   Batch 1679: NaN or Inf loss detected! Skipping batch.
2026-05-08 04:17:58,078 - __main__ - ERROR -   Batch 1680: NaN or Inf loss detected! Skipping batch.
2026-05-08 04:17:58,137 - __main__ - ERROR -   Batch 1681: NaN or Inf loss detected! Skipping batch.
2026-05-08 04:17:58,198 - __main__ - ERROR -   Batch 1682: NaN or Inf loss detected! Skipping batch.
2026-05-08 04:17:58,252 - __main__ - ERROR -   Batch 1683: NaN or Inf loss detected! Skipping batch.
2026-05-08 04:17:58,312 - __main__ - ERROR -   Batch 1684: NaN or Inf loss detected! Skipping batch.
2026-05-08 04:17:58,372 - __main__ - ERROR -   Batch 1685: NaN or Inf loss detected! Skipping batch.
2026-05-08 04:17:58,431 - __main__ - ERROR -   Batch 1686: NaN or Inf loss detected! Skipping batch.
2026-05-08 04:17:58,492 - __main__ - ERROR -   Batch 1687: NaN or Inf loss detected! Skipping batch.
2026-05-08 04:17:58,552 - __main__ - ERROR -   Batch 1688: NaN or Inf loss detected! Skipping batch.
2026-05-08 04:17:58,612 - __main__ - ERROR -   Batch 1689: NaN or Inf loss detected! Skipping batch.
2026-05-08 04:17:58,672 - __main__ - ERROR -   Batch 1690: NaN or Inf loss detected! Skipping batch.
2026-05-08 04:17:58,732 - __main__ - ERROR -   Batch 1691: NaN or Inf loss detected! Skipping batch.
2026-05-08 04:17:58,792 - __main__ - ERROR -   Batch 1692: NaN or Inf loss detected! Skipping batch.
2026-05-08 04:17:58,851 - __main__ - ERROR -   Batch 1693: NaN or Inf loss detected! Skipping batch.
2026-05-08 04:17:58,912 - __main__ - ERROR -   Batch 1694: NaN or Inf loss detected! Skipping batch.
2026-05-08 04:17:58,972 - __main__ - ERROR -   Batch 1695: NaN or Inf loss detected! Skipping batch.
2026-05-08 04:17:59,032 - __main__ - ERROR -   Batch 1696: NaN or Inf loss detected! Skipping batch.
2026-05-08 04:17:59,092 - __main__ - ERROR -   Batch 1697: NaN or Inf loss detected! Skipping batch.
2026-05-08 04:17:59,152 - __main__ - ERROR -   Batch 1698: NaN or Inf loss detected! Skipping batch.
2026-05-08 04:17:59,212 - __main__ - ERROR -   Batch 1699: NaN or Inf loss detected! Skipping batch.
2026-05-08 04:17:59,272 - __main__ - ERROR -   Batch 1700: NaN or Inf loss detected! Skipping batch.
2026-05-08 04:17:59,332 - __main__ - ERROR -   Batch 1701: NaN or Inf loss detected! Skipping batch.
2026-05-08 04:17:59,393 - __main__ - ERROR -   Batch 1702: NaN or Inf loss detected! Skipping batch.
2026-05-08 04:17:59,453 - __main__ - ERROR -   Batch 1703: NaN or Inf loss detected! Skipping batch.
2026-05-08 04:17:59,513 - __main__ - ERROR -   Batch 1704: NaN or Inf loss detected! Skipping batch.
2026-05-08 04:17:59,573 - __main__ - ERROR -   Batch 1705: NaN or Inf loss detected! Skipping batch.
2026-05-08 04:17:59,633 - __main__ - ERROR -   Batch 1706: NaN or Inf loss detected! Skipping batch.
2026-05-08 04:17:59,694 - __main__ - ERROR -   Batch 1707: NaN or Inf loss detected! Skipping batch.
2026-05-08 04:17:59,754 - __main__ - ERROR -   Batch 1708: NaN or Inf loss detected! Skipping batch.
2026-05-08 04:17:59,815 - __main__ - ERROR -   Batch 1709: NaN or Inf loss detected! Skipping batch.
2026-05-08 04:17:59,875 - __main__ - ERROR -   Batch 1710: NaN or Inf loss detected! Skipping batch.
2026-05-08 04:17:59,935 - __main__ - ERROR -   Batch 1711: NaN or Inf loss detected! Skipping batch.
2026-05-08 04:17:59,995 - __main__ - ERROR -   Batch 1712: NaN or Inf loss detected! Skipping batch.
2026-05-08 04:18:00,055 - __main__ - ERROR -   Batch 1713: NaN or Inf loss detected! Skipping batch.
2026-05-08 04:18:00,116 - __main__ - ERROR -   Batch 1714: NaN or Inf loss detected! Skipping batch.
2026-05-08 04:18:00,176 - __main__ - ERROR -   Batch 1715: NaN or Inf loss detected! Skipping batch.
2026-05-08 04:18:00,237 - __main__ - ERROR -   Batch 1716: NaN or Inf loss detected! Skipping batch.
2026-05-08 04:18:00,297 - __main__ - ERROR -   Batch 1717: NaN or Inf loss detected! Skipping batch.
2026-05-08 04:18:00,358 - __main__ - ERROR -   Batch 1718: NaN or Inf loss detected! Skipping batch.
2026-05-08 04:18:00,418 - __main__ - ERROR -   Batch 1719: NaN or Inf loss detected! Skipping batch.
2026-05-08 04:18:00,479 - __main__ - ERROR -   Batch 1720: NaN or Inf loss detected! Skipping batch.
2026-05-08 04:18:00,539 - __main__ - ERROR -   Batch 1721: NaN or Inf loss detected! Skipping batch.
2026-05-08 04:18:00,600 - __main__ - ERROR -   Batch 1722: NaN or Inf loss detected! Skipping batch.
2026-05-08 04:18:00,660 - __main__ - ERROR -   Batch 1723: NaN or Inf loss detected! Skipping batch.
2026-05-08 04:18:00,720 - __main__ - ERROR -   Batch 1724: NaN or Inf loss detected! Skipping batch.
2026-05-08 04:18:00,780 - __main__ - ERROR -   Batch 1725: NaN or Inf loss detected! Skipping batch.
2026-05-08 04:18:00,841 - __main__ - ERROR -   Batch 1726: NaN or Inf loss detected! Skipping batch.
2026-05-08 04:18:00,901 - __main__ - ERROR -   Batch 1727: NaN or Inf loss detected! Skipping batch.
2026-05-08 04:18:00,961 - __main__ - ERROR -   Batch 1728: NaN or Inf loss detected! Skipping batch.
2026-05-08 04:18:01,022 - __main__ - ERROR -   Batch 1729: NaN or Inf loss detected! Skipping batch.
2026-05-08 04:18:01,082 - __main__ - ERROR -   Batch 1730: NaN or Inf loss detected! Skipping batch.
2026-05-08 04:18:01,143 - __main__ - ERROR -   Batch 1731: NaN or Inf loss detected! Skipping batch.
2026-05-08 04:18:01,197 - __main__ - ERROR -   Batch 1732: NaN or Inf loss detected! Skipping batch.
2026-05-08 04:18:01,257 - __main__ - ERROR -   Batch 1733: NaN or Inf loss detected! Skipping batch.
2026-05-08 04:18:01,318 - __main__ - ERROR -   Batch 1734: NaN or Inf loss detected! Skipping batch.
2026-05-08 04:18:01,378 - __main__ - ERROR -   Batch 1735: NaN or Inf loss detected! Skipping batch.
2026-05-08 04:18:01,433 - __main__ - ERROR -   Batch 1736: NaN or Inf loss detected! Skipping batch.
2026-05-08 04:18:01,493 - __main__ - ERROR -   Batch 1737: NaN or Inf loss detected! Skipping batch.
2026-05-08 04:18:01,554 - __main__ - ERROR -   Batch 1738: NaN or Inf loss detected! Skipping batch.
2026-05-08 04:18:01,614 - __main__ - ERROR -   Batch 1739: NaN or Inf loss detected! Skipping batch.
2026-05-08 04:18:01,668 - __main__ - ERROR -   Batch 1740: NaN or Inf loss detected! Skipping batch.
2026-05-08 04:18:01,722 - __main__ - ERROR -   Batch 1741: NaN or Inf loss detected! Skipping batch.
2026-05-08 04:18:01,783 - __main__ - ERROR -   Batch 1742: NaN or Inf loss detected! Skipping batch.
2026-05-08 04:18:01,843 - __main__ - ERROR -   Batch 1743: NaN or Inf loss detected! Skipping batch.
2026-05-08 04:18:01,904 - __main__ - ERROR -   Batch 1744: NaN or Inf loss detected! Skipping batch.
2026-05-08 04:18:01,964 - __main__ - ERROR -   Batch 1745: NaN or Inf loss detected! Skipping batch.
2026-05-08 04:18:02,024 - __main__ - ERROR -   Batch 1746: NaN or Inf loss detected! Skipping batch.
2026-05-08 04:18:02,085 - __main__ - ERROR -   Batch 1747: NaN or Inf loss detected! Skipping batch.
2026-05-08 04:18:02,145 - __main__ - ERROR -   Batch 1748: NaN or Inf loss detected! Skipping batch.
2026-05-08 04:18:02,205 - __main__ - ERROR -   Batch 1749: NaN or Inf loss detected! Skipping batch.
2026-05-08 04:18:02,265 - __main__ - ERROR -   Batch 1750: NaN or Inf loss detected! Skipping batch.
2026-05-08 04:18:02,325 - __main__ - ERROR -   Batch 1751: NaN or Inf loss detected! Skipping batch.
2026-05-08 04:18:02,385 - __main__ - ERROR -   Batch 1752: NaN or Inf loss detected! Skipping batch.
2026-05-08 04:18:02,445 - __main__ - ERROR -   Batch 1753: NaN or Inf loss detected! Skipping batch.
2026-05-08 04:18:02,500 - __main__ - ERROR -   Batch 1754: NaN or Inf loss detected! Skipping batch.
2026-05-08 04:18:02,560 - __main__ - ERROR -   Batch 1755: NaN or Inf loss detected! Skipping batch.
2026-05-08 04:18:02,620 - __main__ - ERROR -   Batch 1756: NaN or Inf loss detected! Skipping batch.
2026-05-08 04:18:02,674 - __main__ - ERROR -   Batch 1757: NaN or Inf loss detected! Skipping batch.
2026-05-08 04:18:02,734 - __main__ - ERROR -   Batch 1758: NaN or Inf loss detected! Skipping batch.
2026-05-08 04:18:02,794 - __main__ - ERROR -   Batch 1759: NaN or Inf loss detected! Skipping batch.
2026-05-08 04:18:02,854 - __main__ - ERROR -   Batch 1760: NaN or Inf loss detected! Skipping batch.
2026-05-08 04:18:02,915 - __main__ - ERROR -   Batch 1761: NaN or Inf loss detected! Skipping batch.
2026-05-08 04:18:02,975 - __main__ - ERROR -   Batch 1762: NaN or Inf loss detected! Skipping batch.
2026-05-08 04:18:03,035 - __main__ - ERROR -   Batch 1763: NaN or Inf loss detected! Skipping batch.
2026-05-08 04:18:03,096 - __main__ - ERROR -   Batch 1764: NaN or Inf loss detected! Skipping batch.
2026-05-08 04:18:03,155 - __main__ - ERROR -   Batch 1765: NaN or Inf loss detected! Skipping batch.
2026-05-08 04:18:03,216 - __main__ - ERROR -   Batch 1766: NaN or Inf loss detected! Skipping batch.
2026-05-08 04:18:03,270 - __main__ - ERROR -   Batch 1767: NaN or Inf loss detected! Skipping batch.
2026-05-08 04:18:03,330 - __main__ - ERROR -   Batch 1768: NaN or Inf loss detected! Skipping batch.
2026-05-08 04:18:03,390 - __main__ - ERROR -   Batch 1769: NaN or Inf loss detected! Skipping batch.
2026-05-08 04:18:03,450 - __main__ - ERROR -   Batch 1770: NaN or Inf loss detected! Skipping batch.
2026-05-08 04:18:03,511 - __main__ - ERROR -   Batch 1771: NaN or Inf loss detected! Skipping batch.
2026-05-08 04:18:03,571 - __main__ - ERROR -   Batch 1772: NaN or Inf loss detected! Skipping batch.
2026-05-08 04:18:03,632 - __main__ - ERROR -   Batch 1773: NaN or Inf loss detected! Skipping batch.
2026-05-08 04:18:03,692 - __main__ - ERROR -   Batch 1774: NaN or Inf loss detected! Skipping batch.
2026-05-08 04:18:03,752 - __main__ - ERROR -   Batch 1775: NaN or Inf loss detected! Skipping batch.
2026-05-08 04:18:03,813 - __main__ - ERROR -   Batch 1776: NaN or Inf loss detected! Skipping batch.
2026-05-08 04:18:03,873 - __main__ - ERROR -   Batch 1777: NaN or Inf loss detected! Skipping batch.
2026-05-08 04:18:03,934 - __main__ - ERROR -   Batch 1778: NaN or Inf loss detected! Skipping batch.
2026-05-08 04:18:03,994 - __main__ - ERROR -   Batch 1779: NaN or Inf loss detected! Skipping batch.
2026-05-08 04:18:04,053 - __main__ - ERROR -   Batch 1780: NaN or Inf loss detected! Skipping batch.
2026-05-08 04:18:04,113 - __main__ - ERROR -   Batch 1781: NaN or Inf loss detected! Skipping batch.
2026-05-08 04:18:04,174 - __main__ - ERROR -   Batch 1782: NaN or Inf loss detected! Skipping batch.
2026-05-08 04:18:04,234 - __main__ - ERROR -   Batch 1783: NaN or Inf loss detected! Skipping batch.
2026-05-08 04:18:04,570 - __main__ - ERROR -   Batch 1784: NaN or Inf loss detected! Skipping batch.
2026-05-08 04:18:04,631 - __main__ - ERROR -   Batch 1785: NaN or Inf loss detected! Skipping batch.
2026-05-08 04:18:04,691 - __main__ - ERROR -   Batch 1786: NaN or Inf loss detected! Skipping batch.
2026-05-08 04:18:04,752 - __main__ - ERROR -   Batch 1787: NaN or Inf loss detected! Skipping batch.
2026-05-08 04:18:04,812 - __main__ - ERROR -   Batch 1788: NaN or Inf loss detected! Skipping batch.
2026-05-08 04:18:04,872 - __main__ - ERROR -   Batch 1789: NaN or Inf loss detected! Skipping batch.
2026-05-08 04:18:04,933 - __main__ - ERROR -   Batch 1790: NaN or Inf loss detected! Skipping batch.
2026-05-08 04:18:04,994 - __main__ - ERROR -   Batch 1791: NaN or Inf loss detected! Skipping batch.
2026-05-08 04:18:05,054 - __main__ - ERROR -   Batch 1792: NaN or Inf loss detected! Skipping batch.
2026-05-08 04:18:05,109 - __main__ - ERROR -   Batch 1793: NaN or Inf loss detected! Skipping batch.
2026-05-08 04:18:05,169 - __main__ - ERROR -   Batch 1794: NaN or Inf loss detected! Skipping batch.
2026-05-08 04:18:05,229 - __main__ - ERROR -   Batch 1795: NaN or Inf loss detected! Skipping batch.
2026-05-08 04:18:05,289 - __main__ - ERROR -   Batch 1796: NaN or Inf loss detected! Skipping batch.
2026-05-08 04:18:05,349 - __main__ - ERROR -   Batch 1797: NaN or Inf loss detected! Skipping batch.
2026-05-08 04:18:05,409 - __main__ - ERROR -   Batch 1798: NaN or Inf loss detected! Skipping batch.
2026-05-08 04:18:05,469 - __main__ - ERROR -   Batch 1799: NaN or Inf loss detected! Skipping batch.
2026-05-08 04:18:05,530 - __main__ - ERROR -   Batch 1800: NaN or Inf loss detected! Skipping batch.
2026-05-08 04:18:05,590 - __main__ - ERROR -   Batch 1801: NaN or Inf loss detected! Skipping batch.
2026-05-08 04:18:05,650 - __main__ - ERROR -   Batch 1802: NaN or Inf loss detected! Skipping batch.
2026-05-08 04:18:05,710 - __main__ - ERROR -   Batch 1803: NaN or Inf loss detected! Skipping batch.
2026-05-08 04:18:05,770 - __main__ - ERROR -   Batch 1804: NaN or Inf loss detected! Skipping batch.
2026-05-08 04:18:05,830 - __main__ - ERROR -   Batch 1805: NaN or Inf loss detected! Skipping batch.
2026-05-08 04:18:05,891 - __main__ - ERROR -   Batch 1806: NaN or Inf loss detected! Skipping batch.
2026-05-08 04:18:05,952 - __main__ - ERROR -   Batch 1807: NaN or Inf loss detected! Skipping batch.
2026-05-08 04:18:06,012 - __main__ - ERROR -   Batch 1808: NaN or Inf loss detected! Skipping batch.
2026-05-08 04:18:06,072 - __main__ - ERROR -   Batch 1809: NaN or Inf loss detected! Skipping batch.
2026-05-08 04:18:06,132 - __main__ - ERROR -   Batch 1810: NaN or Inf loss detected! Skipping batch.
2026-05-08 04:18:06,192 - __main__ - ERROR -   Batch 1811: NaN or Inf loss detected! Skipping batch.
2026-05-08 04:18:06,253 - __main__ - ERROR -   Batch 1812: NaN or Inf loss detected! Skipping batch.
2026-05-08 04:18:06,313 - __main__ - ERROR -   Batch 1813: NaN or Inf loss detected! Skipping batch.
2026-05-08 04:18:06,368 - __main__ - ERROR -   Batch 1814: NaN or Inf loss detected! Skipping batch.
2026-05-08 04:18:06,428 - __main__ - ERROR -   Batch 1815: NaN or Inf loss detected! Skipping batch.
2026-05-08 04:18:06,488 - __main__ - ERROR -   Batch 1816: NaN or Inf loss detected! Skipping batch.
2026-05-08 04:18:06,548 - __main__ - ERROR -   Batch 1817: NaN or Inf loss detected! Skipping batch.
2026-05-08 04:18:06,608 - __main__ - ERROR -   Batch 1818: NaN or Inf loss detected! Skipping batch.
2026-05-08 04:18:06,668 - __main__ - ERROR -   Batch 1819: NaN or Inf loss detected! Skipping batch.
2026-05-08 04:18:06,729 - __main__ - ERROR -   Batch 1820: NaN or Inf loss detected! Skipping batch.
2026-05-08 04:18:06,789 - __main__ - ERROR -   Batch 1821: NaN or Inf loss detected! Skipping batch.
2026-05-08 04:18:06,850 - __main__ - ERROR -   Batch 1822: NaN or Inf loss detected! Skipping batch.
2026-05-08 04:18:06,911 - __main__ - ERROR -   Batch 1823: NaN or Inf loss detected! Skipping batch.
2026-05-08 04:18:06,971 - __main__ - ERROR -   Batch 1824: NaN or Inf loss detected! Skipping batch.
2026-05-08 04:18:07,031 - __main__ - ERROR -   Batch 1825: NaN or Inf loss detected! Skipping batch.
2026-05-08 04:18:07,091 - __main__ - ERROR -   Batch 1826: NaN or Inf loss detected! Skipping batch.
2026-05-08 04:18:07,152 - __main__ - ERROR -   Batch 1827: NaN or Inf loss detected! Skipping batch.
2026-05-08 04:18:07,212 - __main__ - ERROR -   Batch 1828: NaN or Inf loss detected! Skipping batch.
2026-05-08 04:18:07,272 - __main__ - ERROR -   Batch 1829: NaN or Inf loss detected! Skipping batch.
2026-05-08 04:18:07,332 - __main__ - ERROR -   Batch 1830: NaN or Inf loss detected! Skipping batch.
2026-05-08 04:18:07,393 - __main__ - ERROR -   Batch 1831: NaN or Inf loss detected! Skipping batch.
2026-05-08 04:18:07,447 - __main__ - ERROR -   Batch 1832: NaN or Inf loss detected! Skipping batch.
2026-05-08 04:18:07,508 - __main__ - ERROR -   Batch 1833: NaN or Inf loss detected! Skipping batch.
2026-05-08 04:18:07,568 - __main__ - ERROR -   Batch 1834: NaN or Inf loss detected! Skipping batch.
2026-05-08 04:18:07,629 - __main__ - ERROR -   Batch 1835: NaN or Inf loss detected! Skipping batch.
2026-05-08 04:18:07,689 - __main__ - ERROR -   Batch 1836: NaN or Inf loss detected! Skipping batch.
2026-05-08 04:18:07,749 - __main__ - ERROR -   Batch 1837: NaN or Inf loss detected! Skipping batch.
2026-05-08 04:18:07,809 - __main__ - ERROR -   Batch 1838: NaN or Inf loss detected! Skipping batch.
2026-05-08 04:18:07,870 - __main__ - ERROR -   Batch 1839: NaN or Inf loss detected! Skipping batch.
2026-05-08 04:18:07,930 - __main__ - ERROR -   Batch 1840: NaN or Inf loss detected! Skipping batch.
2026-05-08 04:18:07,991 - __main__ - ERROR -   Batch 1841: NaN or Inf loss detected! Skipping batch.
2026-05-08 04:18:08,051 - __main__ - ERROR -   Batch 1842: NaN or Inf loss detected! Skipping batch.
2026-05-08 04:18:08,101 - __main__ - ERROR -   Batch 1843: NaN or Inf loss detected! Skipping batch.
2026-05-08 04:18:08,161 - __main__ - ERROR -   Batch 1844: NaN or Inf loss detected! Skipping batch.
2026-05-08 04:18:08,221 - __main__ - ERROR -   Batch 1845: NaN or Inf loss detected! Skipping batch.
2026-05-08 04:18:08,281 - __main__ - ERROR -   Batch 1846: NaN or Inf loss detected! Skipping batch.
2026-05-08 04:18:08,342 - __main__ - ERROR -   Batch 1847: NaN or Inf loss detected! Skipping batch.
2026-05-08 04:18:08,402 - __main__ - ERROR -   Batch 1848: NaN or Inf loss detected! Skipping batch.
2026-05-08 04:18:08,462 - __main__ - ERROR -   Batch 1849: NaN or Inf loss detected! Skipping batch.
2026-05-08 04:18:08,522 - __main__ - ERROR -   Batch 1850: NaN or Inf loss detected! Skipping batch.
2026-05-08 04:18:08,582 - __main__ - ERROR -   Batch 1851: NaN or Inf loss detected! Skipping batch.
2026-05-08 04:18:08,642 - __main__ - ERROR -   Batch 1852: NaN or Inf loss detected! Skipping batch.
2026-05-08 04:18:08,703 - __main__ - ERROR -   Batch 1853: NaN or Inf loss detected! Skipping batch.
2026-05-08 04:18:08,762 - __main__ - ERROR -   Batch 1854: NaN or Inf loss detected! Skipping batch.
2026-05-08 04:18:08,823 - __main__ - ERROR -   Batch 1855: NaN or Inf loss detected! Skipping batch.
2026-05-08 04:18:08,883 - __main__ - ERROR -   Batch 1856: NaN or Inf loss detected! Skipping batch.
2026-05-08 04:18:08,944 - __main__ - ERROR -   Batch 1857: NaN or Inf loss detected! Skipping batch.
2026-05-08 04:18:09,003 - __main__ - ERROR -   Batch 1858: NaN or Inf loss detected! Skipping batch.
2026-05-08 04:18:09,064 - __main__ - ERROR -   Batch 1859: NaN or Inf loss detected! Skipping batch.
2026-05-08 04:18:09,125 - __main__ - ERROR -   Batch 1860: NaN or Inf loss detected! Skipping batch.
2026-05-08 04:18:09,185 - __main__ - ERROR -   Batch 1861: NaN or Inf loss detected! Skipping batch.
2026-05-08 04:18:09,246 - __main__ - ERROR -   Batch 1862: NaN or Inf loss detected! Skipping batch.
2026-05-08 04:18:09,306 - __main__ - ERROR -   Batch 1863: NaN or Inf loss detected! Skipping batch.
2026-05-08 04:18:09,366 - __main__ - ERROR -   Batch 1864: NaN or Inf loss detected! Skipping batch.
2026-05-08 04:18:09,426 - __main__ - ERROR -   Batch 1865: NaN or Inf loss detected! Skipping batch.
2026-05-08 04:18:09,487 - __main__ - ERROR -   Batch 1866: NaN or Inf loss detected! Skipping batch.
2026-05-08 04:18:09,542 - __main__ - ERROR -   Batch 1867: NaN or Inf loss detected! Skipping batch.
2026-05-08 04:18:09,602 - __main__ - ERROR -   Batch 1868: NaN or Inf loss detected! Skipping batch.
2026-05-08 04:18:09,662 - __main__ - ERROR -   Batch 1869: NaN or Inf loss detected! Skipping batch.
2026-05-08 04:18:09,723 - __main__ - ERROR -   Batch 1870: NaN or Inf loss detected! Skipping batch.
2026-05-08 04:18:09,783 - __main__ - ERROR -   Batch 1871: NaN or Inf loss detected! Skipping batch.
2026-05-08 04:18:09,843 - __main__ - ERROR -   Batch 1872: NaN or Inf loss detected! Skipping batch.
2026-05-08 04:18:09,903 - __main__ - ERROR -   Batch 1873: NaN or Inf loss detected! Skipping batch.
2026-05-08 04:18:09,963 - __main__ - ERROR -   Batch 1874: NaN or Inf loss detected! Skipping batch.
2026-05-08 04:18:10,024 - __main__ - ERROR -   Batch 1875: NaN or Inf loss detected! Skipping batch.
2026-05-08 04:18:10,084 - __main__ - ERROR -   Batch 1876: NaN or Inf loss detected! Skipping batch.
2026-05-08 04:18:10,145 - __main__ - ERROR -   Batch 1877: NaN or Inf loss detected! Skipping batch.
2026-05-08 04:18:10,205 - __main__ - ERROR -   Batch 1878: NaN or Inf loss detected! Skipping batch.
2026-05-08 04:18:10,265 - __main__ - ERROR -   Batch 1879: NaN or Inf loss detected! Skipping batch.
2026-05-08 04:18:10,325 - __main__ - ERROR -   Batch 1880: NaN or Inf loss detected! Skipping batch.
2026-05-08 04:18:10,386 - __main__ - ERROR -   Batch 1881: NaN or Inf loss detected! Skipping batch.
2026-05-08 04:18:10,440 - __main__ - ERROR -   Batch 1882: NaN or Inf loss detected! Skipping batch.
2026-05-08 04:18:10,491 - __main__ - ERROR -   Batch 1883: NaN or Inf loss detected! Skipping batch.
2026-05-08 04:18:10,551 - __main__ - ERROR -   Batch 1884: NaN or Inf loss detected! Skipping batch.
2026-05-08 04:18:10,611 - __main__ - ERROR -   Batch 1885: NaN or Inf loss detected! Skipping batch.
2026-05-08 04:18:10,671 - __main__ - ERROR -   Batch 1886: NaN or Inf loss detected! Skipping batch.
2026-05-08 04:18:10,732 - __main__ - ERROR -   Batch 1887: NaN or Inf loss detected! Skipping batch.
2026-05-08 04:18:10,793 - __main__ - ERROR -   Batch 1888: NaN or Inf loss detected! Skipping batch.
2026-05-08 04:18:10,853 - __main__ - ERROR -   Batch 1889: NaN or Inf loss detected! Skipping batch.
2026-05-08 04:18:10,908 - __main__ - ERROR -   Batch 1890: NaN or Inf loss detected! Skipping batch.
2026-05-08 04:18:11,233 - __main__ - ERROR -   Batch 1891: NaN or Inf loss detected! Skipping batch.
2026-05-08 04:18:11,294 - __main__ - ERROR -   Batch 1892: NaN or Inf loss detected! Skipping batch.
2026-05-08 04:18:11,354 - __main__ - ERROR -   Batch 1893: NaN or Inf loss detected! Skipping batch.
2026-05-08 04:18:11,414 - __main__ - ERROR -   Batch 1894: NaN or Inf loss detected! Skipping batch.
2026-05-08 04:18:11,474 - __main__ - ERROR -   Batch 1895: NaN or Inf loss detected! Skipping batch.
2026-05-08 04:18:11,534 - __main__ - ERROR -   Batch 1896: NaN or Inf loss detected! Skipping batch.
2026-05-08 04:18:11,593 - __main__ - ERROR -   Batch 1897: NaN or Inf loss detected! Skipping batch.
2026-05-08 04:18:11,654 - __main__ - ERROR -   Batch 1898: NaN or Inf loss detected! Skipping batch.
2026-05-08 04:18:11,714 - __main__ - ERROR -   Batch 1899: NaN or Inf loss detected! Skipping batch.
2026-05-08 04:18:11,774 - __main__ - ERROR -   Batch 1900: NaN or Inf loss detected! Skipping batch.
2026-05-08 04:18:11,834 - __main__ - ERROR -   Batch 1901: NaN or Inf loss detected! Skipping batch.
2026-05-08 04:18:11,895 - __main__ - ERROR -   Batch 1902: NaN or Inf loss detected! Skipping batch.
2026-05-08 04:18:11,955 - __main__ - ERROR -   Batch 1903: NaN or Inf loss detected! Skipping batch.
2026-05-08 04:18:12,009 - __main__ - ERROR -   Batch 1904: NaN or Inf loss detected! Skipping batch.
2026-05-08 04:18:12,069 - __main__ - ERROR -   Batch 1905: NaN or Inf loss detected! Skipping batch.
2026-05-08 04:18:12,124 - __main__ - ERROR -   Batch 1906: NaN or Inf loss detected! Skipping batch.
2026-05-08 04:18:12,184 - __main__ - ERROR -   Batch 1907: NaN or Inf loss detected! Skipping batch.
2026-05-08 04:18:12,244 - __main__ - ERROR -   Batch 1908: NaN or Inf loss detected! Skipping batch.
2026-05-08 04:18:12,303 - __main__ - ERROR -   Batch 1909: NaN or Inf loss detected! Skipping batch.
2026-05-08 04:18:12,364 - __main__ - ERROR -   Batch 1910: NaN or Inf loss detected! Skipping batch.
2026-05-08 04:18:12,424 - __main__ - ERROR -   Batch 1911: NaN or Inf loss detected! Skipping batch.
2026-05-08 04:18:12,484 - __main__ - ERROR -   Batch 1912: NaN or Inf loss detected! Skipping batch.
2026-05-08 04:18:12,544 - __main__ - ERROR -   Batch 1913: NaN or Inf loss detected! Skipping batch.
2026-05-08 04:18:12,605 - __main__ - ERROR -   Batch 1914: NaN or Inf loss detected! Skipping batch.
2026-05-08 04:18:12,665 - __main__ - ERROR -   Batch 1915: NaN or Inf loss detected! Skipping batch.
2026-05-08 04:18:12,726 - __main__ - ERROR -   Batch 1916: NaN or Inf loss detected! Skipping batch.
2026-05-08 04:18:12,786 - __main__ - ERROR -   Batch 1917: NaN or Inf loss detected! Skipping batch.
2026-05-08 04:18:12,846 - __main__ - ERROR -   Batch 1918: NaN or Inf loss detected! Skipping batch.
2026-05-08 04:18:12,901 - __main__ - ERROR -   Batch 1919: NaN or Inf loss detected! Skipping batch.
2026-05-08 04:18:12,962 - __main__ - ERROR -   Batch 1920: NaN or Inf loss detected! Skipping batch.
2026-05-08 04:18:13,022 - __main__ - ERROR -   Batch 1921: NaN or Inf loss detected! Skipping batch.
2026-05-08 04:18:13,077 - __main__ - ERROR -   Batch 1922: NaN or Inf loss detected! Skipping batch.
2026-05-08 04:18:13,137 - __main__ - ERROR -   Batch 1923: NaN or Inf loss detected! Skipping batch.
2026-05-08 04:18:13,197 - __main__ - ERROR -   Batch 1924: NaN or Inf loss detected! Skipping batch.
2026-05-08 04:18:13,256 - __main__ - ERROR -   Batch 1925: NaN or Inf loss detected! Skipping batch.
2026-05-08 04:18:13,316 - __main__ - ERROR -   Batch 1926: NaN or Inf loss detected! Skipping batch.
2026-05-08 04:18:13,376 - __main__ - ERROR -   Batch 1927: NaN or Inf loss detected! Skipping batch.
2026-05-08 04:18:13,437 - __main__ - ERROR -   Batch 1928: NaN or Inf loss detected! Skipping batch.
2026-05-08 04:18:13,496 - __main__ - ERROR -   Batch 1929: NaN or Inf loss detected! Skipping batch.
2026-05-08 04:18:13,556 - __main__ - ERROR -   Batch 1930: NaN or Inf loss detected! Skipping batch.
2026-05-08 04:18:13,617 - __main__ - ERROR -   Batch 1931: NaN or Inf loss detected! Skipping batch.
2026-05-08 04:18:13,677 - __main__ - ERROR -   Batch 1932: NaN or Inf loss detected! Skipping batch.
2026-05-08 04:18:13,738 - __main__ - ERROR -   Batch 1933: NaN or Inf loss detected! Skipping batch.
2026-05-08 04:18:13,798 - __main__ - ERROR -   Batch 1934: NaN or Inf loss detected! Skipping batch.
2026-05-08 04:18:13,858 - __main__ - ERROR -   Batch 1935: NaN or Inf loss detected! Skipping batch.
2026-05-08 04:18:13,919 - __main__ - ERROR -   Batch 1936: NaN or Inf loss detected! Skipping batch.
2026-05-08 04:18:13,973 - __main__ - ERROR -   Batch 1937: NaN or Inf loss detected! Skipping batch.
2026-05-08 04:18:14,033 - __main__ - ERROR -   Batch 1938: NaN or Inf loss detected! Skipping batch.
2026-05-08 04:18:14,093 - __main__ - ERROR -   Batch 1939: NaN or Inf loss detected! Skipping batch.
2026-05-08 04:18:14,153 - __main__ - ERROR -   Batch 1940: NaN or Inf loss detected! Skipping batch.
2026-05-08 04:18:14,213 - __main__ - ERROR -   Batch 1941: NaN or Inf loss detected! Skipping batch.
2026-05-08 04:18:14,273 - __main__ - ERROR -   Batch 1942: NaN or Inf loss detected! Skipping batch.
2026-05-08 04:18:14,333 - __main__ - ERROR -   Batch 1943: NaN or Inf loss detected! Skipping batch.
2026-05-08 04:18:14,393 - __main__ - ERROR -   Batch 1944: NaN or Inf loss detected! Skipping batch.
2026-05-08 04:18:14,452 - __main__ - ERROR -   Batch 1945: NaN or Inf loss detected! Skipping batch.
2026-05-08 04:18:14,513 - __main__ - ERROR -   Batch 1946: NaN or Inf loss detected! Skipping batch.
2026-05-08 04:18:14,568 - __main__ - ERROR -   Batch 1947: NaN or Inf loss detected! Skipping batch.
2026-05-08 04:18:14,628 - __main__ - ERROR -   Batch 1948: NaN or Inf loss detected! Skipping batch.
2026-05-08 04:18:14,688 - __main__ - ERROR -   Batch 1949: NaN or Inf loss detected! Skipping batch.
2026-05-08 04:18:14,748 - __main__ - ERROR -   Batch 1950: NaN or Inf loss detected! Skipping batch.
2026-05-08 04:18:14,808 - __main__ - ERROR -   Batch 1951: NaN or Inf loss detected! Skipping batch.
2026-05-08 04:18:14,868 - __main__ - ERROR -   Batch 1952: NaN or Inf loss detected! Skipping batch.
2026-05-08 04:18:14,929 - __main__ - ERROR -   Batch 1953: NaN or Inf loss detected! Skipping batch.
2026-05-08 04:18:14,990 - __main__ - ERROR -   Batch 1954: NaN or Inf loss detected! Skipping batch.
2026-05-08 04:18:15,050 - __main__ - ERROR -   Batch 1955: NaN or Inf loss detected! Skipping batch.
2026-05-08 04:18:15,110 - __main__ - ERROR -   Batch 1956: NaN or Inf loss detected! Skipping batch.
2026-05-08 04:18:15,171 - __main__ - ERROR -   Batch 1957: NaN or Inf loss detected! Skipping batch.
2026-05-08 04:18:15,231 - __main__ - ERROR -   Batch 1958: NaN or Inf loss detected! Skipping batch.
2026-05-08 04:18:15,291 - __main__ - ERROR -   Batch 1959: NaN or Inf loss detected! Skipping batch.
2026-05-08 04:18:15,351 - __main__ - ERROR -   Batch 1960: NaN or Inf loss detected! Skipping batch.
2026-05-08 04:18:15,411 - __main__ - ERROR -   Batch 1961: NaN or Inf loss detected! Skipping batch.
2026-05-08 04:18:15,472 - __main__ - ERROR -   Batch 1962: NaN or Inf loss detected! Skipping batch.
2026-05-08 04:18:15,526 - __main__ - ERROR -   Batch 1963: NaN or Inf loss detected! Skipping batch.
2026-05-08 04:18:15,586 - __main__ - ERROR -   Batch 1964: NaN or Inf loss detected! Skipping batch.
2026-05-08 04:18:15,647 - __main__ - ERROR -   Batch 1965: NaN or Inf loss detected! Skipping batch.
2026-05-08 04:18:15,707 - __main__ - ERROR -   Batch 1966: NaN or Inf loss detected! Skipping batch.
2026-05-08 04:18:15,768 - __main__ - ERROR -   Batch 1967: NaN or Inf loss detected! Skipping batch.
2026-05-08 04:18:15,823 - __main__ - ERROR -   Batch 1968: NaN or Inf loss detected! Skipping batch.
2026-05-08 04:18:15,883 - __main__ - ERROR -   Batch 1969: NaN or Inf loss detected! Skipping batch.
2026-05-08 04:18:15,943 - __main__ - ERROR -   Batch 1970: NaN or Inf loss detected! Skipping batch.
2026-05-08 04:18:15,998 - __main__ - ERROR -   Batch 1971: NaN or Inf loss detected! Skipping batch.
2026-05-08 04:18:16,058 - __main__ - ERROR -   Batch 1972: NaN or Inf loss detected! Skipping batch.
2026-05-08 04:18:16,118 - __main__ - ERROR -   Batch 1973: NaN or Inf loss detected! Skipping batch.
2026-05-08 04:18:16,179 - __main__ - ERROR -   Batch 1974: NaN or Inf loss detected! Skipping batch.
2026-05-08 04:18:16,239 - __main__ - ERROR -   Batch 1975: NaN or Inf loss detected! Skipping batch.
2026-05-08 04:18:16,300 - __main__ - ERROR -   Batch 1976: NaN or Inf loss detected! Skipping batch.
2026-05-08 04:18:16,360 - __main__ - ERROR -   Batch 1977: NaN or Inf loss detected! Skipping batch.
2026-05-08 04:18:16,420 - __main__ - ERROR -   Batch 1978: NaN or Inf loss detected! Skipping batch.
2026-05-08 04:18:16,480 - __main__ - ERROR -   Batch 1979: NaN or Inf loss detected! Skipping batch.
2026-05-08 04:18:16,540 - __main__ - ERROR -   Batch 1980: NaN or Inf loss detected! Skipping batch.
2026-05-08 04:18:16,586 - __main__ - ERROR -   Batch 1981: NaN or Inf loss detected! Skipping batch.
2026-05-08 04:18:16,646 - __main__ - ERROR -   Batch 1982: NaN or Inf loss detected! Skipping batch.
2026-05-08 04:18:16,707 - __main__ - ERROR -   Batch 1983: NaN or Inf loss detected! Skipping batch.
2026-05-08 04:18:16,766 - __main__ - ERROR -   Batch 1984: NaN or Inf loss detected! Skipping batch.
2026-05-08 04:18:16,827 - __main__ - ERROR -   Batch 1985: NaN or Inf loss detected! Skipping batch.
2026-05-08 04:18:16,887 - __main__ - ERROR -   Batch 1986: NaN or Inf loss detected! Skipping batch.
2026-05-08 04:18:16,948 - __main__ - ERROR -   Batch 1987: NaN or Inf loss detected! Skipping batch.
2026-05-08 04:18:17,008 - __main__ - ERROR -   Batch 1988: NaN or Inf loss detected! Skipping batch.
2026-05-08 04:18:17,068 - __main__ - ERROR -   Batch 1989: NaN or Inf loss detected! Skipping batch.
2026-05-08 04:18:17,129 - __main__ - ERROR -   Batch 1990: NaN or Inf loss detected! Skipping batch.
2026-05-08 04:18:17,189 - __main__ - ERROR -   Batch 1991: NaN or Inf loss detected! Skipping batch.
2026-05-08 04:18:17,249 - __main__ - ERROR -   Batch 1992: NaN or Inf loss detected! Skipping batch.
2026-05-08 04:18:17,309 - __main__ - ERROR -   Batch 1993: NaN or Inf loss detected! Skipping batch.
2026-05-08 04:18:17,369 - __main__ - ERROR -   Batch 1994: NaN or Inf loss detected! Skipping batch.
2026-05-08 04:18:17,720 - __main__ - ERROR -   Batch 1995: NaN or Inf loss detected! Skipping batch.
2026-05-08 04:18:17,780 - __main__ - ERROR -   Batch 1996: NaN or Inf loss detected! Skipping batch.
2026-05-08 04:18:17,841 - __main__ - ERROR -   Batch 1997: NaN or Inf loss detected! Skipping batch.
2026-05-08 04:18:17,902 - __main__ - ERROR -   Batch 1998: NaN or Inf loss detected! Skipping batch.
2026-05-08 04:18:17,963 - __main__ - ERROR -   Batch 1999: NaN or Inf loss detected! Skipping batch.
2026-05-08 04:18:18,023 - __main__ - ERROR -   Batch 2000: NaN or Inf loss detected! Skipping batch.
2026-05-08 04:18:18,083 - __main__ - ERROR -   Batch 2001: NaN or Inf loss detected! Skipping batch.
2026-05-08 04:18:18,144 - __main__ - ERROR -   Batch 2002: NaN or Inf loss detected! Skipping batch.
2026-05-08 04:18:18,198 - __main__ - ERROR -   Batch 2003: NaN or Inf loss detected! Skipping batch.
2026-05-08 04:18:18,258 - __main__ - ERROR -   Batch 2004: NaN or Inf loss detected! Skipping batch.
2026-05-08 04:18:18,318 - __main__ - ERROR -   Batch 2005: NaN or Inf loss detected! Skipping batch.
2026-05-08 04:18:18,378 - __main__ - ERROR -   Batch 2006: NaN or Inf loss detected! Skipping batch.
2026-05-08 04:18:18,437 - __main__ - ERROR -   Batch 2007: NaN or Inf loss detected! Skipping batch.
2026-05-08 04:18:18,498 - __main__ - ERROR -   Batch 2008: NaN or Inf loss detected! Skipping batch.
2026-05-08 04:18:18,558 - __main__ - ERROR -   Batch 2009: NaN or Inf loss detected! Skipping batch.
2026-05-08 04:18:18,618 - __main__ - ERROR -   Batch 2010: NaN or Inf loss detected! Skipping batch.
2026-05-08 04:18:18,678 - __main__ - ERROR -   Batch 2011: NaN or Inf loss detected! Skipping batch.
2026-05-08 04:18:18,738 - __main__ - ERROR -   Batch 2012: NaN or Inf loss detected! Skipping batch.
2026-05-08 04:18:18,798 - __main__ - ERROR -   Batch 2013: NaN or Inf loss detected! Skipping batch.
2026-05-08 04:18:18,858 - __main__ - ERROR -   Batch 2014: NaN or Inf loss detected! Skipping batch.
2026-05-08 04:18:18,918 - __main__ - ERROR -   Batch 2015: NaN or Inf loss detected! Skipping batch.
2026-05-08 04:18:18,973 - __main__ - ERROR -   Batch 2016: NaN or Inf loss detected! Skipping batch.
2026-05-08 04:18:19,033 - __main__ - ERROR -   Batch 2017: NaN or Inf loss detected! Skipping batch.
2026-05-08 04:18:19,093 - __main__ - ERROR -   Batch 2018: NaN or Inf loss detected! Skipping batch.
2026-05-08 04:18:19,154 - __main__ - ERROR -   Batch 2019: NaN or Inf loss detected! Skipping batch.
2026-05-08 04:18:19,214 - __main__ - ERROR -   Batch 2020: NaN or Inf loss detected! Skipping batch.
2026-05-08 04:18:19,274 - __main__ - ERROR -   Batch 2021: NaN or Inf loss detected! Skipping batch.
2026-05-08 04:18:19,334 - __main__ - ERROR -   Batch 2022: NaN or Inf loss detected! Skipping batch.
2026-05-08 04:18:19,389 - __main__ - ERROR -   Batch 2023: NaN or Inf loss detected! Skipping batch.
2026-05-08 04:18:19,449 - __main__ - ERROR -   Batch 2024: NaN or Inf loss detected! Skipping batch.
2026-05-08 04:18:19,504 - __main__ - ERROR -   Batch 2025: NaN or Inf loss detected! Skipping batch.
2026-05-08 04:18:19,564 - __main__ - ERROR -   Batch 2026: NaN or Inf loss detected! Skipping batch.
2026-05-08 04:18:19,624 - __main__ - ERROR -   Batch 2027: NaN or Inf loss detected! Skipping batch.
2026-05-08 04:18:19,685 - __main__ - ERROR -   Batch 2028: NaN or Inf loss detected! Skipping batch.
2026-05-08 04:18:19,745 - __main__ - ERROR -   Batch 2029: NaN or Inf loss detected! Skipping batch.
2026-05-08 04:18:19,805 - __main__ - ERROR -   Batch 2030: NaN or Inf loss detected! Skipping batch.
2026-05-08 04:18:19,865 - __main__ - ERROR -   Batch 2031: NaN or Inf loss detected! Skipping batch.
2026-05-08 04:18:19,925 - __main__ - ERROR -   Batch 2032: NaN or Inf loss detected! Skipping batch.
2026-05-08 04:18:19,986 - __main__ - ERROR -   Batch 2033: NaN or Inf loss detected! Skipping batch.
2026-05-08 04:18:20,046 - __main__ - ERROR -   Batch 2034: NaN or Inf loss detected! Skipping batch.
2026-05-08 04:18:20,106 - __main__ - ERROR -   Batch 2035: NaN or Inf loss detected! Skipping batch.
2026-05-08 04:18:20,167 - __main__ - ERROR -   Batch 2036: NaN or Inf loss detected! Skipping batch.
2026-05-08 04:18:20,226 - __main__ - ERROR -   Batch 2037: NaN or Inf loss detected! Skipping batch.
2026-05-08 04:18:20,286 - __main__ - ERROR -   Batch 2038: NaN or Inf loss detected! Skipping batch.
2026-05-08 04:18:20,346 - __main__ - ERROR -   Batch 2039: NaN or Inf loss detected! Skipping batch.
2026-05-08 04:18:20,406 - __main__ - ERROR -   Batch 2040: NaN or Inf loss detected! Skipping batch.
2026-05-08 04:18:20,466 - __main__ - ERROR -   Batch 2041: NaN or Inf loss detected! Skipping batch.
2026-05-08 04:18:20,526 - __main__ - ERROR -   Batch 2042: NaN or Inf loss detected! Skipping batch.
2026-05-08 04:18:20,586 - __main__ - ERROR -   Batch 2043: NaN or Inf loss detected! Skipping batch.
2026-05-08 04:18:20,646 - __main__ - ERROR -   Batch 2044: NaN or Inf loss detected! Skipping batch.
2026-05-08 04:18:20,706 - __main__ - ERROR -   Batch 2045: NaN or Inf loss detected! Skipping batch.
2026-05-08 04:18:20,767 - __main__ - ERROR -   Batch 2046: NaN or Inf loss detected! Skipping batch.
2026-05-08 04:18:20,827 - __main__ - ERROR -   Batch 2047: NaN or Inf loss detected! Skipping batch.
2026-05-08 04:18:20,882 - __main__ - ERROR -   Batch 2048: NaN or Inf loss detected! Skipping batch.
2026-05-08 04:18:20,943 - __main__ - ERROR -   Batch 2049: NaN or Inf loss detected! Skipping batch.
2026-05-08 04:18:21,004 - __main__ - ERROR -   Batch 2050: NaN or Inf loss detected! Skipping batch.
2026-05-08 04:18:21,065 - __main__ - ERROR -   Batch 2051: NaN or Inf loss detected! Skipping batch.
2026-05-08 04:18:21,126 - __main__ - ERROR -   Batch 2052: NaN or Inf loss detected! Skipping batch.
2026-05-08 04:18:21,185 - __main__ - ERROR -   Batch 2053: NaN or Inf loss detected! Skipping batch.
2026-05-08 04:18:21,246 - __main__ - ERROR -   Batch 2054: NaN or Inf loss detected! Skipping batch.
2026-05-08 04:18:21,300 - __main__ - ERROR -   Batch 2055: NaN or Inf loss detected! Skipping batch.
2026-05-08 04:18:21,356 - __main__ - ERROR -   Batch 2056: NaN or Inf loss detected! Skipping batch.
2026-05-08 04:18:21,416 - __main__ - ERROR -   Batch 2057: NaN or Inf loss detected! Skipping batch.
2026-05-08 04:18:21,475 - __main__ - ERROR -   Batch 2058: NaN or Inf loss detected! Skipping batch.
2026-05-08 04:18:21,535 - __main__ - ERROR -   Batch 2059: NaN or Inf loss detected! Skipping batch.
2026-05-08 04:18:21,595 - __main__ - ERROR -   Batch 2060: NaN or Inf loss detected! Skipping batch.
2026-05-08 04:18:21,650 - __main__ - ERROR -   Batch 2061: NaN or Inf loss detected! Skipping batch.
2026-05-08 04:18:21,710 - __main__ - ERROR -   Batch 2062: NaN or Inf loss detected! Skipping batch.
2026-05-08 04:18:21,770 - __main__ - ERROR -   Batch 2063: NaN or Inf loss detected! Skipping batch.
2026-05-08 04:18:21,831 - __main__ - ERROR -   Batch 2064: NaN or Inf loss detected! Skipping batch.
2026-05-08 04:18:21,891 - __main__ - ERROR -   Batch 2065: NaN or Inf loss detected! Skipping batch.
2026-05-08 04:18:21,952 - __main__ - ERROR -   Batch 2066: NaN or Inf loss detected! Skipping batch.
2026-05-08 04:18:22,012 - __main__ - ERROR -   Batch 2067: NaN or Inf loss detected! Skipping batch.
2026-05-08 04:18:22,073 - __main__ - ERROR -   Batch 2068: NaN or Inf loss detected! Skipping batch.
2026-05-08 04:18:22,133 - __main__ - ERROR -   Batch 2069: NaN or Inf loss detected! Skipping batch.
2026-05-08 04:18:22,193 - __main__ - ERROR -   Batch 2070: NaN or Inf loss detected! Skipping batch.
2026-05-08 04:18:22,254 - __main__ - ERROR -   Batch 2071: NaN or Inf loss detected! Skipping batch.
2026-05-08 04:18:22,314 - __main__ - ERROR -   Batch 2072: NaN or Inf loss detected! Skipping batch.
2026-05-08 04:18:22,375 - __main__ - ERROR -   Batch 2073: NaN or Inf loss detected! Skipping batch.
2026-05-08 04:18:22,435 - __main__ - ERROR -   Batch 2074: NaN or Inf loss detected! Skipping batch.
2026-05-08 04:18:22,496 - __main__ - ERROR -   Batch 2075: NaN or Inf loss detected! Skipping batch.
2026-05-08 04:18:22,556 - __main__ - ERROR -   Batch 2076: NaN or Inf loss detected! Skipping batch.
2026-05-08 04:18:22,616 - __main__ - ERROR -   Batch 2077: NaN or Inf loss detected! Skipping batch.
2026-05-08 04:18:22,676 - __main__ - ERROR -   Batch 2078: NaN or Inf loss detected! Skipping batch.
2026-05-08 04:18:22,736 - __main__ - ERROR -   Batch 2079: NaN or Inf loss detected! Skipping batch.
2026-05-08 04:18:22,796 - __main__ - ERROR -   Batch 2080: NaN or Inf loss detected! Skipping batch.
2026-05-08 04:18:22,856 - __main__ - ERROR -   Batch 2081: NaN or Inf loss detected! Skipping batch.
2026-05-08 04:18:22,917 - __main__ - ERROR -   Batch 2082: NaN or Inf loss detected! Skipping batch.
2026-05-08 04:18:22,977 - __main__ - ERROR -   Batch 2083: NaN or Inf loss detected! Skipping batch.
2026-05-08 04:18:23,038 - __main__ - ERROR -   Batch 2084: NaN or Inf loss detected! Skipping batch.
2026-05-08 04:18:23,098 - __main__ - ERROR -   Batch 2085: NaN or Inf loss detected! Skipping batch.
2026-05-08 04:18:23,158 - __main__ - ERROR -   Batch 2086: NaN or Inf loss detected! Skipping batch.
2026-05-08 04:18:23,220 - __main__ - ERROR -   Batch 2087: NaN or Inf loss detected! Skipping batch.
2026-05-08 04:18:23,280 - __main__ - ERROR -   Batch 2088: NaN or Inf loss detected! Skipping batch.
2026-05-08 04:18:23,340 - __main__ - ERROR -   Batch 2089: NaN or Inf loss detected! Skipping batch.
2026-05-08 04:18:23,394 - __main__ - ERROR -   Batch 2090: NaN or Inf loss detected! Skipping batch.
2026-05-08 04:18:23,454 - __main__ - ERROR -   Batch 2091: NaN or Inf loss detected! Skipping batch.
2026-05-08 04:18:23,514 - __main__ - ERROR -   Batch 2092: NaN or Inf loss detected! Skipping batch.
2026-05-08 04:18:23,568 - __main__ - ERROR -   Batch 2093: NaN or Inf loss detected! Skipping batch.
2026-05-08 04:18:23,628 - __main__ - ERROR -   Batch 2094: NaN or Inf loss detected! Skipping batch.
2026-05-08 04:18:23,654 - __main__ - ERROR -   Batch 2095: NaN or Inf loss detected! Skipping batch.
2026-05-08 04:18:23,753 - __main__ - INFO - Epoch 1 complete in 131.84s | avg_loss=2.6405 | batches: 1 succeeded, 2094 skipped (OOM/NaN)
2026-05-08 04:18:23,753 - __main__ - WARNING -   WARNING: 100.0% of batches were skipped this epoch!
2026-05-08 04:18:23,756 - __main__ - INFO - Train Loss: 2.6405
2026-05-08 04:18:23,756 - __main__ - INFO - Evaluating on dev set...
2026-05-08 04:18:23,757 - __main__ - INFO - Starting evaluation on 462 samples
Evaluating:   0%|          | 0/58 [00:00<?, ?it/s]Evaluating:   2%|▏         | 1/58 [00:00<00:19,  2.89it/s]Evaluating:   5%|▌         | 3/58 [00:00<00:06,  7.86it/s]Evaluating:   9%|▊         | 5/58 [00:00<00:04, 11.13it/s]Evaluating:  12%|█▏        | 7/58 [00:00<00:03, 13.57it/s]Evaluating:  16%|█▌        | 9/58 [00:00<00:03, 15.39it/s]2026-05-08 04:18:24,575 - __main__ - INFO -   Evaluation progress: 10/58 batches (12.23 batches/s)
Evaluating:  19%|█▉        | 11/58 [00:00<00:02, 16.30it/s]Evaluating:  22%|██▏       | 13/58 [00:00<00:02, 16.71it/s]Evaluating:  26%|██▌       | 15/58 [00:01<00:02, 17.22it/s]Evaluating:  29%|██▉       | 17/58 [00:01<00:02, 17.79it/s]Evaluating:  33%|███▎      | 19/58 [00:01<00:02, 18.23it/s]2026-05-08 04:18:25,115 - __main__ - INFO -   Evaluation progress: 20/58 batches (14.73 batches/s)
Evaluating:  36%|███▌      | 21/58 [00:01<00:01, 18.50it/s]Evaluating:  40%|███▉      | 23/58 [00:01<00:01, 18.70it/s]Evaluating:  43%|████▎     | 25/58 [00:01<00:01, 18.36it/s]Evaluating:  47%|████▋     | 27/58 [00:01<00:01, 18.11it/s]Evaluating:  50%|█████     | 29/58 [00:01<00:01, 17.95it/s]2026-05-08 04:18:25,665 - __main__ - INFO -   Evaluation progress: 30/58 batches (15.73 batches/s)
Evaluating:  53%|█████▎    | 31/58 [00:01<00:01, 17.79it/s]Evaluating:  57%|█████▋    | 33/58 [00:02<00:01, 17.73it/s]Evaluating:  60%|██████    | 35/58 [00:02<00:01, 17.66it/s]Evaluating:  64%|██████▍   | 37/58 [00:02<00:01, 17.63it/s]Evaluating:  67%|██████▋   | 39/58 [00:02<00:01, 17.60it/s]2026-05-08 04:18:26,235 - __main__ - INFO -   Evaluation progress: 40/58 batches (16.14 batches/s)
Evaluating:  71%|███████   | 41/58 [00:02<00:00, 17.59it/s]Evaluating:  74%|███████▍  | 43/58 [00:02<00:00, 17.57it/s]Evaluating:  78%|███████▊  | 45/58 [00:02<00:00, 17.57it/s]Evaluating:  81%|████████  | 47/58 [00:02<00:00, 17.57it/s]Evaluating:  84%|████████▍ | 49/58 [00:02<00:00, 17.58it/s]2026-05-08 04:18:26,804 - __main__ - INFO -   Evaluation progress: 50/58 batches (16.41 batches/s)
Evaluating:  88%|████████▊ | 51/58 [00:03<00:00, 17.58it/s]Evaluating:  91%|█████████▏| 53/58 [00:03<00:00, 17.59it/s]Evaluating:  95%|█████████▍| 55/58 [00:03<00:00, 17.60it/s]Evaluating:  98%|█████████▊| 57/58 [00:03<00:00, 17.62it/s]                                                           2026-05-08 04:18:27,346 - __main__ - INFO -   Prediction sample (first 20):
2026-05-08 04:18:27,346 - __main__ - INFO -     Predicted: [0, 0, 0, 0, 0, 0, 0, 0, 0, 0, 0, 0, 0, 0, 0, 0, 0, 0, 0, 0]
2026-05-08 04:18:27,346 - __main__ - INFO -     Gold:      [3, 4, 4, 13, 12, 12, 11, 10, 10, 9, 8, 10, 11, 11, 12, 11, 10, 9, 10, 10]
2026-05-08 04:18:27,346 - __main__ - INFO -     Abs error: [3, 4, 4, 13, 12, 12, 11, 10, 10, 9, 8, 10, 11, 11, 12, 11, 10, 9, 10, 10] (mean=9.50)
2026-05-08 04:18:27,346 - __main__ - INFO -   Per-position accuracy (top 10 classes):
2026-05-08 04:18:27,347 - __main__ - INFO -     Position  3: 0.000 accuracy (1 samples)
2026-05-08 04:18:27,347 - __main__ - INFO -     Position  4: 0.000 accuracy (2 samples)
2026-05-08 04:18:27,347 - __main__ - INFO -     Position  7: 0.000 accuracy (1 samples)
2026-05-08 04:18:27,347 - __main__ - INFO -     Position  8: 0.000 accuracy (3 samples)
2026-05-08 04:18:27,347 - __main__ - INFO -     Position  9: 0.000 accuracy (17 samples)
2026-05-08 04:18:27,347 - __main__ - INFO - Evaluation complete in 3.59s
2026-05-08 04:18:27,347 - __main__ - INFO -   Loss: nan, Accuracy: 0.0000, Precision: 0.0000, Recall: 0.0000, F1: 0.0000
2026-05-08 04:18:27,348 - __main__ - INFO - Dev Loss: nan
2026-05-08 04:18:27,348 - __main__ - INFO - Dev Accuracy: 0.0000
2026-05-08 04:18:27,348 - __main__ - INFO -   No improvement for 1 epochs
2026-05-08 04:18:28,678 - __main__ - INFO - Saved checkpoint to /scratch/user/s4901673/ircbert_runs/checkpoints/checkpoint_epoch_1.pt
2026-05-08 04:18:28,679 - __main__ - INFO - Epoch 2/3
2026-05-08 04:18:28,679 - __main__ - INFO - --------------------------------------------------------------------------------
2026-05-08 04:18:28,680 - __main__ - INFO - Epoch 2: Peak memory stats reset.
2026-05-08 04:18:28,680 - __main__ - INFO - Starting epoch 2 with 2095 batches
2026-05-08 04:18:28,863 - __main__ - INFO -   [Epoch 2 Batch 0 SANITY CHECK]
2026-05-08 04:18:28,863 - __main__ - INFO -     input_ids shape : [8, 15, 128]  (batch x max_C x seq_len)
2026-05-08 04:18:28,863 - __main__ - INFO -     features shape  : [8, 15, 5]
2026-05-08 04:18:28,863 - __main__ - INFO -     labels shape    : [8]
2026-05-08 04:18:28,864 - __main__ - INFO -     Candidate counts per sample: min=5 max=15 mean=11.8
2026-05-08 04:18:28,864 - __main__ - INFO -     Label values: [4, 12, 14, 8, 12, 14, 10, 12]
2026-05-08 04:18:28,864 - __main__ - INFO -     Label distribution (this batch): {4: 1, 8: 1, 10: 1, 12: 3, 14: 2}
2026-05-08 04:18:28,938 - __main__ - ERROR -   Batch 1: NaN or Inf loss detected! Skipping batch.
2026-05-08 04:18:28,999 - __main__ - ERROR -   Batch 2: NaN or Inf loss detected! Skipping batch.
2026-05-08 04:18:29,059 - __main__ - ERROR -   Batch 3: NaN or Inf loss detected! Skipping batch.
2026-05-08 04:18:29,120 - __main__ - ERROR -   Batch 4: NaN or Inf loss detected! Skipping batch.
2026-05-08 04:18:29,180 - __main__ - ERROR -   Batch 5: NaN or Inf loss detected! Skipping batch.
2026-05-08 04:18:29,240 - __main__ - ERROR -   Batch 6: NaN or Inf loss detected! Skipping batch.
2026-05-08 04:18:29,300 - __main__ - ERROR -   Batch 7: NaN or Inf loss detected! Skipping batch.
2026-05-08 04:18:29,361 - __main__ - ERROR -   Batch 8: NaN or Inf loss detected! Skipping batch.
2026-05-08 04:18:29,422 - __main__ - ERROR -   Batch 9: NaN or Inf loss detected! Skipping batch.
2026-05-08 04:18:29,482 - __main__ - ERROR -   Batch 10: NaN or Inf loss detected! Skipping batch.
2026-05-08 04:18:29,542 - __main__ - ERROR -   Batch 11: NaN or Inf loss detected! Skipping batch.
2026-05-08 04:18:29,602 - __main__ - ERROR -   Batch 12: NaN or Inf loss detected! Skipping batch.
2026-05-08 04:18:29,663 - __main__ - ERROR -   Batch 13: NaN or Inf loss detected! Skipping batch.
2026-05-08 04:18:29,727 - __main__ - ERROR -   Batch 14: NaN or Inf loss detected! Skipping batch.
2026-05-08 04:18:29,788 - __main__ - ERROR -   Batch 15: NaN or Inf loss detected! Skipping batch.
2026-05-08 04:18:29,848 - __main__ - ERROR -   Batch 16: NaN or Inf loss detected! Skipping batch.
2026-05-08 04:18:29,909 - __main__ - ERROR -   Batch 17: NaN or Inf loss detected! Skipping batch.
2026-05-08 04:18:30,398 - __main__ - ERROR -   Batch 18: NaN or Inf loss detected! Skipping batch.
2026-05-08 04:18:30,459 - __main__ - ERROR -   Batch 19: NaN or Inf loss detected! Skipping batch.
2026-05-08 04:18:30,519 - __main__ - ERROR -   Batch 20: NaN or Inf loss detected! Skipping batch.
2026-05-08 04:18:30,580 - __main__ - ERROR -   Batch 21: NaN or Inf loss detected! Skipping batch.
2026-05-08 04:18:30,634 - __main__ - ERROR -   Batch 22: NaN or Inf loss detected! Skipping batch.
2026-05-08 04:18:30,689 - __main__ - ERROR -   Batch 23: NaN or Inf loss detected! Skipping batch.
2026-05-08 04:18:30,749 - __main__ - ERROR -   Batch 24: NaN or Inf loss detected! Skipping batch.
2026-05-08 04:18:30,811 - __main__ - ERROR -   Batch 25: NaN or Inf loss detected! Skipping batch.
2026-05-08 04:18:30,861 - __main__ - ERROR -   Batch 26: NaN or Inf loss detected! Skipping batch.
2026-05-08 04:18:30,921 - __main__ - ERROR -   Batch 27: NaN or Inf loss detected! Skipping batch.
2026-05-08 04:18:30,981 - __main__ - ERROR -   Batch 28: NaN or Inf loss detected! Skipping batch.
2026-05-08 04:18:31,042 - __main__ - ERROR -   Batch 29: NaN or Inf loss detected! Skipping batch.
2026-05-08 04:18:31,104 - __main__ - ERROR -   Batch 30: NaN or Inf loss detected! Skipping batch.
2026-05-08 04:18:31,164 - __main__ - ERROR -   Batch 31: NaN or Inf loss detected! Skipping batch.
2026-05-08 04:18:31,225 - __main__ - ERROR -   Batch 32: NaN or Inf loss detected! Skipping batch.
2026-05-08 04:18:31,285 - __main__ - ERROR -   Batch 33: NaN or Inf loss detected! Skipping batch.
2026-05-08 04:18:31,345 - __main__ - ERROR -   Batch 34: NaN or Inf loss detected! Skipping batch.
2026-05-08 04:18:31,405 - __main__ - ERROR -   Batch 35: NaN or Inf loss detected! Skipping batch.
2026-05-08 04:18:31,468 - __main__ - ERROR -   Batch 36: NaN or Inf loss detected! Skipping batch.
2026-05-08 04:18:31,528 - __main__ - ERROR -   Batch 37: NaN or Inf loss detected! Skipping batch.
2026-05-08 04:18:31,589 - __main__ - ERROR -   Batch 38: NaN or Inf loss detected! Skipping batch.
2026-05-08 04:18:31,649 - __main__ - ERROR -   Batch 39: NaN or Inf loss detected! Skipping batch.
2026-05-08 04:18:31,709 - __main__ - ERROR -   Batch 40: NaN or Inf loss detected! Skipping batch.
2026-05-08 04:18:31,770 - __main__ - ERROR -   Batch 41: NaN or Inf loss detected! Skipping batch.
2026-05-08 04:18:31,829 - __main__ - ERROR -   Batch 42: NaN or Inf loss detected! Skipping batch.
2026-05-08 04:18:31,889 - __main__ - ERROR -   Batch 43: NaN or Inf loss detected! Skipping batch.
2026-05-08 04:18:31,949 - __main__ - ERROR -   Batch 44: NaN or Inf loss detected! Skipping batch.
2026-05-08 04:18:31,996 - __main__ - ERROR -   Batch 45: NaN or Inf loss detected! Skipping batch.
2026-05-08 04:18:32,056 - __main__ - ERROR -   Batch 46: NaN or Inf loss detected! Skipping batch.
2026-05-08 04:18:32,111 - __main__ - ERROR -   Batch 47: NaN or Inf loss detected! Skipping batch.
2026-05-08 04:18:32,161 - __main__ - ERROR -   Batch 48: NaN or Inf loss detected! Skipping batch.
2026-05-08 04:18:32,221 - __main__ - ERROR -   Batch 49: NaN or Inf loss detected! Skipping batch.
2026-05-08 04:18:32,281 - __main__ - ERROR -   Batch 50: NaN or Inf loss detected! Skipping batch.
2026-05-08 04:18:32,341 - __main__ - ERROR -   Batch 51: NaN or Inf loss detected! Skipping batch.
2026-05-08 04:18:32,401 - __main__ - ERROR -   Batch 52: NaN or Inf loss detected! Skipping batch.
2026-05-08 04:18:32,461 - __main__ - ERROR -   Batch 53: NaN or Inf loss detected! Skipping batch.
2026-05-08 04:18:32,521 - __main__ - ERROR -   Batch 54: NaN or Inf loss detected! Skipping batch.
2026-05-08 04:18:32,581 - __main__ - ERROR -   Batch 55: NaN or Inf loss detected! Skipping batch.
2026-05-08 04:18:32,641 - __main__ - ERROR -   Batch 56: NaN or Inf loss detected! Skipping batch.
2026-05-08 04:18:32,696 - __main__ - ERROR -   Batch 57: NaN or Inf loss detected! Skipping batch.
2026-05-08 04:18:32,756 - __main__ - ERROR -   Batch 58: NaN or Inf loss detected! Skipping batch.
2026-05-08 04:18:32,817 - __main__ - ERROR -   Batch 59: NaN or Inf loss detected! Skipping batch.
2026-05-08 04:18:32,877 - __main__ - ERROR -   Batch 60: NaN or Inf loss detected! Skipping batch.
2026-05-08 04:18:32,937 - __main__ - ERROR -   Batch 61: NaN or Inf loss detected! Skipping batch.
2026-05-08 04:18:32,998 - __main__ - ERROR -   Batch 62: NaN or Inf loss detected! Skipping batch.
2026-05-08 04:18:33,058 - __main__ - ERROR -   Batch 63: NaN or Inf loss detected! Skipping batch.
2026-05-08 04:18:33,118 - __main__ - ERROR -   Batch 64: NaN or Inf loss detected! Skipping batch.
2026-05-08 04:18:33,179 - __main__ - ERROR -   Batch 65: NaN or Inf loss detected! Skipping batch.
2026-05-08 04:18:33,239 - __main__ - ERROR -   Batch 66: NaN or Inf loss detected! Skipping batch.
2026-05-08 04:18:33,299 - __main__ - ERROR -   Batch 67: NaN or Inf loss detected! Skipping batch.
2026-05-08 04:18:33,360 - __main__ - ERROR -   Batch 68: NaN or Inf loss detected! Skipping batch.
2026-05-08 04:18:33,420 - __main__ - ERROR -   Batch 69: NaN or Inf loss detected! Skipping batch.
2026-05-08 04:18:33,480 - __main__ - ERROR -   Batch 70: NaN or Inf loss detected! Skipping batch.
2026-05-08 04:18:33,540 - __main__ - ERROR -   Batch 71: NaN or Inf loss detected! Skipping batch.
2026-05-08 04:18:33,600 - __main__ - ERROR -   Batch 72: NaN or Inf loss detected! Skipping batch.
2026-05-08 04:18:33,650 - __main__ - ERROR -   Batch 73: NaN or Inf loss detected! Skipping batch.
2026-05-08 04:18:33,710 - __main__ - ERROR -   Batch 74: NaN or Inf loss detected! Skipping batch.
2026-05-08 04:18:33,770 - __main__ - ERROR -   Batch 75: NaN or Inf loss detected! Skipping batch.
2026-05-08 04:18:33,824 - __main__ - ERROR -   Batch 76: NaN or Inf loss detected! Skipping batch.
2026-05-08 04:18:33,884 - __main__ - ERROR -   Batch 77: NaN or Inf loss detected! Skipping batch.
2026-05-08 04:18:33,944 - __main__ - ERROR -   Batch 78: NaN or Inf loss detected! Skipping batch.
2026-05-08 04:18:34,005 - __main__ - ERROR -   Batch 79: NaN or Inf loss detected! Skipping batch.
2026-05-08 04:18:34,064 - __main__ - ERROR -   Batch 80: NaN or Inf loss detected! Skipping batch.
2026-05-08 04:18:34,126 - __main__ - ERROR -   Batch 81: NaN or Inf loss detected! Skipping batch.
2026-05-08 04:18:34,186 - __main__ - ERROR -   Batch 82: NaN or Inf loss detected! Skipping batch.
2026-05-08 04:18:34,246 - __main__ - ERROR -   Batch 83: NaN or Inf loss detected! Skipping batch.
2026-05-08 04:18:34,301 - __main__ - ERROR -   Batch 84: NaN or Inf loss detected! Skipping batch.
2026-05-08 04:18:34,361 - __main__ - ERROR -   Batch 85: NaN or Inf loss detected! Skipping batch.
2026-05-08 04:18:34,421 - __main__ - ERROR -   Batch 86: NaN or Inf loss detected! Skipping batch.
2026-05-08 04:18:34,481 - __main__ - ERROR -   Batch 87: NaN or Inf loss detected! Skipping batch.
2026-05-08 04:18:34,541 - __main__ - ERROR -   Batch 88: NaN or Inf loss detected! Skipping batch.
2026-05-08 04:18:34,601 - __main__ - ERROR -   Batch 89: NaN or Inf loss detected! Skipping batch.
2026-05-08 04:18:34,661 - __main__ - ERROR -   Batch 90: NaN or Inf loss detected! Skipping batch.
2026-05-08 04:18:34,722 - __main__ - ERROR -   Batch 91: NaN or Inf loss detected! Skipping batch.
2026-05-08 04:18:34,781 - __main__ - ERROR -   Batch 92: NaN or Inf loss detected! Skipping batch.
2026-05-08 04:18:34,842 - __main__ - ERROR -   Batch 93: NaN or Inf loss detected! Skipping batch.
2026-05-08 04:18:34,902 - __main__ - ERROR -   Batch 94: NaN or Inf loss detected! Skipping batch.
2026-05-08 04:18:34,961 - __main__ - ERROR -   Batch 95: NaN or Inf loss detected! Skipping batch.
2026-05-08 04:18:35,016 - __main__ - ERROR -   Batch 96: NaN or Inf loss detected! Skipping batch.
2026-05-08 04:18:35,076 - __main__ - ERROR -   Batch 97: NaN or Inf loss detected! Skipping batch.
2026-05-08 04:18:35,136 - __main__ - ERROR -   Batch 98: NaN or Inf loss detected! Skipping batch.
2026-05-08 04:18:35,196 - __main__ - ERROR -   Batch 99: NaN or Inf loss detected! Skipping batch.
2026-05-08 04:18:35,256 - __main__ - ERROR -   Batch 100: NaN or Inf loss detected! Skipping batch.
2026-05-08 04:18:35,316 - __main__ - ERROR -   Batch 101: NaN or Inf loss detected! Skipping batch.
2026-05-08 04:18:35,376 - __main__ - ERROR -   Batch 102: NaN or Inf loss detected! Skipping batch.
2026-05-08 04:18:35,436 - __main__ - ERROR -   Batch 103: NaN or Inf loss detected! Skipping batch.
2026-05-08 04:18:35,496 - __main__ - ERROR -   Batch 104: NaN or Inf loss detected! Skipping batch.
2026-05-08 04:18:35,557 - __main__ - ERROR -   Batch 105: NaN or Inf loss detected! Skipping batch.
2026-05-08 04:18:35,617 - __main__ - ERROR -   Batch 106: NaN or Inf loss detected! Skipping batch.
2026-05-08 04:18:35,677 - __main__ - ERROR -   Batch 107: NaN or Inf loss detected! Skipping batch.
2026-05-08 04:18:35,738 - __main__ - ERROR -   Batch 108: NaN or Inf loss detected! Skipping batch.
2026-05-08 04:18:35,798 - __main__ - ERROR -   Batch 109: NaN or Inf loss detected! Skipping batch.
2026-05-08 04:18:35,858 - __main__ - ERROR -   Batch 110: NaN or Inf loss detected! Skipping batch.
2026-05-08 04:18:35,913 - __main__ - ERROR -   Batch 111: NaN or Inf loss detected! Skipping batch.
2026-05-08 04:18:35,968 - __main__ - ERROR -   Batch 112: NaN or Inf loss detected! Skipping batch.
2026-05-08 04:18:36,029 - __main__ - ERROR -   Batch 113: NaN or Inf loss detected! Skipping batch.
2026-05-08 04:18:36,089 - __main__ - ERROR -   Batch 114: NaN or Inf loss detected! Skipping batch.
2026-05-08 04:18:36,149 - __main__ - ERROR -   Batch 115: NaN or Inf loss detected! Skipping batch.
2026-05-08 04:18:36,210 - __main__ - ERROR -   Batch 116: NaN or Inf loss detected! Skipping batch.
2026-05-08 04:18:36,271 - __main__ - ERROR -   Batch 117: NaN or Inf loss detected! Skipping batch.
2026-05-08 04:18:36,331 - __main__ - ERROR -   Batch 118: NaN or Inf loss detected! Skipping batch.
2026-05-08 04:18:36,391 - __main__ - ERROR -   Batch 119: NaN or Inf loss detected! Skipping batch.
2026-05-08 04:18:36,451 - __main__ - ERROR -   Batch 120: NaN or Inf loss detected! Skipping batch.
2026-05-08 04:18:36,511 - __main__ - ERROR -   Batch 121: NaN or Inf loss detected! Skipping batch.
2026-05-08 04:18:36,911 - __main__ - ERROR -   Batch 122: NaN or Inf loss detected! Skipping batch.
2026-05-08 04:18:36,972 - __main__ - ERROR -   Batch 123: NaN or Inf loss detected! Skipping batch.
2026-05-08 04:18:37,033 - __main__ - ERROR -   Batch 124: NaN or Inf loss detected! Skipping batch.
2026-05-08 04:18:37,092 - __main__ - ERROR -   Batch 125: NaN or Inf loss detected! Skipping batch.
2026-05-08 04:18:37,152 - __main__ - ERROR -   Batch 126: NaN or Inf loss detected! Skipping batch.
2026-05-08 04:18:37,212 - __main__ - ERROR -   Batch 127: NaN or Inf loss detected! Skipping batch.
2026-05-08 04:18:37,272 - __main__ - ERROR -   Batch 128: NaN or Inf loss detected! Skipping batch.
2026-05-08 04:18:37,333 - __main__ - ERROR -   Batch 129: NaN or Inf loss detected! Skipping batch.
2026-05-08 04:18:37,387 - __main__ - ERROR -   Batch 130: NaN or Inf loss detected! Skipping batch.
2026-05-08 04:18:37,447 - __main__ - ERROR -   Batch 131: NaN or Inf loss detected! Skipping batch.
2026-05-08 04:18:37,507 - __main__ - ERROR -   Batch 132: NaN or Inf loss detected! Skipping batch.
2026-05-08 04:18:37,567 - __main__ - ERROR -   Batch 133: NaN or Inf loss detected! Skipping batch.
2026-05-08 04:18:37,627 - __main__ - ERROR -   Batch 134: NaN or Inf loss detected! Skipping batch.
2026-05-08 04:18:37,687 - __main__ - ERROR -   Batch 135: NaN or Inf loss detected! Skipping batch.
2026-05-08 04:18:37,747 - __main__ - ERROR -   Batch 136: NaN or Inf loss detected! Skipping batch.
2026-05-08 04:18:37,808 - __main__ - ERROR -   Batch 137: NaN or Inf loss detected! Skipping batch.
2026-05-08 04:18:37,868 - __main__ - ERROR -   Batch 138: NaN or Inf loss detected! Skipping batch.
2026-05-08 04:18:37,918 - __main__ - ERROR -   Batch 139: NaN or Inf loss detected! Skipping batch.
2026-05-08 04:18:37,978 - __main__ - ERROR -   Batch 140: NaN or Inf loss detected! Skipping batch.
2026-05-08 04:18:38,039 - __main__ - ERROR -   Batch 141: NaN or Inf loss detected! Skipping batch.
2026-05-08 04:18:38,099 - __main__ - ERROR -   Batch 142: NaN or Inf loss detected! Skipping batch.
2026-05-08 04:18:38,145 - __main__ - ERROR -   Batch 143: NaN or Inf loss detected! Skipping batch.
2026-05-08 04:18:38,200 - __main__ - ERROR -   Batch 144: NaN or Inf loss detected! Skipping batch.
2026-05-08 04:18:38,260 - __main__ - ERROR -   Batch 145: NaN or Inf loss detected! Skipping batch.
2026-05-08 04:18:38,320 - __main__ - ERROR -   Batch 146: NaN or Inf loss detected! Skipping batch.
2026-05-08 04:18:38,380 - __main__ - ERROR -   Batch 147: NaN or Inf loss detected! Skipping batch.
2026-05-08 04:18:38,440 - __main__ - ERROR -   Batch 148: NaN or Inf loss detected! Skipping batch.
2026-05-08 04:18:38,500 - __main__ - ERROR -   Batch 149: NaN or Inf loss detected! Skipping batch.
2026-05-08 04:18:38,560 - __main__ - ERROR -   Batch 150: NaN or Inf loss detected! Skipping batch.
2026-05-08 04:18:38,620 - __main__ - ERROR -   Batch 151: NaN or Inf loss detected! Skipping batch.
2026-05-08 04:18:38,679 - __main__ - ERROR -   Batch 152: NaN or Inf loss detected! Skipping batch.
2026-05-08 04:18:38,740 - __main__ - ERROR -   Batch 153: NaN or Inf loss detected! Skipping batch.
2026-05-08 04:18:38,800 - __main__ - ERROR -   Batch 154: NaN or Inf loss detected! Skipping batch.
2026-05-08 04:18:38,860 - __main__ - ERROR -   Batch 155: NaN or Inf loss detected! Skipping batch.
2026-05-08 04:18:38,920 - __main__ - ERROR -   Batch 156: NaN or Inf loss detected! Skipping batch.
2026-05-08 04:18:38,981 - __main__ - ERROR -   Batch 157: NaN or Inf loss detected! Skipping batch.
2026-05-08 04:18:39,041 - __main__ - ERROR -   Batch 158: NaN or Inf loss detected! Skipping batch.
2026-05-08 04:18:39,101 - __main__ - ERROR -   Batch 159: NaN or Inf loss detected! Skipping batch.
2026-05-08 04:18:39,161 - __main__ - ERROR -   Batch 160: NaN or Inf loss detected! Skipping batch.
2026-05-08 04:18:39,216 - __main__ - ERROR -   Batch 161: NaN or Inf loss detected! Skipping batch.
2026-05-08 04:18:39,276 - __main__ - ERROR -   Batch 162: NaN or Inf loss detected! Skipping batch.
2026-05-08 04:18:39,331 - __main__ - ERROR -   Batch 163: NaN or Inf loss detected! Skipping batch.
2026-05-08 04:18:39,391 - __main__ - ERROR -   Batch 164: NaN or Inf loss detected! Skipping batch.
2026-05-08 04:18:39,451 - __main__ - ERROR -   Batch 165: NaN or Inf loss detected! Skipping batch.
2026-05-08 04:18:39,511 - __main__ - ERROR -   Batch 166: NaN or Inf loss detected! Skipping batch.
2026-05-08 04:18:39,571 - __main__ - ERROR -   Batch 167: NaN or Inf loss detected! Skipping batch.
2026-05-08 04:18:39,631 - __main__ - ERROR -   Batch 168: NaN or Inf loss detected! Skipping batch.
2026-05-08 04:18:39,691 - __main__ - ERROR -   Batch 169: NaN or Inf loss detected! Skipping batch.
2026-05-08 04:18:39,751 - __main__ - ERROR -   Batch 170: NaN or Inf loss detected! Skipping batch.
2026-05-08 04:18:39,811 - __main__ - ERROR -   Batch 171: NaN or Inf loss detected! Skipping batch.
2026-05-08 04:18:39,872 - __main__ - ERROR -   Batch 172: NaN or Inf loss detected! Skipping batch.
2026-05-08 04:18:39,932 - __main__ - ERROR -   Batch 173: NaN or Inf loss detected! Skipping batch.
2026-05-08 04:18:39,993 - __main__ - ERROR -   Batch 174: NaN or Inf loss detected! Skipping batch.
2026-05-08 04:18:40,053 - __main__ - ERROR -   Batch 175: NaN or Inf loss detected! Skipping batch.
2026-05-08 04:18:40,108 - __main__ - ERROR -   Batch 176: NaN or Inf loss detected! Skipping batch.
2026-05-08 04:18:40,168 - __main__ - ERROR -   Batch 177: NaN or Inf loss detected! Skipping batch.
2026-05-08 04:18:40,228 - __main__ - ERROR -   Batch 178: NaN or Inf loss detected! Skipping batch.
2026-05-08 04:18:40,289 - __main__ - ERROR -   Batch 179: NaN or Inf loss detected! Skipping batch.
2026-05-08 04:18:40,350 - __main__ - ERROR -   Batch 180: NaN or Inf loss detected! Skipping batch.
2026-05-08 04:18:40,410 - __main__ - ERROR -   Batch 181: NaN or Inf loss detected! Skipping batch.
2026-05-08 04:18:40,470 - __main__ - ERROR -   Batch 182: NaN or Inf loss detected! Skipping batch.
2026-05-08 04:18:40,530 - __main__ - ERROR -   Batch 183: NaN or Inf loss detected! Skipping batch.
2026-05-08 04:18:40,590 - __main__ - ERROR -   Batch 184: NaN or Inf loss detected! Skipping batch.
2026-05-08 04:18:40,650 - __main__ - ERROR -   Batch 185: NaN or Inf loss detected! Skipping batch.
2026-05-08 04:18:40,710 - __main__ - ERROR -   Batch 186: NaN or Inf loss detected! Skipping batch.
2026-05-08 04:18:40,770 - __main__ - ERROR -   Batch 187: NaN or Inf loss detected! Skipping batch.
2026-05-08 04:18:40,830 - __main__ - ERROR -   Batch 188: NaN or Inf loss detected! Skipping batch.
2026-05-08 04:18:40,891 - __main__ - ERROR -   Batch 189: NaN or Inf loss detected! Skipping batch.
2026-05-08 04:18:40,946 - __main__ - ERROR -   Batch 190: NaN or Inf loss detected! Skipping batch.
2026-05-08 04:18:41,000 - __main__ - ERROR -   Batch 191: NaN or Inf loss detected! Skipping batch.
2026-05-08 04:18:41,060 - __main__ - ERROR -   Batch 192: NaN or Inf loss detected! Skipping batch.
2026-05-08 04:18:41,120 - __main__ - ERROR -   Batch 193: NaN or Inf loss detected! Skipping batch.
2026-05-08 04:18:41,180 - __main__ - ERROR -   Batch 194: NaN or Inf loss detected! Skipping batch.
2026-05-08 04:18:41,241 - __main__ - ERROR -   Batch 195: NaN or Inf loss detected! Skipping batch.
2026-05-08 04:18:41,301 - __main__ - ERROR -   Batch 196: NaN or Inf loss detected! Skipping batch.
2026-05-08 04:18:41,362 - __main__ - ERROR -   Batch 197: NaN or Inf loss detected! Skipping batch.
2026-05-08 04:18:41,422 - __main__ - ERROR -   Batch 198: NaN or Inf loss detected! Skipping batch.
2026-05-08 04:18:41,482 - __main__ - ERROR -   Batch 199: NaN or Inf loss detected! Skipping batch.
2026-05-08 04:18:41,543 - __main__ - ERROR -   Batch 200: NaN or Inf loss detected! Skipping batch.
2026-05-08 04:18:41,603 - __main__ - ERROR -   Batch 201: NaN or Inf loss detected! Skipping batch.
2026-05-08 04:18:41,663 - __main__ - ERROR -   Batch 202: NaN or Inf loss detected! Skipping batch.
2026-05-08 04:18:41,723 - __main__ - ERROR -   Batch 203: NaN or Inf loss detected! Skipping batch.
2026-05-08 04:18:41,783 - __main__ - ERROR -   Batch 204: NaN or Inf loss detected! Skipping batch.
2026-05-08 04:18:41,844 - __main__ - ERROR -   Batch 205: NaN or Inf loss detected! Skipping batch.
2026-05-08 04:18:41,904 - __main__ - ERROR -   Batch 206: NaN or Inf loss detected! Skipping batch.
2026-05-08 04:18:41,965 - __main__ - ERROR -   Batch 207: NaN or Inf loss detected! Skipping batch.
2026-05-08 04:18:42,025 - __main__ - ERROR -   Batch 208: NaN or Inf loss detected! Skipping batch.
2026-05-08 04:18:42,080 - __main__ - ERROR -   Batch 209: NaN or Inf loss detected! Skipping batch.
2026-05-08 04:18:42,140 - __main__ - ERROR -   Batch 210: NaN or Inf loss detected! Skipping batch.
2026-05-08 04:18:42,201 - __main__ - ERROR -   Batch 211: NaN or Inf loss detected! Skipping batch.
2026-05-08 04:18:42,261 - __main__ - ERROR -   Batch 212: NaN or Inf loss detected! Skipping batch.
2026-05-08 04:18:42,321 - __main__ - ERROR -   Batch 213: NaN or Inf loss detected! Skipping batch.
2026-05-08 04:18:42,381 - __main__ - ERROR -   Batch 214: NaN or Inf loss detected! Skipping batch.
2026-05-08 04:18:42,442 - __main__ - ERROR -   Batch 215: NaN or Inf loss detected! Skipping batch.
2026-05-08 04:18:42,503 - __main__ - ERROR -   Batch 216: NaN or Inf loss detected! Skipping batch.
2026-05-08 04:18:42,563 - __main__ - ERROR -   Batch 217: NaN or Inf loss detected! Skipping batch.
2026-05-08 04:18:42,624 - __main__ - ERROR -   Batch 218: NaN or Inf loss detected! Skipping batch.
2026-05-08 04:18:42,684 - __main__ - ERROR -   Batch 219: NaN or Inf loss detected! Skipping batch.
2026-05-08 04:18:42,744 - __main__ - ERROR -   Batch 220: NaN or Inf loss detected! Skipping batch.
2026-05-08 04:18:42,805 - __main__ - ERROR -   Batch 221: NaN or Inf loss detected! Skipping batch.
2026-05-08 04:18:42,866 - __main__ - ERROR -   Batch 222: NaN or Inf loss detected! Skipping batch.
2026-05-08 04:18:42,926 - __main__ - ERROR -   Batch 223: NaN or Inf loss detected! Skipping batch.
2026-05-08 04:18:42,986 - __main__ - ERROR -   Batch 224: NaN or Inf loss detected! Skipping batch.
2026-05-08 04:18:43,047 - __main__ - ERROR -   Batch 225: NaN or Inf loss detected! Skipping batch.
2026-05-08 04:18:43,107 - __main__ - ERROR -   Batch 226: NaN or Inf loss detected! Skipping batch.
2026-05-08 04:18:43,168 - __main__ - ERROR -   Batch 227: NaN or Inf loss detected! Skipping batch.
2026-05-08 04:18:43,228 - __main__ - ERROR -   Batch 228: NaN or Inf loss detected! Skipping batch.
2026-05-08 04:18:43,288 - __main__ - ERROR -   Batch 229: NaN or Inf loss detected! Skipping batch.
2026-05-08 04:18:43,348 - __main__ - ERROR -   Batch 230: NaN or Inf loss detected! Skipping batch.
2026-05-08 04:18:43,408 - __main__ - ERROR -   Batch 231: NaN or Inf loss detected! Skipping batch.
2026-05-08 04:18:43,468 - __main__ - ERROR -   Batch 232: NaN or Inf loss detected! Skipping batch.
2026-05-08 04:18:43,528 - __main__ - ERROR -   Batch 233: NaN or Inf loss detected! Skipping batch.
2026-05-08 04:18:43,588 - __main__ - ERROR -   Batch 234: NaN or Inf loss detected! Skipping batch.
2026-05-08 04:18:43,649 - __main__ - ERROR -   Batch 235: NaN or Inf loss detected! Skipping batch.
2026-05-08 04:18:43,709 - __main__ - ERROR -   Batch 236: NaN or Inf loss detected! Skipping batch.
2026-05-08 04:18:43,770 - __main__ - ERROR -   Batch 237: NaN or Inf loss detected! Skipping batch.
2026-05-08 04:18:43,831 - __main__ - ERROR -   Batch 238: NaN or Inf loss detected! Skipping batch.
2026-05-08 04:18:43,892 - __main__ - ERROR -   Batch 239: NaN or Inf loss detected! Skipping batch.
2026-05-08 04:18:43,952 - __main__ - ERROR -   Batch 240: NaN or Inf loss detected! Skipping batch.
2026-05-08 04:18:44,013 - __main__ - ERROR -   Batch 241: NaN or Inf loss detected! Skipping batch.
2026-05-08 04:18:44,073 - __main__ - ERROR -   Batch 242: NaN or Inf loss detected! Skipping batch.
2026-05-08 04:18:44,134 - __main__ - ERROR -   Batch 243: NaN or Inf loss detected! Skipping batch.
2026-05-08 04:18:44,194 - __main__ - ERROR -   Batch 244: NaN or Inf loss detected! Skipping batch.
2026-05-08 04:18:44,255 - __main__ - ERROR -   Batch 245: NaN or Inf loss detected! Skipping batch.
2026-05-08 04:18:44,315 - __main__ - ERROR -   Batch 246: NaN or Inf loss detected! Skipping batch.
2026-05-08 04:18:44,376 - __main__ - ERROR -   Batch 247: NaN or Inf loss detected! Skipping batch.
2026-05-08 04:18:44,437 - __main__ - ERROR -   Batch 248: NaN or Inf loss detected! Skipping batch.
2026-05-08 04:18:44,837 - __main__ - ERROR -   Batch 249: NaN or Inf loss detected! Skipping batch.
2026-05-08 04:18:44,899 - __main__ - ERROR -   Batch 250: NaN or Inf loss detected! Skipping batch.
2026-05-08 04:18:44,955 - __main__ - ERROR -   Batch 251: NaN or Inf loss detected! Skipping batch.
2026-05-08 04:18:45,015 - __main__ - ERROR -   Batch 252: NaN or Inf loss detected! Skipping batch.
2026-05-08 04:18:45,075 - __main__ - ERROR -   Batch 253: NaN or Inf loss detected! Skipping batch.
2026-05-08 04:18:45,136 - __main__ - ERROR -   Batch 254: NaN or Inf loss detected! Skipping batch.
2026-05-08 04:18:45,196 - __main__ - ERROR -   Batch 255: NaN or Inf loss detected! Skipping batch.
2026-05-08 04:18:45,257 - __main__ - ERROR -   Batch 256: NaN or Inf loss detected! Skipping batch.
2026-05-08 04:18:45,311 - __main__ - ERROR -   Batch 257: NaN or Inf loss detected! Skipping batch.
2026-05-08 04:18:45,372 - __main__ - ERROR -   Batch 258: NaN or Inf loss detected! Skipping batch.
2026-05-08 04:18:45,432 - __main__ - ERROR -   Batch 259: NaN or Inf loss detected! Skipping batch.
2026-05-08 04:18:45,492 - __main__ - ERROR -   Batch 260: NaN or Inf loss detected! Skipping batch.
2026-05-08 04:18:45,552 - __main__ - ERROR -   Batch 261: NaN or Inf loss detected! Skipping batch.
2026-05-08 04:18:45,612 - __main__ - ERROR -   Batch 262: NaN or Inf loss detected! Skipping batch.
2026-05-08 04:18:45,672 - __main__ - ERROR -   Batch 263: NaN or Inf loss detected! Skipping batch.
2026-05-08 04:18:45,732 - __main__ - ERROR -   Batch 264: NaN or Inf loss detected! Skipping batch.
2026-05-08 04:18:45,792 - __main__ - ERROR -   Batch 265: NaN or Inf loss detected! Skipping batch.
2026-05-08 04:18:45,852 - __main__ - ERROR -   Batch 266: NaN or Inf loss detected! Skipping batch.
2026-05-08 04:18:45,912 - __main__ - ERROR -   Batch 267: NaN or Inf loss detected! Skipping batch.
2026-05-08 04:18:45,972 - __main__ - ERROR -   Batch 268: NaN or Inf loss detected! Skipping batch.
2026-05-08 04:18:46,032 - __main__ - ERROR -   Batch 269: NaN or Inf loss detected! Skipping batch.
2026-05-08 04:18:46,092 - __main__ - ERROR -   Batch 270: NaN or Inf loss detected! Skipping batch.
2026-05-08 04:18:46,152 - __main__ - ERROR -   Batch 271: NaN or Inf loss detected! Skipping batch.
2026-05-08 04:18:46,212 - __main__ - ERROR -   Batch 272: NaN or Inf loss detected! Skipping batch.
2026-05-08 04:18:46,273 - __main__ - ERROR -   Batch 273: NaN or Inf loss detected! Skipping batch.
2026-05-08 04:18:46,333 - __main__ - ERROR -   Batch 274: NaN or Inf loss detected! Skipping batch.
2026-05-08 04:18:46,393 - __main__ - ERROR -   Batch 275: NaN or Inf loss detected! Skipping batch.
2026-05-08 04:18:46,453 - __main__ - ERROR -   Batch 276: NaN or Inf loss detected! Skipping batch.
2026-05-08 04:18:46,513 - __main__ - ERROR -   Batch 277: NaN or Inf loss detected! Skipping batch.
2026-05-08 04:18:46,573 - __main__ - ERROR -   Batch 278: NaN or Inf loss detected! Skipping batch.
2026-05-08 04:18:46,633 - __main__ - ERROR -   Batch 279: NaN or Inf loss detected! Skipping batch.
2026-05-08 04:18:46,693 - __main__ - ERROR -   Batch 280: NaN or Inf loss detected! Skipping batch.
2026-05-08 04:18:46,753 - __main__ - ERROR -   Batch 281: NaN or Inf loss detected! Skipping batch.
2026-05-08 04:18:46,813 - __main__ - ERROR -   Batch 282: NaN or Inf loss detected! Skipping batch.
2026-05-08 04:18:46,873 - __main__ - ERROR -   Batch 283: NaN or Inf loss detected! Skipping batch.
2026-05-08 04:18:46,933 - __main__ - ERROR -   Batch 284: NaN or Inf loss detected! Skipping batch.
2026-05-08 04:18:46,993 - __main__ - ERROR -   Batch 285: NaN or Inf loss detected! Skipping batch.
2026-05-08 04:18:47,053 - __main__ - ERROR -   Batch 286: NaN or Inf loss detected! Skipping batch.
2026-05-08 04:18:47,114 - __main__ - ERROR -   Batch 287: NaN or Inf loss detected! Skipping batch.
2026-05-08 04:18:47,173 - __main__ - ERROR -   Batch 288: NaN or Inf loss detected! Skipping batch.
2026-05-08 04:18:47,234 - __main__ - ERROR -   Batch 289: NaN or Inf loss detected! Skipping batch.
2026-05-08 04:18:47,294 - __main__ - ERROR -   Batch 290: NaN or Inf loss detected! Skipping batch.
2026-05-08 04:18:47,349 - __main__ - ERROR -   Batch 291: NaN or Inf loss detected! Skipping batch.
2026-05-08 04:18:47,408 - __main__ - ERROR -   Batch 292: NaN or Inf loss detected! Skipping batch.
2026-05-08 04:18:47,468 - __main__ - ERROR -   Batch 293: NaN or Inf loss detected! Skipping batch.
2026-05-08 04:18:47,529 - __main__ - ERROR -   Batch 294: NaN or Inf loss detected! Skipping batch.
2026-05-08 04:18:47,589 - __main__ - ERROR -   Batch 295: NaN or Inf loss detected! Skipping batch.
2026-05-08 04:18:47,649 - __main__ - ERROR -   Batch 296: NaN or Inf loss detected! Skipping batch.
2026-05-08 04:18:47,709 - __main__ - ERROR -   Batch 297: NaN or Inf loss detected! Skipping batch.
2026-05-08 04:18:47,770 - __main__ - ERROR -   Batch 298: NaN or Inf loss detected! Skipping batch.
2026-05-08 04:18:47,830 - __main__ - ERROR -   Batch 299: NaN or Inf loss detected! Skipping batch.
2026-05-08 04:18:47,890 - __main__ - ERROR -   Batch 300: NaN or Inf loss detected! Skipping batch.
2026-05-08 04:18:47,950 - __main__ - ERROR -   Batch 301: NaN or Inf loss detected! Skipping batch.
2026-05-08 04:18:48,004 - __main__ - ERROR -   Batch 302: NaN or Inf loss detected! Skipping batch.
2026-05-08 04:18:48,065 - __main__ - ERROR -   Batch 303: NaN or Inf loss detected! Skipping batch.
2026-05-08 04:18:48,125 - __main__ - ERROR -   Batch 304: NaN or Inf loss detected! Skipping batch.
2026-05-08 04:18:48,185 - __main__ - ERROR -   Batch 305: NaN or Inf loss detected! Skipping batch.
2026-05-08 04:18:48,245 - __main__ - ERROR -   Batch 306: NaN or Inf loss detected! Skipping batch.
2026-05-08 04:18:48,305 - __main__ - ERROR -   Batch 307: NaN or Inf loss detected! Skipping batch.
2026-05-08 04:18:48,365 - __main__ - ERROR -   Batch 308: NaN or Inf loss detected! Skipping batch.
2026-05-08 04:18:48,425 - __main__ - ERROR -   Batch 309: NaN or Inf loss detected! Skipping batch.
2026-05-08 04:18:48,485 - __main__ - ERROR -   Batch 310: NaN or Inf loss detected! Skipping batch.
2026-05-08 04:18:48,545 - __main__ - ERROR -   Batch 311: NaN or Inf loss detected! Skipping batch.
2026-05-08 04:18:48,605 - __main__ - ERROR -   Batch 312: NaN or Inf loss detected! Skipping batch.
2026-05-08 04:18:48,660 - __main__ - ERROR -   Batch 313: NaN or Inf loss detected! Skipping batch.
2026-05-08 04:18:48,720 - __main__ - ERROR -   Batch 314: NaN or Inf loss detected! Skipping batch.
2026-05-08 04:18:48,780 - __main__ - ERROR -   Batch 315: NaN or Inf loss detected! Skipping batch.
2026-05-08 04:18:48,835 - __main__ - ERROR -   Batch 316: NaN or Inf loss detected! Skipping batch.
2026-05-08 04:18:48,895 - __main__ - ERROR -   Batch 317: NaN or Inf loss detected! Skipping batch.
2026-05-08 04:18:48,955 - __main__ - ERROR -   Batch 318: NaN or Inf loss detected! Skipping batch.
2026-05-08 04:18:49,015 - __main__ - ERROR -   Batch 319: NaN or Inf loss detected! Skipping batch.
2026-05-08 04:18:49,076 - __main__ - ERROR -   Batch 320: NaN or Inf loss detected! Skipping batch.
2026-05-08 04:18:49,136 - __main__ - ERROR -   Batch 321: NaN or Inf loss detected! Skipping batch.
2026-05-08 04:18:49,196 - __main__ - ERROR -   Batch 322: NaN or Inf loss detected! Skipping batch.
2026-05-08 04:18:49,256 - __main__ - ERROR -   Batch 323: NaN or Inf loss detected! Skipping batch.
2026-05-08 04:18:49,316 - __main__ - ERROR -   Batch 324: NaN or Inf loss detected! Skipping batch.
2026-05-08 04:18:49,376 - __main__ - ERROR -   Batch 325: NaN or Inf loss detected! Skipping batch.
2026-05-08 04:18:49,436 - __main__ - ERROR -   Batch 326: NaN or Inf loss detected! Skipping batch.
2026-05-08 04:18:49,496 - __main__ - ERROR -   Batch 327: NaN or Inf loss detected! Skipping batch.
2026-05-08 04:18:49,556 - __main__ - ERROR -   Batch 328: NaN or Inf loss detected! Skipping batch.
2026-05-08 04:18:49,616 - __main__ - ERROR -   Batch 329: NaN or Inf loss detected! Skipping batch.
2026-05-08 04:18:49,677 - __main__ - ERROR -   Batch 330: NaN or Inf loss detected! Skipping batch.
2026-05-08 04:18:49,737 - __main__ - ERROR -   Batch 331: NaN or Inf loss detected! Skipping batch.
2026-05-08 04:18:49,797 - __main__ - ERROR -   Batch 332: NaN or Inf loss detected! Skipping batch.
2026-05-08 04:18:49,857 - __main__ - ERROR -   Batch 333: NaN or Inf loss detected! Skipping batch.
2026-05-08 04:18:49,918 - __main__ - ERROR -   Batch 334: NaN or Inf loss detected! Skipping batch.
2026-05-08 04:18:49,978 - __main__ - ERROR -   Batch 335: NaN or Inf loss detected! Skipping batch.
2026-05-08 04:18:50,039 - __main__ - ERROR -   Batch 336: NaN or Inf loss detected! Skipping batch.
2026-05-08 04:18:50,099 - __main__ - ERROR -   Batch 337: NaN or Inf loss detected! Skipping batch.
2026-05-08 04:18:50,158 - __main__ - ERROR -   Batch 338: NaN or Inf loss detected! Skipping batch.
2026-05-08 04:18:50,218 - __main__ - ERROR -   Batch 339: NaN or Inf loss detected! Skipping batch.
2026-05-08 04:18:50,278 - __main__ - ERROR -   Batch 340: NaN or Inf loss detected! Skipping batch.
2026-05-08 04:18:50,338 - __main__ - ERROR -   Batch 341: NaN or Inf loss detected! Skipping batch.
2026-05-08 04:18:50,398 - __main__ - ERROR -   Batch 342: NaN or Inf loss detected! Skipping batch.
2026-05-08 04:18:50,458 - __main__ - ERROR -   Batch 343: NaN or Inf loss detected! Skipping batch.
2026-05-08 04:18:50,518 - __main__ - ERROR -   Batch 344: NaN or Inf loss detected! Skipping batch.
2026-05-08 04:18:50,578 - __main__ - ERROR -   Batch 345: NaN or Inf loss detected! Skipping batch.
2026-05-08 04:18:50,639 - __main__ - ERROR -   Batch 346: NaN or Inf loss detected! Skipping batch.
2026-05-08 04:18:50,699 - __main__ - ERROR -   Batch 347: NaN or Inf loss detected! Skipping batch.
2026-05-08 04:18:50,759 - __main__ - ERROR -   Batch 348: NaN or Inf loss detected! Skipping batch.
2026-05-08 04:18:50,819 - __main__ - ERROR -   Batch 349: NaN or Inf loss detected! Skipping batch.
2026-05-08 04:18:50,879 - __main__ - ERROR -   Batch 350: NaN or Inf loss detected! Skipping batch.
2026-05-08 04:18:50,939 - __main__ - ERROR -   Batch 351: NaN or Inf loss detected! Skipping batch.
2026-05-08 04:18:50,994 - __main__ - ERROR -   Batch 352: NaN or Inf loss detected! Skipping batch.
2026-05-08 04:18:51,054 - __main__ - ERROR -   Batch 353: NaN or Inf loss detected! Skipping batch.
2026-05-08 04:18:51,115 - __main__ - ERROR -   Batch 354: NaN or Inf loss detected! Skipping batch.
2026-05-08 04:18:51,175 - __main__ - ERROR -   Batch 355: NaN or Inf loss detected! Skipping batch.
2026-05-08 04:18:51,235 - __main__ - ERROR -   Batch 356: NaN or Inf loss detected! Skipping batch.
2026-05-08 04:18:51,290 - __main__ - ERROR -   Batch 357: NaN or Inf loss detected! Skipping batch.
2026-05-08 04:18:51,627 - __main__ - ERROR -   Batch 358: NaN or Inf loss detected! Skipping batch.
2026-05-08 04:18:51,689 - __main__ - ERROR -   Batch 359: NaN or Inf loss detected! Skipping batch.
2026-05-08 04:18:51,750 - __main__ - ERROR -   Batch 360: NaN or Inf loss detected! Skipping batch.
2026-05-08 04:18:51,810 - __main__ - ERROR -   Batch 361: NaN or Inf loss detected! Skipping batch.
2026-05-08 04:18:51,871 - __main__ - ERROR -   Batch 362: NaN or Inf loss detected! Skipping batch.
2026-05-08 04:18:51,931 - __main__ - ERROR -   Batch 363: NaN or Inf loss detected! Skipping batch.
2026-05-08 04:18:51,991 - __main__ - ERROR -   Batch 364: NaN or Inf loss detected! Skipping batch.
2026-05-08 04:18:52,051 - __main__ - ERROR -   Batch 365: NaN or Inf loss detected! Skipping batch.
2026-05-08 04:18:52,112 - __main__ - ERROR -   Batch 366: NaN or Inf loss detected! Skipping batch.
2026-05-08 04:18:52,172 - __main__ - ERROR -   Batch 367: NaN or Inf loss detected! Skipping batch.
2026-05-08 04:18:52,232 - __main__ - ERROR -   Batch 368: NaN or Inf loss detected! Skipping batch.
2026-05-08 04:18:52,293 - __main__ - ERROR -   Batch 369: NaN or Inf loss detected! Skipping batch.
2026-05-08 04:18:52,353 - __main__ - ERROR -   Batch 370: NaN or Inf loss detected! Skipping batch.
2026-05-08 04:18:52,413 - __main__ - ERROR -   Batch 371: NaN or Inf loss detected! Skipping batch.
2026-05-08 04:18:52,473 - __main__ - ERROR -   Batch 372: NaN or Inf loss detected! Skipping batch.
2026-05-08 04:18:52,533 - __main__ - ERROR -   Batch 373: NaN or Inf loss detected! Skipping batch.
2026-05-08 04:18:52,594 - __main__ - ERROR -   Batch 374: NaN or Inf loss detected! Skipping batch.
2026-05-08 04:18:52,654 - __main__ - ERROR -   Batch 375: NaN or Inf loss detected! Skipping batch.
2026-05-08 04:18:52,714 - __main__ - ERROR -   Batch 376: NaN or Inf loss detected! Skipping batch.
2026-05-08 04:18:52,774 - __main__ - ERROR -   Batch 377: NaN or Inf loss detected! Skipping batch.
2026-05-08 04:18:52,834 - __main__ - ERROR -   Batch 378: NaN or Inf loss detected! Skipping batch.
2026-05-08 04:18:52,895 - __main__ - ERROR -   Batch 379: NaN or Inf loss detected! Skipping batch.
2026-05-08 04:18:52,955 - __main__ - ERROR -   Batch 380: NaN or Inf loss detected! Skipping batch.
2026-05-08 04:18:53,015 - __main__ - ERROR -   Batch 381: NaN or Inf loss detected! Skipping batch.
2026-05-08 04:18:53,075 - __main__ - ERROR -   Batch 382: NaN or Inf loss detected! Skipping batch.
2026-05-08 04:18:53,136 - __main__ - ERROR -   Batch 383: NaN or Inf loss detected! Skipping batch.
2026-05-08 04:18:53,196 - __main__ - ERROR -   Batch 384: NaN or Inf loss detected! Skipping batch.
2026-05-08 04:18:53,256 - __main__ - ERROR -   Batch 385: NaN or Inf loss detected! Skipping batch.
2026-05-08 04:18:53,316 - __main__ - ERROR -   Batch 386: NaN or Inf loss detected! Skipping batch.
2026-05-08 04:18:53,376 - __main__ - ERROR -   Batch 387: NaN or Inf loss detected! Skipping batch.
2026-05-08 04:18:53,436 - __main__ - ERROR -   Batch 388: NaN or Inf loss detected! Skipping batch.
2026-05-08 04:18:53,486 - __main__ - ERROR -   Batch 389: NaN or Inf loss detected! Skipping batch.
2026-05-08 04:18:53,540 - __main__ - ERROR -   Batch 390: NaN or Inf loss detected! Skipping batch.
2026-05-08 04:18:53,601 - __main__ - ERROR -   Batch 391: NaN or Inf loss detected! Skipping batch.
2026-05-08 04:18:53,660 - __main__ - ERROR -   Batch 392: NaN or Inf loss detected! Skipping batch.
2026-05-08 04:18:53,720 - __main__ - ERROR -   Batch 393: NaN or Inf loss detected! Skipping batch.
2026-05-08 04:18:53,781 - __main__ - ERROR -   Batch 394: NaN or Inf loss detected! Skipping batch.
2026-05-08 04:18:53,841 - __main__ - ERROR -   Batch 395: NaN or Inf loss detected! Skipping batch.
2026-05-08 04:18:53,896 - __main__ - ERROR -   Batch 396: NaN or Inf loss detected! Skipping batch.
2026-05-08 04:18:53,951 - __main__ - ERROR -   Batch 397: NaN or Inf loss detected! Skipping batch.
2026-05-08 04:18:54,011 - __main__ - ERROR -   Batch 398: NaN or Inf loss detected! Skipping batch.
2026-05-08 04:18:54,071 - __main__ - ERROR -   Batch 399: NaN or Inf loss detected! Skipping batch.
2026-05-08 04:18:54,126 - __main__ - ERROR -   Batch 400: NaN or Inf loss detected! Skipping batch.
2026-05-08 04:18:54,186 - __main__ - ERROR -   Batch 401: NaN or Inf loss detected! Skipping batch.
2026-05-08 04:18:54,246 - __main__ - ERROR -   Batch 402: NaN or Inf loss detected! Skipping batch.
2026-05-08 04:18:54,301 - __main__ - ERROR -   Batch 403: NaN or Inf loss detected! Skipping batch.
2026-05-08 04:18:54,362 - __main__ - ERROR -   Batch 404: NaN or Inf loss detected! Skipping batch.
2026-05-08 04:18:54,422 - __main__ - ERROR -   Batch 405: NaN or Inf loss detected! Skipping batch.
2026-05-08 04:18:54,482 - __main__ - ERROR -   Batch 406: NaN or Inf loss detected! Skipping batch.
2026-05-08 04:18:54,542 - __main__ - ERROR -   Batch 407: NaN or Inf loss detected! Skipping batch.
2026-05-08 04:18:54,603 - __main__ - ERROR -   Batch 408: NaN or Inf loss detected! Skipping batch.
2026-05-08 04:18:54,663 - __main__ - ERROR -   Batch 409: NaN or Inf loss detected! Skipping batch.
2026-05-08 04:18:54,723 - __main__ - ERROR -   Batch 410: NaN or Inf loss detected! Skipping batch.
2026-05-08 04:18:54,783 - __main__ - ERROR -   Batch 411: NaN or Inf loss detected! Skipping batch.
2026-05-08 04:18:54,843 - __main__ - ERROR -   Batch 412: NaN or Inf loss detected! Skipping batch.
2026-05-08 04:18:54,903 - __main__ - ERROR -   Batch 413: NaN or Inf loss detected! Skipping batch.
2026-05-08 04:18:54,963 - __main__ - ERROR -   Batch 414: NaN or Inf loss detected! Skipping batch.
2026-05-08 04:18:55,024 - __main__ - ERROR -   Batch 415: NaN or Inf loss detected! Skipping batch.
2026-05-08 04:18:55,084 - __main__ - ERROR -   Batch 416: NaN or Inf loss detected! Skipping batch.
2026-05-08 04:18:55,144 - __main__ - ERROR -   Batch 417: NaN or Inf loss detected! Skipping batch.
2026-05-08 04:18:55,205 - __main__ - ERROR -   Batch 418: NaN or Inf loss detected! Skipping batch.
2026-05-08 04:18:55,265 - __main__ - ERROR -   Batch 419: NaN or Inf loss detected! Skipping batch.
2026-05-08 04:18:55,325 - __main__ - ERROR -   Batch 420: NaN or Inf loss detected! Skipping batch.
2026-05-08 04:18:55,385 - __main__ - ERROR -   Batch 421: NaN or Inf loss detected! Skipping batch.
2026-05-08 04:18:55,446 - __main__ - ERROR -   Batch 422: NaN or Inf loss detected! Skipping batch.
2026-05-08 04:18:55,506 - __main__ - ERROR -   Batch 423: NaN or Inf loss detected! Skipping batch.
2026-05-08 04:18:55,566 - __main__ - ERROR -   Batch 424: NaN or Inf loss detected! Skipping batch.
2026-05-08 04:18:55,626 - __main__ - ERROR -   Batch 425: NaN or Inf loss detected! Skipping batch.
2026-05-08 04:18:55,687 - __main__ - ERROR -   Batch 426: NaN or Inf loss detected! Skipping batch.
2026-05-08 04:18:55,747 - __main__ - ERROR -   Batch 427: NaN or Inf loss detected! Skipping batch.
2026-05-08 04:18:55,807 - __main__ - ERROR -   Batch 428: NaN or Inf loss detected! Skipping batch.
2026-05-08 04:18:55,867 - __main__ - ERROR -   Batch 429: NaN or Inf loss detected! Skipping batch.
2026-05-08 04:18:55,928 - __main__ - ERROR -   Batch 430: NaN or Inf loss detected! Skipping batch.
2026-05-08 04:18:55,988 - __main__ - ERROR -   Batch 431: NaN or Inf loss detected! Skipping batch.
2026-05-08 04:18:56,048 - __main__ - ERROR -   Batch 432: NaN or Inf loss detected! Skipping batch.
2026-05-08 04:18:56,103 - __main__ - ERROR -   Batch 433: NaN or Inf loss detected! Skipping batch.
2026-05-08 04:18:56,164 - __main__ - ERROR -   Batch 434: NaN or Inf loss detected! Skipping batch.
2026-05-08 04:18:56,223 - __main__ - ERROR -   Batch 435: NaN or Inf loss detected! Skipping batch.
2026-05-08 04:18:56,283 - __main__ - ERROR -   Batch 436: NaN or Inf loss detected! Skipping batch.
2026-05-08 04:18:56,343 - __main__ - ERROR -   Batch 437: NaN or Inf loss detected! Skipping batch.
2026-05-08 04:18:56,403 - __main__ - ERROR -   Batch 438: NaN or Inf loss detected! Skipping batch.
2026-05-08 04:18:56,458 - __main__ - ERROR -   Batch 439: NaN or Inf loss detected! Skipping batch.
2026-05-08 04:18:56,518 - __main__ - ERROR -   Batch 440: NaN or Inf loss detected! Skipping batch.
2026-05-08 04:18:56,577 - __main__ - ERROR -   Batch 441: NaN or Inf loss detected! Skipping batch.
2026-05-08 04:18:56,638 - __main__ - ERROR -   Batch 442: NaN or Inf loss detected! Skipping batch.
2026-05-08 04:18:56,699 - __main__ - ERROR -   Batch 443: NaN or Inf loss detected! Skipping batch.
2026-05-08 04:18:56,753 - __main__ - ERROR -   Batch 444: NaN or Inf loss detected! Skipping batch.
2026-05-08 04:18:56,808 - __main__ - ERROR -   Batch 445: NaN or Inf loss detected! Skipping batch.
2026-05-08 04:18:56,868 - __main__ - ERROR -   Batch 446: NaN or Inf loss detected! Skipping batch.
2026-05-08 04:18:56,923 - __main__ - ERROR -   Batch 447: NaN or Inf loss detected! Skipping batch.
2026-05-08 04:18:56,983 - __main__ - ERROR -   Batch 448: NaN or Inf loss detected! Skipping batch.
2026-05-08 04:18:57,043 - __main__ - ERROR -   Batch 449: NaN or Inf loss detected! Skipping batch.
2026-05-08 04:18:57,103 - __main__ - ERROR -   Batch 450: NaN or Inf loss detected! Skipping batch.
2026-05-08 04:18:57,164 - __main__ - ERROR -   Batch 451: NaN or Inf loss detected! Skipping batch.
2026-05-08 04:18:57,214 - __main__ - ERROR -   Batch 452: NaN or Inf loss detected! Skipping batch.
2026-05-08 04:18:57,274 - __main__ - ERROR -   Batch 453: NaN or Inf loss detected! Skipping batch.
2026-05-08 04:18:57,334 - __main__ - ERROR -   Batch 454: NaN or Inf loss detected! Skipping batch.
2026-05-08 04:18:57,394 - __main__ - ERROR -   Batch 455: NaN or Inf loss detected! Skipping batch.
2026-05-08 04:18:57,454 - __main__ - ERROR -   Batch 456: NaN or Inf loss detected! Skipping batch.
2026-05-08 04:18:57,514 - __main__ - ERROR -   Batch 457: NaN or Inf loss detected! Skipping batch.
2026-05-08 04:18:57,569 - __main__ - ERROR -   Batch 458: NaN or Inf loss detected! Skipping batch.
2026-05-08 04:18:57,629 - __main__ - ERROR -   Batch 459: NaN or Inf loss detected! Skipping batch.
2026-05-08 04:18:57,690 - __main__ - ERROR -   Batch 460: NaN or Inf loss detected! Skipping batch.
2026-05-08 04:18:57,751 - __main__ - ERROR -   Batch 461: NaN or Inf loss detected! Skipping batch.
2026-05-08 04:18:57,811 - __main__ - ERROR -   Batch 462: NaN or Inf loss detected! Skipping batch.
2026-05-08 04:18:57,871 - __main__ - ERROR -   Batch 463: NaN or Inf loss detected! Skipping batch.
2026-05-08 04:18:57,931 - __main__ - ERROR -   Batch 464: NaN or Inf loss detected! Skipping batch.
2026-05-08 04:18:57,992 - __main__ - ERROR -   Batch 465: NaN or Inf loss detected! Skipping batch.
2026-05-08 04:18:58,053 - __main__ - ERROR -   Batch 466: NaN or Inf loss detected! Skipping batch.
2026-05-08 04:18:58,114 - __main__ - ERROR -   Batch 467: NaN or Inf loss detected! Skipping batch.
2026-05-08 04:18:58,173 - __main__ - ERROR -   Batch 468: NaN or Inf loss detected! Skipping batch.
2026-05-08 04:18:58,234 - __main__ - ERROR -   Batch 469: NaN or Inf loss detected! Skipping batch.
2026-05-08 04:18:58,294 - __main__ - ERROR -   Batch 470: NaN or Inf loss detected! Skipping batch.
2026-05-08 04:18:58,354 - __main__ - ERROR -   Batch 471: NaN or Inf loss detected! Skipping batch.
2026-05-08 04:18:58,414 - __main__ - ERROR -   Batch 472: NaN or Inf loss detected! Skipping batch.
2026-05-08 04:18:58,475 - __main__ - ERROR -   Batch 473: NaN or Inf loss detected! Skipping batch.
2026-05-08 04:18:58,529 - __main__ - ERROR -   Batch 474: NaN or Inf loss detected! Skipping batch.
2026-05-08 04:18:58,590 - __main__ - ERROR -   Batch 475: NaN or Inf loss detected! Skipping batch.
2026-05-08 04:18:58,649 - __main__ - ERROR -   Batch 476: NaN or Inf loss detected! Skipping batch.
2026-05-08 04:18:58,704 - __main__ - ERROR -   Batch 477: NaN or Inf loss detected! Skipping batch.
2026-05-08 04:18:58,765 - __main__ - ERROR -   Batch 478: NaN or Inf loss detected! Skipping batch.
2026-05-08 04:18:58,825 - __main__ - ERROR -   Batch 479: NaN or Inf loss detected! Skipping batch.
2026-05-08 04:18:59,230 - __main__ - ERROR -   Batch 480: NaN or Inf loss detected! Skipping batch.
2026-05-08 04:18:59,281 - __main__ - ERROR -   Batch 481: NaN or Inf loss detected! Skipping batch.
2026-05-08 04:18:59,341 - __main__ - ERROR -   Batch 482: NaN or Inf loss detected! Skipping batch.
2026-05-08 04:18:59,401 - __main__ - ERROR -   Batch 483: NaN or Inf loss detected! Skipping batch.
2026-05-08 04:18:59,461 - __main__ - ERROR -   Batch 484: NaN or Inf loss detected! Skipping batch.
2026-05-08 04:18:59,521 - __main__ - ERROR -   Batch 485: NaN or Inf loss detected! Skipping batch.
2026-05-08 04:18:59,582 - __main__ - ERROR -   Batch 486: NaN or Inf loss detected! Skipping batch.
2026-05-08 04:18:59,642 - __main__ - ERROR -   Batch 487: NaN or Inf loss detected! Skipping batch.
2026-05-08 04:18:59,702 - __main__ - ERROR -   Batch 488: NaN or Inf loss detected! Skipping batch.
2026-05-08 04:18:59,762 - __main__ - ERROR -   Batch 489: NaN or Inf loss detected! Skipping batch.
2026-05-08 04:18:59,823 - __main__ - ERROR -   Batch 490: NaN or Inf loss detected! Skipping batch.
2026-05-08 04:18:59,883 - __main__ - ERROR -   Batch 491: NaN or Inf loss detected! Skipping batch.
2026-05-08 04:18:59,944 - __main__ - ERROR -   Batch 492: NaN or Inf loss detected! Skipping batch.
2026-05-08 04:19:00,005 - __main__ - ERROR -   Batch 493: NaN or Inf loss detected! Skipping batch.
2026-05-08 04:19:00,066 - __main__ - ERROR -   Batch 494: NaN or Inf loss detected! Skipping batch.
2026-05-08 04:19:00,127 - __main__ - ERROR -   Batch 495: NaN or Inf loss detected! Skipping batch.
2026-05-08 04:19:00,187 - __main__ - ERROR -   Batch 496: NaN or Inf loss detected! Skipping batch.
2026-05-08 04:19:00,248 - __main__ - ERROR -   Batch 497: NaN or Inf loss detected! Skipping batch.
2026-05-08 04:19:00,308 - __main__ - ERROR -   Batch 498: NaN or Inf loss detected! Skipping batch.
2026-05-08 04:19:00,368 - __main__ - ERROR -   Batch 499: NaN or Inf loss detected! Skipping batch.
2026-05-08 04:19:00,429 - __main__ - ERROR -   Batch 500: NaN or Inf loss detected! Skipping batch.
2026-05-08 04:19:00,489 - __main__ - ERROR -   Batch 501: NaN or Inf loss detected! Skipping batch.
2026-05-08 04:19:00,550 - __main__ - ERROR -   Batch 502: NaN or Inf loss detected! Skipping batch.
2026-05-08 04:19:00,610 - __main__ - ERROR -   Batch 503: NaN or Inf loss detected! Skipping batch.
2026-05-08 04:19:00,670 - __main__ - ERROR -   Batch 504: NaN or Inf loss detected! Skipping batch.
2026-05-08 04:19:00,731 - __main__ - ERROR -   Batch 505: NaN or Inf loss detected! Skipping batch.
2026-05-08 04:19:00,791 - __main__ - ERROR -   Batch 506: NaN or Inf loss detected! Skipping batch.
2026-05-08 04:19:00,845 - __main__ - ERROR -   Batch 507: NaN or Inf loss detected! Skipping batch.
2026-05-08 04:19:00,905 - __main__ - ERROR -   Batch 508: NaN or Inf loss detected! Skipping batch.
2026-05-08 04:19:00,965 - __main__ - ERROR -   Batch 509: NaN or Inf loss detected! Skipping batch.
2026-05-08 04:19:01,025 - __main__ - ERROR -   Batch 510: NaN or Inf loss detected! Skipping batch.
2026-05-08 04:19:01,086 - __main__ - ERROR -   Batch 511: NaN or Inf loss detected! Skipping batch.
2026-05-08 04:19:01,146 - __main__ - ERROR -   Batch 512: NaN or Inf loss detected! Skipping batch.
2026-05-08 04:19:01,206 - __main__ - ERROR -   Batch 513: NaN or Inf loss detected! Skipping batch.
2026-05-08 04:19:01,266 - __main__ - ERROR -   Batch 514: NaN or Inf loss detected! Skipping batch.
2026-05-08 04:19:01,327 - __main__ - ERROR -   Batch 515: NaN or Inf loss detected! Skipping batch.
2026-05-08 04:19:01,381 - __main__ - ERROR -   Batch 516: NaN or Inf loss detected! Skipping batch.
2026-05-08 04:19:01,437 - __main__ - ERROR -   Batch 517: NaN or Inf loss detected! Skipping batch.
2026-05-08 04:19:01,497 - __main__ - ERROR -   Batch 518: NaN or Inf loss detected! Skipping batch.
2026-05-08 04:19:01,558 - __main__ - ERROR -   Batch 519: NaN or Inf loss detected! Skipping batch.
2026-05-08 04:19:01,612 - __main__ - ERROR -   Batch 520: NaN or Inf loss detected! Skipping batch.
2026-05-08 04:19:01,673 - __main__ - ERROR -   Batch 521: NaN or Inf loss detected! Skipping batch.
2026-05-08 04:19:01,733 - __main__ - ERROR -   Batch 522: NaN or Inf loss detected! Skipping batch.
2026-05-08 04:19:01,787 - __main__ - ERROR -   Batch 523: NaN or Inf loss detected! Skipping batch.
2026-05-08 04:19:01,848 - __main__ - ERROR -   Batch 524: NaN or Inf loss detected! Skipping batch.
2026-05-08 04:19:01,908 - __main__ - ERROR -   Batch 525: NaN or Inf loss detected! Skipping batch.
2026-05-08 04:19:01,969 - __main__ - ERROR -   Batch 526: NaN or Inf loss detected! Skipping batch.
2026-05-08 04:19:02,029 - __main__ - ERROR -   Batch 527: NaN or Inf loss detected! Skipping batch.
2026-05-08 04:19:02,090 - __main__ - ERROR -   Batch 528: NaN or Inf loss detected! Skipping batch.
2026-05-08 04:19:02,151 - __main__ - ERROR -   Batch 529: NaN or Inf loss detected! Skipping batch.
2026-05-08 04:19:02,211 - __main__ - ERROR -   Batch 530: NaN or Inf loss detected! Skipping batch.
2026-05-08 04:19:02,266 - __main__ - ERROR -   Batch 531: NaN or Inf loss detected! Skipping batch.
2026-05-08 04:19:02,326 - __main__ - ERROR -   Batch 532: NaN or Inf loss detected! Skipping batch.
2026-05-08 04:19:02,387 - __main__ - ERROR -   Batch 533: NaN or Inf loss detected! Skipping batch.
2026-05-08 04:19:02,447 - __main__ - ERROR -   Batch 534: NaN or Inf loss detected! Skipping batch.
2026-05-08 04:19:02,507 - __main__ - ERROR -   Batch 535: NaN or Inf loss detected! Skipping batch.
2026-05-08 04:19:02,568 - __main__ - ERROR -   Batch 536: NaN or Inf loss detected! Skipping batch.
2026-05-08 04:19:02,628 - __main__ - ERROR -   Batch 537: NaN or Inf loss detected! Skipping batch.
2026-05-08 04:19:02,689 - __main__ - ERROR -   Batch 538: NaN or Inf loss detected! Skipping batch.
2026-05-08 04:19:02,749 - __main__ - ERROR -   Batch 539: NaN or Inf loss detected! Skipping batch.
2026-05-08 04:19:02,809 - __main__ - ERROR -   Batch 540: NaN or Inf loss detected! Skipping batch.
2026-05-08 04:19:02,870 - __main__ - ERROR -   Batch 541: NaN or Inf loss detected! Skipping batch.
2026-05-08 04:19:02,930 - __main__ - ERROR -   Batch 542: NaN or Inf loss detected! Skipping batch.
2026-05-08 04:19:02,990 - __main__ - ERROR -   Batch 543: NaN or Inf loss detected! Skipping batch.
2026-05-08 04:19:03,051 - __main__ - ERROR -   Batch 544: NaN or Inf loss detected! Skipping batch.
2026-05-08 04:19:03,106 - __main__ - ERROR -   Batch 545: NaN or Inf loss detected! Skipping batch.
2026-05-08 04:19:03,157 - __main__ - ERROR -   Batch 546: NaN or Inf loss detected! Skipping batch.
2026-05-08 04:19:03,217 - __main__ - ERROR -   Batch 547: NaN or Inf loss detected! Skipping batch.
2026-05-08 04:19:03,276 - __main__ - ERROR -   Batch 548: NaN or Inf loss detected! Skipping batch.
2026-05-08 04:19:03,331 - __main__ - ERROR -   Batch 549: NaN or Inf loss detected! Skipping batch.
2026-05-08 04:19:03,392 - __main__ - ERROR -   Batch 550: NaN or Inf loss detected! Skipping batch.
2026-05-08 04:19:03,447 - __main__ - ERROR -   Batch 551: NaN or Inf loss detected! Skipping batch.
2026-05-08 04:19:03,507 - __main__ - ERROR -   Batch 552: NaN or Inf loss detected! Skipping batch.
2026-05-08 04:19:03,567 - __main__ - ERROR -   Batch 553: NaN or Inf loss detected! Skipping batch.
2026-05-08 04:19:03,627 - __main__ - ERROR -   Batch 554: NaN or Inf loss detected! Skipping batch.
2026-05-08 04:19:03,688 - __main__ - ERROR -   Batch 555: NaN or Inf loss detected! Skipping batch.
2026-05-08 04:19:03,742 - __main__ - ERROR -   Batch 556: NaN or Inf loss detected! Skipping batch.
2026-05-08 04:19:03,802 - __main__ - ERROR -   Batch 557: NaN or Inf loss detected! Skipping batch.
2026-05-08 04:19:03,862 - __main__ - ERROR -   Batch 558: NaN or Inf loss detected! Skipping batch.
2026-05-08 04:19:03,923 - __main__ - ERROR -   Batch 559: NaN or Inf loss detected! Skipping batch.
2026-05-08 04:19:03,983 - __main__ - ERROR -   Batch 560: NaN or Inf loss detected! Skipping batch.
2026-05-08 04:19:04,043 - __main__ - ERROR -   Batch 561: NaN or Inf loss detected! Skipping batch.
2026-05-08 04:19:04,104 - __main__ - ERROR -   Batch 562: NaN or Inf loss detected! Skipping batch.
2026-05-08 04:19:04,164 - __main__ - ERROR -   Batch 563: NaN or Inf loss detected! Skipping batch.
2026-05-08 04:19:04,224 - __main__ - ERROR -   Batch 564: NaN or Inf loss detected! Skipping batch.
2026-05-08 04:19:04,279 - __main__ - ERROR -   Batch 565: NaN or Inf loss detected! Skipping batch.
2026-05-08 04:19:04,339 - __main__ - ERROR -   Batch 566: NaN or Inf loss detected! Skipping batch.
2026-05-08 04:19:04,399 - __main__ - ERROR -   Batch 567: NaN or Inf loss detected! Skipping batch.
2026-05-08 04:19:04,460 - __main__ - ERROR -   Batch 568: NaN or Inf loss detected! Skipping batch.
2026-05-08 04:19:04,520 - __main__ - ERROR -   Batch 569: NaN or Inf loss detected! Skipping batch.
2026-05-08 04:19:04,580 - __main__ - ERROR -   Batch 570: NaN or Inf loss detected! Skipping batch.
2026-05-08 04:19:04,641 - __main__ - ERROR -   Batch 571: NaN or Inf loss detected! Skipping batch.
2026-05-08 04:19:04,701 - __main__ - ERROR -   Batch 572: NaN or Inf loss detected! Skipping batch.
2026-05-08 04:19:04,756 - __main__ - ERROR -   Batch 573: NaN or Inf loss detected! Skipping batch.
2026-05-08 04:19:04,816 - __main__ - ERROR -   Batch 574: NaN or Inf loss detected! Skipping batch.
2026-05-08 04:19:04,875 - __main__ - ERROR -   Batch 575: NaN or Inf loss detected! Skipping batch.
2026-05-08 04:19:04,936 - __main__ - ERROR -   Batch 576: NaN or Inf loss detected! Skipping batch.
2026-05-08 04:19:04,996 - __main__ - ERROR -   Batch 577: NaN or Inf loss detected! Skipping batch.
2026-05-08 04:19:05,056 - __main__ - ERROR -   Batch 578: NaN or Inf loss detected! Skipping batch.
2026-05-08 04:19:05,117 - __main__ - ERROR -   Batch 579: NaN or Inf loss detected! Skipping batch.
2026-05-08 04:19:05,177 - __main__ - ERROR -   Batch 580: NaN or Inf loss detected! Skipping batch.
2026-05-08 04:19:05,238 - __main__ - ERROR -   Batch 581: NaN or Inf loss detected! Skipping batch.
2026-05-08 04:19:05,298 - __main__ - ERROR -   Batch 582: NaN or Inf loss detected! Skipping batch.
2026-05-08 04:19:05,358 - __main__ - ERROR -   Batch 583: NaN or Inf loss detected! Skipping batch.
2026-05-08 04:19:05,417 - __main__ - ERROR -   Batch 584: NaN or Inf loss detected! Skipping batch.
2026-05-08 04:19:05,478 - __main__ - ERROR -   Batch 585: NaN or Inf loss detected! Skipping batch.
2026-05-08 04:19:05,538 - __main__ - ERROR -   Batch 586: NaN or Inf loss detected! Skipping batch.
2026-05-08 04:19:05,598 - __main__ - ERROR -   Batch 587: NaN or Inf loss detected! Skipping batch.
2026-05-08 04:19:05,658 - __main__ - ERROR -   Batch 588: NaN or Inf loss detected! Skipping batch.
2026-05-08 04:19:05,718 - __main__ - ERROR -   Batch 589: NaN or Inf loss detected! Skipping batch.
2026-05-08 04:19:05,779 - __main__ - ERROR -   Batch 590: NaN or Inf loss detected! Skipping batch.
2026-05-08 04:19:05,838 - __main__ - ERROR -   Batch 591: NaN or Inf loss detected! Skipping batch.
2026-05-08 04:19:05,899 - __main__ - ERROR -   Batch 592: NaN or Inf loss detected! Skipping batch.
2026-05-08 04:19:05,954 - __main__ - ERROR -   Batch 593: NaN or Inf loss detected! Skipping batch.
2026-05-08 04:19:06,014 - __main__ - ERROR -   Batch 594: NaN or Inf loss detected! Skipping batch.
2026-05-08 04:19:06,377 - __main__ - ERROR -   Batch 595: NaN or Inf loss detected! Skipping batch.
2026-05-08 04:19:06,437 - __main__ - ERROR -   Batch 596: NaN or Inf loss detected! Skipping batch.
2026-05-08 04:19:06,493 - __main__ - ERROR -   Batch 597: NaN or Inf loss detected! Skipping batch.
2026-05-08 04:19:06,543 - __main__ - ERROR -   Batch 598: NaN or Inf loss detected! Skipping batch.
2026-05-08 04:19:06,603 - __main__ - ERROR -   Batch 599: NaN or Inf loss detected! Skipping batch.
2026-05-08 04:19:06,663 - __main__ - ERROR -   Batch 600: NaN or Inf loss detected! Skipping batch.
2026-05-08 04:19:06,724 - __main__ - ERROR -   Batch 601: NaN or Inf loss detected! Skipping batch.
2026-05-08 04:19:06,785 - __main__ - ERROR -   Batch 602: NaN or Inf loss detected! Skipping batch.
2026-05-08 04:19:06,845 - __main__ - ERROR -   Batch 603: NaN or Inf loss detected! Skipping batch.
2026-05-08 04:19:06,905 - __main__ - ERROR -   Batch 604: NaN or Inf loss detected! Skipping batch.
2026-05-08 04:19:06,965 - __main__ - ERROR -   Batch 605: NaN or Inf loss detected! Skipping batch.
2026-05-08 04:19:07,026 - __main__ - ERROR -   Batch 606: NaN or Inf loss detected! Skipping batch.
2026-05-08 04:19:07,076 - __main__ - ERROR -   Batch 607: NaN or Inf loss detected! Skipping batch.
2026-05-08 04:19:07,131 - __main__ - ERROR -   Batch 608: NaN or Inf loss detected! Skipping batch.
2026-05-08 04:19:07,186 - __main__ - ERROR -   Batch 609: NaN or Inf loss detected! Skipping batch.
2026-05-08 04:19:07,246 - __main__ - ERROR -   Batch 610: NaN or Inf loss detected! Skipping batch.
2026-05-08 04:19:07,306 - __main__ - ERROR -   Batch 611: NaN or Inf loss detected! Skipping batch.
2026-05-08 04:19:07,366 - __main__ - ERROR -   Batch 612: NaN or Inf loss detected! Skipping batch.
2026-05-08 04:19:07,426 - __main__ - ERROR -   Batch 613: NaN or Inf loss detected! Skipping batch.
2026-05-08 04:19:07,486 - __main__ - ERROR -   Batch 614: NaN or Inf loss detected! Skipping batch.
2026-05-08 04:19:07,547 - __main__ - ERROR -   Batch 615: NaN or Inf loss detected! Skipping batch.
2026-05-08 04:19:07,607 - __main__ - ERROR -   Batch 616: NaN or Inf loss detected! Skipping batch.
2026-05-08 04:19:07,667 - __main__ - ERROR -   Batch 617: NaN or Inf loss detected! Skipping batch.
2026-05-08 04:19:07,727 - __main__ - ERROR -   Batch 618: NaN or Inf loss detected! Skipping batch.
2026-05-08 04:19:07,787 - __main__ - ERROR -   Batch 619: NaN or Inf loss detected! Skipping batch.
2026-05-08 04:19:07,848 - __main__ - ERROR -   Batch 620: NaN or Inf loss detected! Skipping batch.
2026-05-08 04:19:07,909 - __main__ - ERROR -   Batch 621: NaN or Inf loss detected! Skipping batch.
2026-05-08 04:19:07,969 - __main__ - ERROR -   Batch 622: NaN or Inf loss detected! Skipping batch.
2026-05-08 04:19:08,029 - __main__ - ERROR -   Batch 623: NaN or Inf loss detected! Skipping batch.
2026-05-08 04:19:08,090 - __main__ - ERROR -   Batch 624: NaN or Inf loss detected! Skipping batch.
2026-05-08 04:19:08,151 - __main__ - ERROR -   Batch 625: NaN or Inf loss detected! Skipping batch.
2026-05-08 04:19:08,211 - __main__ - ERROR -   Batch 626: NaN or Inf loss detected! Skipping batch.
2026-05-08 04:19:08,271 - __main__ - ERROR -   Batch 627: NaN or Inf loss detected! Skipping batch.
2026-05-08 04:19:08,331 - __main__ - ERROR -   Batch 628: NaN or Inf loss detected! Skipping batch.
2026-05-08 04:19:08,386 - __main__ - ERROR -   Batch 629: NaN or Inf loss detected! Skipping batch.
2026-05-08 04:19:08,447 - __main__ - ERROR -   Batch 630: NaN or Inf loss detected! Skipping batch.
2026-05-08 04:19:08,507 - __main__ - ERROR -   Batch 631: NaN or Inf loss detected! Skipping batch.
2026-05-08 04:19:08,561 - __main__ - ERROR -   Batch 632: NaN or Inf loss detected! Skipping batch.
2026-05-08 04:19:08,621 - __main__ - ERROR -   Batch 633: NaN or Inf loss detected! Skipping batch.
2026-05-08 04:19:08,681 - __main__ - ERROR -   Batch 634: NaN or Inf loss detected! Skipping batch.
2026-05-08 04:19:08,742 - __main__ - ERROR -   Batch 635: NaN or Inf loss detected! Skipping batch.
2026-05-08 04:19:08,802 - __main__ - ERROR -   Batch 636: NaN or Inf loss detected! Skipping batch.
2026-05-08 04:19:08,862 - __main__ - ERROR -   Batch 637: NaN or Inf loss detected! Skipping batch.
2026-05-08 04:19:08,923 - __main__ - ERROR -   Batch 638: NaN or Inf loss detected! Skipping batch.
2026-05-08 04:19:08,972 - __main__ - ERROR -   Batch 639: NaN or Inf loss detected! Skipping batch.
2026-05-08 04:19:09,032 - __main__ - ERROR -   Batch 640: NaN or Inf loss detected! Skipping batch.
2026-05-08 04:19:09,093 - __main__ - ERROR -   Batch 641: NaN or Inf loss detected! Skipping batch.
2026-05-08 04:19:09,153 - __main__ - ERROR -   Batch 642: NaN or Inf loss detected! Skipping batch.
2026-05-08 04:19:09,213 - __main__ - ERROR -   Batch 643: NaN or Inf loss detected! Skipping batch.
2026-05-08 04:19:09,268 - __main__ - ERROR -   Batch 644: NaN or Inf loss detected! Skipping batch.
2026-05-08 04:19:09,328 - __main__ - ERROR -   Batch 645: NaN or Inf loss detected! Skipping batch.
2026-05-08 04:19:09,389 - __main__ - ERROR -   Batch 646: NaN or Inf loss detected! Skipping batch.
2026-05-08 04:19:09,449 - __main__ - ERROR -   Batch 647: NaN or Inf loss detected! Skipping batch.
2026-05-08 04:19:09,509 - __main__ - ERROR -   Batch 648: NaN or Inf loss detected! Skipping batch.
2026-05-08 04:19:09,570 - __main__ - ERROR -   Batch 649: NaN or Inf loss detected! Skipping batch.
2026-05-08 04:19:09,631 - __main__ - ERROR -   Batch 650: NaN or Inf loss detected! Skipping batch.
2026-05-08 04:19:09,691 - __main__ - ERROR -   Batch 651: NaN or Inf loss detected! Skipping batch.
2026-05-08 04:19:09,750 - __main__ - ERROR -   Batch 652: NaN or Inf loss detected! Skipping batch.
2026-05-08 04:19:09,805 - __main__ - ERROR -   Batch 653: NaN or Inf loss detected! Skipping batch.
2026-05-08 04:19:09,855 - __main__ - ERROR -   Batch 654: NaN or Inf loss detected! Skipping batch.
2026-05-08 04:19:09,915 - __main__ - ERROR -   Batch 655: NaN or Inf loss detected! Skipping batch.
2026-05-08 04:19:09,975 - __main__ - ERROR -   Batch 656: NaN or Inf loss detected! Skipping batch.
2026-05-08 04:19:10,036 - __main__ - ERROR -   Batch 657: NaN or Inf loss detected! Skipping batch.
2026-05-08 04:19:10,097 - __main__ - ERROR -   Batch 658: NaN or Inf loss detected! Skipping batch.
2026-05-08 04:19:10,157 - __main__ - ERROR -   Batch 659: NaN or Inf loss detected! Skipping batch.
2026-05-08 04:19:10,217 - __main__ - ERROR -   Batch 660: NaN or Inf loss detected! Skipping batch.
2026-05-08 04:19:10,277 - __main__ - ERROR -   Batch 661: NaN or Inf loss detected! Skipping batch.
2026-05-08 04:19:10,337 - __main__ - ERROR -   Batch 662: NaN or Inf loss detected! Skipping batch.
2026-05-08 04:19:10,398 - __main__ - ERROR -   Batch 663: NaN or Inf loss detected! Skipping batch.
2026-05-08 04:19:10,458 - __main__ - ERROR -   Batch 664: NaN or Inf loss detected! Skipping batch.
2026-05-08 04:19:10,518 - __main__ - ERROR -   Batch 665: NaN or Inf loss detected! Skipping batch.
2026-05-08 04:19:10,579 - __main__ - ERROR -   Batch 666: NaN or Inf loss detected! Skipping batch.
2026-05-08 04:19:10,639 - __main__ - ERROR -   Batch 667: NaN or Inf loss detected! Skipping batch.
2026-05-08 04:19:10,699 - __main__ - ERROR -   Batch 668: NaN or Inf loss detected! Skipping batch.
2026-05-08 04:19:10,753 - __main__ - ERROR -   Batch 669: NaN or Inf loss detected! Skipping batch.
2026-05-08 04:19:10,813 - __main__ - ERROR -   Batch 670: NaN or Inf loss detected! Skipping batch.
2026-05-08 04:19:10,873 - __main__ - ERROR -   Batch 671: NaN or Inf loss detected! Skipping batch.
2026-05-08 04:19:10,928 - __main__ - ERROR -   Batch 672: NaN or Inf loss detected! Skipping batch.
2026-05-08 04:19:10,988 - __main__ - ERROR -   Batch 673: NaN or Inf loss detected! Skipping batch.
2026-05-08 04:19:11,044 - __main__ - ERROR -   Batch 674: NaN or Inf loss detected! Skipping batch.
2026-05-08 04:19:11,104 - __main__ - ERROR -   Batch 675: NaN or Inf loss detected! Skipping batch.
2026-05-08 04:19:11,164 - __main__ - ERROR -   Batch 676: NaN or Inf loss detected! Skipping batch.
2026-05-08 04:19:11,225 - __main__ - ERROR -   Batch 677: NaN or Inf loss detected! Skipping batch.
2026-05-08 04:19:11,286 - __main__ - ERROR -   Batch 678: NaN or Inf loss detected! Skipping batch.
2026-05-08 04:19:11,340 - __main__ - ERROR -   Batch 679: NaN or Inf loss detected! Skipping batch.
2026-05-08 04:19:11,394 - __main__ - ERROR -   Batch 680: NaN or Inf loss detected! Skipping batch.
2026-05-08 04:19:11,455 - __main__ - ERROR -   Batch 681: NaN or Inf loss detected! Skipping batch.
2026-05-08 04:19:11,509 - __main__ - ERROR -   Batch 682: NaN or Inf loss detected! Skipping batch.
2026-05-08 04:19:11,570 - __main__ - ERROR -   Batch 683: NaN or Inf loss detected! Skipping batch.
2026-05-08 04:19:11,630 - __main__ - ERROR -   Batch 684: NaN or Inf loss detected! Skipping batch.
2026-05-08 04:19:11,691 - __main__ - ERROR -   Batch 685: NaN or Inf loss detected! Skipping batch.
2026-05-08 04:19:11,752 - __main__ - ERROR -   Batch 686: NaN or Inf loss detected! Skipping batch.
2026-05-08 04:19:11,812 - __main__ - ERROR -   Batch 687: NaN or Inf loss detected! Skipping batch.
2026-05-08 04:19:11,873 - __main__ - ERROR -   Batch 688: NaN or Inf loss detected! Skipping batch.
2026-05-08 04:19:11,934 - __main__ - ERROR -   Batch 689: NaN or Inf loss detected! Skipping batch.
2026-05-08 04:19:11,995 - __main__ - ERROR -   Batch 690: NaN or Inf loss detected! Skipping batch.
2026-05-08 04:19:12,055 - __main__ - ERROR -   Batch 691: NaN or Inf loss detected! Skipping batch.
2026-05-08 04:19:12,116 - __main__ - ERROR -   Batch 692: NaN or Inf loss detected! Skipping batch.
2026-05-08 04:19:12,177 - __main__ - ERROR -   Batch 693: NaN or Inf loss detected! Skipping batch.
2026-05-08 04:19:12,237 - __main__ - ERROR -   Batch 694: NaN or Inf loss detected! Skipping batch.
2026-05-08 04:19:12,297 - __main__ - ERROR -   Batch 695: NaN or Inf loss detected! Skipping batch.
2026-05-08 04:19:12,357 - __main__ - ERROR -   Batch 696: NaN or Inf loss detected! Skipping batch.
2026-05-08 04:19:12,418 - __main__ - ERROR -   Batch 697: NaN or Inf loss detected! Skipping batch.
2026-05-08 04:19:12,478 - __main__ - ERROR -   Batch 698: NaN or Inf loss detected! Skipping batch.
2026-05-08 04:19:12,538 - __main__ - ERROR -   Batch 699: NaN or Inf loss detected! Skipping batch.
2026-05-08 04:19:12,598 - __main__ - ERROR -   Batch 700: NaN or Inf loss detected! Skipping batch.
2026-05-08 04:19:12,654 - __main__ - ERROR -   Batch 701: NaN or Inf loss detected! Skipping batch.
2026-05-08 04:19:12,714 - __main__ - ERROR -   Batch 702: NaN or Inf loss detected! Skipping batch.
2026-05-08 04:19:12,774 - __main__ - ERROR -   Batch 703: NaN or Inf loss detected! Skipping batch.
2026-05-08 04:19:12,834 - __main__ - ERROR -   Batch 704: NaN or Inf loss detected! Skipping batch.
2026-05-08 04:19:12,894 - __main__ - ERROR -   Batch 705: NaN or Inf loss detected! Skipping batch.
2026-05-08 04:19:12,955 - __main__ - ERROR -   Batch 706: NaN or Inf loss detected! Skipping batch.
2026-05-08 04:19:13,015 - __main__ - ERROR -   Batch 707: NaN or Inf loss detected! Skipping batch.
2026-05-08 04:19:13,076 - __main__ - ERROR -   Batch 708: NaN or Inf loss detected! Skipping batch.
2026-05-08 04:19:13,136 - __main__ - ERROR -   Batch 709: NaN or Inf loss detected! Skipping batch.
2026-05-08 04:19:13,197 - __main__ - ERROR -   Batch 710: NaN or Inf loss detected! Skipping batch.
2026-05-08 04:19:13,258 - __main__ - ERROR -   Batch 711: NaN or Inf loss detected! Skipping batch.
2026-05-08 04:19:13,318 - __main__ - ERROR -   Batch 712: NaN or Inf loss detected! Skipping batch.
2026-05-08 04:19:13,379 - __main__ - ERROR -   Batch 713: NaN or Inf loss detected! Skipping batch.
2026-05-08 04:19:13,439 - __main__ - ERROR -   Batch 714: NaN or Inf loss detected! Skipping batch.
2026-05-08 04:19:13,778 - __main__ - ERROR -   Batch 715: NaN or Inf loss detected! Skipping batch.
2026-05-08 04:19:13,840 - __main__ - ERROR -   Batch 716: NaN or Inf loss detected! Skipping batch.
2026-05-08 04:19:13,901 - __main__ - ERROR -   Batch 717: NaN or Inf loss detected! Skipping batch.
2026-05-08 04:19:13,961 - __main__ - ERROR -   Batch 718: NaN or Inf loss detected! Skipping batch.
2026-05-08 04:19:14,022 - __main__ - ERROR -   Batch 719: NaN or Inf loss detected! Skipping batch.
2026-05-08 04:19:14,082 - __main__ - ERROR -   Batch 720: NaN or Inf loss detected! Skipping batch.
2026-05-08 04:19:14,143 - __main__ - ERROR -   Batch 721: NaN or Inf loss detected! Skipping batch.
2026-05-08 04:19:14,197 - __main__ - ERROR -   Batch 722: NaN or Inf loss detected! Skipping batch.
2026-05-08 04:19:14,258 - __main__ - ERROR -   Batch 723: NaN or Inf loss detected! Skipping batch.
2026-05-08 04:19:14,318 - __main__ - ERROR -   Batch 724: NaN or Inf loss detected! Skipping batch.
2026-05-08 04:19:14,379 - __main__ - ERROR -   Batch 725: NaN or Inf loss detected! Skipping batch.
2026-05-08 04:19:14,440 - __main__ - ERROR -   Batch 726: NaN or Inf loss detected! Skipping batch.
2026-05-08 04:19:14,494 - __main__ - ERROR -   Batch 727: NaN or Inf loss detected! Skipping batch.
2026-05-08 04:19:14,549 - __main__ - ERROR -   Batch 728: NaN or Inf loss detected! Skipping batch.
2026-05-08 04:19:14,609 - __main__ - ERROR -   Batch 729: NaN or Inf loss detected! Skipping batch.
2026-05-08 04:19:14,669 - __main__ - ERROR -   Batch 730: NaN or Inf loss detected! Skipping batch.
2026-05-08 04:19:14,730 - __main__ - ERROR -   Batch 731: NaN or Inf loss detected! Skipping batch.
2026-05-08 04:19:14,790 - __main__ - ERROR -   Batch 732: NaN or Inf loss detected! Skipping batch.
2026-05-08 04:19:14,841 - __main__ - ERROR -   Batch 733: NaN or Inf loss detected! Skipping batch.
2026-05-08 04:19:14,901 - __main__ - ERROR -   Batch 734: NaN or Inf loss detected! Skipping batch.
2026-05-08 04:19:14,961 - __main__ - ERROR -   Batch 735: NaN or Inf loss detected! Skipping batch.
2026-05-08 04:19:15,021 - __main__ - ERROR -   Batch 736: NaN or Inf loss detected! Skipping batch.
2026-05-08 04:19:15,082 - __main__ - ERROR -   Batch 737: NaN or Inf loss detected! Skipping batch.
2026-05-08 04:19:15,142 - __main__ - ERROR -   Batch 738: NaN or Inf loss detected! Skipping batch.
2026-05-08 04:19:15,202 - __main__ - ERROR -   Batch 739: NaN or Inf loss detected! Skipping batch.
2026-05-08 04:19:15,263 - __main__ - ERROR -   Batch 740: NaN or Inf loss detected! Skipping batch.
2026-05-08 04:19:15,313 - __main__ - ERROR -   Batch 741: NaN or Inf loss detected! Skipping batch.
2026-05-08 04:19:15,373 - __main__ - ERROR -   Batch 742: NaN or Inf loss detected! Skipping batch.
2026-05-08 04:19:15,433 - __main__ - ERROR -   Batch 743: NaN or Inf loss detected! Skipping batch.
2026-05-08 04:19:15,493 - __main__ - ERROR -   Batch 744: NaN or Inf loss detected! Skipping batch.
2026-05-08 04:19:15,548 - __main__ - ERROR -   Batch 745: NaN or Inf loss detected! Skipping batch.
2026-05-08 04:19:15,609 - __main__ - ERROR -   Batch 746: NaN or Inf loss detected! Skipping batch.
2026-05-08 04:19:15,669 - __main__ - ERROR -   Batch 747: NaN or Inf loss detected! Skipping batch.
2026-05-08 04:19:15,729 - __main__ - ERROR -   Batch 748: NaN or Inf loss detected! Skipping batch.
2026-05-08 04:19:15,789 - __main__ - ERROR -   Batch 749: NaN or Inf loss detected! Skipping batch.
2026-05-08 04:19:15,849 - __main__ - ERROR -   Batch 750: NaN or Inf loss detected! Skipping batch.
2026-05-08 04:19:15,904 - __main__ - ERROR -   Batch 751: NaN or Inf loss detected! Skipping batch.
2026-05-08 04:19:15,964 - __main__ - ERROR -   Batch 752: NaN or Inf loss detected! Skipping batch.
2026-05-08 04:19:16,024 - __main__ - ERROR -   Batch 753: NaN or Inf loss detected! Skipping batch.
2026-05-08 04:19:16,085 - __main__ - ERROR -   Batch 754: NaN or Inf loss detected! Skipping batch.
2026-05-08 04:19:16,145 - __main__ - ERROR -   Batch 755: NaN or Inf loss detected! Skipping batch.
2026-05-08 04:19:16,206 - __main__ - ERROR -   Batch 756: NaN or Inf loss detected! Skipping batch.
2026-05-08 04:19:16,266 - __main__ - ERROR -   Batch 757: NaN or Inf loss detected! Skipping batch.
2026-05-08 04:19:16,326 - __main__ - ERROR -   Batch 758: NaN or Inf loss detected! Skipping batch.
2026-05-08 04:19:16,387 - __main__ - ERROR -   Batch 759: NaN or Inf loss detected! Skipping batch.
2026-05-08 04:19:16,441 - __main__ - ERROR -   Batch 760: NaN or Inf loss detected! Skipping batch.
2026-05-08 04:19:16,502 - __main__ - ERROR -   Batch 761: NaN or Inf loss detected! Skipping batch.
2026-05-08 04:19:16,562 - __main__ - ERROR -   Batch 762: NaN or Inf loss detected! Skipping batch.
2026-05-08 04:19:16,622 - __main__ - ERROR -   Batch 763: NaN or Inf loss detected! Skipping batch.
2026-05-08 04:19:16,682 - __main__ - ERROR -   Batch 764: NaN or Inf loss detected! Skipping batch.
2026-05-08 04:19:16,742 - __main__ - ERROR -   Batch 765: NaN or Inf loss detected! Skipping batch.
2026-05-08 04:19:16,803 - __main__ - ERROR -   Batch 766: NaN or Inf loss detected! Skipping batch.
2026-05-08 04:19:16,857 - __main__ - ERROR -   Batch 767: NaN or Inf loss detected! Skipping batch.
2026-05-08 04:19:16,917 - __main__ - ERROR -   Batch 768: NaN or Inf loss detected! Skipping batch.
2026-05-08 04:19:16,977 - __main__ - ERROR -   Batch 769: NaN or Inf loss detected! Skipping batch.
2026-05-08 04:19:17,037 - __main__ - ERROR -   Batch 770: NaN or Inf loss detected! Skipping batch.
2026-05-08 04:19:17,098 - __main__ - ERROR -   Batch 771: NaN or Inf loss detected! Skipping batch.
2026-05-08 04:19:17,153 - __main__ - ERROR -   Batch 772: NaN or Inf loss detected! Skipping batch.
2026-05-08 04:19:17,213 - __main__ - ERROR -   Batch 773: NaN or Inf loss detected! Skipping batch.
2026-05-08 04:19:17,274 - __main__ - ERROR -   Batch 774: NaN or Inf loss detected! Skipping batch.
2026-05-08 04:19:17,334 - __main__ - ERROR -   Batch 775: NaN or Inf loss detected! Skipping batch.
2026-05-08 04:19:17,395 - __main__ - ERROR -   Batch 776: NaN or Inf loss detected! Skipping batch.
2026-05-08 04:19:17,455 - __main__ - ERROR -   Batch 777: NaN or Inf loss detected! Skipping batch.
2026-05-08 04:19:17,516 - __main__ - ERROR -   Batch 778: NaN or Inf loss detected! Skipping batch.
2026-05-08 04:19:17,576 - __main__ - ERROR -   Batch 779: NaN or Inf loss detected! Skipping batch.
2026-05-08 04:19:17,636 - __main__ - ERROR -   Batch 780: NaN or Inf loss detected! Skipping batch.
2026-05-08 04:19:17,697 - __main__ - ERROR -   Batch 781: NaN or Inf loss detected! Skipping batch.
2026-05-08 04:19:17,757 - __main__ - ERROR -   Batch 782: NaN or Inf loss detected! Skipping batch.
2026-05-08 04:19:17,811 - __main__ - ERROR -   Batch 783: NaN or Inf loss detected! Skipping batch.
2026-05-08 04:19:17,871 - __main__ - ERROR -   Batch 784: NaN or Inf loss detected! Skipping batch.
2026-05-08 04:19:17,931 - __main__ - ERROR -   Batch 785: NaN or Inf loss detected! Skipping batch.
2026-05-08 04:19:17,992 - __main__ - ERROR -   Batch 786: NaN or Inf loss detected! Skipping batch.
2026-05-08 04:19:18,052 - __main__ - ERROR -   Batch 787: NaN or Inf loss detected! Skipping batch.
2026-05-08 04:19:18,111 - __main__ - ERROR -   Batch 788: NaN or Inf loss detected! Skipping batch.
2026-05-08 04:19:18,172 - __main__ - ERROR -   Batch 789: NaN or Inf loss detected! Skipping batch.
2026-05-08 04:19:18,232 - __main__ - ERROR -   Batch 790: NaN or Inf loss detected! Skipping batch.
2026-05-08 04:19:18,293 - __main__ - ERROR -   Batch 791: NaN or Inf loss detected! Skipping batch.
2026-05-08 04:19:18,353 - __main__ - ERROR -   Batch 792: NaN or Inf loss detected! Skipping batch.
2026-05-08 04:19:18,414 - __main__ - ERROR -   Batch 793: NaN or Inf loss detected! Skipping batch.
2026-05-08 04:19:18,474 - __main__ - ERROR -   Batch 794: NaN or Inf loss detected! Skipping batch.
2026-05-08 04:19:18,534 - __main__ - ERROR -   Batch 795: NaN or Inf loss detected! Skipping batch.
2026-05-08 04:19:18,589 - __main__ - ERROR -   Batch 796: NaN or Inf loss detected! Skipping batch.
2026-05-08 04:19:18,649 - __main__ - ERROR -   Batch 797: NaN or Inf loss detected! Skipping batch.
2026-05-08 04:19:18,710 - __main__ - ERROR -   Batch 798: NaN or Inf loss detected! Skipping batch.
2026-05-08 04:19:18,770 - __main__ - ERROR -   Batch 799: NaN or Inf loss detected! Skipping batch.
2026-05-08 04:19:18,830 - __main__ - ERROR -   Batch 800: NaN or Inf loss detected! Skipping batch.
2026-05-08 04:19:18,890 - __main__ - ERROR -   Batch 801: NaN or Inf loss detected! Skipping batch.
2026-05-08 04:19:18,950 - __main__ - ERROR -   Batch 802: NaN or Inf loss detected! Skipping batch.
2026-05-08 04:19:19,010 - __main__ - ERROR -   Batch 803: NaN or Inf loss detected! Skipping batch.
2026-05-08 04:19:19,070 - __main__ - ERROR -   Batch 804: NaN or Inf loss detected! Skipping batch.
2026-05-08 04:19:19,131 - __main__ - ERROR -   Batch 805: NaN or Inf loss detected! Skipping batch.
2026-05-08 04:19:19,186 - __main__ - ERROR -   Batch 806: NaN or Inf loss detected! Skipping batch.
2026-05-08 04:19:19,246 - __main__ - ERROR -   Batch 807: NaN or Inf loss detected! Skipping batch.
2026-05-08 04:19:19,306 - __main__ - ERROR -   Batch 808: NaN or Inf loss detected! Skipping batch.
2026-05-08 04:19:19,367 - __main__ - ERROR -   Batch 809: NaN or Inf loss detected! Skipping batch.
2026-05-08 04:19:19,427 - __main__ - ERROR -   Batch 810: NaN or Inf loss detected! Skipping batch.
2026-05-08 04:19:19,488 - __main__ - ERROR -   Batch 811: NaN or Inf loss detected! Skipping batch.
2026-05-08 04:19:19,548 - __main__ - ERROR -   Batch 812: NaN or Inf loss detected! Skipping batch.
2026-05-08 04:19:19,608 - __main__ - ERROR -   Batch 813: NaN or Inf loss detected! Skipping batch.
2026-05-08 04:19:19,668 - __main__ - ERROR -   Batch 814: NaN or Inf loss detected! Skipping batch.
2026-05-08 04:19:19,729 - __main__ - ERROR -   Batch 815: NaN or Inf loss detected! Skipping batch.
2026-05-08 04:19:19,789 - __main__ - ERROR -   Batch 816: NaN or Inf loss detected! Skipping batch.
2026-05-08 04:19:19,850 - __main__ - ERROR -   Batch 817: NaN or Inf loss detected! Skipping batch.
2026-05-08 04:19:19,910 - __main__ - ERROR -   Batch 818: NaN or Inf loss detected! Skipping batch.
2026-05-08 04:19:19,970 - __main__ - ERROR -   Batch 819: NaN or Inf loss detected! Skipping batch.
2026-05-08 04:19:20,030 - __main__ - ERROR -   Batch 820: NaN or Inf loss detected! Skipping batch.
2026-05-08 04:19:20,090 - __main__ - ERROR -   Batch 821: NaN or Inf loss detected! Skipping batch.
2026-05-08 04:19:20,151 - __main__ - ERROR -   Batch 822: NaN or Inf loss detected! Skipping batch.
2026-05-08 04:19:20,211 - __main__ - ERROR -   Batch 823: NaN or Inf loss detected! Skipping batch.
2026-05-08 04:19:20,272 - __main__ - ERROR -   Batch 824: NaN or Inf loss detected! Skipping batch.
2026-05-08 04:19:20,332 - __main__ - ERROR -   Batch 825: NaN or Inf loss detected! Skipping batch.
2026-05-08 04:19:20,393 - __main__ - ERROR -   Batch 826: NaN or Inf loss detected! Skipping batch.
2026-05-08 04:19:20,453 - __main__ - ERROR -   Batch 827: NaN or Inf loss detected! Skipping batch.
2026-05-08 04:19:20,513 - __main__ - ERROR -   Batch 828: NaN or Inf loss detected! Skipping batch.
2026-05-08 04:19:20,574 - __main__ - ERROR -   Batch 829: NaN or Inf loss detected! Skipping batch.
2026-05-08 04:19:20,634 - __main__ - ERROR -   Batch 830: NaN or Inf loss detected! Skipping batch.
2026-05-08 04:19:20,694 - __main__ - ERROR -   Batch 831: NaN or Inf loss detected! Skipping batch.
2026-05-08 04:19:20,755 - __main__ - ERROR -   Batch 832: NaN or Inf loss detected! Skipping batch.
2026-05-08 04:19:20,810 - __main__ - ERROR -   Batch 833: NaN or Inf loss detected! Skipping batch.
2026-05-08 04:19:20,865 - __main__ - ERROR -   Batch 834: NaN or Inf loss detected! Skipping batch.
2026-05-08 04:19:20,925 - __main__ - ERROR -   Batch 835: NaN or Inf loss detected! Skipping batch.
2026-05-08 04:19:20,986 - __main__ - ERROR -   Batch 836: NaN or Inf loss detected! Skipping batch.
2026-05-08 04:19:21,342 - __main__ - ERROR -   Batch 837: NaN or Inf loss detected! Skipping batch.
2026-05-08 04:19:21,403 - __main__ - ERROR -   Batch 838: NaN or Inf loss detected! Skipping batch.
2026-05-08 04:19:21,463 - __main__ - ERROR -   Batch 839: NaN or Inf loss detected! Skipping batch.
2026-05-08 04:19:21,523 - __main__ - ERROR -   Batch 840: NaN or Inf loss detected! Skipping batch.
2026-05-08 04:19:21,583 - __main__ - ERROR -   Batch 841: NaN or Inf loss detected! Skipping batch.
2026-05-08 04:19:21,643 - __main__ - ERROR -   Batch 842: NaN or Inf loss detected! Skipping batch.
2026-05-08 04:19:21,703 - __main__ - ERROR -   Batch 843: NaN or Inf loss detected! Skipping batch.
2026-05-08 04:19:21,764 - __main__ - ERROR -   Batch 844: NaN or Inf loss detected! Skipping batch.
2026-05-08 04:19:21,825 - __main__ - ERROR -   Batch 845: NaN or Inf loss detected! Skipping batch.
2026-05-08 04:19:21,885 - __main__ - ERROR -   Batch 846: NaN or Inf loss detected! Skipping batch.
2026-05-08 04:19:21,945 - __main__ - ERROR -   Batch 847: NaN or Inf loss detected! Skipping batch.
2026-05-08 04:19:22,005 - __main__ - ERROR -   Batch 848: NaN or Inf loss detected! Skipping batch.
2026-05-08 04:19:22,067 - __main__ - ERROR -   Batch 849: NaN or Inf loss detected! Skipping batch.
2026-05-08 04:19:22,127 - __main__ - ERROR -   Batch 850: NaN or Inf loss detected! Skipping batch.
2026-05-08 04:19:22,187 - __main__ - ERROR -   Batch 851: NaN or Inf loss detected! Skipping batch.
2026-05-08 04:19:22,247 - __main__ - ERROR -   Batch 852: NaN or Inf loss detected! Skipping batch.
2026-05-08 04:19:22,298 - __main__ - ERROR -   Batch 853: NaN or Inf loss detected! Skipping batch.
2026-05-08 04:19:22,358 - __main__ - ERROR -   Batch 854: NaN or Inf loss detected! Skipping batch.
2026-05-08 04:19:22,417 - __main__ - ERROR -   Batch 855: NaN or Inf loss detected! Skipping batch.
2026-05-08 04:19:22,477 - __main__ - ERROR -   Batch 856: NaN or Inf loss detected! Skipping batch.
2026-05-08 04:19:22,538 - __main__ - ERROR -   Batch 857: NaN or Inf loss detected! Skipping batch.
2026-05-08 04:19:22,598 - __main__ - ERROR -   Batch 858: NaN or Inf loss detected! Skipping batch.
2026-05-08 04:19:22,659 - __main__ - ERROR -   Batch 859: NaN or Inf loss detected! Skipping batch.
2026-05-08 04:19:22,719 - __main__ - ERROR -   Batch 860: NaN or Inf loss detected! Skipping batch.
2026-05-08 04:19:22,780 - __main__ - ERROR -   Batch 861: NaN or Inf loss detected! Skipping batch.
2026-05-08 04:19:22,840 - __main__ - ERROR -   Batch 862: NaN or Inf loss detected! Skipping batch.
2026-05-08 04:19:22,900 - __main__ - ERROR -   Batch 863: NaN or Inf loss detected! Skipping batch.
2026-05-08 04:19:22,960 - __main__ - ERROR -   Batch 864: NaN or Inf loss detected! Skipping batch.
2026-05-08 04:19:23,015 - __main__ - ERROR -   Batch 865: NaN or Inf loss detected! Skipping batch.
2026-05-08 04:19:23,076 - __main__ - ERROR -   Batch 866: NaN or Inf loss detected! Skipping batch.
2026-05-08 04:19:23,136 - __main__ - ERROR -   Batch 867: NaN or Inf loss detected! Skipping batch.
2026-05-08 04:19:23,196 - __main__ - ERROR -   Batch 868: NaN or Inf loss detected! Skipping batch.
2026-05-08 04:19:23,256 - __main__ - ERROR -   Batch 869: NaN or Inf loss detected! Skipping batch.
2026-05-08 04:19:23,317 - __main__ - ERROR -   Batch 870: NaN or Inf loss detected! Skipping batch.
2026-05-08 04:19:23,377 - __main__ - ERROR -   Batch 871: NaN or Inf loss detected! Skipping batch.
2026-05-08 04:19:23,438 - __main__ - ERROR -   Batch 872: NaN or Inf loss detected! Skipping batch.
2026-05-08 04:19:23,498 - __main__ - ERROR -   Batch 873: NaN or Inf loss detected! Skipping batch.
2026-05-08 04:19:23,553 - __main__ - ERROR -   Batch 874: NaN or Inf loss detected! Skipping batch.
2026-05-08 04:19:23,613 - __main__ - ERROR -   Batch 875: NaN or Inf loss detected! Skipping batch.
2026-05-08 04:19:23,673 - __main__ - ERROR -   Batch 876: NaN or Inf loss detected! Skipping batch.
2026-05-08 04:19:23,734 - __main__ - ERROR -   Batch 877: NaN or Inf loss detected! Skipping batch.
2026-05-08 04:19:23,794 - __main__ - ERROR -   Batch 878: NaN or Inf loss detected! Skipping batch.
2026-05-08 04:19:23,854 - __main__ - ERROR -   Batch 879: NaN or Inf loss detected! Skipping batch.
2026-05-08 04:19:23,915 - __main__ - ERROR -   Batch 880: NaN or Inf loss detected! Skipping batch.
2026-05-08 04:19:23,975 - __main__ - ERROR -   Batch 881: NaN or Inf loss detected! Skipping batch.
2026-05-08 04:19:24,035 - __main__ - ERROR -   Batch 882: NaN or Inf loss detected! Skipping batch.
2026-05-08 04:19:24,095 - __main__ - ERROR -   Batch 883: NaN or Inf loss detected! Skipping batch.
2026-05-08 04:19:24,156 - __main__ - ERROR -   Batch 884: NaN or Inf loss detected! Skipping batch.
2026-05-08 04:19:24,216 - __main__ - ERROR -   Batch 885: NaN or Inf loss detected! Skipping batch.
2026-05-08 04:19:24,276 - __main__ - ERROR -   Batch 886: NaN or Inf loss detected! Skipping batch.
2026-05-08 04:19:24,336 - __main__ - ERROR -   Batch 887: NaN or Inf loss detected! Skipping batch.
2026-05-08 04:19:24,396 - __main__ - ERROR -   Batch 888: NaN or Inf loss detected! Skipping batch.
2026-05-08 04:19:24,457 - __main__ - ERROR -   Batch 889: NaN or Inf loss detected! Skipping batch.
2026-05-08 04:19:24,517 - __main__ - ERROR -   Batch 890: NaN or Inf loss detected! Skipping batch.
2026-05-08 04:19:24,577 - __main__ - ERROR -   Batch 891: NaN or Inf loss detected! Skipping batch.
2026-05-08 04:19:24,637 - __main__ - ERROR -   Batch 892: NaN or Inf loss detected! Skipping batch.
2026-05-08 04:19:24,698 - __main__ - ERROR -   Batch 893: NaN or Inf loss detected! Skipping batch.
2026-05-08 04:19:24,758 - __main__ - ERROR -   Batch 894: NaN or Inf loss detected! Skipping batch.
2026-05-08 04:19:24,819 - __main__ - ERROR -   Batch 895: NaN or Inf loss detected! Skipping batch.
2026-05-08 04:19:24,879 - __main__ - ERROR -   Batch 896: NaN or Inf loss detected! Skipping batch.
2026-05-08 04:19:24,939 - __main__ - ERROR -   Batch 897: NaN or Inf loss detected! Skipping batch.
2026-05-08 04:19:25,000 - __main__ - ERROR -   Batch 898: NaN or Inf loss detected! Skipping batch.
2026-05-08 04:19:25,050 - __main__ - ERROR -   Batch 899: NaN or Inf loss detected! Skipping batch.
2026-05-08 04:19:25,104 - __main__ - ERROR -   Batch 900: NaN or Inf loss detected! Skipping batch.
2026-05-08 04:19:25,165 - __main__ - ERROR -   Batch 901: NaN or Inf loss detected! Skipping batch.
2026-05-08 04:19:25,221 - __main__ - ERROR -   Batch 902: NaN or Inf loss detected! Skipping batch.
2026-05-08 04:19:25,281 - __main__ - ERROR -   Batch 903: NaN or Inf loss detected! Skipping batch.
2026-05-08 04:19:25,341 - __main__ - ERROR -   Batch 904: NaN or Inf loss detected! Skipping batch.
2026-05-08 04:19:25,402 - __main__ - ERROR -   Batch 905: NaN or Inf loss detected! Skipping batch.
2026-05-08 04:19:25,462 - __main__ - ERROR -   Batch 906: NaN or Inf loss detected! Skipping batch.
2026-05-08 04:19:25,523 - __main__ - ERROR -   Batch 907: NaN or Inf loss detected! Skipping batch.
2026-05-08 04:19:25,584 - __main__ - ERROR -   Batch 908: NaN or Inf loss detected! Skipping batch.
2026-05-08 04:19:25,644 - __main__ - ERROR -   Batch 909: NaN or Inf loss detected! Skipping batch.
2026-05-08 04:19:25,694 - __main__ - ERROR -   Batch 910: NaN or Inf loss detected! Skipping batch.
2026-05-08 04:19:25,754 - __main__ - ERROR -   Batch 911: NaN or Inf loss detected! Skipping batch.
2026-05-08 04:19:25,814 - __main__ - ERROR -   Batch 912: NaN or Inf loss detected! Skipping batch.
2026-05-08 04:19:25,874 - __main__ - ERROR -   Batch 913: NaN or Inf loss detected! Skipping batch.
2026-05-08 04:19:25,935 - __main__ - ERROR -   Batch 914: NaN or Inf loss detected! Skipping batch.
2026-05-08 04:19:25,995 - __main__ - ERROR -   Batch 915: NaN or Inf loss detected! Skipping batch.
2026-05-08 04:19:26,055 - __main__ - ERROR -   Batch 916: NaN or Inf loss detected! Skipping batch.
2026-05-08 04:19:26,115 - __main__ - ERROR -   Batch 917: NaN or Inf loss detected! Skipping batch.
2026-05-08 04:19:26,176 - __main__ - ERROR -   Batch 918: NaN or Inf loss detected! Skipping batch.
2026-05-08 04:19:26,236 - __main__ - ERROR -   Batch 919: NaN or Inf loss detected! Skipping batch.
2026-05-08 04:19:26,296 - __main__ - ERROR -   Batch 920: NaN or Inf loss detected! Skipping batch.
2026-05-08 04:19:26,356 - __main__ - ERROR -   Batch 921: NaN or Inf loss detected! Skipping batch.
2026-05-08 04:19:26,411 - __main__ - ERROR -   Batch 922: NaN or Inf loss detected! Skipping batch.
2026-05-08 04:19:26,470 - __main__ - ERROR -   Batch 923: NaN or Inf loss detected! Skipping batch.
2026-05-08 04:19:26,530 - __main__ - ERROR -   Batch 924: NaN or Inf loss detected! Skipping batch.
2026-05-08 04:19:26,590 - __main__ - ERROR -   Batch 925: NaN or Inf loss detected! Skipping batch.
2026-05-08 04:19:26,650 - __main__ - ERROR -   Batch 926: NaN or Inf loss detected! Skipping batch.
2026-05-08 04:19:26,710 - __main__ - ERROR -   Batch 927: NaN or Inf loss detected! Skipping batch.
2026-05-08 04:19:26,764 - __main__ - ERROR -   Batch 928: NaN or Inf loss detected! Skipping batch.
2026-05-08 04:19:26,824 - __main__ - ERROR -   Batch 929: NaN or Inf loss detected! Skipping batch.
2026-05-08 04:19:26,884 - __main__ - ERROR -   Batch 930: NaN or Inf loss detected! Skipping batch.
2026-05-08 04:19:26,944 - __main__ - ERROR -   Batch 931: NaN or Inf loss detected! Skipping batch.
2026-05-08 04:19:27,005 - __main__ - ERROR -   Batch 932: NaN or Inf loss detected! Skipping batch.
2026-05-08 04:19:27,065 - __main__ - ERROR -   Batch 933: NaN or Inf loss detected! Skipping batch.
2026-05-08 04:19:27,120 - __main__ - ERROR -   Batch 934: NaN or Inf loss detected! Skipping batch.
2026-05-08 04:19:27,180 - __main__ - ERROR -   Batch 935: NaN or Inf loss detected! Skipping batch.
2026-05-08 04:19:27,240 - __main__ - ERROR -   Batch 936: NaN or Inf loss detected! Skipping batch.
2026-05-08 04:19:27,295 - __main__ - ERROR -   Batch 937: NaN or Inf loss detected! Skipping batch.
2026-05-08 04:19:27,349 - __main__ - ERROR -   Batch 938: NaN or Inf loss detected! Skipping batch.
2026-05-08 04:19:27,409 - __main__ - ERROR -   Batch 939: NaN or Inf loss detected! Skipping batch.
2026-05-08 04:19:27,469 - __main__ - ERROR -   Batch 940: NaN or Inf loss detected! Skipping batch.
2026-05-08 04:19:27,529 - __main__ - ERROR -   Batch 941: NaN or Inf loss detected! Skipping batch.
2026-05-08 04:19:27,589 - __main__ - ERROR -   Batch 942: NaN or Inf loss detected! Skipping batch.
2026-05-08 04:19:27,649 - __main__ - ERROR -   Batch 943: NaN or Inf loss detected! Skipping batch.
2026-05-08 04:19:27,710 - __main__ - ERROR -   Batch 944: NaN or Inf loss detected! Skipping batch.
2026-05-08 04:19:27,770 - __main__ - ERROR -   Batch 945: NaN or Inf loss detected! Skipping batch.
2026-05-08 04:19:27,830 - __main__ - ERROR -   Batch 946: NaN or Inf loss detected! Skipping batch.
2026-05-08 04:19:27,890 - __main__ - ERROR -   Batch 947: NaN or Inf loss detected! Skipping batch.
2026-05-08 04:19:27,950 - __main__ - ERROR -   Batch 948: NaN or Inf loss detected! Skipping batch.
2026-05-08 04:19:28,011 - __main__ - ERROR -   Batch 949: NaN or Inf loss detected! Skipping batch.
2026-05-08 04:19:28,071 - __main__ - ERROR -   Batch 950: NaN or Inf loss detected! Skipping batch.
2026-05-08 04:19:28,131 - __main__ - ERROR -   Batch 951: NaN or Inf loss detected! Skipping batch.
2026-05-08 04:19:28,191 - __main__ - ERROR -   Batch 952: NaN or Inf loss detected! Skipping batch.
2026-05-08 04:19:28,252 - __main__ - ERROR -   Batch 953: NaN or Inf loss detected! Skipping batch.
2026-05-08 04:19:28,312 - __main__ - ERROR -   Batch 954: NaN or Inf loss detected! Skipping batch.
2026-05-08 04:19:28,372 - __main__ - ERROR -   Batch 955: NaN or Inf loss detected! Skipping batch.
2026-05-08 04:19:28,707 - __main__ - ERROR -   Batch 956: NaN or Inf loss detected! Skipping batch.
2026-05-08 04:19:28,767 - __main__ - ERROR -   Batch 957: NaN or Inf loss detected! Skipping batch.
2026-05-08 04:19:28,828 - __main__ - ERROR -   Batch 958: NaN or Inf loss detected! Skipping batch.
2026-05-08 04:19:28,888 - __main__ - ERROR -   Batch 959: NaN or Inf loss detected! Skipping batch.
2026-05-08 04:19:28,948 - __main__ - ERROR -   Batch 960: NaN or Inf loss detected! Skipping batch.
2026-05-08 04:19:29,008 - __main__ - ERROR -   Batch 961: NaN or Inf loss detected! Skipping batch.
2026-05-08 04:19:29,069 - __main__ - ERROR -   Batch 962: NaN or Inf loss detected! Skipping batch.
2026-05-08 04:19:29,129 - __main__ - ERROR -   Batch 963: NaN or Inf loss detected! Skipping batch.
2026-05-08 04:19:29,189 - __main__ - ERROR -   Batch 964: NaN or Inf loss detected! Skipping batch.
2026-05-08 04:19:29,250 - __main__ - ERROR -   Batch 965: NaN or Inf loss detected! Skipping batch.
2026-05-08 04:19:29,304 - __main__ - ERROR -   Batch 966: NaN or Inf loss detected! Skipping batch.
2026-05-08 04:19:29,364 - __main__ - ERROR -   Batch 967: NaN or Inf loss detected! Skipping batch.
2026-05-08 04:19:29,424 - __main__ - ERROR -   Batch 968: NaN or Inf loss detected! Skipping batch.
2026-05-08 04:19:29,484 - __main__ - ERROR -   Batch 969: NaN or Inf loss detected! Skipping batch.
2026-05-08 04:19:29,544 - __main__ - ERROR -   Batch 970: NaN or Inf loss detected! Skipping batch.
2026-05-08 04:19:29,599 - __main__ - ERROR -   Batch 971: NaN or Inf loss detected! Skipping batch.
2026-05-08 04:19:29,659 - __main__ - ERROR -   Batch 972: NaN or Inf loss detected! Skipping batch.
2026-05-08 04:19:29,718 - __main__ - ERROR -   Batch 973: NaN or Inf loss detected! Skipping batch.
2026-05-08 04:19:29,769 - __main__ - ERROR -   Batch 974: NaN or Inf loss detected! Skipping batch.
2026-05-08 04:19:29,829 - __main__ - ERROR -   Batch 975: NaN or Inf loss detected! Skipping batch.
2026-05-08 04:19:29,889 - __main__ - ERROR -   Batch 976: NaN or Inf loss detected! Skipping batch.
2026-05-08 04:19:29,949 - __main__ - ERROR -   Batch 977: NaN or Inf loss detected! Skipping batch.
2026-05-08 04:19:30,009 - __main__ - ERROR -   Batch 978: NaN or Inf loss detected! Skipping batch.
2026-05-08 04:19:30,070 - __main__ - ERROR -   Batch 979: NaN or Inf loss detected! Skipping batch.
2026-05-08 04:19:30,130 - __main__ - ERROR -   Batch 980: NaN or Inf loss detected! Skipping batch.
2026-05-08 04:19:30,191 - __main__ - ERROR -   Batch 981: NaN or Inf loss detected! Skipping batch.
2026-05-08 04:19:30,252 - __main__ - ERROR -   Batch 982: NaN or Inf loss detected! Skipping batch.
2026-05-08 04:19:30,312 - __main__ - ERROR -   Batch 983: NaN or Inf loss detected! Skipping batch.
2026-05-08 04:19:30,372 - __main__ - ERROR -   Batch 984: NaN or Inf loss detected! Skipping batch.
2026-05-08 04:19:30,432 - __main__ - ERROR -   Batch 985: NaN or Inf loss detected! Skipping batch.
2026-05-08 04:19:30,493 - __main__ - ERROR -   Batch 986: NaN or Inf loss detected! Skipping batch.
2026-05-08 04:19:30,553 - __main__ - ERROR -   Batch 987: NaN or Inf loss detected! Skipping batch.
2026-05-08 04:19:30,614 - __main__ - ERROR -   Batch 988: NaN or Inf loss detected! Skipping batch.
2026-05-08 04:19:30,673 - __main__ - ERROR -   Batch 989: NaN or Inf loss detected! Skipping batch.
2026-05-08 04:19:30,733 - __main__ - ERROR -   Batch 990: NaN or Inf loss detected! Skipping batch.
2026-05-08 04:19:30,793 - __main__ - ERROR -   Batch 991: NaN or Inf loss detected! Skipping batch.
2026-05-08 04:19:30,854 - __main__ - ERROR -   Batch 992: NaN or Inf loss detected! Skipping batch.
2026-05-08 04:19:30,913 - __main__ - ERROR -   Batch 993: NaN or Inf loss detected! Skipping batch.
2026-05-08 04:19:30,973 - __main__ - ERROR -   Batch 994: NaN or Inf loss detected! Skipping batch.
2026-05-08 04:19:31,034 - __main__ - ERROR -   Batch 995: NaN or Inf loss detected! Skipping batch.
2026-05-08 04:19:31,094 - __main__ - ERROR -   Batch 996: NaN or Inf loss detected! Skipping batch.
2026-05-08 04:19:31,154 - __main__ - ERROR -   Batch 997: NaN or Inf loss detected! Skipping batch.
2026-05-08 04:19:31,205 - __main__ - ERROR -   Batch 998: NaN or Inf loss detected! Skipping batch.
2026-05-08 04:19:31,265 - __main__ - ERROR -   Batch 999: NaN or Inf loss detected! Skipping batch.
2026-05-08 04:19:31,325 - __main__ - ERROR -   Batch 1000: NaN or Inf loss detected! Skipping batch.
2026-05-08 04:19:31,385 - __main__ - ERROR -   Batch 1001: NaN or Inf loss detected! Skipping batch.
2026-05-08 04:19:31,446 - __main__ - ERROR -   Batch 1002: NaN or Inf loss detected! Skipping batch.
2026-05-08 04:19:31,506 - __main__ - ERROR -   Batch 1003: NaN or Inf loss detected! Skipping batch.
2026-05-08 04:19:31,566 - __main__ - ERROR -   Batch 1004: NaN or Inf loss detected! Skipping batch.
2026-05-08 04:19:31,626 - __main__ - ERROR -   Batch 1005: NaN or Inf loss detected! Skipping batch.
2026-05-08 04:19:31,686 - __main__ - ERROR -   Batch 1006: NaN or Inf loss detected! Skipping batch.
2026-05-08 04:19:31,746 - __main__ - ERROR -   Batch 1007: NaN or Inf loss detected! Skipping batch.
2026-05-08 04:19:31,806 - __main__ - ERROR -   Batch 1008: NaN or Inf loss detected! Skipping batch.
2026-05-08 04:19:31,866 - __main__ - ERROR -   Batch 1009: NaN or Inf loss detected! Skipping batch.
2026-05-08 04:19:31,926 - __main__ - ERROR -   Batch 1010: NaN or Inf loss detected! Skipping batch.
2026-05-08 04:19:31,986 - __main__ - ERROR -   Batch 1011: NaN or Inf loss detected! Skipping batch.
2026-05-08 04:19:32,041 - __main__ - ERROR -   Batch 1012: NaN or Inf loss detected! Skipping batch.
2026-05-08 04:19:32,101 - __main__ - ERROR -   Batch 1013: NaN or Inf loss detected! Skipping batch.
2026-05-08 04:19:32,162 - __main__ - ERROR -   Batch 1014: NaN or Inf loss detected! Skipping batch.
2026-05-08 04:19:32,222 - __main__ - ERROR -   Batch 1015: NaN or Inf loss detected! Skipping batch.
2026-05-08 04:19:32,282 - __main__ - ERROR -   Batch 1016: NaN or Inf loss detected! Skipping batch.
2026-05-08 04:19:32,342 - __main__ - ERROR -   Batch 1017: NaN or Inf loss detected! Skipping batch.
2026-05-08 04:19:32,403 - __main__ - ERROR -   Batch 1018: NaN or Inf loss detected! Skipping batch.
2026-05-08 04:19:32,463 - __main__ - ERROR -   Batch 1019: NaN or Inf loss detected! Skipping batch.
2026-05-08 04:19:32,523 - __main__ - ERROR -   Batch 1020: NaN or Inf loss detected! Skipping batch.
2026-05-08 04:19:32,584 - __main__ - ERROR -   Batch 1021: NaN or Inf loss detected! Skipping batch.
2026-05-08 04:19:32,644 - __main__ - ERROR -   Batch 1022: NaN or Inf loss detected! Skipping batch.
2026-05-08 04:19:32,704 - __main__ - ERROR -   Batch 1023: NaN or Inf loss detected! Skipping batch.
2026-05-08 04:19:32,764 - __main__ - ERROR -   Batch 1024: NaN or Inf loss detected! Skipping batch.
2026-05-08 04:19:32,825 - __main__ - ERROR -   Batch 1025: NaN or Inf loss detected! Skipping batch.
2026-05-08 04:19:32,885 - __main__ - ERROR -   Batch 1026: NaN or Inf loss detected! Skipping batch.
2026-05-08 04:19:32,945 - __main__ - ERROR -   Batch 1027: NaN or Inf loss detected! Skipping batch.
2026-05-08 04:19:33,005 - __main__ - ERROR -   Batch 1028: NaN or Inf loss detected! Skipping batch.
2026-05-08 04:19:33,066 - __main__ - ERROR -   Batch 1029: NaN or Inf loss detected! Skipping batch.
2026-05-08 04:19:33,127 - __main__ - ERROR -   Batch 1030: NaN or Inf loss detected! Skipping batch.
2026-05-08 04:19:33,187 - __main__ - ERROR -   Batch 1031: NaN or Inf loss detected! Skipping batch.
2026-05-08 04:19:33,247 - __main__ - ERROR -   Batch 1032: NaN or Inf loss detected! Skipping batch.
2026-05-08 04:19:33,302 - __main__ - ERROR -   Batch 1033: NaN or Inf loss detected! Skipping batch.
2026-05-08 04:19:33,362 - __main__ - ERROR -   Batch 1034: NaN or Inf loss detected! Skipping batch.
2026-05-08 04:19:33,422 - __main__ - ERROR -   Batch 1035: NaN or Inf loss detected! Skipping batch.
2026-05-08 04:19:33,482 - __main__ - ERROR -   Batch 1036: NaN or Inf loss detected! Skipping batch.
2026-05-08 04:19:33,543 - __main__ - ERROR -   Batch 1037: NaN or Inf loss detected! Skipping batch.
2026-05-08 04:19:33,593 - __main__ - ERROR -   Batch 1038: NaN or Inf loss detected! Skipping batch.
2026-05-08 04:19:33,643 - __main__ - ERROR -   Batch 1039: NaN or Inf loss detected! Skipping batch.
2026-05-08 04:19:33,703 - __main__ - ERROR -   Batch 1040: NaN or Inf loss detected! Skipping batch.
2026-05-08 04:19:33,764 - __main__ - ERROR -   Batch 1041: NaN or Inf loss detected! Skipping batch.
2026-05-08 04:19:33,824 - __main__ - ERROR -   Batch 1042: NaN or Inf loss detected! Skipping batch.
2026-05-08 04:19:33,885 - __main__ - ERROR -   Batch 1043: NaN or Inf loss detected! Skipping batch.
2026-05-08 04:19:33,945 - __main__ - ERROR -   Batch 1044: NaN or Inf loss detected! Skipping batch.
2026-05-08 04:19:34,004 - __main__ - ERROR -   Batch 1045: NaN or Inf loss detected! Skipping batch.
2026-05-08 04:19:34,065 - __main__ - ERROR -   Batch 1046: NaN or Inf loss detected! Skipping batch.
2026-05-08 04:19:34,125 - __main__ - ERROR -   Batch 1047: NaN or Inf loss detected! Skipping batch.
2026-05-08 04:19:34,185 - __main__ - ERROR -   Batch 1048: NaN or Inf loss detected! Skipping batch.
2026-05-08 04:19:34,246 - __main__ - ERROR -   Batch 1049: NaN or Inf loss detected! Skipping batch.
2026-05-08 04:19:34,307 - __main__ - ERROR -   Batch 1050: NaN or Inf loss detected! Skipping batch.
2026-05-08 04:19:34,367 - __main__ - ERROR -   Batch 1051: NaN or Inf loss detected! Skipping batch.
2026-05-08 04:19:34,428 - __main__ - ERROR -   Batch 1052: NaN or Inf loss detected! Skipping batch.
2026-05-08 04:19:34,488 - __main__ - ERROR -   Batch 1053: NaN or Inf loss detected! Skipping batch.
2026-05-08 04:19:34,549 - __main__ - ERROR -   Batch 1054: NaN or Inf loss detected! Skipping batch.
2026-05-08 04:19:34,609 - __main__ - ERROR -   Batch 1055: NaN or Inf loss detected! Skipping batch.
2026-05-08 04:19:34,669 - __main__ - ERROR -   Batch 1056: NaN or Inf loss detected! Skipping batch.
2026-05-08 04:19:34,729 - __main__ - ERROR -   Batch 1057: NaN or Inf loss detected! Skipping batch.
2026-05-08 04:19:34,790 - __main__ - ERROR -   Batch 1058: NaN or Inf loss detected! Skipping batch.
2026-05-08 04:19:34,850 - __main__ - ERROR -   Batch 1059: NaN or Inf loss detected! Skipping batch.
2026-05-08 04:19:34,910 - __main__ - ERROR -   Batch 1060: NaN or Inf loss detected! Skipping batch.
2026-05-08 04:19:34,970 - __main__ - ERROR -   Batch 1061: NaN or Inf loss detected! Skipping batch.
2026-05-08 04:19:35,031 - __main__ - ERROR -   Batch 1062: NaN or Inf loss detected! Skipping batch.
2026-05-08 04:19:35,092 - __main__ - ERROR -   Batch 1063: NaN or Inf loss detected! Skipping batch.
2026-05-08 04:19:35,152 - __main__ - ERROR -   Batch 1064: NaN or Inf loss detected! Skipping batch.
2026-05-08 04:19:35,212 - __main__ - ERROR -   Batch 1065: NaN or Inf loss detected! Skipping batch.
2026-05-08 04:19:35,273 - __main__ - ERROR -   Batch 1066: NaN or Inf loss detected! Skipping batch.
2026-05-08 04:19:35,334 - __main__ - ERROR -   Batch 1067: NaN or Inf loss detected! Skipping batch.
2026-05-08 04:19:35,393 - __main__ - ERROR -   Batch 1068: NaN or Inf loss detected! Skipping batch.
2026-05-08 04:19:35,448 - __main__ - ERROR -   Batch 1069: NaN or Inf loss detected! Skipping batch.
2026-05-08 04:19:35,509 - __main__ - ERROR -   Batch 1070: NaN or Inf loss detected! Skipping batch.
2026-05-08 04:19:35,568 - __main__ - ERROR -   Batch 1071: NaN or Inf loss detected! Skipping batch.
2026-05-08 04:19:35,628 - __main__ - ERROR -   Batch 1072: NaN or Inf loss detected! Skipping batch.
2026-05-08 04:19:35,970 - __main__ - ERROR -   Batch 1073: NaN or Inf loss detected! Skipping batch.
2026-05-08 04:19:36,031 - __main__ - ERROR -   Batch 1074: NaN or Inf loss detected! Skipping batch.
2026-05-08 04:19:36,092 - __main__ - ERROR -   Batch 1075: NaN or Inf loss detected! Skipping batch.
2026-05-08 04:19:36,152 - __main__ - ERROR -   Batch 1076: NaN or Inf loss detected! Skipping batch.
2026-05-08 04:19:36,212 - __main__ - ERROR -   Batch 1077: NaN or Inf loss detected! Skipping batch.
2026-05-08 04:19:36,273 - __main__ - ERROR -   Batch 1078: NaN or Inf loss detected! Skipping batch.
2026-05-08 04:19:36,333 - __main__ - ERROR -   Batch 1079: NaN or Inf loss detected! Skipping batch.
2026-05-08 04:19:36,393 - __main__ - ERROR -   Batch 1080: NaN or Inf loss detected! Skipping batch.
2026-05-08 04:19:36,454 - __main__ - ERROR -   Batch 1081: NaN or Inf loss detected! Skipping batch.
2026-05-08 04:19:36,514 - __main__ - ERROR -   Batch 1082: NaN or Inf loss detected! Skipping batch.
2026-05-08 04:19:36,575 - __main__ - ERROR -   Batch 1083: NaN or Inf loss detected! Skipping batch.
2026-05-08 04:19:36,635 - __main__ - ERROR -   Batch 1084: NaN or Inf loss detected! Skipping batch.
2026-05-08 04:19:36,696 - __main__ - ERROR -   Batch 1085: NaN or Inf loss detected! Skipping batch.
2026-05-08 04:19:36,757 - __main__ - ERROR -   Batch 1086: NaN or Inf loss detected! Skipping batch.
2026-05-08 04:19:36,817 - __main__ - ERROR -   Batch 1087: NaN or Inf loss detected! Skipping batch.
2026-05-08 04:19:36,878 - __main__ - ERROR -   Batch 1088: NaN or Inf loss detected! Skipping batch.
2026-05-08 04:19:36,938 - __main__ - ERROR -   Batch 1089: NaN or Inf loss detected! Skipping batch.
2026-05-08 04:19:36,998 - __main__ - ERROR -   Batch 1090: NaN or Inf loss detected! Skipping batch.
2026-05-08 04:19:37,058 - __main__ - ERROR -   Batch 1091: NaN or Inf loss detected! Skipping batch.
2026-05-08 04:19:37,119 - __main__ - ERROR -   Batch 1092: NaN or Inf loss detected! Skipping batch.
2026-05-08 04:19:37,179 - __main__ - ERROR -   Batch 1093: NaN or Inf loss detected! Skipping batch.
2026-05-08 04:19:37,241 - __main__ - ERROR -   Batch 1094: NaN or Inf loss detected! Skipping batch.
2026-05-08 04:19:37,301 - __main__ - ERROR -   Batch 1095: NaN or Inf loss detected! Skipping batch.
2026-05-08 04:19:37,361 - __main__ - ERROR -   Batch 1096: NaN or Inf loss detected! Skipping batch.
2026-05-08 04:19:37,421 - __main__ - ERROR -   Batch 1097: NaN or Inf loss detected! Skipping batch.
2026-05-08 04:19:37,476 - __main__ - ERROR -   Batch 1098: NaN or Inf loss detected! Skipping batch.
2026-05-08 04:19:37,530 - __main__ - ERROR -   Batch 1099: NaN or Inf loss detected! Skipping batch.
2026-05-08 04:19:37,590 - __main__ - ERROR -   Batch 1100: NaN or Inf loss detected! Skipping batch.
2026-05-08 04:19:37,650 - __main__ - ERROR -   Batch 1101: NaN or Inf loss detected! Skipping batch.
2026-05-08 04:19:37,711 - __main__ - ERROR -   Batch 1102: NaN or Inf loss detected! Skipping batch.
2026-05-08 04:19:37,771 - __main__ - ERROR -   Batch 1103: NaN or Inf loss detected! Skipping batch.
2026-05-08 04:19:37,831 - __main__ - ERROR -   Batch 1104: NaN or Inf loss detected! Skipping batch.
2026-05-08 04:19:37,892 - __main__ - ERROR -   Batch 1105: NaN or Inf loss detected! Skipping batch.
2026-05-08 04:19:37,953 - __main__ - ERROR -   Batch 1106: NaN or Inf loss detected! Skipping batch.
2026-05-08 04:19:38,007 - __main__ - ERROR -   Batch 1107: NaN or Inf loss detected! Skipping batch.
2026-05-08 04:19:38,068 - __main__ - ERROR -   Batch 1108: NaN or Inf loss detected! Skipping batch.
2026-05-08 04:19:38,128 - __main__ - ERROR -   Batch 1109: NaN or Inf loss detected! Skipping batch.
2026-05-08 04:19:38,189 - __main__ - ERROR -   Batch 1110: NaN or Inf loss detected! Skipping batch.
2026-05-08 04:19:38,249 - __main__ - ERROR -   Batch 1111: NaN or Inf loss detected! Skipping batch.
2026-05-08 04:19:38,310 - __main__ - ERROR -   Batch 1112: NaN or Inf loss detected! Skipping batch.
2026-05-08 04:19:38,370 - __main__ - ERROR -   Batch 1113: NaN or Inf loss detected! Skipping batch.
2026-05-08 04:19:38,431 - __main__ - ERROR -   Batch 1114: NaN or Inf loss detected! Skipping batch.
2026-05-08 04:19:38,491 - __main__ - ERROR -   Batch 1115: NaN or Inf loss detected! Skipping batch.
2026-05-08 04:19:38,552 - __main__ - ERROR -   Batch 1116: NaN or Inf loss detected! Skipping batch.
2026-05-08 04:19:38,612 - __main__ - ERROR -   Batch 1117: NaN or Inf loss detected! Skipping batch.
2026-05-08 04:19:38,673 - __main__ - ERROR -   Batch 1118: NaN or Inf loss detected! Skipping batch.
2026-05-08 04:19:38,733 - __main__ - ERROR -   Batch 1119: NaN or Inf loss detected! Skipping batch.
2026-05-08 04:19:38,794 - __main__ - ERROR -   Batch 1120: NaN or Inf loss detected! Skipping batch.
2026-05-08 04:19:38,854 - __main__ - ERROR -   Batch 1121: NaN or Inf loss detected! Skipping batch.
2026-05-08 04:19:38,915 - __main__ - ERROR -   Batch 1122: NaN or Inf loss detected! Skipping batch.
2026-05-08 04:19:38,975 - __main__ - ERROR -   Batch 1123: NaN or Inf loss detected! Skipping batch.
2026-05-08 04:19:39,030 - __main__ - ERROR -   Batch 1124: NaN or Inf loss detected! Skipping batch.
2026-05-08 04:19:39,089 - __main__ - ERROR -   Batch 1125: NaN or Inf loss detected! Skipping batch.
2026-05-08 04:19:39,150 - __main__ - ERROR -   Batch 1126: NaN or Inf loss detected! Skipping batch.
2026-05-08 04:19:39,211 - __main__ - ERROR -   Batch 1127: NaN or Inf loss detected! Skipping batch.
2026-05-08 04:19:39,271 - __main__ - ERROR -   Batch 1128: NaN or Inf loss detected! Skipping batch.
2026-05-08 04:19:39,331 - __main__ - ERROR -   Batch 1129: NaN or Inf loss detected! Skipping batch.
2026-05-08 04:19:39,391 - __main__ - ERROR -   Batch 1130: NaN or Inf loss detected! Skipping batch.
2026-05-08 04:19:39,452 - __main__ - ERROR -   Batch 1131: NaN or Inf loss detected! Skipping batch.
2026-05-08 04:19:39,513 - __main__ - ERROR -   Batch 1132: NaN or Inf loss detected! Skipping batch.
2026-05-08 04:19:39,572 - __main__ - ERROR -   Batch 1133: NaN or Inf loss detected! Skipping batch.
2026-05-08 04:19:39,633 - __main__ - ERROR -   Batch 1134: NaN or Inf loss detected! Skipping batch.
2026-05-08 04:19:39,693 - __main__ - ERROR -   Batch 1135: NaN or Inf loss detected! Skipping batch.
2026-05-08 04:19:39,753 - __main__ - ERROR -   Batch 1136: NaN or Inf loss detected! Skipping batch.
2026-05-08 04:19:39,813 - __main__ - ERROR -   Batch 1137: NaN or Inf loss detected! Skipping batch.
2026-05-08 04:19:39,875 - __main__ - ERROR -   Batch 1138: NaN or Inf loss detected! Skipping batch.
2026-05-08 04:19:39,935 - __main__ - ERROR -   Batch 1139: NaN or Inf loss detected! Skipping batch.
2026-05-08 04:19:39,995 - __main__ - ERROR -   Batch 1140: NaN or Inf loss detected! Skipping batch.
2026-05-08 04:19:40,055 - __main__ - ERROR -   Batch 1141: NaN or Inf loss detected! Skipping batch.
2026-05-08 04:19:40,115 - __main__ - ERROR -   Batch 1142: NaN or Inf loss detected! Skipping batch.
2026-05-08 04:19:40,176 - __main__ - ERROR -   Batch 1143: NaN or Inf loss detected! Skipping batch.
2026-05-08 04:19:40,237 - __main__ - ERROR -   Batch 1144: NaN or Inf loss detected! Skipping batch.
2026-05-08 04:19:40,297 - __main__ - ERROR -   Batch 1145: NaN or Inf loss detected! Skipping batch.
2026-05-08 04:19:40,358 - __main__ - ERROR -   Batch 1146: NaN or Inf loss detected! Skipping batch.
2026-05-08 04:19:40,418 - __main__ - ERROR -   Batch 1147: NaN or Inf loss detected! Skipping batch.
2026-05-08 04:19:40,478 - __main__ - ERROR -   Batch 1148: NaN or Inf loss detected! Skipping batch.
2026-05-08 04:19:40,539 - __main__ - ERROR -   Batch 1149: NaN or Inf loss detected! Skipping batch.
2026-05-08 04:19:40,599 - __main__ - ERROR -   Batch 1150: NaN or Inf loss detected! Skipping batch.
2026-05-08 04:19:40,654 - __main__ - ERROR -   Batch 1151: NaN or Inf loss detected! Skipping batch.
2026-05-08 04:19:40,714 - __main__ - ERROR -   Batch 1152: NaN or Inf loss detected! Skipping batch.
2026-05-08 04:19:40,774 - __main__ - ERROR -   Batch 1153: NaN or Inf loss detected! Skipping batch.
2026-05-08 04:19:40,834 - __main__ - ERROR -   Batch 1154: NaN or Inf loss detected! Skipping batch.
2026-05-08 04:19:40,894 - __main__ - ERROR -   Batch 1155: NaN or Inf loss detected! Skipping batch.
2026-05-08 04:19:40,954 - __main__ - ERROR -   Batch 1156: NaN or Inf loss detected! Skipping batch.
2026-05-08 04:19:41,014 - __main__ - ERROR -   Batch 1157: NaN or Inf loss detected! Skipping batch.
2026-05-08 04:19:41,075 - __main__ - ERROR -   Batch 1158: NaN or Inf loss detected! Skipping batch.
2026-05-08 04:19:41,135 - __main__ - ERROR -   Batch 1159: NaN or Inf loss detected! Skipping batch.
2026-05-08 04:19:41,196 - __main__ - ERROR -   Batch 1160: NaN or Inf loss detected! Skipping batch.
2026-05-08 04:19:41,256 - __main__ - ERROR -   Batch 1161: NaN or Inf loss detected! Skipping batch.
2026-05-08 04:19:41,317 - __main__ - ERROR -   Batch 1162: NaN or Inf loss detected! Skipping batch.
2026-05-08 04:19:41,377 - __main__ - ERROR -   Batch 1163: NaN or Inf loss detected! Skipping batch.
2026-05-08 04:19:41,437 - __main__ - ERROR -   Batch 1164: NaN or Inf loss detected! Skipping batch.
2026-05-08 04:19:41,498 - __main__ - ERROR -   Batch 1165: NaN or Inf loss detected! Skipping batch.
2026-05-08 04:19:41,558 - __main__ - ERROR -   Batch 1166: NaN or Inf loss detected! Skipping batch.
2026-05-08 04:19:41,619 - __main__ - ERROR -   Batch 1167: NaN or Inf loss detected! Skipping batch.
2026-05-08 04:19:41,679 - __main__ - ERROR -   Batch 1168: NaN or Inf loss detected! Skipping batch.
2026-05-08 04:19:41,740 - __main__ - ERROR -   Batch 1169: NaN or Inf loss detected! Skipping batch.
2026-05-08 04:19:41,800 - __main__ - ERROR -   Batch 1170: NaN or Inf loss detected! Skipping batch.
2026-05-08 04:19:41,860 - __main__ - ERROR -   Batch 1171: NaN or Inf loss detected! Skipping batch.
2026-05-08 04:19:41,921 - __main__ - ERROR -   Batch 1172: NaN or Inf loss detected! Skipping batch.
2026-05-08 04:19:41,976 - __main__ - ERROR -   Batch 1173: NaN or Inf loss detected! Skipping batch.
2026-05-08 04:19:42,037 - __main__ - ERROR -   Batch 1174: NaN or Inf loss detected! Skipping batch.
2026-05-08 04:19:42,097 - __main__ - ERROR -   Batch 1175: NaN or Inf loss detected! Skipping batch.
2026-05-08 04:19:42,158 - __main__ - ERROR -   Batch 1176: NaN or Inf loss detected! Skipping batch.
2026-05-08 04:19:42,481 - __main__ - ERROR -   Batch 1177: NaN or Inf loss detected! Skipping batch.
2026-05-08 04:19:42,543 - __main__ - ERROR -   Batch 1178: NaN or Inf loss detected! Skipping batch.
2026-05-08 04:19:42,604 - __main__ - ERROR -   Batch 1179: NaN or Inf loss detected! Skipping batch.
2026-05-08 04:19:42,664 - __main__ - ERROR -   Batch 1180: NaN or Inf loss detected! Skipping batch.
2026-05-08 04:19:42,724 - __main__ - ERROR -   Batch 1181: NaN or Inf loss detected! Skipping batch.
2026-05-08 04:19:42,784 - __main__ - ERROR -   Batch 1182: NaN or Inf loss detected! Skipping batch.
2026-05-08 04:19:42,845 - __main__ - ERROR -   Batch 1183: NaN or Inf loss detected! Skipping batch.
2026-05-08 04:19:42,905 - __main__ - ERROR -   Batch 1184: NaN or Inf loss detected! Skipping batch.
2026-05-08 04:19:42,965 - __main__ - ERROR -   Batch 1185: NaN or Inf loss detected! Skipping batch.
2026-05-08 04:19:43,026 - __main__ - ERROR -   Batch 1186: NaN or Inf loss detected! Skipping batch.
2026-05-08 04:19:43,086 - __main__ - ERROR -   Batch 1187: NaN or Inf loss detected! Skipping batch.
2026-05-08 04:19:43,147 - __main__ - ERROR -   Batch 1188: NaN or Inf loss detected! Skipping batch.
2026-05-08 04:19:43,207 - __main__ - ERROR -   Batch 1189: NaN or Inf loss detected! Skipping batch.
2026-05-08 04:19:43,262 - __main__ - ERROR -   Batch 1190: NaN or Inf loss detected! Skipping batch.
2026-05-08 04:19:43,323 - __main__ - ERROR -   Batch 1191: NaN or Inf loss detected! Skipping batch.
2026-05-08 04:19:43,384 - __main__ - ERROR -   Batch 1192: NaN or Inf loss detected! Skipping batch.
2026-05-08 04:19:43,439 - __main__ - ERROR -   Batch 1193: NaN or Inf loss detected! Skipping batch.
2026-05-08 04:19:43,499 - __main__ - ERROR -   Batch 1194: NaN or Inf loss detected! Skipping batch.
2026-05-08 04:19:43,559 - __main__ - ERROR -   Batch 1195: NaN or Inf loss detected! Skipping batch.
2026-05-08 04:19:43,619 - __main__ - ERROR -   Batch 1196: NaN or Inf loss detected! Skipping batch.
2026-05-08 04:19:43,669 - __main__ - ERROR -   Batch 1197: NaN or Inf loss detected! Skipping batch.
2026-05-08 04:19:43,729 - __main__ - ERROR -   Batch 1198: NaN or Inf loss detected! Skipping batch.
2026-05-08 04:19:43,789 - __main__ - ERROR -   Batch 1199: NaN or Inf loss detected! Skipping batch.
2026-05-08 04:19:43,849 - __main__ - ERROR -   Batch 1200: NaN or Inf loss detected! Skipping batch.
2026-05-08 04:19:43,910 - __main__ - ERROR -   Batch 1201: NaN or Inf loss detected! Skipping batch.
2026-05-08 04:19:43,971 - __main__ - ERROR -   Batch 1202: NaN or Inf loss detected! Skipping batch.
2026-05-08 04:19:44,031 - __main__ - ERROR -   Batch 1203: NaN or Inf loss detected! Skipping batch.
2026-05-08 04:19:44,086 - __main__ - ERROR -   Batch 1204: NaN or Inf loss detected! Skipping batch.
2026-05-08 04:19:44,145 - __main__ - ERROR -   Batch 1205: NaN or Inf loss detected! Skipping batch.
2026-05-08 04:19:44,206 - __main__ - ERROR -   Batch 1206: NaN or Inf loss detected! Skipping batch.
2026-05-08 04:19:44,266 - __main__ - ERROR -   Batch 1207: NaN or Inf loss detected! Skipping batch.
2026-05-08 04:19:44,326 - __main__ - ERROR -   Batch 1208: NaN or Inf loss detected! Skipping batch.
2026-05-08 04:19:44,387 - __main__ - ERROR -   Batch 1209: NaN or Inf loss detected! Skipping batch.
2026-05-08 04:19:44,447 - __main__ - ERROR -   Batch 1210: NaN or Inf loss detected! Skipping batch.
2026-05-08 04:19:44,507 - __main__ - ERROR -   Batch 1211: NaN or Inf loss detected! Skipping batch.
2026-05-08 04:19:44,568 - __main__ - ERROR -   Batch 1212: NaN or Inf loss detected! Skipping batch.
2026-05-08 04:19:44,628 - __main__ - ERROR -   Batch 1213: NaN or Inf loss detected! Skipping batch.
2026-05-08 04:19:44,689 - __main__ - ERROR -   Batch 1214: NaN or Inf loss detected! Skipping batch.
2026-05-08 04:19:44,739 - __main__ - ERROR -   Batch 1215: NaN or Inf loss detected! Skipping batch.
2026-05-08 04:19:44,798 - __main__ - ERROR -   Batch 1216: NaN or Inf loss detected! Skipping batch.
2026-05-08 04:19:44,859 - __main__ - ERROR -   Batch 1217: NaN or Inf loss detected! Skipping batch.
2026-05-08 04:19:44,919 - __main__ - ERROR -   Batch 1218: NaN or Inf loss detected! Skipping batch.
2026-05-08 04:19:44,980 - __main__ - ERROR -   Batch 1219: NaN or Inf loss detected! Skipping batch.
2026-05-08 04:19:45,040 - __main__ - ERROR -   Batch 1220: NaN or Inf loss detected! Skipping batch.
2026-05-08 04:19:45,100 - __main__ - ERROR -   Batch 1221: NaN or Inf loss detected! Skipping batch.
2026-05-08 04:19:45,160 - __main__ - ERROR -   Batch 1222: NaN or Inf loss detected! Skipping batch.
2026-05-08 04:19:45,221 - __main__ - ERROR -   Batch 1223: NaN or Inf loss detected! Skipping batch.
2026-05-08 04:19:45,281 - __main__ - ERROR -   Batch 1224: NaN or Inf loss detected! Skipping batch.
2026-05-08 04:19:45,342 - __main__ - ERROR -   Batch 1225: NaN or Inf loss detected! Skipping batch.
2026-05-08 04:19:45,401 - __main__ - ERROR -   Batch 1226: NaN or Inf loss detected! Skipping batch.
2026-05-08 04:19:45,462 - __main__ - ERROR -   Batch 1227: NaN or Inf loss detected! Skipping batch.
2026-05-08 04:19:45,522 - __main__ - ERROR -   Batch 1228: NaN or Inf loss detected! Skipping batch.
2026-05-08 04:19:45,582 - __main__ - ERROR -   Batch 1229: NaN or Inf loss detected! Skipping batch.
2026-05-08 04:19:45,642 - __main__ - ERROR -   Batch 1230: NaN or Inf loss detected! Skipping batch.
2026-05-08 04:19:45,702 - __main__ - ERROR -   Batch 1231: NaN or Inf loss detected! Skipping batch.
2026-05-08 04:19:45,762 - __main__ - ERROR -   Batch 1232: NaN or Inf loss detected! Skipping batch.
2026-05-08 04:19:45,822 - __main__ - ERROR -   Batch 1233: NaN or Inf loss detected! Skipping batch.
2026-05-08 04:19:45,882 - __main__ - ERROR -   Batch 1234: NaN or Inf loss detected! Skipping batch.
2026-05-08 04:19:45,943 - __main__ - ERROR -   Batch 1235: NaN or Inf loss detected! Skipping batch.
2026-05-08 04:19:46,003 - __main__ - ERROR -   Batch 1236: NaN or Inf loss detected! Skipping batch.
2026-05-08 04:19:46,063 - __main__ - ERROR -   Batch 1237: NaN or Inf loss detected! Skipping batch.
2026-05-08 04:19:46,118 - __main__ - ERROR -   Batch 1238: NaN or Inf loss detected! Skipping batch.
2026-05-08 04:19:46,178 - __main__ - ERROR -   Batch 1239: NaN or Inf loss detected! Skipping batch.
2026-05-08 04:19:46,238 - __main__ - ERROR -   Batch 1240: NaN or Inf loss detected! Skipping batch.
2026-05-08 04:19:46,298 - __main__ - ERROR -   Batch 1241: NaN or Inf loss detected! Skipping batch.
2026-05-08 04:19:46,358 - __main__ - ERROR -   Batch 1242: NaN or Inf loss detected! Skipping batch.
2026-05-08 04:19:46,418 - __main__ - ERROR -   Batch 1243: NaN or Inf loss detected! Skipping batch.
2026-05-08 04:19:46,468 - __main__ - ERROR -   Batch 1244: NaN or Inf loss detected! Skipping batch.
2026-05-08 04:19:46,528 - __main__ - ERROR -   Batch 1245: NaN or Inf loss detected! Skipping batch.
2026-05-08 04:19:46,578 - __main__ - ERROR -   Batch 1246: NaN or Inf loss detected! Skipping batch.
2026-05-08 04:19:46,638 - __main__ - ERROR -   Batch 1247: NaN or Inf loss detected! Skipping batch.
2026-05-08 04:19:46,698 - __main__ - ERROR -   Batch 1248: NaN or Inf loss detected! Skipping batch.
2026-05-08 04:19:46,759 - __main__ - ERROR -   Batch 1249: NaN or Inf loss detected! Skipping batch.
2026-05-08 04:19:46,819 - __main__ - ERROR -   Batch 1250: NaN or Inf loss detected! Skipping batch.
2026-05-08 04:19:46,880 - __main__ - ERROR -   Batch 1251: NaN or Inf loss detected! Skipping batch.
2026-05-08 04:19:46,940 - __main__ - ERROR -   Batch 1252: NaN or Inf loss detected! Skipping batch.
2026-05-08 04:19:46,994 - __main__ - ERROR -   Batch 1253: NaN or Inf loss detected! Skipping batch.
2026-05-08 04:19:47,054 - __main__ - ERROR -   Batch 1254: NaN or Inf loss detected! Skipping batch.
2026-05-08 04:19:47,114 - __main__ - ERROR -   Batch 1255: NaN or Inf loss detected! Skipping batch.
2026-05-08 04:19:47,175 - __main__ - ERROR -   Batch 1256: NaN or Inf loss detected! Skipping batch.
2026-05-08 04:19:47,236 - __main__ - ERROR -   Batch 1257: NaN or Inf loss detected! Skipping batch.
2026-05-08 04:19:47,297 - __main__ - ERROR -   Batch 1258: NaN or Inf loss detected! Skipping batch.
2026-05-08 04:19:47,358 - __main__ - ERROR -   Batch 1259: NaN or Inf loss detected! Skipping batch.
2026-05-08 04:19:47,418 - __main__ - ERROR -   Batch 1260: NaN or Inf loss detected! Skipping batch.
2026-05-08 04:19:47,473 - __main__ - ERROR -   Batch 1261: NaN or Inf loss detected! Skipping batch.
2026-05-08 04:19:47,533 - __main__ - ERROR -   Batch 1262: NaN or Inf loss detected! Skipping batch.
2026-05-08 04:19:47,593 - __main__ - ERROR -   Batch 1263: NaN or Inf loss detected! Skipping batch.
2026-05-08 04:19:47,654 - __main__ - ERROR -   Batch 1264: NaN or Inf loss detected! Skipping batch.
2026-05-08 04:19:47,714 - __main__ - ERROR -   Batch 1265: NaN or Inf loss detected! Skipping batch.
2026-05-08 04:19:47,775 - __main__ - ERROR -   Batch 1266: NaN or Inf loss detected! Skipping batch.
2026-05-08 04:19:47,835 - __main__ - ERROR -   Batch 1267: NaN or Inf loss detected! Skipping batch.
2026-05-08 04:19:47,895 - __main__ - ERROR -   Batch 1268: NaN or Inf loss detected! Skipping batch.
2026-05-08 04:19:47,956 - __main__ - ERROR -   Batch 1269: NaN or Inf loss detected! Skipping batch.
2026-05-08 04:19:48,016 - __main__ - ERROR -   Batch 1270: NaN or Inf loss detected! Skipping batch.
2026-05-08 04:19:48,076 - __main__ - ERROR -   Batch 1271: NaN or Inf loss detected! Skipping batch.
2026-05-08 04:19:48,137 - __main__ - ERROR -   Batch 1272: NaN or Inf loss detected! Skipping batch.
2026-05-08 04:19:48,197 - __main__ - ERROR -   Batch 1273: NaN or Inf loss detected! Skipping batch.
2026-05-08 04:19:48,257 - __main__ - ERROR -   Batch 1274: NaN or Inf loss detected! Skipping batch.
2026-05-08 04:19:48,317 - __main__ - ERROR -   Batch 1275: NaN or Inf loss detected! Skipping batch.
2026-05-08 04:19:48,378 - __main__ - ERROR -   Batch 1276: NaN or Inf loss detected! Skipping batch.
2026-05-08 04:19:48,438 - __main__ - ERROR -   Batch 1277: NaN or Inf loss detected! Skipping batch.
2026-05-08 04:19:48,498 - __main__ - ERROR -   Batch 1278: NaN or Inf loss detected! Skipping batch.
2026-05-08 04:19:48,558 - __main__ - ERROR -   Batch 1279: NaN or Inf loss detected! Skipping batch.
2026-05-08 04:19:48,613 - __main__ - ERROR -   Batch 1280: NaN or Inf loss detected! Skipping batch.
2026-05-08 04:19:48,673 - __main__ - ERROR -   Batch 1281: NaN or Inf loss detected! Skipping batch.
2026-05-08 04:19:48,734 - __main__ - ERROR -   Batch 1282: NaN or Inf loss detected! Skipping batch.
2026-05-08 04:19:48,794 - __main__ - ERROR -   Batch 1283: NaN or Inf loss detected! Skipping batch.
2026-05-08 04:19:48,854 - __main__ - ERROR -   Batch 1284: NaN or Inf loss detected! Skipping batch.
2026-05-08 04:19:48,914 - __main__ - ERROR -   Batch 1285: NaN or Inf loss detected! Skipping batch.
2026-05-08 04:19:48,975 - __main__ - ERROR -   Batch 1286: NaN or Inf loss detected! Skipping batch.
2026-05-08 04:19:49,035 - __main__ - ERROR -   Batch 1287: NaN or Inf loss detected! Skipping batch.
2026-05-08 04:19:49,095 - __main__ - ERROR -   Batch 1288: NaN or Inf loss detected! Skipping batch.
2026-05-08 04:19:49,156 - __main__ - ERROR -   Batch 1289: NaN or Inf loss detected! Skipping batch.
2026-05-08 04:19:49,216 - __main__ - ERROR -   Batch 1290: NaN or Inf loss detected! Skipping batch.
2026-05-08 04:19:49,267 - __main__ - ERROR -   Batch 1291: NaN or Inf loss detected! Skipping batch.
2026-05-08 04:19:49,327 - __main__ - ERROR -   Batch 1292: NaN or Inf loss detected! Skipping batch.
2026-05-08 04:19:49,388 - __main__ - ERROR -   Batch 1293: NaN or Inf loss detected! Skipping batch.
2026-05-08 04:19:49,448 - __main__ - ERROR -   Batch 1294: NaN or Inf loss detected! Skipping batch.
2026-05-08 04:19:49,509 - __main__ - ERROR -   Batch 1295: NaN or Inf loss detected! Skipping batch.
2026-05-08 04:19:49,569 - __main__ - ERROR -   Batch 1296: NaN or Inf loss detected! Skipping batch.
2026-05-08 04:19:49,629 - __main__ - ERROR -   Batch 1297: NaN or Inf loss detected! Skipping batch.
2026-05-08 04:19:49,689 - __main__ - ERROR -   Batch 1298: NaN or Inf loss detected! Skipping batch.
2026-05-08 04:19:49,750 - __main__ - ERROR -   Batch 1299: NaN or Inf loss detected! Skipping batch.
2026-05-08 04:19:49,810 - __main__ - ERROR -   Batch 1300: NaN or Inf loss detected! Skipping batch.
2026-05-08 04:19:49,865 - __main__ - ERROR -   Batch 1301: NaN or Inf loss detected! Skipping batch.
2026-05-08 04:19:49,925 - __main__ - ERROR -   Batch 1302: NaN or Inf loss detected! Skipping batch.
2026-05-08 04:19:50,274 - __main__ - ERROR -   Batch 1303: NaN or Inf loss detected! Skipping batch.
2026-05-08 04:19:50,334 - __main__ - ERROR -   Batch 1304: NaN or Inf loss detected! Skipping batch.
2026-05-08 04:19:50,389 - __main__ - ERROR -   Batch 1305: NaN or Inf loss detected! Skipping batch.
2026-05-08 04:19:50,449 - __main__ - ERROR -   Batch 1306: NaN or Inf loss detected! Skipping batch.
2026-05-08 04:19:50,509 - __main__ - ERROR -   Batch 1307: NaN or Inf loss detected! Skipping batch.
2026-05-08 04:19:50,569 - __main__ - ERROR -   Batch 1308: NaN or Inf loss detected! Skipping batch.
2026-05-08 04:19:50,629 - __main__ - ERROR -   Batch 1309: NaN or Inf loss detected! Skipping batch.
2026-05-08 04:19:50,689 - __main__ - ERROR -   Batch 1310: NaN or Inf loss detected! Skipping batch.
2026-05-08 04:19:50,750 - __main__ - ERROR -   Batch 1311: NaN or Inf loss detected! Skipping batch.
2026-05-08 04:19:50,810 - __main__ - ERROR -   Batch 1312: NaN or Inf loss detected! Skipping batch.
2026-05-08 04:19:50,865 - __main__ - ERROR -   Batch 1313: NaN or Inf loss detected! Skipping batch.
2026-05-08 04:19:50,925 - __main__ - ERROR -   Batch 1314: NaN or Inf loss detected! Skipping batch.
2026-05-08 04:19:50,985 - __main__ - ERROR -   Batch 1315: NaN or Inf loss detected! Skipping batch.
2026-05-08 04:19:51,045 - __main__ - ERROR -   Batch 1316: NaN or Inf loss detected! Skipping batch.
2026-05-08 04:19:51,105 - __main__ - ERROR -   Batch 1317: NaN or Inf loss detected! Skipping batch.
2026-05-08 04:19:51,165 - __main__ - ERROR -   Batch 1318: NaN or Inf loss detected! Skipping batch.
2026-05-08 04:19:51,225 - __main__ - ERROR -   Batch 1319: NaN or Inf loss detected! Skipping batch.
2026-05-08 04:19:51,285 - __main__ - ERROR -   Batch 1320: NaN or Inf loss detected! Skipping batch.
2026-05-08 04:19:51,345 - __main__ - ERROR -   Batch 1321: NaN or Inf loss detected! Skipping batch.
2026-05-08 04:19:51,405 - __main__ - ERROR -   Batch 1322: NaN or Inf loss detected! Skipping batch.
2026-05-08 04:19:51,466 - __main__ - ERROR -   Batch 1323: NaN or Inf loss detected! Skipping batch.
2026-05-08 04:19:51,526 - __main__ - ERROR -   Batch 1324: NaN or Inf loss detected! Skipping batch.
2026-05-08 04:19:51,586 - __main__ - ERROR -   Batch 1325: NaN or Inf loss detected! Skipping batch.
2026-05-08 04:19:51,647 - __main__ - ERROR -   Batch 1326: NaN or Inf loss detected! Skipping batch.
2026-05-08 04:19:51,707 - __main__ - ERROR -   Batch 1327: NaN or Inf loss detected! Skipping batch.
2026-05-08 04:19:51,768 - __main__ - ERROR -   Batch 1328: NaN or Inf loss detected! Skipping batch.
2026-05-08 04:19:51,828 - __main__ - ERROR -   Batch 1329: NaN or Inf loss detected! Skipping batch.
2026-05-08 04:19:51,888 - __main__ - ERROR -   Batch 1330: NaN or Inf loss detected! Skipping batch.
2026-05-08 04:19:51,949 - __main__ - ERROR -   Batch 1331: NaN or Inf loss detected! Skipping batch.
2026-05-08 04:19:52,009 - __main__ - ERROR -   Batch 1332: NaN or Inf loss detected! Skipping batch.
2026-05-08 04:19:52,069 - __main__ - ERROR -   Batch 1333: NaN or Inf loss detected! Skipping batch.
2026-05-08 04:19:52,129 - __main__ - ERROR -   Batch 1334: NaN or Inf loss detected! Skipping batch.
2026-05-08 04:19:52,189 - __main__ - ERROR -   Batch 1335: NaN or Inf loss detected! Skipping batch.
2026-05-08 04:19:52,250 - __main__ - ERROR -   Batch 1336: NaN or Inf loss detected! Skipping batch.
2026-05-08 04:19:52,310 - __main__ - ERROR -   Batch 1337: NaN or Inf loss detected! Skipping batch.
2026-05-08 04:19:52,371 - __main__ - ERROR -   Batch 1338: NaN or Inf loss detected! Skipping batch.
2026-05-08 04:19:52,431 - __main__ - ERROR -   Batch 1339: NaN or Inf loss detected! Skipping batch.
2026-05-08 04:19:52,491 - __main__ - ERROR -   Batch 1340: NaN or Inf loss detected! Skipping batch.
2026-05-08 04:19:52,552 - __main__ - ERROR -   Batch 1341: NaN or Inf loss detected! Skipping batch.
2026-05-08 04:19:52,612 - __main__ - ERROR -   Batch 1342: NaN or Inf loss detected! Skipping batch.
2026-05-08 04:19:52,673 - __main__ - ERROR -   Batch 1343: NaN or Inf loss detected! Skipping batch.
2026-05-08 04:19:52,733 - __main__ - ERROR -   Batch 1344: NaN or Inf loss detected! Skipping batch.
2026-05-08 04:19:52,787 - __main__ - ERROR -   Batch 1345: NaN or Inf loss detected! Skipping batch.
2026-05-08 04:19:52,847 - __main__ - ERROR -   Batch 1346: NaN or Inf loss detected! Skipping batch.
2026-05-08 04:19:52,907 - __main__ - ERROR -   Batch 1347: NaN or Inf loss detected! Skipping batch.
2026-05-08 04:19:52,967 - __main__ - ERROR -   Batch 1348: NaN or Inf loss detected! Skipping batch.
2026-05-08 04:19:53,028 - __main__ - ERROR -   Batch 1349: NaN or Inf loss detected! Skipping batch.
2026-05-08 04:19:53,088 - __main__ - ERROR -   Batch 1350: NaN or Inf loss detected! Skipping batch.
2026-05-08 04:19:53,148 - __main__ - ERROR -   Batch 1351: NaN or Inf loss detected! Skipping batch.
2026-05-08 04:19:53,203 - __main__ - ERROR -   Batch 1352: NaN or Inf loss detected! Skipping batch.
2026-05-08 04:19:53,258 - __main__ - ERROR -   Batch 1353: NaN or Inf loss detected! Skipping batch.
2026-05-08 04:19:53,318 - __main__ - ERROR -   Batch 1354: NaN or Inf loss detected! Skipping batch.
2026-05-08 04:19:53,378 - __main__ - ERROR -   Batch 1355: NaN or Inf loss detected! Skipping batch.
2026-05-08 04:19:53,439 - __main__ - ERROR -   Batch 1356: NaN or Inf loss detected! Skipping batch.
2026-05-08 04:19:53,493 - __main__ - ERROR -   Batch 1357: NaN or Inf loss detected! Skipping batch.
2026-05-08 04:19:53,543 - __main__ - ERROR -   Batch 1358: NaN or Inf loss detected! Skipping batch.
2026-05-08 04:19:53,598 - __main__ - ERROR -   Batch 1359: NaN or Inf loss detected! Skipping batch.
2026-05-08 04:19:53,658 - __main__ - ERROR -   Batch 1360: NaN or Inf loss detected! Skipping batch.
2026-05-08 04:19:53,718 - __main__ - ERROR -   Batch 1361: NaN or Inf loss detected! Skipping batch.
2026-05-08 04:19:53,778 - __main__ - ERROR -   Batch 1362: NaN or Inf loss detected! Skipping batch.
2026-05-08 04:19:53,838 - __main__ - ERROR -   Batch 1363: NaN or Inf loss detected! Skipping batch.
2026-05-08 04:19:53,898 - __main__ - ERROR -   Batch 1364: NaN or Inf loss detected! Skipping batch.
2026-05-08 04:19:53,958 - __main__ - ERROR -   Batch 1365: NaN or Inf loss detected! Skipping batch.
2026-05-08 04:19:54,018 - __main__ - ERROR -   Batch 1366: NaN or Inf loss detected! Skipping batch.
2026-05-08 04:19:54,079 - __main__ - ERROR -   Batch 1367: NaN or Inf loss detected! Skipping batch.
2026-05-08 04:19:54,139 - __main__ - ERROR -   Batch 1368: NaN or Inf loss detected! Skipping batch.
2026-05-08 04:19:54,200 - __main__ - ERROR -   Batch 1369: NaN or Inf loss detected! Skipping batch.
2026-05-08 04:19:54,261 - __main__ - ERROR -   Batch 1370: NaN or Inf loss detected! Skipping batch.
2026-05-08 04:19:54,315 - __main__ - ERROR -   Batch 1371: NaN or Inf loss detected! Skipping batch.
2026-05-08 04:19:54,376 - __main__ - ERROR -   Batch 1372: NaN or Inf loss detected! Skipping batch.
2026-05-08 04:19:54,436 - __main__ - ERROR -   Batch 1373: NaN or Inf loss detected! Skipping batch.
2026-05-08 04:19:54,496 - __main__ - ERROR -   Batch 1374: NaN or Inf loss detected! Skipping batch.
2026-05-08 04:19:54,556 - __main__ - ERROR -   Batch 1375: NaN or Inf loss detected! Skipping batch.
2026-05-08 04:19:54,616 - __main__ - ERROR -   Batch 1376: NaN or Inf loss detected! Skipping batch.
2026-05-08 04:19:54,676 - __main__ - ERROR -   Batch 1377: NaN or Inf loss detected! Skipping batch.
2026-05-08 04:19:54,736 - __main__ - ERROR -   Batch 1378: NaN or Inf loss detected! Skipping batch.
2026-05-08 04:19:54,796 - __main__ - ERROR -   Batch 1379: NaN or Inf loss detected! Skipping batch.
2026-05-08 04:19:54,856 - __main__ - ERROR -   Batch 1380: NaN or Inf loss detected! Skipping batch.
2026-05-08 04:19:54,917 - __main__ - ERROR -   Batch 1381: NaN or Inf loss detected! Skipping batch.
2026-05-08 04:19:54,977 - __main__ - ERROR -   Batch 1382: NaN or Inf loss detected! Skipping batch.
2026-05-08 04:19:55,037 - __main__ - ERROR -   Batch 1383: NaN or Inf loss detected! Skipping batch.
2026-05-08 04:19:55,097 - __main__ - ERROR -   Batch 1384: NaN or Inf loss detected! Skipping batch.
2026-05-08 04:19:55,157 - __main__ - ERROR -   Batch 1385: NaN or Inf loss detected! Skipping batch.
2026-05-08 04:19:55,218 - __main__ - ERROR -   Batch 1386: NaN or Inf loss detected! Skipping batch.
2026-05-08 04:19:55,279 - __main__ - ERROR -   Batch 1387: NaN or Inf loss detected! Skipping batch.
2026-05-08 04:19:55,339 - __main__ - ERROR -   Batch 1388: NaN or Inf loss detected! Skipping batch.
2026-05-08 04:19:55,400 - __main__ - ERROR -   Batch 1389: NaN or Inf loss detected! Skipping batch.
2026-05-08 04:19:55,460 - __main__ - ERROR -   Batch 1390: NaN or Inf loss detected! Skipping batch.
2026-05-08 04:19:55,521 - __main__ - ERROR -   Batch 1391: NaN or Inf loss detected! Skipping batch.
2026-05-08 04:19:55,580 - __main__ - ERROR -   Batch 1392: NaN or Inf loss detected! Skipping batch.
2026-05-08 04:19:55,640 - __main__ - ERROR -   Batch 1393: NaN or Inf loss detected! Skipping batch.
2026-05-08 04:19:55,701 - __main__ - ERROR -   Batch 1394: NaN or Inf loss detected! Skipping batch.
2026-05-08 04:19:55,761 - __main__ - ERROR -   Batch 1395: NaN or Inf loss detected! Skipping batch.
2026-05-08 04:19:55,822 - __main__ - ERROR -   Batch 1396: NaN or Inf loss detected! Skipping batch.
2026-05-08 04:19:55,882 - __main__ - ERROR -   Batch 1397: NaN or Inf loss detected! Skipping batch.
2026-05-08 04:19:55,943 - __main__ - ERROR -   Batch 1398: NaN or Inf loss detected! Skipping batch.
2026-05-08 04:19:56,003 - __main__ - ERROR -   Batch 1399: NaN or Inf loss detected! Skipping batch.
2026-05-08 04:19:56,064 - __main__ - ERROR -   Batch 1400: NaN or Inf loss detected! Skipping batch.
2026-05-08 04:19:56,124 - __main__ - ERROR -   Batch 1401: NaN or Inf loss detected! Skipping batch.
2026-05-08 04:19:56,185 - __main__ - ERROR -   Batch 1402: NaN or Inf loss detected! Skipping batch.
2026-05-08 04:19:56,246 - __main__ - ERROR -   Batch 1403: NaN or Inf loss detected! Skipping batch.
2026-05-08 04:19:56,300 - __main__ - ERROR -   Batch 1404: NaN or Inf loss detected! Skipping batch.
2026-05-08 04:19:56,361 - __main__ - ERROR -   Batch 1405: NaN or Inf loss detected! Skipping batch.
2026-05-08 04:19:56,410 - __main__ - ERROR -   Batch 1406: NaN or Inf loss detected! Skipping batch.
2026-05-08 04:19:56,471 - __main__ - ERROR -   Batch 1407: NaN or Inf loss detected! Skipping batch.
2026-05-08 04:19:56,531 - __main__ - ERROR -   Batch 1408: NaN or Inf loss detected! Skipping batch.
2026-05-08 04:19:56,591 - __main__ - ERROR -   Batch 1409: NaN or Inf loss detected! Skipping batch.
2026-05-08 04:19:56,651 - __main__ - ERROR -   Batch 1410: NaN or Inf loss detected! Skipping batch.
2026-05-08 04:19:56,711 - __main__ - ERROR -   Batch 1411: NaN or Inf loss detected! Skipping batch.
2026-05-08 04:19:57,044 - __main__ - ERROR -   Batch 1412: NaN or Inf loss detected! Skipping batch.
2026-05-08 04:19:57,106 - __main__ - ERROR -   Batch 1413: NaN or Inf loss detected! Skipping batch.
2026-05-08 04:19:57,167 - __main__ - ERROR -   Batch 1414: NaN or Inf loss detected! Skipping batch.
2026-05-08 04:19:57,227 - __main__ - ERROR -   Batch 1415: NaN or Inf loss detected! Skipping batch.
2026-05-08 04:19:57,288 - __main__ - ERROR -   Batch 1416: NaN or Inf loss detected! Skipping batch.
2026-05-08 04:19:57,348 - __main__ - ERROR -   Batch 1417: NaN or Inf loss detected! Skipping batch.
2026-05-08 04:19:57,408 - __main__ - ERROR -   Batch 1418: NaN or Inf loss detected! Skipping batch.
2026-05-08 04:19:57,468 - __main__ - ERROR -   Batch 1419: NaN or Inf loss detected! Skipping batch.
2026-05-08 04:19:57,529 - __main__ - ERROR -   Batch 1420: NaN or Inf loss detected! Skipping batch.
2026-05-08 04:19:57,589 - __main__ - ERROR -   Batch 1421: NaN or Inf loss detected! Skipping batch.
2026-05-08 04:19:57,650 - __main__ - ERROR -   Batch 1422: NaN or Inf loss detected! Skipping batch.
2026-05-08 04:19:57,711 - __main__ - ERROR -   Batch 1423: NaN or Inf loss detected! Skipping batch.
2026-05-08 04:19:57,771 - __main__ - ERROR -   Batch 1424: NaN or Inf loss detected! Skipping batch.
2026-05-08 04:19:57,831 - __main__ - ERROR -   Batch 1425: NaN or Inf loss detected! Skipping batch.
2026-05-08 04:19:57,891 - __main__ - ERROR -   Batch 1426: NaN or Inf loss detected! Skipping batch.
2026-05-08 04:19:57,952 - __main__ - ERROR -   Batch 1427: NaN or Inf loss detected! Skipping batch.
2026-05-08 04:19:58,012 - __main__ - ERROR -   Batch 1428: NaN or Inf loss detected! Skipping batch.
2026-05-08 04:19:58,072 - __main__ - ERROR -   Batch 1429: NaN or Inf loss detected! Skipping batch.
2026-05-08 04:19:58,133 - __main__ - ERROR -   Batch 1430: NaN or Inf loss detected! Skipping batch.
2026-05-08 04:19:58,193 - __main__ - ERROR -   Batch 1431: NaN or Inf loss detected! Skipping batch.
2026-05-08 04:19:58,254 - __main__ - ERROR -   Batch 1432: NaN or Inf loss detected! Skipping batch.
2026-05-08 04:19:58,315 - __main__ - ERROR -   Batch 1433: NaN or Inf loss detected! Skipping batch.
2026-05-08 04:19:58,375 - __main__ - ERROR -   Batch 1434: NaN or Inf loss detected! Skipping batch.
2026-05-08 04:19:58,435 - __main__ - ERROR -   Batch 1435: NaN or Inf loss detected! Skipping batch.
2026-05-08 04:19:58,485 - __main__ - ERROR -   Batch 1436: NaN or Inf loss detected! Skipping batch.
2026-05-08 04:19:58,545 - __main__ - ERROR -   Batch 1437: NaN or Inf loss detected! Skipping batch.
2026-05-08 04:19:58,606 - __main__ - ERROR -   Batch 1438: NaN or Inf loss detected! Skipping batch.
2026-05-08 04:19:58,666 - __main__ - ERROR -   Batch 1439: NaN or Inf loss detected! Skipping batch.
2026-05-08 04:19:58,726 - __main__ - ERROR -   Batch 1440: NaN or Inf loss detected! Skipping batch.
2026-05-08 04:19:58,786 - __main__ - ERROR -   Batch 1441: NaN or Inf loss detected! Skipping batch.
2026-05-08 04:19:58,847 - __main__ - ERROR -   Batch 1442: NaN or Inf loss detected! Skipping batch.
2026-05-08 04:19:58,901 - __main__ - ERROR -   Batch 1443: NaN or Inf loss detected! Skipping batch.
2026-05-08 04:19:58,961 - __main__ - ERROR -   Batch 1444: NaN or Inf loss detected! Skipping batch.
2026-05-08 04:19:59,021 - __main__ - ERROR -   Batch 1445: NaN or Inf loss detected! Skipping batch.
2026-05-08 04:19:59,081 - __main__ - ERROR -   Batch 1446: NaN or Inf loss detected! Skipping batch.
2026-05-08 04:19:59,142 - __main__ - ERROR -   Batch 1447: NaN or Inf loss detected! Skipping batch.
2026-05-08 04:19:59,202 - __main__ - ERROR -   Batch 1448: NaN or Inf loss detected! Skipping batch.
2026-05-08 04:19:59,262 - __main__ - ERROR -   Batch 1449: NaN or Inf loss detected! Skipping batch.
2026-05-08 04:19:59,323 - __main__ - ERROR -   Batch 1450: NaN or Inf loss detected! Skipping batch.
2026-05-08 04:19:59,384 - __main__ - ERROR -   Batch 1451: NaN or Inf loss detected! Skipping batch.
2026-05-08 04:19:59,444 - __main__ - ERROR -   Batch 1452: NaN or Inf loss detected! Skipping batch.
2026-05-08 04:19:59,499 - __main__ - ERROR -   Batch 1453: NaN or Inf loss detected! Skipping batch.
2026-05-08 04:19:59,559 - __main__ - ERROR -   Batch 1454: NaN or Inf loss detected! Skipping batch.
2026-05-08 04:19:59,619 - __main__ - ERROR -   Batch 1455: NaN or Inf loss detected! Skipping batch.
2026-05-08 04:19:59,680 - __main__ - ERROR -   Batch 1456: NaN or Inf loss detected! Skipping batch.
2026-05-08 04:19:59,740 - __main__ - ERROR -   Batch 1457: NaN or Inf loss detected! Skipping batch.
2026-05-08 04:19:59,801 - __main__ - ERROR -   Batch 1458: NaN or Inf loss detected! Skipping batch.
2026-05-08 04:19:59,861 - __main__ - ERROR -   Batch 1459: NaN or Inf loss detected! Skipping batch.
2026-05-08 04:19:59,921 - __main__ - ERROR -   Batch 1460: NaN or Inf loss detected! Skipping batch.
2026-05-08 04:19:59,982 - __main__ - ERROR -   Batch 1461: NaN or Inf loss detected! Skipping batch.
2026-05-08 04:20:00,042 - __main__ - ERROR -   Batch 1462: NaN or Inf loss detected! Skipping batch.
2026-05-08 04:20:00,102 - __main__ - ERROR -   Batch 1463: NaN or Inf loss detected! Skipping batch.
2026-05-08 04:20:00,163 - __main__ - ERROR -   Batch 1464: NaN or Inf loss detected! Skipping batch.
2026-05-08 04:20:00,224 - __main__ - ERROR -   Batch 1465: NaN or Inf loss detected! Skipping batch.
2026-05-08 04:20:00,285 - __main__ - ERROR -   Batch 1466: NaN or Inf loss detected! Skipping batch.
2026-05-08 04:20:00,345 - __main__ - ERROR -   Batch 1467: NaN or Inf loss detected! Skipping batch.
2026-05-08 04:20:00,406 - __main__ - ERROR -   Batch 1468: NaN or Inf loss detected! Skipping batch.
2026-05-08 04:20:00,467 - __main__ - ERROR -   Batch 1469: NaN or Inf loss detected! Skipping batch.
2026-05-08 04:20:00,528 - __main__ - ERROR -   Batch 1470: NaN or Inf loss detected! Skipping batch.
2026-05-08 04:20:00,589 - __main__ - ERROR -   Batch 1471: NaN or Inf loss detected! Skipping batch.
2026-05-08 04:20:00,650 - __main__ - ERROR -   Batch 1472: NaN or Inf loss detected! Skipping batch.
2026-05-08 04:20:00,710 - __main__ - ERROR -   Batch 1473: NaN or Inf loss detected! Skipping batch.
2026-05-08 04:20:00,772 - __main__ - ERROR -   Batch 1474: NaN or Inf loss detected! Skipping batch.
2026-05-08 04:20:00,833 - __main__ - ERROR -   Batch 1475: NaN or Inf loss detected! Skipping batch.
2026-05-08 04:20:00,894 - __main__ - ERROR -   Batch 1476: NaN or Inf loss detected! Skipping batch.
2026-05-08 04:20:00,955 - __main__ - ERROR -   Batch 1477: NaN or Inf loss detected! Skipping batch.
2026-05-08 04:20:01,016 - __main__ - ERROR -   Batch 1478: NaN or Inf loss detected! Skipping batch.
2026-05-08 04:20:01,077 - __main__ - ERROR -   Batch 1479: NaN or Inf loss detected! Skipping batch.
2026-05-08 04:20:01,138 - __main__ - ERROR -   Batch 1480: NaN or Inf loss detected! Skipping batch.
2026-05-08 04:20:01,198 - __main__ - ERROR -   Batch 1481: NaN or Inf loss detected! Skipping batch.
2026-05-08 04:20:01,259 - __main__ - ERROR -   Batch 1482: NaN or Inf loss detected! Skipping batch.
2026-05-08 04:20:01,320 - __main__ - ERROR -   Batch 1483: NaN or Inf loss detected! Skipping batch.
2026-05-08 04:20:01,382 - __main__ - ERROR -   Batch 1484: NaN or Inf loss detected! Skipping batch.
2026-05-08 04:20:01,442 - __main__ - ERROR -   Batch 1485: NaN or Inf loss detected! Skipping batch.
2026-05-08 04:20:01,503 - __main__ - ERROR -   Batch 1486: NaN or Inf loss detected! Skipping batch.
2026-05-08 04:20:01,564 - __main__ - ERROR -   Batch 1487: NaN or Inf loss detected! Skipping batch.
2026-05-08 04:20:01,625 - __main__ - ERROR -   Batch 1488: NaN or Inf loss detected! Skipping batch.
2026-05-08 04:20:01,685 - __main__ - ERROR -   Batch 1489: NaN or Inf loss detected! Skipping batch.
2026-05-08 04:20:01,746 - __main__ - ERROR -   Batch 1490: NaN or Inf loss detected! Skipping batch.
2026-05-08 04:20:01,807 - __main__ - ERROR -   Batch 1491: NaN or Inf loss detected! Skipping batch.
2026-05-08 04:20:01,868 - __main__ - ERROR -   Batch 1492: NaN or Inf loss detected! Skipping batch.
2026-05-08 04:20:01,929 - __main__ - ERROR -   Batch 1493: NaN or Inf loss detected! Skipping batch.
2026-05-08 04:20:01,990 - __main__ - ERROR -   Batch 1494: NaN or Inf loss detected! Skipping batch.
2026-05-08 04:20:02,051 - __main__ - ERROR -   Batch 1495: NaN or Inf loss detected! Skipping batch.
2026-05-08 04:20:02,112 - __main__ - ERROR -   Batch 1496: NaN or Inf loss detected! Skipping batch.
2026-05-08 04:20:02,167 - __main__ - ERROR -   Batch 1497: NaN or Inf loss detected! Skipping batch.
2026-05-08 04:20:02,227 - __main__ - ERROR -   Batch 1498: NaN or Inf loss detected! Skipping batch.
2026-05-08 04:20:02,283 - __main__ - ERROR -   Batch 1499: NaN or Inf loss detected! Skipping batch.
2026-05-08 04:20:02,344 - __main__ - ERROR -   Batch 1500: NaN or Inf loss detected! Skipping batch.
2026-05-08 04:20:02,403 - __main__ - ERROR -   Batch 1501: NaN or Inf loss detected! Skipping batch.
2026-05-08 04:20:02,464 - __main__ - ERROR -   Batch 1502: NaN or Inf loss detected! Skipping batch.
2026-05-08 04:20:02,524 - __main__ - ERROR -   Batch 1503: NaN or Inf loss detected! Skipping batch.
2026-05-08 04:20:02,585 - __main__ - ERROR -   Batch 1504: NaN or Inf loss detected! Skipping batch.
2026-05-08 04:20:02,645 - __main__ - ERROR -   Batch 1505: NaN or Inf loss detected! Skipping batch.
2026-05-08 04:20:02,705 - __main__ - ERROR -   Batch 1506: NaN or Inf loss detected! Skipping batch.
2026-05-08 04:20:02,765 - __main__ - ERROR -   Batch 1507: NaN or Inf loss detected! Skipping batch.
2026-05-08 04:20:02,826 - __main__ - ERROR -   Batch 1508: NaN or Inf loss detected! Skipping batch.
2026-05-08 04:20:02,885 - __main__ - ERROR -   Batch 1509: NaN or Inf loss detected! Skipping batch.
2026-05-08 04:20:02,946 - __main__ - ERROR -   Batch 1510: NaN or Inf loss detected! Skipping batch.
2026-05-08 04:20:03,006 - __main__ - ERROR -   Batch 1511: NaN or Inf loss detected! Skipping batch.
2026-05-08 04:20:03,067 - __main__ - ERROR -   Batch 1512: NaN or Inf loss detected! Skipping batch.
2026-05-08 04:20:03,126 - __main__ - ERROR -   Batch 1513: NaN or Inf loss detected! Skipping batch.
2026-05-08 04:20:03,187 - __main__ - ERROR -   Batch 1514: NaN or Inf loss detected! Skipping batch.
2026-05-08 04:20:03,247 - __main__ - ERROR -   Batch 1515: NaN or Inf loss detected! Skipping batch.
2026-05-08 04:20:03,308 - __main__ - ERROR -   Batch 1516: NaN or Inf loss detected! Skipping batch.
2026-05-08 04:20:03,368 - __main__ - ERROR -   Batch 1517: NaN or Inf loss detected! Skipping batch.
2026-05-08 04:20:03,423 - __main__ - ERROR -   Batch 1518: NaN or Inf loss detected! Skipping batch.
2026-05-08 04:20:03,483 - __main__ - ERROR -   Batch 1519: NaN or Inf loss detected! Skipping batch.
2026-05-08 04:20:03,544 - __main__ - ERROR -   Batch 1520: NaN or Inf loss detected! Skipping batch.
2026-05-08 04:20:03,598 - __main__ - ERROR -   Batch 1521: NaN or Inf loss detected! Skipping batch.
2026-05-08 04:20:03,659 - __main__ - ERROR -   Batch 1522: NaN or Inf loss detected! Skipping batch.
2026-05-08 04:20:03,719 - __main__ - ERROR -   Batch 1523: NaN or Inf loss detected! Skipping batch.
2026-05-08 04:20:03,779 - __main__ - ERROR -   Batch 1524: NaN or Inf loss detected! Skipping batch.
2026-05-08 04:20:03,840 - __main__ - ERROR -   Batch 1525: NaN or Inf loss detected! Skipping batch.
2026-05-08 04:20:03,900 - __main__ - ERROR -   Batch 1526: NaN or Inf loss detected! Skipping batch.
2026-05-08 04:20:03,960 - __main__ - ERROR -   Batch 1527: NaN or Inf loss detected! Skipping batch.
2026-05-08 04:20:04,020 - __main__ - ERROR -   Batch 1528: NaN or Inf loss detected! Skipping batch.
2026-05-08 04:20:04,081 - __main__ - ERROR -   Batch 1529: NaN or Inf loss detected! Skipping batch.
2026-05-08 04:20:04,141 - __main__ - ERROR -   Batch 1530: NaN or Inf loss detected! Skipping batch.
2026-05-08 04:20:04,201 - __main__ - ERROR -   Batch 1531: NaN or Inf loss detected! Skipping batch.
2026-05-08 04:20:04,262 - __main__ - ERROR -   Batch 1532: NaN or Inf loss detected! Skipping batch.
2026-05-08 04:20:04,323 - __main__ - ERROR -   Batch 1533: NaN or Inf loss detected! Skipping batch.
2026-05-08 04:20:04,384 - __main__ - ERROR -   Batch 1534: NaN or Inf loss detected! Skipping batch.
2026-05-08 04:20:04,444 - __main__ - ERROR -   Batch 1535: NaN or Inf loss detected! Skipping batch.
2026-05-08 04:20:04,505 - __main__ - ERROR -   Batch 1536: NaN or Inf loss detected! Skipping batch.
2026-05-08 04:20:04,852 - __main__ - ERROR -   Batch 1537: NaN or Inf loss detected! Skipping batch.
2026-05-08 04:20:04,914 - __main__ - ERROR -   Batch 1538: NaN or Inf loss detected! Skipping batch.
2026-05-08 04:20:04,975 - __main__ - ERROR -   Batch 1539: NaN or Inf loss detected! Skipping batch.
2026-05-08 04:20:05,036 - __main__ - ERROR -   Batch 1540: NaN or Inf loss detected! Skipping batch.
2026-05-08 04:20:05,090 - __main__ - ERROR -   Batch 1541: NaN or Inf loss detected! Skipping batch.
2026-05-08 04:20:05,150 - __main__ - ERROR -   Batch 1542: NaN or Inf loss detected! Skipping batch.
2026-05-08 04:20:05,205 - __main__ - ERROR -   Batch 1543: NaN or Inf loss detected! Skipping batch.
2026-05-08 04:20:05,266 - __main__ - ERROR -   Batch 1544: NaN or Inf loss detected! Skipping batch.
2026-05-08 04:20:05,326 - __main__ - ERROR -   Batch 1545: NaN or Inf loss detected! Skipping batch.
2026-05-08 04:20:05,387 - __main__ - ERROR -   Batch 1546: NaN or Inf loss detected! Skipping batch.
2026-05-08 04:20:05,448 - __main__ - ERROR -   Batch 1547: NaN or Inf loss detected! Skipping batch.
2026-05-08 04:20:05,503 - __main__ - ERROR -   Batch 1548: NaN or Inf loss detected! Skipping batch.
2026-05-08 04:20:05,563 - __main__ - ERROR -   Batch 1549: NaN or Inf loss detected! Skipping batch.
2026-05-08 04:20:05,623 - __main__ - ERROR -   Batch 1550: NaN or Inf loss detected! Skipping batch.
2026-05-08 04:20:05,684 - __main__ - ERROR -   Batch 1551: NaN or Inf loss detected! Skipping batch.
2026-05-08 04:20:05,745 - __main__ - ERROR -   Batch 1552: NaN or Inf loss detected! Skipping batch.
2026-05-08 04:20:05,805 - __main__ - ERROR -   Batch 1553: NaN or Inf loss detected! Skipping batch.
2026-05-08 04:20:05,865 - __main__ - ERROR -   Batch 1554: NaN or Inf loss detected! Skipping batch.
2026-05-08 04:20:05,926 - __main__ - ERROR -   Batch 1555: NaN or Inf loss detected! Skipping batch.
2026-05-08 04:20:05,987 - __main__ - ERROR -   Batch 1556: NaN or Inf loss detected! Skipping batch.
2026-05-08 04:20:06,047 - __main__ - ERROR -   Batch 1557: NaN or Inf loss detected! Skipping batch.
2026-05-08 04:20:06,108 - __main__ - ERROR -   Batch 1558: NaN or Inf loss detected! Skipping batch.
2026-05-08 04:20:06,168 - __main__ - ERROR -   Batch 1559: NaN or Inf loss detected! Skipping batch.
2026-05-08 04:20:06,229 - __main__ - ERROR -   Batch 1560: NaN or Inf loss detected! Skipping batch.
2026-05-08 04:20:06,289 - __main__ - ERROR -   Batch 1561: NaN or Inf loss detected! Skipping batch.
2026-05-08 04:20:06,350 - __main__ - ERROR -   Batch 1562: NaN or Inf loss detected! Skipping batch.
2026-05-08 04:20:06,410 - __main__ - ERROR -   Batch 1563: NaN or Inf loss detected! Skipping batch.
2026-05-08 04:20:06,471 - __main__ - ERROR -   Batch 1564: NaN or Inf loss detected! Skipping batch.
2026-05-08 04:20:06,520 - __main__ - ERROR -   Batch 1565: NaN or Inf loss detected! Skipping batch.
2026-05-08 04:20:06,571 - __main__ - ERROR -   Batch 1566: NaN or Inf loss detected! Skipping batch.
2026-05-08 04:20:06,631 - __main__ - ERROR -   Batch 1567: NaN or Inf loss detected! Skipping batch.
2026-05-08 04:20:06,692 - __main__ - ERROR -   Batch 1568: NaN or Inf loss detected! Skipping batch.
2026-05-08 04:20:06,752 - __main__ - ERROR -   Batch 1569: NaN or Inf loss detected! Skipping batch.
2026-05-08 04:20:06,813 - __main__ - ERROR -   Batch 1570: NaN or Inf loss detected! Skipping batch.
2026-05-08 04:20:06,873 - __main__ - ERROR -   Batch 1571: NaN or Inf loss detected! Skipping batch.
2026-05-08 04:20:06,933 - __main__ - ERROR -   Batch 1572: NaN or Inf loss detected! Skipping batch.
2026-05-08 04:20:06,987 - __main__ - ERROR -   Batch 1573: NaN or Inf loss detected! Skipping batch.
2026-05-08 04:20:07,048 - __main__ - ERROR -   Batch 1574: NaN or Inf loss detected! Skipping batch.
2026-05-08 04:20:07,108 - __main__ - ERROR -   Batch 1575: NaN or Inf loss detected! Skipping batch.
2026-05-08 04:20:07,168 - __main__ - ERROR -   Batch 1576: NaN or Inf loss detected! Skipping batch.
2026-05-08 04:20:07,229 - __main__ - ERROR -   Batch 1577: NaN or Inf loss detected! Skipping batch.
2026-05-08 04:20:07,290 - __main__ - ERROR -   Batch 1578: NaN or Inf loss detected! Skipping batch.
2026-05-08 04:20:07,345 - __main__ - ERROR -   Batch 1579: NaN or Inf loss detected! Skipping batch.
2026-05-08 04:20:07,406 - __main__ - ERROR -   Batch 1580: NaN or Inf loss detected! Skipping batch.
2026-05-08 04:20:07,466 - __main__ - ERROR -   Batch 1581: NaN or Inf loss detected! Skipping batch.
2026-05-08 04:20:07,527 - __main__ - ERROR -   Batch 1582: NaN or Inf loss detected! Skipping batch.
2026-05-08 04:20:07,586 - __main__ - ERROR -   Batch 1583: NaN or Inf loss detected! Skipping batch.
2026-05-08 04:20:07,647 - __main__ - ERROR -   Batch 1584: NaN or Inf loss detected! Skipping batch.
2026-05-08 04:20:07,702 - __main__ - ERROR -   Batch 1585: NaN or Inf loss detected! Skipping batch.
2026-05-08 04:20:07,762 - __main__ - ERROR -   Batch 1586: NaN or Inf loss detected! Skipping batch.
2026-05-08 04:20:07,823 - __main__ - ERROR -   Batch 1587: NaN or Inf loss detected! Skipping batch.
2026-05-08 04:20:07,883 - __main__ - ERROR -   Batch 1588: NaN or Inf loss detected! Skipping batch.
2026-05-08 04:20:07,943 - __main__ - ERROR -   Batch 1589: NaN or Inf loss detected! Skipping batch.
2026-05-08 04:20:08,004 - __main__ - ERROR -   Batch 1590: NaN or Inf loss detected! Skipping batch.
2026-05-08 04:20:08,064 - __main__ - ERROR -   Batch 1591: NaN or Inf loss detected! Skipping batch.
2026-05-08 04:20:08,125 - __main__ - ERROR -   Batch 1592: NaN or Inf loss detected! Skipping batch.
2026-05-08 04:20:08,185 - __main__ - ERROR -   Batch 1593: NaN or Inf loss detected! Skipping batch.
2026-05-08 04:20:08,245 - __main__ - ERROR -   Batch 1594: NaN or Inf loss detected! Skipping batch.
2026-05-08 04:20:08,300 - __main__ - ERROR -   Batch 1595: NaN or Inf loss detected! Skipping batch.
2026-05-08 04:20:08,361 - __main__ - ERROR -   Batch 1596: NaN or Inf loss detected! Skipping batch.
2026-05-08 04:20:08,421 - __main__ - ERROR -   Batch 1597: NaN or Inf loss detected! Skipping batch.
2026-05-08 04:20:08,481 - __main__ - ERROR -   Batch 1598: NaN or Inf loss detected! Skipping batch.
2026-05-08 04:20:08,541 - __main__ - ERROR -   Batch 1599: NaN or Inf loss detected! Skipping batch.
2026-05-08 04:20:08,601 - __main__ - ERROR -   Batch 1600: NaN or Inf loss detected! Skipping batch.
2026-05-08 04:20:08,661 - __main__ - ERROR -   Batch 1601: NaN or Inf loss detected! Skipping batch.
2026-05-08 04:20:08,722 - __main__ - ERROR -   Batch 1602: NaN or Inf loss detected! Skipping batch.
2026-05-08 04:20:08,776 - __main__ - ERROR -   Batch 1603: NaN or Inf loss detected! Skipping batch.
2026-05-08 04:20:08,832 - __main__ - ERROR -   Batch 1604: NaN or Inf loss detected! Skipping batch.
2026-05-08 04:20:08,892 - __main__ - ERROR -   Batch 1605: NaN or Inf loss detected! Skipping batch.
2026-05-08 04:20:08,952 - __main__ - ERROR -   Batch 1606: NaN or Inf loss detected! Skipping batch.
2026-05-08 04:20:09,012 - __main__ - ERROR -   Batch 1607: NaN or Inf loss detected! Skipping batch.
2026-05-08 04:20:09,073 - __main__ - ERROR -   Batch 1608: NaN or Inf loss detected! Skipping batch.
2026-05-08 04:20:09,134 - __main__ - ERROR -   Batch 1609: NaN or Inf loss detected! Skipping batch.
2026-05-08 04:20:09,188 - __main__ - ERROR -   Batch 1610: NaN or Inf loss detected! Skipping batch.
2026-05-08 04:20:09,249 - __main__ - ERROR -   Batch 1611: NaN or Inf loss detected! Skipping batch.
2026-05-08 04:20:09,304 - __main__ - ERROR -   Batch 1612: NaN or Inf loss detected! Skipping batch.
2026-05-08 04:20:09,364 - __main__ - ERROR -   Batch 1613: NaN or Inf loss detected! Skipping batch.
2026-05-08 04:20:09,425 - __main__ - ERROR -   Batch 1614: NaN or Inf loss detected! Skipping batch.
2026-05-08 04:20:09,485 - __main__ - ERROR -   Batch 1615: NaN or Inf loss detected! Skipping batch.
2026-05-08 04:20:09,545 - __main__ - ERROR -   Batch 1616: NaN or Inf loss detected! Skipping batch.
2026-05-08 04:20:09,605 - __main__ - ERROR -   Batch 1617: NaN or Inf loss detected! Skipping batch.
2026-05-08 04:20:09,666 - __main__ - ERROR -   Batch 1618: NaN or Inf loss detected! Skipping batch.
2026-05-08 04:20:09,726 - __main__ - ERROR -   Batch 1619: NaN or Inf loss detected! Skipping batch.
2026-05-08 04:20:09,788 - __main__ - ERROR -   Batch 1620: NaN or Inf loss detected! Skipping batch.
2026-05-08 04:20:09,848 - __main__ - ERROR -   Batch 1621: NaN or Inf loss detected! Skipping batch.
2026-05-08 04:20:09,909 - __main__ - ERROR -   Batch 1622: NaN or Inf loss detected! Skipping batch.
2026-05-08 04:20:09,969 - __main__ - ERROR -   Batch 1623: NaN or Inf loss detected! Skipping batch.
2026-05-08 04:20:10,030 - __main__ - ERROR -   Batch 1624: NaN or Inf loss detected! Skipping batch.
2026-05-08 04:20:10,091 - __main__ - ERROR -   Batch 1625: NaN or Inf loss detected! Skipping batch.
2026-05-08 04:20:10,152 - __main__ - ERROR -   Batch 1626: NaN or Inf loss detected! Skipping batch.
2026-05-08 04:20:10,202 - __main__ - ERROR -   Batch 1627: NaN or Inf loss detected! Skipping batch.
2026-05-08 04:20:10,262 - __main__ - ERROR -   Batch 1628: NaN or Inf loss detected! Skipping batch.
2026-05-08 04:20:10,323 - __main__ - ERROR -   Batch 1629: NaN or Inf loss detected! Skipping batch.
2026-05-08 04:20:10,384 - __main__ - ERROR -   Batch 1630: NaN or Inf loss detected! Skipping batch.
2026-05-08 04:20:10,444 - __main__ - ERROR -   Batch 1631: NaN or Inf loss detected! Skipping batch.
2026-05-08 04:20:10,505 - __main__ - ERROR -   Batch 1632: NaN or Inf loss detected! Skipping batch.
2026-05-08 04:20:10,565 - __main__ - ERROR -   Batch 1633: NaN or Inf loss detected! Skipping batch.
2026-05-08 04:20:10,626 - __main__ - ERROR -   Batch 1634: NaN or Inf loss detected! Skipping batch.
2026-05-08 04:20:10,680 - __main__ - ERROR -   Batch 1635: NaN or Inf loss detected! Skipping batch.
2026-05-08 04:20:10,735 - __main__ - ERROR -   Batch 1636: NaN or Inf loss detected! Skipping batch.
2026-05-08 04:20:11,081 - __main__ - ERROR -   Batch 1637: NaN or Inf loss detected! Skipping batch.
2026-05-08 04:20:11,142 - __main__ - ERROR -   Batch 1638: NaN or Inf loss detected! Skipping batch.
2026-05-08 04:20:11,203 - __main__ - ERROR -   Batch 1639: NaN or Inf loss detected! Skipping batch.
2026-05-08 04:20:11,264 - __main__ - ERROR -   Batch 1640: NaN or Inf loss detected! Skipping batch.
2026-05-08 04:20:11,324 - __main__ - ERROR -   Batch 1641: NaN or Inf loss detected! Skipping batch.
2026-05-08 04:20:11,384 - __main__ - ERROR -   Batch 1642: NaN or Inf loss detected! Skipping batch.
2026-05-08 04:20:11,444 - __main__ - ERROR -   Batch 1643: NaN or Inf loss detected! Skipping batch.
2026-05-08 04:20:11,505 - __main__ - ERROR -   Batch 1644: NaN or Inf loss detected! Skipping batch.
2026-05-08 04:20:11,565 - __main__ - ERROR -   Batch 1645: NaN or Inf loss detected! Skipping batch.
2026-05-08 04:20:11,626 - __main__ - ERROR -   Batch 1646: NaN or Inf loss detected! Skipping batch.
2026-05-08 04:20:11,686 - __main__ - ERROR -   Batch 1647: NaN or Inf loss detected! Skipping batch.
2026-05-08 04:20:11,746 - __main__ - ERROR -   Batch 1648: NaN or Inf loss detected! Skipping batch.
2026-05-08 04:20:11,796 - __main__ - ERROR -   Batch 1649: NaN or Inf loss detected! Skipping batch.
2026-05-08 04:20:11,857 - __main__ - ERROR -   Batch 1650: NaN or Inf loss detected! Skipping batch.
2026-05-08 04:20:11,917 - __main__ - ERROR -   Batch 1651: NaN or Inf loss detected! Skipping batch.
2026-05-08 04:20:11,978 - __main__ - ERROR -   Batch 1652: NaN or Inf loss detected! Skipping batch.
2026-05-08 04:20:12,039 - __main__ - ERROR -   Batch 1653: NaN or Inf loss detected! Skipping batch.
2026-05-08 04:20:12,099 - __main__ - ERROR -   Batch 1654: NaN or Inf loss detected! Skipping batch.
2026-05-08 04:20:12,159 - __main__ - ERROR -   Batch 1655: NaN or Inf loss detected! Skipping batch.
2026-05-08 04:20:12,220 - __main__ - ERROR -   Batch 1656: NaN or Inf loss detected! Skipping batch.
2026-05-08 04:20:12,280 - __main__ - ERROR -   Batch 1657: NaN or Inf loss detected! Skipping batch.
2026-05-08 04:20:12,341 - __main__ - ERROR -   Batch 1658: NaN or Inf loss detected! Skipping batch.
2026-05-08 04:20:12,401 - __main__ - ERROR -   Batch 1659: NaN or Inf loss detected! Skipping batch.
2026-05-08 04:20:12,461 - __main__ - ERROR -   Batch 1660: NaN or Inf loss detected! Skipping batch.
2026-05-08 04:20:12,521 - __main__ - ERROR -   Batch 1661: NaN or Inf loss detected! Skipping batch.
2026-05-08 04:20:12,576 - __main__ - ERROR -   Batch 1662: NaN or Inf loss detected! Skipping batch.
2026-05-08 04:20:12,637 - __main__ - ERROR -   Batch 1663: NaN or Inf loss detected! Skipping batch.
2026-05-08 04:20:12,698 - __main__ - ERROR -   Batch 1664: NaN or Inf loss detected! Skipping batch.
2026-05-08 04:20:12,758 - __main__ - ERROR -   Batch 1665: NaN or Inf loss detected! Skipping batch.
2026-05-08 04:20:12,818 - __main__ - ERROR -   Batch 1666: NaN or Inf loss detected! Skipping batch.
2026-05-08 04:20:12,878 - __main__ - ERROR -   Batch 1667: NaN or Inf loss detected! Skipping batch.
2026-05-08 04:20:12,938 - __main__ - ERROR -   Batch 1668: NaN or Inf loss detected! Skipping batch.
2026-05-08 04:20:12,999 - __main__ - ERROR -   Batch 1669: NaN or Inf loss detected! Skipping batch.
2026-05-08 04:20:13,059 - __main__ - ERROR -   Batch 1670: NaN or Inf loss detected! Skipping batch.
2026-05-08 04:20:13,114 - __main__ - ERROR -   Batch 1671: NaN or Inf loss detected! Skipping batch.
2026-05-08 04:20:13,175 - __main__ - ERROR -   Batch 1672: NaN or Inf loss detected! Skipping batch.
2026-05-08 04:20:13,235 - __main__ - ERROR -   Batch 1673: NaN or Inf loss detected! Skipping batch.
2026-05-08 04:20:13,296 - __main__ - ERROR -   Batch 1674: NaN or Inf loss detected! Skipping batch.
2026-05-08 04:20:13,356 - __main__ - ERROR -   Batch 1675: NaN or Inf loss detected! Skipping batch.
2026-05-08 04:20:13,417 - __main__ - ERROR -   Batch 1676: NaN or Inf loss detected! Skipping batch.
2026-05-08 04:20:13,467 - __main__ - ERROR -   Batch 1677: NaN or Inf loss detected! Skipping batch.
2026-05-08 04:20:13,527 - __main__ - ERROR -   Batch 1678: NaN or Inf loss detected! Skipping batch.
2026-05-08 04:20:13,588 - __main__ - ERROR -   Batch 1679: NaN or Inf loss detected! Skipping batch.
2026-05-08 04:20:13,648 - __main__ - ERROR -   Batch 1680: NaN or Inf loss detected! Skipping batch.
2026-05-08 04:20:13,703 - __main__ - ERROR -   Batch 1681: NaN or Inf loss detected! Skipping batch.
2026-05-08 04:20:13,763 - __main__ - ERROR -   Batch 1682: NaN or Inf loss detected! Skipping batch.
2026-05-08 04:20:13,823 - __main__ - ERROR -   Batch 1683: NaN or Inf loss detected! Skipping batch.
2026-05-08 04:20:13,884 - __main__ - ERROR -   Batch 1684: NaN or Inf loss detected! Skipping batch.
2026-05-08 04:20:13,943 - __main__ - ERROR -   Batch 1685: NaN or Inf loss detected! Skipping batch.
2026-05-08 04:20:14,004 - __main__ - ERROR -   Batch 1686: NaN or Inf loss detected! Skipping batch.
2026-05-08 04:20:14,064 - __main__ - ERROR -   Batch 1687: NaN or Inf loss detected! Skipping batch.
2026-05-08 04:20:14,111 - __main__ - ERROR -   Batch 1688: NaN or Inf loss detected! Skipping batch.
2026-05-08 04:20:14,171 - __main__ - ERROR -   Batch 1689: NaN or Inf loss detected! Skipping batch.
2026-05-08 04:20:14,232 - __main__ - ERROR -   Batch 1690: NaN or Inf loss detected! Skipping batch.
2026-05-08 04:20:14,292 - __main__ - ERROR -   Batch 1691: NaN or Inf loss detected! Skipping batch.
2026-05-08 04:20:14,353 - __main__ - ERROR -   Batch 1692: NaN or Inf loss detected! Skipping batch.
2026-05-08 04:20:14,413 - __main__ - ERROR -   Batch 1693: NaN or Inf loss detected! Skipping batch.
2026-05-08 04:20:14,474 - __main__ - ERROR -   Batch 1694: NaN or Inf loss detected! Skipping batch.
2026-05-08 04:20:14,534 - __main__ - ERROR -   Batch 1695: NaN or Inf loss detected! Skipping batch.
2026-05-08 04:20:14,595 - __main__ - ERROR -   Batch 1696: NaN or Inf loss detected! Skipping batch.
2026-05-08 04:20:14,655 - __main__ - ERROR -   Batch 1697: NaN or Inf loss detected! Skipping batch.
2026-05-08 04:20:14,714 - __main__ - ERROR -   Batch 1698: NaN or Inf loss detected! Skipping batch.
2026-05-08 04:20:14,774 - __main__ - ERROR -   Batch 1699: NaN or Inf loss detected! Skipping batch.
2026-05-08 04:20:14,835 - __main__ - ERROR -   Batch 1700: NaN or Inf loss detected! Skipping batch.
2026-05-08 04:20:14,894 - __main__ - ERROR -   Batch 1701: NaN or Inf loss detected! Skipping batch.
2026-05-08 04:20:14,955 - __main__ - ERROR -   Batch 1702: NaN or Inf loss detected! Skipping batch.
2026-05-08 04:20:15,015 - __main__ - ERROR -   Batch 1703: NaN or Inf loss detected! Skipping batch.
2026-05-08 04:20:15,075 - __main__ - ERROR -   Batch 1704: NaN or Inf loss detected! Skipping batch.
2026-05-08 04:20:15,135 - __main__ - ERROR -   Batch 1705: NaN or Inf loss detected! Skipping batch.
2026-05-08 04:20:15,196 - __main__ - ERROR -   Batch 1706: NaN or Inf loss detected! Skipping batch.
2026-05-08 04:20:15,246 - __main__ - ERROR -   Batch 1707: NaN or Inf loss detected! Skipping batch.
2026-05-08 04:20:15,306 - __main__ - ERROR -   Batch 1708: NaN or Inf loss detected! Skipping batch.
2026-05-08 04:20:15,367 - __main__ - ERROR -   Batch 1709: NaN or Inf loss detected! Skipping batch.
2026-05-08 04:20:15,428 - __main__ - ERROR -   Batch 1710: NaN or Inf loss detected! Skipping batch.
2026-05-08 04:20:15,488 - __main__ - ERROR -   Batch 1711: NaN or Inf loss detected! Skipping batch.
2026-05-08 04:20:15,550 - __main__ - ERROR -   Batch 1712: NaN or Inf loss detected! Skipping batch.
2026-05-08 04:20:15,610 - __main__ - ERROR -   Batch 1713: NaN or Inf loss detected! Skipping batch.
2026-05-08 04:20:15,671 - __main__ - ERROR -   Batch 1714: NaN or Inf loss detected! Skipping batch.
2026-05-08 04:20:15,726 - __main__ - ERROR -   Batch 1715: NaN or Inf loss detected! Skipping batch.
2026-05-08 04:20:15,786 - __main__ - ERROR -   Batch 1716: NaN or Inf loss detected! Skipping batch.
2026-05-08 04:20:15,847 - __main__ - ERROR -   Batch 1717: NaN or Inf loss detected! Skipping batch.
2026-05-08 04:20:15,908 - __main__ - ERROR -   Batch 1718: NaN or Inf loss detected! Skipping batch.
2026-05-08 04:20:15,962 - __main__ - ERROR -   Batch 1719: NaN or Inf loss detected! Skipping batch.
2026-05-08 04:20:16,023 - __main__ - ERROR -   Batch 1720: NaN or Inf loss detected! Skipping batch.
2026-05-08 04:20:16,083 - __main__ - ERROR -   Batch 1721: NaN or Inf loss detected! Skipping batch.
2026-05-08 04:20:16,143 - __main__ - ERROR -   Batch 1722: NaN or Inf loss detected! Skipping batch.
2026-05-08 04:20:16,202 - __main__ - ERROR -   Batch 1723: NaN or Inf loss detected! Skipping batch.
2026-05-08 04:20:16,263 - __main__ - ERROR -   Batch 1724: NaN or Inf loss detected! Skipping batch.
2026-05-08 04:20:16,324 - __main__ - ERROR -   Batch 1725: NaN or Inf loss detected! Skipping batch.
2026-05-08 04:20:16,385 - __main__ - ERROR -   Batch 1726: NaN or Inf loss detected! Skipping batch.
2026-05-08 04:20:16,444 - __main__ - ERROR -   Batch 1727: NaN or Inf loss detected! Skipping batch.
2026-05-08 04:20:16,505 - __main__ - ERROR -   Batch 1728: NaN or Inf loss detected! Skipping batch.
2026-05-08 04:20:16,566 - __main__ - ERROR -   Batch 1729: NaN or Inf loss detected! Skipping batch.
2026-05-08 04:20:16,926 - __main__ - ERROR -   Batch 1730: NaN or Inf loss detected! Skipping batch.
2026-05-08 04:20:16,987 - __main__ - ERROR -   Batch 1731: NaN or Inf loss detected! Skipping batch.
2026-05-08 04:20:17,042 - __main__ - ERROR -   Batch 1732: NaN or Inf loss detected! Skipping batch.
2026-05-08 04:20:17,102 - __main__ - ERROR -   Batch 1733: NaN or Inf loss detected! Skipping batch.
2026-05-08 04:20:17,162 - __main__ - ERROR -   Batch 1734: NaN or Inf loss detected! Skipping batch.
2026-05-08 04:20:17,223 - __main__ - ERROR -   Batch 1735: NaN or Inf loss detected! Skipping batch.
2026-05-08 04:20:17,283 - __main__ - ERROR -   Batch 1736: NaN or Inf loss detected! Skipping batch.
2026-05-08 04:20:17,343 - __main__ - ERROR -   Batch 1737: NaN or Inf loss detected! Skipping batch.
2026-05-08 04:20:17,404 - __main__ - ERROR -   Batch 1738: NaN or Inf loss detected! Skipping batch.
2026-05-08 04:20:17,464 - __main__ - ERROR -   Batch 1739: NaN or Inf loss detected! Skipping batch.
2026-05-08 04:20:17,524 - __main__ - ERROR -   Batch 1740: NaN or Inf loss detected! Skipping batch.
2026-05-08 04:20:17,584 - __main__ - ERROR -   Batch 1741: NaN or Inf loss detected! Skipping batch.
2026-05-08 04:20:17,635 - __main__ - ERROR -   Batch 1742: NaN or Inf loss detected! Skipping batch.
2026-05-08 04:20:17,695 - __main__ - ERROR -   Batch 1743: NaN or Inf loss detected! Skipping batch.
2026-05-08 04:20:17,755 - __main__ - ERROR -   Batch 1744: NaN or Inf loss detected! Skipping batch.
2026-05-08 04:20:17,815 - __main__ - ERROR -   Batch 1745: NaN or Inf loss detected! Skipping batch.
2026-05-08 04:20:17,876 - __main__ - ERROR -   Batch 1746: NaN or Inf loss detected! Skipping batch.
2026-05-08 04:20:17,930 - __main__ - ERROR -   Batch 1747: NaN or Inf loss detected! Skipping batch.
2026-05-08 04:20:17,991 - __main__ - ERROR -   Batch 1748: NaN or Inf loss detected! Skipping batch.
2026-05-08 04:20:18,050 - __main__ - ERROR -   Batch 1749: NaN or Inf loss detected! Skipping batch.
2026-05-08 04:20:18,111 - __main__ - ERROR -   Batch 1750: NaN or Inf loss detected! Skipping batch.
2026-05-08 04:20:18,171 - __main__ - ERROR -   Batch 1751: NaN or Inf loss detected! Skipping batch.
2026-05-08 04:20:18,227 - __main__ - ERROR -   Batch 1752: NaN or Inf loss detected! Skipping batch.
2026-05-08 04:20:18,287 - __main__ - ERROR -   Batch 1753: NaN or Inf loss detected! Skipping batch.
2026-05-08 04:20:18,348 - __main__ - ERROR -   Batch 1754: NaN or Inf loss detected! Skipping batch.
2026-05-08 04:20:18,408 - __main__ - ERROR -   Batch 1755: NaN or Inf loss detected! Skipping batch.
2026-05-08 04:20:18,468 - __main__ - ERROR -   Batch 1756: NaN or Inf loss detected! Skipping batch.
2026-05-08 04:20:18,528 - __main__ - ERROR -   Batch 1757: NaN or Inf loss detected! Skipping batch.
2026-05-08 04:20:18,589 - __main__ - ERROR -   Batch 1758: NaN or Inf loss detected! Skipping batch.
2026-05-08 04:20:18,649 - __main__ - ERROR -   Batch 1759: NaN or Inf loss detected! Skipping batch.
2026-05-08 04:20:18,709 - __main__ - ERROR -   Batch 1760: NaN or Inf loss detected! Skipping batch.
2026-05-08 04:20:18,769 - __main__ - ERROR -   Batch 1761: NaN or Inf loss detected! Skipping batch.
2026-05-08 04:20:18,830 - __main__ - ERROR -   Batch 1762: NaN or Inf loss detected! Skipping batch.
2026-05-08 04:20:18,885 - __main__ - ERROR -   Batch 1763: NaN or Inf loss detected! Skipping batch.
2026-05-08 04:20:18,946 - __main__ - ERROR -   Batch 1764: NaN or Inf loss detected! Skipping batch.
2026-05-08 04:20:19,006 - __main__ - ERROR -   Batch 1765: NaN or Inf loss detected! Skipping batch.
2026-05-08 04:20:19,067 - __main__ - ERROR -   Batch 1766: NaN or Inf loss detected! Skipping batch.
2026-05-08 04:20:19,127 - __main__ - ERROR -   Batch 1767: NaN or Inf loss detected! Skipping batch.
2026-05-08 04:20:19,187 - __main__ - ERROR -   Batch 1768: NaN or Inf loss detected! Skipping batch.
2026-05-08 04:20:19,247 - __main__ - ERROR -   Batch 1769: NaN or Inf loss detected! Skipping batch.
2026-05-08 04:20:19,308 - __main__ - ERROR -   Batch 1770: NaN or Inf loss detected! Skipping batch.
2026-05-08 04:20:19,369 - __main__ - ERROR -   Batch 1771: NaN or Inf loss detected! Skipping batch.
2026-05-08 04:20:19,424 - __main__ - ERROR -   Batch 1772: NaN or Inf loss detected! Skipping batch.
2026-05-08 04:20:19,484 - __main__ - ERROR -   Batch 1773: NaN or Inf loss detected! Skipping batch.
2026-05-08 04:20:19,544 - __main__ - ERROR -   Batch 1774: NaN or Inf loss detected! Skipping batch.
2026-05-08 04:20:19,600 - __main__ - ERROR -   Batch 1775: NaN or Inf loss detected! Skipping batch.
2026-05-08 04:20:19,660 - __main__ - ERROR -   Batch 1776: NaN or Inf loss detected! Skipping batch.
2026-05-08 04:20:19,715 - __main__ - ERROR -   Batch 1777: NaN or Inf loss detected! Skipping batch.
2026-05-08 04:20:19,775 - __main__ - ERROR -   Batch 1778: NaN or Inf loss detected! Skipping batch.
2026-05-08 04:20:19,835 - __main__ - ERROR -   Batch 1779: NaN or Inf loss detected! Skipping batch.
2026-05-08 04:20:19,896 - __main__ - ERROR -   Batch 1780: NaN or Inf loss detected! Skipping batch.
2026-05-08 04:20:19,955 - __main__ - ERROR -   Batch 1781: NaN or Inf loss detected! Skipping batch.
2026-05-08 04:20:20,016 - __main__ - ERROR -   Batch 1782: NaN or Inf loss detected! Skipping batch.
2026-05-08 04:20:20,076 - __main__ - ERROR -   Batch 1783: NaN or Inf loss detected! Skipping batch.
2026-05-08 04:20:20,131 - __main__ - ERROR -   Batch 1784: NaN or Inf loss detected! Skipping batch.
2026-05-08 04:20:20,191 - __main__ - ERROR -   Batch 1785: NaN or Inf loss detected! Skipping batch.
2026-05-08 04:20:20,252 - __main__ - ERROR -   Batch 1786: NaN or Inf loss detected! Skipping batch.
2026-05-08 04:20:20,312 - __main__ - ERROR -   Batch 1787: NaN or Inf loss detected! Skipping batch.
2026-05-08 04:20:20,374 - __main__ - ERROR -   Batch 1788: NaN or Inf loss detected! Skipping batch.
2026-05-08 04:20:20,428 - __main__ - ERROR -   Batch 1789: NaN or Inf loss detected! Skipping batch.
2026-05-08 04:20:20,489 - __main__ - ERROR -   Batch 1790: NaN or Inf loss detected! Skipping batch.
2026-05-08 04:20:20,549 - __main__ - ERROR -   Batch 1791: NaN or Inf loss detected! Skipping batch.
2026-05-08 04:20:20,610 - __main__ - ERROR -   Batch 1792: NaN or Inf loss detected! Skipping batch.
2026-05-08 04:20:20,670 - __main__ - ERROR -   Batch 1793: NaN or Inf loss detected! Skipping batch.
2026-05-08 04:20:20,730 - __main__ - ERROR -   Batch 1794: NaN or Inf loss detected! Skipping batch.
2026-05-08 04:20:20,791 - __main__ - ERROR -   Batch 1795: NaN or Inf loss detected! Skipping batch.
2026-05-08 04:20:20,852 - __main__ - ERROR -   Batch 1796: NaN or Inf loss detected! Skipping batch.
2026-05-08 04:20:20,912 - __main__ - ERROR -   Batch 1797: NaN or Inf loss detected! Skipping batch.
2026-05-08 04:20:20,973 - __main__ - ERROR -   Batch 1798: NaN or Inf loss detected! Skipping batch.
2026-05-08 04:20:21,032 - __main__ - ERROR -   Batch 1799: NaN or Inf loss detected! Skipping batch.
2026-05-08 04:20:21,093 - __main__ - ERROR -   Batch 1800: NaN or Inf loss detected! Skipping batch.
2026-05-08 04:20:21,147 - __main__ - ERROR -   Batch 1801: NaN or Inf loss detected! Skipping batch.
2026-05-08 04:20:21,208 - __main__ - ERROR -   Batch 1802: NaN or Inf loss detected! Skipping batch.
2026-05-08 04:20:21,268 - __main__ - ERROR -   Batch 1803: NaN or Inf loss detected! Skipping batch.
2026-05-08 04:20:21,329 - __main__ - ERROR -   Batch 1804: NaN or Inf loss detected! Skipping batch.
2026-05-08 04:20:21,390 - __main__ - ERROR -   Batch 1805: NaN or Inf loss detected! Skipping batch.
2026-05-08 04:20:21,451 - __main__ - ERROR -   Batch 1806: NaN or Inf loss detected! Skipping batch.
2026-05-08 04:20:21,506 - __main__ - ERROR -   Batch 1807: NaN or Inf loss detected! Skipping batch.
2026-05-08 04:20:21,566 - __main__ - ERROR -   Batch 1808: NaN or Inf loss detected! Skipping batch.
2026-05-08 04:20:21,626 - __main__ - ERROR -   Batch 1809: NaN or Inf loss detected! Skipping batch.
2026-05-08 04:20:21,686 - __main__ - ERROR -   Batch 1810: NaN or Inf loss detected! Skipping batch.
2026-05-08 04:20:21,746 - __main__ - ERROR -   Batch 1811: NaN or Inf loss detected! Skipping batch.
2026-05-08 04:20:21,806 - __main__ - ERROR -   Batch 1812: NaN or Inf loss detected! Skipping batch.
2026-05-08 04:20:21,866 - __main__ - ERROR -   Batch 1813: NaN or Inf loss detected! Skipping batch.
2026-05-08 04:20:21,927 - __main__ - ERROR -   Batch 1814: NaN or Inf loss detected! Skipping batch.
2026-05-08 04:20:21,987 - __main__ - ERROR -   Batch 1815: NaN or Inf loss detected! Skipping batch.
2026-05-08 04:20:22,048 - __main__ - ERROR -   Batch 1816: NaN or Inf loss detected! Skipping batch.
2026-05-08 04:20:22,108 - __main__ - ERROR -   Batch 1817: NaN or Inf loss detected! Skipping batch.
2026-05-08 04:20:22,169 - __main__ - ERROR -   Batch 1818: NaN or Inf loss detected! Skipping batch.
2026-05-08 04:20:22,229 - __main__ - ERROR -   Batch 1819: NaN or Inf loss detected! Skipping batch.
2026-05-08 04:20:22,289 - __main__ - ERROR -   Batch 1820: NaN or Inf loss detected! Skipping batch.
2026-05-08 04:20:22,350 - __main__ - ERROR -   Batch 1821: NaN or Inf loss detected! Skipping batch.
2026-05-08 04:20:22,411 - __main__ - ERROR -   Batch 1822: NaN or Inf loss detected! Skipping batch.
2026-05-08 04:20:22,471 - __main__ - ERROR -   Batch 1823: NaN or Inf loss detected! Skipping batch.
2026-05-08 04:20:22,531 - __main__ - ERROR -   Batch 1824: NaN or Inf loss detected! Skipping batch.
2026-05-08 04:20:22,592 - __main__ - ERROR -   Batch 1825: NaN or Inf loss detected! Skipping batch.
2026-05-08 04:20:22,647 - __main__ - ERROR -   Batch 1826: NaN or Inf loss detected! Skipping batch.
2026-05-08 04:20:22,707 - __main__ - ERROR -   Batch 1827: NaN or Inf loss detected! Skipping batch.
2026-05-08 04:20:22,768 - __main__ - ERROR -   Batch 1828: NaN or Inf loss detected! Skipping batch.
2026-05-08 04:20:22,828 - __main__ - ERROR -   Batch 1829: NaN or Inf loss detected! Skipping batch.
2026-05-08 04:20:22,888 - __main__ - ERROR -   Batch 1830: NaN or Inf loss detected! Skipping batch.
2026-05-08 04:20:22,948 - __main__ - ERROR -   Batch 1831: NaN or Inf loss detected! Skipping batch.
2026-05-08 04:20:23,009 - __main__ - ERROR -   Batch 1832: NaN or Inf loss detected! Skipping batch.
2026-05-08 04:20:23,069 - __main__ - ERROR -   Batch 1833: NaN or Inf loss detected! Skipping batch.
2026-05-08 04:20:23,130 - __main__ - ERROR -   Batch 1834: NaN or Inf loss detected! Skipping batch.
2026-05-08 04:20:23,190 - __main__ - ERROR -   Batch 1835: NaN or Inf loss detected! Skipping batch.
2026-05-08 04:20:23,251 - __main__ - ERROR -   Batch 1836: NaN or Inf loss detected! Skipping batch.
2026-05-08 04:20:23,311 - __main__ - ERROR -   Batch 1837: NaN or Inf loss detected! Skipping batch.
2026-05-08 04:20:23,373 - __main__ - ERROR -   Batch 1838: NaN or Inf loss detected! Skipping batch.
2026-05-08 04:20:23,433 - __main__ - ERROR -   Batch 1839: NaN or Inf loss detected! Skipping batch.
2026-05-08 04:20:23,494 - __main__ - ERROR -   Batch 1840: NaN or Inf loss detected! Skipping batch.
2026-05-08 04:20:23,554 - __main__ - ERROR -   Batch 1841: NaN or Inf loss detected! Skipping batch.
2026-05-08 04:20:23,901 - __main__ - ERROR -   Batch 1842: NaN or Inf loss detected! Skipping batch.
2026-05-08 04:20:23,963 - __main__ - ERROR -   Batch 1843: NaN or Inf loss detected! Skipping batch.
2026-05-08 04:20:24,024 - __main__ - ERROR -   Batch 1844: NaN or Inf loss detected! Skipping batch.
2026-05-08 04:20:24,084 - __main__ - ERROR -   Batch 1845: NaN or Inf loss detected! Skipping batch.
2026-05-08 04:20:24,144 - __main__ - ERROR -   Batch 1846: NaN or Inf loss detected! Skipping batch.
2026-05-08 04:20:24,205 - __main__ - ERROR -   Batch 1847: NaN or Inf loss detected! Skipping batch.
2026-05-08 04:20:24,265 - __main__ - ERROR -   Batch 1848: NaN or Inf loss detected! Skipping batch.
2026-05-08 04:20:24,325 - __main__ - ERROR -   Batch 1849: NaN or Inf loss detected! Skipping batch.
2026-05-08 04:20:24,386 - __main__ - ERROR -   Batch 1850: NaN or Inf loss detected! Skipping batch.
2026-05-08 04:20:24,446 - __main__ - ERROR -   Batch 1851: NaN or Inf loss detected! Skipping batch.
2026-05-08 04:20:24,507 - __main__ - ERROR -   Batch 1852: NaN or Inf loss detected! Skipping batch.
2026-05-08 04:20:24,567 - __main__ - ERROR -   Batch 1853: NaN or Inf loss detected! Skipping batch.
2026-05-08 04:20:24,619 - __main__ - ERROR -   Batch 1854: NaN or Inf loss detected! Skipping batch.
2026-05-08 04:20:24,679 - __main__ - ERROR -   Batch 1855: NaN or Inf loss detected! Skipping batch.
2026-05-08 04:20:24,740 - __main__ - ERROR -   Batch 1856: NaN or Inf loss detected! Skipping batch.
2026-05-08 04:20:24,801 - __main__ - ERROR -   Batch 1857: NaN or Inf loss detected! Skipping batch.
2026-05-08 04:20:24,861 - __main__ - ERROR -   Batch 1858: NaN or Inf loss detected! Skipping batch.
2026-05-08 04:20:24,916 - __main__ - ERROR -   Batch 1859: NaN or Inf loss detected! Skipping batch.
2026-05-08 04:20:24,976 - __main__ - ERROR -   Batch 1860: NaN or Inf loss detected! Skipping batch.
2026-05-08 04:20:25,031 - __main__ - ERROR -   Batch 1861: NaN or Inf loss detected! Skipping batch.
2026-05-08 04:20:25,091 - __main__ - ERROR -   Batch 1862: NaN or Inf loss detected! Skipping batch.
2026-05-08 04:20:25,152 - __main__ - ERROR -   Batch 1863: NaN or Inf loss detected! Skipping batch.
2026-05-08 04:20:25,212 - __main__ - ERROR -   Batch 1864: NaN or Inf loss detected! Skipping batch.
2026-05-08 04:20:25,273 - __main__ - ERROR -   Batch 1865: NaN or Inf loss detected! Skipping batch.
2026-05-08 04:20:25,333 - __main__ - ERROR -   Batch 1866: NaN or Inf loss detected! Skipping batch.
2026-05-08 04:20:25,394 - __main__ - ERROR -   Batch 1867: NaN or Inf loss detected! Skipping batch.
2026-05-08 04:20:25,454 - __main__ - ERROR -   Batch 1868: NaN or Inf loss detected! Skipping batch.
2026-05-08 04:20:25,515 - __main__ - ERROR -   Batch 1869: NaN or Inf loss detected! Skipping batch.
2026-05-08 04:20:25,575 - __main__ - ERROR -   Batch 1870: NaN or Inf loss detected! Skipping batch.
2026-05-08 04:20:25,636 - __main__ - ERROR -   Batch 1871: NaN or Inf loss detected! Skipping batch.
2026-05-08 04:20:25,697 - __main__ - ERROR -   Batch 1872: NaN or Inf loss detected! Skipping batch.
2026-05-08 04:20:25,757 - __main__ - ERROR -   Batch 1873: NaN or Inf loss detected! Skipping batch.
2026-05-08 04:20:25,817 - __main__ - ERROR -   Batch 1874: NaN or Inf loss detected! Skipping batch.
2026-05-08 04:20:25,877 - __main__ - ERROR -   Batch 1875: NaN or Inf loss detected! Skipping batch.
2026-05-08 04:20:25,938 - __main__ - ERROR -   Batch 1876: NaN or Inf loss detected! Skipping batch.
2026-05-08 04:20:25,999 - __main__ - ERROR -   Batch 1877: NaN or Inf loss detected! Skipping batch.
2026-05-08 04:20:26,059 - __main__ - ERROR -   Batch 1878: NaN or Inf loss detected! Skipping batch.
2026-05-08 04:20:26,120 - __main__ - ERROR -   Batch 1879: NaN or Inf loss detected! Skipping batch.
2026-05-08 04:20:26,180 - __main__ - ERROR -   Batch 1880: NaN or Inf loss detected! Skipping batch.
2026-05-08 04:20:26,240 - __main__ - ERROR -   Batch 1881: NaN or Inf loss detected! Skipping batch.
2026-05-08 04:20:26,300 - __main__ - ERROR -   Batch 1882: NaN or Inf loss detected! Skipping batch.
2026-05-08 04:20:26,360 - __main__ - ERROR -   Batch 1883: NaN or Inf loss detected! Skipping batch.
2026-05-08 04:20:26,421 - __main__ - ERROR -   Batch 1884: NaN or Inf loss detected! Skipping batch.
2026-05-08 04:20:26,481 - __main__ - ERROR -   Batch 1885: NaN or Inf loss detected! Skipping batch.
2026-05-08 04:20:26,541 - __main__ - ERROR -   Batch 1886: NaN or Inf loss detected! Skipping batch.
2026-05-08 04:20:26,601 - __main__ - ERROR -   Batch 1887: NaN or Inf loss detected! Skipping batch.
2026-05-08 04:20:26,662 - __main__ - ERROR -   Batch 1888: NaN or Inf loss detected! Skipping batch.
2026-05-08 04:20:26,722 - __main__ - ERROR -   Batch 1889: NaN or Inf loss detected! Skipping batch.
2026-05-08 04:20:26,782 - __main__ - ERROR -   Batch 1890: NaN or Inf loss detected! Skipping batch.
2026-05-08 04:20:26,843 - __main__ - ERROR -   Batch 1891: NaN or Inf loss detected! Skipping batch.
2026-05-08 04:20:26,904 - __main__ - ERROR -   Batch 1892: NaN or Inf loss detected! Skipping batch.
2026-05-08 04:20:26,964 - __main__ - ERROR -   Batch 1893: NaN or Inf loss detected! Skipping batch.
2026-05-08 04:20:27,025 - __main__ - ERROR -   Batch 1894: NaN or Inf loss detected! Skipping batch.
2026-05-08 04:20:27,085 - __main__ - ERROR -   Batch 1895: NaN or Inf loss detected! Skipping batch.
2026-05-08 04:20:27,146 - __main__ - ERROR -   Batch 1896: NaN or Inf loss detected! Skipping batch.
2026-05-08 04:20:27,206 - __main__ - ERROR -   Batch 1897: NaN or Inf loss detected! Skipping batch.
2026-05-08 04:20:27,266 - __main__ - ERROR -   Batch 1898: NaN or Inf loss detected! Skipping batch.
2026-05-08 04:20:27,326 - __main__ - ERROR -   Batch 1899: NaN or Inf loss detected! Skipping batch.
2026-05-08 04:20:27,387 - __main__ - ERROR -   Batch 1900: NaN or Inf loss detected! Skipping batch.
2026-05-08 04:20:27,447 - __main__ - ERROR -   Batch 1901: NaN or Inf loss detected! Skipping batch.
2026-05-08 04:20:27,507 - __main__ - ERROR -   Batch 1902: NaN or Inf loss detected! Skipping batch.
2026-05-08 04:20:27,568 - __main__ - ERROR -   Batch 1903: NaN or Inf loss detected! Skipping batch.
2026-05-08 04:20:27,629 - __main__ - ERROR -   Batch 1904: NaN or Inf loss detected! Skipping batch.
2026-05-08 04:20:27,683 - __main__ - ERROR -   Batch 1905: NaN or Inf loss detected! Skipping batch.
2026-05-08 04:20:27,743 - __main__ - ERROR -   Batch 1906: NaN or Inf loss detected! Skipping batch.
2026-05-08 04:20:27,798 - __main__ - ERROR -   Batch 1907: NaN or Inf loss detected! Skipping batch.
2026-05-08 04:20:27,859 - __main__ - ERROR -   Batch 1908: NaN or Inf loss detected! Skipping batch.
2026-05-08 04:20:27,919 - __main__ - ERROR -   Batch 1909: NaN or Inf loss detected! Skipping batch.
2026-05-08 04:20:27,979 - __main__ - ERROR -   Batch 1910: NaN or Inf loss detected! Skipping batch.
2026-05-08 04:20:28,040 - __main__ - ERROR -   Batch 1911: NaN or Inf loss detected! Skipping batch.
2026-05-08 04:20:28,101 - __main__ - ERROR -   Batch 1912: NaN or Inf loss detected! Skipping batch.
2026-05-08 04:20:28,161 - __main__ - ERROR -   Batch 1913: NaN or Inf loss detected! Skipping batch.
2026-05-08 04:20:28,222 - __main__ - ERROR -   Batch 1914: NaN or Inf loss detected! Skipping batch.
2026-05-08 04:20:28,283 - __main__ - ERROR -   Batch 1915: NaN or Inf loss detected! Skipping batch.
2026-05-08 04:20:28,343 - __main__ - ERROR -   Batch 1916: NaN or Inf loss detected! Skipping batch.
2026-05-08 04:20:28,404 - __main__ - ERROR -   Batch 1917: NaN or Inf loss detected! Skipping batch.
2026-05-08 04:20:28,463 - __main__ - ERROR -   Batch 1918: NaN or Inf loss detected! Skipping batch.
2026-05-08 04:20:28,524 - __main__ - ERROR -   Batch 1919: NaN or Inf loss detected! Skipping batch.
2026-05-08 04:20:28,584 - __main__ - ERROR -   Batch 1920: NaN or Inf loss detected! Skipping batch.
2026-05-08 04:20:28,644 - __main__ - ERROR -   Batch 1921: NaN or Inf loss detected! Skipping batch.
2026-05-08 04:20:28,704 - __main__ - ERROR -   Batch 1922: NaN or Inf loss detected! Skipping batch.
2026-05-08 04:20:28,764 - __main__ - ERROR -   Batch 1923: NaN or Inf loss detected! Skipping batch.
2026-05-08 04:20:28,819 - __main__ - ERROR -   Batch 1924: NaN or Inf loss detected! Skipping batch.
2026-05-08 04:20:28,879 - __main__ - ERROR -   Batch 1925: NaN or Inf loss detected! Skipping batch.
2026-05-08 04:20:28,939 - __main__ - ERROR -   Batch 1926: NaN or Inf loss detected! Skipping batch.
2026-05-08 04:20:28,999 - __main__ - ERROR -   Batch 1927: NaN or Inf loss detected! Skipping batch.
2026-05-08 04:20:29,059 - __main__ - ERROR -   Batch 1928: NaN or Inf loss detected! Skipping batch.
2026-05-08 04:20:29,120 - __main__ - ERROR -   Batch 1929: NaN or Inf loss detected! Skipping batch.
2026-05-08 04:20:29,174 - __main__ - ERROR -   Batch 1930: NaN or Inf loss detected! Skipping batch.
2026-05-08 04:20:29,234 - __main__ - ERROR -   Batch 1931: NaN or Inf loss detected! Skipping batch.
2026-05-08 04:20:29,295 - __main__ - ERROR -   Batch 1932: NaN or Inf loss detected! Skipping batch.
2026-05-08 04:20:29,356 - __main__ - ERROR -   Batch 1933: NaN or Inf loss detected! Skipping batch.
2026-05-08 04:20:29,410 - __main__ - ERROR -   Batch 1934: NaN or Inf loss detected! Skipping batch.
2026-05-08 04:20:29,471 - __main__ - ERROR -   Batch 1935: NaN or Inf loss detected! Skipping batch.
2026-05-08 04:20:29,526 - __main__ - ERROR -   Batch 1936: NaN or Inf loss detected! Skipping batch.
2026-05-08 04:20:29,586 - __main__ - ERROR -   Batch 1937: NaN or Inf loss detected! Skipping batch.
2026-05-08 04:20:29,641 - __main__ - ERROR -   Batch 1938: NaN or Inf loss detected! Skipping batch.
2026-05-08 04:20:29,700 - __main__ - ERROR -   Batch 1939: NaN or Inf loss detected! Skipping batch.
2026-05-08 04:20:29,761 - __main__ - ERROR -   Batch 1940: NaN or Inf loss detected! Skipping batch.
2026-05-08 04:20:29,816 - __main__ - ERROR -   Batch 1941: NaN or Inf loss detected! Skipping batch.
2026-05-08 04:20:29,876 - __main__ - ERROR -   Batch 1942: NaN or Inf loss detected! Skipping batch.
2026-05-08 04:20:29,936 - __main__ - ERROR -   Batch 1943: NaN or Inf loss detected! Skipping batch.
2026-05-08 04:20:29,991 - __main__ - ERROR -   Batch 1944: NaN or Inf loss detected! Skipping batch.
2026-05-08 04:20:30,051 - __main__ - ERROR -   Batch 1945: NaN or Inf loss detected! Skipping batch.
2026-05-08 04:20:30,111 - __main__ - ERROR -   Batch 1946: NaN or Inf loss detected! Skipping batch.
2026-05-08 04:20:30,171 - __main__ - ERROR -   Batch 1947: NaN or Inf loss detected! Skipping batch.
2026-05-08 04:20:30,232 - __main__ - ERROR -   Batch 1948: NaN or Inf loss detected! Skipping batch.
2026-05-08 04:20:30,292 - __main__ - ERROR -   Batch 1949: NaN or Inf loss detected! Skipping batch.
2026-05-08 04:20:30,353 - __main__ - ERROR -   Batch 1950: NaN or Inf loss detected! Skipping batch.
2026-05-08 04:20:30,413 - __main__ - ERROR -   Batch 1951: NaN or Inf loss detected! Skipping batch.
2026-05-08 04:20:30,469 - __main__ - ERROR -   Batch 1952: NaN or Inf loss detected! Skipping batch.
2026-05-08 04:20:30,529 - __main__ - ERROR -   Batch 1953: NaN or Inf loss detected! Skipping batch.
2026-05-08 04:20:30,589 - __main__ - ERROR -   Batch 1954: NaN or Inf loss detected! Skipping batch.
2026-05-08 04:20:30,650 - __main__ - ERROR -   Batch 1955: NaN or Inf loss detected! Skipping batch.
2026-05-08 04:20:30,711 - __main__ - ERROR -   Batch 1956: NaN or Inf loss detected! Skipping batch.
2026-05-08 04:20:30,771 - __main__ - ERROR -   Batch 1957: NaN or Inf loss detected! Skipping batch.
2026-05-08 04:20:30,831 - __main__ - ERROR -   Batch 1958: NaN or Inf loss detected! Skipping batch.
2026-05-08 04:20:30,892 - __main__ - ERROR -   Batch 1959: NaN or Inf loss detected! Skipping batch.
2026-05-08 04:20:30,952 - __main__ - ERROR -   Batch 1960: NaN or Inf loss detected! Skipping batch.
2026-05-08 04:20:31,012 - __main__ - ERROR -   Batch 1961: NaN or Inf loss detected! Skipping batch.
2026-05-08 04:20:31,073 - __main__ - ERROR -   Batch 1962: NaN or Inf loss detected! Skipping batch.
2026-05-08 04:20:31,132 - __main__ - ERROR -   Batch 1963: NaN or Inf loss detected! Skipping batch.
2026-05-08 04:20:31,193 - __main__ - ERROR -   Batch 1964: NaN or Inf loss detected! Skipping batch.
2026-05-08 04:20:31,597 - __main__ - ERROR -   Batch 1965: NaN or Inf loss detected! Skipping batch.
2026-05-08 04:20:31,658 - __main__ - ERROR -   Batch 1966: NaN or Inf loss detected! Skipping batch.
2026-05-08 04:20:31,718 - __main__ - ERROR -   Batch 1967: NaN or Inf loss detected! Skipping batch.
2026-05-08 04:20:31,778 - __main__ - ERROR -   Batch 1968: NaN or Inf loss detected! Skipping batch.
2026-05-08 04:20:31,838 - __main__ - ERROR -   Batch 1969: NaN or Inf loss detected! Skipping batch.
2026-05-08 04:20:31,898 - __main__ - ERROR -   Batch 1970: NaN or Inf loss detected! Skipping batch.
2026-05-08 04:20:31,958 - __main__ - ERROR -   Batch 1971: NaN or Inf loss detected! Skipping batch.
2026-05-08 04:20:32,014 - __main__ - ERROR -   Batch 1972: NaN or Inf loss detected! Skipping batch.
2026-05-08 04:20:32,074 - __main__ - ERROR -   Batch 1973: NaN or Inf loss detected! Skipping batch.
2026-05-08 04:20:32,134 - __main__ - ERROR -   Batch 1974: NaN or Inf loss detected! Skipping batch.
2026-05-08 04:20:32,194 - __main__ - ERROR -   Batch 1975: NaN or Inf loss detected! Skipping batch.
2026-05-08 04:20:32,254 - __main__ - ERROR -   Batch 1976: NaN or Inf loss detected! Skipping batch.
2026-05-08 04:20:32,314 - __main__ - ERROR -   Batch 1977: NaN or Inf loss detected! Skipping batch.
2026-05-08 04:20:32,375 - __main__ - ERROR -   Batch 1978: NaN or Inf loss detected! Skipping batch.
2026-05-08 04:20:32,435 - __main__ - ERROR -   Batch 1979: NaN or Inf loss detected! Skipping batch.
2026-05-08 04:20:32,495 - __main__ - ERROR -   Batch 1980: NaN or Inf loss detected! Skipping batch.
2026-05-08 04:20:32,555 - __main__ - ERROR -   Batch 1981: NaN or Inf loss detected! Skipping batch.
2026-05-08 04:20:32,616 - __main__ - ERROR -   Batch 1982: NaN or Inf loss detected! Skipping batch.
2026-05-08 04:20:32,670 - __main__ - ERROR -   Batch 1983: NaN or Inf loss detected! Skipping batch.
2026-05-08 04:20:32,731 - __main__ - ERROR -   Batch 1984: NaN or Inf loss detected! Skipping batch.
2026-05-08 04:20:32,791 - __main__ - ERROR -   Batch 1985: NaN or Inf loss detected! Skipping batch.
2026-05-08 04:20:32,851 - __main__ - ERROR -   Batch 1986: NaN or Inf loss detected! Skipping batch.
2026-05-08 04:20:32,910 - __main__ - ERROR -   Batch 1987: NaN or Inf loss detected! Skipping batch.
2026-05-08 04:20:32,971 - __main__ - ERROR -   Batch 1988: NaN or Inf loss detected! Skipping batch.
2026-05-08 04:20:33,031 - __main__ - ERROR -   Batch 1989: NaN or Inf loss detected! Skipping batch.
2026-05-08 04:20:33,081 - __main__ - ERROR -   Batch 1990: NaN or Inf loss detected! Skipping batch.
2026-05-08 04:20:33,142 - __main__ - ERROR -   Batch 1991: NaN or Inf loss detected! Skipping batch.
2026-05-08 04:20:33,203 - __main__ - ERROR -   Batch 1992: NaN or Inf loss detected! Skipping batch.
2026-05-08 04:20:33,263 - __main__ - ERROR -   Batch 1993: NaN or Inf loss detected! Skipping batch.
2026-05-08 04:20:33,323 - __main__ - ERROR -   Batch 1994: NaN or Inf loss detected! Skipping batch.
2026-05-08 04:20:33,384 - __main__ - ERROR -   Batch 1995: NaN or Inf loss detected! Skipping batch.
2026-05-08 04:20:33,445 - __main__ - ERROR -   Batch 1996: NaN or Inf loss detected! Skipping batch.
2026-05-08 04:20:33,505 - __main__ - ERROR -   Batch 1997: NaN or Inf loss detected! Skipping batch.
2026-05-08 04:20:33,565 - __main__ - ERROR -   Batch 1998: NaN or Inf loss detected! Skipping batch.
2026-05-08 04:20:33,625 - __main__ - ERROR -   Batch 1999: NaN or Inf loss detected! Skipping batch.
2026-05-08 04:20:33,686 - __main__ - ERROR -   Batch 2000: NaN or Inf loss detected! Skipping batch.
2026-05-08 04:20:33,746 - __main__ - ERROR -   Batch 2001: NaN or Inf loss detected! Skipping batch.
2026-05-08 04:20:33,807 - __main__ - ERROR -   Batch 2002: NaN or Inf loss detected! Skipping batch.
2026-05-08 04:20:33,866 - __main__ - ERROR -   Batch 2003: NaN or Inf loss detected! Skipping batch.
2026-05-08 04:20:33,927 - __main__ - ERROR -   Batch 2004: NaN or Inf loss detected! Skipping batch.
2026-05-08 04:20:33,981 - __main__ - ERROR -   Batch 2005: NaN or Inf loss detected! Skipping batch.
2026-05-08 04:20:34,041 - __main__ - ERROR -   Batch 2006: NaN or Inf loss detected! Skipping batch.
2026-05-08 04:20:34,102 - __main__ - ERROR -   Batch 2007: NaN or Inf loss detected! Skipping batch.
2026-05-08 04:20:34,157 - __main__ - ERROR -   Batch 2008: NaN or Inf loss detected! Skipping batch.
2026-05-08 04:20:34,217 - __main__ - ERROR -   Batch 2009: NaN or Inf loss detected! Skipping batch.
2026-05-08 04:20:34,272 - __main__ - ERROR -   Batch 2010: NaN or Inf loss detected! Skipping batch.
2026-05-08 04:20:34,333 - __main__ - ERROR -   Batch 2011: NaN or Inf loss detected! Skipping batch.
2026-05-08 04:20:34,394 - __main__ - ERROR -   Batch 2012: NaN or Inf loss detected! Skipping batch.
2026-05-08 04:20:34,454 - __main__ - ERROR -   Batch 2013: NaN or Inf loss detected! Skipping batch.
2026-05-08 04:20:34,514 - __main__ - ERROR -   Batch 2014: NaN or Inf loss detected! Skipping batch.
2026-05-08 04:20:34,574 - __main__ - ERROR -   Batch 2015: NaN or Inf loss detected! Skipping batch.
2026-05-08 04:20:34,634 - __main__ - ERROR -   Batch 2016: NaN or Inf loss detected! Skipping batch.
2026-05-08 04:20:34,694 - __main__ - ERROR -   Batch 2017: NaN or Inf loss detected! Skipping batch.
2026-05-08 04:20:34,754 - __main__ - ERROR -   Batch 2018: NaN or Inf loss detected! Skipping batch.
2026-05-08 04:20:34,814 - __main__ - ERROR -   Batch 2019: NaN or Inf loss detected! Skipping batch.
2026-05-08 04:20:34,865 - __main__ - ERROR -   Batch 2020: NaN or Inf loss detected! Skipping batch.
2026-05-08 04:20:34,925 - __main__ - ERROR -   Batch 2021: NaN or Inf loss detected! Skipping batch.
2026-05-08 04:20:34,984 - __main__ - ERROR -   Batch 2022: NaN or Inf loss detected! Skipping batch.
2026-05-08 04:20:35,045 - __main__ - ERROR -   Batch 2023: NaN or Inf loss detected! Skipping batch.
2026-05-08 04:20:35,106 - __main__ - ERROR -   Batch 2024: NaN or Inf loss detected! Skipping batch.
2026-05-08 04:20:35,165 - __main__ - ERROR -   Batch 2025: NaN or Inf loss detected! Skipping batch.
2026-05-08 04:20:35,225 - __main__ - ERROR -   Batch 2026: NaN or Inf loss detected! Skipping batch.
2026-05-08 04:20:35,280 - __main__ - ERROR -   Batch 2027: NaN or Inf loss detected! Skipping batch.
2026-05-08 04:20:35,340 - __main__ - ERROR -   Batch 2028: NaN or Inf loss detected! Skipping batch.
2026-05-08 04:20:35,400 - __main__ - ERROR -   Batch 2029: NaN or Inf loss detected! Skipping batch.
2026-05-08 04:20:35,461 - __main__ - ERROR -   Batch 2030: NaN or Inf loss detected! Skipping batch.
2026-05-08 04:20:35,521 - __main__ - ERROR -   Batch 2031: NaN or Inf loss detected! Skipping batch.
2026-05-08 04:20:35,581 - __main__ - ERROR -   Batch 2032: NaN or Inf loss detected! Skipping batch.
2026-05-08 04:20:35,642 - __main__ - ERROR -   Batch 2033: NaN or Inf loss detected! Skipping batch.
2026-05-08 04:20:35,702 - __main__ - ERROR -   Batch 2034: NaN or Inf loss detected! Skipping batch.
2026-05-08 04:20:35,762 - __main__ - ERROR -   Batch 2035: NaN or Inf loss detected! Skipping batch.
2026-05-08 04:20:35,822 - __main__ - ERROR -   Batch 2036: NaN or Inf loss detected! Skipping batch.
2026-05-08 04:20:35,883 - __main__ - ERROR -   Batch 2037: NaN or Inf loss detected! Skipping batch.
2026-05-08 04:20:35,943 - __main__ - ERROR -   Batch 2038: NaN or Inf loss detected! Skipping batch.
2026-05-08 04:20:36,003 - __main__ - ERROR -   Batch 2039: NaN or Inf loss detected! Skipping batch.
2026-05-08 04:20:36,064 - __main__ - ERROR -   Batch 2040: NaN or Inf loss detected! Skipping batch.
2026-05-08 04:20:36,124 - __main__ - ERROR -   Batch 2041: NaN or Inf loss detected! Skipping batch.
2026-05-08 04:20:36,185 - __main__ - ERROR -   Batch 2042: NaN or Inf loss detected! Skipping batch.
2026-05-08 04:20:36,246 - __main__ - ERROR -   Batch 2043: NaN or Inf loss detected! Skipping batch.
2026-05-08 04:20:36,307 - __main__ - ERROR -   Batch 2044: NaN or Inf loss detected! Skipping batch.
2026-05-08 04:20:36,367 - __main__ - ERROR -   Batch 2045: NaN or Inf loss detected! Skipping batch.
2026-05-08 04:20:36,428 - __main__ - ERROR -   Batch 2046: NaN or Inf loss detected! Skipping batch.
2026-05-08 04:20:36,488 - __main__ - ERROR -   Batch 2047: NaN or Inf loss detected! Skipping batch.
2026-05-08 04:20:36,548 - __main__ - ERROR -   Batch 2048: NaN or Inf loss detected! Skipping batch.
2026-05-08 04:20:36,609 - __main__ - ERROR -   Batch 2049: NaN or Inf loss detected! Skipping batch.
2026-05-08 04:20:36,669 - __main__ - ERROR -   Batch 2050: NaN or Inf loss detected! Skipping batch.
2026-05-08 04:20:36,730 - __main__ - ERROR -   Batch 2051: NaN or Inf loss detected! Skipping batch.
2026-05-08 04:20:36,790 - __main__ - ERROR -   Batch 2052: NaN or Inf loss detected! Skipping batch.
2026-05-08 04:20:36,850 - __main__ - ERROR -   Batch 2053: NaN or Inf loss detected! Skipping batch.
2026-05-08 04:20:36,911 - __main__ - ERROR -   Batch 2054: NaN or Inf loss detected! Skipping batch.
2026-05-08 04:20:36,971 - __main__ - ERROR -   Batch 2055: NaN or Inf loss detected! Skipping batch.
2026-05-08 04:20:37,031 - __main__ - ERROR -   Batch 2056: NaN or Inf loss detected! Skipping batch.
2026-05-08 04:20:37,091 - __main__ - ERROR -   Batch 2057: NaN or Inf loss detected! Skipping batch.
2026-05-08 04:20:37,151 - __main__ - ERROR -   Batch 2058: NaN or Inf loss detected! Skipping batch.
2026-05-08 04:20:37,211 - __main__ - ERROR -   Batch 2059: NaN or Inf loss detected! Skipping batch.
2026-05-08 04:20:37,273 - __main__ - ERROR -   Batch 2060: NaN or Inf loss detected! Skipping batch.
2026-05-08 04:20:37,333 - __main__ - ERROR -   Batch 2061: NaN or Inf loss detected! Skipping batch.
2026-05-08 04:20:37,393 - __main__ - ERROR -   Batch 2062: NaN or Inf loss detected! Skipping batch.
2026-05-08 04:20:37,454 - __main__ - ERROR -   Batch 2063: NaN or Inf loss detected! Skipping batch.
2026-05-08 04:20:37,515 - __main__ - ERROR -   Batch 2064: NaN or Inf loss detected! Skipping batch.
2026-05-08 04:20:37,575 - __main__ - ERROR -   Batch 2065: NaN or Inf loss detected! Skipping batch.
2026-05-08 04:20:37,635 - __main__ - ERROR -   Batch 2066: NaN or Inf loss detected! Skipping batch.
2026-05-08 04:20:37,696 - __main__ - ERROR -   Batch 2067: NaN or Inf loss detected! Skipping batch.
2026-05-08 04:20:37,757 - __main__ - ERROR -   Batch 2068: NaN or Inf loss detected! Skipping batch.
2026-05-08 04:20:37,817 - __main__ - ERROR -   Batch 2069: NaN or Inf loss detected! Skipping batch.
2026-05-08 04:20:37,878 - __main__ - ERROR -   Batch 2070: NaN or Inf loss detected! Skipping batch.
2026-05-08 04:20:37,938 - __main__ - ERROR -   Batch 2071: NaN or Inf loss detected! Skipping batch.
2026-05-08 04:20:37,998 - __main__ - ERROR -   Batch 2072: NaN or Inf loss detected! Skipping batch.
2026-05-08 04:20:38,058 - __main__ - ERROR -   Batch 2073: NaN or Inf loss detected! Skipping batch.
2026-05-08 04:20:38,119 - __main__ - ERROR -   Batch 2074: NaN or Inf loss detected! Skipping batch.
2026-05-08 04:20:38,179 - __main__ - ERROR -   Batch 2075: NaN or Inf loss detected! Skipping batch.
2026-05-08 04:20:38,240 - __main__ - ERROR -   Batch 2076: NaN or Inf loss detected! Skipping batch.
2026-05-08 04:20:38,574 - __main__ - ERROR -   Batch 2077: NaN or Inf loss detected! Skipping batch.
2026-05-08 04:20:38,635 - __main__ - ERROR -   Batch 2078: NaN or Inf loss detected! Skipping batch.
2026-05-08 04:20:38,696 - __main__ - ERROR -   Batch 2079: NaN or Inf loss detected! Skipping batch.
2026-05-08 04:20:38,756 - __main__ - ERROR -   Batch 2080: NaN or Inf loss detected! Skipping batch.
2026-05-08 04:20:38,816 - __main__ - ERROR -   Batch 2081: NaN or Inf loss detected! Skipping batch.
2026-05-08 04:20:38,877 - __main__ - ERROR -   Batch 2082: NaN or Inf loss detected! Skipping batch.
2026-05-08 04:20:38,937 - __main__ - ERROR -   Batch 2083: NaN or Inf loss detected! Skipping batch.
2026-05-08 04:20:38,998 - __main__ - ERROR -   Batch 2084: NaN or Inf loss detected! Skipping batch.
2026-05-08 04:20:39,058 - __main__ - ERROR -   Batch 2085: NaN or Inf loss detected! Skipping batch.
2026-05-08 04:20:39,118 - __main__ - ERROR -   Batch 2086: NaN or Inf loss detected! Skipping batch.
2026-05-08 04:20:39,178 - __main__ - ERROR -   Batch 2087: NaN or Inf loss detected! Skipping batch.
2026-05-08 04:20:39,238 - __main__ - ERROR -   Batch 2088: NaN or Inf loss detected! Skipping batch.
2026-05-08 04:20:39,292 - __main__ - ERROR -   Batch 2089: NaN or Inf loss detected! Skipping batch.
2026-05-08 04:20:39,352 - __main__ - ERROR -   Batch 2090: NaN or Inf loss detected! Skipping batch.
2026-05-08 04:20:39,412 - __main__ - ERROR -   Batch 2091: NaN or Inf loss detected! Skipping batch.
2026-05-08 04:20:39,472 - __main__ - ERROR -   Batch 2092: NaN or Inf loss detected! Skipping batch.
2026-05-08 04:20:39,533 - __main__ - ERROR -   Batch 2093: NaN or Inf loss detected! Skipping batch.
2026-05-08 04:20:39,593 - __main__ - ERROR -   Batch 2094: NaN or Inf loss detected! Skipping batch.
2026-05-08 04:20:39,620 - __main__ - ERROR -   Batch 2095: NaN or Inf loss detected! Skipping batch.
2026-05-08 04:20:39,746 - __main__ - INFO - Epoch 2 complete in 131.07s | avg_loss=0.0000 | batches: 0 succeeded, 2095 skipped (OOM/NaN)
2026-05-08 04:20:39,746 - __main__ - WARNING -   WARNING: 100.0% of batches were skipped this epoch!
2026-05-08 04:20:39,748 - __main__ - INFO -   Loss trend: 2.6405 → 0.0000 (-2.6405) ↓ improving
2026-05-08 04:20:39,748 - __main__ - INFO - Train Loss: 0.0000
2026-05-08 04:20:39,748 - __main__ - INFO - Evaluating on dev set...
2026-05-08 04:20:39,749 - __main__ - INFO - Starting evaluation on 462 samples
Evaluating:   0%|          | 0/58 [00:00<?, ?it/s]Evaluating:   2%|▏         | 1/58 [00:00<00:18,  3.03it/s]Evaluating:   5%|▌         | 3/58 [00:00<00:06,  8.14it/s]Evaluating:   9%|▊         | 5/58 [00:00<00:04, 11.40it/s]Evaluating:  12%|█▏        | 7/58 [00:00<00:03, 13.79it/s]Evaluating:  16%|█▌        | 9/58 [00:00<00:03, 15.56it/s]2026-05-08 04:20:40,551 - __main__ - INFO -   Evaluation progress: 10/58 batches (12.47 batches/s)
Evaluating:  19%|█▉        | 11/58 [00:00<00:02, 16.43it/s]Evaluating:  22%|██▏       | 13/58 [00:00<00:02, 16.79it/s]Evaluating:  26%|██▌       | 15/58 [00:01<00:02, 17.29it/s]Evaluating:  29%|██▉       | 17/58 [00:01<00:02, 17.84it/s]Evaluating:  33%|███▎      | 19/58 [00:01<00:02, 18.27it/s]2026-05-08 04:20:41,090 - __main__ - INFO -   Evaluation progress: 20/58 batches (14.91 batches/s)
Evaluating:  36%|███▌      | 21/58 [00:01<00:01, 18.52it/s]Evaluating:  40%|███▉      | 23/58 [00:01<00:01, 18.70it/s]Evaluating:  43%|████▎     | 25/58 [00:01<00:01, 18.29it/s]Evaluating:  47%|████▋     | 27/58 [00:01<00:01, 18.06it/s]Evaluating:  50%|█████     | 29/58 [00:01<00:01, 17.89it/s]2026-05-08 04:20:41,642 - __main__ - INFO -   Evaluation progress: 30/58 batches (15.84 batches/s)
Evaluating:  53%|█████▎    | 31/58 [00:01<00:01, 17.79it/s]Evaluating:  57%|█████▋    | 33/58 [00:02<00:01, 17.71it/s]Evaluating:  60%|██████    | 35/58 [00:02<00:01, 17.68it/s]Evaluating:  64%|██████▍   | 37/58 [00:02<00:01, 17.64it/s]Evaluating:  67%|██████▋   | 39/58 [00:02<00:01, 17.61it/s]2026-05-08 04:20:42,212 - __main__ - INFO -   Evaluation progress: 40/58 batches (16.24 batches/s)
Evaluating:  71%|███████   | 41/58 [00:02<00:00, 17.57it/s]Evaluating:  74%|███████▍  | 43/58 [00:02<00:00, 17.58it/s]Evaluating:  78%|███████▊  | 45/58 [00:02<00:00, 17.55it/s]Evaluating:  81%|████████  | 47/58 [00:02<00:00, 17.56it/s]Evaluating:  84%|████████▍ | 49/58 [00:02<00:00, 17.55it/s]2026-05-08 04:20:42,782 - __main__ - INFO -   Evaluation progress: 50/58 batches (16.48 batches/s)
Evaluating:  88%|████████▊ | 51/58 [00:03<00:00, 17.57it/s]Evaluating:  91%|█████████▏| 53/58 [00:03<00:00, 17.59it/s]Evaluating:  95%|█████████▍| 55/58 [00:03<00:00, 17.60it/s]Evaluating:  98%|█████████▊| 57/58 [00:03<00:00, 17.61it/s]                                                           2026-05-08 04:20:43,323 - __main__ - INFO -   Prediction sample (first 20):
2026-05-08 04:20:43,323 - __main__ - INFO -     Predicted: [0, 0, 0, 0, 0, 0, 0, 0, 0, 0, 0, 0, 0, 0, 0, 0, 0, 0, 0, 0]
2026-05-08 04:20:43,323 - __main__ - INFO -     Gold:      [3, 4, 4, 13, 12, 12, 11, 10, 10, 9, 8, 10, 11, 11, 12, 11, 10, 9, 10, 10]
2026-05-08 04:20:43,323 - __main__ - INFO -     Abs error: [3, 4, 4, 13, 12, 12, 11, 10, 10, 9, 8, 10, 11, 11, 12, 11, 10, 9, 10, 10] (mean=9.50)
2026-05-08 04:20:43,324 - __main__ - INFO -   Per-position accuracy (top 10 classes):
2026-05-08 04:20:43,324 - __main__ - INFO -     Position  3: 0.000 accuracy (1 samples)
2026-05-08 04:20:43,324 - __main__ - INFO -     Position  4: 0.000 accuracy (2 samples)
2026-05-08 04:20:43,324 - __main__ - INFO -     Position  7: 0.000 accuracy (1 samples)
2026-05-08 04:20:43,324 - __main__ - INFO -     Position  8: 0.000 accuracy (3 samples)
2026-05-08 04:20:43,324 - __main__ - INFO -     Position  9: 0.000 accuracy (17 samples)
2026-05-08 04:20:43,324 - __main__ - INFO - Evaluation complete in 3.58s
2026-05-08 04:20:43,324 - __main__ - INFO -   Loss: nan, Accuracy: 0.0000, Precision: 0.0000, Recall: 0.0000, F1: 0.0000
2026-05-08 04:20:43,324 - __main__ - INFO - Dev Loss: nan
2026-05-08 04:20:43,325 - __main__ - INFO - Dev Accuracy: 0.0000
2026-05-08 04:20:43,325 - __main__ - INFO -   No improvement for 2 epochs
2026-05-08 04:20:44,655 - __main__ - INFO - Saved checkpoint to /scratch/user/s4901673/ircbert_runs/checkpoints/checkpoint_epoch_2.pt
2026-05-08 04:20:44,656 - __main__ - INFO - Epoch 3/3
2026-05-08 04:20:44,656 - __main__ - INFO - --------------------------------------------------------------------------------
2026-05-08 04:20:44,657 - __main__ - INFO - Epoch 3: Peak memory stats reset.
2026-05-08 04:20:44,657 - __main__ - INFO - Starting epoch 3 with 2095 batches
2026-05-08 04:20:44,862 - __main__ - INFO -   [Epoch 3 Batch 0 SANITY CHECK]
2026-05-08 04:20:44,863 - __main__ - INFO -     input_ids shape : [8, 15, 128]  (batch x max_C x seq_len)
2026-05-08 04:20:44,863 - __main__ - INFO -     features shape  : [8, 15, 5]
2026-05-08 04:20:44,863 - __main__ - INFO -     labels shape    : [8]
2026-05-08 04:20:44,863 - __main__ - INFO -     Candidate counts per sample: min=10 max=15 mean=11.5
2026-05-08 04:20:44,863 - __main__ - INFO -     Label values: [12, 9, 10, 9, 10, 14, 11, 9]
2026-05-08 04:20:44,863 - __main__ - INFO -     Label distribution (this batch): {9: 3, 10: 2, 11: 1, 12: 1, 14: 1}
2026-05-08 04:20:44,932 - __main__ - ERROR -   Batch 1: NaN or Inf loss detected! Skipping batch.
2026-05-08 04:20:44,992 - __main__ - ERROR -   Batch 2: NaN or Inf loss detected! Skipping batch.
2026-05-08 04:20:45,052 - __main__ - ERROR -   Batch 3: NaN or Inf loss detected! Skipping batch.
2026-05-08 04:20:45,112 - __main__ - ERROR -   Batch 4: NaN or Inf loss detected! Skipping batch.
2026-05-08 04:20:45,172 - __main__ - ERROR -   Batch 5: NaN or Inf loss detected! Skipping batch.
2026-05-08 04:20:45,232 - __main__ - ERROR -   Batch 6: NaN or Inf loss detected! Skipping batch.
2026-05-08 04:20:45,288 - __main__ - ERROR -   Batch 7: NaN or Inf loss detected! Skipping batch.
2026-05-08 04:20:45,348 - __main__ - ERROR -   Batch 8: NaN or Inf loss detected! Skipping batch.
2026-05-08 04:20:45,409 - __main__ - ERROR -   Batch 9: NaN or Inf loss detected! Skipping batch.
2026-05-08 04:20:45,469 - __main__ - ERROR -   Batch 10: NaN or Inf loss detected! Skipping batch.
2026-05-08 04:20:45,529 - __main__ - ERROR -   Batch 11: NaN or Inf loss detected! Skipping batch.
2026-05-08 04:20:45,590 - __main__ - ERROR -   Batch 12: NaN or Inf loss detected! Skipping batch.
2026-05-08 04:20:45,651 - __main__ - ERROR -   Batch 13: NaN or Inf loss detected! Skipping batch.
2026-05-08 04:20:45,711 - __main__ - ERROR -   Batch 14: NaN or Inf loss detected! Skipping batch.
2026-05-08 04:20:45,772 - __main__ - ERROR -   Batch 15: NaN or Inf loss detected! Skipping batch.
2026-05-08 04:20:45,832 - __main__ - ERROR -   Batch 16: NaN or Inf loss detected! Skipping batch.
2026-05-08 04:20:45,892 - __main__ - ERROR -   Batch 17: NaN or Inf loss detected! Skipping batch.
2026-05-08 04:20:45,952 - __main__ - ERROR -   Batch 18: NaN or Inf loss detected! Skipping batch.
2026-05-08 04:20:46,012 - __main__ - ERROR -   Batch 19: NaN or Inf loss detected! Skipping batch.
2026-05-08 04:20:46,073 - __main__ - ERROR -   Batch 20: NaN or Inf loss detected! Skipping batch.
2026-05-08 04:20:46,133 - __main__ - ERROR -   Batch 21: NaN or Inf loss detected! Skipping batch.
2026-05-08 04:20:46,193 - __main__ - ERROR -   Batch 22: NaN or Inf loss detected! Skipping batch.
2026-05-08 04:20:46,254 - __main__ - ERROR -   Batch 23: NaN or Inf loss detected! Skipping batch.
2026-05-08 04:20:46,314 - __main__ - ERROR -   Batch 24: NaN or Inf loss detected! Skipping batch.
2026-05-08 04:20:46,375 - __main__ - ERROR -   Batch 25: NaN or Inf loss detected! Skipping batch.
2026-05-08 04:20:46,437 - __main__ - ERROR -   Batch 26: NaN or Inf loss detected! Skipping batch.
2026-05-08 04:20:46,498 - __main__ - ERROR -   Batch 27: NaN or Inf loss detected! Skipping batch.
2026-05-08 04:20:46,558 - __main__ - ERROR -   Batch 28: NaN or Inf loss detected! Skipping batch.
2026-05-08 04:20:46,618 - __main__ - ERROR -   Batch 29: NaN or Inf loss detected! Skipping batch.
2026-05-08 04:20:46,678 - __main__ - ERROR -   Batch 30: NaN or Inf loss detected! Skipping batch.
2026-05-08 04:20:46,738 - __main__ - ERROR -   Batch 31: NaN or Inf loss detected! Skipping batch.
2026-05-08 04:20:46,798 - __main__ - ERROR -   Batch 32: NaN or Inf loss detected! Skipping batch.
2026-05-08 04:20:46,853 - __main__ - ERROR -   Batch 33: NaN or Inf loss detected! Skipping batch.
2026-05-08 04:20:46,914 - __main__ - ERROR -   Batch 34: NaN or Inf loss detected! Skipping batch.
2026-05-08 04:20:46,974 - __main__ - ERROR -   Batch 35: NaN or Inf loss detected! Skipping batch.
2026-05-08 04:20:47,029 - __main__ - ERROR -   Batch 36: NaN or Inf loss detected! Skipping batch.
2026-05-08 04:20:47,089 - __main__ - ERROR -   Batch 37: NaN or Inf loss detected! Skipping batch.
2026-05-08 04:20:47,149 - __main__ - ERROR -   Batch 38: NaN or Inf loss detected! Skipping batch.
2026-05-08 04:20:47,210 - __main__ - ERROR -   Batch 39: NaN or Inf loss detected! Skipping batch.
2026-05-08 04:20:47,265 - __main__ - ERROR -   Batch 40: NaN or Inf loss detected! Skipping batch.
2026-05-08 04:20:47,325 - __main__ - ERROR -   Batch 41: NaN or Inf loss detected! Skipping batch.
2026-05-08 04:20:47,385 - __main__ - ERROR -   Batch 42: NaN or Inf loss detected! Skipping batch.
2026-05-08 04:20:47,440 - __main__ - ERROR -   Batch 43: NaN or Inf loss detected! Skipping batch.
2026-05-08 04:20:47,500 - __main__ - ERROR -   Batch 44: NaN or Inf loss detected! Skipping batch.
2026-05-08 04:20:47,560 - __main__ - ERROR -   Batch 45: NaN or Inf loss detected! Skipping batch.
2026-05-08 04:20:47,620 - __main__ - ERROR -   Batch 46: NaN or Inf loss detected! Skipping batch.
2026-05-08 04:20:47,680 - __main__ - ERROR -   Batch 47: NaN or Inf loss detected! Skipping batch.
2026-05-08 04:20:47,740 - __main__ - ERROR -   Batch 48: NaN or Inf loss detected! Skipping batch.
2026-05-08 04:20:47,800 - __main__ - ERROR -   Batch 49: NaN or Inf loss detected! Skipping batch.
2026-05-08 04:20:47,860 - __main__ - ERROR -   Batch 50: NaN or Inf loss detected! Skipping batch.
2026-05-08 04:20:47,919 - __main__ - ERROR -   Batch 51: NaN or Inf loss detected! Skipping batch.
2026-05-08 04:20:47,980 - __main__ - ERROR -   Batch 52: NaN or Inf loss detected! Skipping batch.
2026-05-08 04:20:48,034 - __main__ - ERROR -   Batch 53: NaN or Inf loss detected! Skipping batch.
2026-05-08 04:20:48,095 - __main__ - ERROR -   Batch 54: NaN or Inf loss detected! Skipping batch.
2026-05-08 04:20:48,155 - __main__ - ERROR -   Batch 55: NaN or Inf loss detected! Skipping batch.
2026-05-08 04:20:48,205 - __main__ - ERROR -   Batch 56: NaN or Inf loss detected! Skipping batch.
2026-05-08 04:20:48,265 - __main__ - ERROR -   Batch 57: NaN or Inf loss detected! Skipping batch.
2026-05-08 04:20:48,326 - __main__ - ERROR -   Batch 58: NaN or Inf loss detected! Skipping batch.
2026-05-08 04:20:48,386 - __main__ - ERROR -   Batch 59: NaN or Inf loss detected! Skipping batch.
2026-05-08 04:20:48,446 - __main__ - ERROR -   Batch 60: NaN or Inf loss detected! Skipping batch.
2026-05-08 04:20:48,506 - __main__ - ERROR -   Batch 61: NaN or Inf loss detected! Skipping batch.
2026-05-08 04:20:48,566 - __main__ - ERROR -   Batch 62: NaN or Inf loss detected! Skipping batch.
2026-05-08 04:20:48,627 - __main__ - ERROR -   Batch 63: NaN or Inf loss detected! Skipping batch.
2026-05-08 04:20:48,687 - __main__ - ERROR -   Batch 64: NaN or Inf loss detected! Skipping batch.
2026-05-08 04:20:48,748 - __main__ - ERROR -   Batch 65: NaN or Inf loss detected! Skipping batch.
2026-05-08 04:20:48,807 - __main__ - ERROR -   Batch 66: NaN or Inf loss detected! Skipping batch.
2026-05-08 04:20:48,867 - __main__ - ERROR -   Batch 67: NaN or Inf loss detected! Skipping batch.
2026-05-08 04:20:48,928 - __main__ - ERROR -   Batch 68: NaN or Inf loss detected! Skipping batch.
2026-05-08 04:20:48,989 - __main__ - ERROR -   Batch 69: NaN or Inf loss detected! Skipping batch.
2026-05-08 04:20:49,049 - __main__ - ERROR -   Batch 70: NaN or Inf loss detected! Skipping batch.
2026-05-08 04:20:49,109 - __main__ - ERROR -   Batch 71: NaN or Inf loss detected! Skipping batch.
2026-05-08 04:20:49,169 - __main__ - ERROR -   Batch 72: NaN or Inf loss detected! Skipping batch.
2026-05-08 04:20:49,229 - __main__ - ERROR -   Batch 73: NaN or Inf loss detected! Skipping batch.
2026-05-08 04:20:49,289 - __main__ - ERROR -   Batch 74: NaN or Inf loss detected! Skipping batch.
2026-05-08 04:20:49,350 - __main__ - ERROR -   Batch 75: NaN or Inf loss detected! Skipping batch.
2026-05-08 04:20:49,410 - __main__ - ERROR -   Batch 76: NaN or Inf loss detected! Skipping batch.
2026-05-08 04:20:49,470 - __main__ - ERROR -   Batch 77: NaN or Inf loss detected! Skipping batch.
2026-05-08 04:20:49,530 - __main__ - ERROR -   Batch 78: NaN or Inf loss detected! Skipping batch.
2026-05-08 04:20:49,591 - __main__ - ERROR -   Batch 79: NaN or Inf loss detected! Skipping batch.
2026-05-08 04:20:49,651 - __main__ - ERROR -   Batch 80: NaN or Inf loss detected! Skipping batch.
2026-05-08 04:20:49,711 - __main__ - ERROR -   Batch 81: NaN or Inf loss detected! Skipping batch.
2026-05-08 04:20:49,772 - __main__ - ERROR -   Batch 82: NaN or Inf loss detected! Skipping batch.
2026-05-08 04:20:49,832 - __main__ - ERROR -   Batch 83: NaN or Inf loss detected! Skipping batch.
2026-05-08 04:20:49,892 - __main__ - ERROR -   Batch 84: NaN or Inf loss detected! Skipping batch.
2026-05-08 04:20:49,946 - __main__ - ERROR -   Batch 85: NaN or Inf loss detected! Skipping batch.
2026-05-08 04:20:50,006 - __main__ - ERROR -   Batch 86: NaN or Inf loss detected! Skipping batch.
2026-05-08 04:20:50,066 - __main__ - ERROR -   Batch 87: NaN or Inf loss detected! Skipping batch.
2026-05-08 04:20:50,127 - __main__ - ERROR -   Batch 88: NaN or Inf loss detected! Skipping batch.
2026-05-08 04:20:50,187 - __main__ - ERROR -   Batch 89: NaN or Inf loss detected! Skipping batch.
2026-05-08 04:20:50,714 - __main__ - ERROR -   Batch 90: NaN or Inf loss detected! Skipping batch.
2026-05-08 04:20:50,770 - __main__ - ERROR -   Batch 91: NaN or Inf loss detected! Skipping batch.
2026-05-08 04:20:50,825 - __main__ - ERROR -   Batch 92: NaN or Inf loss detected! Skipping batch.
2026-05-08 04:20:50,885 - __main__ - ERROR -   Batch 93: NaN or Inf loss detected! Skipping batch.
2026-05-08 04:20:50,945 - __main__ - ERROR -   Batch 94: NaN or Inf loss detected! Skipping batch.
2026-05-08 04:20:51,006 - __main__ - ERROR -   Batch 95: NaN or Inf loss detected! Skipping batch.
2026-05-08 04:20:51,060 - __main__ - ERROR -   Batch 96: NaN or Inf loss detected! Skipping batch.
2026-05-08 04:20:51,121 - __main__ - ERROR -   Batch 97: NaN or Inf loss detected! Skipping batch.
2026-05-08 04:20:51,181 - __main__ - ERROR -   Batch 98: NaN or Inf loss detected! Skipping batch.
2026-05-08 04:20:51,242 - __main__ - ERROR -   Batch 99: NaN or Inf loss detected! Skipping batch.
2026-05-08 04:20:51,302 - __main__ - ERROR -   Batch 100: NaN or Inf loss detected! Skipping batch.
2026-05-08 04:20:51,362 - __main__ - ERROR -   Batch 101: NaN or Inf loss detected! Skipping batch.
2026-05-08 04:20:51,423 - __main__ - ERROR -   Batch 102: NaN or Inf loss detected! Skipping batch.
2026-05-08 04:20:51,482 - __main__ - ERROR -   Batch 103: NaN or Inf loss detected! Skipping batch.
2026-05-08 04:20:51,543 - __main__ - ERROR -   Batch 104: NaN or Inf loss detected! Skipping batch.
2026-05-08 04:20:51,605 - __main__ - ERROR -   Batch 105: NaN or Inf loss detected! Skipping batch.
2026-05-08 04:20:51,659 - __main__ - ERROR -   Batch 106: NaN or Inf loss detected! Skipping batch.
2026-05-08 04:20:51,720 - __main__ - ERROR -   Batch 107: NaN or Inf loss detected! Skipping batch.
2026-05-08 04:20:51,780 - __main__ - ERROR -   Batch 108: NaN or Inf loss detected! Skipping batch.
2026-05-08 04:20:51,840 - __main__ - ERROR -   Batch 109: NaN or Inf loss detected! Skipping batch.
2026-05-08 04:20:51,900 - __main__ - ERROR -   Batch 110: NaN or Inf loss detected! Skipping batch.
2026-05-08 04:20:51,961 - __main__ - ERROR -   Batch 111: NaN or Inf loss detected! Skipping batch.
2026-05-08 04:20:52,023 - __main__ - ERROR -   Batch 112: NaN or Inf loss detected! Skipping batch.
2026-05-08 04:20:52,078 - __main__ - ERROR -   Batch 113: NaN or Inf loss detected! Skipping batch.
2026-05-08 04:20:52,138 - __main__ - ERROR -   Batch 114: NaN or Inf loss detected! Skipping batch.
2026-05-08 04:20:52,198 - __main__ - ERROR -   Batch 115: NaN or Inf loss detected! Skipping batch.
2026-05-08 04:20:52,258 - __main__ - ERROR -   Batch 116: NaN or Inf loss detected! Skipping batch.
2026-05-08 04:20:52,319 - __main__ - ERROR -   Batch 117: NaN or Inf loss detected! Skipping batch.
2026-05-08 04:20:52,379 - __main__ - ERROR -   Batch 118: NaN or Inf loss detected! Skipping batch.
2026-05-08 04:20:52,439 - __main__ - ERROR -   Batch 119: NaN or Inf loss detected! Skipping batch.
2026-05-08 04:20:52,500 - __main__ - ERROR -   Batch 120: NaN or Inf loss detected! Skipping batch.
2026-05-08 04:20:52,554 - __main__ - ERROR -   Batch 121: NaN or Inf loss detected! Skipping batch.
2026-05-08 04:20:52,614 - __main__ - ERROR -   Batch 122: NaN or Inf loss detected! Skipping batch.
2026-05-08 04:20:52,674 - __main__ - ERROR -   Batch 123: NaN or Inf loss detected! Skipping batch.
2026-05-08 04:20:52,736 - __main__ - ERROR -   Batch 124: NaN or Inf loss detected! Skipping batch.
2026-05-08 04:20:52,796 - __main__ - ERROR -   Batch 125: NaN or Inf loss detected! Skipping batch.
2026-05-08 04:20:52,850 - __main__ - ERROR -   Batch 126: NaN or Inf loss detected! Skipping batch.
2026-05-08 04:20:52,911 - __main__ - ERROR -   Batch 127: NaN or Inf loss detected! Skipping batch.
2026-05-08 04:20:52,971 - __main__ - ERROR -   Batch 128: NaN or Inf loss detected! Skipping batch.
2026-05-08 04:20:53,025 - __main__ - ERROR -   Batch 129: NaN or Inf loss detected! Skipping batch.
2026-05-08 04:20:53,085 - __main__ - ERROR -   Batch 130: NaN or Inf loss detected! Skipping batch.
2026-05-08 04:20:53,145 - __main__ - ERROR -   Batch 131: NaN or Inf loss detected! Skipping batch.
2026-05-08 04:20:53,206 - __main__ - ERROR -   Batch 132: NaN or Inf loss detected! Skipping batch.
2026-05-08 04:20:53,266 - __main__ - ERROR -   Batch 133: NaN or Inf loss detected! Skipping batch.
2026-05-08 04:20:53,326 - __main__ - ERROR -   Batch 134: NaN or Inf loss detected! Skipping batch.
2026-05-08 04:20:53,387 - __main__ - ERROR -   Batch 135: NaN or Inf loss detected! Skipping batch.
2026-05-08 04:20:53,448 - __main__ - ERROR -   Batch 136: NaN or Inf loss detected! Skipping batch.
2026-05-08 04:20:53,502 - __main__ - ERROR -   Batch 137: NaN or Inf loss detected! Skipping batch.
2026-05-08 04:20:53,563 - __main__ - ERROR -   Batch 138: NaN or Inf loss detected! Skipping batch.
2026-05-08 04:20:53,623 - __main__ - ERROR -   Batch 139: NaN or Inf loss detected! Skipping batch.
2026-05-08 04:20:53,682 - __main__ - ERROR -   Batch 140: NaN or Inf loss detected! Skipping batch.
2026-05-08 04:20:53,743 - __main__ - ERROR -   Batch 141: NaN or Inf loss detected! Skipping batch.
2026-05-08 04:20:53,803 - __main__ - ERROR -   Batch 142: NaN or Inf loss detected! Skipping batch.
2026-05-08 04:20:53,863 - __main__ - ERROR -   Batch 143: NaN or Inf loss detected! Skipping batch.
2026-05-08 04:20:53,924 - __main__ - ERROR -   Batch 144: NaN or Inf loss detected! Skipping batch.
2026-05-08 04:20:53,984 - __main__ - ERROR -   Batch 145: NaN or Inf loss detected! Skipping batch.
2026-05-08 04:20:54,044 - __main__ - ERROR -   Batch 146: NaN or Inf loss detected! Skipping batch.
2026-05-08 04:20:54,104 - __main__ - ERROR -   Batch 147: NaN or Inf loss detected! Skipping batch.
2026-05-08 04:20:54,165 - __main__ - ERROR -   Batch 148: NaN or Inf loss detected! Skipping batch.
2026-05-08 04:20:54,225 - __main__ - ERROR -   Batch 149: NaN or Inf loss detected! Skipping batch.
2026-05-08 04:20:54,285 - __main__ - ERROR -   Batch 150: NaN or Inf loss detected! Skipping batch.
2026-05-08 04:20:54,345 - __main__ - ERROR -   Batch 151: NaN or Inf loss detected! Skipping batch.
2026-05-08 04:20:54,405 - __main__ - ERROR -   Batch 152: NaN or Inf loss detected! Skipping batch.
2026-05-08 04:20:54,465 - __main__ - ERROR -   Batch 153: NaN or Inf loss detected! Skipping batch.
2026-05-08 04:20:54,520 - __main__ - ERROR -   Batch 154: NaN or Inf loss detected! Skipping batch.
2026-05-08 04:20:54,580 - __main__ - ERROR -   Batch 155: NaN or Inf loss detected! Skipping batch.
2026-05-08 04:20:54,640 - __main__ - ERROR -   Batch 156: NaN or Inf loss detected! Skipping batch.
2026-05-08 04:20:54,695 - __main__ - ERROR -   Batch 157: NaN or Inf loss detected! Skipping batch.
2026-05-08 04:20:54,755 - __main__ - ERROR -   Batch 158: NaN or Inf loss detected! Skipping batch.
2026-05-08 04:20:54,816 - __main__ - ERROR -   Batch 159: NaN or Inf loss detected! Skipping batch.
2026-05-08 04:20:54,876 - __main__ - ERROR -   Batch 160: NaN or Inf loss detected! Skipping batch.
2026-05-08 04:20:54,936 - __main__ - ERROR -   Batch 161: NaN or Inf loss detected! Skipping batch.
2026-05-08 04:20:54,996 - __main__ - ERROR -   Batch 162: NaN or Inf loss detected! Skipping batch.
2026-05-08 04:20:55,057 - __main__ - ERROR -   Batch 163: NaN or Inf loss detected! Skipping batch.
2026-05-08 04:20:55,103 - __main__ - ERROR -   Batch 164: NaN or Inf loss detected! Skipping batch.
2026-05-08 04:20:55,163 - __main__ - ERROR -   Batch 165: NaN or Inf loss detected! Skipping batch.
2026-05-08 04:20:55,223 - __main__ - ERROR -   Batch 166: NaN or Inf loss detected! Skipping batch.
2026-05-08 04:20:55,284 - __main__ - ERROR -   Batch 167: NaN or Inf loss detected! Skipping batch.
2026-05-08 04:20:55,344 - __main__ - ERROR -   Batch 168: NaN or Inf loss detected! Skipping batch.
2026-05-08 04:20:55,404 - __main__ - ERROR -   Batch 169: NaN or Inf loss detected! Skipping batch.
2026-05-08 04:20:55,465 - __main__ - ERROR -   Batch 170: NaN or Inf loss detected! Skipping batch.
2026-05-08 04:20:55,525 - __main__ - ERROR -   Batch 171: NaN or Inf loss detected! Skipping batch.
2026-05-08 04:20:55,586 - __main__ - ERROR -   Batch 172: NaN or Inf loss detected! Skipping batch.
2026-05-08 04:20:55,646 - __main__ - ERROR -   Batch 173: NaN or Inf loss detected! Skipping batch.
2026-05-08 04:20:55,707 - __main__ - ERROR -   Batch 174: NaN or Inf loss detected! Skipping batch.
2026-05-08 04:20:55,761 - __main__ - ERROR -   Batch 175: NaN or Inf loss detected! Skipping batch.
2026-05-08 04:20:55,821 - __main__ - ERROR -   Batch 176: NaN or Inf loss detected! Skipping batch.
2026-05-08 04:20:55,876 - __main__ - ERROR -   Batch 177: NaN or Inf loss detected! Skipping batch.
2026-05-08 04:20:55,931 - __main__ - ERROR -   Batch 178: NaN or Inf loss detected! Skipping batch.
2026-05-08 04:20:55,991 - __main__ - ERROR -   Batch 179: NaN or Inf loss detected! Skipping batch.
2026-05-08 04:20:56,041 - __main__ - ERROR -   Batch 180: NaN or Inf loss detected! Skipping batch.
2026-05-08 04:20:56,091 - __main__ - ERROR -   Batch 181: NaN or Inf loss detected! Skipping batch.
2026-05-08 04:20:56,151 - __main__ - ERROR -   Batch 182: NaN or Inf loss detected! Skipping batch.
2026-05-08 04:20:56,210 - __main__ - ERROR -   Batch 183: NaN or Inf loss detected! Skipping batch.
2026-05-08 04:20:56,271 - __main__ - ERROR -   Batch 184: NaN or Inf loss detected! Skipping batch.
2026-05-08 04:20:56,331 - __main__ - ERROR -   Batch 185: NaN or Inf loss detected! Skipping batch.
2026-05-08 04:20:56,392 - __main__ - ERROR -   Batch 186: NaN or Inf loss detected! Skipping batch.
2026-05-08 04:20:56,452 - __main__ - ERROR -   Batch 187: NaN or Inf loss detected! Skipping batch.
2026-05-08 04:20:56,512 - __main__ - ERROR -   Batch 188: NaN or Inf loss detected! Skipping batch.
2026-05-08 04:20:56,573 - __main__ - ERROR -   Batch 189: NaN or Inf loss detected! Skipping batch.
2026-05-08 04:20:56,634 - __main__ - ERROR -   Batch 190: NaN or Inf loss detected! Skipping batch.
2026-05-08 04:20:57,051 - __main__ - ERROR -   Batch 191: NaN or Inf loss detected! Skipping batch.
2026-05-08 04:20:57,112 - __main__ - ERROR -   Batch 192: NaN or Inf loss detected! Skipping batch.
2026-05-08 04:20:57,172 - __main__ - ERROR -   Batch 193: NaN or Inf loss detected! Skipping batch.
2026-05-08 04:20:57,233 - __main__ - ERROR -   Batch 194: NaN or Inf loss detected! Skipping batch.
2026-05-08 04:20:57,293 - __main__ - ERROR -   Batch 195: NaN or Inf loss detected! Skipping batch.
2026-05-08 04:20:57,353 - __main__ - ERROR -   Batch 196: NaN or Inf loss detected! Skipping batch.
2026-05-08 04:20:57,414 - __main__ - ERROR -   Batch 197: NaN or Inf loss detected! Skipping batch.
2026-05-08 04:20:57,469 - __main__ - ERROR -   Batch 198: NaN or Inf loss detected! Skipping batch.
2026-05-08 04:20:57,529 - __main__ - ERROR -   Batch 199: NaN or Inf loss detected! Skipping batch.
2026-05-08 04:20:57,589 - __main__ - ERROR -   Batch 200: NaN or Inf loss detected! Skipping batch.
2026-05-08 04:20:57,649 - __main__ - ERROR -   Batch 201: NaN or Inf loss detected! Skipping batch.
2026-05-08 04:20:57,710 - __main__ - ERROR -   Batch 202: NaN or Inf loss detected! Skipping batch.
2026-05-08 04:20:57,770 - __main__ - ERROR -   Batch 203: NaN or Inf loss detected! Skipping batch.
2026-05-08 04:20:57,830 - __main__ - ERROR -   Batch 204: NaN or Inf loss detected! Skipping batch.
2026-05-08 04:20:57,890 - __main__ - ERROR -   Batch 205: NaN or Inf loss detected! Skipping batch.
2026-05-08 04:20:57,950 - __main__ - ERROR -   Batch 206: NaN or Inf loss detected! Skipping batch.
2026-05-08 04:20:58,011 - __main__ - ERROR -   Batch 207: NaN or Inf loss detected! Skipping batch.
2026-05-08 04:20:58,071 - __main__ - ERROR -   Batch 208: NaN or Inf loss detected! Skipping batch.
2026-05-08 04:20:58,131 - __main__ - ERROR -   Batch 209: NaN or Inf loss detected! Skipping batch.
2026-05-08 04:20:58,191 - __main__ - ERROR -   Batch 210: NaN or Inf loss detected! Skipping batch.
2026-05-08 04:20:58,252 - __main__ - ERROR -   Batch 211: NaN or Inf loss detected! Skipping batch.
2026-05-08 04:20:58,312 - __main__ - ERROR -   Batch 212: NaN or Inf loss detected! Skipping batch.
2026-05-08 04:20:58,372 - __main__ - ERROR -   Batch 213: NaN or Inf loss detected! Skipping batch.
2026-05-08 04:20:58,433 - __main__ - ERROR -   Batch 214: NaN or Inf loss detected! Skipping batch.
2026-05-08 04:20:58,494 - __main__ - ERROR -   Batch 215: NaN or Inf loss detected! Skipping batch.
2026-05-08 04:20:58,549 - __main__ - ERROR -   Batch 216: NaN or Inf loss detected! Skipping batch.
2026-05-08 04:20:58,609 - __main__ - ERROR -   Batch 217: NaN or Inf loss detected! Skipping batch.
2026-05-08 04:20:58,669 - __main__ - ERROR -   Batch 218: NaN or Inf loss detected! Skipping batch.
2026-05-08 04:20:58,729 - __main__ - ERROR -   Batch 219: NaN or Inf loss detected! Skipping batch.
2026-05-08 04:20:58,789 - __main__ - ERROR -   Batch 220: NaN or Inf loss detected! Skipping batch.
2026-05-08 04:20:58,849 - __main__ - ERROR -   Batch 221: NaN or Inf loss detected! Skipping batch.
2026-05-08 04:20:58,909 - __main__ - ERROR -   Batch 222: NaN or Inf loss detected! Skipping batch.
2026-05-08 04:20:58,969 - __main__ - ERROR -   Batch 223: NaN or Inf loss detected! Skipping batch.
2026-05-08 04:20:59,023 - __main__ - ERROR -   Batch 224: NaN or Inf loss detected! Skipping batch.
2026-05-08 04:20:59,084 - __main__ - ERROR -   Batch 225: NaN or Inf loss detected! Skipping batch.
2026-05-08 04:20:59,144 - __main__ - ERROR -   Batch 226: NaN or Inf loss detected! Skipping batch.
2026-05-08 04:20:59,199 - __main__ - ERROR -   Batch 227: NaN or Inf loss detected! Skipping batch.
2026-05-08 04:20:59,259 - __main__ - ERROR -   Batch 228: NaN or Inf loss detected! Skipping batch.
2026-05-08 04:20:59,319 - __main__ - ERROR -   Batch 229: NaN or Inf loss detected! Skipping batch.
2026-05-08 04:20:59,379 - __main__ - ERROR -   Batch 230: NaN or Inf loss detected! Skipping batch.
2026-05-08 04:20:59,434 - __main__ - ERROR -   Batch 231: NaN or Inf loss detected! Skipping batch.
2026-05-08 04:20:59,494 - __main__ - ERROR -   Batch 232: NaN or Inf loss detected! Skipping batch.
2026-05-08 04:20:59,554 - __main__ - ERROR -   Batch 233: NaN or Inf loss detected! Skipping batch.
2026-05-08 04:20:59,614 - __main__ - ERROR -   Batch 234: NaN or Inf loss detected! Skipping batch.
2026-05-08 04:20:59,676 - __main__ - ERROR -   Batch 235: NaN or Inf loss detected! Skipping batch.
2026-05-08 04:20:59,736 - __main__ - ERROR -   Batch 236: NaN or Inf loss detected! Skipping batch.
2026-05-08 04:20:59,797 - __main__ - ERROR -   Batch 237: NaN or Inf loss detected! Skipping batch.
2026-05-08 04:20:59,857 - __main__ - ERROR -   Batch 238: NaN or Inf loss detected! Skipping batch.
2026-05-08 04:20:59,917 - __main__ - ERROR -   Batch 239: NaN or Inf loss detected! Skipping batch.
2026-05-08 04:20:59,977 - __main__ - ERROR -   Batch 240: NaN or Inf loss detected! Skipping batch.
2026-05-08 04:21:00,037 - __main__ - ERROR -   Batch 241: NaN or Inf loss detected! Skipping batch.
2026-05-08 04:21:00,097 - __main__ - ERROR -   Batch 242: NaN or Inf loss detected! Skipping batch.
2026-05-08 04:21:00,158 - __main__ - ERROR -   Batch 243: NaN or Inf loss detected! Skipping batch.
2026-05-08 04:21:00,219 - __main__ - ERROR -   Batch 244: NaN or Inf loss detected! Skipping batch.
2026-05-08 04:21:00,279 - __main__ - ERROR -   Batch 245: NaN or Inf loss detected! Skipping batch.
2026-05-08 04:21:00,339 - __main__ - ERROR -   Batch 246: NaN or Inf loss detected! Skipping batch.
2026-05-08 04:21:00,393 - __main__ - ERROR -   Batch 247: NaN or Inf loss detected! Skipping batch.
2026-05-08 04:21:00,453 - __main__ - ERROR -   Batch 248: NaN or Inf loss detected! Skipping batch.
2026-05-08 04:21:00,513 - __main__ - ERROR -   Batch 249: NaN or Inf loss detected! Skipping batch.
2026-05-08 04:21:00,573 - __main__ - ERROR -   Batch 250: NaN or Inf loss detected! Skipping batch.
2026-05-08 04:21:00,628 - __main__ - ERROR -   Batch 251: NaN or Inf loss detected! Skipping batch.
2026-05-08 04:21:00,688 - __main__ - ERROR -   Batch 252: NaN or Inf loss detected! Skipping batch.
2026-05-08 04:21:00,749 - __main__ - ERROR -   Batch 253: NaN or Inf loss detected! Skipping batch.
2026-05-08 04:21:00,809 - __main__ - ERROR -   Batch 254: NaN or Inf loss detected! Skipping batch.
2026-05-08 04:21:00,869 - __main__ - ERROR -   Batch 255: NaN or Inf loss detected! Skipping batch.
2026-05-08 04:21:00,930 - __main__ - ERROR -   Batch 256: NaN or Inf loss detected! Skipping batch.
2026-05-08 04:21:00,990 - __main__ - ERROR -   Batch 257: NaN or Inf loss detected! Skipping batch.
2026-05-08 04:21:01,051 - __main__ - ERROR -   Batch 258: NaN or Inf loss detected! Skipping batch.
2026-05-08 04:21:01,111 - __main__ - ERROR -   Batch 259: NaN or Inf loss detected! Skipping batch.
2026-05-08 04:21:01,171 - __main__ - ERROR -   Batch 260: NaN or Inf loss detected! Skipping batch.
2026-05-08 04:21:01,231 - __main__ - ERROR -   Batch 261: NaN or Inf loss detected! Skipping batch.
2026-05-08 04:21:01,291 - __main__ - ERROR -   Batch 262: NaN or Inf loss detected! Skipping batch.
2026-05-08 04:21:01,351 - __main__ - ERROR -   Batch 263: NaN or Inf loss detected! Skipping batch.
2026-05-08 04:21:01,412 - __main__ - ERROR -   Batch 264: NaN or Inf loss detected! Skipping batch.
2026-05-08 04:21:01,472 - __main__ - ERROR -   Batch 265: NaN or Inf loss detected! Skipping batch.
2026-05-08 04:21:01,532 - __main__ - ERROR -   Batch 266: NaN or Inf loss detected! Skipping batch.
2026-05-08 04:21:01,592 - __main__ - ERROR -   Batch 267: NaN or Inf loss detected! Skipping batch.
2026-05-08 04:21:01,652 - __main__ - ERROR -   Batch 268: NaN or Inf loss detected! Skipping batch.
2026-05-08 04:21:01,713 - __main__ - ERROR -   Batch 269: NaN or Inf loss detected! Skipping batch.
2026-05-08 04:21:01,772 - __main__ - ERROR -   Batch 270: NaN or Inf loss detected! Skipping batch.
2026-05-08 04:21:01,833 - __main__ - ERROR -   Batch 271: NaN or Inf loss detected! Skipping batch.
2026-05-08 04:21:01,893 - __main__ - ERROR -   Batch 272: NaN or Inf loss detected! Skipping batch.
2026-05-08 04:21:01,954 - __main__ - ERROR -   Batch 273: NaN or Inf loss detected! Skipping batch.
2026-05-08 04:21:02,014 - __main__ - ERROR -   Batch 274: NaN or Inf loss detected! Skipping batch.
2026-05-08 04:21:02,075 - __main__ - ERROR -   Batch 275: NaN or Inf loss detected! Skipping batch.
2026-05-08 04:21:02,135 - __main__ - ERROR -   Batch 276: NaN or Inf loss detected! Skipping batch.
2026-05-08 04:21:02,196 - __main__ - ERROR -   Batch 277: NaN or Inf loss detected! Skipping batch.
2026-05-08 04:21:02,256 - __main__ - ERROR -   Batch 278: NaN or Inf loss detected! Skipping batch.
2026-05-08 04:21:02,316 - __main__ - ERROR -   Batch 279: NaN or Inf loss detected! Skipping batch.
2026-05-08 04:21:02,376 - __main__ - ERROR -   Batch 280: NaN or Inf loss detected! Skipping batch.
2026-05-08 04:21:02,436 - __main__ - ERROR -   Batch 281: NaN or Inf loss detected! Skipping batch.
2026-05-08 04:21:02,497 - __main__ - ERROR -   Batch 282: NaN or Inf loss detected! Skipping batch.
2026-05-08 04:21:02,557 - __main__ - ERROR -   Batch 283: NaN or Inf loss detected! Skipping batch.
2026-05-08 04:21:02,617 - __main__ - ERROR -   Batch 284: NaN or Inf loss detected! Skipping batch.
2026-05-08 04:21:02,677 - __main__ - ERROR -   Batch 285: NaN or Inf loss detected! Skipping batch.
2026-05-08 04:21:02,738 - __main__ - ERROR -   Batch 286: NaN or Inf loss detected! Skipping batch.
2026-05-08 04:21:02,797 - __main__ - ERROR -   Batch 287: NaN or Inf loss detected! Skipping batch.
2026-05-08 04:21:02,858 - __main__ - ERROR -   Batch 288: NaN or Inf loss detected! Skipping batch.
2026-05-08 04:21:02,918 - __main__ - ERROR -   Batch 289: NaN or Inf loss detected! Skipping batch.
2026-05-08 04:21:02,978 - __main__ - ERROR -   Batch 290: NaN or Inf loss detected! Skipping batch.
2026-05-08 04:21:03,038 - __main__ - ERROR -   Batch 291: NaN or Inf loss detected! Skipping batch.
2026-05-08 04:21:03,098 - __main__ - ERROR -   Batch 292: NaN or Inf loss detected! Skipping batch.
2026-05-08 04:21:03,158 - __main__ - ERROR -   Batch 293: NaN or Inf loss detected! Skipping batch.
2026-05-08 04:21:03,218 - __main__ - ERROR -   Batch 294: NaN or Inf loss detected! Skipping batch.
2026-05-08 04:21:03,278 - __main__ - ERROR -   Batch 295: NaN or Inf loss detected! Skipping batch.
2026-05-08 04:21:03,338 - __main__ - ERROR -   Batch 296: NaN or Inf loss detected! Skipping batch.
2026-05-08 04:21:03,399 - __main__ - ERROR -   Batch 297: NaN or Inf loss detected! Skipping batch.
2026-05-08 04:21:03,459 - __main__ - ERROR -   Batch 298: NaN or Inf loss detected! Skipping batch.
2026-05-08 04:21:03,520 - __main__ - ERROR -   Batch 299: NaN or Inf loss detected! Skipping batch.
2026-05-08 04:21:03,580 - __main__ - ERROR -   Batch 300: NaN or Inf loss detected! Skipping batch.
2026-05-08 04:21:03,635 - __main__ - ERROR -   Batch 301: NaN or Inf loss detected! Skipping batch.
2026-05-08 04:21:03,695 - __main__ - ERROR -   Batch 302: NaN or Inf loss detected! Skipping batch.
2026-05-08 04:21:04,103 - __main__ - ERROR -   Batch 303: NaN or Inf loss detected! Skipping batch.
2026-05-08 04:21:04,154 - __main__ - ERROR -   Batch 304: NaN or Inf loss detected! Skipping batch.
2026-05-08 04:21:04,214 - __main__ - ERROR -   Batch 305: NaN or Inf loss detected! Skipping batch.
2026-05-08 04:21:04,274 - __main__ - ERROR -   Batch 306: NaN or Inf loss detected! Skipping batch.
2026-05-08 04:21:04,334 - __main__ - ERROR -   Batch 307: NaN or Inf loss detected! Skipping batch.
2026-05-08 04:21:04,394 - __main__ - ERROR -   Batch 308: NaN or Inf loss detected! Skipping batch.
2026-05-08 04:21:04,455 - __main__ - ERROR -   Batch 309: NaN or Inf loss detected! Skipping batch.
2026-05-08 04:21:04,510 - __main__ - ERROR -   Batch 310: NaN or Inf loss detected! Skipping batch.
2026-05-08 04:21:04,570 - __main__ - ERROR -   Batch 311: NaN or Inf loss detected! Skipping batch.
2026-05-08 04:21:04,630 - __main__ - ERROR -   Batch 312: NaN or Inf loss detected! Skipping batch.
2026-05-08 04:21:04,685 - __main__ - ERROR -   Batch 313: NaN or Inf loss detected! Skipping batch.
2026-05-08 04:21:04,745 - __main__ - ERROR -   Batch 314: NaN or Inf loss detected! Skipping batch.
2026-05-08 04:21:04,805 - __main__ - ERROR -   Batch 315: NaN or Inf loss detected! Skipping batch.
2026-05-08 04:21:04,865 - __main__ - ERROR -   Batch 316: NaN or Inf loss detected! Skipping batch.
2026-05-08 04:21:04,925 - __main__ - ERROR -   Batch 317: NaN or Inf loss detected! Skipping batch.
2026-05-08 04:21:04,984 - __main__ - ERROR -   Batch 318: NaN or Inf loss detected! Skipping batch.
2026-05-08 04:21:05,045 - __main__ - ERROR -   Batch 319: NaN or Inf loss detected! Skipping batch.
2026-05-08 04:21:05,105 - __main__ - ERROR -   Batch 320: NaN or Inf loss detected! Skipping batch.
2026-05-08 04:21:05,166 - __main__ - ERROR -   Batch 321: NaN or Inf loss detected! Skipping batch.
2026-05-08 04:21:05,226 - __main__ - ERROR -   Batch 322: NaN or Inf loss detected! Skipping batch.
2026-05-08 04:21:05,286 - __main__ - ERROR -   Batch 323: NaN or Inf loss detected! Skipping batch.
2026-05-08 04:21:05,347 - __main__ - ERROR -   Batch 324: NaN or Inf loss detected! Skipping batch.
2026-05-08 04:21:05,407 - __main__ - ERROR -   Batch 325: NaN or Inf loss detected! Skipping batch.
2026-05-08 04:21:05,467 - __main__ - ERROR -   Batch 326: NaN or Inf loss detected! Skipping batch.
2026-05-08 04:21:05,528 - __main__ - ERROR -   Batch 327: NaN or Inf loss detected! Skipping batch.
2026-05-08 04:21:05,588 - __main__ - ERROR -   Batch 328: NaN or Inf loss detected! Skipping batch.
2026-05-08 04:21:05,649 - __main__ - ERROR -   Batch 329: NaN or Inf loss detected! Skipping batch.
2026-05-08 04:21:05,709 - __main__ - ERROR -   Batch 330: NaN or Inf loss detected! Skipping batch.
2026-05-08 04:21:05,769 - __main__ - ERROR -   Batch 331: NaN or Inf loss detected! Skipping batch.
2026-05-08 04:21:05,824 - __main__ - ERROR -   Batch 332: NaN or Inf loss detected! Skipping batch.
2026-05-08 04:21:05,884 - __main__ - ERROR -   Batch 333: NaN or Inf loss detected! Skipping batch.
2026-05-08 04:21:05,944 - __main__ - ERROR -   Batch 334: NaN or Inf loss detected! Skipping batch.
2026-05-08 04:21:06,004 - __main__ - ERROR -   Batch 335: NaN or Inf loss detected! Skipping batch.
2026-05-08 04:21:06,065 - __main__ - ERROR -   Batch 336: NaN or Inf loss detected! Skipping batch.
2026-05-08 04:21:06,125 - __main__ - ERROR -   Batch 337: NaN or Inf loss detected! Skipping batch.
2026-05-08 04:21:06,185 - __main__ - ERROR -   Batch 338: NaN or Inf loss detected! Skipping batch.
2026-05-08 04:21:06,245 - __main__ - ERROR -   Batch 339: NaN or Inf loss detected! Skipping batch.
2026-05-08 04:21:06,305 - __main__ - ERROR -   Batch 340: NaN or Inf loss detected! Skipping batch.
2026-05-08 04:21:06,366 - __main__ - ERROR -   Batch 341: NaN or Inf loss detected! Skipping batch.
2026-05-08 04:21:06,426 - __main__ - ERROR -   Batch 342: NaN or Inf loss detected! Skipping batch.
2026-05-08 04:21:06,486 - __main__ - ERROR -   Batch 343: NaN or Inf loss detected! Skipping batch.
2026-05-08 04:21:06,547 - __main__ - ERROR -   Batch 344: NaN or Inf loss detected! Skipping batch.
2026-05-08 04:21:06,607 - __main__ - ERROR -   Batch 345: NaN or Inf loss detected! Skipping batch.
2026-05-08 04:21:06,667 - __main__ - ERROR -   Batch 346: NaN or Inf loss detected! Skipping batch.
2026-05-08 04:21:06,727 - __main__ - ERROR -   Batch 347: NaN or Inf loss detected! Skipping batch.
2026-05-08 04:21:06,788 - __main__ - ERROR -   Batch 348: NaN or Inf loss detected! Skipping batch.
2026-05-08 04:21:06,848 - __main__ - ERROR -   Batch 349: NaN or Inf loss detected! Skipping batch.
2026-05-08 04:21:06,908 - __main__ - ERROR -   Batch 350: NaN or Inf loss detected! Skipping batch.
2026-05-08 04:21:06,968 - __main__ - ERROR -   Batch 351: NaN or Inf loss detected! Skipping batch.
2026-05-08 04:21:07,028 - __main__ - ERROR -   Batch 352: NaN or Inf loss detected! Skipping batch.
2026-05-08 04:21:07,088 - __main__ - ERROR -   Batch 353: NaN or Inf loss detected! Skipping batch.
2026-05-08 04:21:07,148 - __main__ - ERROR -   Batch 354: NaN or Inf loss detected! Skipping batch.
2026-05-08 04:21:07,208 - __main__ - ERROR -   Batch 355: NaN or Inf loss detected! Skipping batch.
2026-05-08 04:21:07,268 - __main__ - ERROR -   Batch 356: NaN or Inf loss detected! Skipping batch.
2026-05-08 04:21:07,328 - __main__ - ERROR -   Batch 357: NaN or Inf loss detected! Skipping batch.
2026-05-08 04:21:07,375 - __main__ - ERROR -   Batch 358: NaN or Inf loss detected! Skipping batch.
2026-05-08 04:21:07,435 - __main__ - ERROR -   Batch 359: NaN or Inf loss detected! Skipping batch.
2026-05-08 04:21:07,495 - __main__ - ERROR -   Batch 360: NaN or Inf loss detected! Skipping batch.
2026-05-08 04:21:07,555 - __main__ - ERROR -   Batch 361: NaN or Inf loss detected! Skipping batch.
2026-05-08 04:21:07,616 - __main__ - ERROR -   Batch 362: NaN or Inf loss detected! Skipping batch.
2026-05-08 04:21:07,676 - __main__ - ERROR -   Batch 363: NaN or Inf loss detected! Skipping batch.
2026-05-08 04:21:07,736 - __main__ - ERROR -   Batch 364: NaN or Inf loss detected! Skipping batch.
2026-05-08 04:21:07,797 - __main__ - ERROR -   Batch 365: NaN or Inf loss detected! Skipping batch.
2026-05-08 04:21:07,851 - __main__ - ERROR -   Batch 366: NaN or Inf loss detected! Skipping batch.
2026-05-08 04:21:07,911 - __main__ - ERROR -   Batch 367: NaN or Inf loss detected! Skipping batch.
2026-05-08 04:21:07,972 - __main__ - ERROR -   Batch 368: NaN or Inf loss detected! Skipping batch.
2026-05-08 04:21:08,027 - __main__ - ERROR -   Batch 369: NaN or Inf loss detected! Skipping batch.
2026-05-08 04:21:08,087 - __main__ - ERROR -   Batch 370: NaN or Inf loss detected! Skipping batch.
2026-05-08 04:21:08,147 - __main__ - ERROR -   Batch 371: NaN or Inf loss detected! Skipping batch.
2026-05-08 04:21:08,207 - __main__ - ERROR -   Batch 372: NaN or Inf loss detected! Skipping batch.
2026-05-08 04:21:08,267 - __main__ - ERROR -   Batch 373: NaN or Inf loss detected! Skipping batch.
2026-05-08 04:21:08,327 - __main__ - ERROR -   Batch 374: NaN or Inf loss detected! Skipping batch.
2026-05-08 04:21:08,387 - __main__ - ERROR -   Batch 375: NaN or Inf loss detected! Skipping batch.
2026-05-08 04:21:08,448 - __main__ - ERROR -   Batch 376: NaN or Inf loss detected! Skipping batch.
2026-05-08 04:21:08,508 - __main__ - ERROR -   Batch 377: NaN or Inf loss detected! Skipping batch.
2026-05-08 04:21:08,568 - __main__ - ERROR -   Batch 378: NaN or Inf loss detected! Skipping batch.
2026-05-08 04:21:08,628 - __main__ - ERROR -   Batch 379: NaN or Inf loss detected! Skipping batch.
2026-05-08 04:21:08,688 - __main__ - ERROR -   Batch 380: NaN or Inf loss detected! Skipping batch.
2026-05-08 04:21:08,748 - __main__ - ERROR -   Batch 381: NaN or Inf loss detected! Skipping batch.
2026-05-08 04:21:08,809 - __main__ - ERROR -   Batch 382: NaN or Inf loss detected! Skipping batch.
2026-05-08 04:21:08,863 - __main__ - ERROR -   Batch 383: NaN or Inf loss detected! Skipping batch.
2026-05-08 04:21:08,923 - __main__ - ERROR -   Batch 384: NaN or Inf loss detected! Skipping batch.
2026-05-08 04:21:08,984 - __main__ - ERROR -   Batch 385: NaN or Inf loss detected! Skipping batch.
2026-05-08 04:21:09,049 - __main__ - ERROR -   Batch 386: NaN or Inf loss detected! Skipping batch.
2026-05-08 04:21:09,109 - __main__ - ERROR -   Batch 387: NaN or Inf loss detected! Skipping batch.
2026-05-08 04:21:09,169 - __main__ - ERROR -   Batch 388: NaN or Inf loss detected! Skipping batch.
2026-05-08 04:21:09,230 - __main__ - ERROR -   Batch 389: NaN or Inf loss detected! Skipping batch.
2026-05-08 04:21:09,290 - __main__ - ERROR -   Batch 390: NaN or Inf loss detected! Skipping batch.
2026-05-08 04:21:09,350 - __main__ - ERROR -   Batch 391: NaN or Inf loss detected! Skipping batch.
2026-05-08 04:21:09,411 - __main__ - ERROR -   Batch 392: NaN or Inf loss detected! Skipping batch.
2026-05-08 04:21:09,472 - __main__ - ERROR -   Batch 393: NaN or Inf loss detected! Skipping batch.
2026-05-08 04:21:09,532 - __main__ - ERROR -   Batch 394: NaN or Inf loss detected! Skipping batch.
2026-05-08 04:21:09,592 - __main__ - ERROR -   Batch 395: NaN or Inf loss detected! Skipping batch.
2026-05-08 04:21:09,653 - __main__ - ERROR -   Batch 396: NaN or Inf loss detected! Skipping batch.
2026-05-08 04:21:09,713 - __main__ - ERROR -   Batch 397: NaN or Inf loss detected! Skipping batch.
2026-05-08 04:21:09,773 - __main__ - ERROR -   Batch 398: NaN or Inf loss detected! Skipping batch.
2026-05-08 04:21:09,828 - __main__ - ERROR -   Batch 399: NaN or Inf loss detected! Skipping batch.
2026-05-08 04:21:09,887 - __main__ - ERROR -   Batch 400: NaN or Inf loss detected! Skipping batch.
2026-05-08 04:21:09,947 - __main__ - ERROR -   Batch 401: NaN or Inf loss detected! Skipping batch.
2026-05-08 04:21:10,007 - __main__ - ERROR -   Batch 402: NaN or Inf loss detected! Skipping batch.
2026-05-08 04:21:10,067 - __main__ - ERROR -   Batch 403: NaN or Inf loss detected! Skipping batch.
2026-05-08 04:21:10,127 - __main__ - ERROR -   Batch 404: NaN or Inf loss detected! Skipping batch.
2026-05-08 04:21:10,188 - __main__ - ERROR -   Batch 405: NaN or Inf loss detected! Skipping batch.
2026-05-08 04:21:10,249 - __main__ - ERROR -   Batch 406: NaN or Inf loss detected! Skipping batch.
2026-05-08 04:21:10,310 - __main__ - ERROR -   Batch 407: NaN or Inf loss detected! Skipping batch.
2026-05-08 04:21:10,370 - __main__ - ERROR -   Batch 408: NaN or Inf loss detected! Skipping batch.
2026-05-08 04:21:10,431 - __main__ - ERROR -   Batch 409: NaN or Inf loss detected! Skipping batch.
2026-05-08 04:21:10,491 - __main__ - ERROR -   Batch 410: NaN or Inf loss detected! Skipping batch.
2026-05-08 04:21:10,551 - __main__ - ERROR -   Batch 411: NaN or Inf loss detected! Skipping batch.
2026-05-08 04:21:10,956 - __main__ - ERROR -   Batch 412: NaN or Inf loss detected! Skipping batch.
2026-05-08 04:21:11,017 - __main__ - ERROR -   Batch 413: NaN or Inf loss detected! Skipping batch.
2026-05-08 04:21:11,077 - __main__ - ERROR -   Batch 414: NaN or Inf loss detected! Skipping batch.
2026-05-08 04:21:11,138 - __main__ - ERROR -   Batch 415: NaN or Inf loss detected! Skipping batch.
2026-05-08 04:21:11,198 - __main__ - ERROR -   Batch 416: NaN or Inf loss detected! Skipping batch.
2026-05-08 04:21:11,259 - __main__ - ERROR -   Batch 417: NaN or Inf loss detected! Skipping batch.
2026-05-08 04:21:11,318 - __main__ - ERROR -   Batch 418: NaN or Inf loss detected! Skipping batch.
2026-05-08 04:21:11,379 - __main__ - ERROR -   Batch 419: NaN or Inf loss detected! Skipping batch.
2026-05-08 04:21:11,433 - __main__ - ERROR -   Batch 420: NaN or Inf loss detected! Skipping batch.
2026-05-08 04:21:11,493 - __main__ - ERROR -   Batch 421: NaN or Inf loss detected! Skipping batch.
2026-05-08 04:21:11,554 - __main__ - ERROR -   Batch 422: NaN or Inf loss detected! Skipping batch.
2026-05-08 04:21:11,614 - __main__ - ERROR -   Batch 423: NaN or Inf loss detected! Skipping batch.
2026-05-08 04:21:11,674 - __main__ - ERROR -   Batch 424: NaN or Inf loss detected! Skipping batch.
2026-05-08 04:21:11,735 - __main__ - ERROR -   Batch 425: NaN or Inf loss detected! Skipping batch.
2026-05-08 04:21:11,795 - __main__ - ERROR -   Batch 426: NaN or Inf loss detected! Skipping batch.
2026-05-08 04:21:11,855 - __main__ - ERROR -   Batch 427: NaN or Inf loss detected! Skipping batch.
2026-05-08 04:21:11,915 - __main__ - ERROR -   Batch 428: NaN or Inf loss detected! Skipping batch.
2026-05-08 04:21:11,976 - __main__ - ERROR -   Batch 429: NaN or Inf loss detected! Skipping batch.
2026-05-08 04:21:12,036 - __main__ - ERROR -   Batch 430: NaN or Inf loss detected! Skipping batch.
2026-05-08 04:21:12,097 - __main__ - ERROR -   Batch 431: NaN or Inf loss detected! Skipping batch.
2026-05-08 04:21:12,157 - __main__ - ERROR -   Batch 432: NaN or Inf loss detected! Skipping batch.
2026-05-08 04:21:12,217 - __main__ - ERROR -   Batch 433: NaN or Inf loss detected! Skipping batch.
2026-05-08 04:21:12,278 - __main__ - ERROR -   Batch 434: NaN or Inf loss detected! Skipping batch.
2026-05-08 04:21:12,338 - __main__ - ERROR -   Batch 435: NaN or Inf loss detected! Skipping batch.
2026-05-08 04:21:12,399 - __main__ - ERROR -   Batch 436: NaN or Inf loss detected! Skipping batch.
2026-05-08 04:21:12,453 - __main__ - ERROR -   Batch 437: NaN or Inf loss detected! Skipping batch.
2026-05-08 04:21:12,514 - __main__ - ERROR -   Batch 438: NaN or Inf loss detected! Skipping batch.
2026-05-08 04:21:12,574 - __main__ - ERROR -   Batch 439: NaN or Inf loss detected! Skipping batch.
2026-05-08 04:21:12,634 - __main__ - ERROR -   Batch 440: NaN or Inf loss detected! Skipping batch.
2026-05-08 04:21:12,694 - __main__ - ERROR -   Batch 441: NaN or Inf loss detected! Skipping batch.
2026-05-08 04:21:12,754 - __main__ - ERROR -   Batch 442: NaN or Inf loss detected! Skipping batch.
2026-05-08 04:21:12,815 - __main__ - ERROR -   Batch 443: NaN or Inf loss detected! Skipping batch.
2026-05-08 04:21:12,875 - __main__ - ERROR -   Batch 444: NaN or Inf loss detected! Skipping batch.
2026-05-08 04:21:12,935 - __main__ - ERROR -   Batch 445: NaN or Inf loss detected! Skipping batch.
2026-05-08 04:21:12,996 - __main__ - ERROR -   Batch 446: NaN or Inf loss detected! Skipping batch.
2026-05-08 04:21:13,055 - __main__ - ERROR -   Batch 447: NaN or Inf loss detected! Skipping batch.
2026-05-08 04:21:13,116 - __main__ - ERROR -   Batch 448: NaN or Inf loss detected! Skipping batch.
2026-05-08 04:21:13,170 - __main__ - ERROR -   Batch 449: NaN or Inf loss detected! Skipping batch.
2026-05-08 04:21:13,230 - __main__ - ERROR -   Batch 450: NaN or Inf loss detected! Skipping batch.
2026-05-08 04:21:13,290 - __main__ - ERROR -   Batch 451: NaN or Inf loss detected! Skipping batch.
2026-05-08 04:21:13,351 - __main__ - ERROR -   Batch 452: NaN or Inf loss detected! Skipping batch.
2026-05-08 04:21:13,411 - __main__ - ERROR -   Batch 453: NaN or Inf loss detected! Skipping batch.
2026-05-08 04:21:13,471 - __main__ - ERROR -   Batch 454: NaN or Inf loss detected! Skipping batch.
2026-05-08 04:21:13,531 - __main__ - ERROR -   Batch 455: NaN or Inf loss detected! Skipping batch.
2026-05-08 04:21:13,591 - __main__ - ERROR -   Batch 456: NaN or Inf loss detected! Skipping batch.
2026-05-08 04:21:13,652 - __main__ - ERROR -   Batch 457: NaN or Inf loss detected! Skipping batch.
2026-05-08 04:21:13,712 - __main__ - ERROR -   Batch 458: NaN or Inf loss detected! Skipping batch.
2026-05-08 04:21:13,772 - __main__ - ERROR -   Batch 459: NaN or Inf loss detected! Skipping batch.
2026-05-08 04:21:13,833 - __main__ - ERROR -   Batch 460: NaN or Inf loss detected! Skipping batch.
2026-05-08 04:21:13,893 - __main__ - ERROR -   Batch 461: NaN or Inf loss detected! Skipping batch.
2026-05-08 04:21:13,954 - __main__ - ERROR -   Batch 462: NaN or Inf loss detected! Skipping batch.
2026-05-08 04:21:14,014 - __main__ - ERROR -   Batch 463: NaN or Inf loss detected! Skipping batch.
2026-05-08 04:21:14,074 - __main__ - ERROR -   Batch 464: NaN or Inf loss detected! Skipping batch.
2026-05-08 04:21:14,124 - __main__ - ERROR -   Batch 465: NaN or Inf loss detected! Skipping batch.
2026-05-08 04:21:14,184 - __main__ - ERROR -   Batch 466: NaN or Inf loss detected! Skipping batch.
2026-05-08 04:21:14,244 - __main__ - ERROR -   Batch 467: NaN or Inf loss detected! Skipping batch.
2026-05-08 04:21:14,304 - __main__ - ERROR -   Batch 468: NaN or Inf loss detected! Skipping batch.
2026-05-08 04:21:14,364 - __main__ - ERROR -   Batch 469: NaN or Inf loss detected! Skipping batch.
2026-05-08 04:21:14,425 - __main__ - ERROR -   Batch 470: NaN or Inf loss detected! Skipping batch.
2026-05-08 04:21:14,485 - __main__ - ERROR -   Batch 471: NaN or Inf loss detected! Skipping batch.
2026-05-08 04:21:14,546 - __main__ - ERROR -   Batch 472: NaN or Inf loss detected! Skipping batch.
2026-05-08 04:21:14,606 - __main__ - ERROR -   Batch 473: NaN or Inf loss detected! Skipping batch.
2026-05-08 04:21:14,666 - __main__ - ERROR -   Batch 474: NaN or Inf loss detected! Skipping batch.
2026-05-08 04:21:14,726 - __main__ - ERROR -   Batch 475: NaN or Inf loss detected! Skipping batch.
2026-05-08 04:21:14,787 - __main__ - ERROR -   Batch 476: NaN or Inf loss detected! Skipping batch.
2026-05-08 04:21:14,846 - __main__ - ERROR -   Batch 477: NaN or Inf loss detected! Skipping batch.
2026-05-08 04:21:14,906 - __main__ - ERROR -   Batch 478: NaN or Inf loss detected! Skipping batch.
2026-05-08 04:21:14,966 - __main__ - ERROR -   Batch 479: NaN or Inf loss detected! Skipping batch.
2026-05-08 04:21:15,027 - __main__ - ERROR -   Batch 480: NaN or Inf loss detected! Skipping batch.
2026-05-08 04:21:15,087 - __main__ - ERROR -   Batch 481: NaN or Inf loss detected! Skipping batch.
2026-05-08 04:21:15,147 - __main__ - ERROR -   Batch 482: NaN or Inf loss detected! Skipping batch.
2026-05-08 04:21:15,207 - __main__ - ERROR -   Batch 483: NaN or Inf loss detected! Skipping batch.
2026-05-08 04:21:15,267 - __main__ - ERROR -   Batch 484: NaN or Inf loss detected! Skipping batch.
2026-05-08 04:21:15,327 - __main__ - ERROR -   Batch 485: NaN or Inf loss detected! Skipping batch.
2026-05-08 04:21:15,387 - __main__ - ERROR -   Batch 486: NaN or Inf loss detected! Skipping batch.
2026-05-08 04:21:15,442 - __main__ - ERROR -   Batch 487: NaN or Inf loss detected! Skipping batch.
2026-05-08 04:21:15,502 - __main__ - ERROR -   Batch 488: NaN or Inf loss detected! Skipping batch.
2026-05-08 04:21:15,562 - __main__ - ERROR -   Batch 489: NaN or Inf loss detected! Skipping batch.
2026-05-08 04:21:15,623 - __main__ - ERROR -   Batch 490: NaN or Inf loss detected! Skipping batch.
2026-05-08 04:21:15,683 - __main__ - ERROR -   Batch 491: NaN or Inf loss detected! Skipping batch.
2026-05-08 04:21:15,744 - __main__ - ERROR -   Batch 492: NaN or Inf loss detected! Skipping batch.
2026-05-08 04:21:15,804 - __main__ - ERROR -   Batch 493: NaN or Inf loss detected! Skipping batch.
2026-05-08 04:21:15,864 - __main__ - ERROR -   Batch 494: NaN or Inf loss detected! Skipping batch.
2026-05-08 04:21:15,924 - __main__ - ERROR -   Batch 495: NaN or Inf loss detected! Skipping batch.
2026-05-08 04:21:15,984 - __main__ - ERROR -   Batch 496: NaN or Inf loss detected! Skipping batch.
2026-05-08 04:21:16,044 - __main__ - ERROR -   Batch 497: NaN or Inf loss detected! Skipping batch.
2026-05-08 04:21:16,104 - __main__ - ERROR -   Batch 498: NaN or Inf loss detected! Skipping batch.
2026-05-08 04:21:16,164 - __main__ - ERROR -   Batch 499: NaN or Inf loss detected! Skipping batch.
2026-05-08 04:21:16,224 - __main__ - ERROR -   Batch 500: NaN or Inf loss detected! Skipping batch.
2026-05-08 04:21:16,285 - __main__ - ERROR -   Batch 501: NaN or Inf loss detected! Skipping batch.
2026-05-08 04:21:16,345 - __main__ - ERROR -   Batch 502: NaN or Inf loss detected! Skipping batch.
2026-05-08 04:21:16,405 - __main__ - ERROR -   Batch 503: NaN or Inf loss detected! Skipping batch.
2026-05-08 04:21:16,465 - __main__ - ERROR -   Batch 504: NaN or Inf loss detected! Skipping batch.
2026-05-08 04:21:16,526 - __main__ - ERROR -   Batch 505: NaN or Inf loss detected! Skipping batch.
2026-05-08 04:21:16,586 - __main__ - ERROR -   Batch 506: NaN or Inf loss detected! Skipping batch.
2026-05-08 04:21:16,646 - __main__ - ERROR -   Batch 507: NaN or Inf loss detected! Skipping batch.
2026-05-08 04:21:16,707 - __main__ - ERROR -   Batch 508: NaN or Inf loss detected! Skipping batch.
2026-05-08 04:21:16,767 - __main__ - ERROR -   Batch 509: NaN or Inf loss detected! Skipping batch.
2026-05-08 04:21:17,106 - __main__ - ERROR -   Batch 510: NaN or Inf loss detected! Skipping batch.
2026-05-08 04:21:17,168 - __main__ - ERROR -   Batch 511: NaN or Inf loss detected! Skipping batch.
2026-05-08 04:21:17,228 - __main__ - ERROR -   Batch 512: NaN or Inf loss detected! Skipping batch.
2026-05-08 04:21:17,289 - __main__ - ERROR -   Batch 513: NaN or Inf loss detected! Skipping batch.
2026-05-08 04:21:17,349 - __main__ - ERROR -   Batch 514: NaN or Inf loss detected! Skipping batch.
2026-05-08 04:21:17,409 - __main__ - ERROR -   Batch 515: NaN or Inf loss detected! Skipping batch.
2026-05-08 04:21:17,470 - __main__ - ERROR -   Batch 516: NaN or Inf loss detected! Skipping batch.
2026-05-08 04:21:17,529 - __main__ - ERROR -   Batch 517: NaN or Inf loss detected! Skipping batch.
2026-05-08 04:21:17,590 - __main__ - ERROR -   Batch 518: NaN or Inf loss detected! Skipping batch.
2026-05-08 04:21:17,650 - __main__ - ERROR -   Batch 519: NaN or Inf loss detected! Skipping batch.
2026-05-08 04:21:17,710 - __main__ - ERROR -   Batch 520: NaN or Inf loss detected! Skipping batch.
2026-05-08 04:21:17,770 - __main__ - ERROR -   Batch 521: NaN or Inf loss detected! Skipping batch.
2026-05-08 04:21:17,830 - __main__ - ERROR -   Batch 522: NaN or Inf loss detected! Skipping batch.
2026-05-08 04:21:17,890 - __main__ - ERROR -   Batch 523: NaN or Inf loss detected! Skipping batch.
2026-05-08 04:21:17,950 - __main__ - ERROR -   Batch 524: NaN or Inf loss detected! Skipping batch.
2026-05-08 04:21:18,010 - __main__ - ERROR -   Batch 525: NaN or Inf loss detected! Skipping batch.
2026-05-08 04:21:18,070 - __main__ - ERROR -   Batch 526: NaN or Inf loss detected! Skipping batch.
2026-05-08 04:21:18,129 - __main__ - ERROR -   Batch 527: NaN or Inf loss detected! Skipping batch.
2026-05-08 04:21:18,189 - __main__ - ERROR -   Batch 528: NaN or Inf loss detected! Skipping batch.
2026-05-08 04:21:18,250 - __main__ - ERROR -   Batch 529: NaN or Inf loss detected! Skipping batch.
2026-05-08 04:21:18,310 - __main__ - ERROR -   Batch 530: NaN or Inf loss detected! Skipping batch.
2026-05-08 04:21:18,370 - __main__ - ERROR -   Batch 531: NaN or Inf loss detected! Skipping batch.
2026-05-08 04:21:18,430 - __main__ - ERROR -   Batch 532: NaN or Inf loss detected! Skipping batch.
2026-05-08 04:21:18,491 - __main__ - ERROR -   Batch 533: NaN or Inf loss detected! Skipping batch.
2026-05-08 04:21:18,551 - __main__ - ERROR -   Batch 534: NaN or Inf loss detected! Skipping batch.
2026-05-08 04:21:18,611 - __main__ - ERROR -   Batch 535: NaN or Inf loss detected! Skipping batch.
2026-05-08 04:21:18,666 - __main__ - ERROR -   Batch 536: NaN or Inf loss detected! Skipping batch.
2026-05-08 04:21:18,727 - __main__ - ERROR -   Batch 537: NaN or Inf loss detected! Skipping batch.
2026-05-08 04:21:18,787 - __main__ - ERROR -   Batch 538: NaN or Inf loss detected! Skipping batch.
2026-05-08 04:21:18,847 - __main__ - ERROR -   Batch 539: NaN or Inf loss detected! Skipping batch.
2026-05-08 04:21:18,908 - __main__ - ERROR -   Batch 540: NaN or Inf loss detected! Skipping batch.
2026-05-08 04:21:18,968 - __main__ - ERROR -   Batch 541: NaN or Inf loss detected! Skipping batch.
2026-05-08 04:21:19,029 - __main__ - ERROR -   Batch 542: NaN or Inf loss detected! Skipping batch.
2026-05-08 04:21:19,089 - __main__ - ERROR -   Batch 543: NaN or Inf loss detected! Skipping batch.
2026-05-08 04:21:19,150 - __main__ - ERROR -   Batch 544: NaN or Inf loss detected! Skipping batch.
2026-05-08 04:21:19,211 - __main__ - ERROR -   Batch 545: NaN or Inf loss detected! Skipping batch.
2026-05-08 04:21:19,271 - __main__ - ERROR -   Batch 546: NaN or Inf loss detected! Skipping batch.
2026-05-08 04:21:19,331 - __main__ - ERROR -   Batch 547: NaN or Inf loss detected! Skipping batch.
2026-05-08 04:21:19,392 - __main__ - ERROR -   Batch 548: NaN or Inf loss detected! Skipping batch.
2026-05-08 04:21:19,452 - __main__ - ERROR -   Batch 549: NaN or Inf loss detected! Skipping batch.
2026-05-08 04:21:19,513 - __main__ - ERROR -   Batch 550: NaN or Inf loss detected! Skipping batch.
2026-05-08 04:21:19,573 - __main__ - ERROR -   Batch 551: NaN or Inf loss detected! Skipping batch.
2026-05-08 04:21:19,633 - __main__ - ERROR -   Batch 552: NaN or Inf loss detected! Skipping batch.
2026-05-08 04:21:19,693 - __main__ - ERROR -   Batch 553: NaN or Inf loss detected! Skipping batch.
2026-05-08 04:21:19,753 - __main__ - ERROR -   Batch 554: NaN or Inf loss detected! Skipping batch.
2026-05-08 04:21:19,813 - __main__ - ERROR -   Batch 555: NaN or Inf loss detected! Skipping batch.
2026-05-08 04:21:19,873 - __main__ - ERROR -   Batch 556: NaN or Inf loss detected! Skipping batch.
2026-05-08 04:21:19,933 - __main__ - ERROR -   Batch 557: NaN or Inf loss detected! Skipping batch.
2026-05-08 04:21:19,993 - __main__ - ERROR -   Batch 558: NaN or Inf loss detected! Skipping batch.
2026-05-08 04:21:20,053 - __main__ - ERROR -   Batch 559: NaN or Inf loss detected! Skipping batch.
2026-05-08 04:21:20,113 - __main__ - ERROR -   Batch 560: NaN or Inf loss detected! Skipping batch.
2026-05-08 04:21:20,173 - __main__ - ERROR -   Batch 561: NaN or Inf loss detected! Skipping batch.
2026-05-08 04:21:20,234 - __main__ - ERROR -   Batch 562: NaN or Inf loss detected! Skipping batch.
2026-05-08 04:21:20,294 - __main__ - ERROR -   Batch 563: NaN or Inf loss detected! Skipping batch.
2026-05-08 04:21:20,354 - __main__ - ERROR -   Batch 564: NaN or Inf loss detected! Skipping batch.
2026-05-08 04:21:20,414 - __main__ - ERROR -   Batch 565: NaN or Inf loss detected! Skipping batch.
2026-05-08 04:21:20,474 - __main__ - ERROR -   Batch 566: NaN or Inf loss detected! Skipping batch.
2026-05-08 04:21:20,535 - __main__ - ERROR -   Batch 567: NaN or Inf loss detected! Skipping batch.
2026-05-08 04:21:20,595 - __main__ - ERROR -   Batch 568: NaN or Inf loss detected! Skipping batch.
2026-05-08 04:21:20,655 - __main__ - ERROR -   Batch 569: NaN or Inf loss detected! Skipping batch.
2026-05-08 04:21:20,716 - __main__ - ERROR -   Batch 570: NaN or Inf loss detected! Skipping batch.
2026-05-08 04:21:20,776 - __main__ - ERROR -   Batch 571: NaN or Inf loss detected! Skipping batch.
2026-05-08 04:21:20,836 - __main__ - ERROR -   Batch 572: NaN or Inf loss detected! Skipping batch.
2026-05-08 04:21:20,897 - __main__ - ERROR -   Batch 573: NaN or Inf loss detected! Skipping batch.
2026-05-08 04:21:20,957 - __main__ - ERROR -   Batch 574: NaN or Inf loss detected! Skipping batch.
2026-05-08 04:21:21,017 - __main__ - ERROR -   Batch 575: NaN or Inf loss detected! Skipping batch.
2026-05-08 04:21:21,077 - __main__ - ERROR -   Batch 576: NaN or Inf loss detected! Skipping batch.
2026-05-08 04:21:21,138 - __main__ - ERROR -   Batch 577: NaN or Inf loss detected! Skipping batch.
2026-05-08 04:21:21,198 - __main__ - ERROR -   Batch 578: NaN or Inf loss detected! Skipping batch.
2026-05-08 04:21:21,258 - __main__ - ERROR -   Batch 579: NaN or Inf loss detected! Skipping batch.
2026-05-08 04:21:21,318 - __main__ - ERROR -   Batch 580: NaN or Inf loss detected! Skipping batch.
2026-05-08 04:21:21,379 - __main__ - ERROR -   Batch 581: NaN or Inf loss detected! Skipping batch.
2026-05-08 04:21:21,439 - __main__ - ERROR -   Batch 582: NaN or Inf loss detected! Skipping batch.
2026-05-08 04:21:21,499 - __main__ - ERROR -   Batch 583: NaN or Inf loss detected! Skipping batch.
2026-05-08 04:21:21,560 - __main__ - ERROR -   Batch 584: NaN or Inf loss detected! Skipping batch.
2026-05-08 04:21:21,621 - __main__ - ERROR -   Batch 585: NaN or Inf loss detected! Skipping batch.
2026-05-08 04:21:21,681 - __main__ - ERROR -   Batch 586: NaN or Inf loss detected! Skipping batch.
2026-05-08 04:21:21,741 - __main__ - ERROR -   Batch 587: NaN or Inf loss detected! Skipping batch.
2026-05-08 04:21:21,801 - __main__ - ERROR -   Batch 588: NaN or Inf loss detected! Skipping batch.
2026-05-08 04:21:21,861 - __main__ - ERROR -   Batch 589: NaN or Inf loss detected! Skipping batch.
2026-05-08 04:21:21,921 - __main__ - ERROR -   Batch 590: NaN or Inf loss detected! Skipping batch.
2026-05-08 04:21:21,981 - __main__ - ERROR -   Batch 591: NaN or Inf loss detected! Skipping batch.
2026-05-08 04:21:22,042 - __main__ - ERROR -   Batch 592: NaN or Inf loss detected! Skipping batch.
2026-05-08 04:21:22,102 - __main__ - ERROR -   Batch 593: NaN or Inf loss detected! Skipping batch.
2026-05-08 04:21:22,161 - __main__ - ERROR -   Batch 594: NaN or Inf loss detected! Skipping batch.
2026-05-08 04:21:22,221 - __main__ - ERROR -   Batch 595: NaN or Inf loss detected! Skipping batch.
2026-05-08 04:21:22,276 - __main__ - ERROR -   Batch 596: NaN or Inf loss detected! Skipping batch.
2026-05-08 04:21:22,331 - __main__ - ERROR -   Batch 597: NaN or Inf loss detected! Skipping batch.
2026-05-08 04:21:22,391 - __main__ - ERROR -   Batch 598: NaN or Inf loss detected! Skipping batch.
2026-05-08 04:21:22,451 - __main__ - ERROR -   Batch 599: NaN or Inf loss detected! Skipping batch.
2026-05-08 04:21:22,512 - __main__ - ERROR -   Batch 600: NaN or Inf loss detected! Skipping batch.
2026-05-08 04:21:22,572 - __main__ - ERROR -   Batch 601: NaN or Inf loss detected! Skipping batch.
2026-05-08 04:21:22,633 - __main__ - ERROR -   Batch 602: NaN or Inf loss detected! Skipping batch.
2026-05-08 04:21:22,693 - __main__ - ERROR -   Batch 603: NaN or Inf loss detected! Skipping batch.
2026-05-08 04:21:22,753 - __main__ - ERROR -   Batch 604: NaN or Inf loss detected! Skipping batch.
2026-05-08 04:21:22,813 - __main__ - ERROR -   Batch 605: NaN or Inf loss detected! Skipping batch.
2026-05-08 04:21:22,873 - __main__ - ERROR -   Batch 606: NaN or Inf loss detected! Skipping batch.
2026-05-08 04:21:22,933 - __main__ - ERROR -   Batch 607: NaN or Inf loss detected! Skipping batch.
2026-05-08 04:21:22,993 - __main__ - ERROR -   Batch 608: NaN or Inf loss detected! Skipping batch.
2026-05-08 04:21:23,054 - __main__ - ERROR -   Batch 609: NaN or Inf loss detected! Skipping batch.
2026-05-08 04:21:23,114 - __main__ - ERROR -   Batch 610: NaN or Inf loss detected! Skipping batch.
2026-05-08 04:21:23,174 - __main__ - ERROR -   Batch 611: NaN or Inf loss detected! Skipping batch.
2026-05-08 04:21:23,234 - __main__ - ERROR -   Batch 612: NaN or Inf loss detected! Skipping batch.
2026-05-08 04:21:23,294 - __main__ - ERROR -   Batch 613: NaN or Inf loss detected! Skipping batch.
2026-05-08 04:21:23,354 - __main__ - ERROR -   Batch 614: NaN or Inf loss detected! Skipping batch.
2026-05-08 04:21:23,414 - __main__ - ERROR -   Batch 615: NaN or Inf loss detected! Skipping batch.
2026-05-08 04:21:23,474 - __main__ - ERROR -   Batch 616: NaN or Inf loss detected! Skipping batch.
2026-05-08 04:21:23,535 - __main__ - ERROR -   Batch 617: NaN or Inf loss detected! Skipping batch.
2026-05-08 04:21:23,596 - __main__ - ERROR -   Batch 618: NaN or Inf loss detected! Skipping batch.
2026-05-08 04:21:23,656 - __main__ - ERROR -   Batch 619: NaN or Inf loss detected! Skipping batch.
2026-05-08 04:21:23,717 - __main__ - ERROR -   Batch 620: NaN or Inf loss detected! Skipping batch.
2026-05-08 04:21:23,777 - __main__ - ERROR -   Batch 621: NaN or Inf loss detected! Skipping batch.
2026-05-08 04:21:23,837 - __main__ - ERROR -   Batch 622: NaN or Inf loss detected! Skipping batch.
2026-05-08 04:21:23,897 - __main__ - ERROR -   Batch 623: NaN or Inf loss detected! Skipping batch.
2026-05-08 04:21:23,957 - __main__ - ERROR -   Batch 624: NaN or Inf loss detected! Skipping batch.
2026-05-08 04:21:24,332 - __main__ - ERROR -   Batch 625: NaN or Inf loss detected! Skipping batch.
2026-05-08 04:21:24,393 - __main__ - ERROR -   Batch 626: NaN or Inf loss detected! Skipping batch.
2026-05-08 04:21:24,448 - __main__ - ERROR -   Batch 627: NaN or Inf loss detected! Skipping batch.
2026-05-08 04:21:24,508 - __main__ - ERROR -   Batch 628: NaN or Inf loss detected! Skipping batch.
2026-05-08 04:21:24,568 - __main__ - ERROR -   Batch 629: NaN or Inf loss detected! Skipping batch.
2026-05-08 04:21:24,629 - __main__ - ERROR -   Batch 630: NaN or Inf loss detected! Skipping batch.
2026-05-08 04:21:24,688 - __main__ - ERROR -   Batch 631: NaN or Inf loss detected! Skipping batch.
2026-05-08 04:21:24,748 - __main__ - ERROR -   Batch 632: NaN or Inf loss detected! Skipping batch.
2026-05-08 04:21:24,808 - __main__ - ERROR -   Batch 633: NaN or Inf loss detected! Skipping batch.
2026-05-08 04:21:24,868 - __main__ - ERROR -   Batch 634: NaN or Inf loss detected! Skipping batch.
2026-05-08 04:21:24,928 - __main__ - ERROR -   Batch 635: NaN or Inf loss detected! Skipping batch.
2026-05-08 04:21:24,988 - __main__ - ERROR -   Batch 636: NaN or Inf loss detected! Skipping batch.
2026-05-08 04:21:25,048 - __main__ - ERROR -   Batch 637: NaN or Inf loss detected! Skipping batch.
2026-05-08 04:21:25,108 - __main__ - ERROR -   Batch 638: NaN or Inf loss detected! Skipping batch.
2026-05-08 04:21:25,169 - __main__ - ERROR -   Batch 639: NaN or Inf loss detected! Skipping batch.
2026-05-08 04:21:25,229 - __main__ - ERROR -   Batch 640: NaN or Inf loss detected! Skipping batch.
2026-05-08 04:21:25,283 - __main__ - ERROR -   Batch 641: NaN or Inf loss detected! Skipping batch.
2026-05-08 04:21:25,343 - __main__ - ERROR -   Batch 642: NaN or Inf loss detected! Skipping batch.
2026-05-08 04:21:25,404 - __main__ - ERROR -   Batch 643: NaN or Inf loss detected! Skipping batch.
2026-05-08 04:21:25,464 - __main__ - ERROR -   Batch 644: NaN or Inf loss detected! Skipping batch.
2026-05-08 04:21:25,524 - __main__ - ERROR -   Batch 645: NaN or Inf loss detected! Skipping batch.
2026-05-08 04:21:25,585 - __main__ - ERROR -   Batch 646: NaN or Inf loss detected! Skipping batch.
2026-05-08 04:21:25,645 - __main__ - ERROR -   Batch 647: NaN or Inf loss detected! Skipping batch.
2026-05-08 04:21:25,706 - __main__ - ERROR -   Batch 648: NaN or Inf loss detected! Skipping batch.
2026-05-08 04:21:25,766 - __main__ - ERROR -   Batch 649: NaN or Inf loss detected! Skipping batch.
2026-05-08 04:21:25,826 - __main__ - ERROR -   Batch 650: NaN or Inf loss detected! Skipping batch.
2026-05-08 04:21:25,886 - __main__ - ERROR -   Batch 651: NaN or Inf loss detected! Skipping batch.
2026-05-08 04:21:25,947 - __main__ - ERROR -   Batch 652: NaN or Inf loss detected! Skipping batch.
2026-05-08 04:21:26,007 - __main__ - ERROR -   Batch 653: NaN or Inf loss detected! Skipping batch.
2026-05-08 04:21:26,067 - __main__ - ERROR -   Batch 654: NaN or Inf loss detected! Skipping batch.
2026-05-08 04:21:26,127 - __main__ - ERROR -   Batch 655: NaN or Inf loss detected! Skipping batch.
2026-05-08 04:21:26,188 - __main__ - ERROR -   Batch 656: NaN or Inf loss detected! Skipping batch.
2026-05-08 04:21:26,248 - __main__ - ERROR -   Batch 657: NaN or Inf loss detected! Skipping batch.
2026-05-08 04:21:26,309 - __main__ - ERROR -   Batch 658: NaN or Inf loss detected! Skipping batch.
2026-05-08 04:21:26,369 - __main__ - ERROR -   Batch 659: NaN or Inf loss detected! Skipping batch.
2026-05-08 04:21:26,429 - __main__ - ERROR -   Batch 660: NaN or Inf loss detected! Skipping batch.
2026-05-08 04:21:26,479 - __main__ - ERROR -   Batch 661: NaN or Inf loss detected! Skipping batch.
2026-05-08 04:21:26,539 - __main__ - ERROR -   Batch 662: NaN or Inf loss detected! Skipping batch.
2026-05-08 04:21:26,599 - __main__ - ERROR -   Batch 663: NaN or Inf loss detected! Skipping batch.
2026-05-08 04:21:26,649 - __main__ - ERROR -   Batch 664: NaN or Inf loss detected! Skipping batch.
2026-05-08 04:21:26,709 - __main__ - ERROR -   Batch 665: NaN or Inf loss detected! Skipping batch.
2026-05-08 04:21:26,769 - __main__ - ERROR -   Batch 666: NaN or Inf loss detected! Skipping batch.
2026-05-08 04:21:26,829 - __main__ - ERROR -   Batch 667: NaN or Inf loss detected! Skipping batch.
2026-05-08 04:21:26,889 - __main__ - ERROR -   Batch 668: NaN or Inf loss detected! Skipping batch.
2026-05-08 04:21:26,950 - __main__ - ERROR -   Batch 669: NaN or Inf loss detected! Skipping batch.
2026-05-08 04:21:27,010 - __main__ - ERROR -   Batch 670: NaN or Inf loss detected! Skipping batch.
2026-05-08 04:21:27,070 - __main__ - ERROR -   Batch 671: NaN or Inf loss detected! Skipping batch.
2026-05-08 04:21:27,130 - __main__ - ERROR -   Batch 672: NaN or Inf loss detected! Skipping batch.
2026-05-08 04:21:27,190 - __main__ - ERROR -   Batch 673: NaN or Inf loss detected! Skipping batch.
2026-05-08 04:21:27,251 - __main__ - ERROR -   Batch 674: NaN or Inf loss detected! Skipping batch.
2026-05-08 04:21:27,311 - __main__ - ERROR -   Batch 675: NaN or Inf loss detected! Skipping batch.
2026-05-08 04:21:27,366 - __main__ - ERROR -   Batch 676: NaN or Inf loss detected! Skipping batch.
2026-05-08 04:21:27,425 - __main__ - ERROR -   Batch 677: NaN or Inf loss detected! Skipping batch.
2026-05-08 04:21:27,486 - __main__ - ERROR -   Batch 678: NaN or Inf loss detected! Skipping batch.
2026-05-08 04:21:27,546 - __main__ - ERROR -   Batch 679: NaN or Inf loss detected! Skipping batch.
2026-05-08 04:21:27,607 - __main__ - ERROR -   Batch 680: NaN or Inf loss detected! Skipping batch.
2026-05-08 04:21:27,667 - __main__ - ERROR -   Batch 681: NaN or Inf loss detected! Skipping batch.
2026-05-08 04:21:27,726 - __main__ - ERROR -   Batch 682: NaN or Inf loss detected! Skipping batch.
2026-05-08 04:21:27,786 - __main__ - ERROR -   Batch 683: NaN or Inf loss detected! Skipping batch.
2026-05-08 04:21:27,846 - __main__ - ERROR -   Batch 684: NaN or Inf loss detected! Skipping batch.
2026-05-08 04:21:27,901 - __main__ - ERROR -   Batch 685: NaN or Inf loss detected! Skipping batch.
2026-05-08 04:21:27,961 - __main__ - ERROR -   Batch 686: NaN or Inf loss detected! Skipping batch.
2026-05-08 04:21:28,021 - __main__ - ERROR -   Batch 687: NaN or Inf loss detected! Skipping batch.
2026-05-08 04:21:28,081 - __main__ - ERROR -   Batch 688: NaN or Inf loss detected! Skipping batch.
2026-05-08 04:21:28,141 - __main__ - ERROR -   Batch 689: NaN or Inf loss detected! Skipping batch.
2026-05-08 04:21:28,202 - __main__ - ERROR -   Batch 690: NaN or Inf loss detected! Skipping batch.
2026-05-08 04:21:28,262 - __main__ - ERROR -   Batch 691: NaN or Inf loss detected! Skipping batch.
2026-05-08 04:21:28,322 - __main__ - ERROR -   Batch 692: NaN or Inf loss detected! Skipping batch.
2026-05-08 04:21:28,371 - __main__ - ERROR -   Batch 693: NaN or Inf loss detected! Skipping batch.
2026-05-08 04:21:28,431 - __main__ - ERROR -   Batch 694: NaN or Inf loss detected! Skipping batch.
2026-05-08 04:21:28,491 - __main__ - ERROR -   Batch 695: NaN or Inf loss detected! Skipping batch.
2026-05-08 04:21:28,552 - __main__ - ERROR -   Batch 696: NaN or Inf loss detected! Skipping batch.
2026-05-08 04:21:28,612 - __main__ - ERROR -   Batch 697: NaN or Inf loss detected! Skipping batch.
2026-05-08 04:21:28,671 - __main__ - ERROR -   Batch 698: NaN or Inf loss detected! Skipping batch.
2026-05-08 04:21:28,732 - __main__ - ERROR -   Batch 699: NaN or Inf loss detected! Skipping batch.
2026-05-08 04:21:28,793 - __main__ - ERROR -   Batch 700: NaN or Inf loss detected! Skipping batch.
2026-05-08 04:21:28,853 - __main__ - ERROR -   Batch 701: NaN or Inf loss detected! Skipping batch.
2026-05-08 04:21:28,913 - __main__ - ERROR -   Batch 702: NaN or Inf loss detected! Skipping batch.
2026-05-08 04:21:28,973 - __main__ - ERROR -   Batch 703: NaN or Inf loss detected! Skipping batch.
2026-05-08 04:21:29,033 - __main__ - ERROR -   Batch 704: NaN or Inf loss detected! Skipping batch.
2026-05-08 04:21:29,093 - __main__ - ERROR -   Batch 705: NaN or Inf loss detected! Skipping batch.
2026-05-08 04:21:29,153 - __main__ - ERROR -   Batch 706: NaN or Inf loss detected! Skipping batch.
2026-05-08 04:21:29,214 - __main__ - ERROR -   Batch 707: NaN or Inf loss detected! Skipping batch.
2026-05-08 04:21:29,274 - __main__ - ERROR -   Batch 708: NaN or Inf loss detected! Skipping batch.
2026-05-08 04:21:29,334 - __main__ - ERROR -   Batch 709: NaN or Inf loss detected! Skipping batch.
2026-05-08 04:21:29,394 - __main__ - ERROR -   Batch 710: NaN or Inf loss detected! Skipping batch.
2026-05-08 04:21:29,454 - __main__ - ERROR -   Batch 711: NaN or Inf loss detected! Skipping batch.
2026-05-08 04:21:29,514 - __main__ - ERROR -   Batch 712: NaN or Inf loss detected! Skipping batch.
2026-05-08 04:21:29,575 - __main__ - ERROR -   Batch 713: NaN or Inf loss detected! Skipping batch.
2026-05-08 04:21:29,635 - __main__ - ERROR -   Batch 714: NaN or Inf loss detected! Skipping batch.
2026-05-08 04:21:29,695 - __main__ - ERROR -   Batch 715: NaN or Inf loss detected! Skipping batch.
2026-05-08 04:21:29,755 - __main__ - ERROR -   Batch 716: NaN or Inf loss detected! Skipping batch.
2026-05-08 04:21:29,815 - __main__ - ERROR -   Batch 717: NaN or Inf loss detected! Skipping batch.
2026-05-08 04:21:29,875 - __main__ - ERROR -   Batch 718: NaN or Inf loss detected! Skipping batch.
2026-05-08 04:21:29,935 - __main__ - ERROR -   Batch 719: NaN or Inf loss detected! Skipping batch.
2026-05-08 04:21:29,996 - __main__ - ERROR -   Batch 720: NaN or Inf loss detected! Skipping batch.
2026-05-08 04:21:30,050 - __main__ - ERROR -   Batch 721: NaN or Inf loss detected! Skipping batch.
2026-05-08 04:21:30,400 - __main__ - ERROR -   Batch 722: NaN or Inf loss detected! Skipping batch.
2026-05-08 04:21:30,460 - __main__ - ERROR -   Batch 723: NaN or Inf loss detected! Skipping batch.
2026-05-08 04:21:30,521 - __main__ - ERROR -   Batch 724: NaN or Inf loss detected! Skipping batch.
2026-05-08 04:21:30,581 - __main__ - ERROR -   Batch 725: NaN or Inf loss detected! Skipping batch.
2026-05-08 04:21:30,636 - __main__ - ERROR -   Batch 726: NaN or Inf loss detected! Skipping batch.
2026-05-08 04:21:30,690 - __main__ - ERROR -   Batch 727: NaN or Inf loss detected! Skipping batch.
2026-05-08 04:21:30,750 - __main__ - ERROR -   Batch 728: NaN or Inf loss detected! Skipping batch.
2026-05-08 04:21:30,810 - __main__ - ERROR -   Batch 729: NaN or Inf loss detected! Skipping batch.
2026-05-08 04:21:30,870 - __main__ - ERROR -   Batch 730: NaN or Inf loss detected! Skipping batch.
2026-05-08 04:21:30,930 - __main__ - ERROR -   Batch 731: NaN or Inf loss detected! Skipping batch.
2026-05-08 04:21:30,991 - __main__ - ERROR -   Batch 732: NaN or Inf loss detected! Skipping batch.
2026-05-08 04:21:31,051 - __main__ - ERROR -   Batch 733: NaN or Inf loss detected! Skipping batch.
2026-05-08 04:21:31,105 - __main__ - ERROR -   Batch 734: NaN or Inf loss detected! Skipping batch.
2026-05-08 04:21:31,165 - __main__ - ERROR -   Batch 735: NaN or Inf loss detected! Skipping batch.
2026-05-08 04:21:31,225 - __main__ - ERROR -   Batch 736: NaN or Inf loss detected! Skipping batch.
2026-05-08 04:21:31,285 - __main__ - ERROR -   Batch 737: NaN or Inf loss detected! Skipping batch.
2026-05-08 04:21:31,346 - __main__ - ERROR -   Batch 738: NaN or Inf loss detected! Skipping batch.
2026-05-08 04:21:31,406 - __main__ - ERROR -   Batch 739: NaN or Inf loss detected! Skipping batch.
2026-05-08 04:21:31,466 - __main__ - ERROR -   Batch 740: NaN or Inf loss detected! Skipping batch.
2026-05-08 04:21:31,526 - __main__ - ERROR -   Batch 741: NaN or Inf loss detected! Skipping batch.
2026-05-08 04:21:31,587 - __main__ - ERROR -   Batch 742: NaN or Inf loss detected! Skipping batch.
2026-05-08 04:21:31,647 - __main__ - ERROR -   Batch 743: NaN or Inf loss detected! Skipping batch.
2026-05-08 04:21:31,707 - __main__ - ERROR -   Batch 744: NaN or Inf loss detected! Skipping batch.
2026-05-08 04:21:31,767 - __main__ - ERROR -   Batch 745: NaN or Inf loss detected! Skipping batch.
2026-05-08 04:21:31,827 - __main__ - ERROR -   Batch 746: NaN or Inf loss detected! Skipping batch.
2026-05-08 04:21:31,888 - __main__ - ERROR -   Batch 747: NaN or Inf loss detected! Skipping batch.
2026-05-08 04:21:31,949 - __main__ - ERROR -   Batch 748: NaN or Inf loss detected! Skipping batch.
2026-05-08 04:21:32,009 - __main__ - ERROR -   Batch 749: NaN or Inf loss detected! Skipping batch.
2026-05-08 04:21:32,069 - __main__ - ERROR -   Batch 750: NaN or Inf loss detected! Skipping batch.
2026-05-08 04:21:32,130 - __main__ - ERROR -   Batch 751: NaN or Inf loss detected! Skipping batch.
2026-05-08 04:21:32,190 - __main__ - ERROR -   Batch 752: NaN or Inf loss detected! Skipping batch.
2026-05-08 04:21:32,250 - __main__ - ERROR -   Batch 753: NaN or Inf loss detected! Skipping batch.
2026-05-08 04:21:32,310 - __main__ - ERROR -   Batch 754: NaN or Inf loss detected! Skipping batch.
2026-05-08 04:21:32,369 - __main__ - ERROR -   Batch 755: NaN or Inf loss detected! Skipping batch.
2026-05-08 04:21:32,429 - __main__ - ERROR -   Batch 756: NaN or Inf loss detected! Skipping batch.
2026-05-08 04:21:32,490 - __main__ - ERROR -   Batch 757: NaN or Inf loss detected! Skipping batch.
2026-05-08 04:21:32,550 - __main__ - ERROR -   Batch 758: NaN or Inf loss detected! Skipping batch.
2026-05-08 04:21:32,610 - __main__ - ERROR -   Batch 759: NaN or Inf loss detected! Skipping batch.
2026-05-08 04:21:32,670 - __main__ - ERROR -   Batch 760: NaN or Inf loss detected! Skipping batch.
2026-05-08 04:21:32,731 - __main__ - ERROR -   Batch 761: NaN or Inf loss detected! Skipping batch.
2026-05-08 04:21:32,791 - __main__ - ERROR -   Batch 762: NaN or Inf loss detected! Skipping batch.
2026-05-08 04:21:32,851 - __main__ - ERROR -   Batch 763: NaN or Inf loss detected! Skipping batch.
2026-05-08 04:21:32,911 - __main__ - ERROR -   Batch 764: NaN or Inf loss detected! Skipping batch.
2026-05-08 04:21:32,971 - __main__ - ERROR -   Batch 765: NaN or Inf loss detected! Skipping batch.
2026-05-08 04:21:33,021 - __main__ - ERROR -   Batch 766: NaN or Inf loss detected! Skipping batch.
2026-05-08 04:21:33,080 - __main__ - ERROR -   Batch 767: NaN or Inf loss detected! Skipping batch.
2026-05-08 04:21:33,140 - __main__ - ERROR -   Batch 768: NaN or Inf loss detected! Skipping batch.
2026-05-08 04:21:33,201 - __main__ - ERROR -   Batch 769: NaN or Inf loss detected! Skipping batch.
2026-05-08 04:21:33,261 - __main__ - ERROR -   Batch 770: NaN or Inf loss detected! Skipping batch.
2026-05-08 04:21:33,321 - __main__ - ERROR -   Batch 771: NaN or Inf loss detected! Skipping batch.
2026-05-08 04:21:33,381 - __main__ - ERROR -   Batch 772: NaN or Inf loss detected! Skipping batch.
2026-05-08 04:21:33,441 - __main__ - ERROR -   Batch 773: NaN or Inf loss detected! Skipping batch.
2026-05-08 04:21:33,496 - __main__ - ERROR -   Batch 774: NaN or Inf loss detected! Skipping batch.
2026-05-08 04:21:33,556 - __main__ - ERROR -   Batch 775: NaN or Inf loss detected! Skipping batch.
2026-05-08 04:21:33,617 - __main__ - ERROR -   Batch 776: NaN or Inf loss detected! Skipping batch.
2026-05-08 04:21:33,677 - __main__ - ERROR -   Batch 777: NaN or Inf loss detected! Skipping batch.
2026-05-08 04:21:33,731 - __main__ - ERROR -   Batch 778: NaN or Inf loss detected! Skipping batch.
2026-05-08 04:21:33,792 - __main__ - ERROR -   Batch 779: NaN or Inf loss detected! Skipping batch.
2026-05-08 04:21:33,852 - __main__ - ERROR -   Batch 780: NaN or Inf loss detected! Skipping batch.
2026-05-08 04:21:33,913 - __main__ - ERROR -   Batch 781: NaN or Inf loss detected! Skipping batch.
2026-05-08 04:21:33,967 - __main__ - ERROR -   Batch 782: NaN or Inf loss detected! Skipping batch.
2026-05-08 04:21:34,027 - __main__ - ERROR -   Batch 783: NaN or Inf loss detected! Skipping batch.
2026-05-08 04:21:34,087 - __main__ - ERROR -   Batch 784: NaN or Inf loss detected! Skipping batch.
2026-05-08 04:21:34,147 - __main__ - ERROR -   Batch 785: NaN or Inf loss detected! Skipping batch.
2026-05-08 04:21:34,207 - __main__ - ERROR -   Batch 786: NaN or Inf loss detected! Skipping batch.
2026-05-08 04:21:34,268 - __main__ - ERROR -   Batch 787: NaN or Inf loss detected! Skipping batch.
2026-05-08 04:21:34,328 - __main__ - ERROR -   Batch 788: NaN or Inf loss detected! Skipping batch.
2026-05-08 04:21:34,388 - __main__ - ERROR -   Batch 789: NaN or Inf loss detected! Skipping batch.
2026-05-08 04:21:34,448 - __main__ - ERROR -   Batch 790: NaN or Inf loss detected! Skipping batch.
2026-05-08 04:21:34,508 - __main__ - ERROR -   Batch 791: NaN or Inf loss detected! Skipping batch.
2026-05-08 04:21:34,563 - __main__ - ERROR -   Batch 792: NaN or Inf loss detected! Skipping batch.
2026-05-08 04:21:34,618 - __main__ - ERROR -   Batch 793: NaN or Inf loss detected! Skipping batch.
2026-05-08 04:21:34,678 - __main__ - ERROR -   Batch 794: NaN or Inf loss detected! Skipping batch.
2026-05-08 04:21:34,738 - __main__ - ERROR -   Batch 795: NaN or Inf loss detected! Skipping batch.
2026-05-08 04:21:34,798 - __main__ - ERROR -   Batch 796: NaN or Inf loss detected! Skipping batch.
2026-05-08 04:21:34,859 - __main__ - ERROR -   Batch 797: NaN or Inf loss detected! Skipping batch.
2026-05-08 04:21:34,919 - __main__ - ERROR -   Batch 798: NaN or Inf loss detected! Skipping batch.
2026-05-08 04:21:34,978 - __main__ - ERROR -   Batch 799: NaN or Inf loss detected! Skipping batch.
2026-05-08 04:21:35,039 - __main__ - ERROR -   Batch 800: NaN or Inf loss detected! Skipping batch.
2026-05-08 04:21:35,099 - __main__ - ERROR -   Batch 801: NaN or Inf loss detected! Skipping batch.
2026-05-08 04:21:35,153 - __main__ - ERROR -   Batch 802: NaN or Inf loss detected! Skipping batch.
2026-05-08 04:21:35,208 - __main__ - ERROR -   Batch 803: NaN or Inf loss detected! Skipping batch.
2026-05-08 04:21:35,268 - __main__ - ERROR -   Batch 804: NaN or Inf loss detected! Skipping batch.
2026-05-08 04:21:35,328 - __main__ - ERROR -   Batch 805: NaN or Inf loss detected! Skipping batch.
2026-05-08 04:21:35,374 - __main__ - ERROR -   Batch 806: NaN or Inf loss detected! Skipping batch.
2026-05-08 04:21:35,434 - __main__ - ERROR -   Batch 807: NaN or Inf loss detected! Skipping batch.
2026-05-08 04:21:35,494 - __main__ - ERROR -   Batch 808: NaN or Inf loss detected! Skipping batch.
2026-05-08 04:21:35,549 - __main__ - ERROR -   Batch 809: NaN or Inf loss detected! Skipping batch.
2026-05-08 04:21:35,609 - __main__ - ERROR -   Batch 810: NaN or Inf loss detected! Skipping batch.
2026-05-08 04:21:35,669 - __main__ - ERROR -   Batch 811: NaN or Inf loss detected! Skipping batch.
2026-05-08 04:21:35,729 - __main__ - ERROR -   Batch 812: NaN or Inf loss detected! Skipping batch.
2026-05-08 04:21:35,789 - __main__ - ERROR -   Batch 813: NaN or Inf loss detected! Skipping batch.
2026-05-08 04:21:35,849 - __main__ - ERROR -   Batch 814: NaN or Inf loss detected! Skipping batch.
2026-05-08 04:21:35,909 - __main__ - ERROR -   Batch 815: NaN or Inf loss detected! Skipping batch.
2026-05-08 04:21:35,969 - __main__ - ERROR -   Batch 816: NaN or Inf loss detected! Skipping batch.
2026-05-08 04:21:36,029 - __main__ - ERROR -   Batch 817: NaN or Inf loss detected! Skipping batch.
2026-05-08 04:21:36,089 - __main__ - ERROR -   Batch 818: NaN or Inf loss detected! Skipping batch.
2026-05-08 04:21:36,149 - __main__ - ERROR -   Batch 819: NaN or Inf loss detected! Skipping batch.
2026-05-08 04:21:36,209 - __main__ - ERROR -   Batch 820: NaN or Inf loss detected! Skipping batch.
2026-05-08 04:21:36,269 - __main__ - ERROR -   Batch 821: NaN or Inf loss detected! Skipping batch.
2026-05-08 04:21:36,330 - __main__ - ERROR -   Batch 822: NaN or Inf loss detected! Skipping batch.
2026-05-08 04:21:36,390 - __main__ - ERROR -   Batch 823: NaN or Inf loss detected! Skipping batch.
2026-05-08 04:21:36,451 - __main__ - ERROR -   Batch 824: NaN or Inf loss detected! Skipping batch.
2026-05-08 04:21:36,511 - __main__ - ERROR -   Batch 825: NaN or Inf loss detected! Skipping batch.
2026-05-08 04:21:36,571 - __main__ - ERROR -   Batch 826: NaN or Inf loss detected! Skipping batch.
2026-05-08 04:21:36,632 - __main__ - ERROR -   Batch 827: NaN or Inf loss detected! Skipping batch.
2026-05-08 04:21:36,692 - __main__ - ERROR -   Batch 828: NaN or Inf loss detected! Skipping batch.
2026-05-08 04:21:36,753 - __main__ - ERROR -   Batch 829: NaN or Inf loss detected! Skipping batch.
2026-05-08 04:21:36,813 - __main__ - ERROR -   Batch 830: NaN or Inf loss detected! Skipping batch.
2026-05-08 04:21:36,873 - __main__ - ERROR -   Batch 831: NaN or Inf loss detected! Skipping batch.
2026-05-08 04:21:36,933 - __main__ - ERROR -   Batch 832: NaN or Inf loss detected! Skipping batch.
2026-05-08 04:21:36,993 - __main__ - ERROR -   Batch 833: NaN or Inf loss detected! Skipping batch.
2026-05-08 04:21:37,048 - __main__ - ERROR -   Batch 834: NaN or Inf loss detected! Skipping batch.
2026-05-08 04:21:37,107 - __main__ - ERROR -   Batch 835: NaN or Inf loss detected! Skipping batch.
2026-05-08 04:21:37,168 - __main__ - ERROR -   Batch 836: NaN or Inf loss detected! Skipping batch.
2026-05-08 04:21:37,228 - __main__ - ERROR -   Batch 837: NaN or Inf loss detected! Skipping batch.
2026-05-08 04:21:37,288 - __main__ - ERROR -   Batch 838: NaN or Inf loss detected! Skipping batch.
2026-05-08 04:21:37,348 - __main__ - ERROR -   Batch 839: NaN or Inf loss detected! Skipping batch.
2026-05-08 04:21:37,409 - __main__ - ERROR -   Batch 840: NaN or Inf loss detected! Skipping batch.
2026-05-08 04:21:37,470 - __main__ - ERROR -   Batch 841: NaN or Inf loss detected! Skipping batch.
2026-05-08 04:21:37,530 - __main__ - ERROR -   Batch 842: NaN or Inf loss detected! Skipping batch.
2026-05-08 04:21:37,585 - __main__ - ERROR -   Batch 843: NaN or Inf loss detected! Skipping batch.
2026-05-08 04:21:37,644 - __main__ - ERROR -   Batch 844: NaN or Inf loss detected! Skipping batch.
2026-05-08 04:21:37,705 - __main__ - ERROR -   Batch 845: NaN or Inf loss detected! Skipping batch.
2026-05-08 04:21:37,765 - __main__ - ERROR -   Batch 846: NaN or Inf loss detected! Skipping batch.
2026-05-08 04:21:37,825 - __main__ - ERROR -   Batch 847: NaN or Inf loss detected! Skipping batch.
2026-05-08 04:21:37,885 - __main__ - ERROR -   Batch 848: NaN or Inf loss detected! Skipping batch.
2026-05-08 04:21:37,945 - __main__ - ERROR -   Batch 849: NaN or Inf loss detected! Skipping batch.
2026-05-08 04:21:38,006 - __main__ - ERROR -   Batch 850: NaN or Inf loss detected! Skipping batch.
2026-05-08 04:21:38,066 - __main__ - ERROR -   Batch 851: NaN or Inf loss detected! Skipping batch.
2026-05-08 04:21:38,126 - __main__ - ERROR -   Batch 852: NaN or Inf loss detected! Skipping batch.
2026-05-08 04:21:38,187 - __main__ - ERROR -   Batch 853: NaN or Inf loss detected! Skipping batch.
2026-05-08 04:21:38,247 - __main__ - ERROR -   Batch 854: NaN or Inf loss detected! Skipping batch.
2026-05-08 04:21:38,307 - __main__ - ERROR -   Batch 855: NaN or Inf loss detected! Skipping batch.
2026-05-08 04:21:38,367 - __main__ - ERROR -   Batch 856: NaN or Inf loss detected! Skipping batch.
2026-05-08 04:21:38,428 - __main__ - ERROR -   Batch 857: NaN or Inf loss detected! Skipping batch.
2026-05-08 04:21:38,488 - __main__ - ERROR -   Batch 858: NaN or Inf loss detected! Skipping batch.
2026-05-08 04:21:38,548 - __main__ - ERROR -   Batch 859: NaN or Inf loss detected! Skipping batch.
2026-05-08 04:21:38,896 - __main__ - ERROR -   Batch 860: NaN or Inf loss detected! Skipping batch.
2026-05-08 04:21:38,957 - __main__ - ERROR -   Batch 861: NaN or Inf loss detected! Skipping batch.
2026-05-08 04:21:39,017 - __main__ - ERROR -   Batch 862: NaN or Inf loss detected! Skipping batch.
2026-05-08 04:21:39,077 - __main__ - ERROR -   Batch 863: NaN or Inf loss detected! Skipping batch.
2026-05-08 04:21:39,138 - __main__ - ERROR -   Batch 864: NaN or Inf loss detected! Skipping batch.
2026-05-08 04:21:39,198 - __main__ - ERROR -   Batch 865: NaN or Inf loss detected! Skipping batch.
2026-05-08 04:21:39,258 - __main__ - ERROR -   Batch 866: NaN or Inf loss detected! Skipping batch.
2026-05-08 04:21:39,318 - __main__ - ERROR -   Batch 867: NaN or Inf loss detected! Skipping batch.
2026-05-08 04:21:39,379 - __main__ - ERROR -   Batch 868: NaN or Inf loss detected! Skipping batch.
2026-05-08 04:21:39,439 - __main__ - ERROR -   Batch 869: NaN or Inf loss detected! Skipping batch.
2026-05-08 04:21:39,499 - __main__ - ERROR -   Batch 870: NaN or Inf loss detected! Skipping batch.
2026-05-08 04:21:39,560 - __main__ - ERROR -   Batch 871: NaN or Inf loss detected! Skipping batch.
2026-05-08 04:21:39,620 - __main__ - ERROR -   Batch 872: NaN or Inf loss detected! Skipping batch.
2026-05-08 04:21:39,680 - __main__ - ERROR -   Batch 873: NaN or Inf loss detected! Skipping batch.
2026-05-08 04:21:39,735 - __main__ - ERROR -   Batch 874: NaN or Inf loss detected! Skipping batch.
2026-05-08 04:21:39,795 - __main__ - ERROR -   Batch 875: NaN or Inf loss detected! Skipping batch.
2026-05-08 04:21:39,856 - __main__ - ERROR -   Batch 876: NaN or Inf loss detected! Skipping batch.
2026-05-08 04:21:39,916 - __main__ - ERROR -   Batch 877: NaN or Inf loss detected! Skipping batch.
2026-05-08 04:21:39,976 - __main__ - ERROR -   Batch 878: NaN or Inf loss detected! Skipping batch.
2026-05-08 04:21:40,036 - __main__ - ERROR -   Batch 879: NaN or Inf loss detected! Skipping batch.
2026-05-08 04:21:40,096 - __main__ - ERROR -   Batch 880: NaN or Inf loss detected! Skipping batch.
2026-05-08 04:21:40,156 - __main__ - ERROR -   Batch 881: NaN or Inf loss detected! Skipping batch.
2026-05-08 04:21:40,216 - __main__ - ERROR -   Batch 882: NaN or Inf loss detected! Skipping batch.
2026-05-08 04:21:40,276 - __main__ - ERROR -   Batch 883: NaN or Inf loss detected! Skipping batch.
2026-05-08 04:21:40,336 - __main__ - ERROR -   Batch 884: NaN or Inf loss detected! Skipping batch.
2026-05-08 04:21:40,396 - __main__ - ERROR -   Batch 885: NaN or Inf loss detected! Skipping batch.
2026-05-08 04:21:40,451 - __main__ - ERROR -   Batch 886: NaN or Inf loss detected! Skipping batch.
2026-05-08 04:21:40,505 - __main__ - ERROR -   Batch 887: NaN or Inf loss detected! Skipping batch.
2026-05-08 04:21:40,565 - __main__ - ERROR -   Batch 888: NaN or Inf loss detected! Skipping batch.
2026-05-08 04:21:40,626 - __main__ - ERROR -   Batch 889: NaN or Inf loss detected! Skipping batch.
2026-05-08 04:21:40,686 - __main__ - ERROR -   Batch 890: NaN or Inf loss detected! Skipping batch.
2026-05-08 04:21:40,746 - __main__ - ERROR -   Batch 891: NaN or Inf loss detected! Skipping batch.
2026-05-08 04:21:40,806 - __main__ - ERROR -   Batch 892: NaN or Inf loss detected! Skipping batch.
2026-05-08 04:21:40,867 - __main__ - ERROR -   Batch 893: NaN or Inf loss detected! Skipping batch.
2026-05-08 04:21:40,927 - __main__ - ERROR -   Batch 894: NaN or Inf loss detected! Skipping batch.
2026-05-08 04:21:40,988 - __main__ - ERROR -   Batch 895: NaN or Inf loss detected! Skipping batch.
2026-05-08 04:21:41,048 - __main__ - ERROR -   Batch 896: NaN or Inf loss detected! Skipping batch.
2026-05-08 04:21:41,098 - __main__ - ERROR -   Batch 897: NaN or Inf loss detected! Skipping batch.
2026-05-08 04:21:41,158 - __main__ - ERROR -   Batch 898: NaN or Inf loss detected! Skipping batch.
2026-05-08 04:21:41,218 - __main__ - ERROR -   Batch 899: NaN or Inf loss detected! Skipping batch.
2026-05-08 04:21:41,278 - __main__ - ERROR -   Batch 900: NaN or Inf loss detected! Skipping batch.
2026-05-08 04:21:41,338 - __main__ - ERROR -   Batch 901: NaN or Inf loss detected! Skipping batch.
2026-05-08 04:21:41,398 - __main__ - ERROR -   Batch 902: NaN or Inf loss detected! Skipping batch.
2026-05-08 04:21:41,458 - __main__ - ERROR -   Batch 903: NaN or Inf loss detected! Skipping batch.
2026-05-08 04:21:41,519 - __main__ - ERROR -   Batch 904: NaN or Inf loss detected! Skipping batch.
2026-05-08 04:21:41,574 - __main__ - ERROR -   Batch 905: NaN or Inf loss detected! Skipping batch.
2026-05-08 04:21:41,634 - __main__ - ERROR -   Batch 906: NaN or Inf loss detected! Skipping batch.
2026-05-08 04:21:41,694 - __main__ - ERROR -   Batch 907: NaN or Inf loss detected! Skipping batch.
2026-05-08 04:21:41,754 - __main__ - ERROR -   Batch 908: NaN or Inf loss detected! Skipping batch.
2026-05-08 04:21:41,814 - __main__ - ERROR -   Batch 909: NaN or Inf loss detected! Skipping batch.
2026-05-08 04:21:41,874 - __main__ - ERROR -   Batch 910: NaN or Inf loss detected! Skipping batch.
2026-05-08 04:21:41,935 - __main__ - ERROR -   Batch 911: NaN or Inf loss detected! Skipping batch.
2026-05-08 04:21:41,995 - __main__ - ERROR -   Batch 912: NaN or Inf loss detected! Skipping batch.
2026-05-08 04:21:42,055 - __main__ - ERROR -   Batch 913: NaN or Inf loss detected! Skipping batch.
2026-05-08 04:21:42,115 - __main__ - ERROR -   Batch 914: NaN or Inf loss detected! Skipping batch.
2026-05-08 04:21:42,175 - __main__ - ERROR -   Batch 915: NaN or Inf loss detected! Skipping batch.
2026-05-08 04:21:42,235 - __main__ - ERROR -   Batch 916: NaN or Inf loss detected! Skipping batch.
2026-05-08 04:21:42,295 - __main__ - ERROR -   Batch 917: NaN or Inf loss detected! Skipping batch.
2026-05-08 04:21:42,355 - __main__ - ERROR -   Batch 918: NaN or Inf loss detected! Skipping batch.
2026-05-08 04:21:42,415 - __main__ - ERROR -   Batch 919: NaN or Inf loss detected! Skipping batch.
2026-05-08 04:21:42,475 - __main__ - ERROR -   Batch 920: NaN or Inf loss detected! Skipping batch.
2026-05-08 04:21:42,536 - __main__ - ERROR -   Batch 921: NaN or Inf loss detected! Skipping batch.
2026-05-08 04:21:42,596 - __main__ - ERROR -   Batch 922: NaN or Inf loss detected! Skipping batch.
2026-05-08 04:21:42,656 - __main__ - ERROR -   Batch 923: NaN or Inf loss detected! Skipping batch.
2026-05-08 04:21:42,716 - __main__ - ERROR -   Batch 924: NaN or Inf loss detected! Skipping batch.
2026-05-08 04:21:42,776 - __main__ - ERROR -   Batch 925: NaN or Inf loss detected! Skipping batch.
2026-05-08 04:21:42,836 - __main__ - ERROR -   Batch 926: NaN or Inf loss detected! Skipping batch.
2026-05-08 04:21:42,896 - __main__ - ERROR -   Batch 927: NaN or Inf loss detected! Skipping batch.
2026-05-08 04:21:42,956 - __main__ - ERROR -   Batch 928: NaN or Inf loss detected! Skipping batch.
2026-05-08 04:21:43,016 - __main__ - ERROR -   Batch 929: NaN or Inf loss detected! Skipping batch.
2026-05-08 04:21:43,076 - __main__ - ERROR -   Batch 930: NaN or Inf loss detected! Skipping batch.
2026-05-08 04:21:43,136 - __main__ - ERROR -   Batch 931: NaN or Inf loss detected! Skipping batch.
2026-05-08 04:21:43,196 - __main__ - ERROR -   Batch 932: NaN or Inf loss detected! Skipping batch.
2026-05-08 04:21:43,255 - __main__ - ERROR -   Batch 933: NaN or Inf loss detected! Skipping batch.
2026-05-08 04:21:43,315 - __main__ - ERROR -   Batch 934: NaN or Inf loss detected! Skipping batch.
2026-05-08 04:21:43,375 - __main__ - ERROR -   Batch 935: NaN or Inf loss detected! Skipping batch.
2026-05-08 04:21:43,435 - __main__ - ERROR -   Batch 936: NaN or Inf loss detected! Skipping batch.
2026-05-08 04:21:43,495 - __main__ - ERROR -   Batch 937: NaN or Inf loss detected! Skipping batch.
2026-05-08 04:21:43,555 - __main__ - ERROR -   Batch 938: NaN or Inf loss detected! Skipping batch.
2026-05-08 04:21:43,615 - __main__ - ERROR -   Batch 939: NaN or Inf loss detected! Skipping batch.
2026-05-08 04:21:43,675 - __main__ - ERROR -   Batch 940: NaN or Inf loss detected! Skipping batch.
2026-05-08 04:21:43,734 - __main__ - ERROR -   Batch 941: NaN or Inf loss detected! Skipping batch.
2026-05-08 04:21:43,794 - __main__ - ERROR -   Batch 942: NaN or Inf loss detected! Skipping batch.
2026-05-08 04:21:43,854 - __main__ - ERROR -   Batch 943: NaN or Inf loss detected! Skipping batch.
2026-05-08 04:21:43,914 - __main__ - ERROR -   Batch 944: NaN or Inf loss detected! Skipping batch.
2026-05-08 04:21:43,974 - __main__ - ERROR -   Batch 945: NaN or Inf loss detected! Skipping batch.
2026-05-08 04:21:44,034 - __main__ - ERROR -   Batch 946: NaN or Inf loss detected! Skipping batch.
2026-05-08 04:21:44,093 - __main__ - ERROR -   Batch 947: NaN or Inf loss detected! Skipping batch.
2026-05-08 04:21:44,153 - __main__ - ERROR -   Batch 948: NaN or Inf loss detected! Skipping batch.
2026-05-08 04:21:44,208 - __main__ - ERROR -   Batch 949: NaN or Inf loss detected! Skipping batch.
2026-05-08 04:21:44,268 - __main__ - ERROR -   Batch 950: NaN or Inf loss detected! Skipping batch.
2026-05-08 04:21:44,328 - __main__ - ERROR -   Batch 951: NaN or Inf loss detected! Skipping batch.
2026-05-08 04:21:44,389 - __main__ - ERROR -   Batch 952: NaN or Inf loss detected! Skipping batch.
2026-05-08 04:21:44,450 - __main__ - ERROR -   Batch 953: NaN or Inf loss detected! Skipping batch.
2026-05-08 04:21:44,510 - __main__ - ERROR -   Batch 954: NaN or Inf loss detected! Skipping batch.
2026-05-08 04:21:44,571 - __main__ - ERROR -   Batch 955: NaN or Inf loss detected! Skipping batch.
2026-05-08 04:21:44,632 - __main__ - ERROR -   Batch 956: NaN or Inf loss detected! Skipping batch.
2026-05-08 04:21:44,692 - __main__ - ERROR -   Batch 957: NaN or Inf loss detected! Skipping batch.
2026-05-08 04:21:44,746 - __main__ - ERROR -   Batch 958: NaN or Inf loss detected! Skipping batch.
2026-05-08 04:21:44,807 - __main__ - ERROR -   Batch 959: NaN or Inf loss detected! Skipping batch.
2026-05-08 04:21:44,866 - __main__ - ERROR -   Batch 960: NaN or Inf loss detected! Skipping batch.
2026-05-08 04:21:44,927 - __main__ - ERROR -   Batch 961: NaN or Inf loss detected! Skipping batch.
2026-05-08 04:21:44,987 - __main__ - ERROR -   Batch 962: NaN or Inf loss detected! Skipping batch.
2026-05-08 04:21:45,047 - __main__ - ERROR -   Batch 963: NaN or Inf loss detected! Skipping batch.
2026-05-08 04:21:45,102 - __main__ - ERROR -   Batch 964: NaN or Inf loss detected! Skipping batch.
2026-05-08 04:21:45,454 - __main__ - ERROR -   Batch 965: NaN or Inf loss detected! Skipping batch.
2026-05-08 04:21:45,515 - __main__ - ERROR -   Batch 966: NaN or Inf loss detected! Skipping batch.
2026-05-08 04:21:45,576 - __main__ - ERROR -   Batch 967: NaN or Inf loss detected! Skipping batch.
2026-05-08 04:21:45,636 - __main__ - ERROR -   Batch 968: NaN or Inf loss detected! Skipping batch.
2026-05-08 04:21:45,685 - __main__ - ERROR -   Batch 969: NaN or Inf loss detected! Skipping batch.
2026-05-08 04:21:45,745 - __main__ - ERROR -   Batch 970: NaN or Inf loss detected! Skipping batch.
2026-05-08 04:21:45,806 - __main__ - ERROR -   Batch 971: NaN or Inf loss detected! Skipping batch.
2026-05-08 04:21:45,855 - __main__ - ERROR -   Batch 972: NaN or Inf loss detected! Skipping batch.
2026-05-08 04:21:45,916 - __main__ - ERROR -   Batch 973: NaN or Inf loss detected! Skipping batch.
2026-05-08 04:21:45,976 - __main__ - ERROR -   Batch 974: NaN or Inf loss detected! Skipping batch.
2026-05-08 04:21:46,036 - __main__ - ERROR -   Batch 975: NaN or Inf loss detected! Skipping batch.
2026-05-08 04:21:46,096 - __main__ - ERROR -   Batch 976: NaN or Inf loss detected! Skipping batch.
2026-05-08 04:21:46,151 - __main__ - ERROR -   Batch 977: NaN or Inf loss detected! Skipping batch.
2026-05-08 04:21:46,212 - __main__ - ERROR -   Batch 978: NaN or Inf loss detected! Skipping batch.
2026-05-08 04:21:46,271 - __main__ - ERROR -   Batch 979: NaN or Inf loss detected! Skipping batch.
2026-05-08 04:21:46,332 - __main__ - ERROR -   Batch 980: NaN or Inf loss detected! Skipping batch.
2026-05-08 04:21:46,392 - __main__ - ERROR -   Batch 981: NaN or Inf loss detected! Skipping batch.
2026-05-08 04:21:46,452 - __main__ - ERROR -   Batch 982: NaN or Inf loss detected! Skipping batch.
2026-05-08 04:21:46,513 - __main__ - ERROR -   Batch 983: NaN or Inf loss detected! Skipping batch.
2026-05-08 04:21:46,573 - __main__ - ERROR -   Batch 984: NaN or Inf loss detected! Skipping batch.
2026-05-08 04:21:46,633 - __main__ - ERROR -   Batch 985: NaN or Inf loss detected! Skipping batch.
2026-05-08 04:21:46,693 - __main__ - ERROR -   Batch 986: NaN or Inf loss detected! Skipping batch.
2026-05-08 04:21:46,754 - __main__ - ERROR -   Batch 987: NaN or Inf loss detected! Skipping batch.
2026-05-08 04:21:46,814 - __main__ - ERROR -   Batch 988: NaN or Inf loss detected! Skipping batch.
2026-05-08 04:21:46,875 - __main__ - ERROR -   Batch 989: NaN or Inf loss detected! Skipping batch.
2026-05-08 04:21:46,934 - __main__ - ERROR -   Batch 990: NaN or Inf loss detected! Skipping batch.
2026-05-08 04:21:46,995 - __main__ - ERROR -   Batch 991: NaN or Inf loss detected! Skipping batch.
2026-05-08 04:21:47,055 - __main__ - ERROR -   Batch 992: NaN or Inf loss detected! Skipping batch.
2026-05-08 04:21:47,105 - __main__ - ERROR -   Batch 993: NaN or Inf loss detected! Skipping batch.
2026-05-08 04:21:47,165 - __main__ - ERROR -   Batch 994: NaN or Inf loss detected! Skipping batch.
2026-05-08 04:21:47,225 - __main__ - ERROR -   Batch 995: NaN or Inf loss detected! Skipping batch.
2026-05-08 04:21:47,286 - __main__ - ERROR -   Batch 996: NaN or Inf loss detected! Skipping batch.
2026-05-08 04:21:47,346 - __main__ - ERROR -   Batch 997: NaN or Inf loss detected! Skipping batch.
2026-05-08 04:21:47,406 - __main__ - ERROR -   Batch 998: NaN or Inf loss detected! Skipping batch.
2026-05-08 04:21:47,466 - __main__ - ERROR -   Batch 999: NaN or Inf loss detected! Skipping batch.
2026-05-08 04:21:47,527 - __main__ - ERROR -   Batch 1000: NaN or Inf loss detected! Skipping batch.
2026-05-08 04:21:47,587 - __main__ - ERROR -   Batch 1001: NaN or Inf loss detected! Skipping batch.
2026-05-08 04:21:47,647 - __main__ - ERROR -   Batch 1002: NaN or Inf loss detected! Skipping batch.
2026-05-08 04:21:47,708 - __main__ - ERROR -   Batch 1003: NaN or Inf loss detected! Skipping batch.
2026-05-08 04:21:47,768 - __main__ - ERROR -   Batch 1004: NaN or Inf loss detected! Skipping batch.
2026-05-08 04:21:47,828 - __main__ - ERROR -   Batch 1005: NaN or Inf loss detected! Skipping batch.
2026-05-08 04:21:47,888 - __main__ - ERROR -   Batch 1006: NaN or Inf loss detected! Skipping batch.
2026-05-08 04:21:47,949 - __main__ - ERROR -   Batch 1007: NaN or Inf loss detected! Skipping batch.
2026-05-08 04:21:48,009 - __main__ - ERROR -   Batch 1008: NaN or Inf loss detected! Skipping batch.
2026-05-08 04:21:48,064 - __main__ - ERROR -   Batch 1009: NaN or Inf loss detected! Skipping batch.
2026-05-08 04:21:48,124 - __main__ - ERROR -   Batch 1010: NaN or Inf loss detected! Skipping batch.
2026-05-08 04:21:48,184 - __main__ - ERROR -   Batch 1011: NaN or Inf loss detected! Skipping batch.
2026-05-08 04:21:48,244 - __main__ - ERROR -   Batch 1012: NaN or Inf loss detected! Skipping batch.
2026-05-08 04:21:48,304 - __main__ - ERROR -   Batch 1013: NaN or Inf loss detected! Skipping batch.
2026-05-08 04:21:48,364 - __main__ - ERROR -   Batch 1014: NaN or Inf loss detected! Skipping batch.
2026-05-08 04:21:48,424 - __main__ - ERROR -   Batch 1015: NaN or Inf loss detected! Skipping batch.
2026-05-08 04:21:48,483 - __main__ - ERROR -   Batch 1016: NaN or Inf loss detected! Skipping batch.
2026-05-08 04:21:48,544 - __main__ - ERROR -   Batch 1017: NaN or Inf loss detected! Skipping batch.
2026-05-08 04:21:48,604 - __main__ - ERROR -   Batch 1018: NaN or Inf loss detected! Skipping batch.
2026-05-08 04:21:48,664 - __main__ - ERROR -   Batch 1019: NaN or Inf loss detected! Skipping batch.
2026-05-08 04:21:48,719 - __main__ - ERROR -   Batch 1020: NaN or Inf loss detected! Skipping batch.
2026-05-08 04:21:48,778 - __main__ - ERROR -   Batch 1021: NaN or Inf loss detected! Skipping batch.
2026-05-08 04:21:48,838 - __main__ - ERROR -   Batch 1022: NaN or Inf loss detected! Skipping batch.
2026-05-08 04:21:48,899 - __main__ - ERROR -   Batch 1023: NaN or Inf loss detected! Skipping batch.
2026-05-08 04:21:48,959 - __main__ - ERROR -   Batch 1024: NaN or Inf loss detected! Skipping batch.
2026-05-08 04:21:49,019 - __main__ - ERROR -   Batch 1025: NaN or Inf loss detected! Skipping batch.
2026-05-08 04:21:49,080 - __main__ - ERROR -   Batch 1026: NaN or Inf loss detected! Skipping batch.
2026-05-08 04:21:49,140 - __main__ - ERROR -   Batch 1027: NaN or Inf loss detected! Skipping batch.
2026-05-08 04:21:49,200 - __main__ - ERROR -   Batch 1028: NaN or Inf loss detected! Skipping batch.
2026-05-08 04:21:49,260 - __main__ - ERROR -   Batch 1029: NaN or Inf loss detected! Skipping batch.
2026-05-08 04:21:49,320 - __main__ - ERROR -   Batch 1030: NaN or Inf loss detected! Skipping batch.
2026-05-08 04:21:49,380 - __main__ - ERROR -   Batch 1031: NaN or Inf loss detected! Skipping batch.
2026-05-08 04:21:49,440 - __main__ - ERROR -   Batch 1032: NaN or Inf loss detected! Skipping batch.
2026-05-08 04:21:49,490 - __main__ - ERROR -   Batch 1033: NaN or Inf loss detected! Skipping batch.
2026-05-08 04:21:49,550 - __main__ - ERROR -   Batch 1034: NaN or Inf loss detected! Skipping batch.
2026-05-08 04:21:49,610 - __main__ - ERROR -   Batch 1035: NaN or Inf loss detected! Skipping batch.
2026-05-08 04:21:49,671 - __main__ - ERROR -   Batch 1036: NaN or Inf loss detected! Skipping batch.
2026-05-08 04:21:49,731 - __main__ - ERROR -   Batch 1037: NaN or Inf loss detected! Skipping batch.
2026-05-08 04:21:49,785 - __main__ - ERROR -   Batch 1038: NaN or Inf loss detected! Skipping batch.
2026-05-08 04:21:49,845 - __main__ - ERROR -   Batch 1039: NaN or Inf loss detected! Skipping batch.
2026-05-08 04:21:49,905 - __main__ - ERROR -   Batch 1040: NaN or Inf loss detected! Skipping batch.
2026-05-08 04:21:49,966 - __main__ - ERROR -   Batch 1041: NaN or Inf loss detected! Skipping batch.
2026-05-08 04:21:50,026 - __main__ - ERROR -   Batch 1042: NaN or Inf loss detected! Skipping batch.
2026-05-08 04:21:50,086 - __main__ - ERROR -   Batch 1043: NaN or Inf loss detected! Skipping batch.
2026-05-08 04:21:50,146 - __main__ - ERROR -   Batch 1044: NaN or Inf loss detected! Skipping batch.
2026-05-08 04:21:50,206 - __main__ - ERROR -   Batch 1045: NaN or Inf loss detected! Skipping batch.
2026-05-08 04:21:50,266 - __main__ - ERROR -   Batch 1046: NaN or Inf loss detected! Skipping batch.
2026-05-08 04:21:50,326 - __main__ - ERROR -   Batch 1047: NaN or Inf loss detected! Skipping batch.
2026-05-08 04:21:50,381 - __main__ - ERROR -   Batch 1048: NaN or Inf loss detected! Skipping batch.
2026-05-08 04:21:50,441 - __main__ - ERROR -   Batch 1049: NaN or Inf loss detected! Skipping batch.
2026-05-08 04:21:50,501 - __main__ - ERROR -   Batch 1050: NaN or Inf loss detected! Skipping batch.
2026-05-08 04:21:50,561 - __main__ - ERROR -   Batch 1051: NaN or Inf loss detected! Skipping batch.
2026-05-08 04:21:50,621 - __main__ - ERROR -   Batch 1052: NaN or Inf loss detected! Skipping batch.
2026-05-08 04:21:50,681 - __main__ - ERROR -   Batch 1053: NaN or Inf loss detected! Skipping batch.
2026-05-08 04:21:50,742 - __main__ - ERROR -   Batch 1054: NaN or Inf loss detected! Skipping batch.
2026-05-08 04:21:50,802 - __main__ - ERROR -   Batch 1055: NaN or Inf loss detected! Skipping batch.
2026-05-08 04:21:50,863 - __main__ - ERROR -   Batch 1056: NaN or Inf loss detected! Skipping batch.
2026-05-08 04:21:50,923 - __main__ - ERROR -   Batch 1057: NaN or Inf loss detected! Skipping batch.
2026-05-08 04:21:50,983 - __main__ - ERROR -   Batch 1058: NaN or Inf loss detected! Skipping batch.
2026-05-08 04:21:51,043 - __main__ - ERROR -   Batch 1059: NaN or Inf loss detected! Skipping batch.
2026-05-08 04:21:51,103 - __main__ - ERROR -   Batch 1060: NaN or Inf loss detected! Skipping batch.
2026-05-08 04:21:51,163 - __main__ - ERROR -   Batch 1061: NaN or Inf loss detected! Skipping batch.
2026-05-08 04:21:51,224 - __main__ - ERROR -   Batch 1062: NaN or Inf loss detected! Skipping batch.
2026-05-08 04:21:51,284 - __main__ - ERROR -   Batch 1063: NaN or Inf loss detected! Skipping batch.
2026-05-08 04:21:51,344 - __main__ - ERROR -   Batch 1064: NaN or Inf loss detected! Skipping batch.
2026-05-08 04:21:51,405 - __main__ - ERROR -   Batch 1065: NaN or Inf loss detected! Skipping batch.
2026-05-08 04:21:51,454 - __main__ - ERROR -   Batch 1066: NaN or Inf loss detected! Skipping batch.
2026-05-08 04:21:51,514 - __main__ - ERROR -   Batch 1067: NaN or Inf loss detected! Skipping batch.
2026-05-08 04:21:51,574 - __main__ - ERROR -   Batch 1068: NaN or Inf loss detected! Skipping batch.
2026-05-08 04:21:51,635 - __main__ - ERROR -   Batch 1069: NaN or Inf loss detected! Skipping batch.
2026-05-08 04:21:51,992 - __main__ - ERROR -   Batch 1070: NaN or Inf loss detected! Skipping batch.
2026-05-08 04:21:52,053 - __main__ - ERROR -   Batch 1071: NaN or Inf loss detected! Skipping batch.
2026-05-08 04:21:52,113 - __main__ - ERROR -   Batch 1072: NaN or Inf loss detected! Skipping batch.
2026-05-08 04:21:52,173 - __main__ - ERROR -   Batch 1073: NaN or Inf loss detected! Skipping batch.
2026-05-08 04:21:52,233 - __main__ - ERROR -   Batch 1074: NaN or Inf loss detected! Skipping batch.
2026-05-08 04:21:52,294 - __main__ - ERROR -   Batch 1075: NaN or Inf loss detected! Skipping batch.
2026-05-08 04:21:52,354 - __main__ - ERROR -   Batch 1076: NaN or Inf loss detected! Skipping batch.
2026-05-08 04:21:52,413 - __main__ - ERROR -   Batch 1077: NaN or Inf loss detected! Skipping batch.
2026-05-08 04:21:52,468 - __main__ - ERROR -   Batch 1078: NaN or Inf loss detected! Skipping batch.
2026-05-08 04:21:52,528 - __main__ - ERROR -   Batch 1079: NaN or Inf loss detected! Skipping batch.
2026-05-08 04:21:52,588 - __main__ - ERROR -   Batch 1080: NaN or Inf loss detected! Skipping batch.
2026-05-08 04:21:52,648 - __main__ - ERROR -   Batch 1081: NaN or Inf loss detected! Skipping batch.
2026-05-08 04:21:52,708 - __main__ - ERROR -   Batch 1082: NaN or Inf loss detected! Skipping batch.
2026-05-08 04:21:52,768 - __main__ - ERROR -   Batch 1083: NaN or Inf loss detected! Skipping batch.
2026-05-08 04:21:52,829 - __main__ - ERROR -   Batch 1084: NaN or Inf loss detected! Skipping batch.
2026-05-08 04:21:52,890 - __main__ - ERROR -   Batch 1085: NaN or Inf loss detected! Skipping batch.
2026-05-08 04:21:52,950 - __main__ - ERROR -   Batch 1086: NaN or Inf loss detected! Skipping batch.
2026-05-08 04:21:53,010 - __main__ - ERROR -   Batch 1087: NaN or Inf loss detected! Skipping batch.
2026-05-08 04:21:53,070 - __main__ - ERROR -   Batch 1088: NaN or Inf loss detected! Skipping batch.
2026-05-08 04:21:53,130 - __main__ - ERROR -   Batch 1089: NaN or Inf loss detected! Skipping batch.
2026-05-08 04:21:53,191 - __main__ - ERROR -   Batch 1090: NaN or Inf loss detected! Skipping batch.
2026-05-08 04:21:53,251 - __main__ - ERROR -   Batch 1091: NaN or Inf loss detected! Skipping batch.
2026-05-08 04:21:53,311 - __main__ - ERROR -   Batch 1092: NaN or Inf loss detected! Skipping batch.
2026-05-08 04:21:53,371 - __main__ - ERROR -   Batch 1093: NaN or Inf loss detected! Skipping batch.
2026-05-08 04:21:53,432 - __main__ - ERROR -   Batch 1094: NaN or Inf loss detected! Skipping batch.
2026-05-08 04:21:53,492 - __main__ - ERROR -   Batch 1095: NaN or Inf loss detected! Skipping batch.
2026-05-08 04:21:53,553 - __main__ - ERROR -   Batch 1096: NaN or Inf loss detected! Skipping batch.
2026-05-08 04:21:53,613 - __main__ - ERROR -   Batch 1097: NaN or Inf loss detected! Skipping batch.
2026-05-08 04:21:53,674 - __main__ - ERROR -   Batch 1098: NaN or Inf loss detected! Skipping batch.
2026-05-08 04:21:53,734 - __main__ - ERROR -   Batch 1099: NaN or Inf loss detected! Skipping batch.
2026-05-08 04:21:53,794 - __main__ - ERROR -   Batch 1100: NaN or Inf loss detected! Skipping batch.
2026-05-08 04:21:53,854 - __main__ - ERROR -   Batch 1101: NaN or Inf loss detected! Skipping batch.
2026-05-08 04:21:53,909 - __main__ - ERROR -   Batch 1102: NaN or Inf loss detected! Skipping batch.
2026-05-08 04:21:53,964 - __main__ - ERROR -   Batch 1103: NaN or Inf loss detected! Skipping batch.
2026-05-08 04:21:54,024 - __main__ - ERROR -   Batch 1104: NaN or Inf loss detected! Skipping batch.
2026-05-08 04:21:54,084 - __main__ - ERROR -   Batch 1105: NaN or Inf loss detected! Skipping batch.
2026-05-08 04:21:54,144 - __main__ - ERROR -   Batch 1106: NaN or Inf loss detected! Skipping batch.
2026-05-08 04:21:54,204 - __main__ - ERROR -   Batch 1107: NaN or Inf loss detected! Skipping batch.
2026-05-08 04:21:54,264 - __main__ - ERROR -   Batch 1108: NaN or Inf loss detected! Skipping batch.
2026-05-08 04:21:54,325 - __main__ - ERROR -   Batch 1109: NaN or Inf loss detected! Skipping batch.
2026-05-08 04:21:54,386 - __main__ - ERROR -   Batch 1110: NaN or Inf loss detected! Skipping batch.
2026-05-08 04:21:54,445 - __main__ - ERROR -   Batch 1111: NaN or Inf loss detected! Skipping batch.
2026-05-08 04:21:54,500 - __main__ - ERROR -   Batch 1112: NaN or Inf loss detected! Skipping batch.
2026-05-08 04:21:54,560 - __main__ - ERROR -   Batch 1113: NaN or Inf loss detected! Skipping batch.
2026-05-08 04:21:54,621 - __main__ - ERROR -   Batch 1114: NaN or Inf loss detected! Skipping batch.
2026-05-08 04:21:54,681 - __main__ - ERROR -   Batch 1115: NaN or Inf loss detected! Skipping batch.
2026-05-08 04:21:54,741 - __main__ - ERROR -   Batch 1116: NaN or Inf loss detected! Skipping batch.
2026-05-08 04:21:54,796 - __main__ - ERROR -   Batch 1117: NaN or Inf loss detected! Skipping batch.
2026-05-08 04:21:54,856 - __main__ - ERROR -   Batch 1118: NaN or Inf loss detected! Skipping batch.
2026-05-08 04:21:54,917 - __main__ - ERROR -   Batch 1119: NaN or Inf loss detected! Skipping batch.
2026-05-08 04:21:54,977 - __main__ - ERROR -   Batch 1120: NaN or Inf loss detected! Skipping batch.
2026-05-08 04:21:55,038 - __main__ - ERROR -   Batch 1121: NaN or Inf loss detected! Skipping batch.
2026-05-08 04:21:55,098 - __main__ - ERROR -   Batch 1122: NaN or Inf loss detected! Skipping batch.
2026-05-08 04:21:55,158 - __main__ - ERROR -   Batch 1123: NaN or Inf loss detected! Skipping batch.
2026-05-08 04:21:55,218 - __main__ - ERROR -   Batch 1124: NaN or Inf loss detected! Skipping batch.
2026-05-08 04:21:55,278 - __main__ - ERROR -   Batch 1125: NaN or Inf loss detected! Skipping batch.
2026-05-08 04:21:55,333 - __main__ - ERROR -   Batch 1126: NaN or Inf loss detected! Skipping batch.
2026-05-08 04:21:55,393 - __main__ - ERROR -   Batch 1127: NaN or Inf loss detected! Skipping batch.
2026-05-08 04:21:55,453 - __main__ - ERROR -   Batch 1128: NaN or Inf loss detected! Skipping batch.
2026-05-08 04:21:55,513 - __main__ - ERROR -   Batch 1129: NaN or Inf loss detected! Skipping batch.
2026-05-08 04:21:55,573 - __main__ - ERROR -   Batch 1130: NaN or Inf loss detected! Skipping batch.
2026-05-08 04:21:55,634 - __main__ - ERROR -   Batch 1131: NaN or Inf loss detected! Skipping batch.
2026-05-08 04:21:55,694 - __main__ - ERROR -   Batch 1132: NaN or Inf loss detected! Skipping batch.
2026-05-08 04:21:55,754 - __main__ - ERROR -   Batch 1133: NaN or Inf loss detected! Skipping batch.
2026-05-08 04:21:55,814 - __main__ - ERROR -   Batch 1134: NaN or Inf loss detected! Skipping batch.
2026-05-08 04:21:55,875 - __main__ - ERROR -   Batch 1135: NaN or Inf loss detected! Skipping batch.
2026-05-08 04:21:55,935 - __main__ - ERROR -   Batch 1136: NaN or Inf loss detected! Skipping batch.
2026-05-08 04:21:55,995 - __main__ - ERROR -   Batch 1137: NaN or Inf loss detected! Skipping batch.
2026-05-08 04:21:56,056 - __main__ - ERROR -   Batch 1138: NaN or Inf loss detected! Skipping batch.
2026-05-08 04:21:56,116 - __main__ - ERROR -   Batch 1139: NaN or Inf loss detected! Skipping batch.
2026-05-08 04:21:56,177 - __main__ - ERROR -   Batch 1140: NaN or Inf loss detected! Skipping batch.
2026-05-08 04:21:56,226 - __main__ - ERROR -   Batch 1141: NaN or Inf loss detected! Skipping batch.
2026-05-08 04:21:56,287 - __main__ - ERROR -   Batch 1142: NaN or Inf loss detected! Skipping batch.
2026-05-08 04:21:56,346 - __main__ - ERROR -   Batch 1143: NaN or Inf loss detected! Skipping batch.
2026-05-08 04:21:56,407 - __main__ - ERROR -   Batch 1144: NaN or Inf loss detected! Skipping batch.
2026-05-08 04:21:56,467 - __main__ - ERROR -   Batch 1145: NaN or Inf loss detected! Skipping batch.
2026-05-08 04:21:56,526 - __main__ - ERROR -   Batch 1146: NaN or Inf loss detected! Skipping batch.
2026-05-08 04:21:56,587 - __main__ - ERROR -   Batch 1147: NaN or Inf loss detected! Skipping batch.
2026-05-08 04:21:56,646 - __main__ - ERROR -   Batch 1148: NaN or Inf loss detected! Skipping batch.
2026-05-08 04:21:56,707 - __main__ - ERROR -   Batch 1149: NaN or Inf loss detected! Skipping batch.
2026-05-08 04:21:56,767 - __main__ - ERROR -   Batch 1150: NaN or Inf loss detected! Skipping batch.
2026-05-08 04:21:56,827 - __main__ - ERROR -   Batch 1151: NaN or Inf loss detected! Skipping batch.
2026-05-08 04:21:56,887 - __main__ - ERROR -   Batch 1152: NaN or Inf loss detected! Skipping batch.
2026-05-08 04:21:56,947 - __main__ - ERROR -   Batch 1153: NaN or Inf loss detected! Skipping batch.
2026-05-08 04:21:57,007 - __main__ - ERROR -   Batch 1154: NaN or Inf loss detected! Skipping batch.
2026-05-08 04:21:57,068 - __main__ - ERROR -   Batch 1155: NaN or Inf loss detected! Skipping batch.
2026-05-08 04:21:57,123 - __main__ - ERROR -   Batch 1156: NaN or Inf loss detected! Skipping batch.
2026-05-08 04:21:57,183 - __main__ - ERROR -   Batch 1157: NaN or Inf loss detected! Skipping batch.
2026-05-08 04:21:57,242 - __main__ - ERROR -   Batch 1158: NaN or Inf loss detected! Skipping batch.
2026-05-08 04:21:57,302 - __main__ - ERROR -   Batch 1159: NaN or Inf loss detected! Skipping batch.
2026-05-08 04:21:57,363 - __main__ - ERROR -   Batch 1160: NaN or Inf loss detected! Skipping batch.
2026-05-08 04:21:57,422 - __main__ - ERROR -   Batch 1161: NaN or Inf loss detected! Skipping batch.
2026-05-08 04:21:57,483 - __main__ - ERROR -   Batch 1162: NaN or Inf loss detected! Skipping batch.
2026-05-08 04:21:57,543 - __main__ - ERROR -   Batch 1163: NaN or Inf loss detected! Skipping batch.
2026-05-08 04:21:57,604 - __main__ - ERROR -   Batch 1164: NaN or Inf loss detected! Skipping batch.
2026-05-08 04:21:57,664 - __main__ - ERROR -   Batch 1165: NaN or Inf loss detected! Skipping batch.
2026-05-08 04:21:57,725 - __main__ - ERROR -   Batch 1166: NaN or Inf loss detected! Skipping batch.
2026-05-08 04:21:57,785 - __main__ - ERROR -   Batch 1167: NaN or Inf loss detected! Skipping batch.
2026-05-08 04:21:57,845 - __main__ - ERROR -   Batch 1168: NaN or Inf loss detected! Skipping batch.
2026-05-08 04:21:57,905 - __main__ - ERROR -   Batch 1169: NaN or Inf loss detected! Skipping batch.
2026-05-08 04:21:57,966 - __main__ - ERROR -   Batch 1170: NaN or Inf loss detected! Skipping batch.
2026-05-08 04:21:58,026 - __main__ - ERROR -   Batch 1171: NaN or Inf loss detected! Skipping batch.
2026-05-08 04:21:58,087 - __main__ - ERROR -   Batch 1172: NaN or Inf loss detected! Skipping batch.
2026-05-08 04:21:58,147 - __main__ - ERROR -   Batch 1173: NaN or Inf loss detected! Skipping batch.
2026-05-08 04:21:58,207 - __main__ - ERROR -   Batch 1174: NaN or Inf loss detected! Skipping batch.
2026-05-08 04:21:58,267 - __main__ - ERROR -   Batch 1175: NaN or Inf loss detected! Skipping batch.
2026-05-08 04:21:58,327 - __main__ - ERROR -   Batch 1176: NaN or Inf loss detected! Skipping batch.
2026-05-08 04:21:58,388 - __main__ - ERROR -   Batch 1177: NaN or Inf loss detected! Skipping batch.
2026-05-08 04:21:58,448 - __main__ - ERROR -   Batch 1178: NaN or Inf loss detected! Skipping batch.
2026-05-08 04:21:58,508 - __main__ - ERROR -   Batch 1179: NaN or Inf loss detected! Skipping batch.
2026-05-08 04:21:58,562 - __main__ - ERROR -   Batch 1180: NaN or Inf loss detected! Skipping batch.
2026-05-08 04:21:58,622 - __main__ - ERROR -   Batch 1181: NaN or Inf loss detected! Skipping batch.
2026-05-08 04:21:58,683 - __main__ - ERROR -   Batch 1182: NaN or Inf loss detected! Skipping batch.
2026-05-08 04:21:58,743 - __main__ - ERROR -   Batch 1183: NaN or Inf loss detected! Skipping batch.
2026-05-08 04:21:58,804 - __main__ - ERROR -   Batch 1184: NaN or Inf loss detected! Skipping batch.
2026-05-08 04:21:58,863 - __main__ - ERROR -   Batch 1185: NaN or Inf loss detected! Skipping batch.
2026-05-08 04:21:58,924 - __main__ - ERROR -   Batch 1186: NaN or Inf loss detected! Skipping batch.
2026-05-08 04:21:58,984 - __main__ - ERROR -   Batch 1187: NaN or Inf loss detected! Skipping batch.
2026-05-08 04:21:59,044 - __main__ - ERROR -   Batch 1188: NaN or Inf loss detected! Skipping batch.
2026-05-08 04:21:59,099 - __main__ - ERROR -   Batch 1189: NaN or Inf loss detected! Skipping batch.
2026-05-08 04:21:59,159 - __main__ - ERROR -   Batch 1190: NaN or Inf loss detected! Skipping batch.
2026-05-08 04:21:59,219 - __main__ - ERROR -   Batch 1191: NaN or Inf loss detected! Skipping batch.
2026-05-08 04:21:59,279 - __main__ - ERROR -   Batch 1192: NaN or Inf loss detected! Skipping batch.
2026-05-08 04:21:59,340 - __main__ - ERROR -   Batch 1193: NaN or Inf loss detected! Skipping batch.
2026-05-08 04:21:59,400 - __main__ - ERROR -   Batch 1194: NaN or Inf loss detected! Skipping batch.
2026-05-08 04:21:59,461 - __main__ - ERROR -   Batch 1195: NaN or Inf loss detected! Skipping batch.
2026-05-08 04:21:59,521 - __main__ - ERROR -   Batch 1196: NaN or Inf loss detected! Skipping batch.
2026-05-08 04:21:59,575 - __main__ - ERROR -   Batch 1197: NaN or Inf loss detected! Skipping batch.
2026-05-08 04:21:59,914 - __main__ - ERROR -   Batch 1198: NaN or Inf loss detected! Skipping batch.
2026-05-08 04:21:59,975 - __main__ - ERROR -   Batch 1199: NaN or Inf loss detected! Skipping batch.
2026-05-08 04:22:00,035 - __main__ - ERROR -   Batch 1200: NaN or Inf loss detected! Skipping batch.
2026-05-08 04:22:00,095 - __main__ - ERROR -   Batch 1201: NaN or Inf loss detected! Skipping batch.
2026-05-08 04:22:00,155 - __main__ - ERROR -   Batch 1202: NaN or Inf loss detected! Skipping batch.
2026-05-08 04:22:00,215 - __main__ - ERROR -   Batch 1203: NaN or Inf loss detected! Skipping batch.
2026-05-08 04:22:00,275 - __main__ - ERROR -   Batch 1204: NaN or Inf loss detected! Skipping batch.
2026-05-08 04:22:00,335 - __main__ - ERROR -   Batch 1205: NaN or Inf loss detected! Skipping batch.
2026-05-08 04:22:00,395 - __main__ - ERROR -   Batch 1206: NaN or Inf loss detected! Skipping batch.
2026-05-08 04:22:00,455 - __main__ - ERROR -   Batch 1207: NaN or Inf loss detected! Skipping batch.
2026-05-08 04:22:00,515 - __main__ - ERROR -   Batch 1208: NaN or Inf loss detected! Skipping batch.
2026-05-08 04:22:00,570 - __main__ - ERROR -   Batch 1209: NaN or Inf loss detected! Skipping batch.
2026-05-08 04:22:00,630 - __main__ - ERROR -   Batch 1210: NaN or Inf loss detected! Skipping batch.
2026-05-08 04:22:00,690 - __main__ - ERROR -   Batch 1211: NaN or Inf loss detected! Skipping batch.
2026-05-08 04:22:00,745 - __main__ - ERROR -   Batch 1212: NaN or Inf loss detected! Skipping batch.
2026-05-08 04:22:00,805 - __main__ - ERROR -   Batch 1213: NaN or Inf loss detected! Skipping batch.
2026-05-08 04:22:00,865 - __main__ - ERROR -   Batch 1214: NaN or Inf loss detected! Skipping batch.
2026-05-08 04:22:00,925 - __main__ - ERROR -   Batch 1215: NaN or Inf loss detected! Skipping batch.
2026-05-08 04:22:00,985 - __main__ - ERROR -   Batch 1216: NaN or Inf loss detected! Skipping batch.
2026-05-08 04:22:01,045 - __main__ - ERROR -   Batch 1217: NaN or Inf loss detected! Skipping batch.
2026-05-08 04:22:01,105 - __main__ - ERROR -   Batch 1218: NaN or Inf loss detected! Skipping batch.
2026-05-08 04:22:01,166 - __main__ - ERROR -   Batch 1219: NaN or Inf loss detected! Skipping batch.
2026-05-08 04:22:01,226 - __main__ - ERROR -   Batch 1220: NaN or Inf loss detected! Skipping batch.
2026-05-08 04:22:01,286 - __main__ - ERROR -   Batch 1221: NaN or Inf loss detected! Skipping batch.
2026-05-08 04:22:01,346 - __main__ - ERROR -   Batch 1222: NaN or Inf loss detected! Skipping batch.
2026-05-08 04:22:01,406 - __main__ - ERROR -   Batch 1223: NaN or Inf loss detected! Skipping batch.
2026-05-08 04:22:01,466 - __main__ - ERROR -   Batch 1224: NaN or Inf loss detected! Skipping batch.
2026-05-08 04:22:01,526 - __main__ - ERROR -   Batch 1225: NaN or Inf loss detected! Skipping batch.
2026-05-08 04:22:01,586 - __main__ - ERROR -   Batch 1226: NaN or Inf loss detected! Skipping batch.
2026-05-08 04:22:01,646 - __main__ - ERROR -   Batch 1227: NaN or Inf loss detected! Skipping batch.
2026-05-08 04:22:01,706 - __main__ - ERROR -   Batch 1228: NaN or Inf loss detected! Skipping batch.
2026-05-08 04:22:01,766 - __main__ - ERROR -   Batch 1229: NaN or Inf loss detected! Skipping batch.
2026-05-08 04:22:01,826 - __main__ - ERROR -   Batch 1230: NaN or Inf loss detected! Skipping batch.
2026-05-08 04:22:01,886 - __main__ - ERROR -   Batch 1231: NaN or Inf loss detected! Skipping batch.
2026-05-08 04:22:01,946 - __main__ - ERROR -   Batch 1232: NaN or Inf loss detected! Skipping batch.
2026-05-08 04:22:02,006 - __main__ - ERROR -   Batch 1233: NaN or Inf loss detected! Skipping batch.
2026-05-08 04:22:02,067 - __main__ - ERROR -   Batch 1234: NaN or Inf loss detected! Skipping batch.
2026-05-08 04:22:02,127 - __main__ - ERROR -   Batch 1235: NaN or Inf loss detected! Skipping batch.
2026-05-08 04:22:02,187 - __main__ - ERROR -   Batch 1236: NaN or Inf loss detected! Skipping batch.
2026-05-08 04:22:02,246 - __main__ - ERROR -   Batch 1237: NaN or Inf loss detected! Skipping batch.
2026-05-08 04:22:02,307 - __main__ - ERROR -   Batch 1238: NaN or Inf loss detected! Skipping batch.
2026-05-08 04:22:02,366 - __main__ - ERROR -   Batch 1239: NaN or Inf loss detected! Skipping batch.
2026-05-08 04:22:02,427 - __main__ - ERROR -   Batch 1240: NaN or Inf loss detected! Skipping batch.
2026-05-08 04:22:02,487 - __main__ - ERROR -   Batch 1241: NaN or Inf loss detected! Skipping batch.
2026-05-08 04:22:02,547 - __main__ - ERROR -   Batch 1242: NaN or Inf loss detected! Skipping batch.
2026-05-08 04:22:02,608 - __main__ - ERROR -   Batch 1243: NaN or Inf loss detected! Skipping batch.
2026-05-08 04:22:02,668 - __main__ - ERROR -   Batch 1244: NaN or Inf loss detected! Skipping batch.
2026-05-08 04:22:02,729 - __main__ - ERROR -   Batch 1245: NaN or Inf loss detected! Skipping batch.
2026-05-08 04:22:02,788 - __main__ - ERROR -   Batch 1246: NaN or Inf loss detected! Skipping batch.
2026-05-08 04:22:02,849 - __main__ - ERROR -   Batch 1247: NaN or Inf loss detected! Skipping batch.
2026-05-08 04:22:02,910 - __main__ - ERROR -   Batch 1248: NaN or Inf loss detected! Skipping batch.
2026-05-08 04:22:02,970 - __main__ - ERROR -   Batch 1249: NaN or Inf loss detected! Skipping batch.
2026-05-08 04:22:03,031 - __main__ - ERROR -   Batch 1250: NaN or Inf loss detected! Skipping batch.
2026-05-08 04:22:03,091 - __main__ - ERROR -   Batch 1251: NaN or Inf loss detected! Skipping batch.
2026-05-08 04:22:03,151 - __main__ - ERROR -   Batch 1252: NaN or Inf loss detected! Skipping batch.
2026-05-08 04:22:03,212 - __main__ - ERROR -   Batch 1253: NaN or Inf loss detected! Skipping batch.
2026-05-08 04:22:03,272 - __main__ - ERROR -   Batch 1254: NaN or Inf loss detected! Skipping batch.
2026-05-08 04:22:03,332 - __main__ - ERROR -   Batch 1255: NaN or Inf loss detected! Skipping batch.
2026-05-08 04:22:03,392 - __main__ - ERROR -   Batch 1256: NaN or Inf loss detected! Skipping batch.
2026-05-08 04:22:03,453 - __main__ - ERROR -   Batch 1257: NaN or Inf loss detected! Skipping batch.
2026-05-08 04:22:03,513 - __main__ - ERROR -   Batch 1258: NaN or Inf loss detected! Skipping batch.
2026-05-08 04:22:03,568 - __main__ - ERROR -   Batch 1259: NaN or Inf loss detected! Skipping batch.
2026-05-08 04:22:03,628 - __main__ - ERROR -   Batch 1260: NaN or Inf loss detected! Skipping batch.
2026-05-08 04:22:03,688 - __main__ - ERROR -   Batch 1261: NaN or Inf loss detected! Skipping batch.
2026-05-08 04:22:03,749 - __main__ - ERROR -   Batch 1262: NaN or Inf loss detected! Skipping batch.
2026-05-08 04:22:03,809 - __main__ - ERROR -   Batch 1263: NaN or Inf loss detected! Skipping batch.
2026-05-08 04:22:03,869 - __main__ - ERROR -   Batch 1264: NaN or Inf loss detected! Skipping batch.
2026-05-08 04:22:03,929 - __main__ - ERROR -   Batch 1265: NaN or Inf loss detected! Skipping batch.
2026-05-08 04:22:03,990 - __main__ - ERROR -   Batch 1266: NaN or Inf loss detected! Skipping batch.
2026-05-08 04:22:04,045 - __main__ - ERROR -   Batch 1267: NaN or Inf loss detected! Skipping batch.
2026-05-08 04:22:04,105 - __main__ - ERROR -   Batch 1268: NaN or Inf loss detected! Skipping batch.
2026-05-08 04:22:04,165 - __main__ - ERROR -   Batch 1269: NaN or Inf loss detected! Skipping batch.
2026-05-08 04:22:04,225 - __main__ - ERROR -   Batch 1270: NaN or Inf loss detected! Skipping batch.
2026-05-08 04:22:04,285 - __main__ - ERROR -   Batch 1271: NaN or Inf loss detected! Skipping batch.
2026-05-08 04:22:04,345 - __main__ - ERROR -   Batch 1272: NaN or Inf loss detected! Skipping batch.
2026-05-08 04:22:04,406 - __main__ - ERROR -   Batch 1273: NaN or Inf loss detected! Skipping batch.
2026-05-08 04:22:04,466 - __main__ - ERROR -   Batch 1274: NaN or Inf loss detected! Skipping batch.
2026-05-08 04:22:04,526 - __main__ - ERROR -   Batch 1275: NaN or Inf loss detected! Skipping batch.
2026-05-08 04:22:04,586 - __main__ - ERROR -   Batch 1276: NaN or Inf loss detected! Skipping batch.
2026-05-08 04:22:04,646 - __main__ - ERROR -   Batch 1277: NaN or Inf loss detected! Skipping batch.
2026-05-08 04:22:04,707 - __main__ - ERROR -   Batch 1278: NaN or Inf loss detected! Skipping batch.
2026-05-08 04:22:04,762 - __main__ - ERROR -   Batch 1279: NaN or Inf loss detected! Skipping batch.
2026-05-08 04:22:04,823 - __main__ - ERROR -   Batch 1280: NaN or Inf loss detected! Skipping batch.
2026-05-08 04:22:04,884 - __main__ - ERROR -   Batch 1281: NaN or Inf loss detected! Skipping batch.
2026-05-08 04:22:04,944 - __main__ - ERROR -   Batch 1282: NaN or Inf loss detected! Skipping batch.
2026-05-08 04:22:05,004 - __main__ - ERROR -   Batch 1283: NaN or Inf loss detected! Skipping batch.
2026-05-08 04:22:05,064 - __main__ - ERROR -   Batch 1284: NaN or Inf loss detected! Skipping batch.
2026-05-08 04:22:05,125 - __main__ - ERROR -   Batch 1285: NaN or Inf loss detected! Skipping batch.
2026-05-08 04:22:05,185 - __main__ - ERROR -   Batch 1286: NaN or Inf loss detected! Skipping batch.
2026-05-08 04:22:05,246 - __main__ - ERROR -   Batch 1287: NaN or Inf loss detected! Skipping batch.
2026-05-08 04:22:05,306 - __main__ - ERROR -   Batch 1288: NaN or Inf loss detected! Skipping batch.
2026-05-08 04:22:05,366 - __main__ - ERROR -   Batch 1289: NaN or Inf loss detected! Skipping batch.
2026-05-08 04:22:05,421 - __main__ - ERROR -   Batch 1290: NaN or Inf loss detected! Skipping batch.
2026-05-08 04:22:05,481 - __main__ - ERROR -   Batch 1291: NaN or Inf loss detected! Skipping batch.
2026-05-08 04:22:05,541 - __main__ - ERROR -   Batch 1292: NaN or Inf loss detected! Skipping batch.
2026-05-08 04:22:05,602 - __main__ - ERROR -   Batch 1293: NaN or Inf loss detected! Skipping batch.
2026-05-08 04:22:05,662 - __main__ - ERROR -   Batch 1294: NaN or Inf loss detected! Skipping batch.
2026-05-08 04:22:05,723 - __main__ - ERROR -   Batch 1295: NaN or Inf loss detected! Skipping batch.
2026-05-08 04:22:05,783 - __main__ - ERROR -   Batch 1296: NaN or Inf loss detected! Skipping batch.
2026-05-08 04:22:05,844 - __main__ - ERROR -   Batch 1297: NaN or Inf loss detected! Skipping batch.
2026-05-08 04:22:05,904 - __main__ - ERROR -   Batch 1298: NaN or Inf loss detected! Skipping batch.
2026-05-08 04:22:05,964 - __main__ - ERROR -   Batch 1299: NaN or Inf loss detected! Skipping batch.
2026-05-08 04:22:06,025 - __main__ - ERROR -   Batch 1300: NaN or Inf loss detected! Skipping batch.
2026-05-08 04:22:06,085 - __main__ - ERROR -   Batch 1301: NaN or Inf loss detected! Skipping batch.
2026-05-08 04:22:06,145 - __main__ - ERROR -   Batch 1302: NaN or Inf loss detected! Skipping batch.
2026-05-08 04:22:06,199 - __main__ - ERROR -   Batch 1303: NaN or Inf loss detected! Skipping batch.
2026-05-08 04:22:06,260 - __main__ - ERROR -   Batch 1304: NaN or Inf loss detected! Skipping batch.
2026-05-08 04:22:06,320 - __main__ - ERROR -   Batch 1305: NaN or Inf loss detected! Skipping batch.
2026-05-08 04:22:06,380 - __main__ - ERROR -   Batch 1306: NaN or Inf loss detected! Skipping batch.
2026-05-08 04:22:06,440 - __main__ - ERROR -   Batch 1307: NaN or Inf loss detected! Skipping batch.
2026-05-08 04:22:06,500 - __main__ - ERROR -   Batch 1308: NaN or Inf loss detected! Skipping batch.
2026-05-08 04:22:06,560 - __main__ - ERROR -   Batch 1309: NaN or Inf loss detected! Skipping batch.
2026-05-08 04:22:06,615 - __main__ - ERROR -   Batch 1310: NaN or Inf loss detected! Skipping batch.
2026-05-08 04:22:06,665 - __main__ - ERROR -   Batch 1311: NaN or Inf loss detected! Skipping batch.
2026-05-08 04:22:06,725 - __main__ - ERROR -   Batch 1312: NaN or Inf loss detected! Skipping batch.
2026-05-08 04:22:06,785 - __main__ - ERROR -   Batch 1313: NaN or Inf loss detected! Skipping batch.
2026-05-08 04:22:06,845 - __main__ - ERROR -   Batch 1314: NaN or Inf loss detected! Skipping batch.
2026-05-08 04:22:06,906 - __main__ - ERROR -   Batch 1315: NaN or Inf loss detected! Skipping batch.
2026-05-08 04:22:06,966 - __main__ - ERROR -   Batch 1316: NaN or Inf loss detected! Skipping batch.
2026-05-08 04:22:07,027 - __main__ - ERROR -   Batch 1317: NaN or Inf loss detected! Skipping batch.
2026-05-08 04:22:07,087 - __main__ - ERROR -   Batch 1318: NaN or Inf loss detected! Skipping batch.
2026-05-08 04:22:07,147 - __main__ - ERROR -   Batch 1319: NaN or Inf loss detected! Skipping batch.
2026-05-08 04:22:07,207 - __main__ - ERROR -   Batch 1320: NaN or Inf loss detected! Skipping batch.
2026-05-08 04:22:07,267 - __main__ - ERROR -   Batch 1321: NaN or Inf loss detected! Skipping batch.
2026-05-08 04:22:07,327 - __main__ - ERROR -   Batch 1322: NaN or Inf loss detected! Skipping batch.
2026-05-08 04:22:07,664 - __main__ - ERROR -   Batch 1323: NaN or Inf loss detected! Skipping batch.
2026-05-08 04:22:07,726 - __main__ - ERROR -   Batch 1324: NaN or Inf loss detected! Skipping batch.
2026-05-08 04:22:07,786 - __main__ - ERROR -   Batch 1325: NaN or Inf loss detected! Skipping batch.
2026-05-08 04:22:07,846 - __main__ - ERROR -   Batch 1326: NaN or Inf loss detected! Skipping batch.
2026-05-08 04:22:07,901 - __main__ - ERROR -   Batch 1327: NaN or Inf loss detected! Skipping batch.
2026-05-08 04:22:07,961 - __main__ - ERROR -   Batch 1328: NaN or Inf loss detected! Skipping batch.
2026-05-08 04:22:08,021 - __main__ - ERROR -   Batch 1329: NaN or Inf loss detected! Skipping batch.
2026-05-08 04:22:08,082 - __main__ - ERROR -   Batch 1330: NaN or Inf loss detected! Skipping batch.
2026-05-08 04:22:08,137 - __main__ - ERROR -   Batch 1331: NaN or Inf loss detected! Skipping batch.
2026-05-08 04:22:08,197 - __main__ - ERROR -   Batch 1332: NaN or Inf loss detected! Skipping batch.
2026-05-08 04:22:08,257 - __main__ - ERROR -   Batch 1333: NaN or Inf loss detected! Skipping batch.
2026-05-08 04:22:08,307 - __main__ - ERROR -   Batch 1334: NaN or Inf loss detected! Skipping batch.
2026-05-08 04:22:08,367 - __main__ - ERROR -   Batch 1335: NaN or Inf loss detected! Skipping batch.
2026-05-08 04:22:08,427 - __main__ - ERROR -   Batch 1336: NaN or Inf loss detected! Skipping batch.
2026-05-08 04:22:08,487 - __main__ - ERROR -   Batch 1337: NaN or Inf loss detected! Skipping batch.
2026-05-08 04:22:08,547 - __main__ - ERROR -   Batch 1338: NaN or Inf loss detected! Skipping batch.
2026-05-08 04:22:08,607 - __main__ - ERROR -   Batch 1339: NaN or Inf loss detected! Skipping batch.
2026-05-08 04:22:08,667 - __main__ - ERROR -   Batch 1340: NaN or Inf loss detected! Skipping batch.
2026-05-08 04:22:08,728 - __main__ - ERROR -   Batch 1341: NaN or Inf loss detected! Skipping batch.
2026-05-08 04:22:08,783 - __main__ - ERROR -   Batch 1342: NaN or Inf loss detected! Skipping batch.
2026-05-08 04:22:08,843 - __main__ - ERROR -   Batch 1343: NaN or Inf loss detected! Skipping batch.
2026-05-08 04:22:08,903 - __main__ - ERROR -   Batch 1344: NaN or Inf loss detected! Skipping batch.
2026-05-08 04:22:08,952 - __main__ - ERROR -   Batch 1345: NaN or Inf loss detected! Skipping batch.
2026-05-08 04:22:09,012 - __main__ - ERROR -   Batch 1346: NaN or Inf loss detected! Skipping batch.
2026-05-08 04:22:09,073 - __main__ - ERROR -   Batch 1347: NaN or Inf loss detected! Skipping batch.
2026-05-08 04:22:09,133 - __main__ - ERROR -   Batch 1348: NaN or Inf loss detected! Skipping batch.
2026-05-08 04:22:09,193 - __main__ - ERROR -   Batch 1349: NaN or Inf loss detected! Skipping batch.
2026-05-08 04:22:09,253 - __main__ - ERROR -   Batch 1350: NaN or Inf loss detected! Skipping batch.
2026-05-08 04:22:09,313 - __main__ - ERROR -   Batch 1351: NaN or Inf loss detected! Skipping batch.
2026-05-08 04:22:09,373 - __main__ - ERROR -   Batch 1352: NaN or Inf loss detected! Skipping batch.
2026-05-08 04:22:09,434 - __main__ - ERROR -   Batch 1353: NaN or Inf loss detected! Skipping batch.
2026-05-08 04:22:09,494 - __main__ - ERROR -   Batch 1354: NaN or Inf loss detected! Skipping batch.
2026-05-08 04:22:09,554 - __main__ - ERROR -   Batch 1355: NaN or Inf loss detected! Skipping batch.
2026-05-08 04:22:09,615 - __main__ - ERROR -   Batch 1356: NaN or Inf loss detected! Skipping batch.
2026-05-08 04:22:09,675 - __main__ - ERROR -   Batch 1357: NaN or Inf loss detected! Skipping batch.
2026-05-08 04:22:09,735 - __main__ - ERROR -   Batch 1358: NaN or Inf loss detected! Skipping batch.
2026-05-08 04:22:09,795 - __main__ - ERROR -   Batch 1359: NaN or Inf loss detected! Skipping batch.
2026-05-08 04:22:09,846 - __main__ - ERROR -   Batch 1360: NaN or Inf loss detected! Skipping batch.
2026-05-08 04:22:09,906 - __main__ - ERROR -   Batch 1361: NaN or Inf loss detected! Skipping batch.
2026-05-08 04:22:09,966 - __main__ - ERROR -   Batch 1362: NaN or Inf loss detected! Skipping batch.
2026-05-08 04:22:10,027 - __main__ - ERROR -   Batch 1363: NaN or Inf loss detected! Skipping batch.
2026-05-08 04:22:10,081 - __main__ - ERROR -   Batch 1364: NaN or Inf loss detected! Skipping batch.
2026-05-08 04:22:10,142 - __main__ - ERROR -   Batch 1365: NaN or Inf loss detected! Skipping batch.
2026-05-08 04:22:10,202 - __main__ - ERROR -   Batch 1366: NaN or Inf loss detected! Skipping batch.
2026-05-08 04:22:10,257 - __main__ - ERROR -   Batch 1367: NaN or Inf loss detected! Skipping batch.
2026-05-08 04:22:10,317 - __main__ - ERROR -   Batch 1368: NaN or Inf loss detected! Skipping batch.
2026-05-08 04:22:10,377 - __main__ - ERROR -   Batch 1369: NaN or Inf loss detected! Skipping batch.
2026-05-08 04:22:10,437 - __main__ - ERROR -   Batch 1370: NaN or Inf loss detected! Skipping batch.
2026-05-08 04:22:10,497 - __main__ - ERROR -   Batch 1371: NaN or Inf loss detected! Skipping batch.
2026-05-08 04:22:10,557 - __main__ - ERROR -   Batch 1372: NaN or Inf loss detected! Skipping batch.
2026-05-08 04:22:10,618 - __main__ - ERROR -   Batch 1373: NaN or Inf loss detected! Skipping batch.
2026-05-08 04:22:10,672 - __main__ - ERROR -   Batch 1374: NaN or Inf loss detected! Skipping batch.
2026-05-08 04:22:10,732 - __main__ - ERROR -   Batch 1375: NaN or Inf loss detected! Skipping batch.
2026-05-08 04:22:10,793 - __main__ - ERROR -   Batch 1376: NaN or Inf loss detected! Skipping batch.
2026-05-08 04:22:10,853 - __main__ - ERROR -   Batch 1377: NaN or Inf loss detected! Skipping batch.
2026-05-08 04:22:10,913 - __main__ - ERROR -   Batch 1378: NaN or Inf loss detected! Skipping batch.
2026-05-08 04:22:10,973 - __main__ - ERROR -   Batch 1379: NaN or Inf loss detected! Skipping batch.
2026-05-08 04:22:11,033 - __main__ - ERROR -   Batch 1380: NaN or Inf loss detected! Skipping batch.
2026-05-08 04:22:11,094 - __main__ - ERROR -   Batch 1381: NaN or Inf loss detected! Skipping batch.
2026-05-08 04:22:11,154 - __main__ - ERROR -   Batch 1382: NaN or Inf loss detected! Skipping batch.
2026-05-08 04:22:11,214 - __main__ - ERROR -   Batch 1383: NaN or Inf loss detected! Skipping batch.
2026-05-08 04:22:11,269 - __main__ - ERROR -   Batch 1384: NaN or Inf loss detected! Skipping batch.
2026-05-08 04:22:11,329 - __main__ - ERROR -   Batch 1385: NaN or Inf loss detected! Skipping batch.
2026-05-08 04:22:11,389 - __main__ - ERROR -   Batch 1386: NaN or Inf loss detected! Skipping batch.
2026-05-08 04:22:11,443 - __main__ - ERROR -   Batch 1387: NaN or Inf loss detected! Skipping batch.
2026-05-08 04:22:11,503 - __main__ - ERROR -   Batch 1388: NaN or Inf loss detected! Skipping batch.
2026-05-08 04:22:11,564 - __main__ - ERROR -   Batch 1389: NaN or Inf loss detected! Skipping batch.
2026-05-08 04:22:11,624 - __main__ - ERROR -   Batch 1390: NaN or Inf loss detected! Skipping batch.
2026-05-08 04:22:11,685 - __main__ - ERROR -   Batch 1391: NaN or Inf loss detected! Skipping batch.
2026-05-08 04:22:11,745 - __main__ - ERROR -   Batch 1392: NaN or Inf loss detected! Skipping batch.
2026-05-08 04:22:11,806 - __main__ - ERROR -   Batch 1393: NaN or Inf loss detected! Skipping batch.
2026-05-08 04:22:11,866 - __main__ - ERROR -   Batch 1394: NaN or Inf loss detected! Skipping batch.
2026-05-08 04:22:11,927 - __main__ - ERROR -   Batch 1395: NaN or Inf loss detected! Skipping batch.
2026-05-08 04:22:11,987 - __main__ - ERROR -   Batch 1396: NaN or Inf loss detected! Skipping batch.
2026-05-08 04:22:12,048 - __main__ - ERROR -   Batch 1397: NaN or Inf loss detected! Skipping batch.
2026-05-08 04:22:12,108 - __main__ - ERROR -   Batch 1398: NaN or Inf loss detected! Skipping batch.
2026-05-08 04:22:12,169 - __main__ - ERROR -   Batch 1399: NaN or Inf loss detected! Skipping batch.
2026-05-08 04:22:12,229 - __main__ - ERROR -   Batch 1400: NaN or Inf loss detected! Skipping batch.
2026-05-08 04:22:12,289 - __main__ - ERROR -   Batch 1401: NaN or Inf loss detected! Skipping batch.
2026-05-08 04:22:12,350 - __main__ - ERROR -   Batch 1402: NaN or Inf loss detected! Skipping batch.
2026-05-08 04:22:12,410 - __main__ - ERROR -   Batch 1403: NaN or Inf loss detected! Skipping batch.
2026-05-08 04:22:12,469 - __main__ - ERROR -   Batch 1404: NaN or Inf loss detected! Skipping batch.
2026-05-08 04:22:12,530 - __main__ - ERROR -   Batch 1405: NaN or Inf loss detected! Skipping batch.
2026-05-08 04:22:12,590 - __main__ - ERROR -   Batch 1406: NaN or Inf loss detected! Skipping batch.
2026-05-08 04:22:12,640 - __main__ - ERROR -   Batch 1407: NaN or Inf loss detected! Skipping batch.
2026-05-08 04:22:12,700 - __main__ - ERROR -   Batch 1408: NaN or Inf loss detected! Skipping batch.
2026-05-08 04:22:12,760 - __main__ - ERROR -   Batch 1409: NaN or Inf loss detected! Skipping batch.
2026-05-08 04:22:12,821 - __main__ - ERROR -   Batch 1410: NaN or Inf loss detected! Skipping batch.
2026-05-08 04:22:12,881 - __main__ - ERROR -   Batch 1411: NaN or Inf loss detected! Skipping batch.
2026-05-08 04:22:12,942 - __main__ - ERROR -   Batch 1412: NaN or Inf loss detected! Skipping batch.
2026-05-08 04:22:13,002 - __main__ - ERROR -   Batch 1413: NaN or Inf loss detected! Skipping batch.
2026-05-08 04:22:13,063 - __main__ - ERROR -   Batch 1414: NaN or Inf loss detected! Skipping batch.
2026-05-08 04:22:13,123 - __main__ - ERROR -   Batch 1415: NaN or Inf loss detected! Skipping batch.
2026-05-08 04:22:13,184 - __main__ - ERROR -   Batch 1416: NaN or Inf loss detected! Skipping batch.
2026-05-08 04:22:13,244 - __main__ - ERROR -   Batch 1417: NaN or Inf loss detected! Skipping batch.
2026-05-08 04:22:13,305 - __main__ - ERROR -   Batch 1418: NaN or Inf loss detected! Skipping batch.
2026-05-08 04:22:13,366 - __main__ - ERROR -   Batch 1419: NaN or Inf loss detected! Skipping batch.
2026-05-08 04:22:13,426 - __main__ - ERROR -   Batch 1420: NaN or Inf loss detected! Skipping batch.
2026-05-08 04:22:13,486 - __main__ - ERROR -   Batch 1421: NaN or Inf loss detected! Skipping batch.
2026-05-08 04:22:13,546 - __main__ - ERROR -   Batch 1422: NaN or Inf loss detected! Skipping batch.
2026-05-08 04:22:13,600 - __main__ - ERROR -   Batch 1423: NaN or Inf loss detected! Skipping batch.
2026-05-08 04:22:13,660 - __main__ - ERROR -   Batch 1424: NaN or Inf loss detected! Skipping batch.
2026-05-08 04:22:13,720 - __main__ - ERROR -   Batch 1425: NaN or Inf loss detected! Skipping batch.
2026-05-08 04:22:13,780 - __main__ - ERROR -   Batch 1426: NaN or Inf loss detected! Skipping batch.
2026-05-08 04:22:13,840 - __main__ - ERROR -   Batch 1427: NaN or Inf loss detected! Skipping batch.
2026-05-08 04:22:13,900 - __main__ - ERROR -   Batch 1428: NaN or Inf loss detected! Skipping batch.
2026-05-08 04:22:13,960 - __main__ - ERROR -   Batch 1429: NaN or Inf loss detected! Skipping batch.
2026-05-08 04:22:14,020 - __main__ - ERROR -   Batch 1430: NaN or Inf loss detected! Skipping batch.
2026-05-08 04:22:14,080 - __main__ - ERROR -   Batch 1431: NaN or Inf loss detected! Skipping batch.
2026-05-08 04:22:14,140 - __main__ - ERROR -   Batch 1432: NaN or Inf loss detected! Skipping batch.
2026-05-08 04:22:14,200 - __main__ - ERROR -   Batch 1433: NaN or Inf loss detected! Skipping batch.
2026-05-08 04:22:14,255 - __main__ - ERROR -   Batch 1434: NaN or Inf loss detected! Skipping batch.
2026-05-08 04:22:14,315 - __main__ - ERROR -   Batch 1435: NaN or Inf loss detected! Skipping batch.
2026-05-08 04:22:14,375 - __main__ - ERROR -   Batch 1436: NaN or Inf loss detected! Skipping batch.
2026-05-08 04:22:14,435 - __main__ - ERROR -   Batch 1437: NaN or Inf loss detected! Skipping batch.
2026-05-08 04:22:14,767 - __main__ - ERROR -   Batch 1438: NaN or Inf loss detected! Skipping batch.
2026-05-08 04:22:14,829 - __main__ - ERROR -   Batch 1439: NaN or Inf loss detected! Skipping batch.
2026-05-08 04:22:14,889 - __main__ - ERROR -   Batch 1440: NaN or Inf loss detected! Skipping batch.
2026-05-08 04:22:14,949 - __main__ - ERROR -   Batch 1441: NaN or Inf loss detected! Skipping batch.
2026-05-08 04:22:15,009 - __main__ - ERROR -   Batch 1442: NaN or Inf loss detected! Skipping batch.
2026-05-08 04:22:15,064 - __main__ - ERROR -   Batch 1443: NaN or Inf loss detected! Skipping batch.
2026-05-08 04:22:15,124 - __main__ - ERROR -   Batch 1444: NaN or Inf loss detected! Skipping batch.
2026-05-08 04:22:15,184 - __main__ - ERROR -   Batch 1445: NaN or Inf loss detected! Skipping batch.
2026-05-08 04:22:15,244 - __main__ - ERROR -   Batch 1446: NaN or Inf loss detected! Skipping batch.
2026-05-08 04:22:15,304 - __main__ - ERROR -   Batch 1447: NaN or Inf loss detected! Skipping batch.
2026-05-08 04:22:15,359 - __main__ - ERROR -   Batch 1448: NaN or Inf loss detected! Skipping batch.
2026-05-08 04:22:15,419 - __main__ - ERROR -   Batch 1449: NaN or Inf loss detected! Skipping batch.
2026-05-08 04:22:15,479 - __main__ - ERROR -   Batch 1450: NaN or Inf loss detected! Skipping batch.
2026-05-08 04:22:15,529 - __main__ - ERROR -   Batch 1451: NaN or Inf loss detected! Skipping batch.
2026-05-08 04:22:15,590 - __main__ - ERROR -   Batch 1452: NaN or Inf loss detected! Skipping batch.
2026-05-08 04:22:15,650 - __main__ - ERROR -   Batch 1453: NaN or Inf loss detected! Skipping batch.
2026-05-08 04:22:15,710 - __main__ - ERROR -   Batch 1454: NaN or Inf loss detected! Skipping batch.
2026-05-08 04:22:15,771 - __main__ - ERROR -   Batch 1455: NaN or Inf loss detected! Skipping batch.
2026-05-08 04:22:15,826 - __main__ - ERROR -   Batch 1456: NaN or Inf loss detected! Skipping batch.
2026-05-08 04:22:15,885 - __main__ - ERROR -   Batch 1457: NaN or Inf loss detected! Skipping batch.
2026-05-08 04:22:15,941 - __main__ - ERROR -   Batch 1458: NaN or Inf loss detected! Skipping batch.
2026-05-08 04:22:16,001 - __main__ - ERROR -   Batch 1459: NaN or Inf loss detected! Skipping batch.
2026-05-08 04:22:16,062 - __main__ - ERROR -   Batch 1460: NaN or Inf loss detected! Skipping batch.
2026-05-08 04:22:16,122 - __main__ - ERROR -   Batch 1461: NaN or Inf loss detected! Skipping batch.
2026-05-08 04:22:16,182 - __main__ - ERROR -   Batch 1462: NaN or Inf loss detected! Skipping batch.
2026-05-08 04:22:16,243 - __main__ - ERROR -   Batch 1463: NaN or Inf loss detected! Skipping batch.
2026-05-08 04:22:16,297 - __main__ - ERROR -   Batch 1464: NaN or Inf loss detected! Skipping batch.
2026-05-08 04:22:16,357 - __main__ - ERROR -   Batch 1465: NaN or Inf loss detected! Skipping batch.
2026-05-08 04:22:16,418 - __main__ - ERROR -   Batch 1466: NaN or Inf loss detected! Skipping batch.
2026-05-08 04:22:16,478 - __main__ - ERROR -   Batch 1467: NaN or Inf loss detected! Skipping batch.
2026-05-08 04:22:16,538 - __main__ - ERROR -   Batch 1468: NaN or Inf loss detected! Skipping batch.
2026-05-08 04:22:16,598 - __main__ - ERROR -   Batch 1469: NaN or Inf loss detected! Skipping batch.
2026-05-08 04:22:16,659 - __main__ - ERROR -   Batch 1470: NaN or Inf loss detected! Skipping batch.
2026-05-08 04:22:16,719 - __main__ - ERROR -   Batch 1471: NaN or Inf loss detected! Skipping batch.
2026-05-08 04:22:16,780 - __main__ - ERROR -   Batch 1472: NaN or Inf loss detected! Skipping batch.
2026-05-08 04:22:16,840 - __main__ - ERROR -   Batch 1473: NaN or Inf loss detected! Skipping batch.
2026-05-08 04:22:16,900 - __main__ - ERROR -   Batch 1474: NaN or Inf loss detected! Skipping batch.
2026-05-08 04:22:16,955 - __main__ - ERROR -   Batch 1475: NaN or Inf loss detected! Skipping batch.
2026-05-08 04:22:17,015 - __main__ - ERROR -   Batch 1476: NaN or Inf loss detected! Skipping batch.
2026-05-08 04:22:17,075 - __main__ - ERROR -   Batch 1477: NaN or Inf loss detected! Skipping batch.
2026-05-08 04:22:17,136 - __main__ - ERROR -   Batch 1478: NaN or Inf loss detected! Skipping batch.
2026-05-08 04:22:17,196 - __main__ - ERROR -   Batch 1479: NaN or Inf loss detected! Skipping batch.
2026-05-08 04:22:17,257 - __main__ - ERROR -   Batch 1480: NaN or Inf loss detected! Skipping batch.
2026-05-08 04:22:17,317 - __main__ - ERROR -   Batch 1481: NaN or Inf loss detected! Skipping batch.
2026-05-08 04:22:17,372 - __main__ - ERROR -   Batch 1482: NaN or Inf loss detected! Skipping batch.
2026-05-08 04:22:17,431 - __main__ - ERROR -   Batch 1483: NaN or Inf loss detected! Skipping batch.
2026-05-08 04:22:17,492 - __main__ - ERROR -   Batch 1484: NaN or Inf loss detected! Skipping batch.
2026-05-08 04:22:17,552 - __main__ - ERROR -   Batch 1485: NaN or Inf loss detected! Skipping batch.
2026-05-08 04:22:17,612 - __main__ - ERROR -   Batch 1486: NaN or Inf loss detected! Skipping batch.
2026-05-08 04:22:17,673 - __main__ - ERROR -   Batch 1487: NaN or Inf loss detected! Skipping batch.
2026-05-08 04:22:17,727 - __main__ - ERROR -   Batch 1488: NaN or Inf loss detected! Skipping batch.
2026-05-08 04:22:17,788 - __main__ - ERROR -   Batch 1489: NaN or Inf loss detected! Skipping batch.
2026-05-08 04:22:17,848 - __main__ - ERROR -   Batch 1490: NaN or Inf loss detected! Skipping batch.
2026-05-08 04:22:17,908 - __main__ - ERROR -   Batch 1491: NaN or Inf loss detected! Skipping batch.
2026-05-08 04:22:17,969 - __main__ - ERROR -   Batch 1492: NaN or Inf loss detected! Skipping batch.
2026-05-08 04:22:18,029 - __main__ - ERROR -   Batch 1493: NaN or Inf loss detected! Skipping batch.
2026-05-08 04:22:18,089 - __main__ - ERROR -   Batch 1494: NaN or Inf loss detected! Skipping batch.
2026-05-08 04:22:18,144 - __main__ - ERROR -   Batch 1495: NaN or Inf loss detected! Skipping batch.
2026-05-08 04:22:18,204 - __main__ - ERROR -   Batch 1496: NaN or Inf loss detected! Skipping batch.
2026-05-08 04:22:18,264 - __main__ - ERROR -   Batch 1497: NaN or Inf loss detected! Skipping batch.
2026-05-08 04:22:18,325 - __main__ - ERROR -   Batch 1498: NaN or Inf loss detected! Skipping batch.
2026-05-08 04:22:18,385 - __main__ - ERROR -   Batch 1499: NaN or Inf loss detected! Skipping batch.
2026-05-08 04:22:18,440 - __main__ - ERROR -   Batch 1500: NaN or Inf loss detected! Skipping batch.
2026-05-08 04:22:18,494 - __main__ - ERROR -   Batch 1501: NaN or Inf loss detected! Skipping batch.
2026-05-08 04:22:18,555 - __main__ - ERROR -   Batch 1502: NaN or Inf loss detected! Skipping batch.
2026-05-08 04:22:18,615 - __main__ - ERROR -   Batch 1503: NaN or Inf loss detected! Skipping batch.
2026-05-08 04:22:18,676 - __main__ - ERROR -   Batch 1504: NaN or Inf loss detected! Skipping batch.
2026-05-08 04:22:18,735 - __main__ - ERROR -   Batch 1505: NaN or Inf loss detected! Skipping batch.
2026-05-08 04:22:18,796 - __main__ - ERROR -   Batch 1506: NaN or Inf loss detected! Skipping batch.
2026-05-08 04:22:18,856 - __main__ - ERROR -   Batch 1507: NaN or Inf loss detected! Skipping batch.
2026-05-08 04:22:18,916 - __main__ - ERROR -   Batch 1508: NaN or Inf loss detected! Skipping batch.
2026-05-08 04:22:18,976 - __main__ - ERROR -   Batch 1509: NaN or Inf loss detected! Skipping batch.
2026-05-08 04:22:19,036 - __main__ - ERROR -   Batch 1510: NaN or Inf loss detected! Skipping batch.
2026-05-08 04:22:19,097 - __main__ - ERROR -   Batch 1511: NaN or Inf loss detected! Skipping batch.
2026-05-08 04:22:19,151 - __main__ - ERROR -   Batch 1512: NaN or Inf loss detected! Skipping batch.
2026-05-08 04:22:19,212 - __main__ - ERROR -   Batch 1513: NaN or Inf loss detected! Skipping batch.
2026-05-08 04:22:19,272 - __main__ - ERROR -   Batch 1514: NaN or Inf loss detected! Skipping batch.
2026-05-08 04:22:19,326 - __main__ - ERROR -   Batch 1515: NaN or Inf loss detected! Skipping batch.
2026-05-08 04:22:19,386 - __main__ - ERROR -   Batch 1516: NaN or Inf loss detected! Skipping batch.
2026-05-08 04:22:19,446 - __main__ - ERROR -   Batch 1517: NaN or Inf loss detected! Skipping batch.
2026-05-08 04:22:19,506 - __main__ - ERROR -   Batch 1518: NaN or Inf loss detected! Skipping batch.
2026-05-08 04:22:19,566 - __main__ - ERROR -   Batch 1519: NaN or Inf loss detected! Skipping batch.
2026-05-08 04:22:19,626 - __main__ - ERROR -   Batch 1520: NaN or Inf loss detected! Skipping batch.
2026-05-08 04:22:19,686 - __main__ - ERROR -   Batch 1521: NaN or Inf loss detected! Skipping batch.
2026-05-08 04:22:19,747 - __main__ - ERROR -   Batch 1522: NaN or Inf loss detected! Skipping batch.
2026-05-08 04:22:19,807 - __main__ - ERROR -   Batch 1523: NaN or Inf loss detected! Skipping batch.
2026-05-08 04:22:19,867 - __main__ - ERROR -   Batch 1524: NaN or Inf loss detected! Skipping batch.
2026-05-08 04:22:19,922 - __main__ - ERROR -   Batch 1525: NaN or Inf loss detected! Skipping batch.
2026-05-08 04:22:19,983 - __main__ - ERROR -   Batch 1526: NaN or Inf loss detected! Skipping batch.
2026-05-08 04:22:20,042 - __main__ - ERROR -   Batch 1527: NaN or Inf loss detected! Skipping batch.
2026-05-08 04:22:20,103 - __main__ - ERROR -   Batch 1528: NaN or Inf loss detected! Skipping batch.
2026-05-08 04:22:20,163 - __main__ - ERROR -   Batch 1529: NaN or Inf loss detected! Skipping batch.
2026-05-08 04:22:20,223 - __main__ - ERROR -   Batch 1530: NaN or Inf loss detected! Skipping batch.
2026-05-08 04:22:20,282 - __main__ - ERROR -   Batch 1531: NaN or Inf loss detected! Skipping batch.
2026-05-08 04:22:20,343 - __main__ - ERROR -   Batch 1532: NaN or Inf loss detected! Skipping batch.
2026-05-08 04:22:20,403 - __main__ - ERROR -   Batch 1533: NaN or Inf loss detected! Skipping batch.
2026-05-08 04:22:20,463 - __main__ - ERROR -   Batch 1534: NaN or Inf loss detected! Skipping batch.
2026-05-08 04:22:20,523 - __main__ - ERROR -   Batch 1535: NaN or Inf loss detected! Skipping batch.
2026-05-08 04:22:20,584 - __main__ - ERROR -   Batch 1536: NaN or Inf loss detected! Skipping batch.
2026-05-08 04:22:20,644 - __main__ - ERROR -   Batch 1537: NaN or Inf loss detected! Skipping batch.
2026-05-08 04:22:20,704 - __main__ - ERROR -   Batch 1538: NaN or Inf loss detected! Skipping batch.
2026-05-08 04:22:20,764 - __main__ - ERROR -   Batch 1539: NaN or Inf loss detected! Skipping batch.
2026-05-08 04:22:20,824 - __main__ - ERROR -   Batch 1540: NaN or Inf loss detected! Skipping batch.
2026-05-08 04:22:20,884 - __main__ - ERROR -   Batch 1541: NaN or Inf loss detected! Skipping batch.
2026-05-08 04:22:20,944 - __main__ - ERROR -   Batch 1542: NaN or Inf loss detected! Skipping batch.
2026-05-08 04:22:21,004 - __main__ - ERROR -   Batch 1543: NaN or Inf loss detected! Skipping batch.
2026-05-08 04:22:21,064 - __main__ - ERROR -   Batch 1544: NaN or Inf loss detected! Skipping batch.
2026-05-08 04:22:21,124 - __main__ - ERROR -   Batch 1545: NaN or Inf loss detected! Skipping batch.
2026-05-08 04:22:21,185 - __main__ - ERROR -   Batch 1546: NaN or Inf loss detected! Skipping batch.
2026-05-08 04:22:21,245 - __main__ - ERROR -   Batch 1547: NaN or Inf loss detected! Skipping batch.
2026-05-08 04:22:21,305 - __main__ - ERROR -   Batch 1548: NaN or Inf loss detected! Skipping batch.
2026-05-08 04:22:21,366 - __main__ - ERROR -   Batch 1549: NaN or Inf loss detected! Skipping batch.
2026-05-08 04:22:21,726 - __main__ - ERROR -   Batch 1550: NaN or Inf loss detected! Skipping batch.
2026-05-08 04:22:21,787 - __main__ - ERROR -   Batch 1551: NaN or Inf loss detected! Skipping batch.
2026-05-08 04:22:21,847 - __main__ - ERROR -   Batch 1552: NaN or Inf loss detected! Skipping batch.
2026-05-08 04:22:21,908 - __main__ - ERROR -   Batch 1553: NaN or Inf loss detected! Skipping batch.
2026-05-08 04:22:21,968 - __main__ - ERROR -   Batch 1554: NaN or Inf loss detected! Skipping batch.
2026-05-08 04:22:22,029 - __main__ - ERROR -   Batch 1555: NaN or Inf loss detected! Skipping batch.
2026-05-08 04:22:22,083 - __main__ - ERROR -   Batch 1556: NaN or Inf loss detected! Skipping batch.
2026-05-08 04:22:22,144 - __main__ - ERROR -   Batch 1557: NaN or Inf loss detected! Skipping batch.
2026-05-08 04:22:22,194 - __main__ - ERROR -   Batch 1558: NaN or Inf loss detected! Skipping batch.
2026-05-08 04:22:22,254 - __main__ - ERROR -   Batch 1559: NaN or Inf loss detected! Skipping batch.
2026-05-08 04:22:22,314 - __main__ - ERROR -   Batch 1560: NaN or Inf loss detected! Skipping batch.
2026-05-08 04:22:22,374 - __main__ - ERROR -   Batch 1561: NaN or Inf loss detected! Skipping batch.
2026-05-08 04:22:22,434 - __main__ - ERROR -   Batch 1562: NaN or Inf loss detected! Skipping batch.
2026-05-08 04:22:22,495 - __main__ - ERROR -   Batch 1563: NaN or Inf loss detected! Skipping batch.
2026-05-08 04:22:22,555 - __main__ - ERROR -   Batch 1564: NaN or Inf loss detected! Skipping batch.
2026-05-08 04:22:22,615 - __main__ - ERROR -   Batch 1565: NaN or Inf loss detected! Skipping batch.
2026-05-08 04:22:22,676 - __main__ - ERROR -   Batch 1566: NaN or Inf loss detected! Skipping batch.
2026-05-08 04:22:22,725 - __main__ - ERROR -   Batch 1567: NaN or Inf loss detected! Skipping batch.
2026-05-08 04:22:22,786 - __main__ - ERROR -   Batch 1568: NaN or Inf loss detected! Skipping batch.
2026-05-08 04:22:22,846 - __main__ - ERROR -   Batch 1569: NaN or Inf loss detected! Skipping batch.
2026-05-08 04:22:22,907 - __main__ - ERROR -   Batch 1570: NaN or Inf loss detected! Skipping batch.
2026-05-08 04:22:22,962 - __main__ - ERROR -   Batch 1571: NaN or Inf loss detected! Skipping batch.
2026-05-08 04:22:23,022 - __main__ - ERROR -   Batch 1572: NaN or Inf loss detected! Skipping batch.
2026-05-08 04:22:23,082 - __main__ - ERROR -   Batch 1573: NaN or Inf loss detected! Skipping batch.
2026-05-08 04:22:23,143 - __main__ - ERROR -   Batch 1574: NaN or Inf loss detected! Skipping batch.
2026-05-08 04:22:23,203 - __main__ - ERROR -   Batch 1575: NaN or Inf loss detected! Skipping batch.
2026-05-08 04:22:23,264 - __main__ - ERROR -   Batch 1576: NaN or Inf loss detected! Skipping batch.
2026-05-08 04:22:23,324 - __main__ - ERROR -   Batch 1577: NaN or Inf loss detected! Skipping batch.
2026-05-08 04:22:23,385 - __main__ - ERROR -   Batch 1578: NaN or Inf loss detected! Skipping batch.
2026-05-08 04:22:23,445 - __main__ - ERROR -   Batch 1579: NaN or Inf loss detected! Skipping batch.
2026-05-08 04:22:23,505 - __main__ - ERROR -   Batch 1580: NaN or Inf loss detected! Skipping batch.
2026-05-08 04:22:23,565 - __main__ - ERROR -   Batch 1581: NaN or Inf loss detected! Skipping batch.
2026-05-08 04:22:23,625 - __main__ - ERROR -   Batch 1582: NaN or Inf loss detected! Skipping batch.
2026-05-08 04:22:23,685 - __main__ - ERROR -   Batch 1583: NaN or Inf loss detected! Skipping batch.
2026-05-08 04:22:23,746 - __main__ - ERROR -   Batch 1584: NaN or Inf loss detected! Skipping batch.
2026-05-08 04:22:23,807 - __main__ - ERROR -   Batch 1585: NaN or Inf loss detected! Skipping batch.
2026-05-08 04:22:23,867 - __main__ - ERROR -   Batch 1586: NaN or Inf loss detected! Skipping batch.
2026-05-08 04:22:23,928 - __main__ - ERROR -   Batch 1587: NaN or Inf loss detected! Skipping batch.
2026-05-08 04:22:23,983 - __main__ - ERROR -   Batch 1588: NaN or Inf loss detected! Skipping batch.
2026-05-08 04:22:24,043 - __main__ - ERROR -   Batch 1589: NaN or Inf loss detected! Skipping batch.
2026-05-08 04:22:24,103 - __main__ - ERROR -   Batch 1590: NaN or Inf loss detected! Skipping batch.
2026-05-08 04:22:24,163 - __main__ - ERROR -   Batch 1591: NaN or Inf loss detected! Skipping batch.
2026-05-08 04:22:24,224 - __main__ - ERROR -   Batch 1592: NaN or Inf loss detected! Skipping batch.
2026-05-08 04:22:24,284 - __main__ - ERROR -   Batch 1593: NaN or Inf loss detected! Skipping batch.
2026-05-08 04:22:24,345 - __main__ - ERROR -   Batch 1594: NaN or Inf loss detected! Skipping batch.
2026-05-08 04:22:24,406 - __main__ - ERROR -   Batch 1595: NaN or Inf loss detected! Skipping batch.
2026-05-08 04:22:24,466 - __main__ - ERROR -   Batch 1596: NaN or Inf loss detected! Skipping batch.
2026-05-08 04:22:24,526 - __main__ - ERROR -   Batch 1597: NaN or Inf loss detected! Skipping batch.
2026-05-08 04:22:24,586 - __main__ - ERROR -   Batch 1598: NaN or Inf loss detected! Skipping batch.
2026-05-08 04:22:24,647 - __main__ - ERROR -   Batch 1599: NaN or Inf loss detected! Skipping batch.
2026-05-08 04:22:24,707 - __main__ - ERROR -   Batch 1600: NaN or Inf loss detected! Skipping batch.
2026-05-08 04:22:24,767 - __main__ - ERROR -   Batch 1601: NaN or Inf loss detected! Skipping batch.
2026-05-08 04:22:24,828 - __main__ - ERROR -   Batch 1602: NaN or Inf loss detected! Skipping batch.
2026-05-08 04:22:24,889 - __main__ - ERROR -   Batch 1603: NaN or Inf loss detected! Skipping batch.
2026-05-08 04:22:24,949 - __main__ - ERROR -   Batch 1604: NaN or Inf loss detected! Skipping batch.
2026-05-08 04:22:25,009 - __main__ - ERROR -   Batch 1605: NaN or Inf loss detected! Skipping batch.
2026-05-08 04:22:25,070 - __main__ - ERROR -   Batch 1606: NaN or Inf loss detected! Skipping batch.
2026-05-08 04:22:25,131 - __main__ - ERROR -   Batch 1607: NaN or Inf loss detected! Skipping batch.
2026-05-08 04:22:25,192 - __main__ - ERROR -   Batch 1608: NaN or Inf loss detected! Skipping batch.
2026-05-08 04:22:25,254 - __main__ - ERROR -   Batch 1609: NaN or Inf loss detected! Skipping batch.
2026-05-08 04:22:25,315 - __main__ - ERROR -   Batch 1610: NaN or Inf loss detected! Skipping batch.
2026-05-08 04:22:25,375 - __main__ - ERROR -   Batch 1611: NaN or Inf loss detected! Skipping batch.
2026-05-08 04:22:25,436 - __main__ - ERROR -   Batch 1612: NaN or Inf loss detected! Skipping batch.
2026-05-08 04:22:25,497 - __main__ - ERROR -   Batch 1613: NaN or Inf loss detected! Skipping batch.
2026-05-08 04:22:25,557 - __main__ - ERROR -   Batch 1614: NaN or Inf loss detected! Skipping batch.
2026-05-08 04:22:25,617 - __main__ - ERROR -   Batch 1615: NaN or Inf loss detected! Skipping batch.
2026-05-08 04:22:25,677 - __main__ - ERROR -   Batch 1616: NaN or Inf loss detected! Skipping batch.
2026-05-08 04:22:25,738 - __main__ - ERROR -   Batch 1617: NaN or Inf loss detected! Skipping batch.
2026-05-08 04:22:25,798 - __main__ - ERROR -   Batch 1618: NaN or Inf loss detected! Skipping batch.
2026-05-08 04:22:25,859 - __main__ - ERROR -   Batch 1619: NaN or Inf loss detected! Skipping batch.
2026-05-08 04:22:25,919 - __main__ - ERROR -   Batch 1620: NaN or Inf loss detected! Skipping batch.
2026-05-08 04:22:25,979 - __main__ - ERROR -   Batch 1621: NaN or Inf loss detected! Skipping batch.
2026-05-08 04:22:26,039 - __main__ - ERROR -   Batch 1622: NaN or Inf loss detected! Skipping batch.
2026-05-08 04:22:26,093 - __main__ - ERROR -   Batch 1623: NaN or Inf loss detected! Skipping batch.
2026-05-08 04:22:26,154 - __main__ - ERROR -   Batch 1624: NaN or Inf loss detected! Skipping batch.
2026-05-08 04:22:26,208 - __main__ - ERROR -   Batch 1625: NaN or Inf loss detected! Skipping batch.
2026-05-08 04:22:26,269 - __main__ - ERROR -   Batch 1626: NaN or Inf loss detected! Skipping batch.
2026-05-08 04:22:26,329 - __main__ - ERROR -   Batch 1627: NaN or Inf loss detected! Skipping batch.
2026-05-08 04:22:26,389 - __main__ - ERROR -   Batch 1628: NaN or Inf loss detected! Skipping batch.
2026-05-08 04:22:26,449 - __main__ - ERROR -   Batch 1629: NaN or Inf loss detected! Skipping batch.
2026-05-08 04:22:26,510 - __main__ - ERROR -   Batch 1630: NaN or Inf loss detected! Skipping batch.
2026-05-08 04:22:26,570 - __main__ - ERROR -   Batch 1631: NaN or Inf loss detected! Skipping batch.
2026-05-08 04:22:26,630 - __main__ - ERROR -   Batch 1632: NaN or Inf loss detected! Skipping batch.
2026-05-08 04:22:26,679 - __main__ - ERROR -   Batch 1633: NaN or Inf loss detected! Skipping batch.
2026-05-08 04:22:26,740 - __main__ - ERROR -   Batch 1634: NaN or Inf loss detected! Skipping batch.
2026-05-08 04:22:26,800 - __main__ - ERROR -   Batch 1635: NaN or Inf loss detected! Skipping batch.
2026-05-08 04:22:26,861 - __main__ - ERROR -   Batch 1636: NaN or Inf loss detected! Skipping batch.
2026-05-08 04:22:26,915 - __main__ - ERROR -   Batch 1637: NaN or Inf loss detected! Skipping batch.
2026-05-08 04:22:26,977 - __main__ - ERROR -   Batch 1638: NaN or Inf loss detected! Skipping batch.
2026-05-08 04:22:27,036 - __main__ - ERROR -   Batch 1639: NaN or Inf loss detected! Skipping batch.
2026-05-08 04:22:27,097 - __main__ - ERROR -   Batch 1640: NaN or Inf loss detected! Skipping batch.
2026-05-08 04:22:27,157 - __main__ - ERROR -   Batch 1641: NaN or Inf loss detected! Skipping batch.
2026-05-08 04:22:27,217 - __main__ - ERROR -   Batch 1642: NaN or Inf loss detected! Skipping batch.
2026-05-08 04:22:27,277 - __main__ - ERROR -   Batch 1643: NaN or Inf loss detected! Skipping batch.
2026-05-08 04:22:27,337 - __main__ - ERROR -   Batch 1644: NaN or Inf loss detected! Skipping batch.
2026-05-08 04:22:27,397 - __main__ - ERROR -   Batch 1645: NaN or Inf loss detected! Skipping batch.
2026-05-08 04:22:27,458 - __main__ - ERROR -   Batch 1646: NaN or Inf loss detected! Skipping batch.
2026-05-08 04:22:27,518 - __main__ - ERROR -   Batch 1647: NaN or Inf loss detected! Skipping batch.
2026-05-08 04:22:27,578 - __main__ - ERROR -   Batch 1648: NaN or Inf loss detected! Skipping batch.
2026-05-08 04:22:27,639 - __main__ - ERROR -   Batch 1649: NaN or Inf loss detected! Skipping batch.
2026-05-08 04:22:27,698 - __main__ - ERROR -   Batch 1650: NaN or Inf loss detected! Skipping batch.
2026-05-08 04:22:27,758 - __main__ - ERROR -   Batch 1651: NaN or Inf loss detected! Skipping batch.
2026-05-08 04:22:27,819 - __main__ - ERROR -   Batch 1652: NaN or Inf loss detected! Skipping batch.
2026-05-08 04:22:27,874 - __main__ - ERROR -   Batch 1653: NaN or Inf loss detected! Skipping batch.
2026-05-08 04:22:27,934 - __main__ - ERROR -   Batch 1654: NaN or Inf loss detected! Skipping batch.
2026-05-08 04:22:27,993 - __main__ - ERROR -   Batch 1655: NaN or Inf loss detected! Skipping batch.
2026-05-08 04:22:28,048 - __main__ - ERROR -   Batch 1656: NaN or Inf loss detected! Skipping batch.
2026-05-08 04:22:28,103 - __main__ - ERROR -   Batch 1657: NaN or Inf loss detected! Skipping batch.
2026-05-08 04:22:28,163 - __main__ - ERROR -   Batch 1658: NaN or Inf loss detected! Skipping batch.
2026-05-08 04:22:28,224 - __main__ - ERROR -   Batch 1659: NaN or Inf loss detected! Skipping batch.
2026-05-08 04:22:28,284 - __main__ - ERROR -   Batch 1660: NaN or Inf loss detected! Skipping batch.
2026-05-08 04:22:28,344 - __main__ - ERROR -   Batch 1661: NaN or Inf loss detected! Skipping batch.
2026-05-08 04:22:28,405 - __main__ - ERROR -   Batch 1662: NaN or Inf loss detected! Skipping batch.
2026-05-08 04:22:28,465 - __main__ - ERROR -   Batch 1663: NaN or Inf loss detected! Skipping batch.
2026-05-08 04:22:28,525 - __main__ - ERROR -   Batch 1664: NaN or Inf loss detected! Skipping batch.
2026-05-08 04:22:28,586 - __main__ - ERROR -   Batch 1665: NaN or Inf loss detected! Skipping batch.
2026-05-08 04:22:28,646 - __main__ - ERROR -   Batch 1666: NaN or Inf loss detected! Skipping batch.
2026-05-08 04:22:28,706 - __main__ - ERROR -   Batch 1667: NaN or Inf loss detected! Skipping batch.
2026-05-08 04:22:28,767 - __main__ - ERROR -   Batch 1668: NaN or Inf loss detected! Skipping batch.
2026-05-08 04:22:28,828 - __main__ - ERROR -   Batch 1669: NaN or Inf loss detected! Skipping batch.
2026-05-08 04:22:28,883 - __main__ - ERROR -   Batch 1670: NaN or Inf loss detected! Skipping batch.
2026-05-08 04:22:28,943 - __main__ - ERROR -   Batch 1671: NaN or Inf loss detected! Skipping batch.
2026-05-08 04:22:29,274 - __main__ - ERROR -   Batch 1672: NaN or Inf loss detected! Skipping batch.
2026-05-08 04:22:29,336 - __main__ - ERROR -   Batch 1673: NaN or Inf loss detected! Skipping batch.
2026-05-08 04:22:29,396 - __main__ - ERROR -   Batch 1674: NaN or Inf loss detected! Skipping batch.
2026-05-08 04:22:29,456 - __main__ - ERROR -   Batch 1675: NaN or Inf loss detected! Skipping batch.
2026-05-08 04:22:29,516 - __main__ - ERROR -   Batch 1676: NaN or Inf loss detected! Skipping batch.
2026-05-08 04:22:29,577 - __main__ - ERROR -   Batch 1677: NaN or Inf loss detected! Skipping batch.
2026-05-08 04:22:29,632 - __main__ - ERROR -   Batch 1678: NaN or Inf loss detected! Skipping batch.
2026-05-08 04:22:29,692 - __main__ - ERROR -   Batch 1679: NaN or Inf loss detected! Skipping batch.
2026-05-08 04:22:29,752 - __main__ - ERROR -   Batch 1680: NaN or Inf loss detected! Skipping batch.
2026-05-08 04:22:29,812 - __main__ - ERROR -   Batch 1681: NaN or Inf loss detected! Skipping batch.
2026-05-08 04:22:29,873 - __main__ - ERROR -   Batch 1682: NaN or Inf loss detected! Skipping batch.
2026-05-08 04:22:29,933 - __main__ - ERROR -   Batch 1683: NaN or Inf loss detected! Skipping batch.
2026-05-08 04:22:29,993 - __main__ - ERROR -   Batch 1684: NaN or Inf loss detected! Skipping batch.
2026-05-08 04:22:30,053 - __main__ - ERROR -   Batch 1685: NaN or Inf loss detected! Skipping batch.
2026-05-08 04:22:30,113 - __main__ - ERROR -   Batch 1686: NaN or Inf loss detected! Skipping batch.
2026-05-08 04:22:30,174 - __main__ - ERROR -   Batch 1687: NaN or Inf loss detected! Skipping batch.
2026-05-08 04:22:30,233 - __main__ - ERROR -   Batch 1688: NaN or Inf loss detected! Skipping batch.
2026-05-08 04:22:30,293 - __main__ - ERROR -   Batch 1689: NaN or Inf loss detected! Skipping batch.
2026-05-08 04:22:30,354 - __main__ - ERROR -   Batch 1690: NaN or Inf loss detected! Skipping batch.
2026-05-08 04:22:30,414 - __main__ - ERROR -   Batch 1691: NaN or Inf loss detected! Skipping batch.
2026-05-08 04:22:30,474 - __main__ - ERROR -   Batch 1692: NaN or Inf loss detected! Skipping batch.
2026-05-08 04:22:30,529 - __main__ - ERROR -   Batch 1693: NaN or Inf loss detected! Skipping batch.
2026-05-08 04:22:30,589 - __main__ - ERROR -   Batch 1694: NaN or Inf loss detected! Skipping batch.
2026-05-08 04:22:30,650 - __main__ - ERROR -   Batch 1695: NaN or Inf loss detected! Skipping batch.
2026-05-08 04:22:30,710 - __main__ - ERROR -   Batch 1696: NaN or Inf loss detected! Skipping batch.
2026-05-08 04:22:30,770 - __main__ - ERROR -   Batch 1697: NaN or Inf loss detected! Skipping batch.
2026-05-08 04:22:30,830 - __main__ - ERROR -   Batch 1698: NaN or Inf loss detected! Skipping batch.
2026-05-08 04:22:30,885 - __main__ - ERROR -   Batch 1699: NaN or Inf loss detected! Skipping batch.
2026-05-08 04:22:30,945 - __main__ - ERROR -   Batch 1700: NaN or Inf loss detected! Skipping batch.
2026-05-08 04:22:31,005 - __main__ - ERROR -   Batch 1701: NaN or Inf loss detected! Skipping batch.
2026-05-08 04:22:31,065 - __main__ - ERROR -   Batch 1702: NaN or Inf loss detected! Skipping batch.
2026-05-08 04:22:31,115 - __main__ - ERROR -   Batch 1703: NaN or Inf loss detected! Skipping batch.
2026-05-08 04:22:31,176 - __main__ - ERROR -   Batch 1704: NaN or Inf loss detected! Skipping batch.
2026-05-08 04:22:31,236 - __main__ - ERROR -   Batch 1705: NaN or Inf loss detected! Skipping batch.
2026-05-08 04:22:31,296 - __main__ - ERROR -   Batch 1706: NaN or Inf loss detected! Skipping batch.
2026-05-08 04:22:31,356 - __main__ - ERROR -   Batch 1707: NaN or Inf loss detected! Skipping batch.
2026-05-08 04:22:31,417 - __main__ - ERROR -   Batch 1708: NaN or Inf loss detected! Skipping batch.
2026-05-08 04:22:31,477 - __main__ - ERROR -   Batch 1709: NaN or Inf loss detected! Skipping batch.
2026-05-08 04:22:31,538 - __main__ - ERROR -   Batch 1710: NaN or Inf loss detected! Skipping batch.
2026-05-08 04:22:31,597 - __main__ - ERROR -   Batch 1711: NaN or Inf loss detected! Skipping batch.
2026-05-08 04:22:31,658 - __main__ - ERROR -   Batch 1712: NaN or Inf loss detected! Skipping batch.
2026-05-08 04:22:31,718 - __main__ - ERROR -   Batch 1713: NaN or Inf loss detected! Skipping batch.
2026-05-08 04:22:31,779 - __main__ - ERROR -   Batch 1714: NaN or Inf loss detected! Skipping batch.
2026-05-08 04:22:31,839 - __main__ - ERROR -   Batch 1715: NaN or Inf loss detected! Skipping batch.
2026-05-08 04:22:31,899 - __main__ - ERROR -   Batch 1716: NaN or Inf loss detected! Skipping batch.
2026-05-08 04:22:31,959 - __main__ - ERROR -   Batch 1717: NaN or Inf loss detected! Skipping batch.
2026-05-08 04:22:32,020 - __main__ - ERROR -   Batch 1718: NaN or Inf loss detected! Skipping batch.
2026-05-08 04:22:32,080 - __main__ - ERROR -   Batch 1719: NaN or Inf loss detected! Skipping batch.
2026-05-08 04:22:32,141 - __main__ - ERROR -   Batch 1720: NaN or Inf loss detected! Skipping batch.
2026-05-08 04:22:32,201 - __main__ - ERROR -   Batch 1721: NaN or Inf loss detected! Skipping batch.
2026-05-08 04:22:32,262 - __main__ - ERROR -   Batch 1722: NaN or Inf loss detected! Skipping batch.
2026-05-08 04:22:32,322 - __main__ - ERROR -   Batch 1723: NaN or Inf loss detected! Skipping batch.
2026-05-08 04:22:32,383 - __main__ - ERROR -   Batch 1724: NaN or Inf loss detected! Skipping batch.
2026-05-08 04:22:32,442 - __main__ - ERROR -   Batch 1725: NaN or Inf loss detected! Skipping batch.
2026-05-08 04:22:32,503 - __main__ - ERROR -   Batch 1726: NaN or Inf loss detected! Skipping batch.
2026-05-08 04:22:32,563 - __main__ - ERROR -   Batch 1727: NaN or Inf loss detected! Skipping batch.
2026-05-08 04:22:32,623 - __main__ - ERROR -   Batch 1728: NaN or Inf loss detected! Skipping batch.
2026-05-08 04:22:32,683 - __main__ - ERROR -   Batch 1729: NaN or Inf loss detected! Skipping batch.
2026-05-08 04:22:32,744 - __main__ - ERROR -   Batch 1730: NaN or Inf loss detected! Skipping batch.
2026-05-08 04:22:32,804 - __main__ - ERROR -   Batch 1731: NaN or Inf loss detected! Skipping batch.
2026-05-08 04:22:32,865 - __main__ - ERROR -   Batch 1732: NaN or Inf loss detected! Skipping batch.
2026-05-08 04:22:32,925 - __main__ - ERROR -   Batch 1733: NaN or Inf loss detected! Skipping batch.
2026-05-08 04:22:32,985 - __main__ - ERROR -   Batch 1734: NaN or Inf loss detected! Skipping batch.
2026-05-08 04:22:33,045 - __main__ - ERROR -   Batch 1735: NaN or Inf loss detected! Skipping batch.
2026-05-08 04:22:33,106 - __main__ - ERROR -   Batch 1736: NaN or Inf loss detected! Skipping batch.
2026-05-08 04:22:33,166 - __main__ - ERROR -   Batch 1737: NaN or Inf loss detected! Skipping batch.
2026-05-08 04:22:33,221 - __main__ - ERROR -   Batch 1738: NaN or Inf loss detected! Skipping batch.
2026-05-08 04:22:33,281 - __main__ - ERROR -   Batch 1739: NaN or Inf loss detected! Skipping batch.
2026-05-08 04:22:33,341 - __main__ - ERROR -   Batch 1740: NaN or Inf loss detected! Skipping batch.
2026-05-08 04:22:33,396 - __main__ - ERROR -   Batch 1741: NaN or Inf loss detected! Skipping batch.
2026-05-08 04:22:33,456 - __main__ - ERROR -   Batch 1742: NaN or Inf loss detected! Skipping batch.
2026-05-08 04:22:33,510 - __main__ - ERROR -   Batch 1743: NaN or Inf loss detected! Skipping batch.
2026-05-08 04:22:33,571 - __main__ - ERROR -   Batch 1744: NaN or Inf loss detected! Skipping batch.
2026-05-08 04:22:33,631 - __main__ - ERROR -   Batch 1745: NaN or Inf loss detected! Skipping batch.
2026-05-08 04:22:33,691 - __main__ - ERROR -   Batch 1746: NaN or Inf loss detected! Skipping batch.
2026-05-08 04:22:33,751 - __main__ - ERROR -   Batch 1747: NaN or Inf loss detected! Skipping batch.
2026-05-08 04:22:33,812 - __main__ - ERROR -   Batch 1748: NaN or Inf loss detected! Skipping batch.
2026-05-08 04:22:33,872 - __main__ - ERROR -   Batch 1749: NaN or Inf loss detected! Skipping batch.
2026-05-08 04:22:33,932 - __main__ - ERROR -   Batch 1750: NaN or Inf loss detected! Skipping batch.
2026-05-08 04:22:33,987 - __main__ - ERROR -   Batch 1751: NaN or Inf loss detected! Skipping batch.
2026-05-08 04:22:34,047 - __main__ - ERROR -   Batch 1752: NaN or Inf loss detected! Skipping batch.
2026-05-08 04:22:34,102 - __main__ - ERROR -   Batch 1753: NaN or Inf loss detected! Skipping batch.
2026-05-08 04:22:34,162 - __main__ - ERROR -   Batch 1754: NaN or Inf loss detected! Skipping batch.
2026-05-08 04:22:34,222 - __main__ - ERROR -   Batch 1755: NaN or Inf loss detected! Skipping batch.
2026-05-08 04:22:34,282 - __main__ - ERROR -   Batch 1756: NaN or Inf loss detected! Skipping batch.
2026-05-08 04:22:34,343 - __main__ - ERROR -   Batch 1757: NaN or Inf loss detected! Skipping batch.
2026-05-08 04:22:34,403 - __main__ - ERROR -   Batch 1758: NaN or Inf loss detected! Skipping batch.
2026-05-08 04:22:34,458 - __main__ - ERROR -   Batch 1759: NaN or Inf loss detected! Skipping batch.
2026-05-08 04:22:34,518 - __main__ - ERROR -   Batch 1760: NaN or Inf loss detected! Skipping batch.
2026-05-08 04:22:34,578 - __main__ - ERROR -   Batch 1761: NaN or Inf loss detected! Skipping batch.
2026-05-08 04:22:34,638 - __main__ - ERROR -   Batch 1762: NaN or Inf loss detected! Skipping batch.
2026-05-08 04:22:34,698 - __main__ - ERROR -   Batch 1763: NaN or Inf loss detected! Skipping batch.
2026-05-08 04:22:34,759 - __main__ - ERROR -   Batch 1764: NaN or Inf loss detected! Skipping batch.
2026-05-08 04:22:34,819 - __main__ - ERROR -   Batch 1765: NaN or Inf loss detected! Skipping batch.
2026-05-08 04:22:34,880 - __main__ - ERROR -   Batch 1766: NaN or Inf loss detected! Skipping batch.
2026-05-08 04:22:34,940 - __main__ - ERROR -   Batch 1767: NaN or Inf loss detected! Skipping batch.
2026-05-08 04:22:35,000 - __main__ - ERROR -   Batch 1768: NaN or Inf loss detected! Skipping batch.
2026-05-08 04:22:35,061 - __main__ - ERROR -   Batch 1769: NaN or Inf loss detected! Skipping batch.
2026-05-08 04:22:35,122 - __main__ - ERROR -   Batch 1770: NaN or Inf loss detected! Skipping batch.
2026-05-08 04:22:35,182 - __main__ - ERROR -   Batch 1771: NaN or Inf loss detected! Skipping batch.
2026-05-08 04:22:35,243 - __main__ - ERROR -   Batch 1772: NaN or Inf loss detected! Skipping batch.
2026-05-08 04:22:35,303 - __main__ - ERROR -   Batch 1773: NaN or Inf loss detected! Skipping batch.
2026-05-08 04:22:35,363 - __main__ - ERROR -   Batch 1774: NaN or Inf loss detected! Skipping batch.
2026-05-08 04:22:35,423 - __main__ - ERROR -   Batch 1775: NaN or Inf loss detected! Skipping batch.
2026-05-08 04:22:35,478 - __main__ - ERROR -   Batch 1776: NaN or Inf loss detected! Skipping batch.
2026-05-08 04:22:35,538 - __main__ - ERROR -   Batch 1777: NaN or Inf loss detected! Skipping batch.
2026-05-08 04:22:35,599 - __main__ - ERROR -   Batch 1778: NaN or Inf loss detected! Skipping batch.
2026-05-08 04:22:35,658 - __main__ - ERROR -   Batch 1779: NaN or Inf loss detected! Skipping batch.
2026-05-08 04:22:35,713 - __main__ - ERROR -   Batch 1780: NaN or Inf loss detected! Skipping batch.
2026-05-08 04:22:35,773 - __main__ - ERROR -   Batch 1781: NaN or Inf loss detected! Skipping batch.
2026-05-08 04:22:35,834 - __main__ - ERROR -   Batch 1782: NaN or Inf loss detected! Skipping batch.
2026-05-08 04:22:35,894 - __main__ - ERROR -   Batch 1783: NaN or Inf loss detected! Skipping batch.
2026-05-08 04:22:35,955 - __main__ - ERROR -   Batch 1784: NaN or Inf loss detected! Skipping batch.
2026-05-08 04:22:36,284 - __main__ - ERROR -   Batch 1785: NaN or Inf loss detected! Skipping batch.
2026-05-08 04:22:36,346 - __main__ - ERROR -   Batch 1786: NaN or Inf loss detected! Skipping batch.
2026-05-08 04:22:36,407 - __main__ - ERROR -   Batch 1787: NaN or Inf loss detected! Skipping batch.
2026-05-08 04:22:36,467 - __main__ - ERROR -   Batch 1788: NaN or Inf loss detected! Skipping batch.
2026-05-08 04:22:36,528 - __main__ - ERROR -   Batch 1789: NaN or Inf loss detected! Skipping batch.
2026-05-08 04:22:36,588 - __main__ - ERROR -   Batch 1790: NaN or Inf loss detected! Skipping batch.
2026-05-08 04:22:36,648 - __main__ - ERROR -   Batch 1791: NaN or Inf loss detected! Skipping batch.
2026-05-08 04:22:36,708 - __main__ - ERROR -   Batch 1792: NaN or Inf loss detected! Skipping batch.
2026-05-08 04:22:36,768 - __main__ - ERROR -   Batch 1793: NaN or Inf loss detected! Skipping batch.
2026-05-08 04:22:36,828 - __main__ - ERROR -   Batch 1794: NaN or Inf loss detected! Skipping batch.
2026-05-08 04:22:36,889 - __main__ - ERROR -   Batch 1795: NaN or Inf loss detected! Skipping batch.
2026-05-08 04:22:36,949 - __main__ - ERROR -   Batch 1796: NaN or Inf loss detected! Skipping batch.
2026-05-08 04:22:37,009 - __main__ - ERROR -   Batch 1797: NaN or Inf loss detected! Skipping batch.
2026-05-08 04:22:37,070 - __main__ - ERROR -   Batch 1798: NaN or Inf loss detected! Skipping batch.
2026-05-08 04:22:37,130 - __main__ - ERROR -   Batch 1799: NaN or Inf loss detected! Skipping batch.
2026-05-08 04:22:37,190 - __main__ - ERROR -   Batch 1800: NaN or Inf loss detected! Skipping batch.
2026-05-08 04:22:37,251 - __main__ - ERROR -   Batch 1801: NaN or Inf loss detected! Skipping batch.
2026-05-08 04:22:37,311 - __main__ - ERROR -   Batch 1802: NaN or Inf loss detected! Skipping batch.
2026-05-08 04:22:37,372 - __main__ - ERROR -   Batch 1803: NaN or Inf loss detected! Skipping batch.
2026-05-08 04:22:37,432 - __main__ - ERROR -   Batch 1804: NaN or Inf loss detected! Skipping batch.
2026-05-08 04:22:37,492 - __main__ - ERROR -   Batch 1805: NaN or Inf loss detected! Skipping batch.
2026-05-08 04:22:37,552 - __main__ - ERROR -   Batch 1806: NaN or Inf loss detected! Skipping batch.
2026-05-08 04:22:37,612 - __main__ - ERROR -   Batch 1807: NaN or Inf loss detected! Skipping batch.
2026-05-08 04:22:37,673 - __main__ - ERROR -   Batch 1808: NaN or Inf loss detected! Skipping batch.
2026-05-08 04:22:37,733 - __main__ - ERROR -   Batch 1809: NaN or Inf loss detected! Skipping batch.
2026-05-08 04:22:37,794 - __main__ - ERROR -   Batch 1810: NaN or Inf loss detected! Skipping batch.
2026-05-08 04:22:37,848 - __main__ - ERROR -   Batch 1811: NaN or Inf loss detected! Skipping batch.
2026-05-08 04:22:37,909 - __main__ - ERROR -   Batch 1812: NaN or Inf loss detected! Skipping batch.
2026-05-08 04:22:37,969 - __main__ - ERROR -   Batch 1813: NaN or Inf loss detected! Skipping batch.
2026-05-08 04:22:38,030 - __main__ - ERROR -   Batch 1814: NaN or Inf loss detected! Skipping batch.
2026-05-08 04:22:38,090 - __main__ - ERROR -   Batch 1815: NaN or Inf loss detected! Skipping batch.
2026-05-08 04:22:38,150 - __main__ - ERROR -   Batch 1816: NaN or Inf loss detected! Skipping batch.
2026-05-08 04:22:38,210 - __main__ - ERROR -   Batch 1817: NaN or Inf loss detected! Skipping batch.
2026-05-08 04:22:38,270 - __main__ - ERROR -   Batch 1818: NaN or Inf loss detected! Skipping batch.
2026-05-08 04:22:38,331 - __main__ - ERROR -   Batch 1819: NaN or Inf loss detected! Skipping batch.
2026-05-08 04:22:38,391 - __main__ - ERROR -   Batch 1820: NaN or Inf loss detected! Skipping batch.
2026-05-08 04:22:38,451 - __main__ - ERROR -   Batch 1821: NaN or Inf loss detected! Skipping batch.
2026-05-08 04:22:38,511 - __main__ - ERROR -   Batch 1822: NaN or Inf loss detected! Skipping batch.
2026-05-08 04:22:38,561 - __main__ - ERROR -   Batch 1823: NaN or Inf loss detected! Skipping batch.
2026-05-08 04:22:38,615 - __main__ - ERROR -   Batch 1824: NaN or Inf loss detected! Skipping batch.
2026-05-08 04:22:38,675 - __main__ - ERROR -   Batch 1825: NaN or Inf loss detected! Skipping batch.
2026-05-08 04:22:38,735 - __main__ - ERROR -   Batch 1826: NaN or Inf loss detected! Skipping batch.
2026-05-08 04:22:38,795 - __main__ - ERROR -   Batch 1827: NaN or Inf loss detected! Skipping batch.
2026-05-08 04:22:38,856 - __main__ - ERROR -   Batch 1828: NaN or Inf loss detected! Skipping batch.
2026-05-08 04:22:38,917 - __main__ - ERROR -   Batch 1829: NaN or Inf loss detected! Skipping batch.
2026-05-08 04:22:38,977 - __main__ - ERROR -   Batch 1830: NaN or Inf loss detected! Skipping batch.
2026-05-08 04:22:39,038 - __main__ - ERROR -   Batch 1831: NaN or Inf loss detected! Skipping batch.
2026-05-08 04:22:39,098 - __main__ - ERROR -   Batch 1832: NaN or Inf loss detected! Skipping batch.
2026-05-08 04:22:39,158 - __main__ - ERROR -   Batch 1833: NaN or Inf loss detected! Skipping batch.
2026-05-08 04:22:39,213 - __main__ - ERROR -   Batch 1834: NaN or Inf loss detected! Skipping batch.
2026-05-08 04:22:39,273 - __main__ - ERROR -   Batch 1835: NaN or Inf loss detected! Skipping batch.
2026-05-08 04:22:39,333 - __main__ - ERROR -   Batch 1836: NaN or Inf loss detected! Skipping batch.
2026-05-08 04:22:39,393 - __main__ - ERROR -   Batch 1837: NaN or Inf loss detected! Skipping batch.
2026-05-08 04:22:39,448 - __main__ - ERROR -   Batch 1838: NaN or Inf loss detected! Skipping batch.
2026-05-08 04:22:39,507 - __main__ - ERROR -   Batch 1839: NaN or Inf loss detected! Skipping batch.
2026-05-08 04:22:39,568 - __main__ - ERROR -   Batch 1840: NaN or Inf loss detected! Skipping batch.
2026-05-08 04:22:39,628 - __main__ - ERROR -   Batch 1841: NaN or Inf loss detected! Skipping batch.
2026-05-08 04:22:39,688 - __main__ - ERROR -   Batch 1842: NaN or Inf loss detected! Skipping batch.
2026-05-08 04:22:39,748 - __main__ - ERROR -   Batch 1843: NaN or Inf loss detected! Skipping batch.
2026-05-08 04:22:39,808 - __main__ - ERROR -   Batch 1844: NaN or Inf loss detected! Skipping batch.
2026-05-08 04:22:39,863 - __main__ - ERROR -   Batch 1845: NaN or Inf loss detected! Skipping batch.
2026-05-08 04:22:39,923 - __main__ - ERROR -   Batch 1846: NaN or Inf loss detected! Skipping batch.
2026-05-08 04:22:39,983 - __main__ - ERROR -   Batch 1847: NaN or Inf loss detected! Skipping batch.
2026-05-08 04:22:40,043 - __main__ - ERROR -   Batch 1848: NaN or Inf loss detected! Skipping batch.
2026-05-08 04:22:40,103 - __main__ - ERROR -   Batch 1849: NaN or Inf loss detected! Skipping batch.
2026-05-08 04:22:40,163 - __main__ - ERROR -   Batch 1850: NaN or Inf loss detected! Skipping batch.
2026-05-08 04:22:40,223 - __main__ - ERROR -   Batch 1851: NaN or Inf loss detected! Skipping batch.
2026-05-08 04:22:40,283 - __main__ - ERROR -   Batch 1852: NaN or Inf loss detected! Skipping batch.
2026-05-08 04:22:40,344 - __main__ - ERROR -   Batch 1853: NaN or Inf loss detected! Skipping batch.
2026-05-08 04:22:40,404 - __main__ - ERROR -   Batch 1854: NaN or Inf loss detected! Skipping batch.
2026-05-08 04:22:40,465 - __main__ - ERROR -   Batch 1855: NaN or Inf loss detected! Skipping batch.
2026-05-08 04:22:40,525 - __main__ - ERROR -   Batch 1856: NaN or Inf loss detected! Skipping batch.
2026-05-08 04:22:40,586 - __main__ - ERROR -   Batch 1857: NaN or Inf loss detected! Skipping batch.
2026-05-08 04:22:40,646 - __main__ - ERROR -   Batch 1858: NaN or Inf loss detected! Skipping batch.
2026-05-08 04:22:40,707 - __main__ - ERROR -   Batch 1859: NaN or Inf loss detected! Skipping batch.
2026-05-08 04:22:40,767 - __main__ - ERROR -   Batch 1860: NaN or Inf loss detected! Skipping batch.
2026-05-08 04:22:40,828 - __main__ - ERROR -   Batch 1861: NaN or Inf loss detected! Skipping batch.
2026-05-08 04:22:40,888 - __main__ - ERROR -   Batch 1862: NaN or Inf loss detected! Skipping batch.
2026-05-08 04:22:40,948 - __main__ - ERROR -   Batch 1863: NaN or Inf loss detected! Skipping batch.
2026-05-08 04:22:41,009 - __main__ - ERROR -   Batch 1864: NaN or Inf loss detected! Skipping batch.
2026-05-08 04:22:41,069 - __main__ - ERROR -   Batch 1865: NaN or Inf loss detected! Skipping batch.
2026-05-08 04:22:41,129 - __main__ - ERROR -   Batch 1866: NaN or Inf loss detected! Skipping batch.
2026-05-08 04:22:41,190 - __main__ - ERROR -   Batch 1867: NaN or Inf loss detected! Skipping batch.
2026-05-08 04:22:41,250 - __main__ - ERROR -   Batch 1868: NaN or Inf loss detected! Skipping batch.
2026-05-08 04:22:41,310 - __main__ - ERROR -   Batch 1869: NaN or Inf loss detected! Skipping batch.
2026-05-08 04:22:41,371 - __main__ - ERROR -   Batch 1870: NaN or Inf loss detected! Skipping batch.
2026-05-08 04:22:41,430 - __main__ - ERROR -   Batch 1871: NaN or Inf loss detected! Skipping batch.
2026-05-08 04:22:41,491 - __main__ - ERROR -   Batch 1872: NaN or Inf loss detected! Skipping batch.
2026-05-08 04:22:41,551 - __main__ - ERROR -   Batch 1873: NaN or Inf loss detected! Skipping batch.
2026-05-08 04:22:41,611 - __main__ - ERROR -   Batch 1874: NaN or Inf loss detected! Skipping batch.
2026-05-08 04:22:41,672 - __main__ - ERROR -   Batch 1875: NaN or Inf loss detected! Skipping batch.
2026-05-08 04:22:41,732 - __main__ - ERROR -   Batch 1876: NaN or Inf loss detected! Skipping batch.
2026-05-08 04:22:41,792 - __main__ - ERROR -   Batch 1877: NaN or Inf loss detected! Skipping batch.
2026-05-08 04:22:41,847 - __main__ - ERROR -   Batch 1878: NaN or Inf loss detected! Skipping batch.
2026-05-08 04:22:41,907 - __main__ - ERROR -   Batch 1879: NaN or Inf loss detected! Skipping batch.
2026-05-08 04:22:41,967 - __main__ - ERROR -   Batch 1880: NaN or Inf loss detected! Skipping batch.
2026-05-08 04:22:42,028 - __main__ - ERROR -   Batch 1881: NaN or Inf loss detected! Skipping batch.
2026-05-08 04:22:42,088 - __main__ - ERROR -   Batch 1882: NaN or Inf loss detected! Skipping batch.
2026-05-08 04:22:42,148 - __main__ - ERROR -   Batch 1883: NaN or Inf loss detected! Skipping batch.
2026-05-08 04:22:42,208 - __main__ - ERROR -   Batch 1884: NaN or Inf loss detected! Skipping batch.
2026-05-08 04:22:42,268 - __main__ - ERROR -   Batch 1885: NaN or Inf loss detected! Skipping batch.
2026-05-08 04:22:42,329 - __main__ - ERROR -   Batch 1886: NaN or Inf loss detected! Skipping batch.
2026-05-08 04:22:42,389 - __main__ - ERROR -   Batch 1887: NaN or Inf loss detected! Skipping batch.
2026-05-08 04:22:42,450 - __main__ - ERROR -   Batch 1888: NaN or Inf loss detected! Skipping batch.
2026-05-08 04:22:42,510 - __main__ - ERROR -   Batch 1889: NaN or Inf loss detected! Skipping batch.
2026-05-08 04:22:42,570 - __main__ - ERROR -   Batch 1890: NaN or Inf loss detected! Skipping batch.
2026-05-08 04:22:42,630 - __main__ - ERROR -   Batch 1891: NaN or Inf loss detected! Skipping batch.
2026-05-08 04:22:42,691 - __main__ - ERROR -   Batch 1892: NaN or Inf loss detected! Skipping batch.
2026-05-08 04:22:43,046 - __main__ - ERROR -   Batch 1893: NaN or Inf loss detected! Skipping batch.
2026-05-08 04:22:43,107 - __main__ - ERROR -   Batch 1894: NaN or Inf loss detected! Skipping batch.
2026-05-08 04:22:43,168 - __main__ - ERROR -   Batch 1895: NaN or Inf loss detected! Skipping batch.
2026-05-08 04:22:43,229 - __main__ - ERROR -   Batch 1896: NaN or Inf loss detected! Skipping batch.
2026-05-08 04:22:43,289 - __main__ - ERROR -   Batch 1897: NaN or Inf loss detected! Skipping batch.
2026-05-08 04:22:43,350 - __main__ - ERROR -   Batch 1898: NaN or Inf loss detected! Skipping batch.
2026-05-08 04:22:43,410 - __main__ - ERROR -   Batch 1899: NaN or Inf loss detected! Skipping batch.
2026-05-08 04:22:43,460 - __main__ - ERROR -   Batch 1900: NaN or Inf loss detected! Skipping batch.
2026-05-08 04:22:43,520 - __main__ - ERROR -   Batch 1901: NaN or Inf loss detected! Skipping batch.
2026-05-08 04:22:43,581 - __main__ - ERROR -   Batch 1902: NaN or Inf loss detected! Skipping batch.
2026-05-08 04:22:43,635 - __main__ - ERROR -   Batch 1903: NaN or Inf loss detected! Skipping batch.
2026-05-08 04:22:43,695 - __main__ - ERROR -   Batch 1904: NaN or Inf loss detected! Skipping batch.
2026-05-08 04:22:43,755 - __main__ - ERROR -   Batch 1905: NaN or Inf loss detected! Skipping batch.
2026-05-08 04:22:43,816 - __main__ - ERROR -   Batch 1906: NaN or Inf loss detected! Skipping batch.
2026-05-08 04:22:43,876 - __main__ - ERROR -   Batch 1907: NaN or Inf loss detected! Skipping batch.
2026-05-08 04:22:43,936 - __main__ - ERROR -   Batch 1908: NaN or Inf loss detected! Skipping batch.
2026-05-08 04:22:43,997 - __main__ - ERROR -   Batch 1909: NaN or Inf loss detected! Skipping batch.
2026-05-08 04:22:44,051 - __main__ - ERROR -   Batch 1910: NaN or Inf loss detected! Skipping batch.
2026-05-08 04:22:44,112 - __main__ - ERROR -   Batch 1911: NaN or Inf loss detected! Skipping batch.
2026-05-08 04:22:44,172 - __main__ - ERROR -   Batch 1912: NaN or Inf loss detected! Skipping batch.
2026-05-08 04:22:44,232 - __main__ - ERROR -   Batch 1913: NaN or Inf loss detected! Skipping batch.
2026-05-08 04:22:44,293 - __main__ - ERROR -   Batch 1914: NaN or Inf loss detected! Skipping batch.
2026-05-08 04:22:44,348 - __main__ - ERROR -   Batch 1915: NaN or Inf loss detected! Skipping batch.
2026-05-08 04:22:44,408 - __main__ - ERROR -   Batch 1916: NaN or Inf loss detected! Skipping batch.
2026-05-08 04:22:44,469 - __main__ - ERROR -   Batch 1917: NaN or Inf loss detected! Skipping batch.
2026-05-08 04:22:44,529 - __main__ - ERROR -   Batch 1918: NaN or Inf loss detected! Skipping batch.
2026-05-08 04:22:44,589 - __main__ - ERROR -   Batch 1919: NaN or Inf loss detected! Skipping batch.
2026-05-08 04:22:44,649 - __main__ - ERROR -   Batch 1920: NaN or Inf loss detected! Skipping batch.
2026-05-08 04:22:44,709 - __main__ - ERROR -   Batch 1921: NaN or Inf loss detected! Skipping batch.
2026-05-08 04:22:44,770 - __main__ - ERROR -   Batch 1922: NaN or Inf loss detected! Skipping batch.
2026-05-08 04:22:44,830 - __main__ - ERROR -   Batch 1923: NaN or Inf loss detected! Skipping batch.
2026-05-08 04:22:44,891 - __main__ - ERROR -   Batch 1924: NaN or Inf loss detected! Skipping batch.
2026-05-08 04:22:44,952 - __main__ - ERROR -   Batch 1925: NaN or Inf loss detected! Skipping batch.
2026-05-08 04:22:45,013 - __main__ - ERROR -   Batch 1926: NaN or Inf loss detected! Skipping batch.
2026-05-08 04:22:45,073 - __main__ - ERROR -   Batch 1927: NaN or Inf loss detected! Skipping batch.
2026-05-08 04:22:45,134 - __main__ - ERROR -   Batch 1928: NaN or Inf loss detected! Skipping batch.
2026-05-08 04:22:45,194 - __main__ - ERROR -   Batch 1929: NaN or Inf loss detected! Skipping batch.
2026-05-08 04:22:45,255 - __main__ - ERROR -   Batch 1930: NaN or Inf loss detected! Skipping batch.
2026-05-08 04:22:45,315 - __main__ - ERROR -   Batch 1931: NaN or Inf loss detected! Skipping batch.
2026-05-08 04:22:45,375 - __main__ - ERROR -   Batch 1932: NaN or Inf loss detected! Skipping batch.
2026-05-08 04:22:45,436 - __main__ - ERROR -   Batch 1933: NaN or Inf loss detected! Skipping batch.
2026-05-08 04:22:45,497 - __main__ - ERROR -   Batch 1934: NaN or Inf loss detected! Skipping batch.
2026-05-08 04:22:45,557 - __main__ - ERROR -   Batch 1935: NaN or Inf loss detected! Skipping batch.
2026-05-08 04:22:45,617 - __main__ - ERROR -   Batch 1936: NaN or Inf loss detected! Skipping batch.
2026-05-08 04:22:45,678 - __main__ - ERROR -   Batch 1937: NaN or Inf loss detected! Skipping batch.
2026-05-08 04:22:45,739 - __main__ - ERROR -   Batch 1938: NaN or Inf loss detected! Skipping batch.
2026-05-08 04:22:45,798 - __main__ - ERROR -   Batch 1939: NaN or Inf loss detected! Skipping batch.
2026-05-08 04:22:45,853 - __main__ - ERROR -   Batch 1940: NaN or Inf loss detected! Skipping batch.
2026-05-08 04:22:45,914 - __main__ - ERROR -   Batch 1941: NaN or Inf loss detected! Skipping batch.
2026-05-08 04:22:45,975 - __main__ - ERROR -   Batch 1942: NaN or Inf loss detected! Skipping batch.
2026-05-08 04:22:46,035 - __main__ - ERROR -   Batch 1943: NaN or Inf loss detected! Skipping batch.
2026-05-08 04:22:46,095 - __main__ - ERROR -   Batch 1944: NaN or Inf loss detected! Skipping batch.
2026-05-08 04:22:46,156 - __main__ - ERROR -   Batch 1945: NaN or Inf loss detected! Skipping batch.
2026-05-08 04:22:46,216 - __main__ - ERROR -   Batch 1946: NaN or Inf loss detected! Skipping batch.
2026-05-08 04:22:46,277 - __main__ - ERROR -   Batch 1947: NaN or Inf loss detected! Skipping batch.
2026-05-08 04:22:46,337 - __main__ - ERROR -   Batch 1948: NaN or Inf loss detected! Skipping batch.
2026-05-08 04:22:46,398 - __main__ - ERROR -   Batch 1949: NaN or Inf loss detected! Skipping batch.
2026-05-08 04:22:46,458 - __main__ - ERROR -   Batch 1950: NaN or Inf loss detected! Skipping batch.
2026-05-08 04:22:46,519 - __main__ - ERROR -   Batch 1951: NaN or Inf loss detected! Skipping batch.
2026-05-08 04:22:46,579 - __main__ - ERROR -   Batch 1952: NaN or Inf loss detected! Skipping batch.
2026-05-08 04:22:46,640 - __main__ - ERROR -   Batch 1953: NaN or Inf loss detected! Skipping batch.
2026-05-08 04:22:46,700 - __main__ - ERROR -   Batch 1954: NaN or Inf loss detected! Skipping batch.
2026-05-08 04:22:46,760 - __main__ - ERROR -   Batch 1955: NaN or Inf loss detected! Skipping batch.
2026-05-08 04:22:46,821 - __main__ - ERROR -   Batch 1956: NaN or Inf loss detected! Skipping batch.
2026-05-08 04:22:46,881 - __main__ - ERROR -   Batch 1957: NaN or Inf loss detected! Skipping batch.
2026-05-08 04:22:46,942 - __main__ - ERROR -   Batch 1958: NaN or Inf loss detected! Skipping batch.
2026-05-08 04:22:47,002 - __main__ - ERROR -   Batch 1959: NaN or Inf loss detected! Skipping batch.
2026-05-08 04:22:47,062 - __main__ - ERROR -   Batch 1960: NaN or Inf loss detected! Skipping batch.
2026-05-08 04:22:47,118 - __main__ - ERROR -   Batch 1961: NaN or Inf loss detected! Skipping batch.
2026-05-08 04:22:47,173 - __main__ - ERROR -   Batch 1962: NaN or Inf loss detected! Skipping batch.
2026-05-08 04:22:47,233 - __main__ - ERROR -   Batch 1963: NaN or Inf loss detected! Skipping batch.
2026-05-08 04:22:47,293 - __main__ - ERROR -   Batch 1964: NaN or Inf loss detected! Skipping batch.
2026-05-08 04:22:47,354 - __main__ - ERROR -   Batch 1965: NaN or Inf loss detected! Skipping batch.
2026-05-08 04:22:47,415 - __main__ - ERROR -   Batch 1966: NaN or Inf loss detected! Skipping batch.
2026-05-08 04:22:47,474 - __main__ - ERROR -   Batch 1967: NaN or Inf loss detected! Skipping batch.
2026-05-08 04:22:47,534 - __main__ - ERROR -   Batch 1968: NaN or Inf loss detected! Skipping batch.
2026-05-08 04:22:47,595 - __main__ - ERROR -   Batch 1969: NaN or Inf loss detected! Skipping batch.
2026-05-08 04:22:47,656 - __main__ - ERROR -   Batch 1970: NaN or Inf loss detected! Skipping batch.
2026-05-08 04:22:47,716 - __main__ - ERROR -   Batch 1971: NaN or Inf loss detected! Skipping batch.
2026-05-08 04:22:47,776 - __main__ - ERROR -   Batch 1972: NaN or Inf loss detected! Skipping batch.
2026-05-08 04:22:47,836 - __main__ - ERROR -   Batch 1973: NaN or Inf loss detected! Skipping batch.
2026-05-08 04:22:47,897 - __main__ - ERROR -   Batch 1974: NaN or Inf loss detected! Skipping batch.
2026-05-08 04:22:47,958 - __main__ - ERROR -   Batch 1975: NaN or Inf loss detected! Skipping batch.
2026-05-08 04:22:48,019 - __main__ - ERROR -   Batch 1976: NaN or Inf loss detected! Skipping batch.
2026-05-08 04:22:48,074 - __main__ - ERROR -   Batch 1977: NaN or Inf loss detected! Skipping batch.
2026-05-08 04:22:48,134 - __main__ - ERROR -   Batch 1978: NaN or Inf loss detected! Skipping batch.
2026-05-08 04:22:48,194 - __main__ - ERROR -   Batch 1979: NaN or Inf loss detected! Skipping batch.
2026-05-08 04:22:48,253 - __main__ - ERROR -   Batch 1980: NaN or Inf loss detected! Skipping batch.
2026-05-08 04:22:48,314 - __main__ - ERROR -   Batch 1981: NaN or Inf loss detected! Skipping batch.
2026-05-08 04:22:48,376 - __main__ - ERROR -   Batch 1982: NaN or Inf loss detected! Skipping batch.
2026-05-08 04:22:48,430 - __main__ - ERROR -   Batch 1983: NaN or Inf loss detected! Skipping batch.
2026-05-08 04:22:48,490 - __main__ - ERROR -   Batch 1984: NaN or Inf loss detected! Skipping batch.
2026-05-08 04:22:48,551 - __main__ - ERROR -   Batch 1985: NaN or Inf loss detected! Skipping batch.
2026-05-08 04:22:48,612 - __main__ - ERROR -   Batch 1986: NaN or Inf loss detected! Skipping batch.
2026-05-08 04:22:48,662 - __main__ - ERROR -   Batch 1987: NaN or Inf loss detected! Skipping batch.
2026-05-08 04:22:48,722 - __main__ - ERROR -   Batch 1988: NaN or Inf loss detected! Skipping batch.
2026-05-08 04:22:48,783 - __main__ - ERROR -   Batch 1989: NaN or Inf loss detected! Skipping batch.
2026-05-08 04:22:48,844 - __main__ - ERROR -   Batch 1990: NaN or Inf loss detected! Skipping batch.
2026-05-08 04:22:48,904 - __main__ - ERROR -   Batch 1991: NaN or Inf loss detected! Skipping batch.
2026-05-08 04:22:48,964 - __main__ - ERROR -   Batch 1992: NaN or Inf loss detected! Skipping batch.
2026-05-08 04:22:49,024 - __main__ - ERROR -   Batch 1993: NaN or Inf loss detected! Skipping batch.
2026-05-08 04:22:49,085 - __main__ - ERROR -   Batch 1994: NaN or Inf loss detected! Skipping batch.
2026-05-08 04:22:49,146 - __main__ - ERROR -   Batch 1995: NaN or Inf loss detected! Skipping batch.
2026-05-08 04:22:49,206 - __main__ - ERROR -   Batch 1996: NaN or Inf loss detected! Skipping batch.
2026-05-08 04:22:49,267 - __main__ - ERROR -   Batch 1997: NaN or Inf loss detected! Skipping batch.
2026-05-08 04:22:49,327 - __main__ - ERROR -   Batch 1998: NaN or Inf loss detected! Skipping batch.
2026-05-08 04:22:49,388 - __main__ - ERROR -   Batch 1999: NaN or Inf loss detected! Skipping batch.
2026-05-08 04:22:49,448 - __main__ - ERROR -   Batch 2000: NaN or Inf loss detected! Skipping batch.
2026-05-08 04:22:49,509 - __main__ - ERROR -   Batch 2001: NaN or Inf loss detected! Skipping batch.
2026-05-08 04:22:49,569 - __main__ - ERROR -   Batch 2002: NaN or Inf loss detected! Skipping batch.
2026-05-08 04:22:49,624 - __main__ - ERROR -   Batch 2003: NaN or Inf loss detected! Skipping batch.
2026-05-08 04:22:49,684 - __main__ - ERROR -   Batch 2004: NaN or Inf loss detected! Skipping batch.
2026-05-08 04:22:49,744 - __main__ - ERROR -   Batch 2005: NaN or Inf loss detected! Skipping batch.
2026-05-08 04:22:50,104 - __main__ - ERROR -   Batch 2006: NaN or Inf loss detected! Skipping batch.
2026-05-08 04:22:50,164 - __main__ - ERROR -   Batch 2007: NaN or Inf loss detected! Skipping batch.
2026-05-08 04:22:50,219 - __main__ - ERROR -   Batch 2008: NaN or Inf loss detected! Skipping batch.
2026-05-08 04:22:50,279 - __main__ - ERROR -   Batch 2009: NaN or Inf loss detected! Skipping batch.
2026-05-08 04:22:50,340 - __main__ - ERROR -   Batch 2010: NaN or Inf loss detected! Skipping batch.
2026-05-08 04:22:50,400 - __main__ - ERROR -   Batch 2011: NaN or Inf loss detected! Skipping batch.
2026-05-08 04:22:50,460 - __main__ - ERROR -   Batch 2012: NaN or Inf loss detected! Skipping batch.
2026-05-08 04:22:50,521 - __main__ - ERROR -   Batch 2013: NaN or Inf loss detected! Skipping batch.
2026-05-08 04:22:50,582 - __main__ - ERROR -   Batch 2014: NaN or Inf loss detected! Skipping batch.
2026-05-08 04:22:50,642 - __main__ - ERROR -   Batch 2015: NaN or Inf loss detected! Skipping batch.
2026-05-08 04:22:50,702 - __main__ - ERROR -   Batch 2016: NaN or Inf loss detected! Skipping batch.
2026-05-08 04:22:50,763 - __main__ - ERROR -   Batch 2017: NaN or Inf loss detected! Skipping batch.
2026-05-08 04:22:50,817 - __main__ - ERROR -   Batch 2018: NaN or Inf loss detected! Skipping batch.
2026-05-08 04:22:50,878 - __main__ - ERROR -   Batch 2019: NaN or Inf loss detected! Skipping batch.
2026-05-08 04:22:50,939 - __main__ - ERROR -   Batch 2020: NaN or Inf loss detected! Skipping batch.
2026-05-08 04:22:50,999 - __main__ - ERROR -   Batch 2021: NaN or Inf loss detected! Skipping batch.
2026-05-08 04:22:51,060 - __main__ - ERROR -   Batch 2022: NaN or Inf loss detected! Skipping batch.
2026-05-08 04:22:51,120 - __main__ - ERROR -   Batch 2023: NaN or Inf loss detected! Skipping batch.
2026-05-08 04:22:51,181 - __main__ - ERROR -   Batch 2024: NaN or Inf loss detected! Skipping batch.
2026-05-08 04:22:51,242 - __main__ - ERROR -   Batch 2025: NaN or Inf loss detected! Skipping batch.
2026-05-08 04:22:51,303 - __main__ - ERROR -   Batch 2026: NaN or Inf loss detected! Skipping batch.
2026-05-08 04:22:51,363 - __main__ - ERROR -   Batch 2027: NaN or Inf loss detected! Skipping batch.
2026-05-08 04:22:51,423 - __main__ - ERROR -   Batch 2028: NaN or Inf loss detected! Skipping batch.
2026-05-08 04:22:51,484 - __main__ - ERROR -   Batch 2029: NaN or Inf loss detected! Skipping batch.
2026-05-08 04:22:51,545 - __main__ - ERROR -   Batch 2030: NaN or Inf loss detected! Skipping batch.
2026-05-08 04:22:51,605 - __main__ - ERROR -   Batch 2031: NaN or Inf loss detected! Skipping batch.
2026-05-08 04:22:51,660 - __main__ - ERROR -   Batch 2032: NaN or Inf loss detected! Skipping batch.
2026-05-08 04:22:51,721 - __main__ - ERROR -   Batch 2033: NaN or Inf loss detected! Skipping batch.
2026-05-08 04:22:51,781 - __main__ - ERROR -   Batch 2034: NaN or Inf loss detected! Skipping batch.
2026-05-08 04:22:51,841 - __main__ - ERROR -   Batch 2035: NaN or Inf loss detected! Skipping batch.
2026-05-08 04:22:51,901 - __main__ - ERROR -   Batch 2036: NaN or Inf loss detected! Skipping batch.
2026-05-08 04:22:51,962 - __main__ - ERROR -   Batch 2037: NaN or Inf loss detected! Skipping batch.
2026-05-08 04:22:52,023 - __main__ - ERROR -   Batch 2038: NaN or Inf loss detected! Skipping batch.
2026-05-08 04:22:52,084 - __main__ - ERROR -   Batch 2039: NaN or Inf loss detected! Skipping batch.
2026-05-08 04:22:52,144 - __main__ - ERROR -   Batch 2040: NaN or Inf loss detected! Skipping batch.
2026-05-08 04:22:52,205 - __main__ - ERROR -   Batch 2041: NaN or Inf loss detected! Skipping batch.
2026-05-08 04:22:52,266 - __main__ - ERROR -   Batch 2042: NaN or Inf loss detected! Skipping batch.
2026-05-08 04:22:52,321 - __main__ - ERROR -   Batch 2043: NaN or Inf loss detected! Skipping batch.
2026-05-08 04:22:52,381 - __main__ - ERROR -   Batch 2044: NaN or Inf loss detected! Skipping batch.
2026-05-08 04:22:52,442 - __main__ - ERROR -   Batch 2045: NaN or Inf loss detected! Skipping batch.
2026-05-08 04:22:52,503 - __main__ - ERROR -   Batch 2046: NaN or Inf loss detected! Skipping batch.
2026-05-08 04:22:52,564 - __main__ - ERROR -   Batch 2047: NaN or Inf loss detected! Skipping batch.
2026-05-08 04:22:52,624 - __main__ - ERROR -   Batch 2048: NaN or Inf loss detected! Skipping batch.
2026-05-08 04:22:52,685 - __main__ - ERROR -   Batch 2049: NaN or Inf loss detected! Skipping batch.
2026-05-08 04:22:52,746 - __main__ - ERROR -   Batch 2050: NaN or Inf loss detected! Skipping batch.
2026-05-08 04:22:52,806 - __main__ - ERROR -   Batch 2051: NaN or Inf loss detected! Skipping batch.
2026-05-08 04:22:52,861 - __main__ - ERROR -   Batch 2052: NaN or Inf loss detected! Skipping batch.
2026-05-08 04:22:52,921 - __main__ - ERROR -   Batch 2053: NaN or Inf loss detected! Skipping batch.
2026-05-08 04:22:52,972 - __main__ - ERROR -   Batch 2054: NaN or Inf loss detected! Skipping batch.
2026-05-08 04:22:53,032 - __main__ - ERROR -   Batch 2055: NaN or Inf loss detected! Skipping batch.
2026-05-08 04:22:53,092 - __main__ - ERROR -   Batch 2056: NaN or Inf loss detected! Skipping batch.
2026-05-08 04:22:53,153 - __main__ - ERROR -   Batch 2057: NaN or Inf loss detected! Skipping batch.
2026-05-08 04:22:53,213 - __main__ - ERROR -   Batch 2058: NaN or Inf loss detected! Skipping batch.
2026-05-08 04:22:53,273 - __main__ - ERROR -   Batch 2059: NaN or Inf loss detected! Skipping batch.
2026-05-08 04:22:53,333 - __main__ - ERROR -   Batch 2060: NaN or Inf loss detected! Skipping batch.
2026-05-08 04:22:53,394 - __main__ - ERROR -   Batch 2061: NaN or Inf loss detected! Skipping batch.
2026-05-08 04:22:53,448 - __main__ - ERROR -   Batch 2062: NaN or Inf loss detected! Skipping batch.
2026-05-08 04:22:53,508 - __main__ - ERROR -   Batch 2063: NaN or Inf loss detected! Skipping batch.
2026-05-08 04:22:53,568 - __main__ - ERROR -   Batch 2064: NaN or Inf loss detected! Skipping batch.
2026-05-08 04:22:53,629 - __main__ - ERROR -   Batch 2065: NaN or Inf loss detected! Skipping batch.
2026-05-08 04:22:53,690 - __main__ - ERROR -   Batch 2066: NaN or Inf loss detected! Skipping batch.
2026-05-08 04:22:53,744 - __main__ - ERROR -   Batch 2067: NaN or Inf loss detected! Skipping batch.
2026-05-08 04:22:53,799 - __main__ - ERROR -   Batch 2068: NaN or Inf loss detected! Skipping batch.
2026-05-08 04:22:53,859 - __main__ - ERROR -   Batch 2069: NaN or Inf loss detected! Skipping batch.
2026-05-08 04:22:53,920 - __main__ - ERROR -   Batch 2070: NaN or Inf loss detected! Skipping batch.
2026-05-08 04:22:53,975 - __main__ - ERROR -   Batch 2071: NaN or Inf loss detected! Skipping batch.
2026-05-08 04:22:54,035 - __main__ - ERROR -   Batch 2072: NaN or Inf loss detected! Skipping batch.
2026-05-08 04:22:54,096 - __main__ - ERROR -   Batch 2073: NaN or Inf loss detected! Skipping batch.
2026-05-08 04:22:54,156 - __main__ - ERROR -   Batch 2074: NaN or Inf loss detected! Skipping batch.
2026-05-08 04:22:54,216 - __main__ - ERROR -   Batch 2075: NaN or Inf loss detected! Skipping batch.
2026-05-08 04:22:54,276 - __main__ - ERROR -   Batch 2076: NaN or Inf loss detected! Skipping batch.
2026-05-08 04:22:54,337 - __main__ - ERROR -   Batch 2077: NaN or Inf loss detected! Skipping batch.
2026-05-08 04:22:54,397 - __main__ - ERROR -   Batch 2078: NaN or Inf loss detected! Skipping batch.
2026-05-08 04:22:54,458 - __main__ - ERROR -   Batch 2079: NaN or Inf loss detected! Skipping batch.
2026-05-08 04:22:54,518 - __main__ - ERROR -   Batch 2080: NaN or Inf loss detected! Skipping batch.
2026-05-08 04:22:54,579 - __main__ - ERROR -   Batch 2081: NaN or Inf loss detected! Skipping batch.
2026-05-08 04:22:54,641 - __main__ - ERROR -   Batch 2082: NaN or Inf loss detected! Skipping batch.
2026-05-08 04:22:54,701 - __main__ - ERROR -   Batch 2083: NaN or Inf loss detected! Skipping batch.
2026-05-08 04:22:54,761 - __main__ - ERROR -   Batch 2084: NaN or Inf loss detected! Skipping batch.
2026-05-08 04:22:54,822 - __main__ - ERROR -   Batch 2085: NaN or Inf loss detected! Skipping batch.
2026-05-08 04:22:54,883 - __main__ - ERROR -   Batch 2086: NaN or Inf loss detected! Skipping batch.
2026-05-08 04:22:54,945 - __main__ - ERROR -   Batch 2087: NaN or Inf loss detected! Skipping batch.
2026-05-08 04:22:55,005 - __main__ - ERROR -   Batch 2088: NaN or Inf loss detected! Skipping batch.
2026-05-08 04:22:55,065 - __main__ - ERROR -   Batch 2089: NaN or Inf loss detected! Skipping batch.
2026-05-08 04:22:55,124 - __main__ - ERROR -   Batch 2090: NaN or Inf loss detected! Skipping batch.
2026-05-08 04:22:55,185 - __main__ - ERROR -   Batch 2091: NaN or Inf loss detected! Skipping batch.
2026-05-08 04:22:55,244 - __main__ - ERROR -   Batch 2092: NaN or Inf loss detected! Skipping batch.
2026-05-08 04:22:55,304 - __main__ - ERROR -   Batch 2093: NaN or Inf loss detected! Skipping batch.
2026-05-08 04:22:55,364 - __main__ - ERROR -   Batch 2094: NaN or Inf loss detected! Skipping batch.
2026-05-08 04:22:55,390 - __main__ - ERROR -   Batch 2095: NaN or Inf loss detected! Skipping batch.
2026-05-08 04:22:55,516 - __main__ - INFO - Epoch 3 complete in 130.86s | avg_loss=0.0000 | batches: 0 succeeded, 2095 skipped (OOM/NaN)
2026-05-08 04:22:55,516 - __main__ - WARNING -   WARNING: 100.0% of batches were skipped this epoch!
2026-05-08 04:22:55,518 - __main__ - INFO -   Loss trend: 0.0000 → 0.0000 (+0.0000) ↑ diverging
2026-05-08 04:22:55,518 - __main__ - INFO - Train Loss: 0.0000
2026-05-08 04:22:55,518 - __main__ - INFO - Evaluating on dev set...
2026-05-08 04:22:55,519 - __main__ - INFO - Starting evaluation on 462 samples
Evaluating:   0%|          | 0/58 [00:00<?, ?it/s]Evaluating:   2%|▏         | 1/58 [00:00<00:18,  3.01it/s]Evaluating:   5%|▌         | 3/58 [00:00<00:06,  8.03it/s]Evaluating:   9%|▊         | 5/58 [00:00<00:04, 11.29it/s]Evaluating:  12%|█▏        | 7/58 [00:00<00:03, 13.69it/s]Evaluating:  16%|█▌        | 9/58 [00:00<00:03, 15.44it/s]2026-05-08 04:22:56,328 - __main__ - INFO -   Evaluation progress: 10/58 batches (12.37 batches/s)
Evaluating:  19%|█▉        | 11/58 [00:00<00:02, 16.33it/s]Evaluating:  22%|██▏       | 13/58 [00:00<00:02, 16.72it/s]Evaluating:  26%|██▌       | 15/58 [00:01<00:02, 17.22it/s]Evaluating:  29%|██▉       | 17/58 [00:01<00:02, 17.79it/s]Evaluating:  33%|███▎      | 19/58 [00:01<00:02, 18.24it/s]2026-05-08 04:22:56,868 - __main__ - INFO -   Evaluation progress: 20/58 batches (14.83 batches/s)
Evaluating:  36%|███▌      | 21/58 [00:01<00:02, 18.49it/s]Evaluating:  40%|███▉      | 23/58 [00:01<00:01, 18.66it/s]Evaluating:  43%|████▎     | 25/58 [00:01<00:01, 18.30it/s]Evaluating:  47%|████▋     | 27/58 [00:01<00:01, 18.07it/s]Evaluating:  50%|█████     | 29/58 [00:01<00:01, 17.91it/s]2026-05-08 04:22:57,420 - __main__ - INFO -   Evaluation progress: 30/58 batches (15.79 batches/s)
Evaluating:  53%|█████▎    | 31/58 [00:01<00:01, 17.79it/s]Evaluating:  57%|█████▋    | 33/58 [00:02<00:01, 17.72it/s]Evaluating:  60%|██████    | 35/58 [00:02<00:01, 17.68it/s]Evaluating:  64%|██████▍   | 37/58 [00:02<00:01, 17.64it/s]Evaluating:  67%|██████▋   | 39/58 [00:02<00:01, 17.62it/s]2026-05-08 04:22:57,989 - __main__ - INFO -   Evaluation progress: 40/58 batches (16.20 batches/s)
Evaluating:  71%|███████   | 41/58 [00:02<00:00, 17.59it/s]Evaluating:  74%|███████▍  | 43/58 [00:02<00:00, 17.57it/s]Evaluating:  78%|███████▊  | 45/58 [00:02<00:00, 17.57it/s]Evaluating:  81%|████████  | 47/58 [00:02<00:00, 17.57it/s]Evaluating:  84%|████████▍ | 49/58 [00:02<00:00, 17.57it/s]2026-05-08 04:22:58,559 - __main__ - INFO -   Evaluation progress: 50/58 batches (16.45 batches/s)
Evaluating:  88%|████████▊ | 51/58 [00:03<00:00, 17.56it/s]Evaluating:  91%|█████████▏| 53/58 [00:03<00:00, 17.57it/s]Evaluating:  95%|█████████▍| 55/58 [00:03<00:00, 17.58it/s]Evaluating:  98%|█████████▊| 57/58 [00:03<00:00, 17.59it/s]                                                           2026-05-08 04:22:59,101 - __main__ - INFO -   Prediction sample (first 20):
2026-05-08 04:22:59,101 - __main__ - INFO -     Predicted: [0, 0, 0, 0, 0, 0, 0, 0, 0, 0, 0, 0, 0, 0, 0, 0, 0, 0, 0, 0]
2026-05-08 04:22:59,101 - __main__ - INFO -     Gold:      [3, 4, 4, 13, 12, 12, 11, 10, 10, 9, 8, 10, 11, 11, 12, 11, 10, 9, 10, 10]
2026-05-08 04:22:59,101 - __main__ - INFO -     Abs error: [3, 4, 4, 13, 12, 12, 11, 10, 10, 9, 8, 10, 11, 11, 12, 11, 10, 9, 10, 10] (mean=9.50)
2026-05-08 04:22:59,101 - __main__ - INFO -   Per-position accuracy (top 10 classes):
2026-05-08 04:22:59,101 - __main__ - INFO -     Position  3: 0.000 accuracy (1 samples)
2026-05-08 04:22:59,102 - __main__ - INFO -     Position  4: 0.000 accuracy (2 samples)
2026-05-08 04:22:59,102 - __main__ - INFO -     Position  7: 0.000 accuracy (1 samples)
2026-05-08 04:22:59,102 - __main__ - INFO -     Position  8: 0.000 accuracy (3 samples)
2026-05-08 04:22:59,102 - __main__ - INFO -     Position  9: 0.000 accuracy (17 samples)
2026-05-08 04:22:59,102 - __main__ - INFO - Evaluation complete in 3.58s
2026-05-08 04:22:59,102 - __main__ - INFO -   Loss: nan, Accuracy: 0.0000, Precision: 0.0000, Recall: 0.0000, F1: 0.0000
2026-05-08 04:22:59,102 - __main__ - INFO - Dev Loss: nan
2026-05-08 04:22:59,102 - __main__ - INFO - Dev Accuracy: 0.0000
2026-05-08 04:22:59,102 - __main__ - INFO -   No improvement for 3 epochs
2026-05-08 04:22:59,102 - __main__ - INFO -   Early stopping triggered after 3 epochs!
2026-05-08 04:23:00,426 - __main__ - INFO - Saved checkpoint to /scratch/user/s4901673/ircbert_runs/checkpoints/checkpoint_epoch_3.pt
2026-05-08 04:23:00,426 - __main__ - INFO - Training complete in 408.51s!
2026-05-08 04:23:00,426 - __main__ - INFO - Best F1: 0.0000 at epoch 0
2026-05-08 04:23:00,426 - __main__ - INFO - ================================================================================
2026-05-08 04:23:00,426 - __main__ - INFO - Done!
2026-05-08 04:23:00,426 - __main__ - INFO - ================================================================================
2026-05-08 04:23:00,426 - __main__ - INFO - Log file: /scratch/user/s4901673/ircbert_runs/logs/train_20260508_041514.log
