WARNING: huggingface-hub 1.13.0 does not provide the extra 'cli'
2026-05-08 04:00:17,612 - __main__ - INFO - ================================================================================
2026-05-08 04:00:17,615 - __main__ - INFO - IRC Conversation Disentanglement Training
2026-05-08 04:00:17,615 - __main__ - INFO - ================================================================================
2026-05-08 04:00:17,615 - __main__ - INFO - --- System Diagnostics ---
2026-05-08 04:00:17,615 - __main__ - INFO - OS: Linux 5.14.0-611.24.1.el9_7.x86_64
2026-05-08 04:00:17,615 - __main__ - INFO - Python: 3.10.20
2026-05-08 04:00:17,615 - __main__ - INFO - RAM: 2003.13 GB total, 1962.24 GB available
2026-05-08 04:00:17,632 - __main__ - INFO - GPU 0: NVIDIA L40
2026-05-08 04:00:17,632 - __main__ - INFO -   Total Memory: 45460 MB
2026-05-08 04:00:17,632 - __main__ - INFO -   Compute Capability: 8.9
2026-05-08 04:00:17,632 - __main__ - INFO - --------------------------
2026-05-08 04:00:17,632 - __main__ - INFO - Mode: train
2026-05-08 04:00:17,632 - __main__ - INFO - Device: cuda
2026-05-08 04:00:17,632 - __main__ - INFO - Model: microsoft/deberta-v3-base
2026-05-08 04:00:17,632 - __main__ - INFO - Batch size: 8
2026-05-08 04:00:17,632 - __main__ - INFO - Learning rate: 5e-05
2026-05-08 04:00:17,632 - __main__ - INFO - Epochs: 3
2026-05-08 04:00:17,633 - __main__ - INFO - Max dist: 15
2026-05-08 04:00:17,633 - __main__ - INFO - Max length: 128
2026-05-08 04:00:17,633 - __main__ - INFO - Output dir: /scratch/user/s4901673/ircbert_runs/checkpoints
2026-05-08 04:00:17,633 - __main__ - INFO - Using device: cuda
2026-05-08 04:00:17,633 - __main__ - INFO - Loading tokenizer: microsoft/deberta-v3-base
2026-05-08 04:00:17,890 - httpx - INFO - HTTP Request: HEAD https://huggingface.co/microsoft/deberta-v3-base/resolve/main/config.json "HTTP/1.1 307 Temporary Redirect"
2026-05-08 04:00:17,896 - httpx - INFO - HTTP Request: HEAD https://huggingface.co/api/resolve-cache/models/microsoft/deberta-v3-base/8ccc9b6f36199bec6961081d44eb72fb3f7353f3/config.json "HTTP/1.1 200 OK"
2026-05-08 04:00:18,136 - httpx - INFO - HTTP Request: HEAD https://huggingface.co/microsoft/deberta-v3-base/resolve/main/tokenizer_config.json "HTTP/1.1 307 Temporary Redirect"
2026-05-08 04:00:18,142 - httpx - INFO - HTTP Request: HEAD https://huggingface.co/api/resolve-cache/models/microsoft/deberta-v3-base/8ccc9b6f36199bec6961081d44eb72fb3f7353f3/tokenizer_config.json "HTTP/1.1 200 OK"
2026-05-08 04:00:18,369 - httpx - INFO - HTTP Request: GET https://huggingface.co/api/models/microsoft/deberta-v3-base/tree/main/additional_chat_templates?recursive=false&expand=false "HTTP/1.1 404 Not Found"
2026-05-08 04:00:18,600 - httpx - INFO - HTTP Request: GET https://huggingface.co/api/models/microsoft/deberta-v3-base/tree/main?recursive=true&expand=false "HTTP/1.1 200 OK"
2026-05-08 04:00:19,089 - httpx - INFO - HTTP Request: GET https://huggingface.co/api/models/microsoft/deberta-v3-base "HTTP/1.1 200 OK"
2026-05-08 04:00:19,091 - __main__ - INFO - Tokenizer loaded: DebertaV2Tokenizer
2026-05-08 04:00:19,091 - __main__ - INFO - Creating dataloaders...
2026-05-08 04:00:19,207 - __main__ - INFO - Loading 153 train files...
2026-05-08 04:00:19,207 - data_loader - INFO - Initializing IRCDisentanglementDataset with 153 files
2026-05-08 04:00:19,207 - data_loader - INFO -   max_dist=15, max_length=128, skip_labels=False
2026-05-08 04:00:19,207 - data_loader - INFO -   test_start=0, test_end=1000000000
2026-05-08 04:00:19,208 - data_loader - INFO - Loading conversation from data/train/2004-12-25.train-c.ascii.txt
2026-05-08 04:00:19,210 - data_loader - INFO -   Read 1500 lines from ASCII file
2026-05-08 04:00:19,214 - data_loader - INFO -   Parsed 1500 messages, found 94 unique users
2026-05-08 04:00:19,388 - data_loader - INFO -   Loaded 382 gold links from annotation file
2026-05-08 04:00:19,388 - data_loader - INFO -   Conversation '2004-12-25.train-c' loaded in 0.18s
2026-05-08 04:00:19,392 - data_loader - INFO -   Creating samples for 2004-12-25.train-c: all 1500 messages
2026-05-08 04:00:19,407 - data_loader - INFO -   Created 174 samples for 2004-12-25.train-c
2026-05-08 04:00:19,407 - data_loader - INFO -   File 1/153: 2004-12-25.train-c - 1500 messages, 174 total samples so far
2026-05-08 04:00:19,407 - data_loader - INFO - Loading conversation from data/train/2005-02-06.train-c.ascii.txt
2026-05-08 04:00:19,410 - data_loader - INFO -   Read 1500 lines from ASCII file
2026-05-08 04:00:19,414 - data_loader - INFO -   Parsed 1500 messages, found 70 unique users
2026-05-08 04:00:19,556 - data_loader - INFO -   Loaded 346 gold links from annotation file
2026-05-08 04:00:19,556 - data_loader - INFO -   Conversation '2005-02-06.train-c' loaded in 0.15s
2026-05-08 04:00:19,557 - data_loader - INFO -   Creating samples for 2005-02-06.train-c: all 1500 messages
2026-05-08 04:00:19,566 - data_loader - INFO -   Created 98 samples for 2005-02-06.train-c
2026-05-08 04:00:19,566 - data_loader - INFO -   File 2/153: 2005-02-06.train-c - 1500 messages, 272 total samples so far
2026-05-08 04:00:19,566 - data_loader - INFO - Loading conversation from data/train/2005-02-08.train-a.ascii.txt
2026-05-08 04:00:19,568 - data_loader - INFO -   Read 1246 lines from ASCII file
2026-05-08 04:00:19,571 - data_loader - INFO -   Parsed 1246 messages, found 71 unique users
2026-05-08 04:00:19,671 - data_loader - INFO -   Loaded 214 gold links from annotation file
2026-05-08 04:00:19,671 - data_loader - INFO -   Conversation '2005-02-08.train-a' loaded in 0.11s
2026-05-08 04:00:19,671 - data_loader - INFO -   Creating samples for 2005-02-08.train-a: all 1246 messages
2026-05-08 04:00:19,677 - data_loader - INFO -   Created 84 samples for 2005-02-08.train-a
2026-05-08 04:00:19,677 - data_loader - INFO -   File 3/153: 2005-02-08.train-a - 1246 messages, 356 total samples so far
2026-05-08 04:00:19,677 - data_loader - INFO - Loading conversation from data/train/2005-02-27.train-c.ascii.txt
2026-05-08 04:00:19,680 - data_loader - INFO -   Read 1500 lines from ASCII file
2026-05-08 04:00:19,684 - data_loader - INFO -   Parsed 1500 messages, found 74 unique users
2026-05-08 04:00:19,837 - data_loader - INFO -   Loaded 355 gold links from annotation file
2026-05-08 04:00:19,837 - data_loader - INFO -   Conversation '2005-02-27.train-c' loaded in 0.16s
2026-05-08 04:00:19,837 - data_loader - INFO -   Creating samples for 2005-02-27.train-c: all 1500 messages
2026-05-08 04:00:19,847 - data_loader - INFO -   Created 109 samples for 2005-02-27.train-c
2026-05-08 04:00:19,847 - data_loader - INFO -   File 4/153: 2005-02-27.train-c - 1500 messages, 465 total samples so far
2026-05-08 04:00:19,847 - data_loader - INFO - Loading conversation from data/train/2005-05-14.train-c.ascii.txt
2026-05-08 04:00:19,850 - data_loader - INFO -   Read 1500 lines from ASCII file
2026-05-08 04:00:19,854 - data_loader - INFO -   Parsed 1500 messages, found 85 unique users
2026-05-08 04:00:20,023 - data_loader - INFO -   Loaded 370 gold links from annotation file
2026-05-08 04:00:20,023 - data_loader - INFO -   Conversation '2005-05-14.train-c' loaded in 0.18s
2026-05-08 04:00:20,023 - data_loader - INFO -   Creating samples for 2005-05-14.train-c: all 1500 messages
2026-05-08 04:00:20,034 - data_loader - INFO -   Created 147 samples for 2005-05-14.train-c
2026-05-08 04:00:20,034 - data_loader - INFO -   File 5/153: 2005-05-14.train-c - 1500 messages, 612 total samples so far
2026-05-08 04:00:20,034 - data_loader - INFO - Loading conversation from data/train/2005-05-19.train-a.ascii.txt
2026-05-08 04:00:20,037 - data_loader - INFO -   Read 1191 lines from ASCII file
2026-05-08 04:00:20,040 - data_loader - INFO -   Parsed 1191 messages, found 68 unique users
2026-05-08 04:00:20,144 - data_loader - INFO -   Loaded 165 gold links from annotation file
2026-05-08 04:00:20,144 - data_loader - INFO -   Conversation '2005-05-19.train-a' loaded in 0.11s
2026-05-08 04:00:20,144 - data_loader - INFO -   Creating samples for 2005-05-19.train-a: all 1191 messages
2026-05-08 04:00:20,263 - data_loader - INFO -   Created 62 samples for 2005-05-19.train-a
2026-05-08 04:00:20,264 - data_loader - INFO -   File 6/153: 2005-05-19.train-a - 1191 messages, 674 total samples so far
2026-05-08 04:00:20,264 - data_loader - INFO - Loading conversation from data/train/2005-06-06.train-c.ascii.txt
2026-05-08 04:00:20,266 - data_loader - INFO -   Read 1500 lines from ASCII file
2026-05-08 04:00:20,270 - data_loader - INFO -   Parsed 1500 messages, found 97 unique users
2026-05-08 04:00:20,445 - data_loader - INFO -   Loaded 388 gold links from annotation file
2026-05-08 04:00:20,445 - data_loader - INFO -   Conversation '2005-06-06.train-c' loaded in 0.18s
2026-05-08 04:00:20,445 - data_loader - INFO -   Creating samples for 2005-06-06.train-c: all 1500 messages
2026-05-08 04:00:20,456 - data_loader - INFO -   Created 163 samples for 2005-06-06.train-c
2026-05-08 04:00:20,456 - data_loader - INFO -   File 7/153: 2005-06-06.train-c - 1500 messages, 837 total samples so far
2026-05-08 04:00:20,457 - data_loader - INFO - Loading conversation from data/train/2005-06-12.train-c.ascii.txt
2026-05-08 04:00:20,460 - data_loader - INFO -   Read 1500 lines from ASCII file
2026-05-08 04:00:20,464 - data_loader - INFO -   Parsed 1500 messages, found 93 unique users
2026-05-08 04:00:20,666 - data_loader - INFO -   Loaded 371 gold links from annotation file
2026-05-08 04:00:20,666 - data_loader - INFO -   Conversation '2005-06-12.train-c' loaded in 0.21s
2026-05-08 04:00:20,666 - data_loader - INFO -   Creating samples for 2005-06-12.train-c: all 1500 messages
2026-05-08 04:00:20,676 - data_loader - INFO -   Created 116 samples for 2005-06-12.train-c
2026-05-08 04:00:20,676 - data_loader - INFO -   File 8/153: 2005-06-12.train-c - 1500 messages, 953 total samples so far
2026-05-08 04:00:20,676 - data_loader - INFO - Loading conversation from data/train/2005-06-16.train-c.ascii.txt
2026-05-08 04:00:20,679 - data_loader - INFO -   Read 1500 lines from ASCII file
2026-05-08 04:00:20,682 - data_loader - INFO -   Parsed 1500 messages, found 90 unique users
2026-05-08 04:00:20,861 - data_loader - INFO -   Loaded 388 gold links from annotation file
2026-05-08 04:00:20,861 - data_loader - INFO -   Conversation '2005-06-16.train-c' loaded in 0.18s
2026-05-08 04:00:20,861 - data_loader - INFO -   Creating samples for 2005-06-16.train-c: all 1500 messages
2026-05-08 04:00:20,870 - data_loader - INFO -   Created 98 samples for 2005-06-16.train-c
2026-05-08 04:00:20,870 - data_loader - INFO -   File 9/153: 2005-06-16.train-c - 1500 messages, 1051 total samples so far
2026-05-08 04:00:20,870 - data_loader - INFO - Loading conversation from data/train/2005-06-20.train-a.ascii.txt
2026-05-08 04:00:20,873 - data_loader - INFO -   Read 1457 lines from ASCII file
2026-05-08 04:00:20,877 - data_loader - INFO -   Parsed 1457 messages, found 77 unique users
2026-05-08 04:00:21,027 - data_loader - INFO -   Loaded 326 gold links from annotation file
2026-05-08 04:00:21,027 - data_loader - INFO -   Conversation '2005-06-20.train-a' loaded in 0.16s
2026-05-08 04:00:21,027 - data_loader - INFO -   Creating samples for 2005-06-20.train-a: all 1457 messages
2026-05-08 04:00:21,037 - data_loader - INFO -   Created 123 samples for 2005-06-20.train-a
2026-05-08 04:00:21,037 - data_loader - INFO -   File 10/153: 2005-06-20.train-a - 1457 messages, 1174 total samples so far
2026-05-08 04:00:21,037 - data_loader - INFO - Loading conversation from data/train/2005-07-25.train-a.ascii.txt
2026-05-08 04:00:21,039 - data_loader - INFO -   Read 1283 lines from ASCII file
2026-05-08 04:00:21,042 - data_loader - INFO -   Parsed 1283 messages, found 88 unique users
2026-05-08 04:00:21,188 - data_loader - INFO -   Loaded 217 gold links from annotation file
2026-05-08 04:00:21,188 - data_loader - INFO -   Conversation '2005-07-25.train-a' loaded in 0.15s
2026-05-08 04:00:21,188 - data_loader - INFO -   Creating samples for 2005-07-25.train-a: all 1283 messages
2026-05-08 04:00:21,196 - data_loader - INFO -   Created 104 samples for 2005-07-25.train-a
2026-05-08 04:00:21,196 - data_loader - INFO -   File 11/153: 2005-07-25.train-a - 1283 messages, 1278 total samples so far
2026-05-08 04:00:21,196 - data_loader - INFO - Loading conversation from data/train/2005-07-29.train-c.ascii.txt
2026-05-08 04:00:21,198 - data_loader - INFO -   Read 1500 lines from ASCII file
2026-05-08 04:00:21,202 - data_loader - INFO -   Parsed 1500 messages, found 84 unique users
2026-05-08 04:00:21,377 - data_loader - INFO -   Loaded 396 gold links from annotation file
2026-05-08 04:00:21,377 - data_loader - INFO -   Conversation '2005-07-29.train-c' loaded in 0.18s
2026-05-08 04:00:21,377 - data_loader - INFO -   Creating samples for 2005-07-29.train-c: all 1500 messages
2026-05-08 04:00:21,388 - data_loader - INFO -   Created 152 samples for 2005-07-29.train-c
2026-05-08 04:00:21,388 - data_loader - INFO -   File 12/153: 2005-07-29.train-c - 1500 messages, 1430 total samples so far
2026-05-08 04:00:21,388 - data_loader - INFO - Loading conversation from data/train/2005-09-26.train-c.ascii.txt
2026-05-08 04:00:21,391 - data_loader - INFO -   Read 1500 lines from ASCII file
2026-05-08 04:00:21,395 - data_loader - INFO -   Parsed 1500 messages, found 114 unique users
2026-05-08 04:00:21,620 - data_loader - INFO -   Loaded 403 gold links from annotation file
2026-05-08 04:00:21,620 - data_loader - INFO -   Conversation '2005-09-26.train-c' loaded in 0.23s
2026-05-08 04:00:21,620 - data_loader - INFO -   Creating samples for 2005-09-26.train-c: all 1500 messages
2026-05-08 04:00:21,631 - data_loader - INFO -   Created 119 samples for 2005-09-26.train-c
2026-05-08 04:00:21,631 - data_loader - INFO -   File 13/153: 2005-09-26.train-c - 1500 messages, 1549 total samples so far
2026-05-08 04:00:21,631 - data_loader - INFO - Loading conversation from data/train/2005-10-07.train-c.ascii.txt
2026-05-08 04:00:21,634 - data_loader - INFO -   Read 1500 lines from ASCII file
2026-05-08 04:00:21,637 - data_loader - INFO -   Parsed 1500 messages, found 99 unique users
2026-05-08 04:00:21,822 - data_loader - INFO -   Loaded 375 gold links from annotation file
2026-05-08 04:00:21,824 - data_loader - INFO -   Conversation '2005-10-07.train-c' loaded in 0.19s
2026-05-08 04:00:21,824 - data_loader - INFO -   Creating samples for 2005-10-07.train-c: all 1500 messages
2026-05-08 04:00:21,835 - data_loader - INFO -   Created 151 samples for 2005-10-07.train-c
2026-05-08 04:00:21,835 - data_loader - INFO -   File 14/153: 2005-10-07.train-c - 1500 messages, 1700 total samples so far
2026-05-08 04:00:21,835 - data_loader - INFO - Loading conversation from data/train/2005-10-12.train-c.ascii.txt
2026-05-08 04:00:21,838 - data_loader - INFO -   Read 1500 lines from ASCII file
2026-05-08 04:00:21,842 - data_loader - INFO -   Parsed 1500 messages, found 138 unique users
2026-05-08 04:00:22,090 - data_loader - INFO -   Loaded 370 gold links from annotation file
2026-05-08 04:00:22,090 - data_loader - INFO -   Conversation '2005-10-12.train-c' loaded in 0.25s
2026-05-08 04:00:22,090 - data_loader - INFO -   Creating samples for 2005-10-12.train-c: all 1500 messages
2026-05-08 04:00:22,100 - data_loader - INFO -   Created 139 samples for 2005-10-12.train-c
2026-05-08 04:00:22,100 - data_loader - INFO -   File 15/153: 2005-10-12.train-c - 1500 messages, 1839 total samples so far
2026-05-08 04:00:22,100 - data_loader - INFO - Loading conversation from data/train/2005-12-03.train-c.ascii.txt
2026-05-08 04:00:22,102 - data_loader - INFO -   Read 1500 lines from ASCII file
2026-05-08 04:00:22,106 - data_loader - INFO -   Parsed 1500 messages, found 104 unique users
2026-05-08 04:00:22,307 - data_loader - INFO -   Loaded 387 gold links from annotation file
2026-05-08 04:00:22,307 - data_loader - INFO -   Conversation '2005-12-03.train-c' loaded in 0.21s
2026-05-08 04:00:22,307 - data_loader - INFO -   Creating samples for 2005-12-03.train-c: all 1500 messages
2026-05-08 04:00:22,318 - data_loader - INFO -   Created 161 samples for 2005-12-03.train-c
2026-05-08 04:00:22,318 - data_loader - INFO -   File 16/153: 2005-12-03.train-c - 1500 messages, 2000 total samples so far
2026-05-08 04:00:22,318 - data_loader - INFO - Loading conversation from data/train/2005-12-04.train-c.ascii.txt
2026-05-08 04:00:22,321 - data_loader - INFO -   Read 1500 lines from ASCII file
2026-05-08 04:00:22,324 - data_loader - INFO -   Parsed 1500 messages, found 128 unique users
2026-05-08 04:00:22,573 - data_loader - INFO -   Loaded 399 gold links from annotation file
2026-05-08 04:00:22,573 - data_loader - INFO -   Conversation '2005-12-04.train-c' loaded in 0.26s
2026-05-08 04:00:22,573 - data_loader - INFO -   Creating samples for 2005-12-04.train-c: all 1500 messages
2026-05-08 04:00:22,586 - data_loader - INFO -   Created 190 samples for 2005-12-04.train-c
2026-05-08 04:00:22,586 - data_loader - INFO -   File 17/153: 2005-12-04.train-c - 1500 messages, 2190 total samples so far
2026-05-08 04:00:22,586 - data_loader - INFO - Loading conversation from data/train/2005-12-16.train-c.ascii.txt
2026-05-08 04:00:22,589 - data_loader - INFO -   Read 1500 lines from ASCII file
2026-05-08 04:00:22,593 - data_loader - INFO -   Parsed 1500 messages, found 83 unique users
2026-05-08 04:00:22,764 - data_loader - INFO -   Loaded 371 gold links from annotation file
2026-05-08 04:00:22,764 - data_loader - INFO -   Conversation '2005-12-16.train-c' loaded in 0.18s
2026-05-08 04:00:22,764 - data_loader - INFO -   Creating samples for 2005-12-16.train-c: all 1500 messages
2026-05-08 04:00:22,773 - data_loader - INFO -   Created 82 samples for 2005-12-16.train-c
2026-05-08 04:00:22,773 - data_loader - INFO -   File 18/153: 2005-12-16.train-c - 1500 messages, 2272 total samples so far
2026-05-08 04:00:22,773 - data_loader - INFO - Loading conversation from data/train/2005-12-23.train-c.ascii.txt
2026-05-08 04:00:22,775 - data_loader - INFO -   Read 1500 lines from ASCII file
2026-05-08 04:00:22,779 - data_loader - INFO -   Parsed 1500 messages, found 117 unique users
2026-05-08 04:00:22,996 - data_loader - INFO -   Loaded 380 gold links from annotation file
2026-05-08 04:00:22,996 - data_loader - INFO -   Conversation '2005-12-23.train-c' loaded in 0.22s
2026-05-08 04:00:22,996 - data_loader - INFO -   Creating samples for 2005-12-23.train-c: all 1500 messages
2026-05-08 04:00:23,007 - data_loader - INFO -   Created 170 samples for 2005-12-23.train-c
2026-05-08 04:00:23,007 - data_loader - INFO -   File 19/153: 2005-12-23.train-c - 1500 messages, 2442 total samples so far
2026-05-08 04:00:23,008 - data_loader - INFO - Loading conversation from data/train/2006-01-02.train-c.ascii.txt
2026-05-08 04:00:23,009 - data_loader - INFO -   Read 1500 lines from ASCII file
2026-05-08 04:00:23,013 - data_loader - INFO -   Parsed 1500 messages, found 120 unique users
2026-05-08 04:00:23,255 - data_loader - INFO -   Loaded 371 gold links from annotation file
2026-05-08 04:00:23,255 - data_loader - INFO -   Conversation '2006-01-02.train-c' loaded in 0.25s
2026-05-08 04:00:23,256 - data_loader - INFO -   Creating samples for 2006-01-02.train-c: all 1500 messages
2026-05-08 04:00:23,269 - data_loader - INFO -   Created 174 samples for 2006-01-02.train-c
2026-05-08 04:00:23,269 - data_loader - INFO -   File 20/153: 2006-01-02.train-c - 1500 messages, 2616 total samples so far
2026-05-08 04:00:23,269 - data_loader - INFO - Loading conversation from data/train/2006-01-12.train-c.ascii.txt
2026-05-08 04:00:23,272 - data_loader - INFO -   Read 1500 lines from ASCII file
2026-05-08 04:00:23,275 - data_loader - INFO -   Parsed 1500 messages, found 115 unique users
2026-05-08 04:00:23,499 - data_loader - INFO -   Loaded 378 gold links from annotation file
2026-05-08 04:00:23,499 - data_loader - INFO -   Conversation '2006-01-12.train-c' loaded in 0.23s
2026-05-08 04:00:23,499 - data_loader - INFO -   Creating samples for 2006-01-12.train-c: all 1500 messages
2026-05-08 04:00:23,510 - data_loader - INFO -   Created 128 samples for 2006-01-12.train-c
2026-05-08 04:00:23,510 - data_loader - INFO -   File 21/153: 2006-01-12.train-c - 1500 messages, 2744 total samples so far
2026-05-08 04:00:23,510 - data_loader - INFO - Loading conversation from data/train/2006-02-20.train-c.ascii.txt
2026-05-08 04:00:23,512 - data_loader - INFO -   Read 1500 lines from ASCII file
2026-05-08 04:00:23,516 - data_loader - INFO -   Parsed 1500 messages, found 115 unique users
2026-05-08 04:00:23,729 - data_loader - INFO -   Loaded 385 gold links from annotation file
2026-05-08 04:00:23,729 - data_loader - INFO -   Conversation '2006-02-20.train-c' loaded in 0.22s
2026-05-08 04:00:23,729 - data_loader - INFO -   Creating samples for 2006-02-20.train-c: all 1500 messages
2026-05-08 04:00:23,741 - data_loader - INFO -   Created 169 samples for 2006-02-20.train-c
2026-05-08 04:00:23,741 - data_loader - INFO -   File 22/153: 2006-02-20.train-c - 1500 messages, 2913 total samples so far
2026-05-08 04:00:23,741 - data_loader - INFO - Loading conversation from data/train/2006-02-24.train-a.ascii.txt
2026-05-08 04:00:23,743 - data_loader - INFO -   Read 1331 lines from ASCII file
2026-05-08 04:00:23,746 - data_loader - INFO -   Parsed 1331 messages, found 102 unique users
2026-05-08 04:00:23,931 - data_loader - INFO -   Loaded 280 gold links from annotation file
2026-05-08 04:00:23,931 - data_loader - INFO -   Conversation '2006-02-24.train-a' loaded in 0.19s
2026-05-08 04:00:23,931 - data_loader - INFO -   Creating samples for 2006-02-24.train-a: all 1331 messages
2026-05-08 04:00:23,940 - data_loader - INFO -   Created 110 samples for 2006-02-24.train-a
2026-05-08 04:00:23,940 - data_loader - INFO -   File 23/153: 2006-02-24.train-a - 1331 messages, 3023 total samples so far
2026-05-08 04:00:23,940 - data_loader - INFO - Loading conversation from data/train/2006-02-28.train-c.ascii.txt
2026-05-08 04:00:23,943 - data_loader - INFO -   Read 1500 lines from ASCII file
2026-05-08 04:00:23,947 - data_loader - INFO -   Parsed 1500 messages, found 137 unique users
2026-05-08 04:00:24,197 - data_loader - INFO -   Loaded 380 gold links from annotation file
2026-05-08 04:00:24,197 - data_loader - INFO -   Conversation '2006-02-28.train-c' loaded in 0.26s
2026-05-08 04:00:24,197 - data_loader - INFO -   Creating samples for 2006-02-28.train-c: all 1500 messages
2026-05-08 04:00:24,210 - data_loader - INFO -   Created 208 samples for 2006-02-28.train-c
2026-05-08 04:00:24,210 - data_loader - INFO -   File 24/153: 2006-02-28.train-c - 1500 messages, 3231 total samples so far
2026-05-08 04:00:24,210 - data_loader - INFO - Loading conversation from data/train/2006-03-05.train-c.ascii.txt
2026-05-08 04:00:24,213 - data_loader - INFO -   Read 1500 lines from ASCII file
2026-05-08 04:00:24,216 - data_loader - INFO -   Parsed 1500 messages, found 130 unique users
2026-05-08 04:00:24,485 - data_loader - INFO -   Loaded 364 gold links from annotation file
2026-05-08 04:00:24,486 - data_loader - INFO -   Conversation '2006-03-05.train-c' loaded in 0.28s
2026-05-08 04:00:24,486 - data_loader - INFO -   Creating samples for 2006-03-05.train-c: all 1500 messages
2026-05-08 04:00:24,497 - data_loader - INFO -   Created 134 samples for 2006-03-05.train-c
2026-05-08 04:00:24,497 - data_loader - INFO -   File 25/153: 2006-03-05.train-c - 1500 messages, 3365 total samples so far
2026-05-08 04:00:24,497 - data_loader - INFO - Loading conversation from data/train/2006-05-02.train-c.ascii.txt
2026-05-08 04:00:24,500 - data_loader - INFO -   Read 1500 lines from ASCII file
2026-05-08 04:00:24,672 - data_loader - INFO -   Parsed 1500 messages, found 124 unique users
2026-05-08 04:00:24,921 - data_loader - INFO -   Loaded 398 gold links from annotation file
2026-05-08 04:00:24,921 - data_loader - INFO -   Conversation '2006-05-02.train-c' loaded in 0.42s
2026-05-08 04:00:24,922 - data_loader - INFO -   Creating samples for 2006-05-02.train-c: all 1500 messages
2026-05-08 04:00:24,934 - data_loader - INFO -   Created 187 samples for 2006-05-02.train-c
2026-05-08 04:00:24,934 - data_loader - INFO -   File 26/153: 2006-05-02.train-c - 1500 messages, 3552 total samples so far
2026-05-08 04:00:24,934 - data_loader - INFO - Loading conversation from data/train/2006-05-15.train-c.ascii.txt
2026-05-08 04:00:24,936 - data_loader - INFO -   Read 1500 lines from ASCII file
2026-05-08 04:00:24,940 - data_loader - INFO -   Parsed 1500 messages, found 101 unique users
2026-05-08 04:00:25,143 - data_loader - INFO -   Loaded 369 gold links from annotation file
2026-05-08 04:00:25,143 - data_loader - INFO -   Conversation '2006-05-15.train-c' loaded in 0.21s
2026-05-08 04:00:25,143 - data_loader - INFO -   Creating samples for 2006-05-15.train-c: all 1500 messages
2026-05-08 04:00:25,157 - data_loader - INFO -   Created 199 samples for 2006-05-15.train-c
2026-05-08 04:00:25,157 - data_loader - INFO -   File 27/153: 2006-05-15.train-c - 1500 messages, 3751 total samples so far
2026-05-08 04:00:25,157 - data_loader - INFO - Loading conversation from data/train/2006-05-27.train-c.ascii.txt
2026-05-08 04:00:25,159 - data_loader - INFO -   Read 1500 lines from ASCII file
2026-05-08 04:00:25,162 - data_loader - INFO -   Parsed 1500 messages, found 117 unique users
2026-05-08 04:00:25,350 - data_loader - INFO -   Loaded 415 gold links from annotation file
2026-05-08 04:00:25,350 - data_loader - INFO -   Conversation '2006-05-27.train-c' loaded in 0.19s
2026-05-08 04:00:25,350 - data_loader - INFO -   Creating samples for 2006-05-27.train-c: all 1500 messages
2026-05-08 04:00:25,363 - data_loader - INFO -   Created 261 samples for 2006-05-27.train-c
2026-05-08 04:00:25,363 - data_loader - INFO -   File 28/153: 2006-05-27.train-c - 1500 messages, 4012 total samples so far
2026-05-08 04:00:25,363 - data_loader - INFO - Loading conversation from data/train/2006-05-29.train-c.ascii.txt
2026-05-08 04:00:25,366 - data_loader - INFO -   Read 1500 lines from ASCII file
2026-05-08 04:00:25,369 - data_loader - INFO -   Parsed 1500 messages, found 115 unique users
2026-05-08 04:00:25,585 - data_loader - INFO -   Loaded 371 gold links from annotation file
2026-05-08 04:00:25,585 - data_loader - INFO -   Conversation '2006-05-29.train-c' loaded in 0.22s
2026-05-08 04:00:25,585 - data_loader - INFO -   Creating samples for 2006-05-29.train-c: all 1500 messages
2026-05-08 04:00:25,599 - data_loader - INFO -   Created 212 samples for 2006-05-29.train-c
2026-05-08 04:00:25,599 - data_loader - INFO -   File 29/153: 2006-05-29.train-c - 1500 messages, 4224 total samples so far
2026-05-08 04:00:25,599 - data_loader - INFO - Loading conversation from data/train/2006-06-01.train-a.ascii.txt
2026-05-08 04:00:25,602 - data_loader - INFO -   Read 2165 lines from ASCII file
2026-05-08 04:00:25,607 - data_loader - INFO -   Parsed 2165 messages, found 223 unique users
2026-05-08 04:00:26,211 - data_loader - INFO -   Loaded 844 gold links from annotation file
2026-05-08 04:00:26,211 - data_loader - INFO -   Conversation '2006-06-01.train-a' loaded in 0.61s
2026-05-08 04:00:26,211 - data_loader - INFO -   Creating samples for 2006-06-01.train-a: all 2165 messages
2026-05-08 04:00:26,235 - data_loader - INFO -   Created 361 samples for 2006-06-01.train-a
2026-05-08 04:00:26,235 - data_loader - INFO -   File 30/153: 2006-06-01.train-a - 2165 messages, 4585 total samples so far
2026-05-08 04:00:26,235 - data_loader - INFO - Loading conversation from data/train/2006-06-05.train-a.ascii.txt
2026-05-08 04:00:26,237 - data_loader - INFO -   Read 1753 lines from ASCII file
2026-05-08 04:00:26,242 - data_loader - INFO -   Parsed 1753 messages, found 135 unique users
2026-05-08 04:00:26,565 - data_loader - INFO -   Loaded 582 gold links from annotation file
2026-05-08 04:00:26,565 - data_loader - INFO -   Conversation '2006-06-05.train-a' loaded in 0.33s
2026-05-08 04:00:26,565 - data_loader - INFO -   Creating samples for 2006-06-05.train-a: all 1753 messages
2026-05-08 04:00:26,582 - data_loader - INFO -   Created 232 samples for 2006-06-05.train-a
2026-05-08 04:00:26,582 - data_loader - INFO -   File 31/153: 2006-06-05.train-a - 1753 messages, 4817 total samples so far
2026-05-08 04:00:26,582 - data_loader - INFO - Loading conversation from data/train/2006-06-08.train-c.ascii.txt
2026-05-08 04:00:26,585 - data_loader - INFO -   Read 1500 lines from ASCII file
2026-05-08 04:00:26,588 - data_loader - INFO -   Parsed 1500 messages, found 110 unique users
2026-05-08 04:00:26,817 - data_loader - INFO -   Loaded 385 gold links from annotation file
2026-05-08 04:00:26,817 - data_loader - INFO -   Conversation '2006-06-08.train-c' loaded in 0.24s
2026-05-08 04:00:26,817 - data_loader - INFO -   Creating samples for 2006-06-08.train-c: all 1500 messages
2026-05-08 04:00:26,827 - data_loader - INFO -   Created 134 samples for 2006-06-08.train-c
2026-05-08 04:00:26,828 - data_loader - INFO -   File 32/153: 2006-06-08.train-c - 1500 messages, 4951 total samples so far
2026-05-08 04:00:26,828 - data_loader - INFO - Loading conversation from data/train/2006-06-21.train-c.ascii.txt
2026-05-08 04:00:26,830 - data_loader - INFO -   Read 1500 lines from ASCII file
2026-05-08 04:00:26,834 - data_loader - INFO -   Parsed 1500 messages, found 145 unique users
2026-05-08 04:00:27,106 - data_loader - INFO -   Loaded 385 gold links from annotation file
2026-05-08 04:00:27,106 - data_loader - INFO -   Conversation '2006-06-21.train-c' loaded in 0.28s
2026-05-08 04:00:27,106 - data_loader - INFO -   Creating samples for 2006-06-21.train-c: all 1500 messages
2026-05-08 04:00:27,121 - data_loader - INFO -   Created 255 samples for 2006-06-21.train-c
2026-05-08 04:00:27,121 - data_loader - INFO -   File 33/153: 2006-06-21.train-c - 1500 messages, 5206 total samples so far
2026-05-08 04:00:27,121 - data_loader - INFO - Loading conversation from data/train/2006-06-28.train-c.ascii.txt
2026-05-08 04:00:27,125 - data_loader - INFO -   Read 1500 lines from ASCII file
2026-05-08 04:00:27,128 - data_loader - INFO -   Parsed 1500 messages, found 127 unique users
2026-05-08 04:00:27,364 - data_loader - INFO -   Loaded 392 gold links from annotation file
2026-05-08 04:00:27,364 - data_loader - INFO -   Conversation '2006-06-28.train-c' loaded in 0.24s
2026-05-08 04:00:27,364 - data_loader - INFO -   Creating samples for 2006-06-28.train-c: all 1500 messages
2026-05-08 04:00:27,378 - data_loader - INFO -   Created 207 samples for 2006-06-28.train-c
2026-05-08 04:00:27,378 - data_loader - INFO -   File 34/153: 2006-06-28.train-c - 1500 messages, 5413 total samples so far
2026-05-08 04:00:27,378 - data_loader - INFO - Loading conversation from data/train/2006-07-01.train-c.ascii.txt
2026-05-08 04:00:27,380 - data_loader - INFO -   Read 1500 lines from ASCII file
2026-05-08 04:00:27,384 - data_loader - INFO -   Parsed 1500 messages, found 107 unique users
2026-05-08 04:00:27,584 - data_loader - INFO -   Loaded 379 gold links from annotation file
2026-05-08 04:00:27,584 - data_loader - INFO -   Conversation '2006-07-01.train-c' loaded in 0.21s
2026-05-08 04:00:27,584 - data_loader - INFO -   Creating samples for 2006-07-01.train-c: all 1500 messages
2026-05-08 04:00:27,596 - data_loader - INFO -   Created 164 samples for 2006-07-01.train-c
2026-05-08 04:00:27,596 - data_loader - INFO -   File 35/153: 2006-07-01.train-c - 1500 messages, 5577 total samples so far
2026-05-08 04:00:27,596 - data_loader - INFO - Loading conversation from data/train/2006-08-06.train-c.ascii.txt
2026-05-08 04:00:27,599 - data_loader - INFO -   Read 1500 lines from ASCII file
2026-05-08 04:00:27,602 - data_loader - INFO -   Parsed 1500 messages, found 116 unique users
2026-05-08 04:00:27,852 - data_loader - INFO -   Loaded 407 gold links from annotation file
2026-05-08 04:00:27,852 - data_loader - INFO -   Conversation '2006-08-06.train-c' loaded in 0.26s
2026-05-08 04:00:27,852 - data_loader - INFO -   Creating samples for 2006-08-06.train-c: all 1500 messages
2026-05-08 04:00:27,865 - data_loader - INFO -   Created 189 samples for 2006-08-06.train-c
2026-05-08 04:00:27,865 - data_loader - INFO -   File 36/153: 2006-08-06.train-c - 1500 messages, 5766 total samples so far
2026-05-08 04:00:27,865 - data_loader - INFO - Loading conversation from data/train/2006-08-11.train-c.ascii.txt
2026-05-08 04:00:27,868 - data_loader - INFO -   Read 1500 lines from ASCII file
2026-05-08 04:00:27,872 - data_loader - INFO -   Parsed 1500 messages, found 88 unique users
2026-05-08 04:00:28,065 - data_loader - INFO -   Loaded 394 gold links from annotation file
2026-05-08 04:00:28,065 - data_loader - INFO -   Conversation '2006-08-11.train-c' loaded in 0.20s
2026-05-08 04:00:28,065 - data_loader - INFO -   Creating samples for 2006-08-11.train-c: all 1500 messages
2026-05-08 04:00:28,075 - data_loader - INFO -   Created 122 samples for 2006-08-11.train-c
2026-05-08 04:00:28,075 - data_loader - INFO -   File 37/153: 2006-08-11.train-c - 1500 messages, 5888 total samples so far
2026-05-08 04:00:28,075 - data_loader - INFO - Loading conversation from data/train/2006-08-13.train-c.ascii.txt
2026-05-08 04:00:28,079 - data_loader - INFO -   Read 1500 lines from ASCII file
2026-05-08 04:00:28,082 - data_loader - INFO -   Parsed 1500 messages, found 84 unique users
2026-05-08 04:00:28,260 - data_loader - INFO -   Loaded 385 gold links from annotation file
2026-05-08 04:00:28,260 - data_loader - INFO -   Conversation '2006-08-13.train-c' loaded in 0.18s
2026-05-08 04:00:28,260 - data_loader - INFO -   Creating samples for 2006-08-13.train-c: all 1500 messages
2026-05-08 04:00:28,272 - data_loader - INFO -   Created 171 samples for 2006-08-13.train-c
2026-05-08 04:00:28,272 - data_loader - INFO -   File 38/153: 2006-08-13.train-c - 1500 messages, 6059 total samples so far
2026-05-08 04:00:28,272 - data_loader - INFO - Loading conversation from data/train/2006-08-15.train-c.ascii.txt
2026-05-08 04:00:28,275 - data_loader - INFO -   Read 1500 lines from ASCII file
2026-05-08 04:00:28,279 - data_loader - INFO -   Parsed 1500 messages, found 106 unique users
2026-05-08 04:00:28,499 - data_loader - INFO -   Loaded 393 gold links from annotation file
2026-05-08 04:00:28,500 - data_loader - INFO -   Conversation '2006-08-15.train-c' loaded in 0.23s
2026-05-08 04:00:28,500 - data_loader - INFO -   Creating samples for 2006-08-15.train-c: all 1500 messages
2026-05-08 04:00:28,511 - data_loader - INFO -   Created 141 samples for 2006-08-15.train-c
2026-05-08 04:00:28,511 - data_loader - INFO -   File 39/153: 2006-08-15.train-c - 1500 messages, 6200 total samples so far
2026-05-08 04:00:28,511 - data_loader - INFO - Loading conversation from data/train/2006-08-23.train-a.ascii.txt
2026-05-08 04:00:28,513 - data_loader - INFO -   Read 1673 lines from ASCII file
2026-05-08 04:00:28,517 - data_loader - INFO -   Parsed 1673 messages, found 148 unique users
2026-05-08 04:00:28,857 - data_loader - INFO -   Loaded 475 gold links from annotation file
2026-05-08 04:00:28,857 - data_loader - INFO -   Conversation '2006-08-23.train-a' loaded in 0.35s
2026-05-08 04:00:28,857 - data_loader - INFO -   Creating samples for 2006-08-23.train-a: all 1673 messages
2026-05-08 04:00:28,871 - data_loader - INFO -   Created 186 samples for 2006-08-23.train-a
2026-05-08 04:00:28,871 - data_loader - INFO -   File 40/153: 2006-08-23.train-a - 1673 messages, 6386 total samples so far
2026-05-08 04:00:28,871 - data_loader - INFO - Loading conversation from data/train/2006-09-13.train-c.ascii.txt
2026-05-08 04:00:28,873 - data_loader - INFO -   Read 1500 lines from ASCII file
2026-05-08 04:00:28,877 - data_loader - INFO -   Parsed 1500 messages, found 98 unique users
2026-05-08 04:00:29,063 - data_loader - INFO -   Loaded 388 gold links from annotation file
2026-05-08 04:00:29,063 - data_loader - INFO -   Conversation '2006-09-13.train-c' loaded in 0.19s
2026-05-08 04:00:29,063 - data_loader - INFO -   Creating samples for 2006-09-13.train-c: all 1500 messages
2026-05-08 04:00:29,075 - data_loader - INFO -   Created 156 samples for 2006-09-13.train-c
2026-05-08 04:00:29,075 - data_loader - INFO -   File 41/153: 2006-09-13.train-c - 1500 messages, 6542 total samples so far
2026-05-08 04:00:29,075 - data_loader - INFO - Loading conversation from data/train/2006-09-24.train-c.ascii.txt
2026-05-08 04:00:29,077 - data_loader - INFO -   Read 1500 lines from ASCII file
2026-05-08 04:00:29,081 - data_loader - INFO -   Parsed 1500 messages, found 114 unique users
2026-05-08 04:00:29,306 - data_loader - INFO -   Loaded 417 gold links from annotation file
2026-05-08 04:00:29,306 - data_loader - INFO -   Conversation '2006-09-24.train-c' loaded in 0.23s
2026-05-08 04:00:29,306 - data_loader - INFO -   Creating samples for 2006-09-24.train-c: all 1500 messages
2026-05-08 04:00:29,319 - data_loader - INFO -   Created 188 samples for 2006-09-24.train-c
2026-05-08 04:00:29,319 - data_loader - INFO -   File 42/153: 2006-09-24.train-c - 1500 messages, 6730 total samples so far
2026-05-08 04:00:29,319 - data_loader - INFO - Loading conversation from data/train/2006-11-01.train-c.ascii.txt
2026-05-08 04:00:29,321 - data_loader - INFO -   Read 1500 lines from ASCII file
2026-05-08 04:00:29,325 - data_loader - INFO -   Parsed 1500 messages, found 126 unique users
2026-05-08 04:00:29,554 - data_loader - INFO -   Loaded 383 gold links from annotation file
2026-05-08 04:00:29,554 - data_loader - INFO -   Conversation '2006-11-01.train-c' loaded in 0.24s
2026-05-08 04:00:29,554 - data_loader - INFO -   Creating samples for 2006-11-01.train-c: all 1500 messages
2026-05-08 04:00:29,569 - data_loader - INFO -   Created 216 samples for 2006-11-01.train-c
2026-05-08 04:00:29,569 - data_loader - INFO -   File 43/153: 2006-11-01.train-c - 1500 messages, 6946 total samples so far
2026-05-08 04:00:29,569 - data_loader - INFO - Loading conversation from data/train/2006-12-06.train-c.ascii.txt
2026-05-08 04:00:29,571 - data_loader - INFO -   Read 1500 lines from ASCII file
2026-05-08 04:00:29,575 - data_loader - INFO -   Parsed 1500 messages, found 110 unique users
2026-05-08 04:00:29,763 - data_loader - INFO -   Loaded 404 gold links from annotation file
2026-05-08 04:00:29,763 - data_loader - INFO -   Conversation '2006-12-06.train-c' loaded in 0.19s
2026-05-08 04:00:29,763 - data_loader - INFO -   Creating samples for 2006-12-06.train-c: all 1500 messages
2026-05-08 04:00:29,776 - data_loader - INFO -   Created 212 samples for 2006-12-06.train-c
2026-05-08 04:00:29,776 - data_loader - INFO -   File 44/153: 2006-12-06.train-c - 1500 messages, 7158 total samples so far
2026-05-08 04:00:29,776 - data_loader - INFO - Loading conversation from data/train/2006-12-10.train-a.ascii.txt
2026-05-08 04:00:29,779 - data_loader - INFO -   Read 1681 lines from ASCII file
2026-05-08 04:00:29,783 - data_loader - INFO -   Parsed 1681 messages, found 147 unique users
2026-05-08 04:00:30,075 - data_loader - INFO -   Loaded 561 gold links from annotation file
2026-05-08 04:00:30,075 - data_loader - INFO -   Conversation '2006-12-10.train-a' loaded in 0.30s
2026-05-08 04:00:30,075 - data_loader - INFO -   Creating samples for 2006-12-10.train-a: all 1681 messages
2026-05-08 04:00:30,091 - data_loader - INFO -   Created 259 samples for 2006-12-10.train-a
2026-05-08 04:00:30,091 - data_loader - INFO -   File 45/153: 2006-12-10.train-a - 1681 messages, 7417 total samples so far
2026-05-08 04:00:30,091 - data_loader - INFO - Loading conversation from data/train/2006-12-20.train-c.ascii.txt
2026-05-08 04:00:30,093 - data_loader - INFO -   Read 1500 lines from ASCII file
2026-05-08 04:00:30,316 - data_loader - INFO -   Parsed 1500 messages, found 115 unique users
2026-05-08 04:00:30,538 - data_loader - INFO -   Loaded 383 gold links from annotation file
2026-05-08 04:00:30,538 - data_loader - INFO -   Conversation '2006-12-20.train-c' loaded in 0.45s
2026-05-08 04:00:30,538 - data_loader - INFO -   Creating samples for 2006-12-20.train-c: all 1500 messages
2026-05-08 04:00:30,550 - data_loader - INFO -   Created 170 samples for 2006-12-20.train-c
2026-05-08 04:00:30,551 - data_loader - INFO -   File 46/153: 2006-12-20.train-c - 1500 messages, 7587 total samples so far
2026-05-08 04:00:30,551 - data_loader - INFO - Loading conversation from data/train/2007-01-12.train-c.ascii.txt
2026-05-08 04:00:30,554 - data_loader - INFO -   Read 1500 lines from ASCII file
2026-05-08 04:00:30,558 - data_loader - INFO -   Parsed 1500 messages, found 113 unique users
2026-05-08 04:00:30,787 - data_loader - INFO -   Loaded 407 gold links from annotation file
2026-05-08 04:00:30,787 - data_loader - INFO -   Conversation '2007-01-12.train-c' loaded in 0.24s
2026-05-08 04:00:30,787 - data_loader - INFO -   Creating samples for 2007-01-12.train-c: all 1500 messages
2026-05-08 04:00:30,802 - data_loader - INFO -   Created 226 samples for 2007-01-12.train-c
2026-05-08 04:00:30,802 - data_loader - INFO -   File 47/153: 2007-01-12.train-c - 1500 messages, 7813 total samples so far
2026-05-08 04:00:30,802 - data_loader - INFO - Loading conversation from data/train/2007-01-19.train-a.ascii.txt
2026-05-08 04:00:30,805 - data_loader - INFO -   Read 1740 lines from ASCII file
2026-05-08 04:00:30,809 - data_loader - INFO -   Parsed 1740 messages, found 102 unique users
2026-05-08 04:00:31,067 - data_loader - INFO -   Loaded 540 gold links from annotation file
2026-05-08 04:00:31,067 - data_loader - INFO -   Conversation '2007-01-19.train-a' loaded in 0.27s
2026-05-08 04:00:31,067 - data_loader - INFO -   Creating samples for 2007-01-19.train-a: all 1740 messages
2026-05-08 04:00:31,080 - data_loader - INFO -   Created 146 samples for 2007-01-19.train-a
2026-05-08 04:00:31,080 - data_loader - INFO -   File 48/153: 2007-01-19.train-a - 1740 messages, 7959 total samples so far
2026-05-08 04:00:31,080 - data_loader - INFO - Loading conversation from data/train/2007-01-21.train-c.ascii.txt
2026-05-08 04:00:31,083 - data_loader - INFO -   Read 1500 lines from ASCII file
2026-05-08 04:00:31,087 - data_loader - INFO -   Parsed 1500 messages, found 127 unique users
2026-05-08 04:00:31,341 - data_loader - INFO -   Loaded 379 gold links from annotation file
2026-05-08 04:00:31,341 - data_loader - INFO -   Conversation '2007-01-21.train-c' loaded in 0.26s
2026-05-08 04:00:31,341 - data_loader - INFO -   Creating samples for 2007-01-21.train-c: all 1500 messages
2026-05-08 04:00:31,356 - data_loader - INFO -   Created 239 samples for 2007-01-21.train-c
2026-05-08 04:00:31,356 - data_loader - INFO -   File 49/153: 2007-01-21.train-c - 1500 messages, 8198 total samples so far
2026-05-08 04:00:31,356 - data_loader - INFO - Loading conversation from data/train/2007-01-29.train-c.ascii.txt
2026-05-08 04:00:31,360 - data_loader - INFO -   Read 1500 lines from ASCII file
2026-05-08 04:00:31,363 - data_loader - INFO -   Parsed 1500 messages, found 115 unique users
2026-05-08 04:00:31,598 - data_loader - INFO -   Loaded 389 gold links from annotation file
2026-05-08 04:00:31,598 - data_loader - INFO -   Conversation '2007-01-29.train-c' loaded in 0.24s
2026-05-08 04:00:31,599 - data_loader - INFO -   Creating samples for 2007-01-29.train-c: all 1500 messages
2026-05-08 04:00:31,611 - data_loader - INFO -   Created 168 samples for 2007-01-29.train-c
2026-05-08 04:00:31,611 - data_loader - INFO -   File 50/153: 2007-01-29.train-c - 1500 messages, 8366 total samples so far
2026-05-08 04:00:31,611 - data_loader - INFO - Loading conversation from data/train/2007-02-06.train-c.ascii.txt
2026-05-08 04:00:31,614 - data_loader - INFO -   Read 1500 lines from ASCII file
2026-05-08 04:00:31,618 - data_loader - INFO -   Parsed 1500 messages, found 131 unique users
2026-05-08 04:00:31,875 - data_loader - INFO -   Loaded 387 gold links from annotation file
2026-05-08 04:00:31,875 - data_loader - INFO -   Conversation '2007-02-06.train-c' loaded in 0.26s
2026-05-08 04:00:31,875 - data_loader - INFO -   Creating samples for 2007-02-06.train-c: all 1500 messages
2026-05-08 04:00:31,889 - data_loader - INFO -   Created 225 samples for 2007-02-06.train-c
2026-05-08 04:00:31,889 - data_loader - INFO -   File 51/153: 2007-02-06.train-c - 1500 messages, 8591 total samples so far
2026-05-08 04:00:31,889 - data_loader - INFO - Loading conversation from data/train/2007-02-07.train-c.ascii.txt
2026-05-08 04:00:31,891 - data_loader - INFO -   Read 1500 lines from ASCII file
2026-05-08 04:00:31,895 - data_loader - INFO -   Parsed 1500 messages, found 112 unique users
2026-05-08 04:00:32,121 - data_loader - INFO -   Loaded 369 gold links from annotation file
2026-05-08 04:00:32,121 - data_loader - INFO -   Conversation '2007-02-07.train-c' loaded in 0.23s
2026-05-08 04:00:32,121 - data_loader - INFO -   Creating samples for 2007-02-07.train-c: all 1500 messages
2026-05-08 04:00:32,132 - data_loader - INFO -   Created 145 samples for 2007-02-07.train-c
2026-05-08 04:00:32,132 - data_loader - INFO -   File 52/153: 2007-02-07.train-c - 1500 messages, 8736 total samples so far
2026-05-08 04:00:32,132 - data_loader - INFO - Loading conversation from data/train/2007-02-15.train-c.ascii.txt
2026-05-08 04:00:32,135 - data_loader - INFO -   Read 1500 lines from ASCII file
2026-05-08 04:00:32,138 - data_loader - INFO -   Parsed 1500 messages, found 121 unique users
2026-05-08 04:00:32,368 - data_loader - INFO -   Loaded 414 gold links from annotation file
2026-05-08 04:00:32,368 - data_loader - INFO -   Conversation '2007-02-15.train-c' loaded in 0.24s
2026-05-08 04:00:32,368 - data_loader - INFO -   Creating samples for 2007-02-15.train-c: all 1500 messages
2026-05-08 04:00:32,382 - data_loader - INFO -   Created 236 samples for 2007-02-15.train-c
2026-05-08 04:00:32,382 - data_loader - INFO -   File 53/153: 2007-02-15.train-c - 1500 messages, 8972 total samples so far
2026-05-08 04:00:32,382 - data_loader - INFO - Loading conversation from data/train/2007-06-01.train-c.ascii.txt
2026-05-08 04:00:32,385 - data_loader - INFO -   Read 1500 lines from ASCII file
2026-05-08 04:00:32,388 - data_loader - INFO -   Parsed 1500 messages, found 93 unique users
2026-05-08 04:00:32,569 - data_loader - INFO -   Loaded 394 gold links from annotation file
2026-05-08 04:00:32,569 - data_loader - INFO -   Conversation '2007-06-01.train-c' loaded in 0.19s
2026-05-08 04:00:32,569 - data_loader - INFO -   Creating samples for 2007-06-01.train-c: all 1500 messages
2026-05-08 04:00:32,581 - data_loader - INFO -   Created 161 samples for 2007-06-01.train-c
2026-05-08 04:00:32,581 - data_loader - INFO -   File 54/153: 2007-06-01.train-c - 1500 messages, 9133 total samples so far
2026-05-08 04:00:32,581 - data_loader - INFO - Loading conversation from data/train/2007-06-04.train-a.ascii.txt
2026-05-08 04:00:32,586 - data_loader - INFO -   Read 1910 lines from ASCII file
2026-05-08 04:00:32,590 - data_loader - INFO -   Parsed 1910 messages, found 152 unique users
2026-05-08 04:00:32,964 - data_loader - INFO -   Loaded 763 gold links from annotation file
2026-05-08 04:00:32,964 - data_loader - INFO -   Conversation '2007-06-04.train-a' loaded in 0.38s
2026-05-08 04:00:32,964 - data_loader - INFO -   Creating samples for 2007-06-04.train-a: all 1910 messages
2026-05-08 04:00:32,986 - data_loader - INFO -   Created 343 samples for 2007-06-04.train-a
2026-05-08 04:00:32,986 - data_loader - INFO -   File 55/153: 2007-06-04.train-a - 1910 messages, 9476 total samples so far
2026-05-08 04:00:32,986 - data_loader - INFO - Loading conversation from data/train/2007-06-17.train-a.ascii.txt
2026-05-08 04:00:32,988 - data_loader - INFO -   Read 1764 lines from ASCII file
2026-05-08 04:00:32,992 - data_loader - INFO -   Parsed 1764 messages, found 146 unique users
2026-05-08 04:00:33,307 - data_loader - INFO -   Loaded 585 gold links from annotation file
2026-05-08 04:00:33,308 - data_loader - INFO -   Conversation '2007-06-17.train-a' loaded in 0.32s
2026-05-08 04:00:33,308 - data_loader - INFO -   Creating samples for 2007-06-17.train-a: all 1764 messages
2026-05-08 04:00:33,324 - data_loader - INFO -   Created 267 samples for 2007-06-17.train-a
2026-05-08 04:00:33,324 - data_loader - INFO -   File 56/153: 2007-06-17.train-a - 1764 messages, 9743 total samples so far
2026-05-08 04:00:33,324 - data_loader - INFO - Loading conversation from data/train/2007-07-03.train-a.ascii.txt
2026-05-08 04:00:33,326 - data_loader - INFO -   Read 1800 lines from ASCII file
2026-05-08 04:00:33,331 - data_loader - INFO -   Parsed 1800 messages, found 138 unique users
2026-05-08 04:00:33,636 - data_loader - INFO -   Loaded 625 gold links from annotation file
2026-05-08 04:00:33,637 - data_loader - INFO -   Conversation '2007-07-03.train-a' loaded in 0.31s
2026-05-08 04:00:33,637 - data_loader - INFO -   Creating samples for 2007-07-03.train-a: all 1800 messages
2026-05-08 04:00:33,655 - data_loader - INFO -   Created 304 samples for 2007-07-03.train-a
2026-05-08 04:00:33,655 - data_loader - INFO -   File 57/153: 2007-07-03.train-a - 1800 messages, 10047 total samples so far
2026-05-08 04:00:33,655 - data_loader - INFO - Loading conversation from data/train/2007-08-19.train-a.ascii.txt
2026-05-08 04:00:33,657 - data_loader - INFO -   Read 1708 lines from ASCII file
2026-05-08 04:00:33,661 - data_loader - INFO -   Parsed 1708 messages, found 134 unique users
2026-05-08 04:00:33,947 - data_loader - INFO -   Loaded 581 gold links from annotation file
2026-05-08 04:00:33,947 - data_loader - INFO -   Conversation '2007-08-19.train-a' loaded in 0.29s
2026-05-08 04:00:33,947 - data_loader - INFO -   Creating samples for 2007-08-19.train-a: all 1708 messages
2026-05-08 04:00:33,964 - data_loader - INFO -   Created 268 samples for 2007-08-19.train-a
2026-05-08 04:00:33,964 - data_loader - INFO -   File 58/153: 2007-08-19.train-a - 1708 messages, 10315 total samples so far
2026-05-08 04:00:33,964 - data_loader - INFO - Loading conversation from data/train/2007-08-22.train-c.ascii.txt
2026-05-08 04:00:33,968 - data_loader - INFO -   Read 1500 lines from ASCII file
2026-05-08 04:00:33,971 - data_loader - INFO -   Parsed 1500 messages, found 96 unique users
2026-05-08 04:00:34,161 - data_loader - INFO -   Loaded 409 gold links from annotation file
2026-05-08 04:00:34,161 - data_loader - INFO -   Conversation '2007-08-22.train-c' loaded in 0.20s
2026-05-08 04:00:34,161 - data_loader - INFO -   Creating samples for 2007-08-22.train-c: all 1500 messages
2026-05-08 04:00:34,173 - data_loader - INFO -   Created 148 samples for 2007-08-22.train-c
2026-05-08 04:00:34,173 - data_loader - INFO -   File 59/153: 2007-08-22.train-c - 1500 messages, 10463 total samples so far
2026-05-08 04:00:34,173 - data_loader - INFO - Loading conversation from data/train/2007-08-24.train-c.ascii.txt
2026-05-08 04:00:34,175 - data_loader - INFO -   Read 1500 lines from ASCII file
2026-05-08 04:00:34,179 - data_loader - INFO -   Parsed 1500 messages, found 103 unique users
2026-05-08 04:00:34,377 - data_loader - INFO -   Loaded 414 gold links from annotation file
2026-05-08 04:00:34,377 - data_loader - INFO -   Conversation '2007-08-24.train-c' loaded in 0.20s
2026-05-08 04:00:34,377 - data_loader - INFO -   Creating samples for 2007-08-24.train-c: all 1500 messages
2026-05-08 04:00:34,389 - data_loader - INFO -   Created 171 samples for 2007-08-24.train-c
2026-05-08 04:00:34,389 - data_loader - INFO -   File 60/153: 2007-08-24.train-c - 1500 messages, 10634 total samples so far
2026-05-08 04:00:34,389 - data_loader - INFO - Loading conversation from data/train/2007-09-07.train-a.ascii.txt
2026-05-08 04:00:34,392 - data_loader - INFO -   Read 1759 lines from ASCII file
2026-05-08 04:00:34,396 - data_loader - INFO -   Parsed 1759 messages, found 149 unique users
2026-05-08 04:00:34,727 - data_loader - INFO -   Loaded 591 gold links from annotation file
2026-05-08 04:00:34,727 - data_loader - INFO -   Conversation '2007-09-07.train-a' loaded in 0.34s
2026-05-08 04:00:34,727 - data_loader - INFO -   Creating samples for 2007-09-07.train-a: all 1759 messages
2026-05-08 04:00:34,745 - data_loader - INFO -   Created 313 samples for 2007-09-07.train-a
2026-05-08 04:00:34,745 - data_loader - INFO -   File 61/153: 2007-09-07.train-a - 1759 messages, 10947 total samples so far
2026-05-08 04:00:34,745 - data_loader - INFO - Loading conversation from data/train/2007-10-24.train-c.ascii.txt
2026-05-08 04:00:34,747 - data_loader - INFO -   Read 1500 lines from ASCII file
2026-05-08 04:00:34,751 - data_loader - INFO -   Parsed 1500 messages, found 206 unique users
2026-05-08 04:00:35,293 - data_loader - INFO -   Loaded 380 gold links from annotation file
2026-05-08 04:00:35,293 - data_loader - INFO -   Conversation '2007-10-24.train-c' loaded in 0.55s
2026-05-08 04:00:35,293 - data_loader - INFO -   Creating samples for 2007-10-24.train-c: all 1500 messages
2026-05-08 04:00:35,305 - data_loader - INFO -   Created 117 samples for 2007-10-24.train-c
2026-05-08 04:00:35,305 - data_loader - INFO -   File 62/153: 2007-10-24.train-c - 1500 messages, 11064 total samples so far
2026-05-08 04:00:35,305 - data_loader - INFO - Loading conversation from data/train/2007-12-17.train-a.ascii.txt
2026-05-08 04:00:35,308 - data_loader - INFO -   Read 1650 lines from ASCII file
2026-05-08 04:00:35,312 - data_loader - INFO -   Parsed 1650 messages, found 170 unique users
2026-05-08 04:00:35,818 - data_loader - INFO -   Loaded 472 gold links from annotation file
2026-05-08 04:00:35,818 - data_loader - INFO -   Conversation '2007-12-17.train-a' loaded in 0.51s
2026-05-08 04:00:35,818 - data_loader - INFO -   Creating samples for 2007-12-17.train-a: all 1650 messages
2026-05-08 04:00:35,828 - data_loader - INFO -   Created 73 samples for 2007-12-17.train-a
2026-05-08 04:00:35,828 - data_loader - INFO -   File 63/153: 2007-12-17.train-a - 1650 messages, 11137 total samples so far
2026-05-08 04:00:35,828 - data_loader - INFO - Loading conversation from data/train/2008-01-02.train-c.ascii.txt
2026-05-08 04:00:35,830 - data_loader - INFO -   Read 1500 lines from ASCII file
2026-05-08 04:00:35,835 - data_loader - INFO -   Parsed 1500 messages, found 159 unique users
2026-05-08 04:00:36,235 - data_loader - INFO -   Loaded 342 gold links from annotation file
2026-05-08 04:00:36,235 - data_loader - INFO -   Conversation '2008-01-02.train-c' loaded in 0.41s
2026-05-08 04:00:36,235 - data_loader - INFO -   Creating samples for 2008-01-02.train-c: all 1500 messages
2026-05-08 04:00:36,246 - data_loader - INFO -   Created 103 samples for 2008-01-02.train-c
2026-05-08 04:00:36,246 - data_loader - INFO -   File 64/153: 2008-01-02.train-c - 1500 messages, 11240 total samples so far
2026-05-08 04:00:36,247 - data_loader - INFO - Loading conversation from data/train/2008-01-03.train-c.ascii.txt
2026-05-08 04:00:36,249 - data_loader - INFO -   Read 1500 lines from ASCII file
2026-05-08 04:00:36,253 - data_loader - INFO -   Parsed 1500 messages, found 180 unique users
2026-05-08 04:00:36,717 - data_loader - INFO -   Loaded 364 gold links from annotation file
2026-05-08 04:00:36,717 - data_loader - INFO -   Conversation '2008-01-03.train-c' loaded in 0.47s
2026-05-08 04:00:36,717 - data_loader - INFO -   Creating samples for 2008-01-03.train-c: all 1500 messages
2026-05-08 04:00:36,728 - data_loader - INFO -   Created 103 samples for 2008-01-03.train-c
2026-05-08 04:00:36,729 - data_loader - INFO -   File 65/153: 2008-01-03.train-c - 1500 messages, 11343 total samples so far
2026-05-08 04:00:36,729 - data_loader - INFO - Loading conversation from data/train/2008-02-07.train-c.ascii.txt
2026-05-08 04:00:36,732 - data_loader - INFO -   Read 1500 lines from ASCII file
2026-05-08 04:00:36,736 - data_loader - INFO -   Parsed 1500 messages, found 193 unique users
2026-05-08 04:00:37,260 - data_loader - INFO -   Loaded 352 gold links from annotation file
2026-05-08 04:00:37,261 - data_loader - INFO -   Conversation '2008-02-07.train-c' loaded in 0.53s
2026-05-08 04:00:37,261 - data_loader - INFO -   Creating samples for 2008-02-07.train-c: all 1500 messages
2026-05-08 04:00:37,274 - data_loader - INFO -   Created 137 samples for 2008-02-07.train-c
2026-05-08 04:00:37,274 - data_loader - INFO -   File 66/153: 2008-02-07.train-c - 1500 messages, 11480 total samples so far
2026-05-08 04:00:37,274 - data_loader - INFO - Loading conversation from data/train/2008-02-14.train-c.ascii.txt
2026-05-08 04:00:37,276 - data_loader - INFO -   Read 1500 lines from ASCII file
2026-05-08 04:00:37,281 - data_loader - INFO -   Parsed 1500 messages, found 197 unique users
2026-05-08 04:00:37,802 - data_loader - INFO -   Loaded 365 gold links from annotation file
2026-05-08 04:00:37,802 - data_loader - INFO -   Conversation '2008-02-14.train-c' loaded in 0.53s
2026-05-08 04:00:37,802 - data_loader - INFO -   Creating samples for 2008-02-14.train-c: all 1500 messages
2026-05-08 04:00:37,815 - data_loader - INFO -   Created 129 samples for 2008-02-14.train-c
2026-05-08 04:00:37,815 - data_loader - INFO -   File 67/153: 2008-02-14.train-c - 1500 messages, 11609 total samples so far
2026-05-08 04:00:37,815 - data_loader - INFO - Loading conversation from data/train/2008-03-01.train-c.ascii.txt
2026-05-08 04:00:37,818 - data_loader - INFO -   Read 1500 lines from ASCII file
2026-05-08 04:00:37,823 - data_loader - INFO -   Parsed 1500 messages, found 127 unique users
2026-05-08 04:00:38,169 - data_loader - INFO -   Loaded 374 gold links from annotation file
2026-05-08 04:00:38,169 - data_loader - INFO -   Conversation '2008-03-01.train-c' loaded in 0.35s
2026-05-08 04:00:38,169 - data_loader - INFO -   Creating samples for 2008-03-01.train-c: all 1500 messages
2026-05-08 04:00:38,179 - data_loader - INFO -   Created 76 samples for 2008-03-01.train-c
2026-05-08 04:00:38,179 - data_loader - INFO -   File 68/153: 2008-03-01.train-c - 1500 messages, 11685 total samples so far
2026-05-08 04:00:38,179 - data_loader - INFO - Loading conversation from data/train/2008-04-20.train-a.ascii.txt
2026-05-08 04:00:38,182 - data_loader - INFO -   Read 1378 lines from ASCII file
2026-05-08 04:00:38,186 - data_loader - INFO -   Parsed 1378 messages, found 132 unique users
2026-05-08 04:00:38,483 - data_loader - INFO -   Loaded 265 gold links from annotation file
2026-05-08 04:00:38,483 - data_loader - INFO -   Conversation '2008-04-20.train-a' loaded in 0.30s
2026-05-08 04:00:38,483 - data_loader - INFO -   Creating samples for 2008-04-20.train-a: all 1378 messages
2026-05-08 04:00:38,490 - data_loader - INFO -   Created 45 samples for 2008-04-20.train-a
2026-05-08 04:00:38,490 - data_loader - INFO -   File 69/153: 2008-04-20.train-a - 1378 messages, 11730 total samples so far
2026-05-08 04:00:38,490 - data_loader - INFO - Loading conversation from data/train/2008-04-27.train-a.ascii.txt
2026-05-08 04:00:38,493 - data_loader - INFO -   Read 1979 lines from ASCII file
2026-05-08 04:00:38,499 - data_loader - INFO -   Parsed 1979 messages, found 179 unique users
2026-05-08 04:00:39,125 - data_loader - INFO -   Loaded 755 gold links from annotation file
2026-05-08 04:00:39,125 - data_loader - INFO -   Conversation '2008-04-27.train-a' loaded in 0.64s
2026-05-08 04:00:39,125 - data_loader - INFO -   Creating samples for 2008-04-27.train-a: all 1979 messages
2026-05-08 04:00:39,139 - data_loader - INFO -   Created 107 samples for 2008-04-27.train-a
2026-05-08 04:00:39,139 - data_loader - INFO -   File 70/153: 2008-04-27.train-a - 1979 messages, 11837 total samples so far
2026-05-08 04:00:39,139 - data_loader - INFO - Loading conversation from data/train/2008-04-30.train-a.ascii.txt
2026-05-08 04:00:39,142 - data_loader - INFO -   Read 1699 lines from ASCII file
2026-05-08 04:00:39,399 - data_loader - INFO -   Parsed 1699 messages, found 172 unique users
2026-05-08 04:00:39,918 - data_loader - INFO -   Loaded 483 gold links from annotation file
2026-05-08 04:00:39,919 - data_loader - INFO -   Conversation '2008-04-30.train-a' loaded in 0.78s
2026-05-08 04:00:39,919 - data_loader - INFO -   Creating samples for 2008-04-30.train-a: all 1699 messages
2026-05-08 04:00:39,929 - data_loader - INFO -   Created 75 samples for 2008-04-30.train-a
2026-05-08 04:00:39,929 - data_loader - INFO -   File 71/153: 2008-04-30.train-a - 1699 messages, 11912 total samples so far
2026-05-08 04:00:39,929 - data_loader - INFO - Loading conversation from data/train/2008-05-24.train-c.ascii.txt
2026-05-08 04:00:39,931 - data_loader - INFO -   Read 1500 lines from ASCII file
2026-05-08 04:00:39,936 - data_loader - INFO -   Parsed 1500 messages, found 147 unique users
2026-05-08 04:00:40,310 - data_loader - INFO -   Loaded 369 gold links from annotation file
2026-05-08 04:00:40,310 - data_loader - INFO -   Conversation '2008-05-24.train-c' loaded in 0.38s
2026-05-08 04:00:40,311 - data_loader - INFO -   Creating samples for 2008-05-24.train-c: all 1500 messages
2026-05-08 04:00:40,321 - data_loader - INFO -   Created 97 samples for 2008-05-24.train-c
2026-05-08 04:00:40,322 - data_loader - INFO -   File 72/153: 2008-05-24.train-c - 1500 messages, 12009 total samples so far
2026-05-08 04:00:40,322 - data_loader - INFO - Loading conversation from data/train/2008-06-03.train-a.ascii.txt
2026-05-08 04:00:40,324 - data_loader - INFO -   Read 1436 lines from ASCII file
2026-05-08 04:00:40,328 - data_loader - INFO -   Parsed 1436 messages, found 140 unique users
2026-05-08 04:00:40,685 - data_loader - INFO -   Loaded 310 gold links from annotation file
2026-05-08 04:00:40,685 - data_loader - INFO -   Conversation '2008-06-03.train-a' loaded in 0.36s
2026-05-08 04:00:40,686 - data_loader - INFO -   Creating samples for 2008-06-03.train-a: all 1436 messages
2026-05-08 04:00:40,693 - data_loader - INFO -   Created 53 samples for 2008-06-03.train-a
2026-05-08 04:00:40,693 - data_loader - INFO -   File 73/153: 2008-06-03.train-a - 1436 messages, 12062 total samples so far
2026-05-08 04:00:40,693 - data_loader - INFO - Loading conversation from data/train/2008-07-03.train-c.ascii.txt
2026-05-08 04:00:40,696 - data_loader - INFO -   Read 1500 lines from ASCII file
2026-05-08 04:00:40,700 - data_loader - INFO -   Parsed 1500 messages, found 154 unique users
2026-05-08 04:00:41,101 - data_loader - INFO -   Loaded 344 gold links from annotation file
2026-05-08 04:00:41,101 - data_loader - INFO -   Conversation '2008-07-03.train-c' loaded in 0.41s
2026-05-08 04:00:41,101 - data_loader - INFO -   Creating samples for 2008-07-03.train-c: all 1500 messages
2026-05-08 04:00:41,112 - data_loader - INFO -   Created 99 samples for 2008-07-03.train-c
2026-05-08 04:00:41,113 - data_loader - INFO -   File 74/153: 2008-07-03.train-c - 1500 messages, 12161 total samples so far
2026-05-08 04:00:41,113 - data_loader - INFO - Loading conversation from data/train/2008-10-02.train-c.ascii.txt
2026-05-08 04:00:41,116 - data_loader - INFO -   Read 1500 lines from ASCII file
2026-05-08 04:00:41,120 - data_loader - INFO -   Parsed 1500 messages, found 156 unique users
2026-05-08 04:00:41,513 - data_loader - INFO -   Loaded 364 gold links from annotation file
2026-05-08 04:00:41,513 - data_loader - INFO -   Conversation '2008-10-02.train-c' loaded in 0.40s
2026-05-08 04:00:41,513 - data_loader - INFO -   Creating samples for 2008-10-02.train-c: all 1500 messages
2026-05-08 04:00:41,523 - data_loader - INFO -   Created 87 samples for 2008-10-02.train-c
2026-05-08 04:00:41,523 - data_loader - INFO -   File 75/153: 2008-10-02.train-c - 1500 messages, 12248 total samples so far
2026-05-08 04:00:41,523 - data_loader - INFO - Loading conversation from data/train/2009-01-05.train-a.ascii.txt
2026-05-08 04:00:41,526 - data_loader - INFO -   Read 1312 lines from ASCII file
2026-05-08 04:00:41,530 - data_loader - INFO -   Parsed 1312 messages, found 126 unique users
2026-05-08 04:00:41,843 - data_loader - INFO -   Loaded 211 gold links from annotation file
2026-05-08 04:00:41,843 - data_loader - INFO -   Conversation '2009-01-05.train-a' loaded in 0.32s
2026-05-08 04:00:41,843 - data_loader - INFO -   Creating samples for 2009-01-05.train-a: all 1312 messages
2026-05-08 04:00:41,850 - data_loader - INFO -   Created 46 samples for 2009-01-05.train-a
2026-05-08 04:00:41,850 - data_loader - INFO -   File 76/153: 2009-01-05.train-a - 1312 messages, 12294 total samples so far
2026-05-08 04:00:41,850 - data_loader - INFO - Loading conversation from data/train/2009-03-25.train-a.ascii.txt
2026-05-08 04:00:41,852 - data_loader - INFO -   Read 1350 lines from ASCII file
2026-05-08 04:00:41,856 - data_loader - INFO -   Parsed 1350 messages, found 163 unique users
2026-05-08 04:00:42,223 - data_loader - INFO -   Loaded 242 gold links from annotation file
2026-05-08 04:00:42,223 - data_loader - INFO -   Conversation '2009-03-25.train-a' loaded in 0.37s
2026-05-08 04:00:42,223 - data_loader - INFO -   Creating samples for 2009-03-25.train-a: all 1350 messages
2026-05-08 04:00:42,229 - data_loader - INFO -   Created 33 samples for 2009-03-25.train-a
2026-05-08 04:00:42,229 - data_loader - INFO -   File 77/153: 2009-03-25.train-a - 1350 messages, 12327 total samples so far
2026-05-08 04:00:42,229 - data_loader - INFO - Loading conversation from data/train/2009-05-04.train-c.ascii.txt
2026-05-08 04:00:42,232 - data_loader - INFO -   Read 1500 lines from ASCII file
2026-05-08 04:00:42,235 - data_loader - INFO -   Parsed 1500 messages, found 157 unique users
2026-05-08 04:00:42,664 - data_loader - INFO -   Loaded 368 gold links from annotation file
2026-05-08 04:00:42,664 - data_loader - INFO -   Conversation '2009-05-04.train-c' loaded in 0.43s
2026-05-08 04:00:42,664 - data_loader - INFO -   Creating samples for 2009-05-04.train-c: all 1500 messages
2026-05-08 04:00:42,677 - data_loader - INFO -   Created 134 samples for 2009-05-04.train-c
2026-05-08 04:00:42,677 - data_loader - INFO -   File 78/153: 2009-05-04.train-c - 1500 messages, 12461 total samples so far
2026-05-08 04:00:42,677 - data_loader - INFO - Loading conversation from data/train/2009-05-08.train-c.ascii.txt
2026-05-08 04:00:42,679 - data_loader - INFO -   Read 1500 lines from ASCII file
2026-05-08 04:00:42,683 - data_loader - INFO -   Parsed 1500 messages, found 154 unique users
2026-05-08 04:00:43,094 - data_loader - INFO -   Loaded 339 gold links from annotation file
2026-05-08 04:00:43,094 - data_loader - INFO -   Conversation '2009-05-08.train-c' loaded in 0.42s
2026-05-08 04:00:43,094 - data_loader - INFO -   Creating samples for 2009-05-08.train-c: all 1500 messages
2026-05-08 04:00:43,104 - data_loader - INFO -   Created 77 samples for 2009-05-08.train-c
2026-05-08 04:00:43,104 - data_loader - INFO -   File 79/153: 2009-05-08.train-c - 1500 messages, 12538 total samples so far
2026-05-08 04:00:43,104 - data_loader - INFO - Loading conversation from data/train/2009-07-02.train-c.ascii.txt
2026-05-08 04:00:43,107 - data_loader - INFO -   Read 1500 lines from ASCII file
2026-05-08 04:00:43,111 - data_loader - INFO -   Parsed 1500 messages, found 156 unique users
2026-05-08 04:00:43,540 - data_loader - INFO -   Loaded 376 gold links from annotation file
2026-05-08 04:00:43,540 - data_loader - INFO -   Conversation '2009-07-02.train-c' loaded in 0.44s
2026-05-08 04:00:43,540 - data_loader - INFO -   Creating samples for 2009-07-02.train-c: all 1500 messages
2026-05-08 04:00:43,550 - data_loader - INFO -   Created 70 samples for 2009-07-02.train-c
2026-05-08 04:00:43,550 - data_loader - INFO -   File 80/153: 2009-07-02.train-c - 1500 messages, 12608 total samples so far
2026-05-08 04:00:43,550 - data_loader - INFO - Loading conversation from data/train/2009-11-13.train-c.ascii.txt
2026-05-08 04:00:43,553 - data_loader - INFO -   Read 1500 lines from ASCII file
2026-05-08 04:00:43,557 - data_loader - INFO -   Parsed 1500 messages, found 182 unique users
2026-05-08 04:00:44,018 - data_loader - INFO -   Loaded 349 gold links from annotation file
2026-05-08 04:00:44,019 - data_loader - INFO -   Conversation '2009-11-13.train-c' loaded in 0.47s
2026-05-08 04:00:44,019 - data_loader - INFO -   Creating samples for 2009-11-13.train-c: all 1500 messages
2026-05-08 04:00:44,031 - data_loader - INFO -   Created 103 samples for 2009-11-13.train-c
2026-05-08 04:00:44,031 - data_loader - INFO -   File 81/153: 2009-11-13.train-c - 1500 messages, 12711 total samples so far
2026-05-08 04:00:44,031 - data_loader - INFO - Loading conversation from data/train/2009-12-05.train-c.ascii.txt
2026-05-08 04:00:44,033 - data_loader - INFO -   Read 1500 lines from ASCII file
2026-05-08 04:00:44,037 - data_loader - INFO -   Parsed 1500 messages, found 169 unique users
2026-05-08 04:00:44,475 - data_loader - INFO -   Loaded 355 gold links from annotation file
2026-05-08 04:00:44,475 - data_loader - INFO -   Conversation '2009-12-05.train-c' loaded in 0.44s
2026-05-08 04:00:44,476 - data_loader - INFO -   Creating samples for 2009-12-05.train-c: all 1500 messages
2026-05-08 04:00:44,484 - data_loader - INFO -   Created 72 samples for 2009-12-05.train-c
2026-05-08 04:00:44,485 - data_loader - INFO -   File 82/153: 2009-12-05.train-c - 1500 messages, 12783 total samples so far
2026-05-08 04:00:44,485 - data_loader - INFO - Loading conversation from data/train/2010-01-04.train-c.ascii.txt
2026-05-08 04:00:44,487 - data_loader - INFO -   Read 1500 lines from ASCII file
2026-05-08 04:00:44,491 - data_loader - INFO -   Parsed 1500 messages, found 191 unique users
2026-05-08 04:00:44,996 - data_loader - INFO -   Loaded 354 gold links from annotation file
2026-05-08 04:00:44,996 - data_loader - INFO -   Conversation '2010-01-04.train-c' loaded in 0.51s
2026-05-08 04:00:44,996 - data_loader - INFO -   Creating samples for 2010-01-04.train-c: all 1500 messages
2026-05-08 04:00:45,008 - data_loader - INFO -   Created 110 samples for 2010-01-04.train-c
2026-05-08 04:00:45,008 - data_loader - INFO -   File 83/153: 2010-01-04.train-c - 1500 messages, 12893 total samples so far
2026-05-08 04:00:45,008 - data_loader - INFO - Loading conversation from data/train/2010-02-13.train-a.ascii.txt
2026-05-08 04:00:45,011 - data_loader - INFO -   Read 1318 lines from ASCII file
2026-05-08 04:00:45,015 - data_loader - INFO -   Parsed 1318 messages, found 141 unique users
2026-05-08 04:00:45,334 - data_loader - INFO -   Loaded 218 gold links from annotation file
2026-05-08 04:00:45,334 - data_loader - INFO -   Conversation '2010-02-13.train-a' loaded in 0.33s
2026-05-08 04:00:45,334 - data_loader - INFO -   Creating samples for 2010-02-13.train-a: all 1318 messages
2026-05-08 04:00:45,340 - data_loader - INFO -   Created 37 samples for 2010-02-13.train-a
2026-05-08 04:00:45,340 - data_loader - INFO -   File 84/153: 2010-02-13.train-a - 1318 messages, 12930 total samples so far
2026-05-08 04:00:45,340 - data_loader - INFO - Loading conversation from data/train/2010-03-08.train-c.ascii.txt
2026-05-08 04:00:45,342 - data_loader - INFO -   Read 1500 lines from ASCII file
2026-05-08 04:00:45,347 - data_loader - INFO -   Parsed 1500 messages, found 237 unique users
2026-05-08 04:00:45,970 - data_loader - INFO -   Loaded 363 gold links from annotation file
2026-05-08 04:00:45,970 - data_loader - INFO -   Conversation '2010-03-08.train-c' loaded in 0.63s
2026-05-08 04:00:45,970 - data_loader - INFO -   Creating samples for 2010-03-08.train-c: all 1500 messages
2026-05-08 04:00:45,982 - data_loader - INFO -   Created 112 samples for 2010-03-08.train-c
2026-05-08 04:00:45,982 - data_loader - INFO -   File 85/153: 2010-03-08.train-c - 1500 messages, 13042 total samples so far
2026-05-08 04:00:45,982 - data_loader - INFO - Loading conversation from data/train/2010-03-20.train-c.ascii.txt
2026-05-08 04:00:45,985 - data_loader - INFO -   Read 1500 lines from ASCII file
2026-05-08 04:00:45,989 - data_loader - INFO -   Parsed 1500 messages, found 177 unique users
2026-05-08 04:00:46,455 - data_loader - INFO -   Loaded 375 gold links from annotation file
2026-05-08 04:00:46,457 - data_loader - INFO -   Conversation '2010-03-20.train-c' loaded in 0.48s
2026-05-08 04:00:46,457 - data_loader - INFO -   Creating samples for 2010-03-20.train-c: all 1500 messages
2026-05-08 04:00:46,468 - data_loader - INFO -   Created 101 samples for 2010-03-20.train-c
2026-05-08 04:00:46,468 - data_loader - INFO -   File 86/153: 2010-03-20.train-c - 1500 messages, 13143 total samples so far
2026-05-08 04:00:46,468 - data_loader - INFO - Loading conversation from data/train/2010-04-12.train-c.ascii.txt
2026-05-08 04:00:46,471 - data_loader - INFO -   Read 1500 lines from ASCII file
2026-05-08 04:00:46,476 - data_loader - INFO -   Parsed 1500 messages, found 162 unique users
2026-05-08 04:00:46,879 - data_loader - INFO -   Loaded 344 gold links from annotation file
2026-05-08 04:00:46,880 - data_loader - INFO -   Conversation '2010-04-12.train-c' loaded in 0.41s
2026-05-08 04:00:46,880 - data_loader - INFO -   Creating samples for 2010-04-12.train-c: all 1500 messages
2026-05-08 04:00:46,889 - data_loader - INFO -   Created 73 samples for 2010-04-12.train-c
2026-05-08 04:00:46,889 - data_loader - INFO -   File 87/153: 2010-04-12.train-c - 1500 messages, 13216 total samples so far
2026-05-08 04:00:46,889 - data_loader - INFO - Loading conversation from data/train/2010-05-30.train-c.ascii.txt
2026-05-08 04:00:46,891 - data_loader - INFO -   Read 1500 lines from ASCII file
2026-05-08 04:00:46,896 - data_loader - INFO -   Parsed 1500 messages, found 196 unique users
2026-05-08 04:00:47,433 - data_loader - INFO -   Loaded 345 gold links from annotation file
2026-05-08 04:00:47,433 - data_loader - INFO -   Conversation '2010-05-30.train-c' loaded in 0.54s
2026-05-08 04:00:47,433 - data_loader - INFO -   Creating samples for 2010-05-30.train-c: all 1500 messages
2026-05-08 04:00:47,445 - data_loader - INFO -   Created 112 samples for 2010-05-30.train-c
2026-05-08 04:00:47,445 - data_loader - INFO -   File 88/153: 2010-05-30.train-c - 1500 messages, 13328 total samples so far
2026-05-08 04:00:47,445 - data_loader - INFO - Loading conversation from data/train/2010-06-21.train-c.ascii.txt
2026-05-08 04:00:47,448 - data_loader - INFO -   Read 1500 lines from ASCII file
2026-05-08 04:00:47,452 - data_loader - INFO -   Parsed 1500 messages, found 120 unique users
2026-05-08 04:00:47,763 - data_loader - INFO -   Loaded 356 gold links from annotation file
2026-05-08 04:00:47,763 - data_loader - INFO -   Conversation '2010-06-21.train-c' loaded in 0.32s
2026-05-08 04:00:47,763 - data_loader - INFO -   Creating samples for 2010-06-21.train-c: all 1500 messages
2026-05-08 04:00:47,771 - data_loader - INFO -   Created 52 samples for 2010-06-21.train-c
2026-05-08 04:00:47,771 - data_loader - INFO -   File 89/153: 2010-06-21.train-c - 1500 messages, 13380 total samples so far
2026-05-08 04:00:47,771 - data_loader - INFO - Loading conversation from data/train/2010-08-05.train-a.ascii.txt
2026-05-08 04:00:47,773 - data_loader - INFO -   Read 1279 lines from ASCII file
2026-05-08 04:00:47,777 - data_loader - INFO -   Parsed 1279 messages, found 152 unique users
2026-05-08 04:00:48,132 - data_loader - INFO -   Loaded 227 gold links from annotation file
2026-05-08 04:00:48,132 - data_loader - INFO -   Conversation '2010-08-05.train-a' loaded in 0.36s
2026-05-08 04:00:48,132 - data_loader - INFO -   Creating samples for 2010-08-05.train-a: all 1279 messages
2026-05-08 04:00:48,139 - data_loader - INFO -   Created 46 samples for 2010-08-05.train-a
2026-05-08 04:00:48,139 - data_loader - INFO -   File 90/153: 2010-08-05.train-a - 1279 messages, 13426 total samples so far
2026-05-08 04:00:48,139 - data_loader - INFO - Loading conversation from data/train/2010-08-15.train-c.ascii.txt
2026-05-08 04:00:48,141 - data_loader - INFO -   Read 1500 lines from ASCII file
2026-05-08 04:00:48,146 - data_loader - INFO -   Parsed 1500 messages, found 139 unique users
2026-05-08 04:00:48,518 - data_loader - INFO -   Loaded 346 gold links from annotation file
2026-05-08 04:00:48,520 - data_loader - INFO -   Conversation '2010-08-15.train-c' loaded in 0.38s
2026-05-08 04:00:48,520 - data_loader - INFO -   Creating samples for 2010-08-15.train-c: all 1500 messages
2026-05-08 04:00:48,530 - data_loader - INFO -   Created 77 samples for 2010-08-15.train-c
2026-05-08 04:00:48,530 - data_loader - INFO -   File 91/153: 2010-08-15.train-c - 1500 messages, 13503 total samples so far
2026-05-08 04:00:48,530 - data_loader - INFO - Loading conversation from data/train/2010-08-29.train-a.ascii.txt
2026-05-08 04:00:48,532 - data_loader - INFO -   Read 1428 lines from ASCII file
2026-05-08 04:00:48,536 - data_loader - INFO -   Parsed 1428 messages, found 171 unique users
2026-05-08 04:00:48,993 - data_loader - INFO -   Loaded 329 gold links from annotation file
2026-05-08 04:00:48,993 - data_loader - INFO -   Conversation '2010-08-29.train-a' loaded in 0.46s
2026-05-08 04:00:48,994 - data_loader - INFO -   Creating samples for 2010-08-29.train-a: all 1428 messages
2026-05-08 04:00:49,001 - data_loader - INFO -   Created 54 samples for 2010-08-29.train-a
2026-05-08 04:00:49,002 - data_loader - INFO -   File 92/153: 2010-08-29.train-a - 1428 messages, 13557 total samples so far
2026-05-08 04:00:49,002 - data_loader - INFO - Loading conversation from data/train/2010-10-17.train-c.ascii.txt
2026-05-08 04:00:49,005 - data_loader - INFO -   Read 1500 lines from ASCII file
2026-05-08 04:00:49,009 - data_loader - INFO -   Parsed 1500 messages, found 119 unique users
2026-05-08 04:00:49,321 - data_loader - INFO -   Loaded 350 gold links from annotation file
2026-05-08 04:00:49,322 - data_loader - INFO -   Conversation '2010-10-17.train-c' loaded in 0.32s
2026-05-08 04:00:49,322 - data_loader - INFO -   Creating samples for 2010-10-17.train-c: all 1500 messages
2026-05-08 04:00:49,332 - data_loader - INFO -   Created 95 samples for 2010-10-17.train-c
2026-05-08 04:00:49,332 - data_loader - INFO -   File 93/153: 2010-10-17.train-c - 1500 messages, 13652 total samples so far
2026-05-08 04:00:49,332 - data_loader - INFO - Loading conversation from data/train/2010-10-27.train-c.ascii.txt
2026-05-08 04:00:49,334 - data_loader - INFO -   Read 1500 lines from ASCII file
2026-05-08 04:00:49,338 - data_loader - INFO -   Parsed 1500 messages, found 171 unique users
2026-05-08 04:00:49,798 - data_loader - INFO -   Loaded 359 gold links from annotation file
2026-05-08 04:00:49,798 - data_loader - INFO -   Conversation '2010-10-27.train-c' loaded in 0.47s
2026-05-08 04:00:49,798 - data_loader - INFO -   Creating samples for 2010-10-27.train-c: all 1500 messages
2026-05-08 04:00:49,808 - data_loader - INFO -   Created 75 samples for 2010-10-27.train-c
2026-05-08 04:00:49,808 - data_loader - INFO -   File 94/153: 2010-10-27.train-c - 1500 messages, 13727 total samples so far
2026-05-08 04:00:49,808 - data_loader - INFO - Loading conversation from data/train/2011-02-13.train-c.ascii.txt
2026-05-08 04:00:49,810 - data_loader - INFO -   Read 1500 lines from ASCII file
2026-05-08 04:00:49,814 - data_loader - INFO -   Parsed 1500 messages, found 124 unique users
2026-05-08 04:00:50,129 - data_loader - INFO -   Loaded 340 gold links from annotation file
2026-05-08 04:00:50,130 - data_loader - INFO -   Conversation '2011-02-13.train-c' loaded in 0.32s
2026-05-08 04:00:50,130 - data_loader - INFO -   Creating samples for 2011-02-13.train-c: all 1500 messages
2026-05-08 04:00:50,139 - data_loader - INFO -   Created 80 samples for 2011-02-13.train-c
2026-05-08 04:00:50,139 - data_loader - INFO -   File 95/153: 2011-02-13.train-c - 1500 messages, 13807 total samples so far
2026-05-08 04:00:50,139 - data_loader - INFO - Loading conversation from data/train/2011-02-23.train-c.ascii.txt
2026-05-08 04:00:50,142 - data_loader - INFO -   Read 1500 lines from ASCII file
2026-05-08 04:00:50,146 - data_loader - INFO -   Parsed 1500 messages, found 199 unique users
2026-05-08 04:00:50,661 - data_loader - INFO -   Loaded 365 gold links from annotation file
2026-05-08 04:00:50,663 - data_loader - INFO -   Conversation '2011-02-23.train-c' loaded in 0.52s
2026-05-08 04:00:50,663 - data_loader - INFO -   Creating samples for 2011-02-23.train-c: all 1500 messages
2026-05-08 04:00:50,674 - data_loader - INFO -   Created 110 samples for 2011-02-23.train-c
2026-05-08 04:00:50,675 - data_loader - INFO -   File 96/153: 2011-02-23.train-c - 1500 messages, 13917 total samples so far
2026-05-08 04:00:50,675 - data_loader - INFO - Loading conversation from data/train/2011-03-18.train-c.ascii.txt
2026-05-08 04:00:50,678 - data_loader - INFO -   Read 1500 lines from ASCII file
2026-05-08 04:00:50,682 - data_loader - INFO -   Parsed 1500 messages, found 161 unique users
2026-05-08 04:00:51,086 - data_loader - INFO -   Loaded 369 gold links from annotation file
2026-05-08 04:00:51,086 - data_loader - INFO -   Conversation '2011-03-18.train-c' loaded in 0.41s
2026-05-08 04:00:51,086 - data_loader - INFO -   Creating samples for 2011-03-18.train-c: all 1500 messages
2026-05-08 04:00:51,096 - data_loader - INFO -   Created 90 samples for 2011-03-18.train-c
2026-05-08 04:00:51,096 - data_loader - INFO -   File 97/153: 2011-03-18.train-c - 1500 messages, 14007 total samples so far
2026-05-08 04:00:51,096 - data_loader - INFO - Loading conversation from data/train/2011-04-14.train-c.ascii.txt
2026-05-08 04:00:51,099 - data_loader - INFO -   Read 1500 lines from ASCII file
2026-05-08 04:00:51,102 - data_loader - INFO -   Parsed 1500 messages, found 129 unique users
2026-05-08 04:00:51,435 - data_loader - INFO -   Loaded 363 gold links from annotation file
2026-05-08 04:00:51,437 - data_loader - INFO -   Conversation '2011-04-14.train-c' loaded in 0.34s
2026-05-08 04:00:51,437 - data_loader - INFO -   Creating samples for 2011-04-14.train-c: all 1500 messages
2026-05-08 04:00:51,447 - data_loader - INFO -   Created 72 samples for 2011-04-14.train-c
2026-05-08 04:00:51,447 - data_loader - INFO -   File 98/153: 2011-04-14.train-c - 1500 messages, 14079 total samples so far
2026-05-08 04:00:51,447 - data_loader - INFO - Loading conversation from data/train/2011-04-17.train-c.ascii.txt
2026-05-08 04:00:51,449 - data_loader - INFO -   Read 1500 lines from ASCII file
2026-05-08 04:00:51,453 - data_loader - INFO -   Parsed 1500 messages, found 141 unique users
2026-05-08 04:00:51,829 - data_loader - INFO -   Loaded 361 gold links from annotation file
2026-05-08 04:00:51,829 - data_loader - INFO -   Conversation '2011-04-17.train-c' loaded in 0.38s
2026-05-08 04:00:51,829 - data_loader - INFO -   Creating samples for 2011-04-17.train-c: all 1500 messages
2026-05-08 04:00:51,839 - data_loader - INFO -   Created 75 samples for 2011-04-17.train-c
2026-05-08 04:00:51,839 - data_loader - INFO -   File 99/153: 2011-04-17.train-c - 1500 messages, 14154 total samples so far
2026-05-08 04:00:51,839 - data_loader - INFO - Loading conversation from data/train/2011-04-28.train-a.ascii.txt
2026-05-08 04:00:51,842 - data_loader - INFO -   Read 1411 lines from ASCII file
2026-05-08 04:00:51,846 - data_loader - INFO -   Parsed 1411 messages, found 168 unique users
2026-05-08 04:00:52,229 - data_loader - INFO -   Loaded 270 gold links from annotation file
2026-05-08 04:00:52,231 - data_loader - INFO -   Conversation '2011-04-28.train-a' loaded in 0.39s
2026-05-08 04:00:52,231 - data_loader - INFO -   Creating samples for 2011-04-28.train-a: all 1411 messages
2026-05-08 04:00:52,240 - data_loader - INFO -   Created 78 samples for 2011-04-28.train-a
2026-05-08 04:00:52,240 - data_loader - INFO -   File 100/153: 2011-04-28.train-a - 1411 messages, 14232 total samples so far
2026-05-08 04:00:52,240 - data_loader - INFO - Loading conversation from data/train/2011-08-17.train-a.ascii.txt
2026-05-08 04:00:52,242 - data_loader - INFO -   Read 1137 lines from ASCII file
2026-05-08 04:00:52,245 - data_loader - INFO -   Parsed 1137 messages, found 119 unique users
2026-05-08 04:00:52,481 - data_loader - INFO -   Loaded 90 gold links from annotation file
2026-05-08 04:00:52,481 - data_loader - INFO -   Conversation '2011-08-17.train-a' loaded in 0.24s
2026-05-08 04:00:52,481 - data_loader - INFO -   Creating samples for 2011-08-17.train-a: all 1137 messages
2026-05-08 04:00:52,487 - data_loader - INFO -   Created 30 samples for 2011-08-17.train-a
2026-05-08 04:00:52,487 - data_loader - INFO -   File 101/153: 2011-08-17.train-a - 1137 messages, 14262 total samples so far
2026-05-08 04:00:52,487 - data_loader - INFO - Loading conversation from data/train/2011-08-22.train-c.ascii.txt
2026-05-08 04:00:52,489 - data_loader - INFO -   Read 1500 lines from ASCII file
2026-05-08 04:00:52,493 - data_loader - INFO -   Parsed 1500 messages, found 158 unique users
2026-05-08 04:00:52,898 - data_loader - INFO -   Loaded 349 gold links from annotation file
2026-05-08 04:00:52,898 - data_loader - INFO -   Conversation '2011-08-22.train-c' loaded in 0.41s
2026-05-08 04:00:52,898 - data_loader - INFO -   Creating samples for 2011-08-22.train-c: all 1500 messages
2026-05-08 04:00:52,910 - data_loader - INFO -   Created 110 samples for 2011-08-22.train-c
2026-05-08 04:00:52,910 - data_loader - INFO -   File 102/153: 2011-08-22.train-c - 1500 messages, 14372 total samples so far
2026-05-08 04:00:52,910 - data_loader - INFO - Loading conversation from data/train/2011-11-24.train-c.ascii.txt
2026-05-08 04:00:52,912 - data_loader - INFO -   Read 1500 lines from ASCII file
2026-05-08 04:00:52,916 - data_loader - INFO -   Parsed 1500 messages, found 161 unique users
2026-05-08 04:00:53,319 - data_loader - INFO -   Loaded 361 gold links from annotation file
2026-05-08 04:00:53,319 - data_loader - INFO -   Conversation '2011-11-24.train-c' loaded in 0.41s
2026-05-08 04:00:53,319 - data_loader - INFO -   Creating samples for 2011-11-24.train-c: all 1500 messages
2026-05-08 04:00:53,328 - data_loader - INFO -   Created 84 samples for 2011-11-24.train-c
2026-05-08 04:00:53,329 - data_loader - INFO -   File 103/153: 2011-11-24.train-c - 1500 messages, 14456 total samples so far
2026-05-08 04:00:53,329 - data_loader - INFO - Loading conversation from data/train/2011-12-07.train-c.ascii.txt
2026-05-08 04:00:53,331 - data_loader - INFO -   Read 1500 lines from ASCII file
2026-05-08 04:00:53,335 - data_loader - INFO -   Parsed 1500 messages, found 142 unique users
2026-05-08 04:00:53,676 - data_loader - INFO -   Loaded 369 gold links from annotation file
2026-05-08 04:00:53,676 - data_loader - INFO -   Conversation '2011-12-07.train-c' loaded in 0.35s
2026-05-08 04:00:53,676 - data_loader - INFO -   Creating samples for 2011-12-07.train-c: all 1500 messages
2026-05-08 04:00:53,688 - data_loader - INFO -   Created 119 samples for 2011-12-07.train-c
2026-05-08 04:00:53,688 - data_loader - INFO -   File 104/153: 2011-12-07.train-c - 1500 messages, 14575 total samples so far
2026-05-08 04:00:53,688 - data_loader - INFO - Loading conversation from data/train/2012-02-03.train-a.ascii.txt
2026-05-08 04:00:53,690 - data_loader - INFO -   Read 1242 lines from ASCII file
2026-05-08 04:00:53,693 - data_loader - INFO -   Parsed 1242 messages, found 153 unique users
2026-05-08 04:00:54,015 - data_loader - INFO -   Loaded 167 gold links from annotation file
2026-05-08 04:00:54,015 - data_loader - INFO -   Conversation '2012-02-03.train-a' loaded in 0.33s
2026-05-08 04:00:54,015 - data_loader - INFO -   Creating samples for 2012-02-03.train-a: all 1242 messages
2026-05-08 04:00:54,315 - data_loader - INFO -   Created 49 samples for 2012-02-03.train-a
2026-05-08 04:00:54,316 - data_loader - INFO -   File 105/153: 2012-02-03.train-a - 1242 messages, 14624 total samples so far
2026-05-08 04:00:54,316 - data_loader - INFO - Loading conversation from data/train/2012-03-24.train-c.ascii.txt
2026-05-08 04:00:54,319 - data_loader - INFO -   Read 1500 lines from ASCII file
2026-05-08 04:00:54,323 - data_loader - INFO -   Parsed 1500 messages, found 163 unique users
2026-05-08 04:00:54,768 - data_loader - INFO -   Loaded 342 gold links from annotation file
2026-05-08 04:00:54,768 - data_loader - INFO -   Conversation '2012-03-24.train-c' loaded in 0.45s
2026-05-08 04:00:54,768 - data_loader - INFO -   Creating samples for 2012-03-24.train-c: all 1500 messages
2026-05-08 04:00:54,779 - data_loader - INFO -   Created 80 samples for 2012-03-24.train-c
2026-05-08 04:00:54,779 - data_loader - INFO -   File 106/153: 2012-03-24.train-c - 1500 messages, 14704 total samples so far
2026-05-08 04:00:54,779 - data_loader - INFO - Loading conversation from data/train/2012-05-04.train-a.ascii.txt
2026-05-08 04:00:54,782 - data_loader - INFO -   Read 1211 lines from ASCII file
2026-05-08 04:00:54,785 - data_loader - INFO -   Parsed 1211 messages, found 136 unique users
2026-05-08 04:00:55,071 - data_loader - INFO -   Loaded 154 gold links from annotation file
2026-05-08 04:00:55,071 - data_loader - INFO -   Conversation '2012-05-04.train-a' loaded in 0.29s
2026-05-08 04:00:55,071 - data_loader - INFO -   Creating samples for 2012-05-04.train-a: all 1211 messages
2026-05-08 04:00:55,076 - data_loader - INFO -   Created 21 samples for 2012-05-04.train-a
2026-05-08 04:00:55,076 - data_loader - INFO -   File 107/153: 2012-05-04.train-a - 1211 messages, 14725 total samples so far
2026-05-08 04:00:55,076 - data_loader - INFO - Loading conversation from data/train/2012-05-20.train-a.ascii.txt
2026-05-08 04:00:55,079 - data_loader - INFO -   Read 1365 lines from ASCII file
2026-05-08 04:00:55,083 - data_loader - INFO -   Parsed 1365 messages, found 131 unique users
2026-05-08 04:00:55,423 - data_loader - INFO -   Loaded 288 gold links from annotation file
2026-05-08 04:00:55,423 - data_loader - INFO -   Conversation '2012-05-20.train-a' loaded in 0.35s
2026-05-08 04:00:55,423 - data_loader - INFO -   Creating samples for 2012-05-20.train-a: all 1365 messages
2026-05-08 04:00:55,430 - data_loader - INFO -   Created 47 samples for 2012-05-20.train-a
2026-05-08 04:00:55,430 - data_loader - INFO -   File 108/153: 2012-05-20.train-a - 1365 messages, 14772 total samples so far
2026-05-08 04:00:55,430 - data_loader - INFO - Loading conversation from data/train/2012-06-02.train-a.ascii.txt
2026-05-08 04:00:55,432 - data_loader - INFO -   Read 1141 lines from ASCII file
2026-05-08 04:00:55,435 - data_loader - INFO -   Parsed 1141 messages, found 169 unique users
2026-05-08 04:00:55,770 - data_loader - INFO -   Loaded 115 gold links from annotation file
2026-05-08 04:00:55,770 - data_loader - INFO -   Conversation '2012-06-02.train-a' loaded in 0.34s
2026-05-08 04:00:55,770 - data_loader - INFO -   Creating samples for 2012-06-02.train-a: all 1141 messages
2026-05-08 04:00:55,775 - data_loader - INFO -   Created 29 samples for 2012-06-02.train-a
2026-05-08 04:00:55,775 - data_loader - INFO -   File 109/153: 2012-06-02.train-a - 1141 messages, 14801 total samples so far
2026-05-08 04:00:55,775 - data_loader - INFO - Loading conversation from data/train/2012-06-20.train-c.ascii.txt
2026-05-08 04:00:55,777 - data_loader - INFO -   Read 1500 lines from ASCII file
2026-05-08 04:00:55,781 - data_loader - INFO -   Parsed 1500 messages, found 147 unique users
2026-05-08 04:00:56,163 - data_loader - INFO -   Loaded 372 gold links from annotation file
2026-05-08 04:00:56,164 - data_loader - INFO -   Conversation '2012-06-20.train-c' loaded in 0.39s
2026-05-08 04:00:56,164 - data_loader - INFO -   Creating samples for 2012-06-20.train-c: all 1500 messages
2026-05-08 04:00:56,173 - data_loader - INFO -   Created 73 samples for 2012-06-20.train-c
2026-05-08 04:00:56,173 - data_loader - INFO -   File 110/153: 2012-06-20.train-c - 1500 messages, 14874 total samples so far
2026-05-08 04:00:56,173 - data_loader - INFO - Loading conversation from data/train/2012-11-24.train-a.ascii.txt
2026-05-08 04:00:56,176 - data_loader - INFO -   Read 1216 lines from ASCII file
2026-05-08 04:00:56,179 - data_loader - INFO -   Parsed 1216 messages, found 125 unique users
2026-05-08 04:00:56,438 - data_loader - INFO -   Loaded 154 gold links from annotation file
2026-05-08 04:00:56,438 - data_loader - INFO -   Conversation '2012-11-24.train-a' loaded in 0.26s
2026-05-08 04:00:56,438 - data_loader - INFO -   Creating samples for 2012-11-24.train-a: all 1216 messages
2026-05-08 04:00:56,442 - data_loader - INFO -   Created 19 samples for 2012-11-24.train-a
2026-05-08 04:00:56,442 - data_loader - INFO -   File 111/153: 2012-11-24.train-a - 1216 messages, 14893 total samples so far
2026-05-08 04:00:56,442 - data_loader - INFO - Loading conversation from data/train/2012-11-30.train-a.ascii.txt
2026-05-08 04:00:56,445 - data_loader - INFO -   Read 1284 lines from ASCII file
2026-05-08 04:00:56,449 - data_loader - INFO -   Parsed 1284 messages, found 133 unique users
2026-05-08 04:00:56,732 - data_loader - INFO -   Loaded 207 gold links from annotation file
2026-05-08 04:00:56,732 - data_loader - INFO -   Conversation '2012-11-30.train-a' loaded in 0.29s
2026-05-08 04:00:56,732 - data_loader - INFO -   Creating samples for 2012-11-30.train-a: all 1284 messages
2026-05-08 04:00:56,737 - data_loader - INFO -   Created 29 samples for 2012-11-30.train-a
2026-05-08 04:00:56,737 - data_loader - INFO -   File 112/153: 2012-11-30.train-a - 1284 messages, 14922 total samples so far
2026-05-08 04:00:56,737 - data_loader - INFO - Loading conversation from data/train/2012-12-15.train-a.ascii.txt
2026-05-08 04:00:56,740 - data_loader - INFO -   Read 1175 lines from ASCII file
2026-05-08 04:00:56,743 - data_loader - INFO -   Parsed 1175 messages, found 137 unique users
2026-05-08 04:00:57,035 - data_loader - INFO -   Loaded 127 gold links from annotation file
2026-05-08 04:00:57,035 - data_loader - INFO -   Conversation '2012-12-15.train-a' loaded in 0.30s
2026-05-08 04:00:57,035 - data_loader - INFO -   Creating samples for 2012-12-15.train-a: all 1175 messages
2026-05-08 04:00:57,040 - data_loader - INFO -   Created 28 samples for 2012-12-15.train-a
2026-05-08 04:00:57,040 - data_loader - INFO -   File 113/153: 2012-12-15.train-a - 1175 messages, 14950 total samples so far
2026-05-08 04:00:57,040 - data_loader - INFO - Loading conversation from data/train/2013-01-11.train-a.ascii.txt
2026-05-08 04:00:57,042 - data_loader - INFO -   Read 1079 lines from ASCII file
2026-05-08 04:00:57,045 - data_loader - INFO -   Parsed 1079 messages, found 109 unique users
2026-05-08 04:00:57,245 - data_loader - INFO -   Loaded 54 gold links from annotation file
2026-05-08 04:00:57,245 - data_loader - INFO -   Conversation '2013-01-11.train-a' loaded in 0.21s
2026-05-08 04:00:57,245 - data_loader - INFO -   Creating samples for 2013-01-11.train-a: all 1079 messages
2026-05-08 04:00:57,250 - data_loader - INFO -   Created 25 samples for 2013-01-11.train-a
2026-05-08 04:00:57,250 - data_loader - INFO -   File 114/153: 2013-01-11.train-a - 1079 messages, 14975 total samples so far
2026-05-08 04:00:57,250 - data_loader - INFO - Loading conversation from data/train/2013-01-30.train-a.ascii.txt
2026-05-08 04:00:57,252 - data_loader - INFO -   Read 1292 lines from ASCII file
2026-05-08 04:00:57,256 - data_loader - INFO -   Parsed 1292 messages, found 137 unique users
2026-05-08 04:00:57,548 - data_loader - INFO -   Loaded 255 gold links from annotation file
2026-05-08 04:00:57,548 - data_loader - INFO -   Conversation '2013-01-30.train-a' loaded in 0.30s
2026-05-08 04:00:57,548 - data_loader - INFO -   Creating samples for 2013-01-30.train-a: all 1292 messages
2026-05-08 04:00:57,554 - data_loader - INFO -   Created 29 samples for 2013-01-30.train-a
2026-05-08 04:00:57,554 - data_loader - INFO -   File 115/153: 2013-01-30.train-a - 1292 messages, 15004 total samples so far
2026-05-08 04:00:57,554 - data_loader - INFO - Loading conversation from data/train/2013-02-24.train-a.ascii.txt
2026-05-08 04:00:57,556 - data_loader - INFO -   Read 1281 lines from ASCII file
2026-05-08 04:00:57,559 - data_loader - INFO -   Parsed 1281 messages, found 103 unique users
2026-05-08 04:00:57,801 - data_loader - INFO -   Loaded 227 gold links from annotation file
2026-05-08 04:00:57,801 - data_loader - INFO -   Conversation '2013-02-24.train-a' loaded in 0.25s
2026-05-08 04:00:57,801 - data_loader - INFO -   Creating samples for 2013-02-24.train-a: all 1281 messages
2026-05-08 04:00:57,807 - data_loader - INFO -   Created 25 samples for 2013-02-24.train-a
2026-05-08 04:00:57,807 - data_loader - INFO -   File 116/153: 2013-02-24.train-a - 1281 messages, 15029 total samples so far
2026-05-08 04:00:57,807 - data_loader - INFO - Loading conversation from data/train/2013-05-05.train-a.ascii.txt
2026-05-08 04:00:57,809 - data_loader - INFO -   Read 1163 lines from ASCII file
2026-05-08 04:00:57,812 - data_loader - INFO -   Parsed 1163 messages, found 131 unique users
2026-05-08 04:00:58,069 - data_loader - INFO -   Loaded 130 gold links from annotation file
2026-05-08 04:00:58,069 - data_loader - INFO -   Conversation '2013-05-05.train-a' loaded in 0.26s
2026-05-08 04:00:58,069 - data_loader - INFO -   Creating samples for 2013-05-05.train-a: all 1163 messages
2026-05-08 04:00:58,075 - data_loader - INFO -   Created 33 samples for 2013-05-05.train-a
2026-05-08 04:00:58,075 - data_loader - INFO -   File 117/153: 2013-05-05.train-a - 1163 messages, 15062 total samples so far
2026-05-08 04:00:58,075 - data_loader - INFO - Loading conversation from data/train/2013-05-07.train-a.ascii.txt
2026-05-08 04:00:58,077 - data_loader - INFO -   Read 1147 lines from ASCII file
2026-05-08 04:00:58,081 - data_loader - INFO -   Parsed 1147 messages, found 116 unique users
2026-05-08 04:00:58,312 - data_loader - INFO -   Loaded 127 gold links from annotation file
2026-05-08 04:00:58,312 - data_loader - INFO -   Conversation '2013-05-07.train-a' loaded in 0.24s
2026-05-08 04:00:58,312 - data_loader - INFO -   Creating samples for 2013-05-07.train-a: all 1147 messages
2026-05-08 04:00:58,316 - data_loader - INFO -   Created 18 samples for 2013-05-07.train-a
2026-05-08 04:00:58,317 - data_loader - INFO -   File 118/153: 2013-05-07.train-a - 1147 messages, 15080 total samples so far
2026-05-08 04:00:58,317 - data_loader - INFO - Loading conversation from data/train/2013-05-19.train-a.ascii.txt
2026-05-08 04:00:58,319 - data_loader - INFO -   Read 1181 lines from ASCII file
2026-05-08 04:00:58,322 - data_loader - INFO -   Parsed 1181 messages, found 131 unique users
2026-05-08 04:00:58,588 - data_loader - INFO -   Loaded 127 gold links from annotation file
2026-05-08 04:00:58,588 - data_loader - INFO -   Conversation '2013-05-19.train-a' loaded in 0.27s
2026-05-08 04:00:58,588 - data_loader - INFO -   Creating samples for 2013-05-19.train-a: all 1181 messages
2026-05-08 04:00:58,593 - data_loader - INFO -   Created 28 samples for 2013-05-19.train-a
2026-05-08 04:00:58,593 - data_loader - INFO -   File 119/153: 2013-05-19.train-a - 1181 messages, 15108 total samples so far
2026-05-08 04:00:58,594 - data_loader - INFO - Loading conversation from data/train/2013-05-28.train-c.ascii.txt
2026-05-08 04:00:58,596 - data_loader - INFO -   Read 1500 lines from ASCII file
2026-05-08 04:00:58,600 - data_loader - INFO -   Parsed 1500 messages, found 145 unique users
2026-05-08 04:00:58,971 - data_loader - INFO -   Loaded 353 gold links from annotation file
2026-05-08 04:00:58,971 - data_loader - INFO -   Conversation '2013-05-28.train-c' loaded in 0.38s
2026-05-08 04:00:58,971 - data_loader - INFO -   Creating samples for 2013-05-28.train-c: all 1500 messages
2026-05-08 04:00:58,981 - data_loader - INFO -   Created 98 samples for 2013-05-28.train-c
2026-05-08 04:00:58,981 - data_loader - INFO -   File 120/153: 2013-05-28.train-c - 1500 messages, 15206 total samples so far
2026-05-08 04:00:58,981 - data_loader - INFO - Loading conversation from data/train/2013-07-10.train-a.ascii.txt
2026-05-08 04:00:58,984 - data_loader - INFO -   Read 1140 lines from ASCII file
2026-05-08 04:00:58,987 - data_loader - INFO -   Parsed 1140 messages, found 104 unique users
2026-05-08 04:00:59,190 - data_loader - INFO -   Loaded 107 gold links from annotation file
2026-05-08 04:00:59,190 - data_loader - INFO -   Conversation '2013-07-10.train-a' loaded in 0.21s
2026-05-08 04:00:59,190 - data_loader - INFO -   Creating samples for 2013-07-10.train-a: all 1140 messages
2026-05-08 04:00:59,195 - data_loader - INFO -   Created 17 samples for 2013-07-10.train-a
2026-05-08 04:00:59,195 - data_loader - INFO -   File 121/153: 2013-07-10.train-a - 1140 messages, 15223 total samples so far
2026-05-08 04:00:59,195 - data_loader - INFO - Loading conversation from data/train/2013-07-19.train-a.ascii.txt
2026-05-08 04:00:59,197 - data_loader - INFO -   Read 1192 lines from ASCII file
2026-05-08 04:00:59,200 - data_loader - INFO -   Parsed 1192 messages, found 92 unique users
2026-05-08 04:00:59,386 - data_loader - INFO -   Loaded 130 gold links from annotation file
2026-05-08 04:00:59,386 - data_loader - INFO -   Conversation '2013-07-19.train-a' loaded in 0.19s
2026-05-08 04:00:59,387 - data_loader - INFO -   Creating samples for 2013-07-19.train-a: all 1192 messages
2026-05-08 04:00:59,391 - data_loader - INFO -   Created 13 samples for 2013-07-19.train-a
2026-05-08 04:00:59,391 - data_loader - INFO -   File 122/153: 2013-07-19.train-a - 1192 messages, 15236 total samples so far
2026-05-08 04:00:59,391 - data_loader - INFO - Loading conversation from data/train/2013-08-29.train-c.ascii.txt
2026-05-08 04:00:59,393 - data_loader - INFO -   Read 1500 lines from ASCII file
2026-05-08 04:00:59,397 - data_loader - INFO -   Parsed 1500 messages, found 128 unique users
2026-05-08 04:00:59,732 - data_loader - INFO -   Loaded 358 gold links from annotation file
2026-05-08 04:00:59,732 - data_loader - INFO -   Conversation '2013-08-29.train-c' loaded in 0.34s
2026-05-08 04:00:59,732 - data_loader - INFO -   Creating samples for 2013-08-29.train-c: all 1500 messages
2026-05-08 04:00:59,741 - data_loader - INFO -   Created 67 samples for 2013-08-29.train-c
2026-05-08 04:00:59,741 - data_loader - INFO -   File 123/153: 2013-08-29.train-c - 1500 messages, 15303 total samples so far
2026-05-08 04:00:59,741 - data_loader - INFO - Loading conversation from data/train/2013-08-30.train-a.ascii.txt
2026-05-08 04:00:59,745 - data_loader - INFO -   Read 1126 lines from ASCII file
2026-05-08 04:00:59,748 - data_loader - INFO -   Parsed 1126 messages, found 97 unique users
2026-05-08 04:00:59,940 - data_loader - INFO -   Loaded 95 gold links from annotation file
2026-05-08 04:00:59,940 - data_loader - INFO -   Conversation '2013-08-30.train-a' loaded in 0.20s
2026-05-08 04:00:59,940 - data_loader - INFO -   Creating samples for 2013-08-30.train-a: all 1126 messages
2026-05-08 04:00:59,944 - data_loader - INFO -   Created 20 samples for 2013-08-30.train-a
2026-05-08 04:00:59,944 - data_loader - INFO -   File 124/153: 2013-08-30.train-a - 1126 messages, 15323 total samples so far
2026-05-08 04:00:59,944 - data_loader - INFO - Loading conversation from data/train/2013-09-12.train-a.ascii.txt
2026-05-08 04:00:59,947 - data_loader - INFO -   Read 1256 lines from ASCII file
2026-05-08 04:00:59,950 - data_loader - INFO -   Parsed 1256 messages, found 110 unique users
2026-05-08 04:01:00,184 - data_loader - INFO -   Loaded 216 gold links from annotation file
2026-05-08 04:01:00,184 - data_loader - INFO -   Conversation '2013-09-12.train-a' loaded in 0.24s
2026-05-08 04:01:00,184 - data_loader - INFO -   Creating samples for 2013-09-12.train-a: all 1256 messages
2026-05-08 04:01:00,189 - data_loader - INFO -   Created 17 samples for 2013-09-12.train-a
2026-05-08 04:01:00,189 - data_loader - INFO -   File 125/153: 2013-09-12.train-a - 1256 messages, 15340 total samples so far
2026-05-08 04:01:00,189 - data_loader - INFO - Loading conversation from data/train/2013-09-16.train-c.ascii.txt
2026-05-08 04:01:00,192 - data_loader - INFO -   Read 1500 lines from ASCII file
2026-05-08 04:01:00,196 - data_loader - INFO -   Parsed 1500 messages, found 124 unique users
2026-05-08 04:01:00,516 - data_loader - INFO -   Loaded 360 gold links from annotation file
2026-05-08 04:01:00,516 - data_loader - INFO -   Conversation '2013-09-16.train-c' loaded in 0.33s
2026-05-08 04:01:00,516 - data_loader - INFO -   Creating samples for 2013-09-16.train-c: all 1500 messages
2026-05-08 04:01:00,525 - data_loader - INFO -   Created 77 samples for 2013-09-16.train-c
2026-05-08 04:01:00,526 - data_loader - INFO -   File 126/153: 2013-09-16.train-c - 1500 messages, 15417 total samples so far
2026-05-08 04:01:00,526 - data_loader - INFO - Loading conversation from data/train/2013-10-04.train-a.ascii.txt
2026-05-08 04:01:00,528 - data_loader - INFO -   Read 1062 lines from ASCII file
2026-05-08 04:01:00,530 - data_loader - INFO -   Parsed 1062 messages, found 97 unique users
2026-05-08 04:01:00,705 - data_loader - INFO -   Loaded 39 gold links from annotation file
2026-05-08 04:01:00,705 - data_loader - INFO -   Conversation '2013-10-04.train-a' loaded in 0.18s
2026-05-08 04:01:00,705 - data_loader - INFO -   Creating samples for 2013-10-04.train-a: all 1062 messages
2026-05-08 04:01:00,709 - data_loader - INFO -   Created 18 samples for 2013-10-04.train-a
2026-05-08 04:01:00,709 - data_loader - INFO -   File 127/153: 2013-10-04.train-a - 1062 messages, 15435 total samples so far
2026-05-08 04:01:00,709 - data_loader - INFO - Loading conversation from data/train/2013-10-11.train-a.ascii.txt
2026-05-08 04:01:00,711 - data_loader - INFO -   Read 1084 lines from ASCII file
2026-05-08 04:01:00,714 - data_loader - INFO -   Parsed 1084 messages, found 108 unique users
2026-05-08 04:01:00,916 - data_loader - INFO -   Loaded 61 gold links from annotation file
2026-05-08 04:01:00,916 - data_loader - INFO -   Conversation '2013-10-11.train-a' loaded in 0.21s
2026-05-08 04:01:00,916 - data_loader - INFO -   Creating samples for 2013-10-11.train-a: all 1084 messages
2026-05-08 04:01:00,920 - data_loader - INFO -   Created 23 samples for 2013-10-11.train-a
2026-05-08 04:01:00,920 - data_loader - INFO -   File 128/153: 2013-10-11.train-a - 1084 messages, 15458 total samples so far
2026-05-08 04:01:00,920 - data_loader - INFO - Loading conversation from data/train/2013-10-28.train-a.ascii.txt
2026-05-08 04:01:00,923 - data_loader - INFO -   Read 1307 lines from ASCII file
2026-05-08 04:01:00,926 - data_loader - INFO -   Parsed 1307 messages, found 143 unique users
2026-05-08 04:01:01,243 - data_loader - INFO -   Loaded 226 gold links from annotation file
2026-05-08 04:01:01,243 - data_loader - INFO -   Conversation '2013-10-28.train-a' loaded in 0.32s
2026-05-08 04:01:01,243 - data_loader - INFO -   Creating samples for 2013-10-28.train-a: all 1307 messages
2026-05-08 04:01:01,249 - data_loader - INFO -   Created 45 samples for 2013-10-28.train-a
2026-05-08 04:01:01,249 - data_loader - INFO -   File 129/153: 2013-10-28.train-a - 1307 messages, 15503 total samples so far
2026-05-08 04:01:01,250 - data_loader - INFO - Loading conversation from data/train/2013-12-02.train-a.ascii.txt
2026-05-08 04:01:01,253 - data_loader - INFO -   Read 1181 lines from ASCII file
2026-05-08 04:01:01,256 - data_loader - INFO -   Parsed 1181 messages, found 141 unique users
2026-05-08 04:01:01,547 - data_loader - INFO -   Loaded 132 gold links from annotation file
2026-05-08 04:01:01,547 - data_loader - INFO -   Conversation '2013-12-02.train-a' loaded in 0.30s
2026-05-08 04:01:01,547 - data_loader - INFO -   Creating samples for 2013-12-02.train-a: all 1181 messages
2026-05-08 04:01:01,553 - data_loader - INFO -   Created 43 samples for 2013-12-02.train-a
2026-05-08 04:01:01,553 - data_loader - INFO -   File 130/153: 2013-12-02.train-a - 1181 messages, 15546 total samples so far
2026-05-08 04:01:01,553 - data_loader - INFO - Loading conversation from data/train/2014-01-08.train-c.ascii.txt
2026-05-08 04:01:01,556 - data_loader - INFO -   Read 1500 lines from ASCII file
2026-05-08 04:01:01,560 - data_loader - INFO -   Parsed 1500 messages, found 84 unique users
2026-05-08 04:01:01,771 - data_loader - INFO -   Loaded 389 gold links from annotation file
2026-05-08 04:01:01,771 - data_loader - INFO -   Conversation '2014-01-08.train-c' loaded in 0.22s
2026-05-08 04:01:01,771 - data_loader - INFO -   Creating samples for 2014-01-08.train-c: all 1500 messages
2026-05-08 04:01:01,781 - data_loader - INFO -   Created 81 samples for 2014-01-08.train-c
2026-05-08 04:01:01,781 - data_loader - INFO -   File 131/153: 2014-01-08.train-c - 1500 messages, 15627 total samples so far
2026-05-08 04:01:01,781 - data_loader - INFO - Loading conversation from data/train/2014-08-14.train-c.ascii.txt
2026-05-08 04:01:01,783 - data_loader - INFO -   Read 1500 lines from ASCII file
2026-05-08 04:01:01,787 - data_loader - INFO -   Parsed 1500 messages, found 135 unique users
2026-05-08 04:01:02,152 - data_loader - INFO -   Loaded 370 gold links from annotation file
2026-05-08 04:01:02,152 - data_loader - INFO -   Conversation '2014-08-14.train-c' loaded in 0.37s
2026-05-08 04:01:02,152 - data_loader - INFO -   Creating samples for 2014-08-14.train-c: all 1500 messages
2026-05-08 04:01:02,161 - data_loader - INFO -   Created 78 samples for 2014-08-14.train-c
2026-05-08 04:01:02,161 - data_loader - INFO -   File 132/153: 2014-08-14.train-c - 1500 messages, 15705 total samples so far
2026-05-08 04:01:02,161 - data_loader - INFO - Loading conversation from data/train/2014-09-29.train-c.ascii.txt
2026-05-08 04:01:02,163 - data_loader - INFO -   Read 1500 lines from ASCII file
2026-05-08 04:01:02,167 - data_loader - INFO -   Parsed 1500 messages, found 152 unique users
2026-05-08 04:01:02,560 - data_loader - INFO -   Loaded 370 gold links from annotation file
2026-05-08 04:01:02,560 - data_loader - INFO -   Conversation '2014-09-29.train-c' loaded in 0.40s
2026-05-08 04:01:02,560 - data_loader - INFO -   Creating samples for 2014-09-29.train-c: all 1500 messages
2026-05-08 04:01:02,570 - data_loader - INFO -   Created 97 samples for 2014-09-29.train-c
2026-05-08 04:01:02,571 - data_loader - INFO -   File 133/153: 2014-09-29.train-c - 1500 messages, 15802 total samples so far
2026-05-08 04:01:02,571 - data_loader - INFO - Loading conversation from data/train/2014-12-21.train-c.ascii.txt
2026-05-08 04:01:02,573 - data_loader - INFO -   Read 1500 lines from ASCII file
2026-05-08 04:01:02,577 - data_loader - INFO -   Parsed 1500 messages, found 137 unique users
2026-05-08 04:01:02,919 - data_loader - INFO -   Loaded 366 gold links from annotation file
2026-05-08 04:01:02,919 - data_loader - INFO -   Conversation '2014-12-21.train-c' loaded in 0.35s
2026-05-08 04:01:02,919 - data_loader - INFO -   Creating samples for 2014-12-21.train-c: all 1500 messages
2026-05-08 04:01:02,930 - data_loader - INFO -   Created 120 samples for 2014-12-21.train-c
2026-05-08 04:01:02,930 - data_loader - INFO -   File 134/153: 2014-12-21.train-c - 1500 messages, 15922 total samples so far
2026-05-08 04:01:02,930 - data_loader - INFO - Loading conversation from data/train/2014-12-27.train-c.ascii.txt
2026-05-08 04:01:02,933 - data_loader - INFO -   Read 1500 lines from ASCII file
2026-05-08 04:01:02,937 - data_loader - INFO -   Parsed 1500 messages, found 142 unique users
2026-05-08 04:01:03,299 - data_loader - INFO -   Loaded 370 gold links from annotation file
2026-05-08 04:01:03,299 - data_loader - INFO -   Conversation '2014-12-27.train-c' loaded in 0.37s
2026-05-08 04:01:03,299 - data_loader - INFO -   Creating samples for 2014-12-27.train-c: all 1500 messages
2026-05-08 04:01:03,309 - data_loader - INFO -   Created 92 samples for 2014-12-27.train-c
2026-05-08 04:01:03,309 - data_loader - INFO -   File 135/153: 2014-12-27.train-c - 1500 messages, 16014 total samples so far
2026-05-08 04:01:03,309 - data_loader - INFO - Loading conversation from data/train/2015-01-20.train-b.ascii.txt
2026-05-08 04:01:03,311 - data_loader - INFO -   Read 1100 lines from ASCII file
2026-05-08 04:01:03,314 - data_loader - INFO -   Parsed 1100 messages, found 91 unique users
2026-05-08 04:01:03,483 - data_loader - INFO -   Loaded 74 gold links from annotation file
2026-05-08 04:01:03,483 - data_loader - INFO -   Conversation '2015-01-20.train-b' loaded in 0.17s
2026-05-08 04:01:03,483 - data_loader - INFO -   Creating samples for 2015-01-20.train-b: all 1100 messages
2026-05-08 04:01:03,487 - data_loader - INFO -   Created 5 samples for 2015-01-20.train-b
2026-05-08 04:01:03,487 - data_loader - INFO -   File 136/153: 2015-01-20.train-b - 1100 messages, 16019 total samples so far
2026-05-08 04:01:03,487 - data_loader - INFO - Loading conversation from data/train/2015-02-04.train-b.ascii.txt
2026-05-08 04:01:03,489 - data_loader - INFO -   Read 1100 lines from ASCII file
2026-05-08 04:01:03,492 - data_loader - INFO -   Parsed 1100 messages, found 139 unique users
2026-05-08 04:01:03,756 - data_loader - INFO -   Loaded 69 gold links from annotation file
2026-05-08 04:01:03,756 - data_loader - INFO -   Conversation '2015-02-04.train-b' loaded in 0.27s
2026-05-08 04:01:03,756 - data_loader - INFO -   Creating samples for 2015-02-04.train-b: all 1100 messages
2026-05-08 04:01:03,760 - data_loader - INFO -   Created 15 samples for 2015-02-04.train-b
2026-05-08 04:01:03,760 - data_loader - INFO -   File 137/153: 2015-02-04.train-b - 1100 messages, 16034 total samples so far
2026-05-08 04:01:03,760 - data_loader - INFO - Loading conversation from data/train/2015-04-19.train-b.ascii.txt
2026-05-08 04:01:03,763 - data_loader - INFO -   Read 1100 lines from ASCII file
2026-05-08 04:01:03,766 - data_loader - INFO -   Parsed 1100 messages, found 131 unique users
2026-05-08 04:01:04,024 - data_loader - INFO -   Loaded 75 gold links from annotation file
2026-05-08 04:01:04,024 - data_loader - INFO -   Conversation '2015-04-19.train-b' loaded in 0.26s
2026-05-08 04:01:04,024 - data_loader - INFO -   Creating samples for 2015-04-19.train-b: all 1100 messages
2026-05-08 04:01:04,028 - data_loader - INFO -   Created 6 samples for 2015-04-19.train-b
2026-05-08 04:01:04,028 - data_loader - INFO -   File 138/153: 2015-04-19.train-b - 1100 messages, 16040 total samples so far
2026-05-08 04:01:04,028 - data_loader - INFO - Loading conversation from data/train/2015-05-08.train-c.ascii.txt
2026-05-08 04:01:04,030 - data_loader - INFO -   Read 1500 lines from ASCII file
2026-05-08 04:01:04,034 - data_loader - INFO -   Parsed 1500 messages, found 115 unique users
2026-05-08 04:01:04,331 - data_loader - INFO -   Loaded 367 gold links from annotation file
2026-05-08 04:01:04,331 - data_loader - INFO -   Conversation '2015-05-08.train-c' loaded in 0.30s
2026-05-08 04:01:04,331 - data_loader - INFO -   Creating samples for 2015-05-08.train-c: all 1500 messages
2026-05-08 04:01:04,341 - data_loader - INFO -   Created 91 samples for 2015-05-08.train-c
2026-05-08 04:01:04,341 - data_loader - INFO -   File 139/153: 2015-05-08.train-c - 1500 messages, 16131 total samples so far
2026-05-08 04:01:04,341 - data_loader - INFO - Loading conversation from data/train/2015-06-12.train-b.ascii.txt
2026-05-08 04:01:04,343 - data_loader - INFO -   Read 1100 lines from ASCII file
2026-05-08 04:01:04,346 - data_loader - INFO -   Parsed 1100 messages, found 142 unique users
2026-05-08 04:01:04,610 - data_loader - INFO -   Loaded 74 gold links from annotation file
2026-05-08 04:01:04,610 - data_loader - INFO -   Conversation '2015-06-12.train-b' loaded in 0.27s
2026-05-08 04:01:04,611 - data_loader - INFO -   Creating samples for 2015-06-12.train-b: all 1100 messages
2026-05-08 04:01:04,615 - data_loader - INFO -   Created 25 samples for 2015-06-12.train-b
2026-05-08 04:01:04,615 - data_loader - INFO -   File 140/153: 2015-06-12.train-b - 1100 messages, 16156 total samples so far
2026-05-08 04:01:04,615 - data_loader - INFO - Loading conversation from data/train/2015-08-10.train-b.ascii.txt
2026-05-08 04:01:04,618 - data_loader - INFO -   Read 1100 lines from ASCII file
2026-05-08 04:01:04,621 - data_loader - INFO -   Parsed 1100 messages, found 94 unique users
2026-05-08 04:01:04,808 - data_loader - INFO -   Loaded 69 gold links from annotation file
2026-05-08 04:01:04,808 - data_loader - INFO -   Conversation '2015-08-10.train-b' loaded in 0.19s
2026-05-08 04:01:04,808 - data_loader - INFO -   Creating samples for 2015-08-10.train-b: all 1100 messages
2026-05-08 04:01:04,812 - data_loader - INFO -   Created 14 samples for 2015-08-10.train-b
2026-05-08 04:01:04,812 - data_loader - INFO -   File 141/153: 2015-08-10.train-b - 1100 messages, 16170 total samples so far
2026-05-08 04:01:04,812 - data_loader - INFO - Loading conversation from data/train/2015-09-25.train-b.ascii.txt
2026-05-08 04:01:04,815 - data_loader - INFO -   Read 1100 lines from ASCII file
2026-05-08 04:01:04,818 - data_loader - INFO -   Parsed 1100 messages, found 142 unique users
2026-05-08 04:01:05,102 - data_loader - INFO -   Loaded 75 gold links from annotation file
2026-05-08 04:01:05,102 - data_loader - INFO -   Conversation '2015-09-25.train-b' loaded in 0.29s
2026-05-08 04:01:05,102 - data_loader - INFO -   Creating samples for 2015-09-25.train-b: all 1100 messages
2026-05-08 04:01:05,106 - data_loader - INFO -   Created 15 samples for 2015-09-25.train-b
2026-05-08 04:01:05,106 - data_loader - INFO -   File 142/153: 2015-09-25.train-b - 1100 messages, 16185 total samples so far
2026-05-08 04:01:05,106 - data_loader - INFO - Loading conversation from data/train/2015-10-14.train-b.ascii.txt
2026-05-08 04:01:05,110 - data_loader - INFO -   Read 1100 lines from ASCII file
2026-05-08 04:01:05,112 - data_loader - INFO -   Parsed 1100 messages, found 121 unique users
2026-05-08 04:01:05,348 - data_loader - INFO -   Loaded 70 gold links from annotation file
2026-05-08 04:01:05,348 - data_loader - INFO -   Conversation '2015-10-14.train-b' loaded in 0.24s
2026-05-08 04:01:05,348 - data_loader - INFO -   Creating samples for 2015-10-14.train-b: all 1100 messages
2026-05-08 04:01:05,351 - data_loader - INFO -   Created 6 samples for 2015-10-14.train-b
2026-05-08 04:01:05,351 - data_loader - INFO -   File 143/153: 2015-10-14.train-b - 1100 messages, 16191 total samples so far
2026-05-08 04:01:05,351 - data_loader - INFO - Loading conversation from data/train/2015-10-19.train-b.ascii.txt
2026-05-08 04:01:05,354 - data_loader - INFO -   Read 1100 lines from ASCII file
2026-05-08 04:01:05,357 - data_loader - INFO -   Parsed 1100 messages, found 114 unique users
2026-05-08 04:01:05,569 - data_loader - INFO -   Loaded 71 gold links from annotation file
2026-05-08 04:01:05,569 - data_loader - INFO -   Conversation '2015-10-19.train-b' loaded in 0.22s
2026-05-08 04:01:05,569 - data_loader - INFO -   Creating samples for 2015-10-19.train-b: all 1100 messages
2026-05-08 04:01:05,573 - data_loader - INFO -   Created 15 samples for 2015-10-19.train-b
2026-05-08 04:01:05,573 - data_loader - INFO -   File 144/153: 2015-10-19.train-b - 1100 messages, 16206 total samples so far
2026-05-08 04:01:05,574 - data_loader - INFO - Loading conversation from data/train/2015-11-26.train-b.ascii.txt
2026-05-08 04:01:05,576 - data_loader - INFO -   Read 1100 lines from ASCII file
2026-05-08 04:01:05,578 - data_loader - INFO -   Parsed 1100 messages, found 100 unique users
2026-05-08 04:01:05,755 - data_loader - INFO -   Loaded 66 gold links from annotation file
2026-05-08 04:01:05,755 - data_loader - INFO -   Conversation '2015-11-26.train-b' loaded in 0.18s
2026-05-08 04:01:05,755 - data_loader - INFO -   Creating samples for 2015-11-26.train-b: all 1100 messages
2026-05-08 04:01:05,759 - data_loader - INFO -   Created 32 samples for 2015-11-26.train-b
2026-05-08 04:01:05,759 - data_loader - INFO -   File 145/153: 2015-11-26.train-b - 1100 messages, 16238 total samples so far
2026-05-08 04:01:05,760 - data_loader - INFO - Loading conversation from data/train/2015-12-28.train-b.ascii.txt
2026-05-08 04:01:05,762 - data_loader - INFO -   Read 1100 lines from ASCII file
2026-05-08 04:01:05,765 - data_loader - INFO -   Parsed 1100 messages, found 131 unique users
2026-05-08 04:01:06,009 - data_loader - INFO -   Loaded 72 gold links from annotation file
2026-05-08 04:01:06,009 - data_loader - INFO -   Conversation '2015-12-28.train-b' loaded in 0.25s
2026-05-08 04:01:06,009 - data_loader - INFO -   Creating samples for 2015-12-28.train-b: all 1100 messages
2026-05-08 04:01:06,013 - data_loader - INFO -   Created 19 samples for 2015-12-28.train-b
2026-05-08 04:01:06,013 - data_loader - INFO -   File 146/153: 2015-12-28.train-b - 1100 messages, 16257 total samples so far
2026-05-08 04:01:06,014 - data_loader - INFO - Loading conversation from data/train/2017-02-06.train-c.ascii.txt
2026-05-08 04:01:06,016 - data_loader - INFO -   Read 1500 lines from ASCII file
2026-05-08 04:01:06,020 - data_loader - INFO -   Parsed 1500 messages, found 156 unique users
2026-05-08 04:01:06,433 - data_loader - INFO -   Loaded 388 gold links from annotation file
2026-05-08 04:01:06,433 - data_loader - INFO -   Conversation '2017-02-06.train-c' loaded in 0.42s
2026-05-08 04:01:06,433 - data_loader - INFO -   Creating samples for 2017-02-06.train-c: all 1500 messages
2026-05-08 04:01:06,444 - data_loader - INFO -   Created 110 samples for 2017-02-06.train-c
2026-05-08 04:01:06,444 - data_loader - INFO -   File 147/153: 2017-02-06.train-c - 1500 messages, 16367 total samples so far
2026-05-08 04:01:06,444 - data_loader - INFO - Loading conversation from data/train/2017-03-02.train-c.ascii.txt
2026-05-08 04:01:06,447 - data_loader - INFO -   Read 1500 lines from ASCII file
2026-05-08 04:01:06,450 - data_loader - INFO -   Parsed 1500 messages, found 158 unique users
2026-05-08 04:01:06,854 - data_loader - INFO -   Loaded 363 gold links from annotation file
2026-05-08 04:01:06,854 - data_loader - INFO -   Conversation '2017-03-02.train-c' loaded in 0.41s
2026-05-08 04:01:06,854 - data_loader - INFO -   Creating samples for 2017-03-02.train-c: all 1500 messages
2026-05-08 04:01:06,864 - data_loader - INFO -   Created 85 samples for 2017-03-02.train-c
2026-05-08 04:01:06,864 - data_loader - INFO -   File 148/153: 2017-03-02.train-c - 1500 messages, 16452 total samples so far
2026-05-08 04:01:06,864 - data_loader - INFO - Loading conversation from data/train/2017-03-23.train-c.ascii.txt
2026-05-08 04:01:06,867 - data_loader - INFO -   Read 1500 lines from ASCII file
2026-05-08 04:01:06,871 - data_loader - INFO -   Parsed 1500 messages, found 138 unique users
2026-05-08 04:01:07,218 - data_loader - INFO -   Loaded 375 gold links from annotation file
2026-05-08 04:01:07,218 - data_loader - INFO -   Conversation '2017-03-23.train-c' loaded in 0.35s
2026-05-08 04:01:07,219 - data_loader - INFO -   Creating samples for 2017-03-23.train-c: all 1500 messages
2026-05-08 04:01:07,227 - data_loader - INFO -   Created 68 samples for 2017-03-23.train-c
2026-05-08 04:01:07,227 - data_loader - INFO -   File 149/153: 2017-03-23.train-c - 1500 messages, 16520 total samples so far
2026-05-08 04:01:07,227 - data_loader - INFO - Loading conversation from data/train/2017-05-09.train-c.ascii.txt
2026-05-08 04:01:07,230 - data_loader - INFO -   Read 1500 lines from ASCII file
2026-05-08 04:01:07,234 - data_loader - INFO -   Parsed 1500 messages, found 114 unique users
2026-05-08 04:01:07,533 - data_loader - INFO -   Loaded 347 gold links from annotation file
2026-05-08 04:01:07,533 - data_loader - INFO -   Conversation '2017-05-09.train-c' loaded in 0.31s
2026-05-08 04:01:07,533 - data_loader - INFO -   Creating samples for 2017-05-09.train-c: all 1500 messages
2026-05-08 04:01:07,541 - data_loader - INFO -   Created 50 samples for 2017-05-09.train-c
2026-05-08 04:01:07,541 - data_loader - INFO -   File 150/153: 2017-05-09.train-c - 1500 messages, 16570 total samples so far
2026-05-08 04:01:07,541 - data_loader - INFO - Loading conversation from data/train/2017-07-15.train-c.ascii.txt
2026-05-08 04:01:07,543 - data_loader - INFO -   Read 1500 lines from ASCII file
2026-05-08 04:01:07,547 - data_loader - INFO -   Parsed 1500 messages, found 83 unique users
2026-05-08 04:01:07,776 - data_loader - INFO -   Loaded 350 gold links from annotation file
2026-05-08 04:01:07,776 - data_loader - INFO -   Conversation '2017-07-15.train-c' loaded in 0.24s
2026-05-08 04:01:07,776 - data_loader - INFO -   Creating samples for 2017-07-15.train-c: all 1500 messages
2026-05-08 04:01:07,784 - data_loader - INFO -   Created 35 samples for 2017-07-15.train-c
2026-05-08 04:01:07,784 - data_loader - INFO -   File 151/153: 2017-07-15.train-c - 1500 messages, 16605 total samples so far
2026-05-08 04:01:07,784 - data_loader - INFO - Loading conversation from data/train/2017-09-02.train-c.ascii.txt
2026-05-08 04:01:07,786 - data_loader - INFO -   Read 1500 lines from ASCII file
2026-05-08 04:01:07,790 - data_loader - INFO -   Parsed 1500 messages, found 110 unique users
2026-05-08 04:01:08,083 - data_loader - INFO -   Loaded 365 gold links from annotation file
2026-05-08 04:01:08,083 - data_loader - INFO -   Conversation '2017-09-02.train-c' loaded in 0.30s
2026-05-08 04:01:08,084 - data_loader - INFO -   Creating samples for 2017-09-02.train-c: all 1500 messages
2026-05-08 04:01:08,090 - data_loader - INFO -   Created 36 samples for 2017-09-02.train-c
2026-05-08 04:01:08,090 - data_loader - INFO -   File 152/153: 2017-09-02.train-c - 1500 messages, 16641 total samples so far
2026-05-08 04:01:08,090 - data_loader - INFO - Loading conversation from data/train/2018-02-27.train-c.ascii.txt
2026-05-08 04:01:08,092 - data_loader - INFO -   Read 1500 lines from ASCII file
2026-05-08 04:01:08,096 - data_loader - INFO -   Parsed 1500 messages, found 148 unique users
2026-05-08 04:01:08,467 - data_loader - INFO -   Loaded 375 gold links from annotation file
2026-05-08 04:01:08,467 - data_loader - INFO -   Conversation '2018-02-27.train-c' loaded in 0.38s
2026-05-08 04:01:08,467 - data_loader - INFO -   Creating samples for 2018-02-27.train-c: all 1500 messages
2026-05-08 04:01:08,477 - data_loader - INFO -   Created 113 samples for 2018-02-27.train-c
2026-05-08 04:01:08,477 - data_loader - INFO -   File 153/153: 2018-02-27.train-c - 1500 messages, 16754 total samples so far
2026-05-08 04:01:08,477 - data_loader - INFO - Dataset initialization complete: 16754 samples from 153 conversations in 49.27s
2026-05-08 04:01:08,478 - __main__ - INFO -   Train dataset created: 16754 samples
2026-05-08 04:01:08,478 - __main__ - INFO - Loading 10 dev files...
2026-05-08 04:01:08,478 - data_loader - INFO - Initializing IRCDisentanglementDataset with 10 files
2026-05-08 04:01:08,478 - data_loader - INFO -   max_dist=15, max_length=128, skip_labels=False
2026-05-08 04:01:08,478 - data_loader - INFO -   test_start=0, test_end=1000000000
2026-05-08 04:01:08,478 - data_loader - INFO - Loading conversation from data/dev/2004-11-15_03.ascii.txt
2026-05-08 04:01:08,481 - data_loader - INFO -   Read 1250 lines from ASCII file
2026-05-08 04:01:08,484 - data_loader - INFO -   Parsed 1250 messages, found 76 unique users
2026-05-08 04:01:08,609 - data_loader - INFO -   Loaded 189 gold links from annotation file
2026-05-08 04:01:08,609 - data_loader - INFO -   Conversation '2004-11-15_03' loaded in 0.13s
2026-05-08 04:01:08,609 - data_loader - INFO -   Creating samples for 2004-11-15_03: all 1250 messages
2026-05-08 04:01:08,615 - data_loader - INFO -   Created 65 samples for 2004-11-15_03
2026-05-08 04:01:08,615 - data_loader - INFO -   File 1/10: 2004-11-15_03 - 1250 messages, 65 total samples so far
2026-05-08 04:01:08,615 - data_loader - INFO - Loading conversation from data/dev/2005-06-27_12.ascii.txt
2026-05-08 04:01:08,616 - data_loader - INFO -   Read 1250 lines from ASCII file
2026-05-08 04:01:08,620 - data_loader - INFO -   Parsed 1250 messages, found 77 unique users
2026-05-08 04:01:08,743 - data_loader - INFO -   Loaded 182 gold links from annotation file
2026-05-08 04:01:08,743 - data_loader - INFO -   Conversation '2005-06-27_12' loaded in 0.13s
2026-05-08 04:01:08,743 - data_loader - INFO -   Creating samples for 2005-06-27_12: all 1250 messages
2026-05-08 04:01:09,012 - data_loader - INFO -   Created 41 samples for 2005-06-27_12
2026-05-08 04:01:09,012 - data_loader - INFO -   File 2/10: 2005-06-27_12 - 1250 messages, 106 total samples so far
2026-05-08 04:01:09,012 - data_loader - INFO - Loading conversation from data/dev/2005-08-08_01.ascii.txt
2026-05-08 04:01:09,015 - data_loader - INFO -   Read 1250 lines from ASCII file
2026-05-08 04:01:09,018 - data_loader - INFO -   Parsed 1250 messages, found 95 unique users
2026-05-08 04:01:09,179 - data_loader - INFO -   Loaded 186 gold links from annotation file
2026-05-08 04:01:09,179 - data_loader - INFO -   Conversation '2005-08-08_01' loaded in 0.17s
2026-05-08 04:01:09,179 - data_loader - INFO -   Creating samples for 2005-08-08_01: all 1250 messages
2026-05-08 04:01:09,186 - data_loader - INFO -   Created 70 samples for 2005-08-08_01
2026-05-08 04:01:09,186 - data_loader - INFO -   File 3/10: 2005-08-08_01 - 1250 messages, 176 total samples so far
2026-05-08 04:01:09,186 - data_loader - INFO - Loading conversation from data/dev/2008-12-11_11.ascii.txt
2026-05-08 04:01:09,189 - data_loader - INFO -   Read 1250 lines from ASCII file
2026-05-08 04:01:09,193 - data_loader - INFO -   Parsed 1250 messages, found 142 unique users
2026-05-08 04:01:09,492 - data_loader - INFO -   Loaded 172 gold links from annotation file
2026-05-08 04:01:09,492 - data_loader - INFO -   Conversation '2008-12-11_11' loaded in 0.31s
2026-05-08 04:01:09,492 - data_loader - INFO -   Creating samples for 2008-12-11_11: all 1250 messages
2026-05-08 04:01:09,499 - data_loader - INFO -   Created 44 samples for 2008-12-11_11
2026-05-08 04:01:09,499 - data_loader - INFO -   File 4/10: 2008-12-11_11 - 1250 messages, 220 total samples so far
2026-05-08 04:01:09,499 - data_loader - INFO - Loading conversation from data/dev/2009-02-23_10.ascii.txt
2026-05-08 04:01:09,502 - data_loader - INFO -   Read 1250 lines from ASCII file
2026-05-08 04:01:09,505 - data_loader - INFO -   Parsed 1250 messages, found 111 unique users
2026-05-08 04:01:09,733 - data_loader - INFO -   Loaded 186 gold links from annotation file
2026-05-08 04:01:09,733 - data_loader - INFO -   Conversation '2009-02-23_10' loaded in 0.23s
2026-05-08 04:01:09,734 - data_loader - INFO -   Creating samples for 2009-02-23_10: all 1250 messages
2026-05-08 04:01:09,740 - data_loader - INFO -   Created 53 samples for 2009-02-23_10
2026-05-08 04:01:09,741 - data_loader - INFO -   File 5/10: 2009-02-23_10 - 1250 messages, 273 total samples so far
2026-05-08 04:01:09,741 - data_loader - INFO - Loading conversation from data/dev/2009-03-03_10.ascii.txt
2026-05-08 04:01:09,742 - data_loader - INFO -   Read 1250 lines from ASCII file
2026-05-08 04:01:09,745 - data_loader - INFO -   Parsed 1250 messages, found 134 unique users
2026-05-08 04:01:10,022 - data_loader - INFO -   Loaded 188 gold links from annotation file
2026-05-08 04:01:10,023 - data_loader - INFO -   Conversation '2009-03-03_10' loaded in 0.28s
2026-05-08 04:01:10,023 - data_loader - INFO -   Creating samples for 2009-03-03_10: all 1250 messages
2026-05-08 04:01:10,028 - data_loader - INFO -   Created 28 samples for 2009-03-03_10
2026-05-08 04:01:10,028 - data_loader - INFO -   File 6/10: 2009-03-03_10 - 1250 messages, 301 total samples so far
2026-05-08 04:01:10,028 - data_loader - INFO - Loading conversation from data/dev/2009-10-01_17.ascii.txt
2026-05-08 04:01:10,031 - data_loader - INFO -   Read 1250 lines from ASCII file
2026-05-08 04:01:10,034 - data_loader - INFO -   Parsed 1250 messages, found 166 unique users
2026-05-08 04:01:10,384 - data_loader - INFO -   Loaded 171 gold links from annotation file
2026-05-08 04:01:10,384 - data_loader - INFO -   Conversation '2009-10-01_17' loaded in 0.36s
2026-05-08 04:01:10,384 - data_loader - INFO -   Creating samples for 2009-10-01_17: all 1250 messages
2026-05-08 04:01:10,390 - data_loader - INFO -   Created 45 samples for 2009-10-01_17
2026-05-08 04:01:10,390 - data_loader - INFO -   File 7/10: 2009-10-01_17 - 1250 messages, 346 total samples so far
2026-05-08 04:01:10,390 - data_loader - INFO - Loading conversation from data/dev/2011-05-29_19.ascii.txt
2026-05-08 04:01:10,392 - data_loader - INFO -   Read 1250 lines from ASCII file
2026-05-08 04:01:10,395 - data_loader - INFO -   Parsed 1250 messages, found 152 unique users
2026-05-08 04:01:10,728 - data_loader - INFO -   Loaded 181 gold links from annotation file
2026-05-08 04:01:10,728 - data_loader - INFO -   Conversation '2011-05-29_19' loaded in 0.34s
2026-05-08 04:01:10,728 - data_loader - INFO -   Creating samples for 2011-05-29_19: all 1250 messages
2026-05-08 04:01:10,734 - data_loader - INFO -   Created 42 samples for 2011-05-29_19
2026-05-08 04:01:10,734 - data_loader - INFO -   File 8/10: 2011-05-29_19 - 1250 messages, 388 total samples so far
2026-05-08 04:01:10,735 - data_loader - INFO - Loading conversation from data/dev/2011-11-13_02.ascii.txt
2026-05-08 04:01:10,736 - data_loader - INFO -   Read 1250 lines from ASCII file
2026-05-08 04:01:10,739 - data_loader - INFO -   Parsed 1250 messages, found 164 unique users
2026-05-08 04:01:11,117 - data_loader - INFO -   Loaded 165 gold links from annotation file
2026-05-08 04:01:11,117 - data_loader - INFO -   Conversation '2011-11-13_02' loaded in 0.38s
2026-05-08 04:01:11,117 - data_loader - INFO -   Creating samples for 2011-11-13_02: all 1250 messages
2026-05-08 04:01:11,123 - data_loader - INFO -   Created 39 samples for 2011-11-13_02
2026-05-08 04:01:11,123 - data_loader - INFO -   File 9/10: 2011-11-13_02 - 1250 messages, 427 total samples so far
2026-05-08 04:01:11,123 - data_loader - INFO - Loading conversation from data/dev/2016-12-19_20.ascii.txt
2026-05-08 04:01:11,125 - data_loader - INFO -   Read 1250 lines from ASCII file
2026-05-08 04:01:11,128 - data_loader - INFO -   Parsed 1250 messages, found 165 unique users
2026-05-08 04:01:11,477 - data_loader - INFO -   Loaded 176 gold links from annotation file
2026-05-08 04:01:11,477 - data_loader - INFO -   Conversation '2016-12-19_20' loaded in 0.35s
2026-05-08 04:01:11,477 - data_loader - INFO -   Creating samples for 2016-12-19_20: all 1250 messages
2026-05-08 04:01:11,483 - data_loader - INFO -   Created 35 samples for 2016-12-19_20
2026-05-08 04:01:11,483 - data_loader - INFO -   File 10/10: 2016-12-19_20 - 1250 messages, 462 total samples so far
2026-05-08 04:01:11,483 - data_loader - INFO - Dataset initialization complete: 462 samples from 10 conversations in 3.01s
2026-05-08 04:01:11,483 - __main__ - INFO -   Dev dataset created: 462 samples
2026-05-08 04:01:11,483 - __main__ - INFO -   Train dataset: 16754 samples
2026-05-08 04:01:11,483 - __main__ - INFO - Training: 16754 samples | 2095 batches/epoch | batch_size=8 | max_dist=15 | max_length=128
2026-05-08 04:01:11,484 - __main__ - INFO -   Dev dataset: 462 samples
2026-05-08 04:01:11,484 - __main__ - INFO - Validation: 462 samples | 58 batches
2026-05-08 04:01:11,484 - __main__ - INFO - Creating model...
2026-05-08 04:01:11,743 - httpx - INFO - HTTP Request: HEAD https://huggingface.co/microsoft/deberta-v3-base/resolve/main/config.json "HTTP/1.1 307 Temporary Redirect"
2026-05-08 04:01:11,749 - httpx - INFO - HTTP Request: HEAD https://huggingface.co/api/resolve-cache/models/microsoft/deberta-v3-base/8ccc9b6f36199bec6961081d44eb72fb3f7353f3/config.json "HTTP/1.1 200 OK"
2026-05-08 04:01:12,436 - httpx - INFO - HTTP Request: HEAD https://huggingface.co/microsoft/deberta-v3-base/resolve/main/model.safetensors "HTTP/1.1 404 Not Found"
2026-05-08 04:01:12,664 - httpx - INFO - HTTP Request: GET https://huggingface.co/api/models/microsoft/deberta-v3-base "HTTP/1.1 200 OK"
Loading weights:   0%|          | 0/198 [00:00<?, ?it/s]Loading weights: 100%|██████████| 198/198 [00:00<00:00, 36849.28it/s]
2026-05-08 04:01:12,905 - httpx - INFO - HTTP Request: GET https://huggingface.co/api/models/microsoft/deberta-v3-base/commits/main "HTTP/1.1 200 OK"
2026-05-08 04:01:13,146 - httpx - INFO - HTTP Request: GET https://huggingface.co/api/models/microsoft/deberta-v3-base/discussions?p=0 "HTTP/1.1 200 OK"
2026-05-08 04:01:13,391 - httpx - INFO - HTTP Request: GET https://huggingface.co/api/models/microsoft/deberta-v3-base/commits/refs%2Fpr%2F14 "HTTP/1.1 200 OK"
2026-05-08 04:01:13,623 - httpx - INFO - HTTP Request: HEAD https://huggingface.co/microsoft/deberta-v3-base/resolve/refs%2Fpr%2F14/model.safetensors.index.json "HTTP/1.1 404 Not Found"
[transformers] [1mDebertaV2Model LOAD REPORT[0m from: microsoft/deberta-v3-base
Key                                     | Status     |  | 
----------------------------------------+------------+--+-
mask_predictions.dense.weight           | UNEXPECTED |  | 
mask_predictions.dense.bias             | UNEXPECTED |  | 
lm_predictions.lm_head.bias             | UNEXPECTED |  | 
mask_predictions.LayerNorm.weight       | UNEXPECTED |  | 
lm_predictions.lm_head.LayerNorm.weight | UNEXPECTED |  | 
mask_predictions.LayerNorm.bias         | UNEXPECTED |  | 
lm_predictions.lm_head.dense.bias       | UNEXPECTED |  | 
mask_predictions.classifier.bias        | UNEXPECTED |  | 
mask_predictions.classifier.weight      | UNEXPECTED |  | 
lm_predictions.lm_head.LayerNorm.bias   | UNEXPECTED |  | 
lm_predictions.lm_head.dense.weight     | UNEXPECTED |  | 

Notes:
- UNEXPECTED:	can be ignored when loading from different task/architecture; not ok if you expect identical arch.
2026-05-08 04:01:13,859 - httpx - INFO - HTTP Request: HEAD https://huggingface.co/microsoft/deberta-v3-base/resolve/refs%2Fpr%2F14/model.safetensors "HTTP/1.1 302 Found"
Warning: You are sending unauthenticated requests to the HF Hub. Please set a HF_TOKEN to enable higher rate limits and faster downloads.
2026-05-08 04:01:13,859 - huggingface_hub.utils._http - WARNING - Warning: You are sending unauthenticated requests to the HF Hub. Please set a HF_TOKEN to enable higher rate limits and faster downloads.
2026-05-08 04:01:13,989 - httpx - INFO - HTTP Request: HEAD https://huggingface.co/microsoft/deberta-v3-base/resolve/main/config.json "HTTP/1.1 307 Temporary Redirect"
2026-05-08 04:01:13,997 - httpx - INFO - HTTP Request: HEAD https://huggingface.co/api/resolve-cache/models/microsoft/deberta-v3-base/8ccc9b6f36199bec6961081d44eb72fb3f7353f3/config.json "HTTP/1.1 200 OK"
2026-05-08 04:01:14,528 - __main__ - INFO -   Parameters: 183,832,326 trainable, 183,832,326 total
2026-05-08 04:01:14,528 - __main__ - INFO -   BERT hidden size: 768
2026-05-08 04:01:14,528 - __main__ - INFO -   Combined size: 773
2026-05-08 04:01:14,529 - __main__ - INFO - Created AdamW optimizer with lr=5e-05
2026-05-08 04:01:14,530 - __main__ - INFO - Created scheduler with 628 warmup steps (10% of 6285 total steps)
2026-05-08 04:01:14,530 - __main__ - INFO - Starting training from epoch 1...
2026-05-08 04:01:14,530 - __main__ - INFO - ================================================================================
2026-05-08 04:01:14,530 - __main__ - INFO - Epoch 1/3
2026-05-08 04:01:14,530 - __main__ - INFO - --------------------------------------------------------------------------------
2026-05-08 04:01:14,531 - __main__ - INFO - Epoch 1: Peak memory stats reset.
2026-05-08 04:01:14,531 - __main__ - INFO - Starting epoch 1 with 2095 batches
2026-05-08 04:01:14,718 - __main__ - INFO -   [Epoch 1 Batch 0 SANITY CHECK]
2026-05-08 04:01:14,718 - __main__ - INFO -     input_ids shape : [8, 15, 128]  (batch x max_C x seq_len)
2026-05-08 04:01:14,718 - __main__ - INFO -     features shape  : [8, 15, 5]
2026-05-08 04:01:14,718 - __main__ - INFO -     labels shape    : [8]
2026-05-08 04:01:14,719 - __main__ - INFO -     Candidate counts per sample: min=7 max=15 mean=12.4
2026-05-08 04:01:14,719 - __main__ - INFO -     Label values: [12, 12, 14, 6, 9, 14, 14, 10]
2026-05-08 04:01:14,719 - __main__ - INFO -     Label distribution (this batch): {6: 1, 9: 1, 10: 1, 12: 2, 14: 3}
2026-05-08 04:01:15,723 - __main__ - INFO -   Epoch 1 Batch 0 gradient norm: 4.0142
2026-05-08 04:01:15,934 - __main__ - ERROR -   Batch 2: NaN or Inf loss detected! Skipping batch.
2026-05-08 04:01:16,006 - __main__ - ERROR -   Batch 3: NaN or Inf loss detected! Skipping batch.
2026-05-08 04:01:16,078 - __main__ - ERROR -   Batch 4: NaN or Inf loss detected! Skipping batch.
2026-05-08 04:01:16,149 - __main__ - ERROR -   Batch 5: NaN or Inf loss detected! Skipping batch.
2026-05-08 04:01:16,221 - __main__ - ERROR -   Batch 6: NaN or Inf loss detected! Skipping batch.
2026-05-08 04:01:16,293 - __main__ - ERROR -   Batch 7: NaN or Inf loss detected! Skipping batch.
2026-05-08 04:01:16,364 - __main__ - ERROR -   Batch 8: NaN or Inf loss detected! Skipping batch.
2026-05-08 04:01:16,436 - __main__ - ERROR -   Batch 9: NaN or Inf loss detected! Skipping batch.
2026-05-08 04:01:16,506 - __main__ - ERROR -   Batch 10: NaN or Inf loss detected! Skipping batch.
2026-05-08 04:01:16,578 - __main__ - ERROR -   Batch 11: NaN or Inf loss detected! Skipping batch.
2026-05-08 04:01:16,648 - __main__ - ERROR -   Batch 12: NaN or Inf loss detected! Skipping batch.
2026-05-08 04:01:16,708 - __main__ - ERROR -   Batch 13: NaN or Inf loss detected! Skipping batch.
2026-05-08 04:01:16,780 - __main__ - ERROR -   Batch 14: NaN or Inf loss detected! Skipping batch.
2026-05-08 04:01:16,839 - __main__ - ERROR -   Batch 15: NaN or Inf loss detected! Skipping batch.
2026-05-08 04:01:16,910 - __main__ - ERROR -   Batch 16: NaN or Inf loss detected! Skipping batch.
2026-05-08 04:01:16,981 - __main__ - ERROR -   Batch 17: NaN or Inf loss detected! Skipping batch.
2026-05-08 04:01:17,052 - __main__ - ERROR -   Batch 18: NaN or Inf loss detected! Skipping batch.
2026-05-08 04:01:17,124 - __main__ - ERROR -   Batch 19: NaN or Inf loss detected! Skipping batch.
2026-05-08 04:01:17,195 - __main__ - ERROR -   Batch 20: NaN or Inf loss detected! Skipping batch.
2026-05-08 04:01:17,267 - __main__ - ERROR -   Batch 21: NaN or Inf loss detected! Skipping batch.
2026-05-08 04:01:17,338 - __main__ - ERROR -   Batch 22: NaN or Inf loss detected! Skipping batch.
2026-05-08 04:01:17,410 - __main__ - ERROR -   Batch 23: NaN or Inf loss detected! Skipping batch.
2026-05-08 04:01:17,480 - __main__ - ERROR -   Batch 24: NaN or Inf loss detected! Skipping batch.
2026-05-08 04:01:17,552 - __main__ - ERROR -   Batch 25: NaN or Inf loss detected! Skipping batch.
2026-05-08 04:01:17,624 - __main__ - ERROR -   Batch 26: NaN or Inf loss detected! Skipping batch.
2026-05-08 04:01:17,694 - __main__ - ERROR -   Batch 27: NaN or Inf loss detected! Skipping batch.
2026-05-08 04:01:17,754 - __main__ - ERROR -   Batch 28: NaN or Inf loss detected! Skipping batch.
2026-05-08 04:01:17,825 - __main__ - ERROR -   Batch 29: NaN or Inf loss detected! Skipping batch.
2026-05-08 04:01:17,896 - __main__ - ERROR -   Batch 30: NaN or Inf loss detected! Skipping batch.
2026-05-08 04:01:17,967 - __main__ - ERROR -   Batch 31: NaN or Inf loss detected! Skipping batch.
2026-05-08 04:01:18,038 - __main__ - ERROR -   Batch 32: NaN or Inf loss detected! Skipping batch.
2026-05-08 04:01:18,109 - __main__ - ERROR -   Batch 33: NaN or Inf loss detected! Skipping batch.
2026-05-08 04:01:18,181 - __main__ - ERROR -   Batch 34: NaN or Inf loss detected! Skipping batch.
2026-05-08 04:01:18,253 - __main__ - ERROR -   Batch 35: NaN or Inf loss detected! Skipping batch.
2026-05-08 04:01:18,324 - __main__ - ERROR -   Batch 36: NaN or Inf loss detected! Skipping batch.
2026-05-08 04:01:18,394 - __main__ - ERROR -   Batch 37: NaN or Inf loss detected! Skipping batch.
2026-05-08 04:01:18,466 - __main__ - ERROR -   Batch 38: NaN or Inf loss detected! Skipping batch.
2026-05-08 04:01:18,537 - __main__ - ERROR -   Batch 39: NaN or Inf loss detected! Skipping batch.
2026-05-08 04:01:18,609 - __main__ - ERROR -   Batch 40: NaN or Inf loss detected! Skipping batch.
2026-05-08 04:01:18,681 - __main__ - ERROR -   Batch 41: NaN or Inf loss detected! Skipping batch.
2026-05-08 04:01:18,753 - __main__ - ERROR -   Batch 42: NaN or Inf loss detected! Skipping batch.
2026-05-08 04:01:18,825 - __main__ - ERROR -   Batch 43: NaN or Inf loss detected! Skipping batch.
2026-05-08 04:01:18,896 - __main__ - ERROR -   Batch 44: NaN or Inf loss detected! Skipping batch.
2026-05-08 04:01:18,962 - __main__ - ERROR -   Batch 45: NaN or Inf loss detected! Skipping batch.
2026-05-08 04:01:19,033 - __main__ - ERROR -   Batch 46: NaN or Inf loss detected! Skipping batch.
2026-05-08 04:01:19,105 - __main__ - ERROR -   Batch 47: NaN or Inf loss detected! Skipping batch.
2026-05-08 04:01:19,170 - __main__ - ERROR -   Batch 48: NaN or Inf loss detected! Skipping batch.
2026-05-08 04:01:19,240 - __main__ - ERROR -   Batch 49: NaN or Inf loss detected! Skipping batch.
2026-05-08 04:01:19,311 - __main__ - ERROR -   Batch 50: NaN or Inf loss detected! Skipping batch.
2026-05-08 04:01:19,382 - __main__ - ERROR -   Batch 51: NaN or Inf loss detected! Skipping batch.
2026-05-08 04:01:19,447 - __main__ - ERROR -   Batch 52: NaN or Inf loss detected! Skipping batch.
2026-05-08 04:01:19,517 - __main__ - ERROR -   Batch 53: NaN or Inf loss detected! Skipping batch.
2026-05-08 04:01:19,588 - __main__ - ERROR -   Batch 54: NaN or Inf loss detected! Skipping batch.
2026-05-08 04:01:19,659 - __main__ - ERROR -   Batch 55: NaN or Inf loss detected! Skipping batch.
2026-05-08 04:01:19,730 - __main__ - ERROR -   Batch 56: NaN or Inf loss detected! Skipping batch.
2026-05-08 04:01:19,802 - __main__ - ERROR -   Batch 57: NaN or Inf loss detected! Skipping batch.
2026-05-08 04:01:19,874 - __main__ - ERROR -   Batch 58: NaN or Inf loss detected! Skipping batch.
2026-05-08 04:01:19,946 - __main__ - ERROR -   Batch 59: NaN or Inf loss detected! Skipping batch.
2026-05-08 04:01:20,016 - __main__ - ERROR -   Batch 60: NaN or Inf loss detected! Skipping batch.
2026-05-08 04:01:20,088 - __main__ - ERROR -   Batch 61: NaN or Inf loss detected! Skipping batch.
2026-05-08 04:01:20,159 - __main__ - ERROR -   Batch 62: NaN or Inf loss detected! Skipping batch.
2026-05-08 04:01:20,231 - __main__ - ERROR -   Batch 63: NaN or Inf loss detected! Skipping batch.
2026-05-08 04:01:20,302 - __main__ - ERROR -   Batch 64: NaN or Inf loss detected! Skipping batch.
2026-05-08 04:01:20,374 - __main__ - ERROR -   Batch 65: NaN or Inf loss detected! Skipping batch.
2026-05-08 04:01:20,445 - __main__ - ERROR -   Batch 66: NaN or Inf loss detected! Skipping batch.
2026-05-08 04:01:20,517 - __main__ - ERROR -   Batch 67: NaN or Inf loss detected! Skipping batch.
2026-05-08 04:01:20,589 - __main__ - ERROR -   Batch 68: NaN or Inf loss detected! Skipping batch.
2026-05-08 04:01:20,660 - __main__ - ERROR -   Batch 69: NaN or Inf loss detected! Skipping batch.
2026-05-08 04:01:20,732 - __main__ - ERROR -   Batch 70: NaN or Inf loss detected! Skipping batch.
2026-05-08 04:01:20,804 - __main__ - ERROR -   Batch 71: NaN or Inf loss detected! Skipping batch.
2026-05-08 04:01:20,875 - __main__ - ERROR -   Batch 72: NaN or Inf loss detected! Skipping batch.
2026-05-08 04:01:20,947 - __main__ - ERROR -   Batch 73: NaN or Inf loss detected! Skipping batch.
2026-05-08 04:01:21,018 - __main__ - ERROR -   Batch 74: NaN or Inf loss detected! Skipping batch.
2026-05-08 04:01:21,090 - __main__ - ERROR -   Batch 75: NaN or Inf loss detected! Skipping batch.
2026-05-08 04:01:21,161 - __main__ - ERROR -   Batch 76: NaN or Inf loss detected! Skipping batch.
2026-05-08 04:01:21,233 - __main__ - ERROR -   Batch 77: NaN or Inf loss detected! Skipping batch.
2026-05-08 04:01:21,304 - __main__ - ERROR -   Batch 78: NaN or Inf loss detected! Skipping batch.
2026-05-08 04:01:21,376 - __main__ - ERROR -   Batch 79: NaN or Inf loss detected! Skipping batch.
2026-05-08 04:01:21,447 - __main__ - ERROR -   Batch 80: NaN or Inf loss detected! Skipping batch.
2026-05-08 04:01:21,519 - __main__ - ERROR -   Batch 81: NaN or Inf loss detected! Skipping batch.
2026-05-08 04:01:21,591 - __main__ - ERROR -   Batch 82: NaN or Inf loss detected! Skipping batch.
2026-05-08 04:01:21,662 - __main__ - ERROR -   Batch 83: NaN or Inf loss detected! Skipping batch.
2026-05-08 04:01:21,735 - __main__ - ERROR -   Batch 84: NaN or Inf loss detected! Skipping batch.
2026-05-08 04:01:21,806 - __main__ - ERROR -   Batch 85: NaN or Inf loss detected! Skipping batch.
2026-05-08 04:01:21,878 - __main__ - ERROR -   Batch 86: NaN or Inf loss detected! Skipping batch.
2026-05-08 04:01:21,951 - __main__ - ERROR -   Batch 87: NaN or Inf loss detected! Skipping batch.
2026-05-08 04:01:22,023 - __main__ - ERROR -   Batch 88: NaN or Inf loss detected! Skipping batch.
2026-05-08 04:01:22,094 - __main__ - ERROR -   Batch 89: NaN or Inf loss detected! Skipping batch.
2026-05-08 04:01:22,166 - __main__ - ERROR -   Batch 90: NaN or Inf loss detected! Skipping batch.
2026-05-08 04:01:22,237 - __main__ - ERROR -   Batch 91: NaN or Inf loss detected! Skipping batch.
2026-05-08 04:01:22,309 - __main__ - ERROR -   Batch 92: NaN or Inf loss detected! Skipping batch.
2026-05-08 04:01:22,381 - __main__ - ERROR -   Batch 93: NaN or Inf loss detected! Skipping batch.
2026-05-08 04:01:22,452 - __main__ - ERROR -   Batch 94: NaN or Inf loss detected! Skipping batch.
2026-05-08 04:01:22,524 - __main__ - ERROR -   Batch 95: NaN or Inf loss detected! Skipping batch.
2026-05-08 04:01:22,595 - __main__ - ERROR -   Batch 96: NaN or Inf loss detected! Skipping batch.
2026-05-08 04:01:22,667 - __main__ - ERROR -   Batch 97: NaN or Inf loss detected! Skipping batch.
2026-05-08 04:01:22,738 - __main__ - ERROR -   Batch 98: NaN or Inf loss detected! Skipping batch.
2026-05-08 04:01:22,810 - __main__ - ERROR -   Batch 99: NaN or Inf loss detected! Skipping batch.
2026-05-08 04:01:22,882 - __main__ - ERROR -   Batch 100: NaN or Inf loss detected! Skipping batch.
2026-05-08 04:01:22,953 - __main__ - ERROR -   Batch 101: NaN or Inf loss detected! Skipping batch.
2026-05-08 04:01:23,025 - __main__ - ERROR -   Batch 102: NaN or Inf loss detected! Skipping batch.
2026-05-08 04:01:23,615 - __main__ - ERROR -   Batch 103: NaN or Inf loss detected! Skipping batch.
2026-05-08 04:01:23,687 - __main__ - ERROR -   Batch 104: NaN or Inf loss detected! Skipping batch.
2026-05-08 04:01:23,759 - __main__ - ERROR -   Batch 105: NaN or Inf loss detected! Skipping batch.
2026-05-08 04:01:23,831 - __main__ - ERROR -   Batch 106: NaN or Inf loss detected! Skipping batch.
2026-05-08 04:01:23,902 - __main__ - ERROR -   Batch 107: NaN or Inf loss detected! Skipping batch.
2026-05-08 04:01:23,974 - __main__ - ERROR -   Batch 108: NaN or Inf loss detected! Skipping batch.
2026-05-08 04:01:24,045 - __main__ - ERROR -   Batch 109: NaN or Inf loss detected! Skipping batch.
2026-05-08 04:01:24,117 - __main__ - ERROR -   Batch 110: NaN or Inf loss detected! Skipping batch.
2026-05-08 04:01:24,188 - __main__ - ERROR -   Batch 111: NaN or Inf loss detected! Skipping batch.
2026-05-08 04:01:24,260 - __main__ - ERROR -   Batch 112: NaN or Inf loss detected! Skipping batch.
2026-05-08 04:01:24,331 - __main__ - ERROR -   Batch 113: NaN or Inf loss detected! Skipping batch.
2026-05-08 04:01:24,395 - __main__ - ERROR -   Batch 114: NaN or Inf loss detected! Skipping batch.
2026-05-08 04:01:24,467 - __main__ - ERROR -   Batch 115: NaN or Inf loss detected! Skipping batch.
2026-05-08 04:01:24,537 - __main__ - ERROR -   Batch 116: NaN or Inf loss detected! Skipping batch.
2026-05-08 04:01:24,609 - __main__ - ERROR -   Batch 117: NaN or Inf loss detected! Skipping batch.
2026-05-08 04:01:24,680 - __main__ - ERROR -   Batch 118: NaN or Inf loss detected! Skipping batch.
2026-05-08 04:01:24,752 - __main__ - ERROR -   Batch 119: NaN or Inf loss detected! Skipping batch.
2026-05-08 04:01:24,824 - __main__ - ERROR -   Batch 120: NaN or Inf loss detected! Skipping batch.
2026-05-08 04:01:24,895 - __main__ - ERROR -   Batch 121: NaN or Inf loss detected! Skipping batch.
2026-05-08 04:01:24,969 - __main__ - ERROR -   Batch 122: NaN or Inf loss detected! Skipping batch.
2026-05-08 04:01:25,040 - __main__ - ERROR -   Batch 123: NaN or Inf loss detected! Skipping batch.
2026-05-08 04:01:25,111 - __main__ - ERROR -   Batch 124: NaN or Inf loss detected! Skipping batch.
2026-05-08 04:01:25,182 - __main__ - ERROR -   Batch 125: NaN or Inf loss detected! Skipping batch.
2026-05-08 04:01:25,254 - __main__ - ERROR -   Batch 126: NaN or Inf loss detected! Skipping batch.
2026-05-08 04:01:25,325 - __main__ - ERROR -   Batch 127: NaN or Inf loss detected! Skipping batch.
2026-05-08 04:01:25,398 - __main__ - ERROR -   Batch 128: NaN or Inf loss detected! Skipping batch.
2026-05-08 04:01:25,469 - __main__ - ERROR -   Batch 129: NaN or Inf loss detected! Skipping batch.
2026-05-08 04:01:25,541 - __main__ - ERROR -   Batch 130: NaN or Inf loss detected! Skipping batch.
2026-05-08 04:01:25,612 - __main__ - ERROR -   Batch 131: NaN or Inf loss detected! Skipping batch.
2026-05-08 04:01:25,677 - __main__ - ERROR -   Batch 132: NaN or Inf loss detected! Skipping batch.
2026-05-08 04:01:25,749 - __main__ - ERROR -   Batch 133: NaN or Inf loss detected! Skipping batch.
2026-05-08 04:01:25,814 - __main__ - ERROR -   Batch 134: NaN or Inf loss detected! Skipping batch.
2026-05-08 04:01:25,886 - __main__ - ERROR -   Batch 135: NaN or Inf loss detected! Skipping batch.
2026-05-08 04:01:25,957 - __main__ - ERROR -   Batch 136: NaN or Inf loss detected! Skipping batch.
2026-05-08 04:01:26,028 - __main__ - ERROR -   Batch 137: NaN or Inf loss detected! Skipping batch.
2026-05-08 04:01:26,092 - __main__ - ERROR -   Batch 138: NaN or Inf loss detected! Skipping batch.
2026-05-08 04:01:26,163 - __main__ - ERROR -   Batch 139: NaN or Inf loss detected! Skipping batch.
2026-05-08 04:01:26,233 - __main__ - ERROR -   Batch 140: NaN or Inf loss detected! Skipping batch.
2026-05-08 04:01:26,305 - __main__ - ERROR -   Batch 141: NaN or Inf loss detected! Skipping batch.
2026-05-08 04:01:26,376 - __main__ - ERROR -   Batch 142: NaN or Inf loss detected! Skipping batch.
2026-05-08 04:01:26,441 - __main__ - ERROR -   Batch 143: NaN or Inf loss detected! Skipping batch.
2026-05-08 04:01:26,512 - __main__ - ERROR -   Batch 144: NaN or Inf loss detected! Skipping batch.
2026-05-08 04:01:26,577 - __main__ - ERROR -   Batch 145: NaN or Inf loss detected! Skipping batch.
2026-05-08 04:01:26,648 - __main__ - ERROR -   Batch 146: NaN or Inf loss detected! Skipping batch.
2026-05-08 04:01:26,719 - __main__ - ERROR -   Batch 147: NaN or Inf loss detected! Skipping batch.
2026-05-08 04:01:26,790 - __main__ - ERROR -   Batch 148: NaN or Inf loss detected! Skipping batch.
2026-05-08 04:01:26,862 - __main__ - ERROR -   Batch 149: NaN or Inf loss detected! Skipping batch.
2026-05-08 04:01:26,920 - __main__ - ERROR -   Batch 150: NaN or Inf loss detected! Skipping batch.
2026-05-08 04:01:26,992 - __main__ - ERROR -   Batch 151: NaN or Inf loss detected! Skipping batch.
2026-05-08 04:01:27,063 - __main__ - ERROR -   Batch 152: NaN or Inf loss detected! Skipping batch.
2026-05-08 04:01:27,127 - __main__ - ERROR -   Batch 153: NaN or Inf loss detected! Skipping batch.
2026-05-08 04:01:27,198 - __main__ - ERROR -   Batch 154: NaN or Inf loss detected! Skipping batch.
2026-05-08 04:01:27,269 - __main__ - ERROR -   Batch 155: NaN or Inf loss detected! Skipping batch.
2026-05-08 04:01:27,341 - __main__ - ERROR -   Batch 156: NaN or Inf loss detected! Skipping batch.
2026-05-08 04:01:27,412 - __main__ - ERROR -   Batch 157: NaN or Inf loss detected! Skipping batch.
2026-05-08 04:01:27,483 - __main__ - ERROR -   Batch 158: NaN or Inf loss detected! Skipping batch.
2026-05-08 04:01:27,554 - __main__ - ERROR -   Batch 159: NaN or Inf loss detected! Skipping batch.
2026-05-08 04:01:27,626 - __main__ - ERROR -   Batch 160: NaN or Inf loss detected! Skipping batch.
2026-05-08 04:01:27,697 - __main__ - ERROR -   Batch 161: NaN or Inf loss detected! Skipping batch.
2026-05-08 04:01:27,769 - __main__ - ERROR -   Batch 162: NaN or Inf loss detected! Skipping batch.
2026-05-08 04:01:27,840 - __main__ - ERROR -   Batch 163: NaN or Inf loss detected! Skipping batch.
2026-05-08 04:01:27,912 - __main__ - ERROR -   Batch 164: NaN or Inf loss detected! Skipping batch.
2026-05-08 04:01:27,983 - __main__ - ERROR -   Batch 165: NaN or Inf loss detected! Skipping batch.
2026-05-08 04:01:28,054 - __main__ - ERROR -   Batch 166: NaN or Inf loss detected! Skipping batch.
2026-05-08 04:01:28,126 - __main__ - ERROR -   Batch 167: NaN or Inf loss detected! Skipping batch.
2026-05-08 04:01:28,197 - __main__ - ERROR -   Batch 168: NaN or Inf loss detected! Skipping batch.
2026-05-08 04:01:28,268 - __main__ - ERROR -   Batch 169: NaN or Inf loss detected! Skipping batch.
2026-05-08 04:01:28,340 - __main__ - ERROR -   Batch 170: NaN or Inf loss detected! Skipping batch.
2026-05-08 04:01:28,411 - __main__ - ERROR -   Batch 171: NaN or Inf loss detected! Skipping batch.
2026-05-08 04:01:28,483 - __main__ - ERROR -   Batch 172: NaN or Inf loss detected! Skipping batch.
2026-05-08 04:01:28,554 - __main__ - ERROR -   Batch 173: NaN or Inf loss detected! Skipping batch.
2026-05-08 04:01:28,625 - __main__ - ERROR -   Batch 174: NaN or Inf loss detected! Skipping batch.
2026-05-08 04:01:28,696 - __main__ - ERROR -   Batch 175: NaN or Inf loss detected! Skipping batch.
2026-05-08 04:01:28,769 - __main__ - ERROR -   Batch 176: NaN or Inf loss detected! Skipping batch.
2026-05-08 04:01:28,840 - __main__ - ERROR -   Batch 177: NaN or Inf loss detected! Skipping batch.
2026-05-08 04:01:28,912 - __main__ - ERROR -   Batch 178: NaN or Inf loss detected! Skipping batch.
2026-05-08 04:01:28,983 - __main__ - ERROR -   Batch 179: NaN or Inf loss detected! Skipping batch.
2026-05-08 04:01:29,054 - __main__ - ERROR -   Batch 180: NaN or Inf loss detected! Skipping batch.
2026-05-08 04:01:29,126 - __main__ - ERROR -   Batch 181: NaN or Inf loss detected! Skipping batch.
2026-05-08 04:01:29,198 - __main__ - ERROR -   Batch 182: NaN or Inf loss detected! Skipping batch.
2026-05-08 04:01:29,269 - __main__ - ERROR -   Batch 183: NaN or Inf loss detected! Skipping batch.
2026-05-08 04:01:29,340 - __main__ - ERROR -   Batch 184: NaN or Inf loss detected! Skipping batch.
2026-05-08 04:01:29,412 - __main__ - ERROR -   Batch 185: NaN or Inf loss detected! Skipping batch.
2026-05-08 04:01:29,483 - __main__ - ERROR -   Batch 186: NaN or Inf loss detected! Skipping batch.
2026-05-08 04:01:29,554 - __main__ - ERROR -   Batch 187: NaN or Inf loss detected! Skipping batch.
2026-05-08 04:01:29,626 - __main__ - ERROR -   Batch 188: NaN or Inf loss detected! Skipping batch.
2026-05-08 04:01:29,698 - __main__ - ERROR -   Batch 189: NaN or Inf loss detected! Skipping batch.
2026-05-08 04:01:29,770 - __main__ - ERROR -   Batch 190: NaN or Inf loss detected! Skipping batch.
2026-05-08 04:01:29,841 - __main__ - ERROR -   Batch 191: NaN or Inf loss detected! Skipping batch.
2026-05-08 04:01:29,913 - __main__ - ERROR -   Batch 192: NaN or Inf loss detected! Skipping batch.
2026-05-08 04:01:29,984 - __main__ - ERROR -   Batch 193: NaN or Inf loss detected! Skipping batch.
2026-05-08 04:01:30,055 - __main__ - ERROR -   Batch 194: NaN or Inf loss detected! Skipping batch.
2026-05-08 04:01:30,126 - __main__ - ERROR -   Batch 195: NaN or Inf loss detected! Skipping batch.
2026-05-08 04:01:30,198 - __main__ - ERROR -   Batch 196: NaN or Inf loss detected! Skipping batch.
2026-05-08 04:01:30,269 - __main__ - ERROR -   Batch 197: NaN or Inf loss detected! Skipping batch.
2026-05-08 04:01:30,341 - __main__ - ERROR -   Batch 198: NaN or Inf loss detected! Skipping batch.
2026-05-08 04:01:30,412 - __main__ - ERROR -   Batch 199: NaN or Inf loss detected! Skipping batch.
2026-05-08 04:01:30,484 - __main__ - ERROR -   Batch 200: NaN or Inf loss detected! Skipping batch.
2026-05-08 04:01:30,555 - __main__ - ERROR -   Batch 201: NaN or Inf loss detected! Skipping batch.
2026-05-08 04:01:30,626 - __main__ - ERROR -   Batch 202: NaN or Inf loss detected! Skipping batch.
2026-05-08 04:01:30,697 - __main__ - ERROR -   Batch 203: NaN or Inf loss detected! Skipping batch.
2026-05-08 04:01:30,757 - __main__ - ERROR -   Batch 204: NaN or Inf loss detected! Skipping batch.
2026-05-08 04:01:30,828 - __main__ - ERROR -   Batch 205: NaN or Inf loss detected! Skipping batch.
2026-05-08 04:01:30,887 - __main__ - ERROR -   Batch 206: NaN or Inf loss detected! Skipping batch.
2026-05-08 04:01:30,959 - __main__ - ERROR -   Batch 207: NaN or Inf loss detected! Skipping batch.
2026-05-08 04:01:31,019 - __main__ - ERROR -   Batch 208: NaN or Inf loss detected! Skipping batch.
2026-05-08 04:01:31,083 - __main__ - ERROR -   Batch 209: NaN or Inf loss detected! Skipping batch.
2026-05-08 04:01:31,154 - __main__ - ERROR -   Batch 210: NaN or Inf loss detected! Skipping batch.
2026-05-08 04:01:31,225 - __main__ - ERROR -   Batch 211: NaN or Inf loss detected! Skipping batch.
2026-05-08 04:01:31,296 - __main__ - ERROR -   Batch 212: NaN or Inf loss detected! Skipping batch.
2026-05-08 04:01:31,367 - __main__ - ERROR -   Batch 213: NaN or Inf loss detected! Skipping batch.
2026-05-08 04:01:31,440 - __main__ - ERROR -   Batch 214: NaN or Inf loss detected! Skipping batch.
2026-05-08 04:01:31,504 - __main__ - ERROR -   Batch 215: NaN or Inf loss detected! Skipping batch.
2026-05-08 04:01:31,575 - __main__ - ERROR -   Batch 216: NaN or Inf loss detected! Skipping batch.
2026-05-08 04:01:31,646 - __main__ - ERROR -   Batch 217: NaN or Inf loss detected! Skipping batch.
2026-05-08 04:01:31,717 - __main__ - ERROR -   Batch 218: NaN or Inf loss detected! Skipping batch.
2026-05-08 04:01:31,789 - __main__ - ERROR -   Batch 219: NaN or Inf loss detected! Skipping batch.
2026-05-08 04:01:31,861 - __main__ - ERROR -   Batch 220: NaN or Inf loss detected! Skipping batch.
2026-05-08 04:01:31,932 - __main__ - ERROR -   Batch 221: NaN or Inf loss detected! Skipping batch.
2026-05-08 04:01:32,005 - __main__ - ERROR -   Batch 222: NaN or Inf loss detected! Skipping batch.
2026-05-08 04:01:32,069 - __main__ - ERROR -   Batch 223: NaN or Inf loss detected! Skipping batch.
2026-05-08 04:01:32,142 - __main__ - ERROR -   Batch 224: NaN or Inf loss detected! Skipping batch.
2026-05-08 04:01:32,212 - __main__ - ERROR -   Batch 225: NaN or Inf loss detected! Skipping batch.
2026-05-08 04:01:32,284 - __main__ - ERROR -   Batch 226: NaN or Inf loss detected! Skipping batch.
2026-05-08 04:01:32,354 - __main__ - ERROR -   Batch 227: NaN or Inf loss detected! Skipping batch.
2026-05-08 04:01:32,426 - __main__ - ERROR -   Batch 228: NaN or Inf loss detected! Skipping batch.
2026-05-08 04:01:32,498 - __main__ - ERROR -   Batch 229: NaN or Inf loss detected! Skipping batch.
2026-05-08 04:01:32,911 - __main__ - ERROR -   Batch 230: NaN or Inf loss detected! Skipping batch.
2026-05-08 04:01:32,984 - __main__ - ERROR -   Batch 231: NaN or Inf loss detected! Skipping batch.
2026-05-08 04:01:33,057 - __main__ - ERROR -   Batch 232: NaN or Inf loss detected! Skipping batch.
2026-05-08 04:01:33,128 - __main__ - ERROR -   Batch 233: NaN or Inf loss detected! Skipping batch.
2026-05-08 04:01:33,200 - __main__ - ERROR -   Batch 234: NaN or Inf loss detected! Skipping batch.
2026-05-08 04:01:33,271 - __main__ - ERROR -   Batch 235: NaN or Inf loss detected! Skipping batch.
2026-05-08 04:01:33,344 - __main__ - ERROR -   Batch 236: NaN or Inf loss detected! Skipping batch.
2026-05-08 04:01:33,416 - __main__ - ERROR -   Batch 237: NaN or Inf loss detected! Skipping batch.
2026-05-08 04:01:33,486 - __main__ - ERROR -   Batch 238: NaN or Inf loss detected! Skipping batch.
2026-05-08 04:01:33,557 - __main__ - ERROR -   Batch 239: NaN or Inf loss detected! Skipping batch.
2026-05-08 04:01:33,628 - __main__ - ERROR -   Batch 240: NaN or Inf loss detected! Skipping batch.
2026-05-08 04:01:33,698 - __main__ - ERROR -   Batch 241: NaN or Inf loss detected! Skipping batch.
2026-05-08 04:01:33,770 - __main__ - ERROR -   Batch 242: NaN or Inf loss detected! Skipping batch.
2026-05-08 04:01:33,835 - __main__ - ERROR -   Batch 243: NaN or Inf loss detected! Skipping batch.
2026-05-08 04:01:33,905 - __main__ - ERROR -   Batch 244: NaN or Inf loss detected! Skipping batch.
2026-05-08 04:01:33,976 - __main__ - ERROR -   Batch 245: NaN or Inf loss detected! Skipping batch.
2026-05-08 04:01:34,047 - __main__ - ERROR -   Batch 246: NaN or Inf loss detected! Skipping batch.
2026-05-08 04:01:34,119 - __main__ - ERROR -   Batch 247: NaN or Inf loss detected! Skipping batch.
2026-05-08 04:01:34,191 - __main__ - ERROR -   Batch 248: NaN or Inf loss detected! Skipping batch.
2026-05-08 04:01:34,262 - __main__ - ERROR -   Batch 249: NaN or Inf loss detected! Skipping batch.
2026-05-08 04:01:34,334 - __main__ - ERROR -   Batch 250: NaN or Inf loss detected! Skipping batch.
2026-05-08 04:01:34,406 - __main__ - ERROR -   Batch 251: NaN or Inf loss detected! Skipping batch.
2026-05-08 04:01:34,477 - __main__ - ERROR -   Batch 252: NaN or Inf loss detected! Skipping batch.
2026-05-08 04:01:34,548 - __main__ - ERROR -   Batch 253: NaN or Inf loss detected! Skipping batch.
2026-05-08 04:01:34,619 - __main__ - ERROR -   Batch 254: NaN or Inf loss detected! Skipping batch.
2026-05-08 04:01:34,683 - __main__ - ERROR -   Batch 255: NaN or Inf loss detected! Skipping batch.
2026-05-08 04:01:34,755 - __main__ - ERROR -   Batch 256: NaN or Inf loss detected! Skipping batch.
2026-05-08 04:01:34,826 - __main__ - ERROR -   Batch 257: NaN or Inf loss detected! Skipping batch.
2026-05-08 04:01:34,897 - __main__ - ERROR -   Batch 258: NaN or Inf loss detected! Skipping batch.
2026-05-08 04:01:34,968 - __main__ - ERROR -   Batch 259: NaN or Inf loss detected! Skipping batch.
2026-05-08 04:01:35,039 - __main__ - ERROR -   Batch 260: NaN or Inf loss detected! Skipping batch.
2026-05-08 04:01:35,109 - __main__ - ERROR -   Batch 261: NaN or Inf loss detected! Skipping batch.
2026-05-08 04:01:35,174 - __main__ - ERROR -   Batch 262: NaN or Inf loss detected! Skipping batch.
2026-05-08 04:01:35,245 - __main__ - ERROR -   Batch 263: NaN or Inf loss detected! Skipping batch.
2026-05-08 04:01:35,315 - __main__ - ERROR -   Batch 264: NaN or Inf loss detected! Skipping batch.
2026-05-08 04:01:35,380 - __main__ - ERROR -   Batch 265: NaN or Inf loss detected! Skipping batch.
2026-05-08 04:01:35,451 - __main__ - ERROR -   Batch 266: NaN or Inf loss detected! Skipping batch.
2026-05-08 04:01:35,522 - __main__ - ERROR -   Batch 267: NaN or Inf loss detected! Skipping batch.
2026-05-08 04:01:35,593 - __main__ - ERROR -   Batch 268: NaN or Inf loss detected! Skipping batch.
2026-05-08 04:01:35,665 - __main__ - ERROR -   Batch 269: NaN or Inf loss detected! Skipping batch.
2026-05-08 04:01:35,736 - __main__ - ERROR -   Batch 270: NaN or Inf loss detected! Skipping batch.
2026-05-08 04:01:35,809 - __main__ - ERROR -   Batch 271: NaN or Inf loss detected! Skipping batch.
2026-05-08 04:01:35,880 - __main__ - ERROR -   Batch 272: NaN or Inf loss detected! Skipping batch.
2026-05-08 04:01:35,952 - __main__ - ERROR -   Batch 273: NaN or Inf loss detected! Skipping batch.
2026-05-08 04:01:36,023 - __main__ - ERROR -   Batch 274: NaN or Inf loss detected! Skipping batch.
2026-05-08 04:01:36,095 - __main__ - ERROR -   Batch 275: NaN or Inf loss detected! Skipping batch.
2026-05-08 04:01:36,167 - __main__ - ERROR -   Batch 276: NaN or Inf loss detected! Skipping batch.
2026-05-08 04:01:36,238 - __main__ - ERROR -   Batch 277: NaN or Inf loss detected! Skipping batch.
2026-05-08 04:01:36,309 - __main__ - ERROR -   Batch 278: NaN or Inf loss detected! Skipping batch.
2026-05-08 04:01:36,381 - __main__ - ERROR -   Batch 279: NaN or Inf loss detected! Skipping batch.
2026-05-08 04:01:36,452 - __main__ - ERROR -   Batch 280: NaN or Inf loss detected! Skipping batch.
2026-05-08 04:01:36,523 - __main__ - ERROR -   Batch 281: NaN or Inf loss detected! Skipping batch.
2026-05-08 04:01:36,595 - __main__ - ERROR -   Batch 282: NaN or Inf loss detected! Skipping batch.
2026-05-08 04:01:36,666 - __main__ - ERROR -   Batch 283: NaN or Inf loss detected! Skipping batch.
2026-05-08 04:01:36,737 - __main__ - ERROR -   Batch 284: NaN or Inf loss detected! Skipping batch.
2026-05-08 04:01:36,809 - __main__ - ERROR -   Batch 285: NaN or Inf loss detected! Skipping batch.
2026-05-08 04:01:36,881 - __main__ - ERROR -   Batch 286: NaN or Inf loss detected! Skipping batch.
2026-05-08 04:01:36,952 - __main__ - ERROR -   Batch 287: NaN or Inf loss detected! Skipping batch.
2026-05-08 04:01:37,023 - __main__ - ERROR -   Batch 288: NaN or Inf loss detected! Skipping batch.
2026-05-08 04:01:37,094 - __main__ - ERROR -   Batch 289: NaN or Inf loss detected! Skipping batch.
2026-05-08 04:01:37,166 - __main__ - ERROR -   Batch 290: NaN or Inf loss detected! Skipping batch.
2026-05-08 04:01:37,237 - __main__ - ERROR -   Batch 291: NaN or Inf loss detected! Skipping batch.
2026-05-08 04:01:37,302 - __main__ - ERROR -   Batch 292: NaN or Inf loss detected! Skipping batch.
2026-05-08 04:01:37,373 - __main__ - ERROR -   Batch 293: NaN or Inf loss detected! Skipping batch.
2026-05-08 04:01:37,444 - __main__ - ERROR -   Batch 294: NaN or Inf loss detected! Skipping batch.
2026-05-08 04:01:37,515 - __main__ - ERROR -   Batch 295: NaN or Inf loss detected! Skipping batch.
2026-05-08 04:01:37,580 - __main__ - ERROR -   Batch 296: NaN or Inf loss detected! Skipping batch.
2026-05-08 04:01:37,651 - __main__ - ERROR -   Batch 297: NaN or Inf loss detected! Skipping batch.
2026-05-08 04:01:37,722 - __main__ - ERROR -   Batch 298: NaN or Inf loss detected! Skipping batch.
2026-05-08 04:01:37,793 - __main__ - ERROR -   Batch 299: NaN or Inf loss detected! Skipping batch.
2026-05-08 04:01:37,864 - __main__ - ERROR -   Batch 300: NaN or Inf loss detected! Skipping batch.
2026-05-08 04:01:37,929 - __main__ - ERROR -   Batch 301: NaN or Inf loss detected! Skipping batch.
2026-05-08 04:01:38,001 - __main__ - ERROR -   Batch 302: NaN or Inf loss detected! Skipping batch.
2026-05-08 04:01:38,072 - __main__ - ERROR -   Batch 303: NaN or Inf loss detected! Skipping batch.
2026-05-08 04:01:38,143 - __main__ - ERROR -   Batch 304: NaN or Inf loss detected! Skipping batch.
2026-05-08 04:01:38,203 - __main__ - ERROR -   Batch 305: NaN or Inf loss detected! Skipping batch.
2026-05-08 04:01:38,274 - __main__ - ERROR -   Batch 306: NaN or Inf loss detected! Skipping batch.
2026-05-08 04:01:38,344 - __main__ - ERROR -   Batch 307: NaN or Inf loss detected! Skipping batch.
2026-05-08 04:01:38,416 - __main__ - ERROR -   Batch 308: NaN or Inf loss detected! Skipping batch.
2026-05-08 04:01:38,487 - __main__ - ERROR -   Batch 309: NaN or Inf loss detected! Skipping batch.
2026-05-08 04:01:38,558 - __main__ - ERROR -   Batch 310: NaN or Inf loss detected! Skipping batch.
2026-05-08 04:01:38,623 - __main__ - ERROR -   Batch 311: NaN or Inf loss detected! Skipping batch.
2026-05-08 04:01:38,694 - __main__ - ERROR -   Batch 312: NaN or Inf loss detected! Skipping batch.
2026-05-08 04:01:38,765 - __main__ - ERROR -   Batch 313: NaN or Inf loss detected! Skipping batch.
2026-05-08 04:01:38,837 - __main__ - ERROR -   Batch 314: NaN or Inf loss detected! Skipping batch.
2026-05-08 04:01:38,908 - __main__ - ERROR -   Batch 315: NaN or Inf loss detected! Skipping batch.
2026-05-08 04:01:38,979 - __main__ - ERROR -   Batch 316: NaN or Inf loss detected! Skipping batch.
2026-05-08 04:01:39,050 - __main__ - ERROR -   Batch 317: NaN or Inf loss detected! Skipping batch.
2026-05-08 04:01:39,121 - __main__ - ERROR -   Batch 318: NaN or Inf loss detected! Skipping batch.
2026-05-08 04:01:39,193 - __main__ - ERROR -   Batch 319: NaN or Inf loss detected! Skipping batch.
2026-05-08 04:01:39,264 - __main__ - ERROR -   Batch 320: NaN or Inf loss detected! Skipping batch.
2026-05-08 04:01:39,335 - __main__ - ERROR -   Batch 321: NaN or Inf loss detected! Skipping batch.
2026-05-08 04:01:39,406 - __main__ - ERROR -   Batch 322: NaN or Inf loss detected! Skipping batch.
2026-05-08 04:01:39,478 - __main__ - ERROR -   Batch 323: NaN or Inf loss detected! Skipping batch.
2026-05-08 04:01:39,549 - __main__ - ERROR -   Batch 324: NaN or Inf loss detected! Skipping batch.
2026-05-08 04:01:39,621 - __main__ - ERROR -   Batch 325: NaN or Inf loss detected! Skipping batch.
2026-05-08 04:01:39,687 - __main__ - ERROR -   Batch 326: NaN or Inf loss detected! Skipping batch.
2026-05-08 04:01:39,758 - __main__ - ERROR -   Batch 327: NaN or Inf loss detected! Skipping batch.
2026-05-08 04:01:39,829 - __main__ - ERROR -   Batch 328: NaN or Inf loss detected! Skipping batch.
2026-05-08 04:01:39,900 - __main__ - ERROR -   Batch 329: NaN or Inf loss detected! Skipping batch.
2026-05-08 04:01:39,973 - __main__ - ERROR -   Batch 330: NaN or Inf loss detected! Skipping batch.
2026-05-08 04:01:40,045 - __main__ - ERROR -   Batch 331: NaN or Inf loss detected! Skipping batch.
2026-05-08 04:01:40,114 - __main__ - ERROR -   Batch 332: NaN or Inf loss detected! Skipping batch.
2026-05-08 04:01:40,180 - __main__ - ERROR -   Batch 333: NaN or Inf loss detected! Skipping batch.
2026-05-08 04:01:40,251 - __main__ - ERROR -   Batch 334: NaN or Inf loss detected! Skipping batch.
2026-05-08 04:01:40,322 - __main__ - ERROR -   Batch 335: NaN or Inf loss detected! Skipping batch.
2026-05-08 04:01:40,801 - __main__ - ERROR -   Batch 336: NaN or Inf loss detected! Skipping batch.
2026-05-08 04:01:40,860 - __main__ - ERROR -   Batch 337: NaN or Inf loss detected! Skipping batch.
2026-05-08 04:01:40,931 - __main__ - ERROR -   Batch 338: NaN or Inf loss detected! Skipping batch.
2026-05-08 04:01:41,002 - __main__ - ERROR -   Batch 339: NaN or Inf loss detected! Skipping batch.
2026-05-08 04:01:41,073 - __main__ - ERROR -   Batch 340: NaN or Inf loss detected! Skipping batch.
2026-05-08 04:01:41,144 - __main__ - ERROR -   Batch 341: NaN or Inf loss detected! Skipping batch.
2026-05-08 04:01:41,216 - __main__ - ERROR -   Batch 342: NaN or Inf loss detected! Skipping batch.
2026-05-08 04:01:41,288 - __main__ - ERROR -   Batch 343: NaN or Inf loss detected! Skipping batch.
2026-05-08 04:01:41,353 - __main__ - ERROR -   Batch 344: NaN or Inf loss detected! Skipping batch.
2026-05-08 04:01:41,424 - __main__ - ERROR -   Batch 345: NaN or Inf loss detected! Skipping batch.
2026-05-08 04:01:41,495 - __main__ - ERROR -   Batch 346: NaN or Inf loss detected! Skipping batch.
2026-05-08 04:01:41,565 - __main__ - ERROR -   Batch 347: NaN or Inf loss detected! Skipping batch.
2026-05-08 04:01:41,636 - __main__ - ERROR -   Batch 348: NaN or Inf loss detected! Skipping batch.
2026-05-08 04:01:41,708 - __main__ - ERROR -   Batch 349: NaN or Inf loss detected! Skipping batch.
2026-05-08 04:01:41,779 - __main__ - ERROR -   Batch 350: NaN or Inf loss detected! Skipping batch.
2026-05-08 04:01:41,851 - __main__ - ERROR -   Batch 351: NaN or Inf loss detected! Skipping batch.
2026-05-08 04:01:41,922 - __main__ - ERROR -   Batch 352: NaN or Inf loss detected! Skipping batch.
2026-05-08 04:01:41,994 - __main__ - ERROR -   Batch 353: NaN or Inf loss detected! Skipping batch.
2026-05-08 04:01:42,066 - __main__ - ERROR -   Batch 354: NaN or Inf loss detected! Skipping batch.
2026-05-08 04:01:42,138 - __main__ - ERROR -   Batch 355: NaN or Inf loss detected! Skipping batch.
2026-05-08 04:01:42,209 - __main__ - ERROR -   Batch 356: NaN or Inf loss detected! Skipping batch.
2026-05-08 04:01:42,281 - __main__ - ERROR -   Batch 357: NaN or Inf loss detected! Skipping batch.
2026-05-08 04:01:42,346 - __main__ - ERROR -   Batch 358: NaN or Inf loss detected! Skipping batch.
2026-05-08 04:01:42,417 - __main__ - ERROR -   Batch 359: NaN or Inf loss detected! Skipping batch.
2026-05-08 04:01:42,488 - __main__ - ERROR -   Batch 360: NaN or Inf loss detected! Skipping batch.
2026-05-08 04:01:42,560 - __main__ - ERROR -   Batch 361: NaN or Inf loss detected! Skipping batch.
2026-05-08 04:01:42,629 - __main__ - ERROR -   Batch 362: NaN or Inf loss detected! Skipping batch.
2026-05-08 04:01:42,699 - __main__ - ERROR -   Batch 363: NaN or Inf loss detected! Skipping batch.
2026-05-08 04:01:42,769 - __main__ - ERROR -   Batch 364: NaN or Inf loss detected! Skipping batch.
2026-05-08 04:01:42,839 - __main__ - ERROR -   Batch 365: NaN or Inf loss detected! Skipping batch.
2026-05-08 04:01:42,910 - __main__ - ERROR -   Batch 366: NaN or Inf loss detected! Skipping batch.
2026-05-08 04:01:42,982 - __main__ - ERROR -   Batch 367: NaN or Inf loss detected! Skipping batch.
2026-05-08 04:01:43,053 - __main__ - ERROR -   Batch 368: NaN or Inf loss detected! Skipping batch.
2026-05-08 04:01:43,124 - __main__ - ERROR -   Batch 369: NaN or Inf loss detected! Skipping batch.
2026-05-08 04:01:43,196 - __main__ - ERROR -   Batch 370: NaN or Inf loss detected! Skipping batch.
2026-05-08 04:01:43,266 - __main__ - ERROR -   Batch 371: NaN or Inf loss detected! Skipping batch.
2026-05-08 04:01:43,336 - __main__ - ERROR -   Batch 372: NaN or Inf loss detected! Skipping batch.
2026-05-08 04:01:43,405 - __main__ - ERROR -   Batch 373: NaN or Inf loss detected! Skipping batch.
2026-05-08 04:01:43,475 - __main__ - ERROR -   Batch 374: NaN or Inf loss detected! Skipping batch.
2026-05-08 04:01:43,544 - __main__ - ERROR -   Batch 375: NaN or Inf loss detected! Skipping batch.
2026-05-08 04:01:43,614 - __main__ - ERROR -   Batch 376: NaN or Inf loss detected! Skipping batch.
2026-05-08 04:01:43,684 - __main__ - ERROR -   Batch 377: NaN or Inf loss detected! Skipping batch.
2026-05-08 04:01:43,754 - __main__ - ERROR -   Batch 378: NaN or Inf loss detected! Skipping batch.
2026-05-08 04:01:43,824 - __main__ - ERROR -   Batch 379: NaN or Inf loss detected! Skipping batch.
2026-05-08 04:01:43,894 - __main__ - ERROR -   Batch 380: NaN or Inf loss detected! Skipping batch.
2026-05-08 04:01:43,964 - __main__ - ERROR -   Batch 381: NaN or Inf loss detected! Skipping batch.
2026-05-08 04:01:44,034 - __main__ - ERROR -   Batch 382: NaN or Inf loss detected! Skipping batch.
2026-05-08 04:01:44,104 - __main__ - ERROR -   Batch 383: NaN or Inf loss detected! Skipping batch.
2026-05-08 04:01:44,174 - __main__ - ERROR -   Batch 384: NaN or Inf loss detected! Skipping batch.
2026-05-08 04:01:44,243 - __main__ - ERROR -   Batch 385: NaN or Inf loss detected! Skipping batch.
2026-05-08 04:01:44,313 - __main__ - ERROR -   Batch 386: NaN or Inf loss detected! Skipping batch.
2026-05-08 04:01:44,383 - __main__ - ERROR -   Batch 387: NaN or Inf loss detected! Skipping batch.
2026-05-08 04:01:44,453 - __main__ - ERROR -   Batch 388: NaN or Inf loss detected! Skipping batch.
2026-05-08 04:01:44,523 - __main__ - ERROR -   Batch 389: NaN or Inf loss detected! Skipping batch.
2026-05-08 04:01:44,592 - __main__ - ERROR -   Batch 390: NaN or Inf loss detected! Skipping batch.
2026-05-08 04:01:44,662 - __main__ - ERROR -   Batch 391: NaN or Inf loss detected! Skipping batch.
2026-05-08 04:01:44,732 - __main__ - ERROR -   Batch 392: NaN or Inf loss detected! Skipping batch.
2026-05-08 04:01:44,802 - __main__ - ERROR -   Batch 393: NaN or Inf loss detected! Skipping batch.
2026-05-08 04:01:44,872 - __main__ - ERROR -   Batch 394: NaN or Inf loss detected! Skipping batch.
2026-05-08 04:01:44,941 - __main__ - ERROR -   Batch 395: NaN or Inf loss detected! Skipping batch.
2026-05-08 04:01:45,013 - __main__ - ERROR -   Batch 396: NaN or Inf loss detected! Skipping batch.
2026-05-08 04:01:45,084 - __main__ - ERROR -   Batch 397: NaN or Inf loss detected! Skipping batch.
2026-05-08 04:01:45,154 - __main__ - ERROR -   Batch 398: NaN or Inf loss detected! Skipping batch.
2026-05-08 04:01:45,224 - __main__ - ERROR -   Batch 399: NaN or Inf loss detected! Skipping batch.
2026-05-08 04:01:45,293 - __main__ - ERROR -   Batch 400: NaN or Inf loss detected! Skipping batch.
2026-05-08 04:01:45,363 - __main__ - ERROR -   Batch 401: NaN or Inf loss detected! Skipping batch.
2026-05-08 04:01:45,433 - __main__ - ERROR -   Batch 402: NaN or Inf loss detected! Skipping batch.
2026-05-08 04:01:45,503 - __main__ - ERROR -   Batch 403: NaN or Inf loss detected! Skipping batch.
2026-05-08 04:01:45,572 - __main__ - ERROR -   Batch 404: NaN or Inf loss detected! Skipping batch.
2026-05-08 04:01:45,642 - __main__ - ERROR -   Batch 405: NaN or Inf loss detected! Skipping batch.
2026-05-08 04:01:45,712 - __main__ - ERROR -   Batch 406: NaN or Inf loss detected! Skipping batch.
2026-05-08 04:01:45,782 - __main__ - ERROR -   Batch 407: NaN or Inf loss detected! Skipping batch.
2026-05-08 04:01:45,847 - __main__ - ERROR -   Batch 408: NaN or Inf loss detected! Skipping batch.
2026-05-08 04:01:45,919 - __main__ - ERROR -   Batch 409: NaN or Inf loss detected! Skipping batch.
2026-05-08 04:01:45,990 - __main__ - ERROR -   Batch 410: NaN or Inf loss detected! Skipping batch.
2026-05-08 04:01:46,060 - __main__ - ERROR -   Batch 411: NaN or Inf loss detected! Skipping batch.
2026-05-08 04:01:46,132 - __main__ - ERROR -   Batch 412: NaN or Inf loss detected! Skipping batch.
2026-05-08 04:01:46,203 - __main__ - ERROR -   Batch 413: NaN or Inf loss detected! Skipping batch.
2026-05-08 04:01:46,268 - __main__ - ERROR -   Batch 414: NaN or Inf loss detected! Skipping batch.
2026-05-08 04:01:46,340 - __main__ - ERROR -   Batch 415: NaN or Inf loss detected! Skipping batch.
2026-05-08 04:01:46,411 - __main__ - ERROR -   Batch 416: NaN or Inf loss detected! Skipping batch.
2026-05-08 04:01:46,482 - __main__ - ERROR -   Batch 417: NaN or Inf loss detected! Skipping batch.
2026-05-08 04:01:46,554 - __main__ - ERROR -   Batch 418: NaN or Inf loss detected! Skipping batch.
2026-05-08 04:01:46,625 - __main__ - ERROR -   Batch 419: NaN or Inf loss detected! Skipping batch.
2026-05-08 04:01:46,698 - __main__ - ERROR -   Batch 420: NaN or Inf loss detected! Skipping batch.
2026-05-08 04:01:46,770 - __main__ - ERROR -   Batch 421: NaN or Inf loss detected! Skipping batch.
2026-05-08 04:01:46,841 - __main__ - ERROR -   Batch 422: NaN or Inf loss detected! Skipping batch.
2026-05-08 04:01:46,912 - __main__ - ERROR -   Batch 423: NaN or Inf loss detected! Skipping batch.
2026-05-08 04:01:46,972 - __main__ - ERROR -   Batch 424: NaN or Inf loss detected! Skipping batch.
2026-05-08 04:01:47,043 - __main__ - ERROR -   Batch 425: NaN or Inf loss detected! Skipping batch.
2026-05-08 04:01:47,115 - __main__ - ERROR -   Batch 426: NaN or Inf loss detected! Skipping batch.
2026-05-08 04:01:47,186 - __main__ - ERROR -   Batch 427: NaN or Inf loss detected! Skipping batch.
2026-05-08 04:01:47,258 - __main__ - ERROR -   Batch 428: NaN or Inf loss detected! Skipping batch.
2026-05-08 04:01:47,330 - __main__ - ERROR -   Batch 429: NaN or Inf loss detected! Skipping batch.
2026-05-08 04:01:47,394 - __main__ - ERROR -   Batch 430: NaN or Inf loss detected! Skipping batch.
2026-05-08 04:01:47,467 - __main__ - ERROR -   Batch 431: NaN or Inf loss detected! Skipping batch.
2026-05-08 04:01:47,537 - __main__ - ERROR -   Batch 432: NaN or Inf loss detected! Skipping batch.
2026-05-08 04:01:47,608 - __main__ - ERROR -   Batch 433: NaN or Inf loss detected! Skipping batch.
2026-05-08 04:01:47,679 - __main__ - ERROR -   Batch 434: NaN or Inf loss detected! Skipping batch.
2026-05-08 04:01:47,753 - __main__ - ERROR -   Batch 435: NaN or Inf loss detected! Skipping batch.
2026-05-08 04:01:47,826 - __main__ - ERROR -   Batch 436: NaN or Inf loss detected! Skipping batch.
2026-05-08 04:01:47,897 - __main__ - ERROR -   Batch 437: NaN or Inf loss detected! Skipping batch.
2026-05-08 04:01:47,969 - __main__ - ERROR -   Batch 438: NaN or Inf loss detected! Skipping batch.
2026-05-08 04:01:48,040 - __main__ - ERROR -   Batch 439: NaN or Inf loss detected! Skipping batch.
2026-05-08 04:01:48,112 - __main__ - ERROR -   Batch 440: NaN or Inf loss detected! Skipping batch.
2026-05-08 04:01:48,184 - __main__ - ERROR -   Batch 441: NaN or Inf loss detected! Skipping batch.
2026-05-08 04:01:48,254 - __main__ - ERROR -   Batch 442: NaN or Inf loss detected! Skipping batch.
2026-05-08 04:01:48,324 - __main__ - ERROR -   Batch 443: NaN or Inf loss detected! Skipping batch.
2026-05-08 04:01:48,396 - __main__ - ERROR -   Batch 444: NaN or Inf loss detected! Skipping batch.
2026-05-08 04:01:48,468 - __main__ - ERROR -   Batch 445: NaN or Inf loss detected! Skipping batch.
2026-05-08 04:01:48,539 - __main__ - ERROR -   Batch 446: NaN or Inf loss detected! Skipping batch.
2026-05-08 04:01:48,611 - __main__ - ERROR -   Batch 447: NaN or Inf loss detected! Skipping batch.
2026-05-08 04:01:48,675 - __main__ - ERROR -   Batch 448: NaN or Inf loss detected! Skipping batch.
2026-05-08 04:01:48,747 - __main__ - ERROR -   Batch 449: NaN or Inf loss detected! Skipping batch.
2026-05-08 04:01:48,818 - __main__ - ERROR -   Batch 450: NaN or Inf loss detected! Skipping batch.
2026-05-08 04:01:48,889 - __main__ - ERROR -   Batch 451: NaN or Inf loss detected! Skipping batch.
2026-05-08 04:01:48,960 - __main__ - ERROR -   Batch 452: NaN or Inf loss detected! Skipping batch.
2026-05-08 04:01:49,367 - __main__ - ERROR -   Batch 453: NaN or Inf loss detected! Skipping batch.
2026-05-08 04:01:49,439 - __main__ - ERROR -   Batch 454: NaN or Inf loss detected! Skipping batch.
2026-05-08 04:01:49,512 - __main__ - ERROR -   Batch 455: NaN or Inf loss detected! Skipping batch.
2026-05-08 04:01:49,583 - __main__ - ERROR -   Batch 456: NaN or Inf loss detected! Skipping batch.
2026-05-08 04:01:49,655 - __main__ - ERROR -   Batch 457: NaN or Inf loss detected! Skipping batch.
2026-05-08 04:01:49,727 - __main__ - ERROR -   Batch 458: NaN or Inf loss detected! Skipping batch.
2026-05-08 04:01:49,800 - __main__ - ERROR -   Batch 459: NaN or Inf loss detected! Skipping batch.
2026-05-08 04:01:49,871 - __main__ - ERROR -   Batch 460: NaN or Inf loss detected! Skipping batch.
2026-05-08 04:01:49,943 - __main__ - ERROR -   Batch 461: NaN or Inf loss detected! Skipping batch.
2026-05-08 04:01:50,008 - __main__ - ERROR -   Batch 462: NaN or Inf loss detected! Skipping batch.
2026-05-08 04:01:50,079 - __main__ - ERROR -   Batch 463: NaN or Inf loss detected! Skipping batch.
2026-05-08 04:01:50,150 - __main__ - ERROR -   Batch 464: NaN or Inf loss detected! Skipping batch.
2026-05-08 04:01:50,216 - __main__ - ERROR -   Batch 465: NaN or Inf loss detected! Skipping batch.
2026-05-08 04:01:50,287 - __main__ - ERROR -   Batch 466: NaN or Inf loss detected! Skipping batch.
2026-05-08 04:01:50,358 - __main__ - ERROR -   Batch 467: NaN or Inf loss detected! Skipping batch.
2026-05-08 04:01:50,429 - __main__ - ERROR -   Batch 468: NaN or Inf loss detected! Skipping batch.
2026-05-08 04:01:50,500 - __main__ - ERROR -   Batch 469: NaN or Inf loss detected! Skipping batch.
2026-05-08 04:01:50,564 - __main__ - ERROR -   Batch 470: NaN or Inf loss detected! Skipping batch.
2026-05-08 04:01:50,636 - __main__ - ERROR -   Batch 471: NaN or Inf loss detected! Skipping batch.
2026-05-08 04:01:50,706 - __main__ - ERROR -   Batch 472: NaN or Inf loss detected! Skipping batch.
2026-05-08 04:01:50,778 - __main__ - ERROR -   Batch 473: NaN or Inf loss detected! Skipping batch.
2026-05-08 04:01:50,848 - __main__ - ERROR -   Batch 474: NaN or Inf loss detected! Skipping batch.
2026-05-08 04:01:50,920 - __main__ - ERROR -   Batch 475: NaN or Inf loss detected! Skipping batch.
2026-05-08 04:01:50,992 - __main__ - ERROR -   Batch 476: NaN or Inf loss detected! Skipping batch.
2026-05-08 04:01:51,064 - __main__ - ERROR -   Batch 477: NaN or Inf loss detected! Skipping batch.
2026-05-08 04:01:51,135 - __main__ - ERROR -   Batch 478: NaN or Inf loss detected! Skipping batch.
2026-05-08 04:01:51,200 - __main__ - ERROR -   Batch 479: NaN or Inf loss detected! Skipping batch.
2026-05-08 04:01:51,264 - __main__ - ERROR -   Batch 480: NaN or Inf loss detected! Skipping batch.
2026-05-08 04:01:51,335 - __main__ - ERROR -   Batch 481: NaN or Inf loss detected! Skipping batch.
2026-05-08 04:01:51,406 - __main__ - ERROR -   Batch 482: NaN or Inf loss detected! Skipping batch.
2026-05-08 04:01:51,477 - __main__ - ERROR -   Batch 483: NaN or Inf loss detected! Skipping batch.
2026-05-08 04:01:51,548 - __main__ - ERROR -   Batch 484: NaN or Inf loss detected! Skipping batch.
2026-05-08 04:01:51,619 - __main__ - ERROR -   Batch 485: NaN or Inf loss detected! Skipping batch.
2026-05-08 04:01:51,690 - __main__ - ERROR -   Batch 486: NaN or Inf loss detected! Skipping batch.
2026-05-08 04:01:51,761 - __main__ - ERROR -   Batch 487: NaN or Inf loss detected! Skipping batch.
2026-05-08 04:01:51,833 - __main__ - ERROR -   Batch 488: NaN or Inf loss detected! Skipping batch.
2026-05-08 04:01:51,905 - __main__ - ERROR -   Batch 489: NaN or Inf loss detected! Skipping batch.
2026-05-08 04:01:51,976 - __main__ - ERROR -   Batch 490: NaN or Inf loss detected! Skipping batch.
2026-05-08 04:01:52,048 - __main__ - ERROR -   Batch 491: NaN or Inf loss detected! Skipping batch.
2026-05-08 04:01:52,118 - __main__ - ERROR -   Batch 492: NaN or Inf loss detected! Skipping batch.
2026-05-08 04:01:52,190 - __main__ - ERROR -   Batch 493: NaN or Inf loss detected! Skipping batch.
2026-05-08 04:01:52,260 - __main__ - ERROR -   Batch 494: NaN or Inf loss detected! Skipping batch.
2026-05-08 04:01:52,332 - __main__ - ERROR -   Batch 495: NaN or Inf loss detected! Skipping batch.
2026-05-08 04:01:52,403 - __main__ - ERROR -   Batch 496: NaN or Inf loss detected! Skipping batch.
2026-05-08 04:01:52,474 - __main__ - ERROR -   Batch 497: NaN or Inf loss detected! Skipping batch.
2026-05-08 04:01:52,545 - __main__ - ERROR -   Batch 498: NaN or Inf loss detected! Skipping batch.
2026-05-08 04:01:52,618 - __main__ - ERROR -   Batch 499: NaN or Inf loss detected! Skipping batch.
2026-05-08 04:01:52,689 - __main__ - ERROR -   Batch 500: NaN or Inf loss detected! Skipping batch.
2026-05-08 04:01:52,762 - __main__ - ERROR -   Batch 501: NaN or Inf loss detected! Skipping batch.
2026-05-08 04:01:52,834 - __main__ - ERROR -   Batch 502: NaN or Inf loss detected! Skipping batch.
2026-05-08 04:01:52,906 - __main__ - ERROR -   Batch 503: NaN or Inf loss detected! Skipping batch.
2026-05-08 04:01:52,978 - __main__ - ERROR -   Batch 504: NaN or Inf loss detected! Skipping batch.
2026-05-08 04:01:53,050 - __main__ - ERROR -   Batch 505: NaN or Inf loss detected! Skipping batch.
2026-05-08 04:01:53,121 - __main__ - ERROR -   Batch 506: NaN or Inf loss detected! Skipping batch.
2026-05-08 04:01:53,192 - __main__ - ERROR -   Batch 507: NaN or Inf loss detected! Skipping batch.
2026-05-08 04:01:53,263 - __main__ - ERROR -   Batch 508: NaN or Inf loss detected! Skipping batch.
2026-05-08 04:01:53,334 - __main__ - ERROR -   Batch 509: NaN or Inf loss detected! Skipping batch.
2026-05-08 04:01:53,405 - __main__ - ERROR -   Batch 510: NaN or Inf loss detected! Skipping batch.
2026-05-08 04:01:53,470 - __main__ - ERROR -   Batch 511: NaN or Inf loss detected! Skipping batch.
2026-05-08 04:01:53,542 - __main__ - ERROR -   Batch 512: NaN or Inf loss detected! Skipping batch.
2026-05-08 04:01:53,612 - __main__ - ERROR -   Batch 513: NaN or Inf loss detected! Skipping batch.
2026-05-08 04:01:53,683 - __main__ - ERROR -   Batch 514: NaN or Inf loss detected! Skipping batch.
2026-05-08 04:01:53,754 - __main__ - ERROR -   Batch 515: NaN or Inf loss detected! Skipping batch.
2026-05-08 04:01:53,825 - __main__ - ERROR -   Batch 516: NaN or Inf loss detected! Skipping batch.
2026-05-08 04:01:53,897 - __main__ - ERROR -   Batch 517: NaN or Inf loss detected! Skipping batch.
2026-05-08 04:01:53,956 - __main__ - ERROR -   Batch 518: NaN or Inf loss detected! Skipping batch.
2026-05-08 04:01:54,020 - __main__ - ERROR -   Batch 519: NaN or Inf loss detected! Skipping batch.
2026-05-08 04:01:54,091 - __main__ - ERROR -   Batch 520: NaN or Inf loss detected! Skipping batch.
2026-05-08 04:01:54,162 - __main__ - ERROR -   Batch 521: NaN or Inf loss detected! Skipping batch.
2026-05-08 04:01:54,232 - __main__ - ERROR -   Batch 522: NaN or Inf loss detected! Skipping batch.
2026-05-08 04:01:54,303 - __main__ - ERROR -   Batch 523: NaN or Inf loss detected! Skipping batch.
2026-05-08 04:01:54,375 - __main__ - ERROR -   Batch 524: NaN or Inf loss detected! Skipping batch.
2026-05-08 04:01:54,446 - __main__ - ERROR -   Batch 525: NaN or Inf loss detected! Skipping batch.
2026-05-08 04:01:54,518 - __main__ - ERROR -   Batch 526: NaN or Inf loss detected! Skipping batch.
2026-05-08 04:01:54,589 - __main__ - ERROR -   Batch 527: NaN or Inf loss detected! Skipping batch.
2026-05-08 04:01:54,659 - __main__ - ERROR -   Batch 528: NaN or Inf loss detected! Skipping batch.
2026-05-08 04:01:54,731 - __main__ - ERROR -   Batch 529: NaN or Inf loss detected! Skipping batch.
2026-05-08 04:01:54,796 - __main__ - ERROR -   Batch 530: NaN or Inf loss detected! Skipping batch.
2026-05-08 04:01:54,867 - __main__ - ERROR -   Batch 531: NaN or Inf loss detected! Skipping batch.
2026-05-08 04:01:54,938 - __main__ - ERROR -   Batch 532: NaN or Inf loss detected! Skipping batch.
2026-05-08 04:01:54,997 - __main__ - ERROR -   Batch 533: NaN or Inf loss detected! Skipping batch.
2026-05-08 04:01:55,069 - __main__ - ERROR -   Batch 534: NaN or Inf loss detected! Skipping batch.
2026-05-08 04:01:55,139 - __main__ - ERROR -   Batch 535: NaN or Inf loss detected! Skipping batch.
2026-05-08 04:01:55,210 - __main__ - ERROR -   Batch 536: NaN or Inf loss detected! Skipping batch.
2026-05-08 04:01:55,281 - __main__ - ERROR -   Batch 537: NaN or Inf loss detected! Skipping batch.
2026-05-08 04:01:55,352 - __main__ - ERROR -   Batch 538: NaN or Inf loss detected! Skipping batch.
2026-05-08 04:01:55,417 - __main__ - ERROR -   Batch 539: NaN or Inf loss detected! Skipping batch.
2026-05-08 04:01:55,488 - __main__ - ERROR -   Batch 540: NaN or Inf loss detected! Skipping batch.
2026-05-08 04:01:55,558 - __main__ - ERROR -   Batch 541: NaN or Inf loss detected! Skipping batch.
2026-05-08 04:01:55,630 - __main__ - ERROR -   Batch 542: NaN or Inf loss detected! Skipping batch.
2026-05-08 04:01:55,700 - __main__ - ERROR -   Batch 543: NaN or Inf loss detected! Skipping batch.
2026-05-08 04:01:55,763 - __main__ - ERROR -   Batch 544: NaN or Inf loss detected! Skipping batch.
2026-05-08 04:01:55,835 - __main__ - ERROR -   Batch 545: NaN or Inf loss detected! Skipping batch.
2026-05-08 04:01:55,906 - __main__ - ERROR -   Batch 546: NaN or Inf loss detected! Skipping batch.
2026-05-08 04:01:55,973 - __main__ - ERROR -   Batch 547: NaN or Inf loss detected! Skipping batch.
2026-05-08 04:01:56,044 - __main__ - ERROR -   Batch 548: NaN or Inf loss detected! Skipping batch.
2026-05-08 04:01:56,115 - __main__ - ERROR -   Batch 549: NaN or Inf loss detected! Skipping batch.
2026-05-08 04:01:56,185 - __main__ - ERROR -   Batch 550: NaN or Inf loss detected! Skipping batch.
2026-05-08 04:01:56,250 - __main__ - ERROR -   Batch 551: NaN or Inf loss detected! Skipping batch.
2026-05-08 04:01:56,322 - __main__ - ERROR -   Batch 552: NaN or Inf loss detected! Skipping batch.
2026-05-08 04:01:56,392 - __main__ - ERROR -   Batch 553: NaN or Inf loss detected! Skipping batch.
2026-05-08 04:01:56,463 - __main__ - ERROR -   Batch 554: NaN or Inf loss detected! Skipping batch.
2026-05-08 04:01:56,535 - __main__ - ERROR -   Batch 555: NaN or Inf loss detected! Skipping batch.
2026-05-08 04:01:56,606 - __main__ - ERROR -   Batch 556: NaN or Inf loss detected! Skipping batch.
2026-05-08 04:01:56,677 - __main__ - ERROR -   Batch 557: NaN or Inf loss detected! Skipping batch.
2026-05-08 04:01:56,749 - __main__ - ERROR -   Batch 558: NaN or Inf loss detected! Skipping batch.
2026-05-08 04:01:56,821 - __main__ - ERROR -   Batch 559: NaN or Inf loss detected! Skipping batch.
2026-05-08 04:01:56,893 - __main__ - ERROR -   Batch 560: NaN or Inf loss detected! Skipping batch.
2026-05-08 04:01:56,965 - __main__ - ERROR -   Batch 561: NaN or Inf loss detected! Skipping batch.
2026-05-08 04:01:57,036 - __main__ - ERROR -   Batch 562: NaN or Inf loss detected! Skipping batch.
2026-05-08 04:01:57,108 - __main__ - ERROR -   Batch 563: NaN or Inf loss detected! Skipping batch.
2026-05-08 04:01:57,179 - __main__ - ERROR -   Batch 564: NaN or Inf loss detected! Skipping batch.
2026-05-08 04:01:57,250 - __main__ - ERROR -   Batch 565: NaN or Inf loss detected! Skipping batch.
2026-05-08 04:01:57,322 - __main__ - ERROR -   Batch 566: NaN or Inf loss detected! Skipping batch.
2026-05-08 04:01:57,393 - __main__ - ERROR -   Batch 567: NaN or Inf loss detected! Skipping batch.
2026-05-08 04:01:57,464 - __main__ - ERROR -   Batch 568: NaN or Inf loss detected! Skipping batch.
2026-05-08 04:01:57,834 - __main__ - ERROR -   Batch 569: NaN or Inf loss detected! Skipping batch.
2026-05-08 04:01:57,899 - __main__ - ERROR -   Batch 570: NaN or Inf loss detected! Skipping batch.
2026-05-08 04:01:57,970 - __main__ - ERROR -   Batch 571: NaN or Inf loss detected! Skipping batch.
2026-05-08 04:01:58,041 - __main__ - ERROR -   Batch 572: NaN or Inf loss detected! Skipping batch.
2026-05-08 04:01:58,112 - __main__ - ERROR -   Batch 573: NaN or Inf loss detected! Skipping batch.
2026-05-08 04:01:58,184 - __main__ - ERROR -   Batch 574: NaN or Inf loss detected! Skipping batch.
2026-05-08 04:01:58,248 - __main__ - ERROR -   Batch 575: NaN or Inf loss detected! Skipping batch.
2026-05-08 04:01:58,313 - __main__ - ERROR -   Batch 576: NaN or Inf loss detected! Skipping batch.
2026-05-08 04:01:58,384 - __main__ - ERROR -   Batch 577: NaN or Inf loss detected! Skipping batch.
2026-05-08 04:01:58,455 - __main__ - ERROR -   Batch 578: NaN or Inf loss detected! Skipping batch.
2026-05-08 04:01:58,526 - __main__ - ERROR -   Batch 579: NaN or Inf loss detected! Skipping batch.
2026-05-08 04:01:58,598 - __main__ - ERROR -   Batch 580: NaN or Inf loss detected! Skipping batch.
2026-05-08 04:01:58,668 - __main__ - ERROR -   Batch 581: NaN or Inf loss detected! Skipping batch.
2026-05-08 04:01:58,740 - __main__ - ERROR -   Batch 582: NaN or Inf loss detected! Skipping batch.
2026-05-08 04:01:58,812 - __main__ - ERROR -   Batch 583: NaN or Inf loss detected! Skipping batch.
2026-05-08 04:01:58,883 - __main__ - ERROR -   Batch 584: NaN or Inf loss detected! Skipping batch.
2026-05-08 04:01:58,954 - __main__ - ERROR -   Batch 585: NaN or Inf loss detected! Skipping batch.
2026-05-08 04:01:59,024 - __main__ - ERROR -   Batch 586: NaN or Inf loss detected! Skipping batch.
2026-05-08 04:01:59,095 - __main__ - ERROR -   Batch 587: NaN or Inf loss detected! Skipping batch.
2026-05-08 04:01:59,159 - __main__ - ERROR -   Batch 588: NaN or Inf loss detected! Skipping batch.
2026-05-08 04:01:59,231 - __main__ - ERROR -   Batch 589: NaN or Inf loss detected! Skipping batch.
2026-05-08 04:01:59,290 - __main__ - ERROR -   Batch 590: NaN or Inf loss detected! Skipping batch.
2026-05-08 04:01:59,361 - __main__ - ERROR -   Batch 591: NaN or Inf loss detected! Skipping batch.
2026-05-08 04:01:59,431 - __main__ - ERROR -   Batch 592: NaN or Inf loss detected! Skipping batch.
2026-05-08 04:01:59,503 - __main__ - ERROR -   Batch 593: NaN or Inf loss detected! Skipping batch.
2026-05-08 04:01:59,574 - __main__ - ERROR -   Batch 594: NaN or Inf loss detected! Skipping batch.
2026-05-08 04:01:59,645 - __main__ - ERROR -   Batch 595: NaN or Inf loss detected! Skipping batch.
2026-05-08 04:01:59,717 - __main__ - ERROR -   Batch 596: NaN or Inf loss detected! Skipping batch.
2026-05-08 04:01:59,782 - __main__ - ERROR -   Batch 597: NaN or Inf loss detected! Skipping batch.
2026-05-08 04:01:59,854 - __main__ - ERROR -   Batch 598: NaN or Inf loss detected! Skipping batch.
2026-05-08 04:01:59,919 - __main__ - ERROR -   Batch 599: NaN or Inf loss detected! Skipping batch.
2026-05-08 04:01:59,991 - __main__ - ERROR -   Batch 600: NaN or Inf loss detected! Skipping batch.
2026-05-08 04:02:00,062 - __main__ - ERROR -   Batch 601: NaN or Inf loss detected! Skipping batch.
2026-05-08 04:02:00,133 - __main__ - ERROR -   Batch 602: NaN or Inf loss detected! Skipping batch.
2026-05-08 04:02:00,204 - __main__ - ERROR -   Batch 603: NaN or Inf loss detected! Skipping batch.
2026-05-08 04:02:00,276 - __main__ - ERROR -   Batch 604: NaN or Inf loss detected! Skipping batch.
2026-05-08 04:02:00,347 - __main__ - ERROR -   Batch 605: NaN or Inf loss detected! Skipping batch.
2026-05-08 04:02:00,419 - __main__ - ERROR -   Batch 606: NaN or Inf loss detected! Skipping batch.
2026-05-08 04:02:00,490 - __main__ - ERROR -   Batch 607: NaN or Inf loss detected! Skipping batch.
2026-05-08 04:02:00,561 - __main__ - ERROR -   Batch 608: NaN or Inf loss detected! Skipping batch.
2026-05-08 04:02:00,633 - __main__ - ERROR -   Batch 609: NaN or Inf loss detected! Skipping batch.
2026-05-08 04:02:00,705 - __main__ - ERROR -   Batch 610: NaN or Inf loss detected! Skipping batch.
2026-05-08 04:02:00,770 - __main__ - ERROR -   Batch 611: NaN or Inf loss detected! Skipping batch.
2026-05-08 04:02:00,840 - __main__ - ERROR -   Batch 612: NaN or Inf loss detected! Skipping batch.
2026-05-08 04:02:00,911 - __main__ - ERROR -   Batch 613: NaN or Inf loss detected! Skipping batch.
2026-05-08 04:02:00,982 - __main__ - ERROR -   Batch 614: NaN or Inf loss detected! Skipping batch.
2026-05-08 04:02:01,054 - __main__ - ERROR -   Batch 615: NaN or Inf loss detected! Skipping batch.
2026-05-08 04:02:01,126 - __main__ - ERROR -   Batch 616: NaN or Inf loss detected! Skipping batch.
2026-05-08 04:02:01,190 - __main__ - ERROR -   Batch 617: NaN or Inf loss detected! Skipping batch.
2026-05-08 04:02:01,262 - __main__ - ERROR -   Batch 618: NaN or Inf loss detected! Skipping batch.
2026-05-08 04:02:01,333 - __main__ - ERROR -   Batch 619: NaN or Inf loss detected! Skipping batch.
2026-05-08 04:02:01,404 - __main__ - ERROR -   Batch 620: NaN or Inf loss detected! Skipping batch.
2026-05-08 04:02:01,475 - __main__ - ERROR -   Batch 621: NaN or Inf loss detected! Skipping batch.
2026-05-08 04:02:01,547 - __main__ - ERROR -   Batch 622: NaN or Inf loss detected! Skipping batch.
2026-05-08 04:02:01,618 - __main__ - ERROR -   Batch 623: NaN or Inf loss detected! Skipping batch.
2026-05-08 04:02:01,689 - __main__ - ERROR -   Batch 624: NaN or Inf loss detected! Skipping batch.
2026-05-08 04:02:01,760 - __main__ - ERROR -   Batch 625: NaN or Inf loss detected! Skipping batch.
2026-05-08 04:02:01,832 - __main__ - ERROR -   Batch 626: NaN or Inf loss detected! Skipping batch.
2026-05-08 04:02:01,903 - __main__ - ERROR -   Batch 627: NaN or Inf loss detected! Skipping batch.
2026-05-08 04:02:01,975 - __main__ - ERROR -   Batch 628: NaN or Inf loss detected! Skipping batch.
2026-05-08 04:02:02,046 - __main__ - ERROR -   Batch 629: NaN or Inf loss detected! Skipping batch.
2026-05-08 04:02:02,117 - __main__ - ERROR -   Batch 630: NaN or Inf loss detected! Skipping batch.
2026-05-08 04:02:02,188 - __main__ - ERROR -   Batch 631: NaN or Inf loss detected! Skipping batch.
2026-05-08 04:02:02,254 - __main__ - ERROR -   Batch 632: NaN or Inf loss detected! Skipping batch.
2026-05-08 04:02:02,326 - __main__ - ERROR -   Batch 633: NaN or Inf loss detected! Skipping batch.
2026-05-08 04:02:02,396 - __main__ - ERROR -   Batch 634: NaN or Inf loss detected! Skipping batch.
2026-05-08 04:02:02,467 - __main__ - ERROR -   Batch 635: NaN or Inf loss detected! Skipping batch.
2026-05-08 04:02:02,538 - __main__ - ERROR -   Batch 636: NaN or Inf loss detected! Skipping batch.
2026-05-08 04:02:02,609 - __main__ - ERROR -   Batch 637: NaN or Inf loss detected! Skipping batch.
2026-05-08 04:02:02,680 - __main__ - ERROR -   Batch 638: NaN or Inf loss detected! Skipping batch.
2026-05-08 04:02:02,752 - __main__ - ERROR -   Batch 639: NaN or Inf loss detected! Skipping batch.
2026-05-08 04:02:02,823 - __main__ - ERROR -   Batch 640: NaN or Inf loss detected! Skipping batch.
2026-05-08 04:02:02,896 - __main__ - ERROR -   Batch 641: NaN or Inf loss detected! Skipping batch.
2026-05-08 04:02:02,967 - __main__ - ERROR -   Batch 642: NaN or Inf loss detected! Skipping batch.
2026-05-08 04:02:03,039 - __main__ - ERROR -   Batch 643: NaN or Inf loss detected! Skipping batch.
2026-05-08 04:02:03,111 - __main__ - ERROR -   Batch 644: NaN or Inf loss detected! Skipping batch.
2026-05-08 04:02:03,183 - __main__ - ERROR -   Batch 645: NaN or Inf loss detected! Skipping batch.
2026-05-08 04:02:03,254 - __main__ - ERROR -   Batch 646: NaN or Inf loss detected! Skipping batch.
2026-05-08 04:02:03,326 - __main__ - ERROR -   Batch 647: NaN or Inf loss detected! Skipping batch.
2026-05-08 04:02:03,399 - __main__ - ERROR -   Batch 648: NaN or Inf loss detected! Skipping batch.
2026-05-08 04:02:03,469 - __main__ - ERROR -   Batch 649: NaN or Inf loss detected! Skipping batch.
2026-05-08 04:02:03,541 - __main__ - ERROR -   Batch 650: NaN or Inf loss detected! Skipping batch.
2026-05-08 04:02:03,612 - __main__ - ERROR -   Batch 651: NaN or Inf loss detected! Skipping batch.
2026-05-08 04:02:03,684 - __main__ - ERROR -   Batch 652: NaN or Inf loss detected! Skipping batch.
2026-05-08 04:02:03,755 - __main__ - ERROR -   Batch 653: NaN or Inf loss detected! Skipping batch.
2026-05-08 04:02:03,827 - __main__ - ERROR -   Batch 654: NaN or Inf loss detected! Skipping batch.
2026-05-08 04:02:03,899 - __main__ - ERROR -   Batch 655: NaN or Inf loss detected! Skipping batch.
2026-05-08 04:02:03,970 - __main__ - ERROR -   Batch 656: NaN or Inf loss detected! Skipping batch.
2026-05-08 04:02:04,042 - __main__ - ERROR -   Batch 657: NaN or Inf loss detected! Skipping batch.
2026-05-08 04:02:04,114 - __main__ - ERROR -   Batch 658: NaN or Inf loss detected! Skipping batch.
2026-05-08 04:02:04,185 - __main__ - ERROR -   Batch 659: NaN or Inf loss detected! Skipping batch.
2026-05-08 04:02:04,257 - __main__ - ERROR -   Batch 660: NaN or Inf loss detected! Skipping batch.
2026-05-08 04:02:04,328 - __main__ - ERROR -   Batch 661: NaN or Inf loss detected! Skipping batch.
2026-05-08 04:02:04,383 - __main__ - ERROR -   Batch 662: NaN or Inf loss detected! Skipping batch.
2026-05-08 04:02:04,453 - __main__ - ERROR -   Batch 663: NaN or Inf loss detected! Skipping batch.
2026-05-08 04:02:04,524 - __main__ - ERROR -   Batch 664: NaN or Inf loss detected! Skipping batch.
2026-05-08 04:02:04,595 - __main__ - ERROR -   Batch 665: NaN or Inf loss detected! Skipping batch.
2026-05-08 04:02:04,666 - __main__ - ERROR -   Batch 666: NaN or Inf loss detected! Skipping batch.
2026-05-08 04:02:04,737 - __main__ - ERROR -   Batch 667: NaN or Inf loss detected! Skipping batch.
2026-05-08 04:02:04,802 - __main__ - ERROR -   Batch 668: NaN or Inf loss detected! Skipping batch.
2026-05-08 04:02:04,874 - __main__ - ERROR -   Batch 669: NaN or Inf loss detected! Skipping batch.
2026-05-08 04:02:04,944 - __main__ - ERROR -   Batch 670: NaN or Inf loss detected! Skipping batch.
2026-05-08 04:02:05,009 - __main__ - ERROR -   Batch 671: NaN or Inf loss detected! Skipping batch.
2026-05-08 04:02:05,081 - __main__ - ERROR -   Batch 672: NaN or Inf loss detected! Skipping batch.
2026-05-08 04:02:05,151 - __main__ - ERROR -   Batch 673: NaN or Inf loss detected! Skipping batch.
2026-05-08 04:02:05,223 - __main__ - ERROR -   Batch 674: NaN or Inf loss detected! Skipping batch.
2026-05-08 04:02:05,294 - __main__ - ERROR -   Batch 675: NaN or Inf loss detected! Skipping batch.
2026-05-08 04:02:05,367 - __main__ - ERROR -   Batch 676: NaN or Inf loss detected! Skipping batch.
2026-05-08 04:02:05,438 - __main__ - ERROR -   Batch 677: NaN or Inf loss detected! Skipping batch.
2026-05-08 04:02:05,509 - __main__ - ERROR -   Batch 678: NaN or Inf loss detected! Skipping batch.
2026-05-08 04:02:05,568 - __main__ - ERROR -   Batch 679: NaN or Inf loss detected! Skipping batch.
2026-05-08 04:02:05,640 - __main__ - ERROR -   Batch 680: NaN or Inf loss detected! Skipping batch.
2026-05-08 04:02:05,710 - __main__ - ERROR -   Batch 681: NaN or Inf loss detected! Skipping batch.
2026-05-08 04:02:05,776 - __main__ - ERROR -   Batch 682: NaN or Inf loss detected! Skipping batch.
2026-05-08 04:02:05,847 - __main__ - ERROR -   Batch 683: NaN or Inf loss detected! Skipping batch.
2026-05-08 04:02:05,912 - __main__ - ERROR -   Batch 684: NaN or Inf loss detected! Skipping batch.
2026-05-08 04:02:05,984 - __main__ - ERROR -   Batch 685: NaN or Inf loss detected! Skipping batch.
2026-05-08 04:02:06,054 - __main__ - ERROR -   Batch 686: NaN or Inf loss detected! Skipping batch.
2026-05-08 04:02:06,126 - __main__ - ERROR -   Batch 687: NaN or Inf loss detected! Skipping batch.
2026-05-08 04:02:06,196 - __main__ - ERROR -   Batch 688: NaN or Inf loss detected! Skipping batch.
2026-05-08 04:02:06,611 - __main__ - ERROR -   Batch 689: NaN or Inf loss detected! Skipping batch.
2026-05-08 04:02:06,683 - __main__ - ERROR -   Batch 690: NaN or Inf loss detected! Skipping batch.
2026-05-08 04:02:06,755 - __main__ - ERROR -   Batch 691: NaN or Inf loss detected! Skipping batch.
2026-05-08 04:02:06,826 - __main__ - ERROR -   Batch 692: NaN or Inf loss detected! Skipping batch.
2026-05-08 04:02:06,898 - __main__ - ERROR -   Batch 693: NaN or Inf loss detected! Skipping batch.
2026-05-08 04:02:06,969 - __main__ - ERROR -   Batch 694: NaN or Inf loss detected! Skipping batch.
2026-05-08 04:02:07,041 - __main__ - ERROR -   Batch 695: NaN or Inf loss detected! Skipping batch.
2026-05-08 04:02:07,106 - __main__ - ERROR -   Batch 696: NaN or Inf loss detected! Skipping batch.
2026-05-08 04:02:07,177 - __main__ - ERROR -   Batch 697: NaN or Inf loss detected! Skipping batch.
2026-05-08 04:02:07,247 - __main__ - ERROR -   Batch 698: NaN or Inf loss detected! Skipping batch.
2026-05-08 04:02:07,319 - __main__ - ERROR -   Batch 699: NaN or Inf loss detected! Skipping batch.
2026-05-08 04:02:07,384 - __main__ - ERROR -   Batch 700: NaN or Inf loss detected! Skipping batch.
2026-05-08 04:02:07,455 - __main__ - ERROR -   Batch 701: NaN or Inf loss detected! Skipping batch.
2026-05-08 04:02:07,526 - __main__ - ERROR -   Batch 702: NaN or Inf loss detected! Skipping batch.
2026-05-08 04:02:07,597 - __main__ - ERROR -   Batch 703: NaN or Inf loss detected! Skipping batch.
2026-05-08 04:02:07,669 - __main__ - ERROR -   Batch 704: NaN or Inf loss detected! Skipping batch.
2026-05-08 04:02:07,740 - __main__ - ERROR -   Batch 705: NaN or Inf loss detected! Skipping batch.
2026-05-08 04:02:07,812 - __main__ - ERROR -   Batch 706: NaN or Inf loss detected! Skipping batch.
2026-05-08 04:02:07,884 - __main__ - ERROR -   Batch 707: NaN or Inf loss detected! Skipping batch.
2026-05-08 04:02:07,956 - __main__ - ERROR -   Batch 708: NaN or Inf loss detected! Skipping batch.
2026-05-08 04:02:08,027 - __main__ - ERROR -   Batch 709: NaN or Inf loss detected! Skipping batch.
2026-05-08 04:02:08,099 - __main__ - ERROR -   Batch 710: NaN or Inf loss detected! Skipping batch.
2026-05-08 04:02:08,170 - __main__ - ERROR -   Batch 711: NaN or Inf loss detected! Skipping batch.
2026-05-08 04:02:08,235 - __main__ - ERROR -   Batch 712: NaN or Inf loss detected! Skipping batch.
2026-05-08 04:02:08,307 - __main__ - ERROR -   Batch 713: NaN or Inf loss detected! Skipping batch.
2026-05-08 04:02:08,377 - __main__ - ERROR -   Batch 714: NaN or Inf loss detected! Skipping batch.
2026-05-08 04:02:08,449 - __main__ - ERROR -   Batch 715: NaN or Inf loss detected! Skipping batch.
2026-05-08 04:02:08,519 - __main__ - ERROR -   Batch 716: NaN or Inf loss detected! Skipping batch.
2026-05-08 04:02:08,578 - __main__ - ERROR -   Batch 717: NaN or Inf loss detected! Skipping batch.
2026-05-08 04:02:08,650 - __main__ - ERROR -   Batch 718: NaN or Inf loss detected! Skipping batch.
2026-05-08 04:02:08,721 - __main__ - ERROR -   Batch 719: NaN or Inf loss detected! Skipping batch.
2026-05-08 04:02:08,792 - __main__ - ERROR -   Batch 720: NaN or Inf loss detected! Skipping batch.
2026-05-08 04:02:08,864 - __main__ - ERROR -   Batch 721: NaN or Inf loss detected! Skipping batch.
2026-05-08 04:02:08,935 - __main__ - ERROR -   Batch 722: NaN or Inf loss detected! Skipping batch.
2026-05-08 04:02:09,007 - __main__ - ERROR -   Batch 723: NaN or Inf loss detected! Skipping batch.
2026-05-08 04:02:09,077 - __main__ - ERROR -   Batch 724: NaN or Inf loss detected! Skipping batch.
2026-05-08 04:02:09,148 - __main__ - ERROR -   Batch 725: NaN or Inf loss detected! Skipping batch.
2026-05-08 04:02:09,218 - __main__ - ERROR -   Batch 726: NaN or Inf loss detected! Skipping batch.
2026-05-08 04:02:09,287 - __main__ - ERROR -   Batch 727: NaN or Inf loss detected! Skipping batch.
2026-05-08 04:02:09,357 - __main__ - ERROR -   Batch 728: NaN or Inf loss detected! Skipping batch.
2026-05-08 04:02:09,427 - __main__ - ERROR -   Batch 729: NaN or Inf loss detected! Skipping batch.
2026-05-08 04:02:09,497 - __main__ - ERROR -   Batch 730: NaN or Inf loss detected! Skipping batch.
2026-05-08 04:02:09,567 - __main__ - ERROR -   Batch 731: NaN or Inf loss detected! Skipping batch.
2026-05-08 04:02:09,637 - __main__ - ERROR -   Batch 732: NaN or Inf loss detected! Skipping batch.
2026-05-08 04:02:09,706 - __main__ - ERROR -   Batch 733: NaN or Inf loss detected! Skipping batch.
2026-05-08 04:02:09,776 - __main__ - ERROR -   Batch 734: NaN or Inf loss detected! Skipping batch.
2026-05-08 04:02:09,846 - __main__ - ERROR -   Batch 735: NaN or Inf loss detected! Skipping batch.
2026-05-08 04:02:09,916 - __main__ - ERROR -   Batch 736: NaN or Inf loss detected! Skipping batch.
2026-05-08 04:02:09,986 - __main__ - ERROR -   Batch 737: NaN or Inf loss detected! Skipping batch.
2026-05-08 04:02:10,056 - __main__ - ERROR -   Batch 738: NaN or Inf loss detected! Skipping batch.
2026-05-08 04:02:10,126 - __main__ - ERROR -   Batch 739: NaN or Inf loss detected! Skipping batch.
2026-05-08 04:02:10,197 - __main__ - ERROR -   Batch 740: NaN or Inf loss detected! Skipping batch.
2026-05-08 04:02:10,267 - __main__ - ERROR -   Batch 741: NaN or Inf loss detected! Skipping batch.
2026-05-08 04:02:10,337 - __main__ - ERROR -   Batch 742: NaN or Inf loss detected! Skipping batch.
2026-05-08 04:02:10,406 - __main__ - ERROR -   Batch 743: NaN or Inf loss detected! Skipping batch.
2026-05-08 04:02:10,476 - __main__ - ERROR -   Batch 744: NaN or Inf loss detected! Skipping batch.
2026-05-08 04:02:10,546 - __main__ - ERROR -   Batch 745: NaN or Inf loss detected! Skipping batch.
2026-05-08 04:02:10,616 - __main__ - ERROR -   Batch 746: NaN or Inf loss detected! Skipping batch.
2026-05-08 04:02:10,686 - __main__ - ERROR -   Batch 747: NaN or Inf loss detected! Skipping batch.
2026-05-08 04:02:10,755 - __main__ - ERROR -   Batch 748: NaN or Inf loss detected! Skipping batch.
2026-05-08 04:02:10,825 - __main__ - ERROR -   Batch 749: NaN or Inf loss detected! Skipping batch.
2026-05-08 04:02:10,895 - __main__ - ERROR -   Batch 750: NaN or Inf loss detected! Skipping batch.
2026-05-08 04:02:10,965 - __main__ - ERROR -   Batch 751: NaN or Inf loss detected! Skipping batch.
2026-05-08 04:02:11,035 - __main__ - ERROR -   Batch 752: NaN or Inf loss detected! Skipping batch.
2026-05-08 04:02:11,105 - __main__ - ERROR -   Batch 753: NaN or Inf loss detected! Skipping batch.
2026-05-08 04:02:11,175 - __main__ - ERROR -   Batch 754: NaN or Inf loss detected! Skipping batch.
2026-05-08 04:02:11,245 - __main__ - ERROR -   Batch 755: NaN or Inf loss detected! Skipping batch.
2026-05-08 04:02:11,310 - __main__ - ERROR -   Batch 756: NaN or Inf loss detected! Skipping batch.
2026-05-08 04:02:11,380 - __main__ - ERROR -   Batch 757: NaN or Inf loss detected! Skipping batch.
2026-05-08 04:02:11,446 - __main__ - ERROR -   Batch 758: NaN or Inf loss detected! Skipping batch.
2026-05-08 04:02:11,516 - __main__ - ERROR -   Batch 759: NaN or Inf loss detected! Skipping batch.
2026-05-08 04:02:11,587 - __main__ - ERROR -   Batch 760: NaN or Inf loss detected! Skipping batch.
2026-05-08 04:02:11,657 - __main__ - ERROR -   Batch 761: NaN or Inf loss detected! Skipping batch.
2026-05-08 04:02:11,728 - __main__ - ERROR -   Batch 762: NaN or Inf loss detected! Skipping batch.
2026-05-08 04:02:11,800 - __main__ - ERROR -   Batch 763: NaN or Inf loss detected! Skipping batch.
2026-05-08 04:02:11,872 - __main__ - ERROR -   Batch 764: NaN or Inf loss detected! Skipping batch.
2026-05-08 04:02:11,944 - __main__ - ERROR -   Batch 765: NaN or Inf loss detected! Skipping batch.
2026-05-08 04:02:12,016 - __main__ - ERROR -   Batch 766: NaN or Inf loss detected! Skipping batch.
2026-05-08 04:02:12,088 - __main__ - ERROR -   Batch 767: NaN or Inf loss detected! Skipping batch.
2026-05-08 04:02:12,160 - __main__ - ERROR -   Batch 768: NaN or Inf loss detected! Skipping batch.
2026-05-08 04:02:12,231 - __main__ - ERROR -   Batch 769: NaN or Inf loss detected! Skipping batch.
2026-05-08 04:02:12,303 - __main__ - ERROR -   Batch 770: NaN or Inf loss detected! Skipping batch.
2026-05-08 04:02:12,375 - __main__ - ERROR -   Batch 771: NaN or Inf loss detected! Skipping batch.
2026-05-08 04:02:12,446 - __main__ - ERROR -   Batch 772: NaN or Inf loss detected! Skipping batch.
2026-05-08 04:02:12,518 - __main__ - ERROR -   Batch 773: NaN or Inf loss detected! Skipping batch.
2026-05-08 04:02:12,590 - __main__ - ERROR -   Batch 774: NaN or Inf loss detected! Skipping batch.
2026-05-08 04:02:12,662 - __main__ - ERROR -   Batch 775: NaN or Inf loss detected! Skipping batch.
2026-05-08 04:02:12,735 - __main__ - ERROR -   Batch 776: NaN or Inf loss detected! Skipping batch.
2026-05-08 04:02:12,807 - __main__ - ERROR -   Batch 777: NaN or Inf loss detected! Skipping batch.
2026-05-08 04:02:12,878 - __main__ - ERROR -   Batch 778: NaN or Inf loss detected! Skipping batch.
2026-05-08 04:02:12,951 - __main__ - ERROR -   Batch 779: NaN or Inf loss detected! Skipping batch.
2026-05-08 04:02:13,015 - __main__ - ERROR -   Batch 780: NaN or Inf loss detected! Skipping batch.
2026-05-08 04:02:13,087 - __main__ - ERROR -   Batch 781: NaN or Inf loss detected! Skipping batch.
2026-05-08 04:02:13,158 - __main__ - ERROR -   Batch 782: NaN or Inf loss detected! Skipping batch.
2026-05-08 04:02:13,229 - __main__ - ERROR -   Batch 783: NaN or Inf loss detected! Skipping batch.
2026-05-08 04:02:13,300 - __main__ - ERROR -   Batch 784: NaN or Inf loss detected! Skipping batch.
2026-05-08 04:02:13,371 - __main__ - ERROR -   Batch 785: NaN or Inf loss detected! Skipping batch.
2026-05-08 04:02:13,443 - __main__ - ERROR -   Batch 786: NaN or Inf loss detected! Skipping batch.
2026-05-08 04:02:13,515 - __main__ - ERROR -   Batch 787: NaN or Inf loss detected! Skipping batch.
2026-05-08 04:02:13,586 - __main__ - ERROR -   Batch 788: NaN or Inf loss detected! Skipping batch.
2026-05-08 04:02:13,658 - __main__ - ERROR -   Batch 789: NaN or Inf loss detected! Skipping batch.
2026-05-08 04:02:13,729 - __main__ - ERROR -   Batch 790: NaN or Inf loss detected! Skipping batch.
2026-05-08 04:02:13,788 - __main__ - ERROR -   Batch 791: NaN or Inf loss detected! Skipping batch.
2026-05-08 04:02:13,860 - __main__ - ERROR -   Batch 792: NaN or Inf loss detected! Skipping batch.
2026-05-08 04:02:13,931 - __main__ - ERROR -   Batch 793: NaN or Inf loss detected! Skipping batch.
2026-05-08 04:02:14,003 - __main__ - ERROR -   Batch 794: NaN or Inf loss detected! Skipping batch.
2026-05-08 04:02:14,074 - __main__ - ERROR -   Batch 795: NaN or Inf loss detected! Skipping batch.
2026-05-08 04:02:14,145 - __main__ - ERROR -   Batch 796: NaN or Inf loss detected! Skipping batch.
2026-05-08 04:02:14,216 - __main__ - ERROR -   Batch 797: NaN or Inf loss detected! Skipping batch.
2026-05-08 04:02:14,288 - __main__ - ERROR -   Batch 798: NaN or Inf loss detected! Skipping batch.
2026-05-08 04:02:14,359 - __main__ - ERROR -   Batch 799: NaN or Inf loss detected! Skipping batch.
2026-05-08 04:02:14,430 - __main__ - ERROR -   Batch 800: NaN or Inf loss detected! Skipping batch.
2026-05-08 04:02:14,501 - __main__ - ERROR -   Batch 801: NaN or Inf loss detected! Skipping batch.
2026-05-08 04:02:14,572 - __main__ - ERROR -   Batch 802: NaN or Inf loss detected! Skipping batch.
2026-05-08 04:02:15,004 - __main__ - ERROR -   Batch 803: NaN or Inf loss detected! Skipping batch.
2026-05-08 04:02:15,077 - __main__ - ERROR -   Batch 804: NaN or Inf loss detected! Skipping batch.
2026-05-08 04:02:15,149 - __main__ - ERROR -   Batch 805: NaN or Inf loss detected! Skipping batch.
2026-05-08 04:02:15,221 - __main__ - ERROR -   Batch 806: NaN or Inf loss detected! Skipping batch.
2026-05-08 04:02:15,293 - __main__ - ERROR -   Batch 807: NaN or Inf loss detected! Skipping batch.
2026-05-08 04:02:15,365 - __main__ - ERROR -   Batch 808: NaN or Inf loss detected! Skipping batch.
2026-05-08 04:02:15,436 - __main__ - ERROR -   Batch 809: NaN or Inf loss detected! Skipping batch.
2026-05-08 04:02:15,507 - __main__ - ERROR -   Batch 810: NaN or Inf loss detected! Skipping batch.
2026-05-08 04:02:15,579 - __main__ - ERROR -   Batch 811: NaN or Inf loss detected! Skipping batch.
2026-05-08 04:02:15,650 - __main__ - ERROR -   Batch 812: NaN or Inf loss detected! Skipping batch.
2026-05-08 04:02:15,722 - __main__ - ERROR -   Batch 813: NaN or Inf loss detected! Skipping batch.
2026-05-08 04:02:15,793 - __main__ - ERROR -   Batch 814: NaN or Inf loss detected! Skipping batch.
2026-05-08 04:02:15,865 - __main__ - ERROR -   Batch 815: NaN or Inf loss detected! Skipping batch.
2026-05-08 04:02:15,937 - __main__ - ERROR -   Batch 816: NaN or Inf loss detected! Skipping batch.
2026-05-08 04:02:16,008 - __main__ - ERROR -   Batch 817: NaN or Inf loss detected! Skipping batch.
2026-05-08 04:02:16,080 - __main__ - ERROR -   Batch 818: NaN or Inf loss detected! Skipping batch.
2026-05-08 04:02:16,152 - __main__ - ERROR -   Batch 819: NaN or Inf loss detected! Skipping batch.
2026-05-08 04:02:16,224 - __main__ - ERROR -   Batch 820: NaN or Inf loss detected! Skipping batch.
2026-05-08 04:02:16,295 - __main__ - ERROR -   Batch 821: NaN or Inf loss detected! Skipping batch.
2026-05-08 04:02:16,367 - __main__ - ERROR -   Batch 822: NaN or Inf loss detected! Skipping batch.
2026-05-08 04:02:16,439 - __main__ - ERROR -   Batch 823: NaN or Inf loss detected! Skipping batch.
2026-05-08 04:02:16,504 - __main__ - ERROR -   Batch 824: NaN or Inf loss detected! Skipping batch.
2026-05-08 04:02:16,575 - __main__ - ERROR -   Batch 825: NaN or Inf loss detected! Skipping batch.
2026-05-08 04:02:16,634 - __main__ - ERROR -   Batch 826: NaN or Inf loss detected! Skipping batch.
2026-05-08 04:02:16,705 - __main__ - ERROR -   Batch 827: NaN or Inf loss detected! Skipping batch.
2026-05-08 04:02:16,775 - __main__ - ERROR -   Batch 828: NaN or Inf loss detected! Skipping batch.
2026-05-08 04:02:16,846 - __main__ - ERROR -   Batch 829: NaN or Inf loss detected! Skipping batch.
2026-05-08 04:02:16,906 - __main__ - ERROR -   Batch 830: NaN or Inf loss detected! Skipping batch.
2026-05-08 04:02:16,977 - __main__ - ERROR -   Batch 831: NaN or Inf loss detected! Skipping batch.
2026-05-08 04:02:17,048 - __main__ - ERROR -   Batch 832: NaN or Inf loss detected! Skipping batch.
2026-05-08 04:02:17,119 - __main__ - ERROR -   Batch 833: NaN or Inf loss detected! Skipping batch.
2026-05-08 04:02:17,191 - __main__ - ERROR -   Batch 834: NaN or Inf loss detected! Skipping batch.
2026-05-08 04:02:17,262 - __main__ - ERROR -   Batch 835: NaN or Inf loss detected! Skipping batch.
2026-05-08 04:02:17,334 - __main__ - ERROR -   Batch 836: NaN or Inf loss detected! Skipping batch.
2026-05-08 04:02:17,393 - __main__ - ERROR -   Batch 837: NaN or Inf loss detected! Skipping batch.
2026-05-08 04:02:17,464 - __main__ - ERROR -   Batch 838: NaN or Inf loss detected! Skipping batch.
2026-05-08 04:02:17,535 - __main__ - ERROR -   Batch 839: NaN or Inf loss detected! Skipping batch.
2026-05-08 04:02:17,594 - __main__ - ERROR -   Batch 840: NaN or Inf loss detected! Skipping batch.
2026-05-08 04:02:17,666 - __main__ - ERROR -   Batch 841: NaN or Inf loss detected! Skipping batch.
2026-05-08 04:02:17,736 - __main__ - ERROR -   Batch 842: NaN or Inf loss detected! Skipping batch.
2026-05-08 04:02:17,807 - __main__ - ERROR -   Batch 843: NaN or Inf loss detected! Skipping batch.
2026-05-08 04:02:17,879 - __main__ - ERROR -   Batch 844: NaN or Inf loss detected! Skipping batch.
2026-05-08 04:02:17,950 - __main__ - ERROR -   Batch 845: NaN or Inf loss detected! Skipping batch.
2026-05-08 04:02:18,022 - __main__ - ERROR -   Batch 846: NaN or Inf loss detected! Skipping batch.
2026-05-08 04:02:18,093 - __main__ - ERROR -   Batch 847: NaN or Inf loss detected! Skipping batch.
2026-05-08 04:02:18,165 - __main__ - ERROR -   Batch 848: NaN or Inf loss detected! Skipping batch.
2026-05-08 04:02:18,237 - __main__ - ERROR -   Batch 849: NaN or Inf loss detected! Skipping batch.
2026-05-08 04:02:18,302 - __main__ - ERROR -   Batch 850: NaN or Inf loss detected! Skipping batch.
2026-05-08 04:02:18,373 - __main__ - ERROR -   Batch 851: NaN or Inf loss detected! Skipping batch.
2026-05-08 04:02:18,438 - __main__ - ERROR -   Batch 852: NaN or Inf loss detected! Skipping batch.
2026-05-08 04:02:18,509 - __main__ - ERROR -   Batch 853: NaN or Inf loss detected! Skipping batch.
2026-05-08 04:02:18,573 - __main__ - ERROR -   Batch 854: NaN or Inf loss detected! Skipping batch.
2026-05-08 04:02:18,645 - __main__ - ERROR -   Batch 855: NaN or Inf loss detected! Skipping batch.
2026-05-08 04:02:18,715 - __main__ - ERROR -   Batch 856: NaN or Inf loss detected! Skipping batch.
2026-05-08 04:02:18,786 - __main__ - ERROR -   Batch 857: NaN or Inf loss detected! Skipping batch.
2026-05-08 04:02:18,858 - __main__ - ERROR -   Batch 858: NaN or Inf loss detected! Skipping batch.
2026-05-08 04:02:18,930 - __main__ - ERROR -   Batch 859: NaN or Inf loss detected! Skipping batch.
2026-05-08 04:02:19,001 - __main__ - ERROR -   Batch 860: NaN or Inf loss detected! Skipping batch.
2026-05-08 04:02:19,065 - __main__ - ERROR -   Batch 861: NaN or Inf loss detected! Skipping batch.
2026-05-08 04:02:19,136 - __main__ - ERROR -   Batch 862: NaN or Inf loss detected! Skipping batch.
2026-05-08 04:02:19,207 - __main__ - ERROR -   Batch 863: NaN or Inf loss detected! Skipping batch.
2026-05-08 04:02:19,278 - __main__ - ERROR -   Batch 864: NaN or Inf loss detected! Skipping batch.
2026-05-08 04:02:19,350 - __main__ - ERROR -   Batch 865: NaN or Inf loss detected! Skipping batch.
2026-05-08 04:02:19,424 - __main__ - ERROR -   Batch 866: NaN or Inf loss detected! Skipping batch.
2026-05-08 04:02:19,496 - __main__ - ERROR -   Batch 867: NaN or Inf loss detected! Skipping batch.
2026-05-08 04:02:19,568 - __main__ - ERROR -   Batch 868: NaN or Inf loss detected! Skipping batch.
2026-05-08 04:02:19,640 - __main__ - ERROR -   Batch 869: NaN or Inf loss detected! Skipping batch.
2026-05-08 04:02:19,711 - __main__ - ERROR -   Batch 870: NaN or Inf loss detected! Skipping batch.
2026-05-08 04:02:19,783 - __main__ - ERROR -   Batch 871: NaN or Inf loss detected! Skipping batch.
2026-05-08 04:02:19,855 - __main__ - ERROR -   Batch 872: NaN or Inf loss detected! Skipping batch.
2026-05-08 04:02:19,927 - __main__ - ERROR -   Batch 873: NaN or Inf loss detected! Skipping batch.
2026-05-08 04:02:19,999 - __main__ - ERROR -   Batch 874: NaN or Inf loss detected! Skipping batch.
2026-05-08 04:02:20,070 - __main__ - ERROR -   Batch 875: NaN or Inf loss detected! Skipping batch.
2026-05-08 04:02:20,141 - __main__ - ERROR -   Batch 876: NaN or Inf loss detected! Skipping batch.
2026-05-08 04:02:20,206 - __main__ - ERROR -   Batch 877: NaN or Inf loss detected! Skipping batch.
2026-05-08 04:02:20,278 - __main__ - ERROR -   Batch 878: NaN or Inf loss detected! Skipping batch.
2026-05-08 04:02:20,348 - __main__ - ERROR -   Batch 879: NaN or Inf loss detected! Skipping batch.
2026-05-08 04:02:20,420 - __main__ - ERROR -   Batch 880: NaN or Inf loss detected! Skipping batch.
2026-05-08 04:02:20,490 - __main__ - ERROR -   Batch 881: NaN or Inf loss detected! Skipping batch.
2026-05-08 04:02:20,561 - __main__ - ERROR -   Batch 882: NaN or Inf loss detected! Skipping batch.
2026-05-08 04:02:20,633 - __main__ - ERROR -   Batch 883: NaN or Inf loss detected! Skipping batch.
2026-05-08 04:02:20,705 - __main__ - ERROR -   Batch 884: NaN or Inf loss detected! Skipping batch.
2026-05-08 04:02:20,777 - __main__ - ERROR -   Batch 885: NaN or Inf loss detected! Skipping batch.
2026-05-08 04:02:20,849 - __main__ - ERROR -   Batch 886: NaN or Inf loss detected! Skipping batch.
2026-05-08 04:02:20,921 - __main__ - ERROR -   Batch 887: NaN or Inf loss detected! Skipping batch.
2026-05-08 04:02:20,993 - __main__ - ERROR -   Batch 888: NaN or Inf loss detected! Skipping batch.
2026-05-08 04:02:21,065 - __main__ - ERROR -   Batch 889: NaN or Inf loss detected! Skipping batch.
2026-05-08 04:02:21,137 - __main__ - ERROR -   Batch 890: NaN or Inf loss detected! Skipping batch.
2026-05-08 04:02:21,209 - __main__ - ERROR -   Batch 891: NaN or Inf loss detected! Skipping batch.
2026-05-08 04:02:21,281 - __main__ - ERROR -   Batch 892: NaN or Inf loss detected! Skipping batch.
2026-05-08 04:02:21,353 - __main__ - ERROR -   Batch 893: NaN or Inf loss detected! Skipping batch.
2026-05-08 04:02:21,425 - __main__ - ERROR -   Batch 894: NaN or Inf loss detected! Skipping batch.
2026-05-08 04:02:21,497 - __main__ - ERROR -   Batch 895: NaN or Inf loss detected! Skipping batch.
2026-05-08 04:02:21,569 - __main__ - ERROR -   Batch 896: NaN or Inf loss detected! Skipping batch.
2026-05-08 04:02:21,641 - __main__ - ERROR -   Batch 897: NaN or Inf loss detected! Skipping batch.
2026-05-08 04:02:21,713 - __main__ - ERROR -   Batch 898: NaN or Inf loss detected! Skipping batch.
2026-05-08 04:02:21,785 - __main__ - ERROR -   Batch 899: NaN or Inf loss detected! Skipping batch.
2026-05-08 04:02:21,857 - __main__ - ERROR -   Batch 900: NaN or Inf loss detected! Skipping batch.
2026-05-08 04:02:21,929 - __main__ - ERROR -   Batch 901: NaN or Inf loss detected! Skipping batch.
2026-05-08 04:02:22,001 - __main__ - ERROR -   Batch 902: NaN or Inf loss detected! Skipping batch.
2026-05-08 04:02:22,073 - __main__ - ERROR -   Batch 903: NaN or Inf loss detected! Skipping batch.
2026-05-08 04:02:22,145 - __main__ - ERROR -   Batch 904: NaN or Inf loss detected! Skipping batch.
2026-05-08 04:02:22,217 - __main__ - ERROR -   Batch 905: NaN or Inf loss detected! Skipping batch.
2026-05-08 04:02:22,289 - __main__ - ERROR -   Batch 906: NaN or Inf loss detected! Skipping batch.
2026-05-08 04:02:22,361 - __main__ - ERROR -   Batch 907: NaN or Inf loss detected! Skipping batch.
2026-05-08 04:02:22,432 - __main__ - ERROR -   Batch 908: NaN or Inf loss detected! Skipping batch.
2026-05-08 04:02:22,504 - __main__ - ERROR -   Batch 909: NaN or Inf loss detected! Skipping batch.
2026-05-08 04:02:22,569 - __main__ - ERROR -   Batch 910: NaN or Inf loss detected! Skipping batch.
2026-05-08 04:02:22,641 - __main__ - ERROR -   Batch 911: NaN or Inf loss detected! Skipping batch.
2026-05-08 04:02:22,712 - __main__ - ERROR -   Batch 912: NaN or Inf loss detected! Skipping batch.
2026-05-08 04:02:22,777 - __main__ - ERROR -   Batch 913: NaN or Inf loss detected! Skipping batch.
2026-05-08 04:02:22,847 - __main__ - ERROR -   Batch 914: NaN or Inf loss detected! Skipping batch.
2026-05-08 04:02:22,918 - __main__ - ERROR -   Batch 915: NaN or Inf loss detected! Skipping batch.
2026-05-08 04:02:22,990 - __main__ - ERROR -   Batch 916: NaN or Inf loss detected! Skipping batch.
2026-05-08 04:02:23,061 - __main__ - ERROR -   Batch 917: NaN or Inf loss detected! Skipping batch.
2026-05-08 04:02:23,132 - __main__ - ERROR -   Batch 918: NaN or Inf loss detected! Skipping batch.
2026-05-08 04:02:23,204 - __main__ - ERROR -   Batch 919: NaN or Inf loss detected! Skipping batch.
2026-05-08 04:02:23,275 - __main__ - ERROR -   Batch 920: NaN or Inf loss detected! Skipping batch.
2026-05-08 04:02:23,346 - __main__ - ERROR -   Batch 921: NaN or Inf loss detected! Skipping batch.
2026-05-08 04:02:23,417 - __main__ - ERROR -   Batch 922: NaN or Inf loss detected! Skipping batch.
2026-05-08 04:02:23,488 - __main__ - ERROR -   Batch 923: NaN or Inf loss detected! Skipping batch.
2026-05-08 04:02:23,559 - __main__ - ERROR -   Batch 924: NaN or Inf loss detected! Skipping batch.
2026-05-08 04:02:23,630 - __main__ - ERROR -   Batch 925: NaN or Inf loss detected! Skipping batch.
2026-05-08 04:02:23,701 - __main__ - ERROR -   Batch 926: NaN or Inf loss detected! Skipping batch.
2026-05-08 04:02:23,772 - __main__ - ERROR -   Batch 927: NaN or Inf loss detected! Skipping batch.
2026-05-08 04:02:23,843 - __main__ - ERROR -   Batch 928: NaN or Inf loss detected! Skipping batch.
2026-05-08 04:02:23,914 - __main__ - ERROR -   Batch 929: NaN or Inf loss detected! Skipping batch.
2026-05-08 04:02:23,985 - __main__ - ERROR -   Batch 930: NaN or Inf loss detected! Skipping batch.
2026-05-08 04:02:24,398 - __main__ - ERROR -   Batch 931: NaN or Inf loss detected! Skipping batch.
2026-05-08 04:02:24,469 - __main__ - ERROR -   Batch 932: NaN or Inf loss detected! Skipping batch.
2026-05-08 04:02:24,541 - __main__ - ERROR -   Batch 933: NaN or Inf loss detected! Skipping batch.
2026-05-08 04:02:24,605 - __main__ - ERROR -   Batch 934: NaN or Inf loss detected! Skipping batch.
2026-05-08 04:02:24,676 - __main__ - ERROR -   Batch 935: NaN or Inf loss detected! Skipping batch.
2026-05-08 04:02:24,747 - __main__ - ERROR -   Batch 936: NaN or Inf loss detected! Skipping batch.
2026-05-08 04:02:24,813 - __main__ - ERROR -   Batch 937: NaN or Inf loss detected! Skipping batch.
2026-05-08 04:02:24,884 - __main__ - ERROR -   Batch 938: NaN or Inf loss detected! Skipping batch.
2026-05-08 04:02:24,955 - __main__ - ERROR -   Batch 939: NaN or Inf loss detected! Skipping batch.
2026-05-08 04:02:25,026 - __main__ - ERROR -   Batch 940: NaN or Inf loss detected! Skipping batch.
2026-05-08 04:02:25,091 - __main__ - ERROR -   Batch 941: NaN or Inf loss detected! Skipping batch.
2026-05-08 04:02:25,162 - __main__ - ERROR -   Batch 942: NaN or Inf loss detected! Skipping batch.
2026-05-08 04:02:25,233 - __main__ - ERROR -   Batch 943: NaN or Inf loss detected! Skipping batch.
2026-05-08 04:02:25,298 - __main__ - ERROR -   Batch 944: NaN or Inf loss detected! Skipping batch.
2026-05-08 04:02:25,369 - __main__ - ERROR -   Batch 945: NaN or Inf loss detected! Skipping batch.
2026-05-08 04:02:25,439 - __main__ - ERROR -   Batch 946: NaN or Inf loss detected! Skipping batch.
2026-05-08 04:02:25,510 - __main__ - ERROR -   Batch 947: NaN or Inf loss detected! Skipping batch.
2026-05-08 04:02:25,581 - __main__ - ERROR -   Batch 948: NaN or Inf loss detected! Skipping batch.
2026-05-08 04:02:25,652 - __main__ - ERROR -   Batch 949: NaN or Inf loss detected! Skipping batch.
2026-05-08 04:02:25,723 - __main__ - ERROR -   Batch 950: NaN or Inf loss detected! Skipping batch.
2026-05-08 04:02:25,788 - __main__ - ERROR -   Batch 951: NaN or Inf loss detected! Skipping batch.
2026-05-08 04:02:25,860 - __main__ - ERROR -   Batch 952: NaN or Inf loss detected! Skipping batch.
2026-05-08 04:02:25,931 - __main__ - ERROR -   Batch 953: NaN or Inf loss detected! Skipping batch.
2026-05-08 04:02:25,990 - __main__ - ERROR -   Batch 954: NaN or Inf loss detected! Skipping batch.
2026-05-08 04:02:26,061 - __main__ - ERROR -   Batch 955: NaN or Inf loss detected! Skipping batch.
2026-05-08 04:02:26,132 - __main__ - ERROR -   Batch 956: NaN or Inf loss detected! Skipping batch.
2026-05-08 04:02:26,203 - __main__ - ERROR -   Batch 957: NaN or Inf loss detected! Skipping batch.
2026-05-08 04:02:26,274 - __main__ - ERROR -   Batch 958: NaN or Inf loss detected! Skipping batch.
2026-05-08 04:02:26,345 - __main__ - ERROR -   Batch 959: NaN or Inf loss detected! Skipping batch.
2026-05-08 04:02:26,418 - __main__ - ERROR -   Batch 960: NaN or Inf loss detected! Skipping batch.
2026-05-08 04:02:26,488 - __main__ - ERROR -   Batch 961: NaN or Inf loss detected! Skipping batch.
2026-05-08 04:02:26,559 - __main__ - ERROR -   Batch 962: NaN or Inf loss detected! Skipping batch.
2026-05-08 04:02:26,630 - __main__ - ERROR -   Batch 963: NaN or Inf loss detected! Skipping batch.
2026-05-08 04:02:26,701 - __main__ - ERROR -   Batch 964: NaN or Inf loss detected! Skipping batch.
2026-05-08 04:02:26,774 - __main__ - ERROR -   Batch 965: NaN or Inf loss detected! Skipping batch.
2026-05-08 04:02:26,845 - __main__ - ERROR -   Batch 966: NaN or Inf loss detected! Skipping batch.
2026-05-08 04:02:26,917 - __main__ - ERROR -   Batch 967: NaN or Inf loss detected! Skipping batch.
2026-05-08 04:02:26,989 - __main__ - ERROR -   Batch 968: NaN or Inf loss detected! Skipping batch.
2026-05-08 04:02:27,061 - __main__ - ERROR -   Batch 969: NaN or Inf loss detected! Skipping batch.
2026-05-08 04:02:27,134 - __main__ - ERROR -   Batch 970: NaN or Inf loss detected! Skipping batch.
2026-05-08 04:02:27,205 - __main__ - ERROR -   Batch 971: NaN or Inf loss detected! Skipping batch.
2026-05-08 04:02:27,270 - __main__ - ERROR -   Batch 972: NaN or Inf loss detected! Skipping batch.
2026-05-08 04:02:27,342 - __main__ - ERROR -   Batch 973: NaN or Inf loss detected! Skipping batch.
2026-05-08 04:02:27,412 - __main__ - ERROR -   Batch 974: NaN or Inf loss detected! Skipping batch.
2026-05-08 04:02:27,483 - __main__ - ERROR -   Batch 975: NaN or Inf loss detected! Skipping batch.
2026-05-08 04:02:27,554 - __main__ - ERROR -   Batch 976: NaN or Inf loss detected! Skipping batch.
2026-05-08 04:02:27,626 - __main__ - ERROR -   Batch 977: NaN or Inf loss detected! Skipping batch.
2026-05-08 04:02:27,697 - __main__ - ERROR -   Batch 978: NaN or Inf loss detected! Skipping batch.
2026-05-08 04:02:27,768 - __main__ - ERROR -   Batch 979: NaN or Inf loss detected! Skipping batch.
2026-05-08 04:02:27,839 - __main__ - ERROR -   Batch 980: NaN or Inf loss detected! Skipping batch.
2026-05-08 04:02:27,899 - __main__ - ERROR -   Batch 981: NaN or Inf loss detected! Skipping batch.
2026-05-08 04:02:27,971 - __main__ - ERROR -   Batch 982: NaN or Inf loss detected! Skipping batch.
2026-05-08 04:02:28,041 - __main__ - ERROR -   Batch 983: NaN or Inf loss detected! Skipping batch.
2026-05-08 04:02:28,112 - __main__ - ERROR -   Batch 984: NaN or Inf loss detected! Skipping batch.
2026-05-08 04:02:28,184 - __main__ - ERROR -   Batch 985: NaN or Inf loss detected! Skipping batch.
2026-05-08 04:02:28,255 - __main__ - ERROR -   Batch 986: NaN or Inf loss detected! Skipping batch.
2026-05-08 04:02:28,326 - __main__ - ERROR -   Batch 987: NaN or Inf loss detected! Skipping batch.
2026-05-08 04:02:28,398 - __main__ - ERROR -   Batch 988: NaN or Inf loss detected! Skipping batch.
2026-05-08 04:02:28,469 - __main__ - ERROR -   Batch 989: NaN or Inf loss detected! Skipping batch.
2026-05-08 04:02:28,541 - __main__ - ERROR -   Batch 990: NaN or Inf loss detected! Skipping batch.
2026-05-08 04:02:28,613 - __main__ - ERROR -   Batch 991: NaN or Inf loss detected! Skipping batch.
2026-05-08 04:02:28,684 - __main__ - ERROR -   Batch 992: NaN or Inf loss detected! Skipping batch.
2026-05-08 04:02:28,756 - __main__ - ERROR -   Batch 993: NaN or Inf loss detected! Skipping batch.
2026-05-08 04:02:28,828 - __main__ - ERROR -   Batch 994: NaN or Inf loss detected! Skipping batch.
2026-05-08 04:02:28,892 - __main__ - ERROR -   Batch 995: NaN or Inf loss detected! Skipping batch.
2026-05-08 04:02:28,964 - __main__ - ERROR -   Batch 996: NaN or Inf loss detected! Skipping batch.
2026-05-08 04:02:29,035 - __main__ - ERROR -   Batch 997: NaN or Inf loss detected! Skipping batch.
2026-05-08 04:02:29,106 - __main__ - ERROR -   Batch 998: NaN or Inf loss detected! Skipping batch.
2026-05-08 04:02:29,177 - __main__ - ERROR -   Batch 999: NaN or Inf loss detected! Skipping batch.
2026-05-08 04:02:29,249 - __main__ - ERROR -   Batch 1000: NaN or Inf loss detected! Skipping batch.
2026-05-08 04:02:29,313 - __main__ - ERROR -   Batch 1001: NaN or Inf loss detected! Skipping batch.
2026-05-08 04:02:29,384 - __main__ - ERROR -   Batch 1002: NaN or Inf loss detected! Skipping batch.
2026-05-08 04:02:29,455 - __main__ - ERROR -   Batch 1003: NaN or Inf loss detected! Skipping batch.
2026-05-08 04:02:29,525 - __main__ - ERROR -   Batch 1004: NaN or Inf loss detected! Skipping batch.
2026-05-08 04:02:29,596 - __main__ - ERROR -   Batch 1005: NaN or Inf loss detected! Skipping batch.
2026-05-08 04:02:29,668 - __main__ - ERROR -   Batch 1006: NaN or Inf loss detected! Skipping batch.
2026-05-08 04:02:29,739 - __main__ - ERROR -   Batch 1007: NaN or Inf loss detected! Skipping batch.
2026-05-08 04:02:29,811 - __main__ - ERROR -   Batch 1008: NaN or Inf loss detected! Skipping batch.
2026-05-08 04:02:29,882 - __main__ - ERROR -   Batch 1009: NaN or Inf loss detected! Skipping batch.
2026-05-08 04:02:29,954 - __main__ - ERROR -   Batch 1010: NaN or Inf loss detected! Skipping batch.
2026-05-08 04:02:30,026 - __main__ - ERROR -   Batch 1011: NaN or Inf loss detected! Skipping batch.
2026-05-08 04:02:30,097 - __main__ - ERROR -   Batch 1012: NaN or Inf loss detected! Skipping batch.
2026-05-08 04:02:30,156 - __main__ - ERROR -   Batch 1013: NaN or Inf loss detected! Skipping batch.
2026-05-08 04:02:30,221 - __main__ - ERROR -   Batch 1014: NaN or Inf loss detected! Skipping batch.
2026-05-08 04:02:30,292 - __main__ - ERROR -   Batch 1015: NaN or Inf loss detected! Skipping batch.
2026-05-08 04:02:30,362 - __main__ - ERROR -   Batch 1016: NaN or Inf loss detected! Skipping batch.
2026-05-08 04:02:30,433 - __main__ - ERROR -   Batch 1017: NaN or Inf loss detected! Skipping batch.
2026-05-08 04:02:30,504 - __main__ - ERROR -   Batch 1018: NaN or Inf loss detected! Skipping batch.
2026-05-08 04:02:30,575 - __main__ - ERROR -   Batch 1019: NaN or Inf loss detected! Skipping batch.
2026-05-08 04:02:30,647 - __main__ - ERROR -   Batch 1020: NaN or Inf loss detected! Skipping batch.
2026-05-08 04:02:30,718 - __main__ - ERROR -   Batch 1021: NaN or Inf loss detected! Skipping batch.
2026-05-08 04:02:30,789 - __main__ - ERROR -   Batch 1022: NaN or Inf loss detected! Skipping batch.
2026-05-08 04:02:30,861 - __main__ - ERROR -   Batch 1023: NaN or Inf loss detected! Skipping batch.
2026-05-08 04:02:30,932 - __main__ - ERROR -   Batch 1024: NaN or Inf loss detected! Skipping batch.
2026-05-08 04:02:31,003 - __main__ - ERROR -   Batch 1025: NaN or Inf loss detected! Skipping batch.
2026-05-08 04:02:31,075 - __main__ - ERROR -   Batch 1026: NaN or Inf loss detected! Skipping batch.
2026-05-08 04:02:31,146 - __main__ - ERROR -   Batch 1027: NaN or Inf loss detected! Skipping batch.
2026-05-08 04:02:31,211 - __main__ - ERROR -   Batch 1028: NaN or Inf loss detected! Skipping batch.
2026-05-08 04:02:31,282 - __main__ - ERROR -   Batch 1029: NaN or Inf loss detected! Skipping batch.
2026-05-08 04:02:31,352 - __main__ - ERROR -   Batch 1030: NaN or Inf loss detected! Skipping batch.
2026-05-08 04:02:31,424 - __main__ - ERROR -   Batch 1031: NaN or Inf loss detected! Skipping batch.
2026-05-08 04:02:31,495 - __main__ - ERROR -   Batch 1032: NaN or Inf loss detected! Skipping batch.
2026-05-08 04:02:31,566 - __main__ - ERROR -   Batch 1033: NaN or Inf loss detected! Skipping batch.
2026-05-08 04:02:31,638 - __main__ - ERROR -   Batch 1034: NaN or Inf loss detected! Skipping batch.
2026-05-08 04:02:31,708 - __main__ - ERROR -   Batch 1035: NaN or Inf loss detected! Skipping batch.
2026-05-08 04:02:31,767 - __main__ - ERROR -   Batch 1036: NaN or Inf loss detected! Skipping batch.
2026-05-08 04:02:31,838 - __main__ - ERROR -   Batch 1037: NaN or Inf loss detected! Skipping batch.
2026-05-08 04:02:31,909 - __main__ - ERROR -   Batch 1038: NaN or Inf loss detected! Skipping batch.
2026-05-08 04:02:31,980 - __main__ - ERROR -   Batch 1039: NaN or Inf loss detected! Skipping batch.
2026-05-08 04:02:32,052 - __main__ - ERROR -   Batch 1040: NaN or Inf loss detected! Skipping batch.
2026-05-08 04:02:32,124 - __main__ - ERROR -   Batch 1041: NaN or Inf loss detected! Skipping batch.
2026-05-08 04:02:32,195 - __main__ - ERROR -   Batch 1042: NaN or Inf loss detected! Skipping batch.
2026-05-08 04:02:32,267 - __main__ - ERROR -   Batch 1043: NaN or Inf loss detected! Skipping batch.
2026-05-08 04:02:32,338 - __main__ - ERROR -   Batch 1044: NaN or Inf loss detected! Skipping batch.
2026-05-08 04:02:32,403 - __main__ - ERROR -   Batch 1045: NaN or Inf loss detected! Skipping batch.
2026-05-08 04:02:32,475 - __main__ - ERROR -   Batch 1046: NaN or Inf loss detected! Skipping batch.
2026-05-08 04:02:32,545 - __main__ - ERROR -   Batch 1047: NaN or Inf loss detected! Skipping batch.
2026-05-08 04:02:32,616 - __main__ - ERROR -   Batch 1048: NaN or Inf loss detected! Skipping batch.
2026-05-08 04:02:32,687 - __main__ - ERROR -   Batch 1049: NaN or Inf loss detected! Skipping batch.
2026-05-08 04:02:32,758 - __main__ - ERROR -   Batch 1050: NaN or Inf loss detected! Skipping batch.
2026-05-08 04:02:33,102 - __main__ - ERROR -   Batch 1051: NaN or Inf loss detected! Skipping batch.
2026-05-08 04:02:33,175 - __main__ - ERROR -   Batch 1052: NaN or Inf loss detected! Skipping batch.
2026-05-08 04:02:33,245 - __main__ - ERROR -   Batch 1053: NaN or Inf loss detected! Skipping batch.
2026-05-08 04:02:33,315 - __main__ - ERROR -   Batch 1054: NaN or Inf loss detected! Skipping batch.
2026-05-08 04:02:33,385 - __main__ - ERROR -   Batch 1055: NaN or Inf loss detected! Skipping batch.
2026-05-08 04:02:33,457 - __main__ - ERROR -   Batch 1056: NaN or Inf loss detected! Skipping batch.
2026-05-08 04:02:33,528 - __main__ - ERROR -   Batch 1057: NaN or Inf loss detected! Skipping batch.
2026-05-08 04:02:33,593 - __main__ - ERROR -   Batch 1058: NaN or Inf loss detected! Skipping batch.
2026-05-08 04:02:33,664 - __main__ - ERROR -   Batch 1059: NaN or Inf loss detected! Skipping batch.
2026-05-08 04:02:33,735 - __main__ - ERROR -   Batch 1060: NaN or Inf loss detected! Skipping batch.
2026-05-08 04:02:33,806 - __main__ - ERROR -   Batch 1061: NaN or Inf loss detected! Skipping batch.
2026-05-08 04:02:33,877 - __main__ - ERROR -   Batch 1062: NaN or Inf loss detected! Skipping batch.
2026-05-08 04:02:33,948 - __main__ - ERROR -   Batch 1063: NaN or Inf loss detected! Skipping batch.
2026-05-08 04:02:34,020 - __main__ - ERROR -   Batch 1064: NaN or Inf loss detected! Skipping batch.
2026-05-08 04:02:34,090 - __main__ - ERROR -   Batch 1065: NaN or Inf loss detected! Skipping batch.
2026-05-08 04:02:34,161 - __main__ - ERROR -   Batch 1066: NaN or Inf loss detected! Skipping batch.
2026-05-08 04:02:34,233 - __main__ - ERROR -   Batch 1067: NaN or Inf loss detected! Skipping batch.
2026-05-08 04:02:34,304 - __main__ - ERROR -   Batch 1068: NaN or Inf loss detected! Skipping batch.
2026-05-08 04:02:34,375 - __main__ - ERROR -   Batch 1069: NaN or Inf loss detected! Skipping batch.
2026-05-08 04:02:34,445 - __main__ - ERROR -   Batch 1070: NaN or Inf loss detected! Skipping batch.
2026-05-08 04:02:34,516 - __main__ - ERROR -   Batch 1071: NaN or Inf loss detected! Skipping batch.
2026-05-08 04:02:34,587 - __main__ - ERROR -   Batch 1072: NaN or Inf loss detected! Skipping batch.
2026-05-08 04:02:34,659 - __main__ - ERROR -   Batch 1073: NaN or Inf loss detected! Skipping batch.
2026-05-08 04:02:34,730 - __main__ - ERROR -   Batch 1074: NaN or Inf loss detected! Skipping batch.
2026-05-08 04:02:34,800 - __main__ - ERROR -   Batch 1075: NaN or Inf loss detected! Skipping batch.
2026-05-08 04:02:34,871 - __main__ - ERROR -   Batch 1076: NaN or Inf loss detected! Skipping batch.
2026-05-08 04:02:34,943 - __main__ - ERROR -   Batch 1077: NaN or Inf loss detected! Skipping batch.
2026-05-08 04:02:35,016 - __main__ - ERROR -   Batch 1078: NaN or Inf loss detected! Skipping batch.
2026-05-08 04:02:35,080 - __main__ - ERROR -   Batch 1079: NaN or Inf loss detected! Skipping batch.
2026-05-08 04:02:35,145 - __main__ - ERROR -   Batch 1080: NaN or Inf loss detected! Skipping batch.
2026-05-08 04:02:35,211 - __main__ - ERROR -   Batch 1081: NaN or Inf loss detected! Skipping batch.
2026-05-08 04:02:35,281 - __main__ - ERROR -   Batch 1082: NaN or Inf loss detected! Skipping batch.
2026-05-08 04:02:35,352 - __main__ - ERROR -   Batch 1083: NaN or Inf loss detected! Skipping batch.
2026-05-08 04:02:35,424 - __main__ - ERROR -   Batch 1084: NaN or Inf loss detected! Skipping batch.
2026-05-08 04:02:35,495 - __main__ - ERROR -   Batch 1085: NaN or Inf loss detected! Skipping batch.
2026-05-08 04:02:35,566 - __main__ - ERROR -   Batch 1086: NaN or Inf loss detected! Skipping batch.
2026-05-08 04:02:35,625 - __main__ - ERROR -   Batch 1087: NaN or Inf loss detected! Skipping batch.
2026-05-08 04:02:35,696 - __main__ - ERROR -   Batch 1088: NaN or Inf loss detected! Skipping batch.
2026-05-08 04:02:35,767 - __main__ - ERROR -   Batch 1089: NaN or Inf loss detected! Skipping batch.
2026-05-08 04:02:35,838 - __main__ - ERROR -   Batch 1090: NaN or Inf loss detected! Skipping batch.
2026-05-08 04:02:35,909 - __main__ - ERROR -   Batch 1091: NaN or Inf loss detected! Skipping batch.
2026-05-08 04:02:35,981 - __main__ - ERROR -   Batch 1092: NaN or Inf loss detected! Skipping batch.
2026-05-08 04:02:36,053 - __main__ - ERROR -   Batch 1093: NaN or Inf loss detected! Skipping batch.
2026-05-08 04:02:36,124 - __main__ - ERROR -   Batch 1094: NaN or Inf loss detected! Skipping batch.
2026-05-08 04:02:36,195 - __main__ - ERROR -   Batch 1095: NaN or Inf loss detected! Skipping batch.
2026-05-08 04:02:36,266 - __main__ - ERROR -   Batch 1096: NaN or Inf loss detected! Skipping batch.
2026-05-08 04:02:36,337 - __main__ - ERROR -   Batch 1097: NaN or Inf loss detected! Skipping batch.
2026-05-08 04:02:36,409 - __main__ - ERROR -   Batch 1098: NaN or Inf loss detected! Skipping batch.
2026-05-08 04:02:36,481 - __main__ - ERROR -   Batch 1099: NaN or Inf loss detected! Skipping batch.
2026-05-08 04:02:36,552 - __main__ - ERROR -   Batch 1100: NaN or Inf loss detected! Skipping batch.
2026-05-08 04:02:36,624 - __main__ - ERROR -   Batch 1101: NaN or Inf loss detected! Skipping batch.
2026-05-08 04:02:36,696 - __main__ - ERROR -   Batch 1102: NaN or Inf loss detected! Skipping batch.
2026-05-08 04:02:36,767 - __main__ - ERROR -   Batch 1103: NaN or Inf loss detected! Skipping batch.
2026-05-08 04:02:36,839 - __main__ - ERROR -   Batch 1104: NaN or Inf loss detected! Skipping batch.
2026-05-08 04:02:36,910 - __main__ - ERROR -   Batch 1105: NaN or Inf loss detected! Skipping batch.
2026-05-08 04:02:36,982 - __main__ - ERROR -   Batch 1106: NaN or Inf loss detected! Skipping batch.
2026-05-08 04:02:37,054 - __main__ - ERROR -   Batch 1107: NaN or Inf loss detected! Skipping batch.
2026-05-08 04:02:37,118 - __main__ - ERROR -   Batch 1108: NaN or Inf loss detected! Skipping batch.
2026-05-08 04:02:37,189 - __main__ - ERROR -   Batch 1109: NaN or Inf loss detected! Skipping batch.
2026-05-08 04:02:37,254 - __main__ - ERROR -   Batch 1110: NaN or Inf loss detected! Skipping batch.
2026-05-08 04:02:37,326 - __main__ - ERROR -   Batch 1111: NaN or Inf loss detected! Skipping batch.
2026-05-08 04:02:37,396 - __main__ - ERROR -   Batch 1112: NaN or Inf loss detected! Skipping batch.
2026-05-08 04:02:37,467 - __main__ - ERROR -   Batch 1113: NaN or Inf loss detected! Skipping batch.
2026-05-08 04:02:37,539 - __main__ - ERROR -   Batch 1114: NaN or Inf loss detected! Skipping batch.
2026-05-08 04:02:37,611 - __main__ - ERROR -   Batch 1115: NaN or Inf loss detected! Skipping batch.
2026-05-08 04:02:37,682 - __main__ - ERROR -   Batch 1116: NaN or Inf loss detected! Skipping batch.
2026-05-08 04:02:37,753 - __main__ - ERROR -   Batch 1117: NaN or Inf loss detected! Skipping batch.
2026-05-08 04:02:37,824 - __main__ - ERROR -   Batch 1118: NaN or Inf loss detected! Skipping batch.
2026-05-08 04:02:37,896 - __main__ - ERROR -   Batch 1119: NaN or Inf loss detected! Skipping batch.
2026-05-08 04:02:37,967 - __main__ - ERROR -   Batch 1120: NaN or Inf loss detected! Skipping batch.
2026-05-08 04:02:38,026 - __main__ - ERROR -   Batch 1121: NaN or Inf loss detected! Skipping batch.
2026-05-08 04:02:38,098 - __main__ - ERROR -   Batch 1122: NaN or Inf loss detected! Skipping batch.
2026-05-08 04:02:38,168 - __main__ - ERROR -   Batch 1123: NaN or Inf loss detected! Skipping batch.
2026-05-08 04:02:38,223 - __main__ - ERROR -   Batch 1124: NaN or Inf loss detected! Skipping batch.
2026-05-08 04:02:38,294 - __main__ - ERROR -   Batch 1125: NaN or Inf loss detected! Skipping batch.
2026-05-08 04:02:38,358 - __main__ - ERROR -   Batch 1126: NaN or Inf loss detected! Skipping batch.
2026-05-08 04:02:38,429 - __main__ - ERROR -   Batch 1127: NaN or Inf loss detected! Skipping batch.
2026-05-08 04:02:38,499 - __main__ - ERROR -   Batch 1128: NaN or Inf loss detected! Skipping batch.
2026-05-08 04:02:38,570 - __main__ - ERROR -   Batch 1129: NaN or Inf loss detected! Skipping batch.
2026-05-08 04:02:38,642 - __main__ - ERROR -   Batch 1130: NaN or Inf loss detected! Skipping batch.
2026-05-08 04:02:38,713 - __main__ - ERROR -   Batch 1131: NaN or Inf loss detected! Skipping batch.
2026-05-08 04:02:38,785 - __main__ - ERROR -   Batch 1132: NaN or Inf loss detected! Skipping batch.
2026-05-08 04:02:38,856 - __main__ - ERROR -   Batch 1133: NaN or Inf loss detected! Skipping batch.
2026-05-08 04:02:38,921 - __main__ - ERROR -   Batch 1134: NaN or Inf loss detected! Skipping batch.
2026-05-08 04:02:38,993 - __main__ - ERROR -   Batch 1135: NaN or Inf loss detected! Skipping batch.
2026-05-08 04:02:39,064 - __main__ - ERROR -   Batch 1136: NaN or Inf loss detected! Skipping batch.
2026-05-08 04:02:39,134 - __main__ - ERROR -   Batch 1137: NaN or Inf loss detected! Skipping batch.
2026-05-08 04:02:39,205 - __main__ - ERROR -   Batch 1138: NaN or Inf loss detected! Skipping batch.
2026-05-08 04:02:39,277 - __main__ - ERROR -   Batch 1139: NaN or Inf loss detected! Skipping batch.
2026-05-08 04:02:39,341 - __main__ - ERROR -   Batch 1140: NaN or Inf loss detected! Skipping batch.
2026-05-08 04:02:39,413 - __main__ - ERROR -   Batch 1141: NaN or Inf loss detected! Skipping batch.
2026-05-08 04:02:39,483 - __main__ - ERROR -   Batch 1142: NaN or Inf loss detected! Skipping batch.
2026-05-08 04:02:39,554 - __main__ - ERROR -   Batch 1143: NaN or Inf loss detected! Skipping batch.
2026-05-08 04:02:39,618 - __main__ - ERROR -   Batch 1144: NaN or Inf loss detected! Skipping batch.
2026-05-08 04:02:39,690 - __main__ - ERROR -   Batch 1145: NaN or Inf loss detected! Skipping batch.
2026-05-08 04:02:39,760 - __main__ - ERROR -   Batch 1146: NaN or Inf loss detected! Skipping batch.
2026-05-08 04:02:39,831 - __main__ - ERROR -   Batch 1147: NaN or Inf loss detected! Skipping batch.
2026-05-08 04:02:39,903 - __main__ - ERROR -   Batch 1148: NaN or Inf loss detected! Skipping batch.
2026-05-08 04:02:39,974 - __main__ - ERROR -   Batch 1149: NaN or Inf loss detected! Skipping batch.
2026-05-08 04:02:40,046 - __main__ - ERROR -   Batch 1150: NaN or Inf loss detected! Skipping batch.
2026-05-08 04:02:40,427 - __main__ - ERROR -   Batch 1151: NaN or Inf loss detected! Skipping batch.
2026-05-08 04:02:40,499 - __main__ - ERROR -   Batch 1152: NaN or Inf loss detected! Skipping batch.
2026-05-08 04:02:40,569 - __main__ - ERROR -   Batch 1153: NaN or Inf loss detected! Skipping batch.
2026-05-08 04:02:40,640 - __main__ - ERROR -   Batch 1154: NaN or Inf loss detected! Skipping batch.
2026-05-08 04:02:40,712 - __main__ - ERROR -   Batch 1155: NaN or Inf loss detected! Skipping batch.
2026-05-08 04:02:40,783 - __main__ - ERROR -   Batch 1156: NaN or Inf loss detected! Skipping batch.
2026-05-08 04:02:40,855 - __main__ - ERROR -   Batch 1157: NaN or Inf loss detected! Skipping batch.
2026-05-08 04:02:40,926 - __main__ - ERROR -   Batch 1158: NaN or Inf loss detected! Skipping batch.
2026-05-08 04:02:40,999 - __main__ - ERROR -   Batch 1159: NaN or Inf loss detected! Skipping batch.
2026-05-08 04:02:41,069 - __main__ - ERROR -   Batch 1160: NaN or Inf loss detected! Skipping batch.
2026-05-08 04:02:41,133 - __main__ - ERROR -   Batch 1161: NaN or Inf loss detected! Skipping batch.
2026-05-08 04:02:41,204 - __main__ - ERROR -   Batch 1162: NaN or Inf loss detected! Skipping batch.
2026-05-08 04:02:41,275 - __main__ - ERROR -   Batch 1163: NaN or Inf loss detected! Skipping batch.
2026-05-08 04:02:41,346 - __main__ - ERROR -   Batch 1164: NaN or Inf loss detected! Skipping batch.
2026-05-08 04:02:41,410 - __main__ - ERROR -   Batch 1165: NaN or Inf loss detected! Skipping batch.
2026-05-08 04:02:41,482 - __main__ - ERROR -   Batch 1166: NaN or Inf loss detected! Skipping batch.
2026-05-08 04:02:41,552 - __main__ - ERROR -   Batch 1167: NaN or Inf loss detected! Skipping batch.
2026-05-08 04:02:41,624 - __main__ - ERROR -   Batch 1168: NaN or Inf loss detected! Skipping batch.
2026-05-08 04:02:41,695 - __main__ - ERROR -   Batch 1169: NaN or Inf loss detected! Skipping batch.
2026-05-08 04:02:41,766 - __main__ - ERROR -   Batch 1170: NaN or Inf loss detected! Skipping batch.
2026-05-08 04:02:41,837 - __main__ - ERROR -   Batch 1171: NaN or Inf loss detected! Skipping batch.
2026-05-08 04:02:41,909 - __main__ - ERROR -   Batch 1172: NaN or Inf loss detected! Skipping batch.
2026-05-08 04:02:41,979 - __main__ - ERROR -   Batch 1173: NaN or Inf loss detected! Skipping batch.
2026-05-08 04:02:42,050 - __main__ - ERROR -   Batch 1174: NaN or Inf loss detected! Skipping batch.
2026-05-08 04:02:42,120 - __main__ - ERROR -   Batch 1175: NaN or Inf loss detected! Skipping batch.
2026-05-08 04:02:42,185 - __main__ - ERROR -   Batch 1176: NaN or Inf loss detected! Skipping batch.
2026-05-08 04:02:42,250 - __main__ - ERROR -   Batch 1177: NaN or Inf loss detected! Skipping batch.
2026-05-08 04:02:42,321 - __main__ - ERROR -   Batch 1178: NaN or Inf loss detected! Skipping batch.
2026-05-08 04:02:42,391 - __main__ - ERROR -   Batch 1179: NaN or Inf loss detected! Skipping batch.
2026-05-08 04:02:42,462 - __main__ - ERROR -   Batch 1180: NaN or Inf loss detected! Skipping batch.
2026-05-08 04:02:42,533 - __main__ - ERROR -   Batch 1181: NaN or Inf loss detected! Skipping batch.
2026-05-08 04:02:42,605 - __main__ - ERROR -   Batch 1182: NaN or Inf loss detected! Skipping batch.
2026-05-08 04:02:42,675 - __main__ - ERROR -   Batch 1183: NaN or Inf loss detected! Skipping batch.
2026-05-08 04:02:42,747 - __main__ - ERROR -   Batch 1184: NaN or Inf loss detected! Skipping batch.
2026-05-08 04:02:42,819 - __main__ - ERROR -   Batch 1185: NaN or Inf loss detected! Skipping batch.
2026-05-08 04:02:42,891 - __main__ - ERROR -   Batch 1186: NaN or Inf loss detected! Skipping batch.
2026-05-08 04:02:42,962 - __main__ - ERROR -   Batch 1187: NaN or Inf loss detected! Skipping batch.
2026-05-08 04:02:43,034 - __main__ - ERROR -   Batch 1188: NaN or Inf loss detected! Skipping batch.
2026-05-08 04:02:43,106 - __main__ - ERROR -   Batch 1189: NaN or Inf loss detected! Skipping batch.
2026-05-08 04:02:43,177 - __main__ - ERROR -   Batch 1190: NaN or Inf loss detected! Skipping batch.
2026-05-08 04:02:43,247 - __main__ - ERROR -   Batch 1191: NaN or Inf loss detected! Skipping batch.
2026-05-08 04:02:43,312 - __main__ - ERROR -   Batch 1192: NaN or Inf loss detected! Skipping batch.
2026-05-08 04:02:43,383 - __main__ - ERROR -   Batch 1193: NaN or Inf loss detected! Skipping batch.
2026-05-08 04:02:43,454 - __main__ - ERROR -   Batch 1194: NaN or Inf loss detected! Skipping batch.
2026-05-08 04:02:43,525 - __main__ - ERROR -   Batch 1195: NaN or Inf loss detected! Skipping batch.
2026-05-08 04:02:43,596 - __main__ - ERROR -   Batch 1196: NaN or Inf loss detected! Skipping batch.
2026-05-08 04:02:43,668 - __main__ - ERROR -   Batch 1197: NaN or Inf loss detected! Skipping batch.
2026-05-08 04:02:43,739 - __main__ - ERROR -   Batch 1198: NaN or Inf loss detected! Skipping batch.
2026-05-08 04:02:43,811 - __main__ - ERROR -   Batch 1199: NaN or Inf loss detected! Skipping batch.
2026-05-08 04:02:43,883 - __main__ - ERROR -   Batch 1200: NaN or Inf loss detected! Skipping batch.
2026-05-08 04:02:43,954 - __main__ - ERROR -   Batch 1201: NaN or Inf loss detected! Skipping batch.
2026-05-08 04:02:44,026 - __main__ - ERROR -   Batch 1202: NaN or Inf loss detected! Skipping batch.
2026-05-08 04:02:44,097 - __main__ - ERROR -   Batch 1203: NaN or Inf loss detected! Skipping batch.
2026-05-08 04:02:44,167 - __main__ - ERROR -   Batch 1204: NaN or Inf loss detected! Skipping batch.
2026-05-08 04:02:44,238 - __main__ - ERROR -   Batch 1205: NaN or Inf loss detected! Skipping batch.
2026-05-08 04:02:44,309 - __main__ - ERROR -   Batch 1206: NaN or Inf loss detected! Skipping batch.
2026-05-08 04:02:44,381 - __main__ - ERROR -   Batch 1207: NaN or Inf loss detected! Skipping batch.
2026-05-08 04:02:44,452 - __main__ - ERROR -   Batch 1208: NaN or Inf loss detected! Skipping batch.
2026-05-08 04:02:44,524 - __main__ - ERROR -   Batch 1209: NaN or Inf loss detected! Skipping batch.
2026-05-08 04:02:44,588 - __main__ - ERROR -   Batch 1210: NaN or Inf loss detected! Skipping batch.
2026-05-08 04:02:44,659 - __main__ - ERROR -   Batch 1211: NaN or Inf loss detected! Skipping batch.
2026-05-08 04:02:44,729 - __main__ - ERROR -   Batch 1212: NaN or Inf loss detected! Skipping batch.
2026-05-08 04:02:44,801 - __main__ - ERROR -   Batch 1213: NaN or Inf loss detected! Skipping batch.
2026-05-08 04:02:44,872 - __main__ - ERROR -   Batch 1214: NaN or Inf loss detected! Skipping batch.
2026-05-08 04:02:44,944 - __main__ - ERROR -   Batch 1215: NaN or Inf loss detected! Skipping batch.
2026-05-08 04:02:45,016 - __main__ - ERROR -   Batch 1216: NaN or Inf loss detected! Skipping batch.
2026-05-08 04:02:45,087 - __main__ - ERROR -   Batch 1217: NaN or Inf loss detected! Skipping batch.
2026-05-08 04:02:45,159 - __main__ - ERROR -   Batch 1218: NaN or Inf loss detected! Skipping batch.
2026-05-08 04:02:45,230 - __main__ - ERROR -   Batch 1219: NaN or Inf loss detected! Skipping batch.
2026-05-08 04:02:45,302 - __main__ - ERROR -   Batch 1220: NaN or Inf loss detected! Skipping batch.
2026-05-08 04:02:45,373 - __main__ - ERROR -   Batch 1221: NaN or Inf loss detected! Skipping batch.
2026-05-08 04:02:45,445 - __main__ - ERROR -   Batch 1222: NaN or Inf loss detected! Skipping batch.
2026-05-08 04:02:45,516 - __main__ - ERROR -   Batch 1223: NaN or Inf loss detected! Skipping batch.
2026-05-08 04:02:45,587 - __main__ - ERROR -   Batch 1224: NaN or Inf loss detected! Skipping batch.
2026-05-08 04:02:45,659 - __main__ - ERROR -   Batch 1225: NaN or Inf loss detected! Skipping batch.
2026-05-08 04:02:45,731 - __main__ - ERROR -   Batch 1226: NaN or Inf loss detected! Skipping batch.
2026-05-08 04:02:45,802 - __main__ - ERROR -   Batch 1227: NaN or Inf loss detected! Skipping batch.
2026-05-08 04:02:45,874 - __main__ - ERROR -   Batch 1228: NaN or Inf loss detected! Skipping batch.
2026-05-08 04:02:45,945 - __main__ - ERROR -   Batch 1229: NaN or Inf loss detected! Skipping batch.
2026-05-08 04:02:46,017 - __main__ - ERROR -   Batch 1230: NaN or Inf loss detected! Skipping batch.
2026-05-08 04:02:46,088 - __main__ - ERROR -   Batch 1231: NaN or Inf loss detected! Skipping batch.
2026-05-08 04:02:46,160 - __main__ - ERROR -   Batch 1232: NaN or Inf loss detected! Skipping batch.
2026-05-08 04:02:46,231 - __main__ - ERROR -   Batch 1233: NaN or Inf loss detected! Skipping batch.
2026-05-08 04:02:46,303 - __main__ - ERROR -   Batch 1234: NaN or Inf loss detected! Skipping batch.
2026-05-08 04:02:46,374 - __main__ - ERROR -   Batch 1235: NaN or Inf loss detected! Skipping batch.
2026-05-08 04:02:46,445 - __main__ - ERROR -   Batch 1236: NaN or Inf loss detected! Skipping batch.
2026-05-08 04:02:46,517 - __main__ - ERROR -   Batch 1237: NaN or Inf loss detected! Skipping batch.
2026-05-08 04:02:46,588 - __main__ - ERROR -   Batch 1238: NaN or Inf loss detected! Skipping batch.
2026-05-08 04:02:46,659 - __main__ - ERROR -   Batch 1239: NaN or Inf loss detected! Skipping batch.
2026-05-08 04:02:46,724 - __main__ - ERROR -   Batch 1240: NaN or Inf loss detected! Skipping batch.
2026-05-08 04:02:46,796 - __main__ - ERROR -   Batch 1241: NaN or Inf loss detected! Skipping batch.
2026-05-08 04:02:46,866 - __main__ - ERROR -   Batch 1242: NaN or Inf loss detected! Skipping batch.
2026-05-08 04:02:46,938 - __main__ - ERROR -   Batch 1243: NaN or Inf loss detected! Skipping batch.
2026-05-08 04:02:47,009 - __main__ - ERROR -   Batch 1244: NaN or Inf loss detected! Skipping batch.
2026-05-08 04:02:47,080 - __main__ - ERROR -   Batch 1245: NaN or Inf loss detected! Skipping batch.
2026-05-08 04:02:47,151 - __main__ - ERROR -   Batch 1246: NaN or Inf loss detected! Skipping batch.
2026-05-08 04:02:47,223 - __main__ - ERROR -   Batch 1247: NaN or Inf loss detected! Skipping batch.
2026-05-08 04:02:47,294 - __main__ - ERROR -   Batch 1248: NaN or Inf loss detected! Skipping batch.
2026-05-08 04:02:47,366 - __main__ - ERROR -   Batch 1249: NaN or Inf loss detected! Skipping batch.
2026-05-08 04:02:47,431 - __main__ - ERROR -   Batch 1250: NaN or Inf loss detected! Skipping batch.
2026-05-08 04:02:47,496 - __main__ - ERROR -   Batch 1251: NaN or Inf loss detected! Skipping batch.
2026-05-08 04:02:47,566 - __main__ - ERROR -   Batch 1252: NaN or Inf loss detected! Skipping batch.
2026-05-08 04:02:47,625 - __main__ - ERROR -   Batch 1253: NaN or Inf loss detected! Skipping batch.
2026-05-08 04:02:47,697 - __main__ - ERROR -   Batch 1254: NaN or Inf loss detected! Skipping batch.
2026-05-08 04:02:47,767 - __main__ - ERROR -   Batch 1255: NaN or Inf loss detected! Skipping batch.
2026-05-08 04:02:47,838 - __main__ - ERROR -   Batch 1256: NaN or Inf loss detected! Skipping batch.
2026-05-08 04:02:47,910 - __main__ - ERROR -   Batch 1257: NaN or Inf loss detected! Skipping batch.
2026-05-08 04:02:47,981 - __main__ - ERROR -   Batch 1258: NaN or Inf loss detected! Skipping batch.
2026-05-08 04:02:48,053 - __main__ - ERROR -   Batch 1259: NaN or Inf loss detected! Skipping batch.
2026-05-08 04:02:48,125 - __main__ - ERROR -   Batch 1260: NaN or Inf loss detected! Skipping batch.
2026-05-08 04:02:48,197 - __main__ - ERROR -   Batch 1261: NaN or Inf loss detected! Skipping batch.
2026-05-08 04:02:48,269 - __main__ - ERROR -   Batch 1262: NaN or Inf loss detected! Skipping batch.
2026-05-08 04:02:48,341 - __main__ - ERROR -   Batch 1263: NaN or Inf loss detected! Skipping batch.
2026-05-08 04:02:48,412 - __main__ - ERROR -   Batch 1264: NaN or Inf loss detected! Skipping batch.
2026-05-08 04:02:48,477 - __main__ - ERROR -   Batch 1265: NaN or Inf loss detected! Skipping batch.
2026-05-08 04:02:48,542 - __main__ - ERROR -   Batch 1266: NaN or Inf loss detected! Skipping batch.
2026-05-08 04:02:48,613 - __main__ - ERROR -   Batch 1267: NaN or Inf loss detected! Skipping batch.
2026-05-08 04:02:48,679 - __main__ - ERROR -   Batch 1268: NaN or Inf loss detected! Skipping batch.
2026-05-08 04:02:48,750 - __main__ - ERROR -   Batch 1269: NaN or Inf loss detected! Skipping batch.
2026-05-08 04:02:48,821 - __main__ - ERROR -   Batch 1270: NaN or Inf loss detected! Skipping batch.
2026-05-08 04:02:49,259 - __main__ - ERROR -   Batch 1271: NaN or Inf loss detected! Skipping batch.
2026-05-08 04:02:49,331 - __main__ - ERROR -   Batch 1272: NaN or Inf loss detected! Skipping batch.
2026-05-08 04:02:49,396 - __main__ - ERROR -   Batch 1273: NaN or Inf loss detected! Skipping batch.
2026-05-08 04:02:49,468 - __main__ - ERROR -   Batch 1274: NaN or Inf loss detected! Skipping batch.
2026-05-08 04:02:49,538 - __main__ - ERROR -   Batch 1275: NaN or Inf loss detected! Skipping batch.
2026-05-08 04:02:49,604 - __main__ - ERROR -   Batch 1276: NaN or Inf loss detected! Skipping batch.
2026-05-08 04:02:49,675 - __main__ - ERROR -   Batch 1277: NaN or Inf loss detected! Skipping batch.
2026-05-08 04:02:49,746 - __main__ - ERROR -   Batch 1278: NaN or Inf loss detected! Skipping batch.
2026-05-08 04:02:49,817 - __main__ - ERROR -   Batch 1279: NaN or Inf loss detected! Skipping batch.
2026-05-08 04:02:49,888 - __main__ - ERROR -   Batch 1280: NaN or Inf loss detected! Skipping batch.
2026-05-08 04:02:49,960 - __main__ - ERROR -   Batch 1281: NaN or Inf loss detected! Skipping batch.
2026-05-08 04:02:50,032 - __main__ - ERROR -   Batch 1282: NaN or Inf loss detected! Skipping batch.
2026-05-08 04:02:50,105 - __main__ - ERROR -   Batch 1283: NaN or Inf loss detected! Skipping batch.
2026-05-08 04:02:50,177 - __main__ - ERROR -   Batch 1284: NaN or Inf loss detected! Skipping batch.
2026-05-08 04:02:50,248 - __main__ - ERROR -   Batch 1285: NaN or Inf loss detected! Skipping batch.
2026-05-08 04:02:50,320 - __main__ - ERROR -   Batch 1286: NaN or Inf loss detected! Skipping batch.
2026-05-08 04:02:50,391 - __main__ - ERROR -   Batch 1287: NaN or Inf loss detected! Skipping batch.
2026-05-08 04:02:50,463 - __main__ - ERROR -   Batch 1288: NaN or Inf loss detected! Skipping batch.
2026-05-08 04:02:50,535 - __main__ - ERROR -   Batch 1289: NaN or Inf loss detected! Skipping batch.
2026-05-08 04:02:50,607 - __main__ - ERROR -   Batch 1290: NaN or Inf loss detected! Skipping batch.
2026-05-08 04:02:50,672 - __main__ - ERROR -   Batch 1291: NaN or Inf loss detected! Skipping batch.
2026-05-08 04:02:50,743 - __main__ - ERROR -   Batch 1292: NaN or Inf loss detected! Skipping batch.
2026-05-08 04:02:50,814 - __main__ - ERROR -   Batch 1293: NaN or Inf loss detected! Skipping batch.
2026-05-08 04:02:50,885 - __main__ - ERROR -   Batch 1294: NaN or Inf loss detected! Skipping batch.
2026-05-08 04:02:50,957 - __main__ - ERROR -   Batch 1295: NaN or Inf loss detected! Skipping batch.
2026-05-08 04:02:51,030 - __main__ - ERROR -   Batch 1296: NaN or Inf loss detected! Skipping batch.
2026-05-08 04:02:51,101 - __main__ - ERROR -   Batch 1297: NaN or Inf loss detected! Skipping batch.
2026-05-08 04:02:51,172 - __main__ - ERROR -   Batch 1298: NaN or Inf loss detected! Skipping batch.
2026-05-08 04:02:51,244 - __main__ - ERROR -   Batch 1299: NaN or Inf loss detected! Skipping batch.
2026-05-08 04:02:51,315 - __main__ - ERROR -   Batch 1300: NaN or Inf loss detected! Skipping batch.
2026-05-08 04:02:51,387 - __main__ - ERROR -   Batch 1301: NaN or Inf loss detected! Skipping batch.
2026-05-08 04:02:51,459 - __main__ - ERROR -   Batch 1302: NaN or Inf loss detected! Skipping batch.
2026-05-08 04:02:51,518 - __main__ - ERROR -   Batch 1303: NaN or Inf loss detected! Skipping batch.
2026-05-08 04:02:51,589 - __main__ - ERROR -   Batch 1304: NaN or Inf loss detected! Skipping batch.
2026-05-08 04:02:51,660 - __main__ - ERROR -   Batch 1305: NaN or Inf loss detected! Skipping batch.
2026-05-08 04:02:51,731 - __main__ - ERROR -   Batch 1306: NaN or Inf loss detected! Skipping batch.
2026-05-08 04:02:51,802 - __main__ - ERROR -   Batch 1307: NaN or Inf loss detected! Skipping batch.
2026-05-08 04:02:51,873 - __main__ - ERROR -   Batch 1308: NaN or Inf loss detected! Skipping batch.
2026-05-08 04:02:51,945 - __main__ - ERROR -   Batch 1309: NaN or Inf loss detected! Skipping batch.
2026-05-08 04:02:52,017 - __main__ - ERROR -   Batch 1310: NaN or Inf loss detected! Skipping batch.
2026-05-08 04:02:52,089 - __main__ - ERROR -   Batch 1311: NaN or Inf loss detected! Skipping batch.
2026-05-08 04:02:52,161 - __main__ - ERROR -   Batch 1312: NaN or Inf loss detected! Skipping batch.
2026-05-08 04:02:52,232 - __main__ - ERROR -   Batch 1313: NaN or Inf loss detected! Skipping batch.
2026-05-08 04:02:52,304 - __main__ - ERROR -   Batch 1314: NaN or Inf loss detected! Skipping batch.
2026-05-08 04:02:52,375 - __main__ - ERROR -   Batch 1315: NaN or Inf loss detected! Skipping batch.
2026-05-08 04:02:52,446 - __main__ - ERROR -   Batch 1316: NaN or Inf loss detected! Skipping batch.
2026-05-08 04:02:52,517 - __main__ - ERROR -   Batch 1317: NaN or Inf loss detected! Skipping batch.
2026-05-08 04:02:52,589 - __main__ - ERROR -   Batch 1318: NaN or Inf loss detected! Skipping batch.
2026-05-08 04:02:52,661 - __main__ - ERROR -   Batch 1319: NaN or Inf loss detected! Skipping batch.
2026-05-08 04:02:52,732 - __main__ - ERROR -   Batch 1320: NaN or Inf loss detected! Skipping batch.
2026-05-08 04:02:52,804 - __main__ - ERROR -   Batch 1321: NaN or Inf loss detected! Skipping batch.
2026-05-08 04:02:52,876 - __main__ - ERROR -   Batch 1322: NaN or Inf loss detected! Skipping batch.
2026-05-08 04:02:52,947 - __main__ - ERROR -   Batch 1323: NaN or Inf loss detected! Skipping batch.
2026-05-08 04:02:53,019 - __main__ - ERROR -   Batch 1324: NaN or Inf loss detected! Skipping batch.
2026-05-08 04:02:53,090 - __main__ - ERROR -   Batch 1325: NaN or Inf loss detected! Skipping batch.
2026-05-08 04:02:53,163 - __main__ - ERROR -   Batch 1326: NaN or Inf loss detected! Skipping batch.
2026-05-08 04:02:53,234 - __main__ - ERROR -   Batch 1327: NaN or Inf loss detected! Skipping batch.
2026-05-08 04:02:53,306 - __main__ - ERROR -   Batch 1328: NaN or Inf loss detected! Skipping batch.
2026-05-08 04:02:53,378 - __main__ - ERROR -   Batch 1329: NaN or Inf loss detected! Skipping batch.
2026-05-08 04:02:53,449 - __main__ - ERROR -   Batch 1330: NaN or Inf loss detected! Skipping batch.
2026-05-08 04:02:53,521 - __main__ - ERROR -   Batch 1331: NaN or Inf loss detected! Skipping batch.
2026-05-08 04:02:53,593 - __main__ - ERROR -   Batch 1332: NaN or Inf loss detected! Skipping batch.
2026-05-08 04:02:53,665 - __main__ - ERROR -   Batch 1333: NaN or Inf loss detected! Skipping batch.
2026-05-08 04:02:53,737 - __main__ - ERROR -   Batch 1334: NaN or Inf loss detected! Skipping batch.
2026-05-08 04:02:53,809 - __main__ - ERROR -   Batch 1335: NaN or Inf loss detected! Skipping batch.
2026-05-08 04:02:53,880 - __main__ - ERROR -   Batch 1336: NaN or Inf loss detected! Skipping batch.
2026-05-08 04:02:53,952 - __main__ - ERROR -   Batch 1337: NaN or Inf loss detected! Skipping batch.
2026-05-08 04:02:54,024 - __main__ - ERROR -   Batch 1338: NaN or Inf loss detected! Skipping batch.
2026-05-08 04:02:54,096 - __main__ - ERROR -   Batch 1339: NaN or Inf loss detected! Skipping batch.
2026-05-08 04:02:54,168 - __main__ - ERROR -   Batch 1340: NaN or Inf loss detected! Skipping batch.
2026-05-08 04:02:54,240 - __main__ - ERROR -   Batch 1341: NaN or Inf loss detected! Skipping batch.
2026-05-08 04:02:54,312 - __main__ - ERROR -   Batch 1342: NaN or Inf loss detected! Skipping batch.
2026-05-08 04:02:54,383 - __main__ - ERROR -   Batch 1343: NaN or Inf loss detected! Skipping batch.
2026-05-08 04:02:54,455 - __main__ - ERROR -   Batch 1344: NaN or Inf loss detected! Skipping batch.
2026-05-08 04:02:54,527 - __main__ - ERROR -   Batch 1345: NaN or Inf loss detected! Skipping batch.
2026-05-08 04:02:54,599 - __main__ - ERROR -   Batch 1346: NaN or Inf loss detected! Skipping batch.
2026-05-08 04:02:54,670 - __main__ - ERROR -   Batch 1347: NaN or Inf loss detected! Skipping batch.
2026-05-08 04:02:54,742 - __main__ - ERROR -   Batch 1348: NaN or Inf loss detected! Skipping batch.
2026-05-08 04:02:54,814 - __main__ - ERROR -   Batch 1349: NaN or Inf loss detected! Skipping batch.
2026-05-08 04:02:54,886 - __main__ - ERROR -   Batch 1350: NaN or Inf loss detected! Skipping batch.
2026-05-08 04:02:54,957 - __main__ - ERROR -   Batch 1351: NaN or Inf loss detected! Skipping batch.
2026-05-08 04:02:55,029 - __main__ - ERROR -   Batch 1352: NaN or Inf loss detected! Skipping batch.
2026-05-08 04:02:55,101 - __main__ - ERROR -   Batch 1353: NaN or Inf loss detected! Skipping batch.
2026-05-08 04:02:55,173 - __main__ - ERROR -   Batch 1354: NaN or Inf loss detected! Skipping batch.
2026-05-08 04:02:55,245 - __main__ - ERROR -   Batch 1355: NaN or Inf loss detected! Skipping batch.
2026-05-08 04:02:55,316 - __main__ - ERROR -   Batch 1356: NaN or Inf loss detected! Skipping batch.
2026-05-08 04:02:55,388 - __main__ - ERROR -   Batch 1357: NaN or Inf loss detected! Skipping batch.
2026-05-08 04:02:55,460 - __main__ - ERROR -   Batch 1358: NaN or Inf loss detected! Skipping batch.
2026-05-08 04:02:55,532 - __main__ - ERROR -   Batch 1359: NaN or Inf loss detected! Skipping batch.
2026-05-08 04:02:55,603 - __main__ - ERROR -   Batch 1360: NaN or Inf loss detected! Skipping batch.
2026-05-08 04:02:55,675 - __main__ - ERROR -   Batch 1361: NaN or Inf loss detected! Skipping batch.
2026-05-08 04:02:55,747 - __main__ - ERROR -   Batch 1362: NaN or Inf loss detected! Skipping batch.
2026-05-08 04:02:55,819 - __main__ - ERROR -   Batch 1363: NaN or Inf loss detected! Skipping batch.
2026-05-08 04:02:55,890 - __main__ - ERROR -   Batch 1364: NaN or Inf loss detected! Skipping batch.
2026-05-08 04:02:55,962 - __main__ - ERROR -   Batch 1365: NaN or Inf loss detected! Skipping batch.
2026-05-08 04:02:56,034 - __main__ - ERROR -   Batch 1366: NaN or Inf loss detected! Skipping batch.
2026-05-08 04:02:56,106 - __main__ - ERROR -   Batch 1367: NaN or Inf loss detected! Skipping batch.
2026-05-08 04:02:56,178 - __main__ - ERROR -   Batch 1368: NaN or Inf loss detected! Skipping batch.
2026-05-08 04:02:56,242 - __main__ - ERROR -   Batch 1369: NaN or Inf loss detected! Skipping batch.
2026-05-08 04:02:56,314 - __main__ - ERROR -   Batch 1370: NaN or Inf loss detected! Skipping batch.
2026-05-08 04:02:56,384 - __main__ - ERROR -   Batch 1371: NaN or Inf loss detected! Skipping batch.
2026-05-08 04:02:56,455 - __main__ - ERROR -   Batch 1372: NaN or Inf loss detected! Skipping batch.
2026-05-08 04:02:56,520 - __main__ - ERROR -   Batch 1373: NaN or Inf loss detected! Skipping batch.
2026-05-08 04:02:56,592 - __main__ - ERROR -   Batch 1374: NaN or Inf loss detected! Skipping batch.
2026-05-08 04:02:56,662 - __main__ - ERROR -   Batch 1375: NaN or Inf loss detected! Skipping batch.
2026-05-08 04:02:56,734 - __main__ - ERROR -   Batch 1376: NaN or Inf loss detected! Skipping batch.
2026-05-08 04:02:56,805 - __main__ - ERROR -   Batch 1377: NaN or Inf loss detected! Skipping batch.
2026-05-08 04:02:56,877 - __main__ - ERROR -   Batch 1378: NaN or Inf loss detected! Skipping batch.
2026-05-08 04:02:56,948 - __main__ - ERROR -   Batch 1379: NaN or Inf loss detected! Skipping batch.
2026-05-08 04:02:57,320 - __main__ - ERROR -   Batch 1380: NaN or Inf loss detected! Skipping batch.
2026-05-08 04:02:57,392 - __main__ - ERROR -   Batch 1381: NaN or Inf loss detected! Skipping batch.
2026-05-08 04:02:57,458 - __main__ - ERROR -   Batch 1382: NaN or Inf loss detected! Skipping batch.
2026-05-08 04:02:57,529 - __main__ - ERROR -   Batch 1383: NaN or Inf loss detected! Skipping batch.
2026-05-08 04:02:57,599 - __main__ - ERROR -   Batch 1384: NaN or Inf loss detected! Skipping batch.
2026-05-08 04:02:57,670 - __main__ - ERROR -   Batch 1385: NaN or Inf loss detected! Skipping batch.
2026-05-08 04:02:57,741 - __main__ - ERROR -   Batch 1386: NaN or Inf loss detected! Skipping batch.
2026-05-08 04:02:57,813 - __main__ - ERROR -   Batch 1387: NaN or Inf loss detected! Skipping batch.
2026-05-08 04:02:57,884 - __main__ - ERROR -   Batch 1388: NaN or Inf loss detected! Skipping batch.
2026-05-08 04:02:57,955 - __main__ - ERROR -   Batch 1389: NaN or Inf loss detected! Skipping batch.
2026-05-08 04:02:58,027 - __main__ - ERROR -   Batch 1390: NaN or Inf loss detected! Skipping batch.
2026-05-08 04:02:58,098 - __main__ - ERROR -   Batch 1391: NaN or Inf loss detected! Skipping batch.
2026-05-08 04:02:58,169 - __main__ - ERROR -   Batch 1392: NaN or Inf loss detected! Skipping batch.
2026-05-08 04:02:58,241 - __main__ - ERROR -   Batch 1393: NaN or Inf loss detected! Skipping batch.
2026-05-08 04:02:58,312 - __main__ - ERROR -   Batch 1394: NaN or Inf loss detected! Skipping batch.
2026-05-08 04:02:58,384 - __main__ - ERROR -   Batch 1395: NaN or Inf loss detected! Skipping batch.
2026-05-08 04:02:58,456 - __main__ - ERROR -   Batch 1396: NaN or Inf loss detected! Skipping batch.
2026-05-08 04:02:58,527 - __main__ - ERROR -   Batch 1397: NaN or Inf loss detected! Skipping batch.
2026-05-08 04:02:58,599 - __main__ - ERROR -   Batch 1398: NaN or Inf loss detected! Skipping batch.
2026-05-08 04:02:58,670 - __main__ - ERROR -   Batch 1399: NaN or Inf loss detected! Skipping batch.
2026-05-08 04:02:58,741 - __main__ - ERROR -   Batch 1400: NaN or Inf loss detected! Skipping batch.
2026-05-08 04:02:58,813 - __main__ - ERROR -   Batch 1401: NaN or Inf loss detected! Skipping batch.
2026-05-08 04:02:58,884 - __main__ - ERROR -   Batch 1402: NaN or Inf loss detected! Skipping batch.
2026-05-08 04:02:58,955 - __main__ - ERROR -   Batch 1403: NaN or Inf loss detected! Skipping batch.
2026-05-08 04:02:59,027 - __main__ - ERROR -   Batch 1404: NaN or Inf loss detected! Skipping batch.
2026-05-08 04:02:59,092 - __main__ - ERROR -   Batch 1405: NaN or Inf loss detected! Skipping batch.
2026-05-08 04:02:59,163 - __main__ - ERROR -   Batch 1406: NaN or Inf loss detected! Skipping batch.
2026-05-08 04:02:59,234 - __main__ - ERROR -   Batch 1407: NaN or Inf loss detected! Skipping batch.
2026-05-08 04:02:59,305 - __main__ - ERROR -   Batch 1408: NaN or Inf loss detected! Skipping batch.
2026-05-08 04:02:59,377 - __main__ - ERROR -   Batch 1409: NaN or Inf loss detected! Skipping batch.
2026-05-08 04:02:59,448 - __main__ - ERROR -   Batch 1410: NaN or Inf loss detected! Skipping batch.
2026-05-08 04:02:59,520 - __main__ - ERROR -   Batch 1411: NaN or Inf loss detected! Skipping batch.
2026-05-08 04:02:59,591 - __main__ - ERROR -   Batch 1412: NaN or Inf loss detected! Skipping batch.
2026-05-08 04:02:59,663 - __main__ - ERROR -   Batch 1413: NaN or Inf loss detected! Skipping batch.
2026-05-08 04:02:59,735 - __main__ - ERROR -   Batch 1414: NaN or Inf loss detected! Skipping batch.
2026-05-08 04:02:59,807 - __main__ - ERROR -   Batch 1415: NaN or Inf loss detected! Skipping batch.
2026-05-08 04:02:59,879 - __main__ - ERROR -   Batch 1416: NaN or Inf loss detected! Skipping batch.
2026-05-08 04:02:59,950 - __main__ - ERROR -   Batch 1417: NaN or Inf loss detected! Skipping batch.
2026-05-08 04:03:00,022 - __main__ - ERROR -   Batch 1418: NaN or Inf loss detected! Skipping batch.
2026-05-08 04:03:00,094 - __main__ - ERROR -   Batch 1419: NaN or Inf loss detected! Skipping batch.
2026-05-08 04:03:00,165 - __main__ - ERROR -   Batch 1420: NaN or Inf loss detected! Skipping batch.
2026-05-08 04:03:00,237 - __main__ - ERROR -   Batch 1421: NaN or Inf loss detected! Skipping batch.
2026-05-08 04:03:00,308 - __main__ - ERROR -   Batch 1422: NaN or Inf loss detected! Skipping batch.
2026-05-08 04:03:00,373 - __main__ - ERROR -   Batch 1423: NaN or Inf loss detected! Skipping batch.
2026-05-08 04:03:00,438 - __main__ - ERROR -   Batch 1424: NaN or Inf loss detected! Skipping batch.
2026-05-08 04:03:00,508 - __main__ - ERROR -   Batch 1425: NaN or Inf loss detected! Skipping batch.
2026-05-08 04:03:00,579 - __main__ - ERROR -   Batch 1426: NaN or Inf loss detected! Skipping batch.
2026-05-08 04:03:00,650 - __main__ - ERROR -   Batch 1427: NaN or Inf loss detected! Skipping batch.
2026-05-08 04:03:00,721 - __main__ - ERROR -   Batch 1428: NaN or Inf loss detected! Skipping batch.
2026-05-08 04:03:00,792 - __main__ - ERROR -   Batch 1429: NaN or Inf loss detected! Skipping batch.
2026-05-08 04:03:00,857 - __main__ - ERROR -   Batch 1430: NaN or Inf loss detected! Skipping batch.
2026-05-08 04:03:00,928 - __main__ - ERROR -   Batch 1431: NaN or Inf loss detected! Skipping batch.
2026-05-08 04:03:00,999 - __main__ - ERROR -   Batch 1432: NaN or Inf loss detected! Skipping batch.
2026-05-08 04:03:01,070 - __main__ - ERROR -   Batch 1433: NaN or Inf loss detected! Skipping batch.
2026-05-08 04:03:01,141 - __main__ - ERROR -   Batch 1434: NaN or Inf loss detected! Skipping batch.
2026-05-08 04:03:01,212 - __main__ - ERROR -   Batch 1435: NaN or Inf loss detected! Skipping batch.
2026-05-08 04:03:01,283 - __main__ - ERROR -   Batch 1436: NaN or Inf loss detected! Skipping batch.
2026-05-08 04:03:01,355 - __main__ - ERROR -   Batch 1437: NaN or Inf loss detected! Skipping batch.
2026-05-08 04:03:01,425 - __main__ - ERROR -   Batch 1438: NaN or Inf loss detected! Skipping batch.
2026-05-08 04:03:01,489 - __main__ - ERROR -   Batch 1439: NaN or Inf loss detected! Skipping batch.
2026-05-08 04:03:01,560 - __main__ - ERROR -   Batch 1440: NaN or Inf loss detected! Skipping batch.
2026-05-08 04:03:01,631 - __main__ - ERROR -   Batch 1441: NaN or Inf loss detected! Skipping batch.
2026-05-08 04:03:01,703 - __main__ - ERROR -   Batch 1442: NaN or Inf loss detected! Skipping batch.
2026-05-08 04:03:01,763 - __main__ - ERROR -   Batch 1443: NaN or Inf loss detected! Skipping batch.
2026-05-08 04:03:01,834 - __main__ - ERROR -   Batch 1444: NaN or Inf loss detected! Skipping batch.
2026-05-08 04:03:01,905 - __main__ - ERROR -   Batch 1445: NaN or Inf loss detected! Skipping batch.
2026-05-08 04:03:01,976 - __main__ - ERROR -   Batch 1446: NaN or Inf loss detected! Skipping batch.
2026-05-08 04:03:02,048 - __main__ - ERROR -   Batch 1447: NaN or Inf loss detected! Skipping batch.
2026-05-08 04:03:02,120 - __main__ - ERROR -   Batch 1448: NaN or Inf loss detected! Skipping batch.
2026-05-08 04:03:02,192 - __main__ - ERROR -   Batch 1449: NaN or Inf loss detected! Skipping batch.
2026-05-08 04:03:02,263 - __main__ - ERROR -   Batch 1450: NaN or Inf loss detected! Skipping batch.
2026-05-08 04:03:02,334 - __main__ - ERROR -   Batch 1451: NaN or Inf loss detected! Skipping batch.
2026-05-08 04:03:02,405 - __main__ - ERROR -   Batch 1452: NaN or Inf loss detected! Skipping batch.
2026-05-08 04:03:02,476 - __main__ - ERROR -   Batch 1453: NaN or Inf loss detected! Skipping batch.
2026-05-08 04:03:02,547 - __main__ - ERROR -   Batch 1454: NaN or Inf loss detected! Skipping batch.
2026-05-08 04:03:02,619 - __main__ - ERROR -   Batch 1455: NaN or Inf loss detected! Skipping batch.
2026-05-08 04:03:02,684 - __main__ - ERROR -   Batch 1456: NaN or Inf loss detected! Skipping batch.
2026-05-08 04:03:02,755 - __main__ - ERROR -   Batch 1457: NaN or Inf loss detected! Skipping batch.
2026-05-08 04:03:02,826 - __main__ - ERROR -   Batch 1458: NaN or Inf loss detected! Skipping batch.
2026-05-08 04:03:02,897 - __main__ - ERROR -   Batch 1459: NaN or Inf loss detected! Skipping batch.
2026-05-08 04:03:02,969 - __main__ - ERROR -   Batch 1460: NaN or Inf loss detected! Skipping batch.
2026-05-08 04:03:03,033 - __main__ - ERROR -   Batch 1461: NaN or Inf loss detected! Skipping batch.
2026-05-08 04:03:03,104 - __main__ - ERROR -   Batch 1462: NaN or Inf loss detected! Skipping batch.
2026-05-08 04:03:03,175 - __main__ - ERROR -   Batch 1463: NaN or Inf loss detected! Skipping batch.
2026-05-08 04:03:03,246 - __main__ - ERROR -   Batch 1464: NaN or Inf loss detected! Skipping batch.
2026-05-08 04:03:03,318 - __main__ - ERROR -   Batch 1465: NaN or Inf loss detected! Skipping batch.
2026-05-08 04:03:03,383 - __main__ - ERROR -   Batch 1466: NaN or Inf loss detected! Skipping batch.
2026-05-08 04:03:03,454 - __main__ - ERROR -   Batch 1467: NaN or Inf loss detected! Skipping batch.
2026-05-08 04:03:03,524 - __main__ - ERROR -   Batch 1468: NaN or Inf loss detected! Skipping batch.
2026-05-08 04:03:03,595 - __main__ - ERROR -   Batch 1469: NaN or Inf loss detected! Skipping batch.
2026-05-08 04:03:03,655 - __main__ - ERROR -   Batch 1470: NaN or Inf loss detected! Skipping batch.
2026-05-08 04:03:03,726 - __main__ - ERROR -   Batch 1471: NaN or Inf loss detected! Skipping batch.
2026-05-08 04:03:03,797 - __main__ - ERROR -   Batch 1472: NaN or Inf loss detected! Skipping batch.
2026-05-08 04:03:03,868 - __main__ - ERROR -   Batch 1473: NaN or Inf loss detected! Skipping batch.
2026-05-08 04:03:03,940 - __main__ - ERROR -   Batch 1474: NaN or Inf loss detected! Skipping batch.
2026-05-08 04:03:04,012 - __main__ - ERROR -   Batch 1475: NaN or Inf loss detected! Skipping batch.
2026-05-08 04:03:04,084 - __main__ - ERROR -   Batch 1476: NaN or Inf loss detected! Skipping batch.
2026-05-08 04:03:04,155 - __main__ - ERROR -   Batch 1477: NaN or Inf loss detected! Skipping batch.
2026-05-08 04:03:04,227 - __main__ - ERROR -   Batch 1478: NaN or Inf loss detected! Skipping batch.
2026-05-08 04:03:04,296 - __main__ - ERROR -   Batch 1479: NaN or Inf loss detected! Skipping batch.
2026-05-08 04:03:04,367 - __main__ - ERROR -   Batch 1480: NaN or Inf loss detected! Skipping batch.
2026-05-08 04:03:04,437 - __main__ - ERROR -   Batch 1481: NaN or Inf loss detected! Skipping batch.
2026-05-08 04:03:04,502 - __main__ - ERROR -   Batch 1482: NaN or Inf loss detected! Skipping batch.
2026-05-08 04:03:04,574 - __main__ - ERROR -   Batch 1483: NaN or Inf loss detected! Skipping batch.
2026-05-08 04:03:04,645 - __main__ - ERROR -   Batch 1484: NaN or Inf loss detected! Skipping batch.
2026-05-08 04:03:04,716 - __main__ - ERROR -   Batch 1485: NaN or Inf loss detected! Skipping batch.
2026-05-08 04:03:04,788 - __main__ - ERROR -   Batch 1486: NaN or Inf loss detected! Skipping batch.
2026-05-08 04:03:04,859 - __main__ - ERROR -   Batch 1487: NaN or Inf loss detected! Skipping batch.
2026-05-08 04:03:04,930 - __main__ - ERROR -   Batch 1488: NaN or Inf loss detected! Skipping batch.
2026-05-08 04:03:05,001 - __main__ - ERROR -   Batch 1489: NaN or Inf loss detected! Skipping batch.
2026-05-08 04:03:05,072 - __main__ - ERROR -   Batch 1490: NaN or Inf loss detected! Skipping batch.
2026-05-08 04:03:05,143 - __main__ - ERROR -   Batch 1491: NaN or Inf loss detected! Skipping batch.
2026-05-08 04:03:05,215 - __main__ - ERROR -   Batch 1492: NaN or Inf loss detected! Skipping batch.
2026-05-08 04:03:05,286 - __main__ - ERROR -   Batch 1493: NaN or Inf loss detected! Skipping batch.
2026-05-08 04:03:05,357 - __main__ - ERROR -   Batch 1494: NaN or Inf loss detected! Skipping batch.
2026-05-08 04:03:05,428 - __main__ - ERROR -   Batch 1495: NaN or Inf loss detected! Skipping batch.
2026-05-08 04:03:05,493 - __main__ - ERROR -   Batch 1496: NaN or Inf loss detected! Skipping batch.
2026-05-08 04:03:05,564 - __main__ - ERROR -   Batch 1497: NaN or Inf loss detected! Skipping batch.
2026-05-08 04:03:05,635 - __main__ - ERROR -   Batch 1498: NaN or Inf loss detected! Skipping batch.
2026-05-08 04:03:05,706 - __main__ - ERROR -   Batch 1499: NaN or Inf loss detected! Skipping batch.
2026-05-08 04:03:05,777 - __main__ - ERROR -   Batch 1500: NaN or Inf loss detected! Skipping batch.
2026-05-08 04:03:05,848 - __main__ - ERROR -   Batch 1501: NaN or Inf loss detected! Skipping batch.
2026-05-08 04:03:05,920 - __main__ - ERROR -   Batch 1502: NaN or Inf loss detected! Skipping batch.
2026-05-08 04:03:05,991 - __main__ - ERROR -   Batch 1503: NaN or Inf loss detected! Skipping batch.
2026-05-08 04:03:06,056 - __main__ - ERROR -   Batch 1504: NaN or Inf loss detected! Skipping batch.
2026-05-08 04:03:06,460 - __main__ - ERROR -   Batch 1505: NaN or Inf loss detected! Skipping batch.
2026-05-08 04:03:06,533 - __main__ - ERROR -   Batch 1506: NaN or Inf loss detected! Skipping batch.
2026-05-08 04:03:06,604 - __main__ - ERROR -   Batch 1507: NaN or Inf loss detected! Skipping batch.
2026-05-08 04:03:06,675 - __main__ - ERROR -   Batch 1508: NaN or Inf loss detected! Skipping batch.
2026-05-08 04:03:06,747 - __main__ - ERROR -   Batch 1509: NaN or Inf loss detected! Skipping batch.
2026-05-08 04:03:06,818 - __main__ - ERROR -   Batch 1510: NaN or Inf loss detected! Skipping batch.
2026-05-08 04:03:06,889 - __main__ - ERROR -   Batch 1511: NaN or Inf loss detected! Skipping batch.
2026-05-08 04:03:06,960 - __main__ - ERROR -   Batch 1512: NaN or Inf loss detected! Skipping batch.
2026-05-08 04:03:07,025 - __main__ - ERROR -   Batch 1513: NaN or Inf loss detected! Skipping batch.
2026-05-08 04:03:07,097 - __main__ - ERROR -   Batch 1514: NaN or Inf loss detected! Skipping batch.
2026-05-08 04:03:07,167 - __main__ - ERROR -   Batch 1515: NaN or Inf loss detected! Skipping batch.
2026-05-08 04:03:07,239 - __main__ - ERROR -   Batch 1516: NaN or Inf loss detected! Skipping batch.
2026-05-08 04:03:07,311 - __main__ - ERROR -   Batch 1517: NaN or Inf loss detected! Skipping batch.
2026-05-08 04:03:07,383 - __main__ - ERROR -   Batch 1518: NaN or Inf loss detected! Skipping batch.
2026-05-08 04:03:07,453 - __main__ - ERROR -   Batch 1519: NaN or Inf loss detected! Skipping batch.
2026-05-08 04:03:07,524 - __main__ - ERROR -   Batch 1520: NaN or Inf loss detected! Skipping batch.
2026-05-08 04:03:07,588 - __main__ - ERROR -   Batch 1521: NaN or Inf loss detected! Skipping batch.
2026-05-08 04:03:07,652 - __main__ - ERROR -   Batch 1522: NaN or Inf loss detected! Skipping batch.
2026-05-08 04:03:07,717 - __main__ - ERROR -   Batch 1523: NaN or Inf loss detected! Skipping batch.
2026-05-08 04:03:07,787 - __main__ - ERROR -   Batch 1524: NaN or Inf loss detected! Skipping batch.
2026-05-08 04:03:07,858 - __main__ - ERROR -   Batch 1525: NaN or Inf loss detected! Skipping batch.
2026-05-08 04:03:07,929 - __main__ - ERROR -   Batch 1526: NaN or Inf loss detected! Skipping batch.
2026-05-08 04:03:08,001 - __main__ - ERROR -   Batch 1527: NaN or Inf loss detected! Skipping batch.
2026-05-08 04:03:08,071 - __main__ - ERROR -   Batch 1528: NaN or Inf loss detected! Skipping batch.
2026-05-08 04:03:08,142 - __main__ - ERROR -   Batch 1529: NaN or Inf loss detected! Skipping batch.
2026-05-08 04:03:08,215 - __main__ - ERROR -   Batch 1530: NaN or Inf loss detected! Skipping batch.
2026-05-08 04:03:08,286 - __main__ - ERROR -   Batch 1531: NaN or Inf loss detected! Skipping batch.
2026-05-08 04:03:08,358 - __main__ - ERROR -   Batch 1532: NaN or Inf loss detected! Skipping batch.
2026-05-08 04:03:08,428 - __main__ - ERROR -   Batch 1533: NaN or Inf loss detected! Skipping batch.
2026-05-08 04:03:08,498 - __main__ - ERROR -   Batch 1534: NaN or Inf loss detected! Skipping batch.
2026-05-08 04:03:08,569 - __main__ - ERROR -   Batch 1535: NaN or Inf loss detected! Skipping batch.
2026-05-08 04:03:08,641 - __main__ - ERROR -   Batch 1536: NaN or Inf loss detected! Skipping batch.
2026-05-08 04:03:08,713 - __main__ - ERROR -   Batch 1537: NaN or Inf loss detected! Skipping batch.
2026-05-08 04:03:08,784 - __main__ - ERROR -   Batch 1538: NaN or Inf loss detected! Skipping batch.
2026-05-08 04:03:08,855 - __main__ - ERROR -   Batch 1539: NaN or Inf loss detected! Skipping batch.
2026-05-08 04:03:08,926 - __main__ - ERROR -   Batch 1540: NaN or Inf loss detected! Skipping batch.
2026-05-08 04:03:08,998 - __main__ - ERROR -   Batch 1541: NaN or Inf loss detected! Skipping batch.
2026-05-08 04:03:09,069 - __main__ - ERROR -   Batch 1542: NaN or Inf loss detected! Skipping batch.
2026-05-08 04:03:09,141 - __main__ - ERROR -   Batch 1543: NaN or Inf loss detected! Skipping batch.
2026-05-08 04:03:09,212 - __main__ - ERROR -   Batch 1544: NaN or Inf loss detected! Skipping batch.
2026-05-08 04:03:09,283 - __main__ - ERROR -   Batch 1545: NaN or Inf loss detected! Skipping batch.
2026-05-08 04:03:09,355 - __main__ - ERROR -   Batch 1546: NaN or Inf loss detected! Skipping batch.
2026-05-08 04:03:09,425 - __main__ - ERROR -   Batch 1547: NaN or Inf loss detected! Skipping batch.
2026-05-08 04:03:09,497 - __main__ - ERROR -   Batch 1548: NaN or Inf loss detected! Skipping batch.
2026-05-08 04:03:09,568 - __main__ - ERROR -   Batch 1549: NaN or Inf loss detected! Skipping batch.
2026-05-08 04:03:09,632 - __main__ - ERROR -   Batch 1550: NaN or Inf loss detected! Skipping batch.
2026-05-08 04:03:09,703 - __main__ - ERROR -   Batch 1551: NaN or Inf loss detected! Skipping batch.
2026-05-08 04:03:09,773 - __main__ - ERROR -   Batch 1552: NaN or Inf loss detected! Skipping batch.
2026-05-08 04:03:09,845 - __main__ - ERROR -   Batch 1553: NaN or Inf loss detected! Skipping batch.
2026-05-08 04:03:09,916 - __main__ - ERROR -   Batch 1554: NaN or Inf loss detected! Skipping batch.
2026-05-08 04:03:09,988 - __main__ - ERROR -   Batch 1555: NaN or Inf loss detected! Skipping batch.
2026-05-08 04:03:10,060 - __main__ - ERROR -   Batch 1556: NaN or Inf loss detected! Skipping batch.
2026-05-08 04:03:10,130 - __main__ - ERROR -   Batch 1557: NaN or Inf loss detected! Skipping batch.
2026-05-08 04:03:10,200 - __main__ - ERROR -   Batch 1558: NaN or Inf loss detected! Skipping batch.
2026-05-08 04:03:10,270 - __main__ - ERROR -   Batch 1559: NaN or Inf loss detected! Skipping batch.
2026-05-08 04:03:10,339 - __main__ - ERROR -   Batch 1560: NaN or Inf loss detected! Skipping batch.
2026-05-08 04:03:10,409 - __main__ - ERROR -   Batch 1561: NaN or Inf loss detected! Skipping batch.
2026-05-08 04:03:10,473 - __main__ - ERROR -   Batch 1562: NaN or Inf loss detected! Skipping batch.
2026-05-08 04:03:10,543 - __main__ - ERROR -   Batch 1563: NaN or Inf loss detected! Skipping batch.
2026-05-08 04:03:10,614 - __main__ - ERROR -   Batch 1564: NaN or Inf loss detected! Skipping batch.
2026-05-08 04:03:10,685 - __main__ - ERROR -   Batch 1565: NaN or Inf loss detected! Skipping batch.
2026-05-08 04:03:10,757 - __main__ - ERROR -   Batch 1566: NaN or Inf loss detected! Skipping batch.
2026-05-08 04:03:10,826 - __main__ - ERROR -   Batch 1567: NaN or Inf loss detected! Skipping batch.
2026-05-08 04:03:10,885 - __main__ - ERROR -   Batch 1568: NaN or Inf loss detected! Skipping batch.
2026-05-08 04:03:10,956 - __main__ - ERROR -   Batch 1569: NaN or Inf loss detected! Skipping batch.
2026-05-08 04:03:11,027 - __main__ - ERROR -   Batch 1570: NaN or Inf loss detected! Skipping batch.
2026-05-08 04:03:11,099 - __main__ - ERROR -   Batch 1571: NaN or Inf loss detected! Skipping batch.
2026-05-08 04:03:11,171 - __main__ - ERROR -   Batch 1572: NaN or Inf loss detected! Skipping batch.
2026-05-08 04:03:11,242 - __main__ - ERROR -   Batch 1573: NaN or Inf loss detected! Skipping batch.
2026-05-08 04:03:11,313 - __main__ - ERROR -   Batch 1574: NaN or Inf loss detected! Skipping batch.
2026-05-08 04:03:11,384 - __main__ - ERROR -   Batch 1575: NaN or Inf loss detected! Skipping batch.
2026-05-08 04:03:11,454 - __main__ - ERROR -   Batch 1576: NaN or Inf loss detected! Skipping batch.
2026-05-08 04:03:11,524 - __main__ - ERROR -   Batch 1577: NaN or Inf loss detected! Skipping batch.
2026-05-08 04:03:11,595 - __main__ - ERROR -   Batch 1578: NaN or Inf loss detected! Skipping batch.
2026-05-08 04:03:11,665 - __main__ - ERROR -   Batch 1579: NaN or Inf loss detected! Skipping batch.
2026-05-08 04:03:11,737 - __main__ - ERROR -   Batch 1580: NaN or Inf loss detected! Skipping batch.
2026-05-08 04:03:11,808 - __main__ - ERROR -   Batch 1581: NaN or Inf loss detected! Skipping batch.
2026-05-08 04:03:11,880 - __main__ - ERROR -   Batch 1582: NaN or Inf loss detected! Skipping batch.
2026-05-08 04:03:11,951 - __main__ - ERROR -   Batch 1583: NaN or Inf loss detected! Skipping batch.
2026-05-08 04:03:12,017 - __main__ - ERROR -   Batch 1584: NaN or Inf loss detected! Skipping batch.
2026-05-08 04:03:12,088 - __main__ - ERROR -   Batch 1585: NaN or Inf loss detected! Skipping batch.
2026-05-08 04:03:12,159 - __main__ - ERROR -   Batch 1586: NaN or Inf loss detected! Skipping batch.
2026-05-08 04:03:12,230 - __main__ - ERROR -   Batch 1587: NaN or Inf loss detected! Skipping batch.
2026-05-08 04:03:12,302 - __main__ - ERROR -   Batch 1588: NaN or Inf loss detected! Skipping batch.
2026-05-08 04:03:12,374 - __main__ - ERROR -   Batch 1589: NaN or Inf loss detected! Skipping batch.
2026-05-08 04:03:12,446 - __main__ - ERROR -   Batch 1590: NaN or Inf loss detected! Skipping batch.
2026-05-08 04:03:12,517 - __main__ - ERROR -   Batch 1591: NaN or Inf loss detected! Skipping batch.
2026-05-08 04:03:12,590 - __main__ - ERROR -   Batch 1592: NaN or Inf loss detected! Skipping batch.
2026-05-08 04:03:12,660 - __main__ - ERROR -   Batch 1593: NaN or Inf loss detected! Skipping batch.
2026-05-08 04:03:12,731 - __main__ - ERROR -   Batch 1594: NaN or Inf loss detected! Skipping batch.
2026-05-08 04:03:12,801 - __main__ - ERROR -   Batch 1595: NaN or Inf loss detected! Skipping batch.
2026-05-08 04:03:12,872 - __main__ - ERROR -   Batch 1596: NaN or Inf loss detected! Skipping batch.
2026-05-08 04:03:12,942 - __main__ - ERROR -   Batch 1597: NaN or Inf loss detected! Skipping batch.
2026-05-08 04:03:13,013 - __main__ - ERROR -   Batch 1598: NaN or Inf loss detected! Skipping batch.
2026-05-08 04:03:13,083 - __main__ - ERROR -   Batch 1599: NaN or Inf loss detected! Skipping batch.
2026-05-08 04:03:13,154 - __main__ - ERROR -   Batch 1600: NaN or Inf loss detected! Skipping batch.
2026-05-08 04:03:13,224 - __main__ - ERROR -   Batch 1601: NaN or Inf loss detected! Skipping batch.
2026-05-08 04:03:13,295 - __main__ - ERROR -   Batch 1602: NaN or Inf loss detected! Skipping batch.
2026-05-08 04:03:13,365 - __main__ - ERROR -   Batch 1603: NaN or Inf loss detected! Skipping batch.
2026-05-08 04:03:13,435 - __main__ - ERROR -   Batch 1604: NaN or Inf loss detected! Skipping batch.
2026-05-08 04:03:13,505 - __main__ - ERROR -   Batch 1605: NaN or Inf loss detected! Skipping batch.
2026-05-08 04:03:13,576 - __main__ - ERROR -   Batch 1606: NaN or Inf loss detected! Skipping batch.
2026-05-08 04:03:13,646 - __main__ - ERROR -   Batch 1607: NaN or Inf loss detected! Skipping batch.
2026-05-08 04:03:13,716 - __main__ - ERROR -   Batch 1608: NaN or Inf loss detected! Skipping batch.
2026-05-08 04:03:13,787 - __main__ - ERROR -   Batch 1609: NaN or Inf loss detected! Skipping batch.
2026-05-08 04:03:13,857 - __main__ - ERROR -   Batch 1610: NaN or Inf loss detected! Skipping batch.
2026-05-08 04:03:13,927 - __main__ - ERROR -   Batch 1611: NaN or Inf loss detected! Skipping batch.
2026-05-08 04:03:13,998 - __main__ - ERROR -   Batch 1612: NaN or Inf loss detected! Skipping batch.
2026-05-08 04:03:14,068 - __main__ - ERROR -   Batch 1613: NaN or Inf loss detected! Skipping batch.
2026-05-08 04:03:14,139 - __main__ - ERROR -   Batch 1614: NaN or Inf loss detected! Skipping batch.
2026-05-08 04:03:14,209 - __main__ - ERROR -   Batch 1615: NaN or Inf loss detected! Skipping batch.
2026-05-08 04:03:14,280 - __main__ - ERROR -   Batch 1616: NaN or Inf loss detected! Skipping batch.
2026-05-08 04:03:14,350 - __main__ - ERROR -   Batch 1617: NaN or Inf loss detected! Skipping batch.
2026-05-08 04:03:14,421 - __main__ - ERROR -   Batch 1618: NaN or Inf loss detected! Skipping batch.
2026-05-08 04:03:14,491 - __main__ - ERROR -   Batch 1619: NaN or Inf loss detected! Skipping batch.
2026-05-08 04:03:14,561 - __main__ - ERROR -   Batch 1620: NaN or Inf loss detected! Skipping batch.
2026-05-08 04:03:14,897 - __main__ - ERROR -   Batch 1621: NaN or Inf loss detected! Skipping batch.
2026-05-08 04:03:14,968 - __main__ - ERROR -   Batch 1622: NaN or Inf loss detected! Skipping batch.
2026-05-08 04:03:15,039 - __main__ - ERROR -   Batch 1623: NaN or Inf loss detected! Skipping batch.
2026-05-08 04:03:15,110 - __main__ - ERROR -   Batch 1624: NaN or Inf loss detected! Skipping batch.
2026-05-08 04:03:15,180 - __main__ - ERROR -   Batch 1625: NaN or Inf loss detected! Skipping batch.
2026-05-08 04:03:15,251 - __main__ - ERROR -   Batch 1626: NaN or Inf loss detected! Skipping batch.
2026-05-08 04:03:15,321 - __main__ - ERROR -   Batch 1627: NaN or Inf loss detected! Skipping batch.
2026-05-08 04:03:15,391 - __main__ - ERROR -   Batch 1628: NaN or Inf loss detected! Skipping batch.
2026-05-08 04:03:15,461 - __main__ - ERROR -   Batch 1629: NaN or Inf loss detected! Skipping batch.
2026-05-08 04:03:15,532 - __main__ - ERROR -   Batch 1630: NaN or Inf loss detected! Skipping batch.
2026-05-08 04:03:15,602 - __main__ - ERROR -   Batch 1631: NaN or Inf loss detected! Skipping batch.
2026-05-08 04:03:15,673 - __main__ - ERROR -   Batch 1632: NaN or Inf loss detected! Skipping batch.
2026-05-08 04:03:15,743 - __main__ - ERROR -   Batch 1633: NaN or Inf loss detected! Skipping batch.
2026-05-08 04:03:15,813 - __main__ - ERROR -   Batch 1634: NaN or Inf loss detected! Skipping batch.
2026-05-08 04:03:15,883 - __main__ - ERROR -   Batch 1635: NaN or Inf loss detected! Skipping batch.
2026-05-08 04:03:15,948 - __main__ - ERROR -   Batch 1636: NaN or Inf loss detected! Skipping batch.
2026-05-08 04:03:16,019 - __main__ - ERROR -   Batch 1637: NaN or Inf loss detected! Skipping batch.
2026-05-08 04:03:16,090 - __main__ - ERROR -   Batch 1638: NaN or Inf loss detected! Skipping batch.
2026-05-08 04:03:16,161 - __main__ - ERROR -   Batch 1639: NaN or Inf loss detected! Skipping batch.
2026-05-08 04:03:16,232 - __main__ - ERROR -   Batch 1640: NaN or Inf loss detected! Skipping batch.
2026-05-08 04:03:16,304 - __main__ - ERROR -   Batch 1641: NaN or Inf loss detected! Skipping batch.
2026-05-08 04:03:16,375 - __main__ - ERROR -   Batch 1642: NaN or Inf loss detected! Skipping batch.
2026-05-08 04:03:16,446 - __main__ - ERROR -   Batch 1643: NaN or Inf loss detected! Skipping batch.
2026-05-08 04:03:16,518 - __main__ - ERROR -   Batch 1644: NaN or Inf loss detected! Skipping batch.
2026-05-08 04:03:16,589 - __main__ - ERROR -   Batch 1645: NaN or Inf loss detected! Skipping batch.
2026-05-08 04:03:16,660 - __main__ - ERROR -   Batch 1646: NaN or Inf loss detected! Skipping batch.
2026-05-08 04:03:16,731 - __main__ - ERROR -   Batch 1647: NaN or Inf loss detected! Skipping batch.
2026-05-08 04:03:16,802 - __main__ - ERROR -   Batch 1648: NaN or Inf loss detected! Skipping batch.
2026-05-08 04:03:16,873 - __main__ - ERROR -   Batch 1649: NaN or Inf loss detected! Skipping batch.
2026-05-08 04:03:16,945 - __main__ - ERROR -   Batch 1650: NaN or Inf loss detected! Skipping batch.
2026-05-08 04:03:17,016 - __main__ - ERROR -   Batch 1651: NaN or Inf loss detected! Skipping batch.
2026-05-08 04:03:17,087 - __main__ - ERROR -   Batch 1652: NaN or Inf loss detected! Skipping batch.
2026-05-08 04:03:17,157 - __main__ - ERROR -   Batch 1653: NaN or Inf loss detected! Skipping batch.
2026-05-08 04:03:17,229 - __main__ - ERROR -   Batch 1654: NaN or Inf loss detected! Skipping batch.
2026-05-08 04:03:17,293 - __main__ - ERROR -   Batch 1655: NaN or Inf loss detected! Skipping batch.
2026-05-08 04:03:17,365 - __main__ - ERROR -   Batch 1656: NaN or Inf loss detected! Skipping batch.
2026-05-08 04:03:17,436 - __main__ - ERROR -   Batch 1657: NaN or Inf loss detected! Skipping batch.
2026-05-08 04:03:17,500 - __main__ - ERROR -   Batch 1658: NaN or Inf loss detected! Skipping batch.
2026-05-08 04:03:17,571 - __main__ - ERROR -   Batch 1659: NaN or Inf loss detected! Skipping batch.
2026-05-08 04:03:17,641 - __main__ - ERROR -   Batch 1660: NaN or Inf loss detected! Skipping batch.
2026-05-08 04:03:17,712 - __main__ - ERROR -   Batch 1661: NaN or Inf loss detected! Skipping batch.
2026-05-08 04:03:17,783 - __main__ - ERROR -   Batch 1662: NaN or Inf loss detected! Skipping batch.
2026-05-08 04:03:17,855 - __main__ - ERROR -   Batch 1663: NaN or Inf loss detected! Skipping batch.
2026-05-08 04:03:17,919 - __main__ - ERROR -   Batch 1664: NaN or Inf loss detected! Skipping batch.
2026-05-08 04:03:17,991 - __main__ - ERROR -   Batch 1665: NaN or Inf loss detected! Skipping batch.
2026-05-08 04:03:18,063 - __main__ - ERROR -   Batch 1666: NaN or Inf loss detected! Skipping batch.
2026-05-08 04:03:18,134 - __main__ - ERROR -   Batch 1667: NaN or Inf loss detected! Skipping batch.
2026-05-08 04:03:18,199 - __main__ - ERROR -   Batch 1668: NaN or Inf loss detected! Skipping batch.
2026-05-08 04:03:18,270 - __main__ - ERROR -   Batch 1669: NaN or Inf loss detected! Skipping batch.
2026-05-08 04:03:18,340 - __main__ - ERROR -   Batch 1670: NaN or Inf loss detected! Skipping batch.
2026-05-08 04:03:18,411 - __main__ - ERROR -   Batch 1671: NaN or Inf loss detected! Skipping batch.
2026-05-08 04:03:18,476 - __main__ - ERROR -   Batch 1672: NaN or Inf loss detected! Skipping batch.
2026-05-08 04:03:18,547 - __main__ - ERROR -   Batch 1673: NaN or Inf loss detected! Skipping batch.
2026-05-08 04:03:18,618 - __main__ - ERROR -   Batch 1674: NaN or Inf loss detected! Skipping batch.
2026-05-08 04:03:18,682 - __main__ - ERROR -   Batch 1675: NaN or Inf loss detected! Skipping batch.
2026-05-08 04:03:18,753 - __main__ - ERROR -   Batch 1676: NaN or Inf loss detected! Skipping batch.
2026-05-08 04:03:18,808 - __main__ - ERROR -   Batch 1677: NaN or Inf loss detected! Skipping batch.
2026-05-08 04:03:18,879 - __main__ - ERROR -   Batch 1678: NaN or Inf loss detected! Skipping batch.
2026-05-08 04:03:18,949 - __main__ - ERROR -   Batch 1679: NaN or Inf loss detected! Skipping batch.
2026-05-08 04:03:19,020 - __main__ - ERROR -   Batch 1680: NaN or Inf loss detected! Skipping batch.
2026-05-08 04:03:19,090 - __main__ - ERROR -   Batch 1681: NaN or Inf loss detected! Skipping batch.
2026-05-08 04:03:19,162 - __main__ - ERROR -   Batch 1682: NaN or Inf loss detected! Skipping batch.
2026-05-08 04:03:19,233 - __main__ - ERROR -   Batch 1683: NaN or Inf loss detected! Skipping batch.
2026-05-08 04:03:19,306 - __main__ - ERROR -   Batch 1684: NaN or Inf loss detected! Skipping batch.
2026-05-08 04:03:19,378 - __main__ - ERROR -   Batch 1685: NaN or Inf loss detected! Skipping batch.
2026-05-08 04:03:19,450 - __main__ - ERROR -   Batch 1686: NaN or Inf loss detected! Skipping batch.
2026-05-08 04:03:19,520 - __main__ - ERROR -   Batch 1687: NaN or Inf loss detected! Skipping batch.
2026-05-08 04:03:19,591 - __main__ - ERROR -   Batch 1688: NaN or Inf loss detected! Skipping batch.
2026-05-08 04:03:19,661 - __main__ - ERROR -   Batch 1689: NaN or Inf loss detected! Skipping batch.
2026-05-08 04:03:19,734 - __main__ - ERROR -   Batch 1690: NaN or Inf loss detected! Skipping batch.
2026-05-08 04:03:19,806 - __main__ - ERROR -   Batch 1691: NaN or Inf loss detected! Skipping batch.
2026-05-08 04:03:19,876 - __main__ - ERROR -   Batch 1692: NaN or Inf loss detected! Skipping batch.
2026-05-08 04:03:19,946 - __main__ - ERROR -   Batch 1693: NaN or Inf loss detected! Skipping batch.
2026-05-08 04:03:20,017 - __main__ - ERROR -   Batch 1694: NaN or Inf loss detected! Skipping batch.
2026-05-08 04:03:20,088 - __main__ - ERROR -   Batch 1695: NaN or Inf loss detected! Skipping batch.
2026-05-08 04:03:20,160 - __main__ - ERROR -   Batch 1696: NaN or Inf loss detected! Skipping batch.
2026-05-08 04:03:20,232 - __main__ - ERROR -   Batch 1697: NaN or Inf loss detected! Skipping batch.
2026-05-08 04:03:20,304 - __main__ - ERROR -   Batch 1698: NaN or Inf loss detected! Skipping batch.
2026-05-08 04:03:20,375 - __main__ - ERROR -   Batch 1699: NaN or Inf loss detected! Skipping batch.
2026-05-08 04:03:20,447 - __main__ - ERROR -   Batch 1700: NaN or Inf loss detected! Skipping batch.
2026-05-08 04:03:20,518 - __main__ - ERROR -   Batch 1701: NaN or Inf loss detected! Skipping batch.
2026-05-08 04:03:20,590 - __main__ - ERROR -   Batch 1702: NaN or Inf loss detected! Skipping batch.
2026-05-08 04:03:20,661 - __main__ - ERROR -   Batch 1703: NaN or Inf loss detected! Skipping batch.
2026-05-08 04:03:20,726 - __main__ - ERROR -   Batch 1704: NaN or Inf loss detected! Skipping batch.
2026-05-08 04:03:20,797 - __main__ - ERROR -   Batch 1705: NaN or Inf loss detected! Skipping batch.
2026-05-08 04:03:20,868 - __main__ - ERROR -   Batch 1706: NaN or Inf loss detected! Skipping batch.
2026-05-08 04:03:20,939 - __main__ - ERROR -   Batch 1707: NaN or Inf loss detected! Skipping batch.
2026-05-08 04:03:21,010 - __main__ - ERROR -   Batch 1708: NaN or Inf loss detected! Skipping batch.
2026-05-08 04:03:21,081 - __main__ - ERROR -   Batch 1709: NaN or Inf loss detected! Skipping batch.
2026-05-08 04:03:21,153 - __main__ - ERROR -   Batch 1710: NaN or Inf loss detected! Skipping batch.
2026-05-08 04:03:21,225 - __main__ - ERROR -   Batch 1711: NaN or Inf loss detected! Skipping batch.
2026-05-08 04:03:21,296 - __main__ - ERROR -   Batch 1712: NaN or Inf loss detected! Skipping batch.
2026-05-08 04:03:21,367 - __main__ - ERROR -   Batch 1713: NaN or Inf loss detected! Skipping batch.
2026-05-08 04:03:21,439 - __main__ - ERROR -   Batch 1714: NaN or Inf loss detected! Skipping batch.
2026-05-08 04:03:21,509 - __main__ - ERROR -   Batch 1715: NaN or Inf loss detected! Skipping batch.
2026-05-08 04:03:21,581 - __main__ - ERROR -   Batch 1716: NaN or Inf loss detected! Skipping batch.
2026-05-08 04:03:21,652 - __main__ - ERROR -   Batch 1717: NaN or Inf loss detected! Skipping batch.
2026-05-08 04:03:21,724 - __main__ - ERROR -   Batch 1718: NaN or Inf loss detected! Skipping batch.
2026-05-08 04:03:21,793 - __main__ - ERROR -   Batch 1719: NaN or Inf loss detected! Skipping batch.
2026-05-08 04:03:21,863 - __main__ - ERROR -   Batch 1720: NaN or Inf loss detected! Skipping batch.
2026-05-08 04:03:21,933 - __main__ - ERROR -   Batch 1721: NaN or Inf loss detected! Skipping batch.
2026-05-08 04:03:22,003 - __main__ - ERROR -   Batch 1722: NaN or Inf loss detected! Skipping batch.
2026-05-08 04:03:22,072 - __main__ - ERROR -   Batch 1723: NaN or Inf loss detected! Skipping batch.
2026-05-08 04:03:22,142 - __main__ - ERROR -   Batch 1724: NaN or Inf loss detected! Skipping batch.
2026-05-08 04:03:22,212 - __main__ - ERROR -   Batch 1725: NaN or Inf loss detected! Skipping batch.
2026-05-08 04:03:22,282 - __main__ - ERROR -   Batch 1726: NaN or Inf loss detected! Skipping batch.
2026-05-08 04:03:22,352 - __main__ - ERROR -   Batch 1727: NaN or Inf loss detected! Skipping batch.
2026-05-08 04:03:22,422 - __main__ - ERROR -   Batch 1728: NaN or Inf loss detected! Skipping batch.
2026-05-08 04:03:22,488 - __main__ - ERROR -   Batch 1729: NaN or Inf loss detected! Skipping batch.
2026-05-08 04:03:22,559 - __main__ - ERROR -   Batch 1730: NaN or Inf loss detected! Skipping batch.
2026-05-08 04:03:22,624 - __main__ - ERROR -   Batch 1731: NaN or Inf loss detected! Skipping batch.
2026-05-08 04:03:22,695 - __main__ - ERROR -   Batch 1732: NaN or Inf loss detected! Skipping batch.
2026-05-08 04:03:22,766 - __main__ - ERROR -   Batch 1733: NaN or Inf loss detected! Skipping batch.
2026-05-08 04:03:22,838 - __main__ - ERROR -   Batch 1734: NaN or Inf loss detected! Skipping batch.
2026-05-08 04:03:22,903 - __main__ - ERROR -   Batch 1735: NaN or Inf loss detected! Skipping batch.
2026-05-08 04:03:22,974 - __main__ - ERROR -   Batch 1736: NaN or Inf loss detected! Skipping batch.
2026-05-08 04:03:23,047 - __main__ - ERROR -   Batch 1737: NaN or Inf loss detected! Skipping batch.
2026-05-08 04:03:23,119 - __main__ - ERROR -   Batch 1738: NaN or Inf loss detected! Skipping batch.
2026-05-08 04:03:23,190 - __main__ - ERROR -   Batch 1739: NaN or Inf loss detected! Skipping batch.
2026-05-08 04:03:23,255 - __main__ - ERROR -   Batch 1740: NaN or Inf loss detected! Skipping batch.
2026-05-08 04:03:23,616 - __main__ - ERROR -   Batch 1741: NaN or Inf loss detected! Skipping batch.
2026-05-08 04:03:23,687 - __main__ - ERROR -   Batch 1742: NaN or Inf loss detected! Skipping batch.
2026-05-08 04:03:23,758 - __main__ - ERROR -   Batch 1743: NaN or Inf loss detected! Skipping batch.
2026-05-08 04:03:23,829 - __main__ - ERROR -   Batch 1744: NaN or Inf loss detected! Skipping batch.
2026-05-08 04:03:23,900 - __main__ - ERROR -   Batch 1745: NaN or Inf loss detected! Skipping batch.
2026-05-08 04:03:23,972 - __main__ - ERROR -   Batch 1746: NaN or Inf loss detected! Skipping batch.
2026-05-08 04:03:24,043 - __main__ - ERROR -   Batch 1747: NaN or Inf loss detected! Skipping batch.
2026-05-08 04:03:24,115 - __main__ - ERROR -   Batch 1748: NaN or Inf loss detected! Skipping batch.
2026-05-08 04:03:24,188 - __main__ - ERROR -   Batch 1749: NaN or Inf loss detected! Skipping batch.
2026-05-08 04:03:24,260 - __main__ - ERROR -   Batch 1750: NaN or Inf loss detected! Skipping batch.
2026-05-08 04:03:24,325 - __main__ - ERROR -   Batch 1751: NaN or Inf loss detected! Skipping batch.
2026-05-08 04:03:24,396 - __main__ - ERROR -   Batch 1752: NaN or Inf loss detected! Skipping batch.
2026-05-08 04:03:24,467 - __main__ - ERROR -   Batch 1753: NaN or Inf loss detected! Skipping batch.
2026-05-08 04:03:24,539 - __main__ - ERROR -   Batch 1754: NaN or Inf loss detected! Skipping batch.
2026-05-08 04:03:24,611 - __main__ - ERROR -   Batch 1755: NaN or Inf loss detected! Skipping batch.
2026-05-08 04:03:24,682 - __main__ - ERROR -   Batch 1756: NaN or Inf loss detected! Skipping batch.
2026-05-08 04:03:24,753 - __main__ - ERROR -   Batch 1757: NaN or Inf loss detected! Skipping batch.
2026-05-08 04:03:24,825 - __main__ - ERROR -   Batch 1758: NaN or Inf loss detected! Skipping batch.
2026-05-08 04:03:24,897 - __main__ - ERROR -   Batch 1759: NaN or Inf loss detected! Skipping batch.
2026-05-08 04:03:24,966 - __main__ - ERROR -   Batch 1760: NaN or Inf loss detected! Skipping batch.
2026-05-08 04:03:25,036 - __main__ - ERROR -   Batch 1761: NaN or Inf loss detected! Skipping batch.
2026-05-08 04:03:25,106 - __main__ - ERROR -   Batch 1762: NaN or Inf loss detected! Skipping batch.
2026-05-08 04:03:25,176 - __main__ - ERROR -   Batch 1763: NaN or Inf loss detected! Skipping batch.
2026-05-08 04:03:25,247 - __main__ - ERROR -   Batch 1764: NaN or Inf loss detected! Skipping batch.
2026-05-08 04:03:25,319 - __main__ - ERROR -   Batch 1765: NaN or Inf loss detected! Skipping batch.
2026-05-08 04:03:25,391 - __main__ - ERROR -   Batch 1766: NaN or Inf loss detected! Skipping batch.
2026-05-08 04:03:25,462 - __main__ - ERROR -   Batch 1767: NaN or Inf loss detected! Skipping batch.
2026-05-08 04:03:25,533 - __main__ - ERROR -   Batch 1768: NaN or Inf loss detected! Skipping batch.
2026-05-08 04:03:25,605 - __main__ - ERROR -   Batch 1769: NaN or Inf loss detected! Skipping batch.
2026-05-08 04:03:25,675 - __main__ - ERROR -   Batch 1770: NaN or Inf loss detected! Skipping batch.
2026-05-08 04:03:25,746 - __main__ - ERROR -   Batch 1771: NaN or Inf loss detected! Skipping batch.
2026-05-08 04:03:25,818 - __main__ - ERROR -   Batch 1772: NaN or Inf loss detected! Skipping batch.
2026-05-08 04:03:25,888 - __main__ - ERROR -   Batch 1773: NaN or Inf loss detected! Skipping batch.
2026-05-08 04:03:25,960 - __main__ - ERROR -   Batch 1774: NaN or Inf loss detected! Skipping batch.
2026-05-08 04:03:26,031 - __main__ - ERROR -   Batch 1775: NaN or Inf loss detected! Skipping batch.
2026-05-08 04:03:26,103 - __main__ - ERROR -   Batch 1776: NaN or Inf loss detected! Skipping batch.
2026-05-08 04:03:26,173 - __main__ - ERROR -   Batch 1777: NaN or Inf loss detected! Skipping batch.
2026-05-08 04:03:26,238 - __main__ - ERROR -   Batch 1778: NaN or Inf loss detected! Skipping batch.
2026-05-08 04:03:26,298 - __main__ - ERROR -   Batch 1779: NaN or Inf loss detected! Skipping batch.
2026-05-08 04:03:26,368 - __main__ - ERROR -   Batch 1780: NaN or Inf loss detected! Skipping batch.
2026-05-08 04:03:26,439 - __main__ - ERROR -   Batch 1781: NaN or Inf loss detected! Skipping batch.
2026-05-08 04:03:26,504 - __main__ - ERROR -   Batch 1782: NaN or Inf loss detected! Skipping batch.
2026-05-08 04:03:26,576 - __main__ - ERROR -   Batch 1783: NaN or Inf loss detected! Skipping batch.
2026-05-08 04:03:26,647 - __main__ - ERROR -   Batch 1784: NaN or Inf loss detected! Skipping batch.
2026-05-08 04:03:26,712 - __main__ - ERROR -   Batch 1785: NaN or Inf loss detected! Skipping batch.
2026-05-08 04:03:26,783 - __main__ - ERROR -   Batch 1786: NaN or Inf loss detected! Skipping batch.
2026-05-08 04:03:26,853 - __main__ - ERROR -   Batch 1787: NaN or Inf loss detected! Skipping batch.
2026-05-08 04:03:26,924 - __main__ - ERROR -   Batch 1788: NaN or Inf loss detected! Skipping batch.
2026-05-08 04:03:26,995 - __main__ - ERROR -   Batch 1789: NaN or Inf loss detected! Skipping batch.
2026-05-08 04:03:27,067 - __main__ - ERROR -   Batch 1790: NaN or Inf loss detected! Skipping batch.
2026-05-08 04:03:27,138 - __main__ - ERROR -   Batch 1791: NaN or Inf loss detected! Skipping batch.
2026-05-08 04:03:27,209 - __main__ - ERROR -   Batch 1792: NaN or Inf loss detected! Skipping batch.
2026-05-08 04:03:27,280 - __main__ - ERROR -   Batch 1793: NaN or Inf loss detected! Skipping batch.
2026-05-08 04:03:27,351 - __main__ - ERROR -   Batch 1794: NaN or Inf loss detected! Skipping batch.
2026-05-08 04:03:27,422 - __main__ - ERROR -   Batch 1795: NaN or Inf loss detected! Skipping batch.
2026-05-08 04:03:27,493 - __main__ - ERROR -   Batch 1796: NaN or Inf loss detected! Skipping batch.
2026-05-08 04:03:27,552 - __main__ - ERROR -   Batch 1797: NaN or Inf loss detected! Skipping batch.
2026-05-08 04:03:27,623 - __main__ - ERROR -   Batch 1798: NaN or Inf loss detected! Skipping batch.
2026-05-08 04:03:27,694 - __main__ - ERROR -   Batch 1799: NaN or Inf loss detected! Skipping batch.
2026-05-08 04:03:27,766 - __main__ - ERROR -   Batch 1800: NaN or Inf loss detected! Skipping batch.
2026-05-08 04:03:27,838 - __main__ - ERROR -   Batch 1801: NaN or Inf loss detected! Skipping batch.
2026-05-08 04:03:27,908 - __main__ - ERROR -   Batch 1802: NaN or Inf loss detected! Skipping batch.
2026-05-08 04:03:27,979 - __main__ - ERROR -   Batch 1803: NaN or Inf loss detected! Skipping batch.
2026-05-08 04:03:28,044 - __main__ - ERROR -   Batch 1804: NaN or Inf loss detected! Skipping batch.
2026-05-08 04:03:28,109 - __main__ - ERROR -   Batch 1805: NaN or Inf loss detected! Skipping batch.
2026-05-08 04:03:28,180 - __main__ - ERROR -   Batch 1806: NaN or Inf loss detected! Skipping batch.
2026-05-08 04:03:28,251 - __main__ - ERROR -   Batch 1807: NaN or Inf loss detected! Skipping batch.
2026-05-08 04:03:28,321 - __main__ - ERROR -   Batch 1808: NaN or Inf loss detected! Skipping batch.
2026-05-08 04:03:28,393 - __main__ - ERROR -   Batch 1809: NaN or Inf loss detected! Skipping batch.
2026-05-08 04:03:28,457 - __main__ - ERROR -   Batch 1810: NaN or Inf loss detected! Skipping batch.
2026-05-08 04:03:28,529 - __main__ - ERROR -   Batch 1811: NaN or Inf loss detected! Skipping batch.
2026-05-08 04:03:28,599 - __main__ - ERROR -   Batch 1812: NaN or Inf loss detected! Skipping batch.
2026-05-08 04:03:28,670 - __main__ - ERROR -   Batch 1813: NaN or Inf loss detected! Skipping batch.
2026-05-08 04:03:28,742 - __main__ - ERROR -   Batch 1814: NaN or Inf loss detected! Skipping batch.
2026-05-08 04:03:28,813 - __main__ - ERROR -   Batch 1815: NaN or Inf loss detected! Skipping batch.
2026-05-08 04:03:28,883 - __main__ - ERROR -   Batch 1816: NaN or Inf loss detected! Skipping batch.
2026-05-08 04:03:28,955 - __main__ - ERROR -   Batch 1817: NaN or Inf loss detected! Skipping batch.
2026-05-08 04:03:29,027 - __main__ - ERROR -   Batch 1818: NaN or Inf loss detected! Skipping batch.
2026-05-08 04:03:29,098 - __main__ - ERROR -   Batch 1819: NaN or Inf loss detected! Skipping batch.
2026-05-08 04:03:29,163 - __main__ - ERROR -   Batch 1820: NaN or Inf loss detected! Skipping batch.
2026-05-08 04:03:29,235 - __main__ - ERROR -   Batch 1821: NaN or Inf loss detected! Skipping batch.
2026-05-08 04:03:29,300 - __main__ - ERROR -   Batch 1822: NaN or Inf loss detected! Skipping batch.
2026-05-08 04:03:29,371 - __main__ - ERROR -   Batch 1823: NaN or Inf loss detected! Skipping batch.
2026-05-08 04:03:29,442 - __main__ - ERROR -   Batch 1824: NaN or Inf loss detected! Skipping batch.
2026-05-08 04:03:29,513 - __main__ - ERROR -   Batch 1825: NaN or Inf loss detected! Skipping batch.
2026-05-08 04:03:29,585 - __main__ - ERROR -   Batch 1826: NaN or Inf loss detected! Skipping batch.
2026-05-08 04:03:29,655 - __main__ - ERROR -   Batch 1827: NaN or Inf loss detected! Skipping batch.
2026-05-08 04:03:29,727 - __main__ - ERROR -   Batch 1828: NaN or Inf loss detected! Skipping batch.
2026-05-08 04:03:29,798 - __main__ - ERROR -   Batch 1829: NaN or Inf loss detected! Skipping batch.
2026-05-08 04:03:29,868 - __main__ - ERROR -   Batch 1830: NaN or Inf loss detected! Skipping batch.
2026-05-08 04:03:29,940 - __main__ - ERROR -   Batch 1831: NaN or Inf loss detected! Skipping batch.
2026-05-08 04:03:30,011 - __main__ - ERROR -   Batch 1832: NaN or Inf loss detected! Skipping batch.
2026-05-08 04:03:30,076 - __main__ - ERROR -   Batch 1833: NaN or Inf loss detected! Skipping batch.
2026-05-08 04:03:30,148 - __main__ - ERROR -   Batch 1834: NaN or Inf loss detected! Skipping batch.
2026-05-08 04:03:30,219 - __main__ - ERROR -   Batch 1835: NaN or Inf loss detected! Skipping batch.
2026-05-08 04:03:30,290 - __main__ - ERROR -   Batch 1836: NaN or Inf loss detected! Skipping batch.
2026-05-08 04:03:30,362 - __main__ - ERROR -   Batch 1837: NaN or Inf loss detected! Skipping batch.
2026-05-08 04:03:30,427 - __main__ - ERROR -   Batch 1838: NaN or Inf loss detected! Skipping batch.
2026-05-08 04:03:30,498 - __main__ - ERROR -   Batch 1839: NaN or Inf loss detected! Skipping batch.
2026-05-08 04:03:30,568 - __main__ - ERROR -   Batch 1840: NaN or Inf loss detected! Skipping batch.
2026-05-08 04:03:30,639 - __main__ - ERROR -   Batch 1841: NaN or Inf loss detected! Skipping batch.
2026-05-08 04:03:30,711 - __main__ - ERROR -   Batch 1842: NaN or Inf loss detected! Skipping batch.
2026-05-08 04:03:30,781 - __main__ - ERROR -   Batch 1843: NaN or Inf loss detected! Skipping batch.
2026-05-08 04:03:30,852 - __main__ - ERROR -   Batch 1844: NaN or Inf loss detected! Skipping batch.
2026-05-08 04:03:30,924 - __main__ - ERROR -   Batch 1845: NaN or Inf loss detected! Skipping batch.
2026-05-08 04:03:30,995 - __main__ - ERROR -   Batch 1846: NaN or Inf loss detected! Skipping batch.
2026-05-08 04:03:31,067 - __main__ - ERROR -   Batch 1847: NaN or Inf loss detected! Skipping batch.
2026-05-08 04:03:31,138 - __main__ - ERROR -   Batch 1848: NaN or Inf loss detected! Skipping batch.
2026-05-08 04:03:31,210 - __main__ - ERROR -   Batch 1849: NaN or Inf loss detected! Skipping batch.
2026-05-08 04:03:31,280 - __main__ - ERROR -   Batch 1850: NaN or Inf loss detected! Skipping batch.
2026-05-08 04:03:31,352 - __main__ - ERROR -   Batch 1851: NaN or Inf loss detected! Skipping batch.
2026-05-08 04:03:31,424 - __main__ - ERROR -   Batch 1852: NaN or Inf loss detected! Skipping batch.
2026-05-08 04:03:31,815 - __main__ - ERROR -   Batch 1853: NaN or Inf loss detected! Skipping batch.
2026-05-08 04:03:31,888 - __main__ - ERROR -   Batch 1854: NaN or Inf loss detected! Skipping batch.
2026-05-08 04:03:31,960 - __main__ - ERROR -   Batch 1855: NaN or Inf loss detected! Skipping batch.
2026-05-08 04:03:32,032 - __main__ - ERROR -   Batch 1856: NaN or Inf loss detected! Skipping batch.
2026-05-08 04:03:32,104 - __main__ - ERROR -   Batch 1857: NaN or Inf loss detected! Skipping batch.
2026-05-08 04:03:32,176 - __main__ - ERROR -   Batch 1858: NaN or Inf loss detected! Skipping batch.
2026-05-08 04:03:32,240 - __main__ - ERROR -   Batch 1859: NaN or Inf loss detected! Skipping batch.
2026-05-08 04:03:32,312 - __main__ - ERROR -   Batch 1860: NaN or Inf loss detected! Skipping batch.
2026-05-08 04:03:32,382 - __main__ - ERROR -   Batch 1861: NaN or Inf loss detected! Skipping batch.
2026-05-08 04:03:32,454 - __main__ - ERROR -   Batch 1862: NaN or Inf loss detected! Skipping batch.
2026-05-08 04:03:32,526 - __main__ - ERROR -   Batch 1863: NaN or Inf loss detected! Skipping batch.
2026-05-08 04:03:32,597 - __main__ - ERROR -   Batch 1864: NaN or Inf loss detected! Skipping batch.
2026-05-08 04:03:32,668 - __main__ - ERROR -   Batch 1865: NaN or Inf loss detected! Skipping batch.
2026-05-08 04:03:32,739 - __main__ - ERROR -   Batch 1866: NaN or Inf loss detected! Skipping batch.
2026-05-08 04:03:32,811 - __main__ - ERROR -   Batch 1867: NaN or Inf loss detected! Skipping batch.
2026-05-08 04:03:32,883 - __main__ - ERROR -   Batch 1868: NaN or Inf loss detected! Skipping batch.
2026-05-08 04:03:32,954 - __main__ - ERROR -   Batch 1869: NaN or Inf loss detected! Skipping batch.
2026-05-08 04:03:33,025 - __main__ - ERROR -   Batch 1870: NaN or Inf loss detected! Skipping batch.
2026-05-08 04:03:33,096 - __main__ - ERROR -   Batch 1871: NaN or Inf loss detected! Skipping batch.
2026-05-08 04:03:33,161 - __main__ - ERROR -   Batch 1872: NaN or Inf loss detected! Skipping batch.
2026-05-08 04:03:33,233 - __main__ - ERROR -   Batch 1873: NaN or Inf loss detected! Skipping batch.
2026-05-08 04:03:33,298 - __main__ - ERROR -   Batch 1874: NaN or Inf loss detected! Skipping batch.
2026-05-08 04:03:33,369 - __main__ - ERROR -   Batch 1875: NaN or Inf loss detected! Skipping batch.
2026-05-08 04:03:33,439 - __main__ - ERROR -   Batch 1876: NaN or Inf loss detected! Skipping batch.
2026-05-08 04:03:33,504 - __main__ - ERROR -   Batch 1877: NaN or Inf loss detected! Skipping batch.
2026-05-08 04:03:33,576 - __main__ - ERROR -   Batch 1878: NaN or Inf loss detected! Skipping batch.
2026-05-08 04:03:33,646 - __main__ - ERROR -   Batch 1879: NaN or Inf loss detected! Skipping batch.
2026-05-08 04:03:33,717 - __main__ - ERROR -   Batch 1880: NaN or Inf loss detected! Skipping batch.
2026-05-08 04:03:33,789 - __main__ - ERROR -   Batch 1881: NaN or Inf loss detected! Skipping batch.
2026-05-08 04:03:33,860 - __main__ - ERROR -   Batch 1882: NaN or Inf loss detected! Skipping batch.
2026-05-08 04:03:33,931 - __main__ - ERROR -   Batch 1883: NaN or Inf loss detected! Skipping batch.
2026-05-08 04:03:34,003 - __main__ - ERROR -   Batch 1884: NaN or Inf loss detected! Skipping batch.
2026-05-08 04:03:34,075 - __main__ - ERROR -   Batch 1885: NaN or Inf loss detected! Skipping batch.
2026-05-08 04:03:34,147 - __main__ - ERROR -   Batch 1886: NaN or Inf loss detected! Skipping batch.
2026-05-08 04:03:34,218 - __main__ - ERROR -   Batch 1887: NaN or Inf loss detected! Skipping batch.
2026-05-08 04:03:34,289 - __main__ - ERROR -   Batch 1888: NaN or Inf loss detected! Skipping batch.
2026-05-08 04:03:34,360 - __main__ - ERROR -   Batch 1889: NaN or Inf loss detected! Skipping batch.
2026-05-08 04:03:34,431 - __main__ - ERROR -   Batch 1890: NaN or Inf loss detected! Skipping batch.
2026-05-08 04:03:34,502 - __main__ - ERROR -   Batch 1891: NaN or Inf loss detected! Skipping batch.
2026-05-08 04:03:34,574 - __main__ - ERROR -   Batch 1892: NaN or Inf loss detected! Skipping batch.
2026-05-08 04:03:34,645 - __main__ - ERROR -   Batch 1893: NaN or Inf loss detected! Skipping batch.
2026-05-08 04:03:34,717 - __main__ - ERROR -   Batch 1894: NaN or Inf loss detected! Skipping batch.
2026-05-08 04:03:34,789 - __main__ - ERROR -   Batch 1895: NaN or Inf loss detected! Skipping batch.
2026-05-08 04:03:34,861 - __main__ - ERROR -   Batch 1896: NaN or Inf loss detected! Skipping batch.
2026-05-08 04:03:34,932 - __main__ - ERROR -   Batch 1897: NaN or Inf loss detected! Skipping batch.
2026-05-08 04:03:35,004 - __main__ - ERROR -   Batch 1898: NaN or Inf loss detected! Skipping batch.
2026-05-08 04:03:35,076 - __main__ - ERROR -   Batch 1899: NaN or Inf loss detected! Skipping batch.
2026-05-08 04:03:35,146 - __main__ - ERROR -   Batch 1900: NaN or Inf loss detected! Skipping batch.
2026-05-08 04:03:35,216 - __main__ - ERROR -   Batch 1901: NaN or Inf loss detected! Skipping batch.
2026-05-08 04:03:35,286 - __main__ - ERROR -   Batch 1902: NaN or Inf loss detected! Skipping batch.
2026-05-08 04:03:35,357 - __main__ - ERROR -   Batch 1903: NaN or Inf loss detected! Skipping batch.
2026-05-08 04:03:35,415 - __main__ - ERROR -   Batch 1904: NaN or Inf loss detected! Skipping batch.
2026-05-08 04:03:35,487 - __main__ - ERROR -   Batch 1905: NaN or Inf loss detected! Skipping batch.
2026-05-08 04:03:35,552 - __main__ - ERROR -   Batch 1906: NaN or Inf loss detected! Skipping batch.
2026-05-08 04:03:35,623 - __main__ - ERROR -   Batch 1907: NaN or Inf loss detected! Skipping batch.
2026-05-08 04:03:35,694 - __main__ - ERROR -   Batch 1908: NaN or Inf loss detected! Skipping batch.
2026-05-08 04:03:35,765 - __main__ - ERROR -   Batch 1909: NaN or Inf loss detected! Skipping batch.
2026-05-08 04:03:35,836 - __main__ - ERROR -   Batch 1910: NaN or Inf loss detected! Skipping batch.
2026-05-08 04:03:35,907 - __main__ - ERROR -   Batch 1911: NaN or Inf loss detected! Skipping batch.
2026-05-08 04:03:35,980 - __main__ - ERROR -   Batch 1912: NaN or Inf loss detected! Skipping batch.
2026-05-08 04:03:36,050 - __main__ - ERROR -   Batch 1913: NaN or Inf loss detected! Skipping batch.
2026-05-08 04:03:36,122 - __main__ - ERROR -   Batch 1914: NaN or Inf loss detected! Skipping batch.
2026-05-08 04:03:36,193 - __main__ - ERROR -   Batch 1915: NaN or Inf loss detected! Skipping batch.
2026-05-08 04:03:36,264 - __main__ - ERROR -   Batch 1916: NaN or Inf loss detected! Skipping batch.
2026-05-08 04:03:36,335 - __main__ - ERROR -   Batch 1917: NaN or Inf loss detected! Skipping batch.
2026-05-08 04:03:36,407 - __main__ - ERROR -   Batch 1918: NaN or Inf loss detected! Skipping batch.
2026-05-08 04:03:36,477 - __main__ - ERROR -   Batch 1919: NaN or Inf loss detected! Skipping batch.
2026-05-08 04:03:36,549 - __main__ - ERROR -   Batch 1920: NaN or Inf loss detected! Skipping batch.
2026-05-08 04:03:36,613 - __main__ - ERROR -   Batch 1921: NaN or Inf loss detected! Skipping batch.
2026-05-08 04:03:36,685 - __main__ - ERROR -   Batch 1922: NaN or Inf loss detected! Skipping batch.
2026-05-08 04:03:36,755 - __main__ - ERROR -   Batch 1923: NaN or Inf loss detected! Skipping batch.
2026-05-08 04:03:36,826 - __main__ - ERROR -   Batch 1924: NaN or Inf loss detected! Skipping batch.
2026-05-08 04:03:36,897 - __main__ - ERROR -   Batch 1925: NaN or Inf loss detected! Skipping batch.
2026-05-08 04:03:36,962 - __main__ - ERROR -   Batch 1926: NaN or Inf loss detected! Skipping batch.
2026-05-08 04:03:37,033 - __main__ - ERROR -   Batch 1927: NaN or Inf loss detected! Skipping batch.
2026-05-08 04:03:37,098 - __main__ - ERROR -   Batch 1928: NaN or Inf loss detected! Skipping batch.
2026-05-08 04:03:37,170 - __main__ - ERROR -   Batch 1929: NaN or Inf loss detected! Skipping batch.
2026-05-08 04:03:37,241 - __main__ - ERROR -   Batch 1930: NaN or Inf loss detected! Skipping batch.
2026-05-08 04:03:37,306 - __main__ - ERROR -   Batch 1931: NaN or Inf loss detected! Skipping batch.
2026-05-08 04:03:37,377 - __main__ - ERROR -   Batch 1932: NaN or Inf loss detected! Skipping batch.
2026-05-08 04:03:37,448 - __main__ - ERROR -   Batch 1933: NaN or Inf loss detected! Skipping batch.
2026-05-08 04:03:37,519 - __main__ - ERROR -   Batch 1934: NaN or Inf loss detected! Skipping batch.
2026-05-08 04:03:37,591 - __main__ - ERROR -   Batch 1935: NaN or Inf loss detected! Skipping batch.
2026-05-08 04:03:37,663 - __main__ - ERROR -   Batch 1936: NaN or Inf loss detected! Skipping batch.
2026-05-08 04:03:37,735 - __main__ - ERROR -   Batch 1937: NaN or Inf loss detected! Skipping batch.
2026-05-08 04:03:37,805 - __main__ - ERROR -   Batch 1938: NaN or Inf loss detected! Skipping batch.
2026-05-08 04:03:37,874 - __main__ - ERROR -   Batch 1939: NaN or Inf loss detected! Skipping batch.
2026-05-08 04:03:37,945 - __main__ - ERROR -   Batch 1940: NaN or Inf loss detected! Skipping batch.
2026-05-08 04:03:38,015 - __main__ - ERROR -   Batch 1941: NaN or Inf loss detected! Skipping batch.
2026-05-08 04:03:38,085 - __main__ - ERROR -   Batch 1942: NaN or Inf loss detected! Skipping batch.
2026-05-08 04:03:38,156 - __main__ - ERROR -   Batch 1943: NaN or Inf loss detected! Skipping batch.
2026-05-08 04:03:38,227 - __main__ - ERROR -   Batch 1944: NaN or Inf loss detected! Skipping batch.
2026-05-08 04:03:38,297 - __main__ - ERROR -   Batch 1945: NaN or Inf loss detected! Skipping batch.
2026-05-08 04:03:38,367 - __main__ - ERROR -   Batch 1946: NaN or Inf loss detected! Skipping batch.
2026-05-08 04:03:38,438 - __main__ - ERROR -   Batch 1947: NaN or Inf loss detected! Skipping batch.
2026-05-08 04:03:38,502 - __main__ - ERROR -   Batch 1948: NaN or Inf loss detected! Skipping batch.
2026-05-08 04:03:38,574 - __main__ - ERROR -   Batch 1949: NaN or Inf loss detected! Skipping batch.
2026-05-08 04:03:38,645 - __main__ - ERROR -   Batch 1950: NaN or Inf loss detected! Skipping batch.
2026-05-08 04:03:38,717 - __main__ - ERROR -   Batch 1951: NaN or Inf loss detected! Skipping batch.
2026-05-08 04:03:38,788 - __main__ - ERROR -   Batch 1952: NaN or Inf loss detected! Skipping batch.
2026-05-08 04:03:38,859 - __main__ - ERROR -   Batch 1953: NaN or Inf loss detected! Skipping batch.
2026-05-08 04:03:38,930 - __main__ - ERROR -   Batch 1954: NaN or Inf loss detected! Skipping batch.
2026-05-08 04:03:39,001 - __main__ - ERROR -   Batch 1955: NaN or Inf loss detected! Skipping batch.
2026-05-08 04:03:39,072 - __main__ - ERROR -   Batch 1956: NaN or Inf loss detected! Skipping batch.
2026-05-08 04:03:39,143 - __main__ - ERROR -   Batch 1957: NaN or Inf loss detected! Skipping batch.
2026-05-08 04:03:39,214 - __main__ - ERROR -   Batch 1958: NaN or Inf loss detected! Skipping batch.
2026-05-08 04:03:39,286 - __main__ - ERROR -   Batch 1959: NaN or Inf loss detected! Skipping batch.
2026-05-08 04:03:39,357 - __main__ - ERROR -   Batch 1960: NaN or Inf loss detected! Skipping batch.
2026-05-08 04:03:39,429 - __main__ - ERROR -   Batch 1961: NaN or Inf loss detected! Skipping batch.
2026-05-08 04:03:39,500 - __main__ - ERROR -   Batch 1962: NaN or Inf loss detected! Skipping batch.
2026-05-08 04:03:39,565 - __main__ - ERROR -   Batch 1963: NaN or Inf loss detected! Skipping batch.
2026-05-08 04:03:39,630 - __main__ - ERROR -   Batch 1964: NaN or Inf loss detected! Skipping batch.
2026-05-08 04:03:39,701 - __main__ - ERROR -   Batch 1965: NaN or Inf loss detected! Skipping batch.
2026-05-08 04:03:39,772 - __main__ - ERROR -   Batch 1966: NaN or Inf loss detected! Skipping batch.
2026-05-08 04:03:39,843 - __main__ - ERROR -   Batch 1967: NaN or Inf loss detected! Skipping batch.
2026-05-08 04:03:39,914 - __main__ - ERROR -   Batch 1968: NaN or Inf loss detected! Skipping batch.
2026-05-08 04:03:39,987 - __main__ - ERROR -   Batch 1969: NaN or Inf loss detected! Skipping batch.
2026-05-08 04:03:40,058 - __main__ - ERROR -   Batch 1970: NaN or Inf loss detected! Skipping batch.
2026-05-08 04:03:40,129 - __main__ - ERROR -   Batch 1971: NaN or Inf loss detected! Skipping batch.
2026-05-08 04:03:40,200 - __main__ - ERROR -   Batch 1972: NaN or Inf loss detected! Skipping batch.
2026-05-08 04:03:40,270 - __main__ - ERROR -   Batch 1973: NaN or Inf loss detected! Skipping batch.
2026-05-08 04:03:40,341 - __main__ - ERROR -   Batch 1974: NaN or Inf loss detected! Skipping batch.
2026-05-08 04:03:40,412 - __main__ - ERROR -   Batch 1975: NaN or Inf loss detected! Skipping batch.
2026-05-08 04:03:40,484 - __main__ - ERROR -   Batch 1976: NaN or Inf loss detected! Skipping batch.
2026-05-08 04:03:40,890 - __main__ - ERROR -   Batch 1977: NaN or Inf loss detected! Skipping batch.
2026-05-08 04:03:40,960 - __main__ - ERROR -   Batch 1978: NaN or Inf loss detected! Skipping batch.
2026-05-08 04:03:41,030 - __main__ - ERROR -   Batch 1979: NaN or Inf loss detected! Skipping batch.
2026-05-08 04:03:41,099 - __main__ - ERROR -   Batch 1980: NaN or Inf loss detected! Skipping batch.
2026-05-08 04:03:41,171 - __main__ - ERROR -   Batch 1981: NaN or Inf loss detected! Skipping batch.
2026-05-08 04:03:41,242 - __main__ - ERROR -   Batch 1982: NaN or Inf loss detected! Skipping batch.
2026-05-08 04:03:41,314 - __main__ - ERROR -   Batch 1983: NaN or Inf loss detected! Skipping batch.
2026-05-08 04:03:41,385 - __main__ - ERROR -   Batch 1984: NaN or Inf loss detected! Skipping batch.
2026-05-08 04:03:41,456 - __main__ - ERROR -   Batch 1985: NaN or Inf loss detected! Skipping batch.
2026-05-08 04:03:41,521 - __main__ - ERROR -   Batch 1986: NaN or Inf loss detected! Skipping batch.
2026-05-08 04:03:41,592 - __main__ - ERROR -   Batch 1987: NaN or Inf loss detected! Skipping batch.
2026-05-08 04:03:41,663 - __main__ - ERROR -   Batch 1988: NaN or Inf loss detected! Skipping batch.
2026-05-08 04:03:41,728 - __main__ - ERROR -   Batch 1989: NaN or Inf loss detected! Skipping batch.
2026-05-08 04:03:41,799 - __main__ - ERROR -   Batch 1990: NaN or Inf loss detected! Skipping batch.
2026-05-08 04:03:41,869 - __main__ - ERROR -   Batch 1991: NaN or Inf loss detected! Skipping batch.
2026-05-08 04:03:41,941 - __main__ - ERROR -   Batch 1992: NaN or Inf loss detected! Skipping batch.
2026-05-08 04:03:42,012 - __main__ - ERROR -   Batch 1993: NaN or Inf loss detected! Skipping batch.
2026-05-08 04:03:42,077 - __main__ - ERROR -   Batch 1994: NaN or Inf loss detected! Skipping batch.
2026-05-08 04:03:42,141 - __main__ - ERROR -   Batch 1995: NaN or Inf loss detected! Skipping batch.
2026-05-08 04:03:42,212 - __main__ - ERROR -   Batch 1996: NaN or Inf loss detected! Skipping batch.
2026-05-08 04:03:42,283 - __main__ - ERROR -   Batch 1997: NaN or Inf loss detected! Skipping batch.
2026-05-08 04:03:42,354 - __main__ - ERROR -   Batch 1998: NaN or Inf loss detected! Skipping batch.
2026-05-08 04:03:42,424 - __main__ - ERROR -   Batch 1999: NaN or Inf loss detected! Skipping batch.
2026-05-08 04:03:42,496 - __main__ - ERROR -   Batch 2000: NaN or Inf loss detected! Skipping batch.
2026-05-08 04:03:42,567 - __main__ - ERROR -   Batch 2001: NaN or Inf loss detected! Skipping batch.
2026-05-08 04:03:42,638 - __main__ - ERROR -   Batch 2002: NaN or Inf loss detected! Skipping batch.
2026-05-08 04:03:42,710 - __main__ - ERROR -   Batch 2003: NaN or Inf loss detected! Skipping batch.
2026-05-08 04:03:42,781 - __main__ - ERROR -   Batch 2004: NaN or Inf loss detected! Skipping batch.
2026-05-08 04:03:42,853 - __main__ - ERROR -   Batch 2005: NaN or Inf loss detected! Skipping batch.
2026-05-08 04:03:42,924 - __main__ - ERROR -   Batch 2006: NaN or Inf loss detected! Skipping batch.
2026-05-08 04:03:42,996 - __main__ - ERROR -   Batch 2007: NaN or Inf loss detected! Skipping batch.
2026-05-08 04:03:43,061 - __main__ - ERROR -   Batch 2008: NaN or Inf loss detected! Skipping batch.
2026-05-08 04:03:43,132 - __main__ - ERROR -   Batch 2009: NaN or Inf loss detected! Skipping batch.
2026-05-08 04:03:43,203 - __main__ - ERROR -   Batch 2010: NaN or Inf loss detected! Skipping batch.
2026-05-08 04:03:43,274 - __main__ - ERROR -   Batch 2011: NaN or Inf loss detected! Skipping batch.
2026-05-08 04:03:43,345 - __main__ - ERROR -   Batch 2012: NaN or Inf loss detected! Skipping batch.
2026-05-08 04:03:43,416 - __main__ - ERROR -   Batch 2013: NaN or Inf loss detected! Skipping batch.
2026-05-08 04:03:43,488 - __main__ - ERROR -   Batch 2014: NaN or Inf loss detected! Skipping batch.
2026-05-08 04:03:43,559 - __main__ - ERROR -   Batch 2015: NaN or Inf loss detected! Skipping batch.
2026-05-08 04:03:43,630 - __main__ - ERROR -   Batch 2016: NaN or Inf loss detected! Skipping batch.
2026-05-08 04:03:43,701 - __main__ - ERROR -   Batch 2017: NaN or Inf loss detected! Skipping batch.
2026-05-08 04:03:43,773 - __main__ - ERROR -   Batch 2018: NaN or Inf loss detected! Skipping batch.
2026-05-08 04:03:43,844 - __main__ - ERROR -   Batch 2019: NaN or Inf loss detected! Skipping batch.
2026-05-08 04:03:43,916 - __main__ - ERROR -   Batch 2020: NaN or Inf loss detected! Skipping batch.
2026-05-08 04:03:43,988 - __main__ - ERROR -   Batch 2021: NaN or Inf loss detected! Skipping batch.
2026-05-08 04:03:44,059 - __main__ - ERROR -   Batch 2022: NaN or Inf loss detected! Skipping batch.
2026-05-08 04:03:44,131 - __main__ - ERROR -   Batch 2023: NaN or Inf loss detected! Skipping batch.
2026-05-08 04:03:44,202 - __main__ - ERROR -   Batch 2024: NaN or Inf loss detected! Skipping batch.
2026-05-08 04:03:44,274 - __main__ - ERROR -   Batch 2025: NaN or Inf loss detected! Skipping batch.
2026-05-08 04:03:44,346 - __main__ - ERROR -   Batch 2026: NaN or Inf loss detected! Skipping batch.
2026-05-08 04:03:44,411 - __main__ - ERROR -   Batch 2027: NaN or Inf loss detected! Skipping batch.
2026-05-08 04:03:44,482 - __main__ - ERROR -   Batch 2028: NaN or Inf loss detected! Skipping batch.
2026-05-08 04:03:44,553 - __main__ - ERROR -   Batch 2029: NaN or Inf loss detected! Skipping batch.
2026-05-08 04:03:44,624 - __main__ - ERROR -   Batch 2030: NaN or Inf loss detected! Skipping batch.
2026-05-08 04:03:44,694 - __main__ - ERROR -   Batch 2031: NaN or Inf loss detected! Skipping batch.
2026-05-08 04:03:44,766 - __main__ - ERROR -   Batch 2032: NaN or Inf loss detected! Skipping batch.
2026-05-08 04:03:44,838 - __main__ - ERROR -   Batch 2033: NaN or Inf loss detected! Skipping batch.
2026-05-08 04:03:44,910 - __main__ - ERROR -   Batch 2034: NaN or Inf loss detected! Skipping batch.
2026-05-08 04:03:44,974 - __main__ - ERROR -   Batch 2035: NaN or Inf loss detected! Skipping batch.
2026-05-08 04:03:45,044 - __main__ - ERROR -   Batch 2036: NaN or Inf loss detected! Skipping batch.
2026-05-08 04:03:45,115 - __main__ - ERROR -   Batch 2037: NaN or Inf loss detected! Skipping batch.
2026-05-08 04:03:45,186 - __main__ - ERROR -   Batch 2038: NaN or Inf loss detected! Skipping batch.
2026-05-08 04:03:45,257 - __main__ - ERROR -   Batch 2039: NaN or Inf loss detected! Skipping batch.
2026-05-08 04:03:45,328 - __main__ - ERROR -   Batch 2040: NaN or Inf loss detected! Skipping batch.
2026-05-08 04:03:45,399 - __main__ - ERROR -   Batch 2041: NaN or Inf loss detected! Skipping batch.
2026-05-08 04:03:45,464 - __main__ - ERROR -   Batch 2042: NaN or Inf loss detected! Skipping batch.
2026-05-08 04:03:45,535 - __main__ - ERROR -   Batch 2043: NaN or Inf loss detected! Skipping batch.
2026-05-08 04:03:45,595 - __main__ - ERROR -   Batch 2044: NaN or Inf loss detected! Skipping batch.
2026-05-08 04:03:45,666 - __main__ - ERROR -   Batch 2045: NaN or Inf loss detected! Skipping batch.
2026-05-08 04:03:45,737 - __main__ - ERROR -   Batch 2046: NaN or Inf loss detected! Skipping batch.
2026-05-08 04:03:45,808 - __main__ - ERROR -   Batch 2047: NaN or Inf loss detected! Skipping batch.
2026-05-08 04:03:45,880 - __main__ - ERROR -   Batch 2048: NaN or Inf loss detected! Skipping batch.
2026-05-08 04:03:45,951 - __main__ - ERROR -   Batch 2049: NaN or Inf loss detected! Skipping batch.
2026-05-08 04:03:46,022 - __main__ - ERROR -   Batch 2050: NaN or Inf loss detected! Skipping batch.
2026-05-08 04:03:46,093 - __main__ - ERROR -   Batch 2051: NaN or Inf loss detected! Skipping batch.
2026-05-08 04:03:46,165 - __main__ - ERROR -   Batch 2052: NaN or Inf loss detected! Skipping batch.
2026-05-08 04:03:46,236 - __main__ - ERROR -   Batch 2053: NaN or Inf loss detected! Skipping batch.
2026-05-08 04:03:46,307 - __main__ - ERROR -   Batch 2054: NaN or Inf loss detected! Skipping batch.
2026-05-08 04:03:46,379 - __main__ - ERROR -   Batch 2055: NaN or Inf loss detected! Skipping batch.
2026-05-08 04:03:46,450 - __main__ - ERROR -   Batch 2056: NaN or Inf loss detected! Skipping batch.
2026-05-08 04:03:46,521 - __main__ - ERROR -   Batch 2057: NaN or Inf loss detected! Skipping batch.
2026-05-08 04:03:46,587 - __main__ - ERROR -   Batch 2058: NaN or Inf loss detected! Skipping batch.
2026-05-08 04:03:46,658 - __main__ - ERROR -   Batch 2059: NaN or Inf loss detected! Skipping batch.
2026-05-08 04:03:46,729 - __main__ - ERROR -   Batch 2060: NaN or Inf loss detected! Skipping batch.
2026-05-08 04:03:46,799 - __main__ - ERROR -   Batch 2061: NaN or Inf loss detected! Skipping batch.
2026-05-08 04:03:46,871 - __main__ - ERROR -   Batch 2062: NaN or Inf loss detected! Skipping batch.
2026-05-08 04:03:46,942 - __main__ - ERROR -   Batch 2063: NaN or Inf loss detected! Skipping batch.
2026-05-08 04:03:47,014 - __main__ - ERROR -   Batch 2064: NaN or Inf loss detected! Skipping batch.
2026-05-08 04:03:47,086 - __main__ - ERROR -   Batch 2065: NaN or Inf loss detected! Skipping batch.
2026-05-08 04:03:47,156 - __main__ - ERROR -   Batch 2066: NaN or Inf loss detected! Skipping batch.
2026-05-08 04:03:47,222 - __main__ - ERROR -   Batch 2067: NaN or Inf loss detected! Skipping batch.
2026-05-08 04:03:47,293 - __main__ - ERROR -   Batch 2068: NaN or Inf loss detected! Skipping batch.
2026-05-08 04:03:47,367 - __main__ - ERROR -   Batch 2069: NaN or Inf loss detected! Skipping batch.
2026-05-08 04:03:47,439 - __main__ - ERROR -   Batch 2070: NaN or Inf loss detected! Skipping batch.
2026-05-08 04:03:47,498 - __main__ - ERROR -   Batch 2071: NaN or Inf loss detected! Skipping batch.
2026-05-08 04:03:47,569 - __main__ - ERROR -   Batch 2072: NaN or Inf loss detected! Skipping batch.
2026-05-08 04:03:47,639 - __main__ - ERROR -   Batch 2073: NaN or Inf loss detected! Skipping batch.
2026-05-08 04:03:47,711 - __main__ - ERROR -   Batch 2074: NaN or Inf loss detected! Skipping batch.
2026-05-08 04:03:47,782 - __main__ - ERROR -   Batch 2075: NaN or Inf loss detected! Skipping batch.
2026-05-08 04:03:47,854 - __main__ - ERROR -   Batch 2076: NaN or Inf loss detected! Skipping batch.
2026-05-08 04:03:47,926 - __main__ - ERROR -   Batch 2077: NaN or Inf loss detected! Skipping batch.
2026-05-08 04:03:47,998 - __main__ - ERROR -   Batch 2078: NaN or Inf loss detected! Skipping batch.
2026-05-08 04:03:48,068 - __main__ - ERROR -   Batch 2079: NaN or Inf loss detected! Skipping batch.
2026-05-08 04:03:48,132 - __main__ - ERROR -   Batch 2080: NaN or Inf loss detected! Skipping batch.
2026-05-08 04:03:48,202 - __main__ - ERROR -   Batch 2081: NaN or Inf loss detected! Skipping batch.
2026-05-08 04:03:48,273 - __main__ - ERROR -   Batch 2082: NaN or Inf loss detected! Skipping batch.
2026-05-08 04:03:48,344 - __main__ - ERROR -   Batch 2083: NaN or Inf loss detected! Skipping batch.
2026-05-08 04:03:48,997 - __main__ - ERROR -   Batch 2084: NaN or Inf loss detected! Skipping batch.
2026-05-08 04:03:49,069 - __main__ - ERROR -   Batch 2085: NaN or Inf loss detected! Skipping batch.
2026-05-08 04:03:49,141 - __main__ - ERROR -   Batch 2086: NaN or Inf loss detected! Skipping batch.
2026-05-08 04:03:49,213 - __main__ - ERROR -   Batch 2087: NaN or Inf loss detected! Skipping batch.
2026-05-08 04:03:49,285 - __main__ - ERROR -   Batch 2088: NaN or Inf loss detected! Skipping batch.
2026-05-08 04:03:49,355 - __main__ - ERROR -   Batch 2089: NaN or Inf loss detected! Skipping batch.
2026-05-08 04:03:49,426 - __main__ - ERROR -   Batch 2090: NaN or Inf loss detected! Skipping batch.
2026-05-08 04:03:49,498 - __main__ - ERROR -   Batch 2091: NaN or Inf loss detected! Skipping batch.
2026-05-08 04:03:49,569 - __main__ - ERROR -   Batch 2092: NaN or Inf loss detected! Skipping batch.
2026-05-08 04:03:49,640 - __main__ - ERROR -   Batch 2093: NaN or Inf loss detected! Skipping batch.
2026-05-08 04:03:49,711 - __main__ - ERROR -   Batch 2094: NaN or Inf loss detected! Skipping batch.
2026-05-08 04:03:49,740 - __main__ - ERROR -   Batch 2095: NaN or Inf loss detected! Skipping batch.
2026-05-08 04:03:49,846 - __main__ - INFO - Epoch 1 complete in 155.32s | avg_loss=2.5255 | batches: 1 succeeded, 2094 skipped (OOM/NaN)
2026-05-08 04:03:49,846 - __main__ - WARNING -   WARNING: 100.0% of batches were skipped this epoch!
2026-05-08 04:03:49,849 - __main__ - INFO - Train Loss: 2.5255
2026-05-08 04:03:49,849 - __main__ - INFO - Evaluating on dev set...
2026-05-08 04:03:49,850 - __main__ - INFO - Starting evaluation on 462 samples
Evaluating:   0%|          | 0/58 [00:00<?, ?it/s]Evaluating:   2%|▏         | 1/58 [00:00<00:16,  3.52it/s]Evaluating:   5%|▌         | 3/58 [00:00<00:06,  8.61it/s]Evaluating:   9%|▊         | 5/58 [00:00<00:04, 11.29it/s]Evaluating:  12%|█▏        | 7/58 [00:00<00:03, 13.13it/s]Evaluating:  16%|█▌        | 9/58 [00:00<00:03, 14.47it/s]2026-05-08 04:03:50,674 - __main__ - INFO -   Evaluation progress: 10/58 batches (12.15 batches/s)
Evaluating:  19%|█▉        | 11/58 [00:00<00:03, 14.95it/s]Evaluating:  22%|██▏       | 13/58 [00:01<00:02, 15.05it/s]Evaluating:  26%|██▌       | 15/58 [00:01<00:02, 15.35it/s]Evaluating:  29%|██▉       | 17/58 [00:01<00:02, 15.78it/s]Evaluating:  33%|███▎      | 19/58 [00:01<00:02, 16.11it/s]2026-05-08 04:03:51,293 - __main__ - INFO -   Evaluation progress: 20/58 batches (13.87 batches/s)
Evaluating:  36%|███▌      | 21/58 [00:01<00:02, 16.29it/s]Evaluating:  40%|███▉      | 23/58 [00:01<00:02, 16.43it/s]Evaluating:  43%|████▎     | 25/58 [00:01<00:02, 16.06it/s]Evaluating:  47%|████▋     | 27/58 [00:01<00:01, 15.83it/s]Evaluating:  50%|█████     | 29/58 [00:02<00:01, 15.67it/s]2026-05-08 04:03:51,924 - __main__ - INFO -   Evaluation progress: 30/58 batches (14.47 batches/s)
Evaluating:  53%|█████▎    | 31/58 [00:02<00:01, 15.55it/s]Evaluating:  57%|█████▋    | 33/58 [00:02<00:01, 15.48it/s]Evaluating:  60%|██████    | 35/58 [00:02<00:01, 15.42it/s]Evaluating:  64%|██████▍   | 37/58 [00:02<00:01, 15.39it/s]Evaluating:  67%|██████▋   | 39/58 [00:02<00:01, 15.35it/s]2026-05-08 04:03:52,578 - __main__ - INFO -   Evaluation progress: 40/58 batches (14.67 batches/s)
Evaluating:  71%|███████   | 41/58 [00:02<00:01, 15.33it/s]Evaluating:  74%|███████▍  | 43/58 [00:02<00:00, 15.32it/s]Evaluating:  78%|███████▊  | 45/58 [00:03<00:00, 15.31it/s]Evaluating:  81%|████████  | 47/58 [00:03<00:00, 15.31it/s]Evaluating:  84%|████████▍ | 49/58 [00:03<00:00, 15.30it/s]2026-05-08 04:03:53,232 - __main__ - INFO -   Evaluation progress: 50/58 batches (14.79 batches/s)
Evaluating:  88%|████████▊ | 51/58 [00:03<00:00, 15.29it/s]Evaluating:  91%|█████████▏| 53/58 [00:03<00:00, 15.31it/s]Evaluating:  95%|█████████▍| 55/58 [00:03<00:00, 15.32it/s]Evaluating:  98%|█████████▊| 57/58 [00:03<00:00, 15.33it/s]                                                           2026-05-08 04:03:53,863 - __main__ - INFO -   Prediction sample (first 20):
2026-05-08 04:03:53,863 - __main__ - INFO -     Predicted: [0, 0, 0, 0, 0, 0, 0, 0, 0, 0, 0, 0, 0, 0, 0, 0, 0, 0, 0, 0]
2026-05-08 04:03:53,863 - __main__ - INFO -     Gold:      [3, 4, 4, 13, 12, 12, 11, 10, 10, 9, 8, 10, 11, 11, 12, 11, 10, 9, 10, 10]
2026-05-08 04:03:53,863 - __main__ - INFO -     Abs error: [3, 4, 4, 13, 12, 12, 11, 10, 10, 9, 8, 10, 11, 11, 12, 11, 10, 9, 10, 10] (mean=9.50)
2026-05-08 04:03:53,864 - __main__ - INFO -   Per-position accuracy (top 10 classes):
2026-05-08 04:03:53,864 - __main__ - INFO -     Position  3: 0.000 accuracy (1 samples)
2026-05-08 04:03:53,864 - __main__ - INFO -     Position  4: 0.000 accuracy (2 samples)
2026-05-08 04:03:53,865 - __main__ - INFO -     Position  7: 0.000 accuracy (1 samples)
2026-05-08 04:03:53,865 - __main__ - INFO -     Position  8: 0.000 accuracy (3 samples)
2026-05-08 04:03:53,865 - __main__ - INFO -     Position  9: 0.000 accuracy (17 samples)
2026-05-08 04:03:53,865 - __main__ - INFO - Evaluation complete in 4.01s
2026-05-08 04:03:53,865 - __main__ - INFO -   Loss: nan, Accuracy: 0.0000, Precision: 0.0000, Recall: 0.0000, F1: 0.0000
2026-05-08 04:03:53,865 - __main__ - INFO - Dev Loss: nan
2026-05-08 04:03:53,865 - __main__ - INFO - Dev Accuracy: 0.0000
2026-05-08 04:03:53,865 - __main__ - INFO -   No improvement for 1 epochs
2026-05-08 04:03:55,123 - __main__ - INFO - Saved checkpoint to /scratch/user/s4901673/ircbert_runs/checkpoints/checkpoint_epoch_1.pt
2026-05-08 04:03:55,123 - __main__ - INFO - Epoch 2/3
2026-05-08 04:03:55,123 - __main__ - INFO - --------------------------------------------------------------------------------
2026-05-08 04:03:55,124 - __main__ - INFO - Epoch 2: Peak memory stats reset.
2026-05-08 04:03:55,124 - __main__ - INFO - Starting epoch 2 with 2095 batches
2026-05-08 04:03:55,319 - __main__ - INFO -   [Epoch 2 Batch 0 SANITY CHECK]
2026-05-08 04:03:55,320 - __main__ - INFO -     input_ids shape : [8, 14, 128]  (batch x max_C x seq_len)
2026-05-08 04:03:55,320 - __main__ - INFO -     features shape  : [8, 14, 5]
2026-05-08 04:03:55,320 - __main__ - INFO -     labels shape    : [8]
2026-05-08 04:03:55,320 - __main__ - INFO -     Candidate counts per sample: min=8 max=14 mean=11.6
2026-05-08 04:03:55,320 - __main__ - INFO -     Label values: [13, 12, 7, 9, 9, 12, 13, 10]
2026-05-08 04:03:55,321 - __main__ - INFO -     Label distribution (this batch): {7: 1, 9: 2, 10: 1, 12: 2, 13: 2}
2026-05-08 04:03:55,397 - __main__ - ERROR -   Batch 1: NaN or Inf loss detected! Skipping batch.
2026-05-08 04:03:55,468 - __main__ - ERROR -   Batch 2: NaN or Inf loss detected! Skipping batch.
2026-05-08 04:03:55,540 - __main__ - ERROR -   Batch 3: NaN or Inf loss detected! Skipping batch.
2026-05-08 04:03:55,612 - __main__ - ERROR -   Batch 4: NaN or Inf loss detected! Skipping batch.
2026-05-08 04:03:55,683 - __main__ - ERROR -   Batch 5: NaN or Inf loss detected! Skipping batch.
2026-05-08 04:03:55,755 - __main__ - ERROR -   Batch 6: NaN or Inf loss detected! Skipping batch.
2026-05-08 04:03:55,827 - __main__ - ERROR -   Batch 7: NaN or Inf loss detected! Skipping batch.
2026-05-08 04:03:55,898 - __main__ - ERROR -   Batch 8: NaN or Inf loss detected! Skipping batch.
2026-05-08 04:03:55,971 - __main__ - ERROR -   Batch 9: NaN or Inf loss detected! Skipping batch.
2026-05-08 04:03:56,036 - __main__ - ERROR -   Batch 10: NaN or Inf loss detected! Skipping batch.
2026-05-08 04:03:56,109 - __main__ - ERROR -   Batch 11: NaN or Inf loss detected! Skipping batch.
2026-05-08 04:03:56,179 - __main__ - ERROR -   Batch 12: NaN or Inf loss detected! Skipping batch.
2026-05-08 04:03:56,245 - __main__ - ERROR -   Batch 13: NaN or Inf loss detected! Skipping batch.
2026-05-08 04:03:56,317 - __main__ - ERROR -   Batch 14: NaN or Inf loss detected! Skipping batch.
2026-05-08 04:03:56,388 - __main__ - ERROR -   Batch 15: NaN or Inf loss detected! Skipping batch.
2026-05-08 04:03:56,453 - __main__ - ERROR -   Batch 16: NaN or Inf loss detected! Skipping batch.
2026-05-08 04:03:56,524 - __main__ - ERROR -   Batch 17: NaN or Inf loss detected! Skipping batch.
2026-05-08 04:03:56,594 - __main__ - ERROR -   Batch 18: NaN or Inf loss detected! Skipping batch.
2026-05-08 04:03:56,666 - __main__ - ERROR -   Batch 19: NaN or Inf loss detected! Skipping batch.
2026-05-08 04:03:56,738 - __main__ - ERROR -   Batch 20: NaN or Inf loss detected! Skipping batch.
2026-05-08 04:03:56,809 - __main__ - ERROR -   Batch 21: NaN or Inf loss detected! Skipping batch.
2026-05-08 04:03:56,881 - __main__ - ERROR -   Batch 22: NaN or Inf loss detected! Skipping batch.
2026-05-08 04:03:56,947 - __main__ - ERROR -   Batch 23: NaN or Inf loss detected! Skipping batch.
2026-05-08 04:03:57,012 - __main__ - ERROR -   Batch 24: NaN or Inf loss detected! Skipping batch.
2026-05-08 04:03:57,082 - __main__ - ERROR -   Batch 25: NaN or Inf loss detected! Skipping batch.
2026-05-08 04:03:57,154 - __main__ - ERROR -   Batch 26: NaN or Inf loss detected! Skipping batch.
2026-05-08 04:03:57,225 - __main__ - ERROR -   Batch 27: NaN or Inf loss detected! Skipping batch.
2026-05-08 04:03:57,297 - __main__ - ERROR -   Batch 28: NaN or Inf loss detected! Skipping batch.
2026-05-08 04:03:57,368 - __main__ - ERROR -   Batch 29: NaN or Inf loss detected! Skipping batch.
2026-05-08 04:03:57,439 - __main__ - ERROR -   Batch 30: NaN or Inf loss detected! Skipping batch.
2026-05-08 04:03:57,511 - __main__ - ERROR -   Batch 31: NaN or Inf loss detected! Skipping batch.
2026-05-08 04:03:57,582 - __main__ - ERROR -   Batch 32: NaN or Inf loss detected! Skipping batch.
2026-05-08 04:03:57,653 - __main__ - ERROR -   Batch 33: NaN or Inf loss detected! Skipping batch.
2026-05-08 04:03:57,725 - __main__ - ERROR -   Batch 34: NaN or Inf loss detected! Skipping batch.
2026-05-08 04:03:57,796 - __main__ - ERROR -   Batch 35: NaN or Inf loss detected! Skipping batch.
2026-05-08 04:03:57,867 - __main__ - ERROR -   Batch 36: NaN or Inf loss detected! Skipping batch.
2026-05-08 04:03:57,926 - __main__ - ERROR -   Batch 37: NaN or Inf loss detected! Skipping batch.
2026-05-08 04:03:57,998 - __main__ - ERROR -   Batch 38: NaN or Inf loss detected! Skipping batch.
2026-05-08 04:03:58,069 - __main__ - ERROR -   Batch 39: NaN or Inf loss detected! Skipping batch.
2026-05-08 04:03:58,140 - __main__ - ERROR -   Batch 40: NaN or Inf loss detected! Skipping batch.
2026-05-08 04:03:58,211 - __main__ - ERROR -   Batch 41: NaN or Inf loss detected! Skipping batch.
2026-05-08 04:03:58,283 - __main__ - ERROR -   Batch 42: NaN or Inf loss detected! Skipping batch.
2026-05-08 04:03:58,354 - __main__ - ERROR -   Batch 43: NaN or Inf loss detected! Skipping batch.
2026-05-08 04:03:58,425 - __main__ - ERROR -   Batch 44: NaN or Inf loss detected! Skipping batch.
2026-05-08 04:03:58,497 - __main__ - ERROR -   Batch 45: NaN or Inf loss detected! Skipping batch.
2026-05-08 04:03:58,569 - __main__ - ERROR -   Batch 46: NaN or Inf loss detected! Skipping batch.
2026-05-08 04:03:58,633 - __main__ - ERROR -   Batch 47: NaN or Inf loss detected! Skipping batch.
2026-05-08 04:03:58,705 - __main__ - ERROR -   Batch 48: NaN or Inf loss detected! Skipping batch.
2026-05-08 04:03:58,775 - __main__ - ERROR -   Batch 49: NaN or Inf loss detected! Skipping batch.
2026-05-08 04:03:58,847 - __main__ - ERROR -   Batch 50: NaN or Inf loss detected! Skipping batch.
2026-05-08 04:03:58,919 - __main__ - ERROR -   Batch 51: NaN or Inf loss detected! Skipping batch.
2026-05-08 04:03:58,990 - __main__ - ERROR -   Batch 52: NaN or Inf loss detected! Skipping batch.
2026-05-08 04:03:59,056 - __main__ - ERROR -   Batch 53: NaN or Inf loss detected! Skipping batch.
2026-05-08 04:03:59,127 - __main__ - ERROR -   Batch 54: NaN or Inf loss detected! Skipping batch.
2026-05-08 04:03:59,198 - __main__ - ERROR -   Batch 55: NaN or Inf loss detected! Skipping batch.
2026-05-08 04:03:59,269 - __main__ - ERROR -   Batch 56: NaN or Inf loss detected! Skipping batch.
2026-05-08 04:03:59,340 - __main__ - ERROR -   Batch 57: NaN or Inf loss detected! Skipping batch.
2026-05-08 04:03:59,412 - __main__ - ERROR -   Batch 58: NaN or Inf loss detected! Skipping batch.
2026-05-08 04:03:59,482 - __main__ - ERROR -   Batch 59: NaN or Inf loss detected! Skipping batch.
2026-05-08 04:03:59,551 - __main__ - ERROR -   Batch 60: NaN or Inf loss detected! Skipping batch.
2026-05-08 04:03:59,622 - __main__ - ERROR -   Batch 61: NaN or Inf loss detected! Skipping batch.
2026-05-08 04:03:59,692 - __main__ - ERROR -   Batch 62: NaN or Inf loss detected! Skipping batch.
2026-05-08 04:03:59,763 - __main__ - ERROR -   Batch 63: NaN or Inf loss detected! Skipping batch.
2026-05-08 04:03:59,833 - __main__ - ERROR -   Batch 64: NaN or Inf loss detected! Skipping batch.
2026-05-08 04:03:59,897 - __main__ - ERROR -   Batch 65: NaN or Inf loss detected! Skipping batch.
2026-05-08 04:03:59,970 - __main__ - ERROR -   Batch 66: NaN or Inf loss detected! Skipping batch.
2026-05-08 04:04:00,041 - __main__ - ERROR -   Batch 67: NaN or Inf loss detected! Skipping batch.
2026-05-08 04:04:00,113 - __main__ - ERROR -   Batch 68: NaN or Inf loss detected! Skipping batch.
2026-05-08 04:04:00,184 - __main__ - ERROR -   Batch 69: NaN or Inf loss detected! Skipping batch.
2026-05-08 04:04:00,256 - __main__ - ERROR -   Batch 70: NaN or Inf loss detected! Skipping batch.
2026-05-08 04:04:00,329 - __main__ - ERROR -   Batch 71: NaN or Inf loss detected! Skipping batch.
2026-05-08 04:04:00,398 - __main__ - ERROR -   Batch 72: NaN or Inf loss detected! Skipping batch.
2026-05-08 04:04:00,469 - __main__ - ERROR -   Batch 73: NaN or Inf loss detected! Skipping batch.
2026-05-08 04:04:00,539 - __main__ - ERROR -   Batch 74: NaN or Inf loss detected! Skipping batch.
2026-05-08 04:04:00,610 - __main__ - ERROR -   Batch 75: NaN or Inf loss detected! Skipping batch.
2026-05-08 04:04:00,680 - __main__ - ERROR -   Batch 76: NaN or Inf loss detected! Skipping batch.
2026-05-08 04:04:00,751 - __main__ - ERROR -   Batch 77: NaN or Inf loss detected! Skipping batch.
2026-05-08 04:04:00,821 - __main__ - ERROR -   Batch 78: NaN or Inf loss detected! Skipping batch.
2026-05-08 04:04:00,892 - __main__ - ERROR -   Batch 79: NaN or Inf loss detected! Skipping batch.
2026-05-08 04:04:00,962 - __main__ - ERROR -   Batch 80: NaN or Inf loss detected! Skipping batch.
2026-05-08 04:04:01,032 - __main__ - ERROR -   Batch 81: NaN or Inf loss detected! Skipping batch.
2026-05-08 04:04:01,096 - __main__ - ERROR -   Batch 82: NaN or Inf loss detected! Skipping batch.
2026-05-08 04:04:01,167 - __main__ - ERROR -   Batch 83: NaN or Inf loss detected! Skipping batch.
2026-05-08 04:04:01,238 - __main__ - ERROR -   Batch 84: NaN or Inf loss detected! Skipping batch.
2026-05-08 04:04:01,309 - __main__ - ERROR -   Batch 85: NaN or Inf loss detected! Skipping batch.
2026-05-08 04:04:01,381 - __main__ - ERROR -   Batch 86: NaN or Inf loss detected! Skipping batch.
2026-05-08 04:04:01,453 - __main__ - ERROR -   Batch 87: NaN or Inf loss detected! Skipping batch.
2026-05-08 04:04:01,524 - __main__ - ERROR -   Batch 88: NaN or Inf loss detected! Skipping batch.
2026-05-08 04:04:01,596 - __main__ - ERROR -   Batch 89: NaN or Inf loss detected! Skipping batch.
2026-05-08 04:04:01,668 - __main__ - ERROR -   Batch 90: NaN or Inf loss detected! Skipping batch.
2026-05-08 04:04:01,739 - __main__ - ERROR -   Batch 91: NaN or Inf loss detected! Skipping batch.
2026-05-08 04:04:01,811 - __main__ - ERROR -   Batch 92: NaN or Inf loss detected! Skipping batch.
2026-05-08 04:04:01,882 - __main__ - ERROR -   Batch 93: NaN or Inf loss detected! Skipping batch.
2026-05-08 04:04:01,954 - __main__ - ERROR -   Batch 94: NaN or Inf loss detected! Skipping batch.
2026-05-08 04:04:02,026 - __main__ - ERROR -   Batch 95: NaN or Inf loss detected! Skipping batch.
2026-05-08 04:04:02,098 - __main__ - ERROR -   Batch 96: NaN or Inf loss detected! Skipping batch.
2026-05-08 04:04:02,170 - __main__ - ERROR -   Batch 97: NaN or Inf loss detected! Skipping batch.
2026-05-08 04:04:02,242 - __main__ - ERROR -   Batch 98: NaN or Inf loss detected! Skipping batch.
2026-05-08 04:04:02,314 - __main__ - ERROR -   Batch 99: NaN or Inf loss detected! Skipping batch.
2026-05-08 04:04:02,378 - __main__ - ERROR -   Batch 100: NaN or Inf loss detected! Skipping batch.
2026-05-08 04:04:02,450 - __main__ - ERROR -   Batch 101: NaN or Inf loss detected! Skipping batch.
2026-05-08 04:04:02,520 - __main__ - ERROR -   Batch 102: NaN or Inf loss detected! Skipping batch.
2026-05-08 04:04:02,592 - __main__ - ERROR -   Batch 103: NaN or Inf loss detected! Skipping batch.
2026-05-08 04:04:03,083 - __main__ - ERROR -   Batch 104: NaN or Inf loss detected! Skipping batch.
2026-05-08 04:04:03,155 - __main__ - ERROR -   Batch 105: NaN or Inf loss detected! Skipping batch.
2026-05-08 04:04:03,227 - __main__ - ERROR -   Batch 106: NaN or Inf loss detected! Skipping batch.
2026-05-08 04:04:03,299 - __main__ - ERROR -   Batch 107: NaN or Inf loss detected! Skipping batch.
2026-05-08 04:04:03,371 - __main__ - ERROR -   Batch 108: NaN or Inf loss detected! Skipping batch.
2026-05-08 04:04:03,442 - __main__ - ERROR -   Batch 109: NaN or Inf loss detected! Skipping batch.
2026-05-08 04:04:03,513 - __main__ - ERROR -   Batch 110: NaN or Inf loss detected! Skipping batch.
2026-05-08 04:04:03,585 - __main__ - ERROR -   Batch 111: NaN or Inf loss detected! Skipping batch.
2026-05-08 04:04:03,656 - __main__ - ERROR -   Batch 112: NaN or Inf loss detected! Skipping batch.
2026-05-08 04:04:03,727 - __main__ - ERROR -   Batch 113: NaN or Inf loss detected! Skipping batch.
2026-05-08 04:04:03,798 - __main__ - ERROR -   Batch 114: NaN or Inf loss detected! Skipping batch.
2026-05-08 04:04:03,869 - __main__ - ERROR -   Batch 115: NaN or Inf loss detected! Skipping batch.
2026-05-08 04:04:03,940 - __main__ - ERROR -   Batch 116: NaN or Inf loss detected! Skipping batch.
2026-05-08 04:04:04,011 - __main__ - ERROR -   Batch 117: NaN or Inf loss detected! Skipping batch.
2026-05-08 04:04:04,082 - __main__ - ERROR -   Batch 118: NaN or Inf loss detected! Skipping batch.
2026-05-08 04:04:04,154 - __main__ - ERROR -   Batch 119: NaN or Inf loss detected! Skipping batch.
2026-05-08 04:04:04,225 - __main__ - ERROR -   Batch 120: NaN or Inf loss detected! Skipping batch.
2026-05-08 04:04:04,290 - __main__ - ERROR -   Batch 121: NaN or Inf loss detected! Skipping batch.
2026-05-08 04:04:04,362 - __main__ - ERROR -   Batch 122: NaN or Inf loss detected! Skipping batch.
2026-05-08 04:04:04,433 - __main__ - ERROR -   Batch 123: NaN or Inf loss detected! Skipping batch.
2026-05-08 04:04:04,505 - __main__ - ERROR -   Batch 124: NaN or Inf loss detected! Skipping batch.
2026-05-08 04:04:04,577 - __main__ - ERROR -   Batch 125: NaN or Inf loss detected! Skipping batch.
2026-05-08 04:04:04,648 - __main__ - ERROR -   Batch 126: NaN or Inf loss detected! Skipping batch.
2026-05-08 04:04:04,720 - __main__ - ERROR -   Batch 127: NaN or Inf loss detected! Skipping batch.
2026-05-08 04:04:04,790 - __main__ - ERROR -   Batch 128: NaN or Inf loss detected! Skipping batch.
2026-05-08 04:04:04,855 - __main__ - ERROR -   Batch 129: NaN or Inf loss detected! Skipping batch.
2026-05-08 04:04:04,926 - __main__ - ERROR -   Batch 130: NaN or Inf loss detected! Skipping batch.
2026-05-08 04:04:04,997 - __main__ - ERROR -   Batch 131: NaN or Inf loss detected! Skipping batch.
2026-05-08 04:04:05,068 - __main__ - ERROR -   Batch 132: NaN or Inf loss detected! Skipping batch.
2026-05-08 04:04:05,140 - __main__ - ERROR -   Batch 133: NaN or Inf loss detected! Skipping batch.
2026-05-08 04:04:05,199 - __main__ - ERROR -   Batch 134: NaN or Inf loss detected! Skipping batch.
2026-05-08 04:04:05,265 - __main__ - ERROR -   Batch 135: NaN or Inf loss detected! Skipping batch.
2026-05-08 04:04:05,336 - __main__ - ERROR -   Batch 136: NaN or Inf loss detected! Skipping batch.
2026-05-08 04:04:05,407 - __main__ - ERROR -   Batch 137: NaN or Inf loss detected! Skipping batch.
2026-05-08 04:04:05,472 - __main__ - ERROR -   Batch 138: NaN or Inf loss detected! Skipping batch.
2026-05-08 04:04:05,543 - __main__ - ERROR -   Batch 139: NaN or Inf loss detected! Skipping batch.
2026-05-08 04:04:05,614 - __main__ - ERROR -   Batch 140: NaN or Inf loss detected! Skipping batch.
2026-05-08 04:04:05,685 - __main__ - ERROR -   Batch 141: NaN or Inf loss detected! Skipping batch.
2026-05-08 04:04:05,757 - __main__ - ERROR -   Batch 142: NaN or Inf loss detected! Skipping batch.
2026-05-08 04:04:05,828 - __main__ - ERROR -   Batch 143: NaN or Inf loss detected! Skipping batch.
2026-05-08 04:04:05,900 - __main__ - ERROR -   Batch 144: NaN or Inf loss detected! Skipping batch.
2026-05-08 04:04:05,971 - __main__ - ERROR -   Batch 145: NaN or Inf loss detected! Skipping batch.
2026-05-08 04:04:06,044 - __main__ - ERROR -   Batch 146: NaN or Inf loss detected! Skipping batch.
2026-05-08 04:04:06,115 - __main__ - ERROR -   Batch 147: NaN or Inf loss detected! Skipping batch.
2026-05-08 04:04:06,186 - __main__ - ERROR -   Batch 148: NaN or Inf loss detected! Skipping batch.
2026-05-08 04:04:06,256 - __main__ - ERROR -   Batch 149: NaN or Inf loss detected! Skipping batch.
2026-05-08 04:04:06,326 - __main__ - ERROR -   Batch 150: NaN or Inf loss detected! Skipping batch.
2026-05-08 04:04:06,396 - __main__ - ERROR -   Batch 151: NaN or Inf loss detected! Skipping batch.
2026-05-08 04:04:06,466 - __main__ - ERROR -   Batch 152: NaN or Inf loss detected! Skipping batch.
2026-05-08 04:04:06,535 - __main__ - ERROR -   Batch 153: NaN or Inf loss detected! Skipping batch.
2026-05-08 04:04:06,605 - __main__ - ERROR -   Batch 154: NaN or Inf loss detected! Skipping batch.
2026-05-08 04:04:06,675 - __main__ - ERROR -   Batch 155: NaN or Inf loss detected! Skipping batch.
2026-05-08 04:04:06,739 - __main__ - ERROR -   Batch 156: NaN or Inf loss detected! Skipping batch.
2026-05-08 04:04:06,811 - __main__ - ERROR -   Batch 157: NaN or Inf loss detected! Skipping batch.
2026-05-08 04:04:06,883 - __main__ - ERROR -   Batch 158: NaN or Inf loss detected! Skipping batch.
2026-05-08 04:04:06,955 - __main__ - ERROR -   Batch 159: NaN or Inf loss detected! Skipping batch.
2026-05-08 04:04:07,026 - __main__ - ERROR -   Batch 160: NaN or Inf loss detected! Skipping batch.
2026-05-08 04:04:07,098 - __main__ - ERROR -   Batch 161: NaN or Inf loss detected! Skipping batch.
2026-05-08 04:04:07,170 - __main__ - ERROR -   Batch 162: NaN or Inf loss detected! Skipping batch.
2026-05-08 04:04:07,241 - __main__ - ERROR -   Batch 163: NaN or Inf loss detected! Skipping batch.
2026-05-08 04:04:07,311 - __main__ - ERROR -   Batch 164: NaN or Inf loss detected! Skipping batch.
2026-05-08 04:04:07,381 - __main__ - ERROR -   Batch 165: NaN or Inf loss detected! Skipping batch.
2026-05-08 04:04:07,451 - __main__ - ERROR -   Batch 166: NaN or Inf loss detected! Skipping batch.
2026-05-08 04:04:07,520 - __main__ - ERROR -   Batch 167: NaN or Inf loss detected! Skipping batch.
2026-05-08 04:04:07,590 - __main__ - ERROR -   Batch 168: NaN or Inf loss detected! Skipping batch.
2026-05-08 04:04:07,660 - __main__ - ERROR -   Batch 169: NaN or Inf loss detected! Skipping batch.
2026-05-08 04:04:07,730 - __main__ - ERROR -   Batch 170: NaN or Inf loss detected! Skipping batch.
2026-05-08 04:04:07,801 - __main__ - ERROR -   Batch 171: NaN or Inf loss detected! Skipping batch.
2026-05-08 04:04:07,871 - __main__ - ERROR -   Batch 172: NaN or Inf loss detected! Skipping batch.
2026-05-08 04:04:07,941 - __main__ - ERROR -   Batch 173: NaN or Inf loss detected! Skipping batch.
2026-05-08 04:04:08,006 - __main__ - ERROR -   Batch 174: NaN or Inf loss detected! Skipping batch.
2026-05-08 04:04:08,071 - __main__ - ERROR -   Batch 175: NaN or Inf loss detected! Skipping batch.
2026-05-08 04:04:08,141 - __main__ - ERROR -   Batch 176: NaN or Inf loss detected! Skipping batch.
2026-05-08 04:04:08,212 - __main__ - ERROR -   Batch 177: NaN or Inf loss detected! Skipping batch.
2026-05-08 04:04:08,283 - __main__ - ERROR -   Batch 178: NaN or Inf loss detected! Skipping batch.
2026-05-08 04:04:08,355 - __main__ - ERROR -   Batch 179: NaN or Inf loss detected! Skipping batch.
2026-05-08 04:04:08,427 - __main__ - ERROR -   Batch 180: NaN or Inf loss detected! Skipping batch.
2026-05-08 04:04:08,499 - __main__ - ERROR -   Batch 181: NaN or Inf loss detected! Skipping batch.
2026-05-08 04:04:08,571 - __main__ - ERROR -   Batch 182: NaN or Inf loss detected! Skipping batch.
2026-05-08 04:04:08,643 - __main__ - ERROR -   Batch 183: NaN or Inf loss detected! Skipping batch.
2026-05-08 04:04:08,717 - __main__ - ERROR -   Batch 184: NaN or Inf loss detected! Skipping batch.
2026-05-08 04:04:08,789 - __main__ - ERROR -   Batch 185: NaN or Inf loss detected! Skipping batch.
2026-05-08 04:04:08,860 - __main__ - ERROR -   Batch 186: NaN or Inf loss detected! Skipping batch.
2026-05-08 04:04:08,932 - __main__ - ERROR -   Batch 187: NaN or Inf loss detected! Skipping batch.
2026-05-08 04:04:09,003 - __main__ - ERROR -   Batch 188: NaN or Inf loss detected! Skipping batch.
2026-05-08 04:04:09,075 - __main__ - ERROR -   Batch 189: NaN or Inf loss detected! Skipping batch.
2026-05-08 04:04:09,146 - __main__ - ERROR -   Batch 190: NaN or Inf loss detected! Skipping batch.
2026-05-08 04:04:09,218 - __main__ - ERROR -   Batch 191: NaN or Inf loss detected! Skipping batch.
2026-05-08 04:04:09,290 - __main__ - ERROR -   Batch 192: NaN or Inf loss detected! Skipping batch.
2026-05-08 04:04:09,362 - __main__ - ERROR -   Batch 193: NaN or Inf loss detected! Skipping batch.
2026-05-08 04:04:09,436 - __main__ - ERROR -   Batch 194: NaN or Inf loss detected! Skipping batch.
2026-05-08 04:04:09,508 - __main__ - ERROR -   Batch 195: NaN or Inf loss detected! Skipping batch.
2026-05-08 04:04:09,580 - __main__ - ERROR -   Batch 196: NaN or Inf loss detected! Skipping batch.
2026-05-08 04:04:09,651 - __main__ - ERROR -   Batch 197: NaN or Inf loss detected! Skipping batch.
2026-05-08 04:04:09,723 - __main__ - ERROR -   Batch 198: NaN or Inf loss detected! Skipping batch.
2026-05-08 04:04:09,795 - __main__ - ERROR -   Batch 199: NaN or Inf loss detected! Skipping batch.
2026-05-08 04:04:09,866 - __main__ - ERROR -   Batch 200: NaN or Inf loss detected! Skipping batch.
2026-05-08 04:04:09,938 - __main__ - ERROR -   Batch 201: NaN or Inf loss detected! Skipping batch.
2026-05-08 04:04:10,010 - __main__ - ERROR -   Batch 202: NaN or Inf loss detected! Skipping batch.
2026-05-08 04:04:10,083 - __main__ - ERROR -   Batch 203: NaN or Inf loss detected! Skipping batch.
2026-05-08 04:04:10,155 - __main__ - ERROR -   Batch 204: NaN or Inf loss detected! Skipping batch.
2026-05-08 04:04:10,226 - __main__ - ERROR -   Batch 205: NaN or Inf loss detected! Skipping batch.
2026-05-08 04:04:10,299 - __main__ - ERROR -   Batch 206: NaN or Inf loss detected! Skipping batch.
2026-05-08 04:04:10,371 - __main__ - ERROR -   Batch 207: NaN or Inf loss detected! Skipping batch.
2026-05-08 04:04:10,442 - __main__ - ERROR -   Batch 208: NaN or Inf loss detected! Skipping batch.
2026-05-08 04:04:10,514 - __main__ - ERROR -   Batch 209: NaN or Inf loss detected! Skipping batch.
2026-05-08 04:04:10,579 - __main__ - ERROR -   Batch 210: NaN or Inf loss detected! Skipping batch.
2026-05-08 04:04:10,651 - __main__ - ERROR -   Batch 211: NaN or Inf loss detected! Skipping batch.
2026-05-08 04:04:10,723 - __main__ - ERROR -   Batch 212: NaN or Inf loss detected! Skipping batch.
2026-05-08 04:04:10,795 - __main__ - ERROR -   Batch 213: NaN or Inf loss detected! Skipping batch.
2026-05-08 04:04:10,867 - __main__ - ERROR -   Batch 214: NaN or Inf loss detected! Skipping batch.
2026-05-08 04:04:10,938 - __main__ - ERROR -   Batch 215: NaN or Inf loss detected! Skipping batch.
2026-05-08 04:04:11,003 - __main__ - ERROR -   Batch 216: NaN or Inf loss detected! Skipping batch.
2026-05-08 04:04:11,073 - __main__ - ERROR -   Batch 217: NaN or Inf loss detected! Skipping batch.
2026-05-08 04:04:11,144 - __main__ - ERROR -   Batch 218: NaN or Inf loss detected! Skipping batch.
2026-05-08 04:04:11,210 - __main__ - ERROR -   Batch 219: NaN or Inf loss detected! Skipping batch.
2026-05-08 04:04:11,283 - __main__ - ERROR -   Batch 220: NaN or Inf loss detected! Skipping batch.
2026-05-08 04:04:11,740 - __main__ - ERROR -   Batch 221: NaN or Inf loss detected! Skipping batch.
2026-05-08 04:04:11,811 - __main__ - ERROR -   Batch 222: NaN or Inf loss detected! Skipping batch.
2026-05-08 04:04:11,884 - __main__ - ERROR -   Batch 223: NaN or Inf loss detected! Skipping batch.
2026-05-08 04:04:11,954 - __main__ - ERROR -   Batch 224: NaN or Inf loss detected! Skipping batch.
2026-05-08 04:04:12,025 - __main__ - ERROR -   Batch 225: NaN or Inf loss detected! Skipping batch.
2026-05-08 04:04:12,095 - __main__ - ERROR -   Batch 226: NaN or Inf loss detected! Skipping batch.
2026-05-08 04:04:12,154 - __main__ - ERROR -   Batch 227: NaN or Inf loss detected! Skipping batch.
2026-05-08 04:04:12,226 - __main__ - ERROR -   Batch 228: NaN or Inf loss detected! Skipping batch.
2026-05-08 04:04:12,297 - __main__ - ERROR -   Batch 229: NaN or Inf loss detected! Skipping batch.
2026-05-08 04:04:12,367 - __main__ - ERROR -   Batch 230: NaN or Inf loss detected! Skipping batch.
2026-05-08 04:04:12,439 - __main__ - ERROR -   Batch 231: NaN or Inf loss detected! Skipping batch.
2026-05-08 04:04:12,510 - __main__ - ERROR -   Batch 232: NaN or Inf loss detected! Skipping batch.
2026-05-08 04:04:12,583 - __main__ - ERROR -   Batch 233: NaN or Inf loss detected! Skipping batch.
2026-05-08 04:04:12,654 - __main__ - ERROR -   Batch 234: NaN or Inf loss detected! Skipping batch.
2026-05-08 04:04:12,726 - __main__ - ERROR -   Batch 235: NaN or Inf loss detected! Skipping batch.
2026-05-08 04:04:12,798 - __main__ - ERROR -   Batch 236: NaN or Inf loss detected! Skipping batch.
2026-05-08 04:04:12,868 - __main__ - ERROR -   Batch 237: NaN or Inf loss detected! Skipping batch.
2026-05-08 04:04:12,933 - __main__ - ERROR -   Batch 238: NaN or Inf loss detected! Skipping batch.
2026-05-08 04:04:13,003 - __main__ - ERROR -   Batch 239: NaN or Inf loss detected! Skipping batch.
2026-05-08 04:04:13,074 - __main__ - ERROR -   Batch 240: NaN or Inf loss detected! Skipping batch.
2026-05-08 04:04:13,145 - __main__ - ERROR -   Batch 241: NaN or Inf loss detected! Skipping batch.
2026-05-08 04:04:13,217 - __main__ - ERROR -   Batch 242: NaN or Inf loss detected! Skipping batch.
2026-05-08 04:04:13,289 - __main__ - ERROR -   Batch 243: NaN or Inf loss detected! Skipping batch.
2026-05-08 04:04:13,361 - __main__ - ERROR -   Batch 244: NaN or Inf loss detected! Skipping batch.
2026-05-08 04:04:13,426 - __main__ - ERROR -   Batch 245: NaN or Inf loss detected! Skipping batch.
2026-05-08 04:04:13,497 - __main__ - ERROR -   Batch 246: NaN or Inf loss detected! Skipping batch.
2026-05-08 04:04:13,568 - __main__ - ERROR -   Batch 247: NaN or Inf loss detected! Skipping batch.
2026-05-08 04:04:13,639 - __main__ - ERROR -   Batch 248: NaN or Inf loss detected! Skipping batch.
2026-05-08 04:04:13,711 - __main__ - ERROR -   Batch 249: NaN or Inf loss detected! Skipping batch.
2026-05-08 04:04:13,783 - __main__ - ERROR -   Batch 250: NaN or Inf loss detected! Skipping batch.
2026-05-08 04:04:13,849 - __main__ - ERROR -   Batch 251: NaN or Inf loss detected! Skipping batch.
2026-05-08 04:04:13,920 - __main__ - ERROR -   Batch 252: NaN or Inf loss detected! Skipping batch.
2026-05-08 04:04:13,990 - __main__ - ERROR -   Batch 253: NaN or Inf loss detected! Skipping batch.
2026-05-08 04:04:14,061 - __main__ - ERROR -   Batch 254: NaN or Inf loss detected! Skipping batch.
2026-05-08 04:04:14,132 - __main__ - ERROR -   Batch 255: NaN or Inf loss detected! Skipping batch.
2026-05-08 04:04:14,204 - __main__ - ERROR -   Batch 256: NaN or Inf loss detected! Skipping batch.
2026-05-08 04:04:14,276 - __main__ - ERROR -   Batch 257: NaN or Inf loss detected! Skipping batch.
2026-05-08 04:04:14,341 - __main__ - ERROR -   Batch 258: NaN or Inf loss detected! Skipping batch.
2026-05-08 04:04:14,412 - __main__ - ERROR -   Batch 259: NaN or Inf loss detected! Skipping batch.
2026-05-08 04:04:14,483 - __main__ - ERROR -   Batch 260: NaN or Inf loss detected! Skipping batch.
2026-05-08 04:04:14,555 - __main__ - ERROR -   Batch 261: NaN or Inf loss detected! Skipping batch.
2026-05-08 04:04:14,625 - __main__ - ERROR -   Batch 262: NaN or Inf loss detected! Skipping batch.
2026-05-08 04:04:14,697 - __main__ - ERROR -   Batch 263: NaN or Inf loss detected! Skipping batch.
2026-05-08 04:04:14,767 - __main__ - ERROR -   Batch 264: NaN or Inf loss detected! Skipping batch.
2026-05-08 04:04:14,839 - __main__ - ERROR -   Batch 265: NaN or Inf loss detected! Skipping batch.
2026-05-08 04:04:14,911 - __main__ - ERROR -   Batch 266: NaN or Inf loss detected! Skipping batch.
2026-05-08 04:04:14,977 - __main__ - ERROR -   Batch 267: NaN or Inf loss detected! Skipping batch.
2026-05-08 04:04:15,043 - __main__ - ERROR -   Batch 268: NaN or Inf loss detected! Skipping batch.
2026-05-08 04:04:15,113 - __main__ - ERROR -   Batch 269: NaN or Inf loss detected! Skipping batch.
2026-05-08 04:04:15,184 - __main__ - ERROR -   Batch 270: NaN or Inf loss detected! Skipping batch.
2026-05-08 04:04:15,256 - __main__ - ERROR -   Batch 271: NaN or Inf loss detected! Skipping batch.
2026-05-08 04:04:15,315 - __main__ - ERROR -   Batch 272: NaN or Inf loss detected! Skipping batch.
2026-05-08 04:04:15,386 - __main__ - ERROR -   Batch 273: NaN or Inf loss detected! Skipping batch.
2026-05-08 04:04:15,457 - __main__ - ERROR -   Batch 274: NaN or Inf loss detected! Skipping batch.
2026-05-08 04:04:15,529 - __main__ - ERROR -   Batch 275: NaN or Inf loss detected! Skipping batch.
2026-05-08 04:04:15,601 - __main__ - ERROR -   Batch 276: NaN or Inf loss detected! Skipping batch.
2026-05-08 04:04:15,672 - __main__ - ERROR -   Batch 277: NaN or Inf loss detected! Skipping batch.
2026-05-08 04:04:15,743 - __main__ - ERROR -   Batch 278: NaN or Inf loss detected! Skipping batch.
2026-05-08 04:04:15,814 - __main__ - ERROR -   Batch 279: NaN or Inf loss detected! Skipping batch.
2026-05-08 04:04:15,885 - __main__ - ERROR -   Batch 280: NaN or Inf loss detected! Skipping batch.
2026-05-08 04:04:15,956 - __main__ - ERROR -   Batch 281: NaN or Inf loss detected! Skipping batch.
2026-05-08 04:04:16,027 - __main__ - ERROR -   Batch 282: NaN or Inf loss detected! Skipping batch.
2026-05-08 04:04:16,099 - __main__ - ERROR -   Batch 283: NaN or Inf loss detected! Skipping batch.
2026-05-08 04:04:16,163 - __main__ - ERROR -   Batch 284: NaN or Inf loss detected! Skipping batch.
2026-05-08 04:04:16,228 - __main__ - ERROR -   Batch 285: NaN or Inf loss detected! Skipping batch.
2026-05-08 04:04:16,299 - __main__ - ERROR -   Batch 286: NaN or Inf loss detected! Skipping batch.
2026-05-08 04:04:16,364 - __main__ - ERROR -   Batch 287: NaN or Inf loss detected! Skipping batch.
2026-05-08 04:04:16,436 - __main__ - ERROR -   Batch 288: NaN or Inf loss detected! Skipping batch.
2026-05-08 04:04:16,506 - __main__ - ERROR -   Batch 289: NaN or Inf loss detected! Skipping batch.
2026-05-08 04:04:16,578 - __main__ - ERROR -   Batch 290: NaN or Inf loss detected! Skipping batch.
2026-05-08 04:04:16,649 - __main__ - ERROR -   Batch 291: NaN or Inf loss detected! Skipping batch.
2026-05-08 04:04:16,721 - __main__ - ERROR -   Batch 292: NaN or Inf loss detected! Skipping batch.
2026-05-08 04:04:16,792 - __main__ - ERROR -   Batch 293: NaN or Inf loss detected! Skipping batch.
2026-05-08 04:04:16,863 - __main__ - ERROR -   Batch 294: NaN or Inf loss detected! Skipping batch.
2026-05-08 04:04:16,934 - __main__ - ERROR -   Batch 295: NaN or Inf loss detected! Skipping batch.
2026-05-08 04:04:17,005 - __main__ - ERROR -   Batch 296: NaN or Inf loss detected! Skipping batch.
2026-05-08 04:04:17,077 - __main__ - ERROR -   Batch 297: NaN or Inf loss detected! Skipping batch.
2026-05-08 04:04:17,148 - __main__ - ERROR -   Batch 298: NaN or Inf loss detected! Skipping batch.
2026-05-08 04:04:17,220 - __main__ - ERROR -   Batch 299: NaN or Inf loss detected! Skipping batch.
2026-05-08 04:04:17,291 - __main__ - ERROR -   Batch 300: NaN or Inf loss detected! Skipping batch.
2026-05-08 04:04:17,363 - __main__ - ERROR -   Batch 301: NaN or Inf loss detected! Skipping batch.
2026-05-08 04:04:17,434 - __main__ - ERROR -   Batch 302: NaN or Inf loss detected! Skipping batch.
2026-05-08 04:04:17,506 - __main__ - ERROR -   Batch 303: NaN or Inf loss detected! Skipping batch.
2026-05-08 04:04:17,578 - __main__ - ERROR -   Batch 304: NaN or Inf loss detected! Skipping batch.
2026-05-08 04:04:17,650 - __main__ - ERROR -   Batch 305: NaN or Inf loss detected! Skipping batch.
2026-05-08 04:04:17,722 - __main__ - ERROR -   Batch 306: NaN or Inf loss detected! Skipping batch.
2026-05-08 04:04:17,793 - __main__ - ERROR -   Batch 307: NaN or Inf loss detected! Skipping batch.
2026-05-08 04:04:17,857 - __main__ - ERROR -   Batch 308: NaN or Inf loss detected! Skipping batch.
2026-05-08 04:04:17,929 - __main__ - ERROR -   Batch 309: NaN or Inf loss detected! Skipping batch.
2026-05-08 04:04:17,999 - __main__ - ERROR -   Batch 310: NaN or Inf loss detected! Skipping batch.
2026-05-08 04:04:18,071 - __main__ - ERROR -   Batch 311: NaN or Inf loss detected! Skipping batch.
2026-05-08 04:04:18,142 - __main__ - ERROR -   Batch 312: NaN or Inf loss detected! Skipping batch.
2026-05-08 04:04:18,214 - __main__ - ERROR -   Batch 313: NaN or Inf loss detected! Skipping batch.
2026-05-08 04:04:18,285 - __main__ - ERROR -   Batch 314: NaN or Inf loss detected! Skipping batch.
2026-05-08 04:04:18,357 - __main__ - ERROR -   Batch 315: NaN or Inf loss detected! Skipping batch.
2026-05-08 04:04:18,429 - __main__ - ERROR -   Batch 316: NaN or Inf loss detected! Skipping batch.
2026-05-08 04:04:18,499 - __main__ - ERROR -   Batch 317: NaN or Inf loss detected! Skipping batch.
2026-05-08 04:04:18,571 - __main__ - ERROR -   Batch 318: NaN or Inf loss detected! Skipping batch.
2026-05-08 04:04:18,642 - __main__ - ERROR -   Batch 319: NaN or Inf loss detected! Skipping batch.
2026-05-08 04:04:18,713 - __main__ - ERROR -   Batch 320: NaN or Inf loss detected! Skipping batch.
2026-05-08 04:04:18,785 - __main__ - ERROR -   Batch 321: NaN or Inf loss detected! Skipping batch.
2026-05-08 04:04:18,856 - __main__ - ERROR -   Batch 322: NaN or Inf loss detected! Skipping batch.
2026-05-08 04:04:18,927 - __main__ - ERROR -   Batch 323: NaN or Inf loss detected! Skipping batch.
2026-05-08 04:04:18,997 - __main__ - ERROR -   Batch 324: NaN or Inf loss detected! Skipping batch.
2026-05-08 04:04:19,067 - __main__ - ERROR -   Batch 325: NaN or Inf loss detected! Skipping batch.
2026-05-08 04:04:19,137 - __main__ - ERROR -   Batch 326: NaN or Inf loss detected! Skipping batch.
2026-05-08 04:04:19,207 - __main__ - ERROR -   Batch 327: NaN or Inf loss detected! Skipping batch.
2026-05-08 04:04:19,277 - __main__ - ERROR -   Batch 328: NaN or Inf loss detected! Skipping batch.
2026-05-08 04:04:19,348 - __main__ - ERROR -   Batch 329: NaN or Inf loss detected! Skipping batch.
2026-05-08 04:04:19,418 - __main__ - ERROR -   Batch 330: NaN or Inf loss detected! Skipping batch.
2026-05-08 04:04:19,488 - __main__ - ERROR -   Batch 331: NaN or Inf loss detected! Skipping batch.
2026-05-08 04:04:19,557 - __main__ - ERROR -   Batch 332: NaN or Inf loss detected! Skipping batch.
2026-05-08 04:04:20,005 - __main__ - ERROR -   Batch 333: NaN or Inf loss detected! Skipping batch.
2026-05-08 04:04:20,076 - __main__ - ERROR -   Batch 334: NaN or Inf loss detected! Skipping batch.
2026-05-08 04:04:20,146 - __main__ - ERROR -   Batch 335: NaN or Inf loss detected! Skipping batch.
2026-05-08 04:04:20,216 - __main__ - ERROR -   Batch 336: NaN or Inf loss detected! Skipping batch.
2026-05-08 04:04:20,287 - __main__ - ERROR -   Batch 337: NaN or Inf loss detected! Skipping batch.
2026-05-08 04:04:20,357 - __main__ - ERROR -   Batch 338: NaN or Inf loss detected! Skipping batch.
2026-05-08 04:04:20,422 - __main__ - ERROR -   Batch 339: NaN or Inf loss detected! Skipping batch.
2026-05-08 04:04:20,492 - __main__ - ERROR -   Batch 340: NaN or Inf loss detected! Skipping batch.
2026-05-08 04:04:20,563 - __main__ - ERROR -   Batch 341: NaN or Inf loss detected! Skipping batch.
2026-05-08 04:04:20,628 - __main__ - ERROR -   Batch 342: NaN or Inf loss detected! Skipping batch.
2026-05-08 04:04:20,699 - __main__ - ERROR -   Batch 343: NaN or Inf loss detected! Skipping batch.
2026-05-08 04:04:20,764 - __main__ - ERROR -   Batch 344: NaN or Inf loss detected! Skipping batch.
2026-05-08 04:04:20,823 - __main__ - ERROR -   Batch 345: NaN or Inf loss detected! Skipping batch.
2026-05-08 04:04:20,894 - __main__ - ERROR -   Batch 346: NaN or Inf loss detected! Skipping batch.
2026-05-08 04:04:20,965 - __main__ - ERROR -   Batch 347: NaN or Inf loss detected! Skipping batch.
2026-05-08 04:04:21,035 - __main__ - ERROR -   Batch 348: NaN or Inf loss detected! Skipping batch.
2026-05-08 04:04:21,107 - __main__ - ERROR -   Batch 349: NaN or Inf loss detected! Skipping batch.
2026-05-08 04:04:21,177 - __main__ - ERROR -   Batch 350: NaN or Inf loss detected! Skipping batch.
2026-05-08 04:04:21,242 - __main__ - ERROR -   Batch 351: NaN or Inf loss detected! Skipping batch.
2026-05-08 04:04:21,314 - __main__ - ERROR -   Batch 352: NaN or Inf loss detected! Skipping batch.
2026-05-08 04:04:21,385 - __main__ - ERROR -   Batch 353: NaN or Inf loss detected! Skipping batch.
2026-05-08 04:04:21,456 - __main__ - ERROR -   Batch 354: NaN or Inf loss detected! Skipping batch.
2026-05-08 04:04:21,521 - __main__ - ERROR -   Batch 355: NaN or Inf loss detected! Skipping batch.
2026-05-08 04:04:21,593 - __main__ - ERROR -   Batch 356: NaN or Inf loss detected! Skipping batch.
2026-05-08 04:04:21,664 - __main__ - ERROR -   Batch 357: NaN or Inf loss detected! Skipping batch.
2026-05-08 04:04:21,735 - __main__ - ERROR -   Batch 358: NaN or Inf loss detected! Skipping batch.
2026-05-08 04:04:21,807 - __main__ - ERROR -   Batch 359: NaN or Inf loss detected! Skipping batch.
2026-05-08 04:04:21,878 - __main__ - ERROR -   Batch 360: NaN or Inf loss detected! Skipping batch.
2026-05-08 04:04:21,953 - __main__ - ERROR -   Batch 361: NaN or Inf loss detected! Skipping batch.
2026-05-08 04:04:22,025 - __main__ - ERROR -   Batch 362: NaN or Inf loss detected! Skipping batch.
2026-05-08 04:04:22,097 - __main__ - ERROR -   Batch 363: NaN or Inf loss detected! Skipping batch.
2026-05-08 04:04:22,169 - __main__ - ERROR -   Batch 364: NaN or Inf loss detected! Skipping batch.
2026-05-08 04:04:22,240 - __main__ - ERROR -   Batch 365: NaN or Inf loss detected! Skipping batch.
2026-05-08 04:04:22,312 - __main__ - ERROR -   Batch 366: NaN or Inf loss detected! Skipping batch.
2026-05-08 04:04:22,384 - __main__ - ERROR -   Batch 367: NaN or Inf loss detected! Skipping batch.
2026-05-08 04:04:22,456 - __main__ - ERROR -   Batch 368: NaN or Inf loss detected! Skipping batch.
2026-05-08 04:04:22,527 - __main__ - ERROR -   Batch 369: NaN or Inf loss detected! Skipping batch.
2026-05-08 04:04:22,599 - __main__ - ERROR -   Batch 370: NaN or Inf loss detected! Skipping batch.
2026-05-08 04:04:22,670 - __main__ - ERROR -   Batch 371: NaN or Inf loss detected! Skipping batch.
2026-05-08 04:04:22,742 - __main__ - ERROR -   Batch 372: NaN or Inf loss detected! Skipping batch.
2026-05-08 04:04:22,806 - __main__ - ERROR -   Batch 373: NaN or Inf loss detected! Skipping batch.
2026-05-08 04:04:22,878 - __main__ - ERROR -   Batch 374: NaN or Inf loss detected! Skipping batch.
2026-05-08 04:04:22,948 - __main__ - ERROR -   Batch 375: NaN or Inf loss detected! Skipping batch.
2026-05-08 04:04:23,019 - __main__ - ERROR -   Batch 376: NaN or Inf loss detected! Skipping batch.
2026-05-08 04:04:23,091 - __main__ - ERROR -   Batch 377: NaN or Inf loss detected! Skipping batch.
2026-05-08 04:04:23,162 - __main__ - ERROR -   Batch 378: NaN or Inf loss detected! Skipping batch.
2026-05-08 04:04:23,225 - __main__ - ERROR -   Batch 379: NaN or Inf loss detected! Skipping batch.
2026-05-08 04:04:23,297 - __main__ - ERROR -   Batch 380: NaN or Inf loss detected! Skipping batch.
2026-05-08 04:04:23,368 - __main__ - ERROR -   Batch 381: NaN or Inf loss detected! Skipping batch.
2026-05-08 04:04:23,440 - __main__ - ERROR -   Batch 382: NaN or Inf loss detected! Skipping batch.
2026-05-08 04:04:23,510 - __main__ - ERROR -   Batch 383: NaN or Inf loss detected! Skipping batch.
2026-05-08 04:04:23,581 - __main__ - ERROR -   Batch 384: NaN or Inf loss detected! Skipping batch.
2026-05-08 04:04:23,646 - __main__ - ERROR -   Batch 385: NaN or Inf loss detected! Skipping batch.
2026-05-08 04:04:23,718 - __main__ - ERROR -   Batch 386: NaN or Inf loss detected! Skipping batch.
2026-05-08 04:04:23,789 - __main__ - ERROR -   Batch 387: NaN or Inf loss detected! Skipping batch.
2026-05-08 04:04:23,860 - __main__ - ERROR -   Batch 388: NaN or Inf loss detected! Skipping batch.
2026-05-08 04:04:23,931 - __main__ - ERROR -   Batch 389: NaN or Inf loss detected! Skipping batch.
2026-05-08 04:04:24,003 - __main__ - ERROR -   Batch 390: NaN or Inf loss detected! Skipping batch.
2026-05-08 04:04:24,062 - __main__ - ERROR -   Batch 391: NaN or Inf loss detected! Skipping batch.
2026-05-08 04:04:24,133 - __main__ - ERROR -   Batch 392: NaN or Inf loss detected! Skipping batch.
2026-05-08 04:04:24,204 - __main__ - ERROR -   Batch 393: NaN or Inf loss detected! Skipping batch.
2026-05-08 04:04:24,263 - __main__ - ERROR -   Batch 394: NaN or Inf loss detected! Skipping batch.
2026-05-08 04:04:24,336 - __main__ - ERROR -   Batch 395: NaN or Inf loss detected! Skipping batch.
2026-05-08 04:04:24,407 - __main__ - ERROR -   Batch 396: NaN or Inf loss detected! Skipping batch.
2026-05-08 04:04:24,478 - __main__ - ERROR -   Batch 397: NaN or Inf loss detected! Skipping batch.
2026-05-08 04:04:24,549 - __main__ - ERROR -   Batch 398: NaN or Inf loss detected! Skipping batch.
2026-05-08 04:04:24,620 - __main__ - ERROR -   Batch 399: NaN or Inf loss detected! Skipping batch.
2026-05-08 04:04:24,691 - __main__ - ERROR -   Batch 400: NaN or Inf loss detected! Skipping batch.
2026-05-08 04:04:24,763 - __main__ - ERROR -   Batch 401: NaN or Inf loss detected! Skipping batch.
2026-05-08 04:04:24,834 - __main__ - ERROR -   Batch 402: NaN or Inf loss detected! Skipping batch.
2026-05-08 04:04:24,906 - __main__ - ERROR -   Batch 403: NaN or Inf loss detected! Skipping batch.
2026-05-08 04:04:24,977 - __main__ - ERROR -   Batch 404: NaN or Inf loss detected! Skipping batch.
2026-05-08 04:04:25,048 - __main__ - ERROR -   Batch 405: NaN or Inf loss detected! Skipping batch.
2026-05-08 04:04:25,113 - __main__ - ERROR -   Batch 406: NaN or Inf loss detected! Skipping batch.
2026-05-08 04:04:25,184 - __main__ - ERROR -   Batch 407: NaN or Inf loss detected! Skipping batch.
2026-05-08 04:04:25,239 - __main__ - ERROR -   Batch 408: NaN or Inf loss detected! Skipping batch.
2026-05-08 04:04:25,310 - __main__ - ERROR -   Batch 409: NaN or Inf loss detected! Skipping batch.
2026-05-08 04:04:25,380 - __main__ - ERROR -   Batch 410: NaN or Inf loss detected! Skipping batch.
2026-05-08 04:04:25,445 - __main__ - ERROR -   Batch 411: NaN or Inf loss detected! Skipping batch.
2026-05-08 04:04:25,516 - __main__ - ERROR -   Batch 412: NaN or Inf loss detected! Skipping batch.
2026-05-08 04:04:25,587 - __main__ - ERROR -   Batch 413: NaN or Inf loss detected! Skipping batch.
2026-05-08 04:04:25,659 - __main__ - ERROR -   Batch 414: NaN or Inf loss detected! Skipping batch.
2026-05-08 04:04:25,731 - __main__ - ERROR -   Batch 415: NaN or Inf loss detected! Skipping batch.
2026-05-08 04:04:25,800 - __main__ - ERROR -   Batch 416: NaN or Inf loss detected! Skipping batch.
2026-05-08 04:04:25,871 - __main__ - ERROR -   Batch 417: NaN or Inf loss detected! Skipping batch.
2026-05-08 04:04:25,941 - __main__ - ERROR -   Batch 418: NaN or Inf loss detected! Skipping batch.
2026-05-08 04:04:26,012 - __main__ - ERROR -   Batch 419: NaN or Inf loss detected! Skipping batch.
2026-05-08 04:04:26,083 - __main__ - ERROR -   Batch 420: NaN or Inf loss detected! Skipping batch.
2026-05-08 04:04:26,154 - __main__ - ERROR -   Batch 421: NaN or Inf loss detected! Skipping batch.
2026-05-08 04:04:26,224 - __main__ - ERROR -   Batch 422: NaN or Inf loss detected! Skipping batch.
2026-05-08 04:04:26,295 - __main__ - ERROR -   Batch 423: NaN or Inf loss detected! Skipping batch.
2026-05-08 04:04:26,365 - __main__ - ERROR -   Batch 424: NaN or Inf loss detected! Skipping batch.
2026-05-08 04:04:26,436 - __main__ - ERROR -   Batch 425: NaN or Inf loss detected! Skipping batch.
2026-05-08 04:04:26,506 - __main__ - ERROR -   Batch 426: NaN or Inf loss detected! Skipping batch.
2026-05-08 04:04:26,577 - __main__ - ERROR -   Batch 427: NaN or Inf loss detected! Skipping batch.
2026-05-08 04:04:26,647 - __main__ - ERROR -   Batch 428: NaN or Inf loss detected! Skipping batch.
2026-05-08 04:04:26,718 - __main__ - ERROR -   Batch 429: NaN or Inf loss detected! Skipping batch.
2026-05-08 04:04:26,782 - __main__ - ERROR -   Batch 430: NaN or Inf loss detected! Skipping batch.
2026-05-08 04:04:26,854 - __main__ - ERROR -   Batch 431: NaN or Inf loss detected! Skipping batch.
2026-05-08 04:04:26,925 - __main__ - ERROR -   Batch 432: NaN or Inf loss detected! Skipping batch.
2026-05-08 04:04:26,996 - __main__ - ERROR -   Batch 433: NaN or Inf loss detected! Skipping batch.
2026-05-08 04:04:27,068 - __main__ - ERROR -   Batch 434: NaN or Inf loss detected! Skipping batch.
2026-05-08 04:04:27,140 - __main__ - ERROR -   Batch 435: NaN or Inf loss detected! Skipping batch.
2026-05-08 04:04:27,212 - __main__ - ERROR -   Batch 436: NaN or Inf loss detected! Skipping batch.
2026-05-08 04:04:27,284 - __main__ - ERROR -   Batch 437: NaN or Inf loss detected! Skipping batch.
2026-05-08 04:04:27,355 - __main__ - ERROR -   Batch 438: NaN or Inf loss detected! Skipping batch.
2026-05-08 04:04:27,426 - __main__ - ERROR -   Batch 439: NaN or Inf loss detected! Skipping batch.
2026-05-08 04:04:27,496 - __main__ - ERROR -   Batch 440: NaN or Inf loss detected! Skipping batch.
2026-05-08 04:04:27,566 - __main__ - ERROR -   Batch 441: NaN or Inf loss detected! Skipping batch.
2026-05-08 04:04:27,637 - __main__ - ERROR -   Batch 442: NaN or Inf loss detected! Skipping batch.
2026-05-08 04:04:27,708 - __main__ - ERROR -   Batch 443: NaN or Inf loss detected! Skipping batch.
2026-05-08 04:04:27,778 - __main__ - ERROR -   Batch 444: NaN or Inf loss detected! Skipping batch.
2026-05-08 04:04:27,849 - __main__ - ERROR -   Batch 445: NaN or Inf loss detected! Skipping batch.
2026-05-08 04:04:27,919 - __main__ - ERROR -   Batch 446: NaN or Inf loss detected! Skipping batch.
2026-05-08 04:04:27,989 - __main__ - ERROR -   Batch 447: NaN or Inf loss detected! Skipping batch.
2026-05-08 04:04:28,060 - __main__ - ERROR -   Batch 448: NaN or Inf loss detected! Skipping batch.
2026-05-08 04:04:28,478 - __main__ - ERROR -   Batch 449: NaN or Inf loss detected! Skipping batch.
2026-05-08 04:04:28,549 - __main__ - ERROR -   Batch 450: NaN or Inf loss detected! Skipping batch.
2026-05-08 04:04:28,620 - __main__ - ERROR -   Batch 451: NaN or Inf loss detected! Skipping batch.
2026-05-08 04:04:28,691 - __main__ - ERROR -   Batch 452: NaN or Inf loss detected! Skipping batch.
2026-05-08 04:04:28,761 - __main__ - ERROR -   Batch 453: NaN or Inf loss detected! Skipping batch.
2026-05-08 04:04:28,832 - __main__ - ERROR -   Batch 454: NaN or Inf loss detected! Skipping batch.
2026-05-08 04:04:28,902 - __main__ - ERROR -   Batch 455: NaN or Inf loss detected! Skipping batch.
2026-05-08 04:04:28,973 - __main__ - ERROR -   Batch 456: NaN or Inf loss detected! Skipping batch.
2026-05-08 04:04:29,043 - __main__ - ERROR -   Batch 457: NaN or Inf loss detected! Skipping batch.
2026-05-08 04:04:29,113 - __main__ - ERROR -   Batch 458: NaN or Inf loss detected! Skipping batch.
2026-05-08 04:04:29,184 - __main__ - ERROR -   Batch 459: NaN or Inf loss detected! Skipping batch.
2026-05-08 04:04:29,254 - __main__ - ERROR -   Batch 460: NaN or Inf loss detected! Skipping batch.
2026-05-08 04:04:29,325 - __main__ - ERROR -   Batch 461: NaN or Inf loss detected! Skipping batch.
2026-05-08 04:04:29,396 - __main__ - ERROR -   Batch 462: NaN or Inf loss detected! Skipping batch.
2026-05-08 04:04:29,466 - __main__ - ERROR -   Batch 463: NaN or Inf loss detected! Skipping batch.
2026-05-08 04:04:29,536 - __main__ - ERROR -   Batch 464: NaN or Inf loss detected! Skipping batch.
2026-05-08 04:04:29,607 - __main__ - ERROR -   Batch 465: NaN or Inf loss detected! Skipping batch.
2026-05-08 04:04:29,677 - __main__ - ERROR -   Batch 466: NaN or Inf loss detected! Skipping batch.
2026-05-08 04:04:29,748 - __main__ - ERROR -   Batch 467: NaN or Inf loss detected! Skipping batch.
2026-05-08 04:04:29,818 - __main__ - ERROR -   Batch 468: NaN or Inf loss detected! Skipping batch.
2026-05-08 04:04:29,888 - __main__ - ERROR -   Batch 469: NaN or Inf loss detected! Skipping batch.
2026-05-08 04:04:29,959 - __main__ - ERROR -   Batch 470: NaN or Inf loss detected! Skipping batch.
2026-05-08 04:04:30,029 - __main__ - ERROR -   Batch 471: NaN or Inf loss detected! Skipping batch.
2026-05-08 04:04:30,099 - __main__ - ERROR -   Batch 472: NaN or Inf loss detected! Skipping batch.
2026-05-08 04:04:30,170 - __main__ - ERROR -   Batch 473: NaN or Inf loss detected! Skipping batch.
2026-05-08 04:04:30,240 - __main__ - ERROR -   Batch 474: NaN or Inf loss detected! Skipping batch.
2026-05-08 04:04:30,311 - __main__ - ERROR -   Batch 475: NaN or Inf loss detected! Skipping batch.
2026-05-08 04:04:30,381 - __main__ - ERROR -   Batch 476: NaN or Inf loss detected! Skipping batch.
2026-05-08 04:04:30,452 - __main__ - ERROR -   Batch 477: NaN or Inf loss detected! Skipping batch.
2026-05-08 04:04:30,522 - __main__ - ERROR -   Batch 478: NaN or Inf loss detected! Skipping batch.
2026-05-08 04:04:30,593 - __main__ - ERROR -   Batch 479: NaN or Inf loss detected! Skipping batch.
2026-05-08 04:04:30,663 - __main__ - ERROR -   Batch 480: NaN or Inf loss detected! Skipping batch.
2026-05-08 04:04:30,733 - __main__ - ERROR -   Batch 481: NaN or Inf loss detected! Skipping batch.
2026-05-08 04:04:30,798 - __main__ - ERROR -   Batch 482: NaN or Inf loss detected! Skipping batch.
2026-05-08 04:04:30,862 - __main__ - ERROR -   Batch 483: NaN or Inf loss detected! Skipping batch.
2026-05-08 04:04:30,927 - __main__ - ERROR -   Batch 484: NaN or Inf loss detected! Skipping batch.
2026-05-08 04:04:30,998 - __main__ - ERROR -   Batch 485: NaN or Inf loss detected! Skipping batch.
2026-05-08 04:04:31,069 - __main__ - ERROR -   Batch 486: NaN or Inf loss detected! Skipping batch.
2026-05-08 04:04:31,140 - __main__ - ERROR -   Batch 487: NaN or Inf loss detected! Skipping batch.
2026-05-08 04:04:31,210 - __main__ - ERROR -   Batch 488: NaN or Inf loss detected! Skipping batch.
2026-05-08 04:04:31,282 - __main__ - ERROR -   Batch 489: NaN or Inf loss detected! Skipping batch.
2026-05-08 04:04:31,354 - __main__ - ERROR -   Batch 490: NaN or Inf loss detected! Skipping batch.
2026-05-08 04:04:31,425 - __main__ - ERROR -   Batch 491: NaN or Inf loss detected! Skipping batch.
2026-05-08 04:04:31,490 - __main__ - ERROR -   Batch 492: NaN or Inf loss detected! Skipping batch.
2026-05-08 04:04:31,561 - __main__ - ERROR -   Batch 493: NaN or Inf loss detected! Skipping batch.
2026-05-08 04:04:31,627 - __main__ - ERROR -   Batch 494: NaN or Inf loss detected! Skipping batch.
2026-05-08 04:04:31,699 - __main__ - ERROR -   Batch 495: NaN or Inf loss detected! Skipping batch.
2026-05-08 04:04:31,769 - __main__ - ERROR -   Batch 496: NaN or Inf loss detected! Skipping batch.
2026-05-08 04:04:31,840 - __main__ - ERROR -   Batch 497: NaN or Inf loss detected! Skipping batch.
2026-05-08 04:04:31,911 - __main__ - ERROR -   Batch 498: NaN or Inf loss detected! Skipping batch.
2026-05-08 04:04:31,983 - __main__ - ERROR -   Batch 499: NaN or Inf loss detected! Skipping batch.
2026-05-08 04:04:32,055 - __main__ - ERROR -   Batch 500: NaN or Inf loss detected! Skipping batch.
2026-05-08 04:04:32,126 - __main__ - ERROR -   Batch 501: NaN or Inf loss detected! Skipping batch.
2026-05-08 04:04:32,198 - __main__ - ERROR -   Batch 502: NaN or Inf loss detected! Skipping batch.
2026-05-08 04:04:32,263 - __main__ - ERROR -   Batch 503: NaN or Inf loss detected! Skipping batch.
2026-05-08 04:04:32,336 - __main__ - ERROR -   Batch 504: NaN or Inf loss detected! Skipping batch.
2026-05-08 04:04:32,406 - __main__ - ERROR -   Batch 505: NaN or Inf loss detected! Skipping batch.
2026-05-08 04:04:32,478 - __main__ - ERROR -   Batch 506: NaN or Inf loss detected! Skipping batch.
2026-05-08 04:04:32,550 - __main__ - ERROR -   Batch 507: NaN or Inf loss detected! Skipping batch.
2026-05-08 04:04:32,615 - __main__ - ERROR -   Batch 508: NaN or Inf loss detected! Skipping batch.
2026-05-08 04:04:32,686 - __main__ - ERROR -   Batch 509: NaN or Inf loss detected! Skipping batch.
2026-05-08 04:04:32,757 - __main__ - ERROR -   Batch 510: NaN or Inf loss detected! Skipping batch.
2026-05-08 04:04:32,828 - __main__ - ERROR -   Batch 511: NaN or Inf loss detected! Skipping batch.
2026-05-08 04:04:32,900 - __main__ - ERROR -   Batch 512: NaN or Inf loss detected! Skipping batch.
2026-05-08 04:04:32,971 - __main__ - ERROR -   Batch 513: NaN or Inf loss detected! Skipping batch.
2026-05-08 04:04:33,043 - __main__ - ERROR -   Batch 514: NaN or Inf loss detected! Skipping batch.
2026-05-08 04:04:33,108 - __main__ - ERROR -   Batch 515: NaN or Inf loss detected! Skipping batch.
2026-05-08 04:04:33,179 - __main__ - ERROR -   Batch 516: NaN or Inf loss detected! Skipping batch.
2026-05-08 04:04:33,250 - __main__ - ERROR -   Batch 517: NaN or Inf loss detected! Skipping batch.
2026-05-08 04:04:33,321 - __main__ - ERROR -   Batch 518: NaN or Inf loss detected! Skipping batch.
2026-05-08 04:04:33,392 - __main__ - ERROR -   Batch 519: NaN or Inf loss detected! Skipping batch.
2026-05-08 04:04:33,464 - __main__ - ERROR -   Batch 520: NaN or Inf loss detected! Skipping batch.
2026-05-08 04:04:33,534 - __main__ - ERROR -   Batch 521: NaN or Inf loss detected! Skipping batch.
2026-05-08 04:04:33,605 - __main__ - ERROR -   Batch 522: NaN or Inf loss detected! Skipping batch.
2026-05-08 04:04:33,676 - __main__ - ERROR -   Batch 523: NaN or Inf loss detected! Skipping batch.
2026-05-08 04:04:33,747 - __main__ - ERROR -   Batch 524: NaN or Inf loss detected! Skipping batch.
2026-05-08 04:04:33,817 - __main__ - ERROR -   Batch 525: NaN or Inf loss detected! Skipping batch.
2026-05-08 04:04:33,888 - __main__ - ERROR -   Batch 526: NaN or Inf loss detected! Skipping batch.
2026-05-08 04:04:33,959 - __main__ - ERROR -   Batch 527: NaN or Inf loss detected! Skipping batch.
2026-05-08 04:04:34,029 - __main__ - ERROR -   Batch 528: NaN or Inf loss detected! Skipping batch.
2026-05-08 04:04:34,100 - __main__ - ERROR -   Batch 529: NaN or Inf loss detected! Skipping batch.
2026-05-08 04:04:34,173 - __main__ - ERROR -   Batch 530: NaN or Inf loss detected! Skipping batch.
2026-05-08 04:04:34,243 - __main__ - ERROR -   Batch 531: NaN or Inf loss detected! Skipping batch.
2026-05-08 04:04:34,316 - __main__ - ERROR -   Batch 532: NaN or Inf loss detected! Skipping batch.
2026-05-08 04:04:34,387 - __main__ - ERROR -   Batch 533: NaN or Inf loss detected! Skipping batch.
2026-05-08 04:04:34,452 - __main__ - ERROR -   Batch 534: NaN or Inf loss detected! Skipping batch.
2026-05-08 04:04:34,523 - __main__ - ERROR -   Batch 535: NaN or Inf loss detected! Skipping batch.
2026-05-08 04:04:34,594 - __main__ - ERROR -   Batch 536: NaN or Inf loss detected! Skipping batch.
2026-05-08 04:04:34,665 - __main__ - ERROR -   Batch 537: NaN or Inf loss detected! Skipping batch.
2026-05-08 04:04:34,737 - __main__ - ERROR -   Batch 538: NaN or Inf loss detected! Skipping batch.
2026-05-08 04:04:34,808 - __main__ - ERROR -   Batch 539: NaN or Inf loss detected! Skipping batch.
2026-05-08 04:04:34,880 - __main__ - ERROR -   Batch 540: NaN or Inf loss detected! Skipping batch.
2026-05-08 04:04:34,951 - __main__ - ERROR -   Batch 541: NaN or Inf loss detected! Skipping batch.
2026-05-08 04:04:35,022 - __main__ - ERROR -   Batch 542: NaN or Inf loss detected! Skipping batch.
2026-05-08 04:04:35,094 - __main__ - ERROR -   Batch 543: NaN or Inf loss detected! Skipping batch.
2026-05-08 04:04:35,166 - __main__ - ERROR -   Batch 544: NaN or Inf loss detected! Skipping batch.
2026-05-08 04:04:35,237 - __main__ - ERROR -   Batch 545: NaN or Inf loss detected! Skipping batch.
2026-05-08 04:04:35,296 - __main__ - ERROR -   Batch 546: NaN or Inf loss detected! Skipping batch.
2026-05-08 04:04:35,368 - __main__ - ERROR -   Batch 547: NaN or Inf loss detected! Skipping batch.
2026-05-08 04:04:35,433 - __main__ - ERROR -   Batch 548: NaN or Inf loss detected! Skipping batch.
2026-05-08 04:04:35,504 - __main__ - ERROR -   Batch 549: NaN or Inf loss detected! Skipping batch.
2026-05-08 04:04:35,575 - __main__ - ERROR -   Batch 550: NaN or Inf loss detected! Skipping batch.
2026-05-08 04:04:35,648 - __main__ - ERROR -   Batch 551: NaN or Inf loss detected! Skipping batch.
2026-05-08 04:04:35,718 - __main__ - ERROR -   Batch 552: NaN or Inf loss detected! Skipping batch.
2026-05-08 04:04:35,788 - __main__ - ERROR -   Batch 553: NaN or Inf loss detected! Skipping batch.
2026-05-08 04:04:35,858 - __main__ - ERROR -   Batch 554: NaN or Inf loss detected! Skipping batch.
2026-05-08 04:04:35,931 - __main__ - ERROR -   Batch 555: NaN or Inf loss detected! Skipping batch.
2026-05-08 04:04:36,002 - __main__ - ERROR -   Batch 556: NaN or Inf loss detected! Skipping batch.
2026-05-08 04:04:36,073 - __main__ - ERROR -   Batch 557: NaN or Inf loss detected! Skipping batch.
2026-05-08 04:04:36,144 - __main__ - ERROR -   Batch 558: NaN or Inf loss detected! Skipping batch.
2026-05-08 04:04:36,215 - __main__ - ERROR -   Batch 559: NaN or Inf loss detected! Skipping batch.
2026-05-08 04:04:36,285 - __main__ - ERROR -   Batch 560: NaN or Inf loss detected! Skipping batch.
2026-05-08 04:04:36,357 - __main__ - ERROR -   Batch 561: NaN or Inf loss detected! Skipping batch.
2026-05-08 04:04:36,428 - __main__ - ERROR -   Batch 562: NaN or Inf loss detected! Skipping batch.
2026-05-08 04:04:36,499 - __main__ - ERROR -   Batch 563: NaN or Inf loss detected! Skipping batch.
2026-05-08 04:04:36,571 - __main__ - ERROR -   Batch 564: NaN or Inf loss detected! Skipping batch.
2026-05-08 04:04:36,641 - __main__ - ERROR -   Batch 565: NaN or Inf loss detected! Skipping batch.
2026-05-08 04:04:36,713 - __main__ - ERROR -   Batch 566: NaN or Inf loss detected! Skipping batch.
2026-05-08 04:04:36,784 - __main__ - ERROR -   Batch 567: NaN or Inf loss detected! Skipping batch.
2026-05-08 04:04:37,188 - __main__ - ERROR -   Batch 568: NaN or Inf loss detected! Skipping batch.
2026-05-08 04:04:37,260 - __main__ - ERROR -   Batch 569: NaN or Inf loss detected! Skipping batch.
2026-05-08 04:04:37,332 - __main__ - ERROR -   Batch 570: NaN or Inf loss detected! Skipping batch.
2026-05-08 04:04:37,403 - __main__ - ERROR -   Batch 571: NaN or Inf loss detected! Skipping batch.
2026-05-08 04:04:37,475 - __main__ - ERROR -   Batch 572: NaN or Inf loss detected! Skipping batch.
2026-05-08 04:04:37,547 - __main__ - ERROR -   Batch 573: NaN or Inf loss detected! Skipping batch.
2026-05-08 04:04:37,618 - __main__ - ERROR -   Batch 574: NaN or Inf loss detected! Skipping batch.
2026-05-08 04:04:37,689 - __main__ - ERROR -   Batch 575: NaN or Inf loss detected! Skipping batch.
2026-05-08 04:04:37,760 - __main__ - ERROR -   Batch 576: NaN or Inf loss detected! Skipping batch.
2026-05-08 04:04:37,832 - __main__ - ERROR -   Batch 577: NaN or Inf loss detected! Skipping batch.
2026-05-08 04:04:37,903 - __main__ - ERROR -   Batch 578: NaN or Inf loss detected! Skipping batch.
2026-05-08 04:04:37,974 - __main__ - ERROR -   Batch 579: NaN or Inf loss detected! Skipping batch.
2026-05-08 04:04:38,045 - __main__ - ERROR -   Batch 580: NaN or Inf loss detected! Skipping batch.
2026-05-08 04:04:38,104 - __main__ - ERROR -   Batch 581: NaN or Inf loss detected! Skipping batch.
2026-05-08 04:04:38,176 - __main__ - ERROR -   Batch 582: NaN or Inf loss detected! Skipping batch.
2026-05-08 04:04:38,246 - __main__ - ERROR -   Batch 583: NaN or Inf loss detected! Skipping batch.
2026-05-08 04:04:38,317 - __main__ - ERROR -   Batch 584: NaN or Inf loss detected! Skipping batch.
2026-05-08 04:04:38,388 - __main__ - ERROR -   Batch 585: NaN or Inf loss detected! Skipping batch.
2026-05-08 04:04:38,461 - __main__ - ERROR -   Batch 586: NaN or Inf loss detected! Skipping batch.
2026-05-08 04:04:38,533 - __main__ - ERROR -   Batch 587: NaN or Inf loss detected! Skipping batch.
2026-05-08 04:04:38,605 - __main__ - ERROR -   Batch 588: NaN or Inf loss detected! Skipping batch.
2026-05-08 04:04:38,676 - __main__ - ERROR -   Batch 589: NaN or Inf loss detected! Skipping batch.
2026-05-08 04:04:38,748 - __main__ - ERROR -   Batch 590: NaN or Inf loss detected! Skipping batch.
2026-05-08 04:04:38,820 - __main__ - ERROR -   Batch 591: NaN or Inf loss detected! Skipping batch.
2026-05-08 04:04:38,884 - __main__ - ERROR -   Batch 592: NaN or Inf loss detected! Skipping batch.
2026-05-08 04:04:38,955 - __main__ - ERROR -   Batch 593: NaN or Inf loss detected! Skipping batch.
2026-05-08 04:04:39,026 - __main__ - ERROR -   Batch 594: NaN or Inf loss detected! Skipping batch.
2026-05-08 04:04:39,096 - __main__ - ERROR -   Batch 595: NaN or Inf loss detected! Skipping batch.
2026-05-08 04:04:39,168 - __main__ - ERROR -   Batch 596: NaN or Inf loss detected! Skipping batch.
2026-05-08 04:04:39,240 - __main__ - ERROR -   Batch 597: NaN or Inf loss detected! Skipping batch.
2026-05-08 04:04:39,311 - __main__ - ERROR -   Batch 598: NaN or Inf loss detected! Skipping batch.
2026-05-08 04:04:39,383 - __main__ - ERROR -   Batch 599: NaN or Inf loss detected! Skipping batch.
2026-05-08 04:04:39,454 - __main__ - ERROR -   Batch 600: NaN or Inf loss detected! Skipping batch.
2026-05-08 04:04:39,525 - __main__ - ERROR -   Batch 601: NaN or Inf loss detected! Skipping batch.
2026-05-08 04:04:39,597 - __main__ - ERROR -   Batch 602: NaN or Inf loss detected! Skipping batch.
2026-05-08 04:04:39,667 - __main__ - ERROR -   Batch 603: NaN or Inf loss detected! Skipping batch.
2026-05-08 04:04:39,737 - __main__ - ERROR -   Batch 604: NaN or Inf loss detected! Skipping batch.
2026-05-08 04:04:39,807 - __main__ - ERROR -   Batch 605: NaN or Inf loss detected! Skipping batch.
2026-05-08 04:04:39,877 - __main__ - ERROR -   Batch 606: NaN or Inf loss detected! Skipping batch.
2026-05-08 04:04:39,949 - __main__ - ERROR -   Batch 607: NaN or Inf loss detected! Skipping batch.
2026-05-08 04:04:40,021 - __main__ - ERROR -   Batch 608: NaN or Inf loss detected! Skipping batch.
2026-05-08 04:04:40,093 - __main__ - ERROR -   Batch 609: NaN or Inf loss detected! Skipping batch.
2026-05-08 04:04:40,164 - __main__ - ERROR -   Batch 610: NaN or Inf loss detected! Skipping batch.
2026-05-08 04:04:40,234 - __main__ - ERROR -   Batch 611: NaN or Inf loss detected! Skipping batch.
2026-05-08 04:04:40,304 - __main__ - ERROR -   Batch 612: NaN or Inf loss detected! Skipping batch.
2026-05-08 04:04:40,369 - __main__ - ERROR -   Batch 613: NaN or Inf loss detected! Skipping batch.
2026-05-08 04:04:40,440 - __main__ - ERROR -   Batch 614: NaN or Inf loss detected! Skipping batch.
2026-05-08 04:04:40,511 - __main__ - ERROR -   Batch 615: NaN or Inf loss detected! Skipping batch.
2026-05-08 04:04:40,582 - __main__ - ERROR -   Batch 616: NaN or Inf loss detected! Skipping batch.
2026-05-08 04:04:40,654 - __main__ - ERROR -   Batch 617: NaN or Inf loss detected! Skipping batch.
2026-05-08 04:04:40,725 - __main__ - ERROR -   Batch 618: NaN or Inf loss detected! Skipping batch.
2026-05-08 04:04:40,796 - __main__ - ERROR -   Batch 619: NaN or Inf loss detected! Skipping batch.
2026-05-08 04:04:40,867 - __main__ - ERROR -   Batch 620: NaN or Inf loss detected! Skipping batch.
2026-05-08 04:04:40,938 - __main__ - ERROR -   Batch 621: NaN or Inf loss detected! Skipping batch.
2026-05-08 04:04:41,009 - __main__ - ERROR -   Batch 622: NaN or Inf loss detected! Skipping batch.
2026-05-08 04:04:41,081 - __main__ - ERROR -   Batch 623: NaN or Inf loss detected! Skipping batch.
2026-05-08 04:04:41,153 - __main__ - ERROR -   Batch 624: NaN or Inf loss detected! Skipping batch.
2026-05-08 04:04:41,224 - __main__ - ERROR -   Batch 625: NaN or Inf loss detected! Skipping batch.
2026-05-08 04:04:41,296 - __main__ - ERROR -   Batch 626: NaN or Inf loss detected! Skipping batch.
2026-05-08 04:04:41,368 - __main__ - ERROR -   Batch 627: NaN or Inf loss detected! Skipping batch.
2026-05-08 04:04:41,440 - __main__ - ERROR -   Batch 628: NaN or Inf loss detected! Skipping batch.
2026-05-08 04:04:41,512 - __main__ - ERROR -   Batch 629: NaN or Inf loss detected! Skipping batch.
2026-05-08 04:04:41,584 - __main__ - ERROR -   Batch 630: NaN or Inf loss detected! Skipping batch.
2026-05-08 04:04:41,656 - __main__ - ERROR -   Batch 631: NaN or Inf loss detected! Skipping batch.
2026-05-08 04:04:41,727 - __main__ - ERROR -   Batch 632: NaN or Inf loss detected! Skipping batch.
2026-05-08 04:04:41,799 - __main__ - ERROR -   Batch 633: NaN or Inf loss detected! Skipping batch.
2026-05-08 04:04:41,871 - __main__ - ERROR -   Batch 634: NaN or Inf loss detected! Skipping batch.
2026-05-08 04:04:41,943 - __main__ - ERROR -   Batch 635: NaN or Inf loss detected! Skipping batch.
2026-05-08 04:04:42,014 - __main__ - ERROR -   Batch 636: NaN or Inf loss detected! Skipping batch.
2026-05-08 04:04:42,086 - __main__ - ERROR -   Batch 637: NaN or Inf loss detected! Skipping batch.
2026-05-08 04:04:42,158 - __main__ - ERROR -   Batch 638: NaN or Inf loss detected! Skipping batch.
2026-05-08 04:04:42,230 - __main__ - ERROR -   Batch 639: NaN or Inf loss detected! Skipping batch.
2026-05-08 04:04:42,302 - __main__ - ERROR -   Batch 640: NaN or Inf loss detected! Skipping batch.
2026-05-08 04:04:42,374 - __main__ - ERROR -   Batch 641: NaN or Inf loss detected! Skipping batch.
2026-05-08 04:04:42,445 - __main__ - ERROR -   Batch 642: NaN or Inf loss detected! Skipping batch.
2026-05-08 04:04:42,518 - __main__ - ERROR -   Batch 643: NaN or Inf loss detected! Skipping batch.
2026-05-08 04:04:42,590 - __main__ - ERROR -   Batch 644: NaN or Inf loss detected! Skipping batch.
2026-05-08 04:04:42,662 - __main__ - ERROR -   Batch 645: NaN or Inf loss detected! Skipping batch.
2026-05-08 04:04:42,733 - __main__ - ERROR -   Batch 646: NaN or Inf loss detected! Skipping batch.
2026-05-08 04:04:42,805 - __main__ - ERROR -   Batch 647: NaN or Inf loss detected! Skipping batch.
2026-05-08 04:04:42,877 - __main__ - ERROR -   Batch 648: NaN or Inf loss detected! Skipping batch.
2026-05-08 04:04:42,949 - __main__ - ERROR -   Batch 649: NaN or Inf loss detected! Skipping batch.
2026-05-08 04:04:43,020 - __main__ - ERROR -   Batch 650: NaN or Inf loss detected! Skipping batch.
2026-05-08 04:04:43,093 - __main__ - ERROR -   Batch 651: NaN or Inf loss detected! Skipping batch.
2026-05-08 04:04:43,164 - __main__ - ERROR -   Batch 652: NaN or Inf loss detected! Skipping batch.
2026-05-08 04:04:43,236 - __main__ - ERROR -   Batch 653: NaN or Inf loss detected! Skipping batch.
2026-05-08 04:04:43,308 - __main__ - ERROR -   Batch 654: NaN or Inf loss detected! Skipping batch.
2026-05-08 04:04:43,380 - __main__ - ERROR -   Batch 655: NaN or Inf loss detected! Skipping batch.
2026-05-08 04:04:43,452 - __main__ - ERROR -   Batch 656: NaN or Inf loss detected! Skipping batch.
2026-05-08 04:04:43,524 - __main__ - ERROR -   Batch 657: NaN or Inf loss detected! Skipping batch.
2026-05-08 04:04:43,596 - __main__ - ERROR -   Batch 658: NaN or Inf loss detected! Skipping batch.
2026-05-08 04:04:43,668 - __main__ - ERROR -   Batch 659: NaN or Inf loss detected! Skipping batch.
2026-05-08 04:04:43,740 - __main__ - ERROR -   Batch 660: NaN or Inf loss detected! Skipping batch.
2026-05-08 04:04:43,812 - __main__ - ERROR -   Batch 661: NaN or Inf loss detected! Skipping batch.
2026-05-08 04:04:43,884 - __main__ - ERROR -   Batch 662: NaN or Inf loss detected! Skipping batch.
2026-05-08 04:04:43,956 - __main__ - ERROR -   Batch 663: NaN or Inf loss detected! Skipping batch.
2026-05-08 04:04:44,027 - __main__ - ERROR -   Batch 664: NaN or Inf loss detected! Skipping batch.
2026-05-08 04:04:44,099 - __main__ - ERROR -   Batch 665: NaN or Inf loss detected! Skipping batch.
2026-05-08 04:04:44,164 - __main__ - ERROR -   Batch 666: NaN or Inf loss detected! Skipping batch.
2026-05-08 04:04:44,235 - __main__ - ERROR -   Batch 667: NaN or Inf loss detected! Skipping batch.
2026-05-08 04:04:44,305 - __main__ - ERROR -   Batch 668: NaN or Inf loss detected! Skipping batch.
2026-05-08 04:04:44,377 - __main__ - ERROR -   Batch 669: NaN or Inf loss detected! Skipping batch.
2026-05-08 04:04:44,442 - __main__ - ERROR -   Batch 670: NaN or Inf loss detected! Skipping batch.
2026-05-08 04:04:44,514 - __main__ - ERROR -   Batch 671: NaN or Inf loss detected! Skipping batch.
2026-05-08 04:04:44,584 - __main__ - ERROR -   Batch 672: NaN or Inf loss detected! Skipping batch.
2026-05-08 04:04:44,656 - __main__ - ERROR -   Batch 673: NaN or Inf loss detected! Skipping batch.
2026-05-08 04:04:44,727 - __main__ - ERROR -   Batch 674: NaN or Inf loss detected! Skipping batch.
2026-05-08 04:04:44,799 - __main__ - ERROR -   Batch 675: NaN or Inf loss detected! Skipping batch.
2026-05-08 04:04:44,871 - __main__ - ERROR -   Batch 676: NaN or Inf loss detected! Skipping batch.
2026-05-08 04:04:44,942 - __main__ - ERROR -   Batch 677: NaN or Inf loss detected! Skipping batch.
2026-05-08 04:04:45,014 - __main__ - ERROR -   Batch 678: NaN or Inf loss detected! Skipping batch.
2026-05-08 04:04:45,086 - __main__ - ERROR -   Batch 679: NaN or Inf loss detected! Skipping batch.
2026-05-08 04:04:45,151 - __main__ - ERROR -   Batch 680: NaN or Inf loss detected! Skipping batch.
2026-05-08 04:04:45,221 - __main__ - ERROR -   Batch 681: NaN or Inf loss detected! Skipping batch.
2026-05-08 04:04:45,280 - __main__ - ERROR -   Batch 682: NaN or Inf loss detected! Skipping batch.
2026-05-08 04:04:45,352 - __main__ - ERROR -   Batch 683: NaN or Inf loss detected! Skipping batch.
2026-05-08 04:04:45,422 - __main__ - ERROR -   Batch 684: NaN or Inf loss detected! Skipping batch.
2026-05-08 04:04:45,774 - __main__ - ERROR -   Batch 685: NaN or Inf loss detected! Skipping batch.
2026-05-08 04:04:45,847 - __main__ - ERROR -   Batch 686: NaN or Inf loss detected! Skipping batch.
2026-05-08 04:04:45,919 - __main__ - ERROR -   Batch 687: NaN or Inf loss detected! Skipping batch.
2026-05-08 04:04:45,991 - __main__ - ERROR -   Batch 688: NaN or Inf loss detected! Skipping batch.
2026-05-08 04:04:46,063 - __main__ - ERROR -   Batch 689: NaN or Inf loss detected! Skipping batch.
2026-05-08 04:04:46,134 - __main__ - ERROR -   Batch 690: NaN or Inf loss detected! Skipping batch.
2026-05-08 04:04:46,205 - __main__ - ERROR -   Batch 691: NaN or Inf loss detected! Skipping batch.
2026-05-08 04:04:46,275 - __main__ - ERROR -   Batch 692: NaN or Inf loss detected! Skipping batch.
2026-05-08 04:04:46,347 - __main__ - ERROR -   Batch 693: NaN or Inf loss detected! Skipping batch.
2026-05-08 04:04:46,419 - __main__ - ERROR -   Batch 694: NaN or Inf loss detected! Skipping batch.
2026-05-08 04:04:46,491 - __main__ - ERROR -   Batch 695: NaN or Inf loss detected! Skipping batch.
2026-05-08 04:04:46,562 - __main__ - ERROR -   Batch 696: NaN or Inf loss detected! Skipping batch.
2026-05-08 04:04:46,634 - __main__ - ERROR -   Batch 697: NaN or Inf loss detected! Skipping batch.
2026-05-08 04:04:46,706 - __main__ - ERROR -   Batch 698: NaN or Inf loss detected! Skipping batch.
2026-05-08 04:04:46,777 - __main__ - ERROR -   Batch 699: NaN or Inf loss detected! Skipping batch.
2026-05-08 04:04:46,842 - __main__ - ERROR -   Batch 700: NaN or Inf loss detected! Skipping batch.
2026-05-08 04:04:46,912 - __main__ - ERROR -   Batch 701: NaN or Inf loss detected! Skipping batch.
2026-05-08 04:04:46,983 - __main__ - ERROR -   Batch 702: NaN or Inf loss detected! Skipping batch.
2026-05-08 04:04:47,056 - __main__ - ERROR -   Batch 703: NaN or Inf loss detected! Skipping batch.
2026-05-08 04:04:47,122 - __main__ - ERROR -   Batch 704: NaN or Inf loss detected! Skipping batch.
2026-05-08 04:04:47,187 - __main__ - ERROR -   Batch 705: NaN or Inf loss detected! Skipping batch.
2026-05-08 04:04:47,259 - __main__ - ERROR -   Batch 706: NaN or Inf loss detected! Skipping batch.
2026-05-08 04:04:47,330 - __main__ - ERROR -   Batch 707: NaN or Inf loss detected! Skipping batch.
2026-05-08 04:04:47,402 - __main__ - ERROR -   Batch 708: NaN or Inf loss detected! Skipping batch.
2026-05-08 04:04:47,473 - __main__ - ERROR -   Batch 709: NaN or Inf loss detected! Skipping batch.
2026-05-08 04:04:47,532 - __main__ - ERROR -   Batch 710: NaN or Inf loss detected! Skipping batch.
2026-05-08 04:04:47,603 - __main__ - ERROR -   Batch 711: NaN or Inf loss detected! Skipping batch.
2026-05-08 04:04:47,673 - __main__ - ERROR -   Batch 712: NaN or Inf loss detected! Skipping batch.
2026-05-08 04:04:47,745 - __main__ - ERROR -   Batch 713: NaN or Inf loss detected! Skipping batch.
2026-05-08 04:04:47,816 - __main__ - ERROR -   Batch 714: NaN or Inf loss detected! Skipping batch.
2026-05-08 04:04:47,887 - __main__ - ERROR -   Batch 715: NaN or Inf loss detected! Skipping batch.
2026-05-08 04:04:47,958 - __main__ - ERROR -   Batch 716: NaN or Inf loss detected! Skipping batch.
2026-05-08 04:04:48,029 - __main__ - ERROR -   Batch 717: NaN or Inf loss detected! Skipping batch.
2026-05-08 04:04:48,100 - __main__ - ERROR -   Batch 718: NaN or Inf loss detected! Skipping batch.
2026-05-08 04:04:48,171 - __main__ - ERROR -   Batch 719: NaN or Inf loss detected! Skipping batch.
2026-05-08 04:04:48,242 - __main__ - ERROR -   Batch 720: NaN or Inf loss detected! Skipping batch.
2026-05-08 04:04:48,312 - __main__ - ERROR -   Batch 721: NaN or Inf loss detected! Skipping batch.
2026-05-08 04:04:48,383 - __main__ - ERROR -   Batch 722: NaN or Inf loss detected! Skipping batch.
2026-05-08 04:04:48,453 - __main__ - ERROR -   Batch 723: NaN or Inf loss detected! Skipping batch.
2026-05-08 04:04:48,523 - __main__ - ERROR -   Batch 724: NaN or Inf loss detected! Skipping batch.
2026-05-08 04:04:48,594 - __main__ - ERROR -   Batch 725: NaN or Inf loss detected! Skipping batch.
2026-05-08 04:04:48,664 - __main__ - ERROR -   Batch 726: NaN or Inf loss detected! Skipping batch.
2026-05-08 04:04:48,734 - __main__ - ERROR -   Batch 727: NaN or Inf loss detected! Skipping batch.
2026-05-08 04:04:48,805 - __main__ - ERROR -   Batch 728: NaN or Inf loss detected! Skipping batch.
2026-05-08 04:04:48,875 - __main__ - ERROR -   Batch 729: NaN or Inf loss detected! Skipping batch.
2026-05-08 04:04:48,945 - __main__ - ERROR -   Batch 730: NaN or Inf loss detected! Skipping batch.
2026-05-08 04:04:49,016 - __main__ - ERROR -   Batch 731: NaN or Inf loss detected! Skipping batch.
2026-05-08 04:04:49,086 - __main__ - ERROR -   Batch 732: NaN or Inf loss detected! Skipping batch.
2026-05-08 04:04:49,156 - __main__ - ERROR -   Batch 733: NaN or Inf loss detected! Skipping batch.
2026-05-08 04:04:49,227 - __main__ - ERROR -   Batch 734: NaN or Inf loss detected! Skipping batch.
2026-05-08 04:04:49,297 - __main__ - ERROR -   Batch 735: NaN or Inf loss detected! Skipping batch.
2026-05-08 04:04:49,368 - __main__ - ERROR -   Batch 736: NaN or Inf loss detected! Skipping batch.
2026-05-08 04:04:49,439 - __main__ - ERROR -   Batch 737: NaN or Inf loss detected! Skipping batch.
2026-05-08 04:04:49,509 - __main__ - ERROR -   Batch 738: NaN or Inf loss detected! Skipping batch.
2026-05-08 04:04:49,579 - __main__ - ERROR -   Batch 739: NaN or Inf loss detected! Skipping batch.
2026-05-08 04:04:49,650 - __main__ - ERROR -   Batch 740: NaN or Inf loss detected! Skipping batch.
2026-05-08 04:04:49,720 - __main__ - ERROR -   Batch 741: NaN or Inf loss detected! Skipping batch.
2026-05-08 04:04:49,790 - __main__ - ERROR -   Batch 742: NaN or Inf loss detected! Skipping batch.
2026-05-08 04:04:49,861 - __main__ - ERROR -   Batch 743: NaN or Inf loss detected! Skipping batch.
2026-05-08 04:04:49,931 - __main__ - ERROR -   Batch 744: NaN or Inf loss detected! Skipping batch.
2026-05-08 04:04:49,985 - __main__ - ERROR -   Batch 745: NaN or Inf loss detected! Skipping batch.
2026-05-08 04:04:50,056 - __main__ - ERROR -   Batch 746: NaN or Inf loss detected! Skipping batch.
2026-05-08 04:04:50,127 - __main__ - ERROR -   Batch 747: NaN or Inf loss detected! Skipping batch.
2026-05-08 04:04:50,198 - __main__ - ERROR -   Batch 748: NaN or Inf loss detected! Skipping batch.
2026-05-08 04:04:50,269 - __main__ - ERROR -   Batch 749: NaN or Inf loss detected! Skipping batch.
2026-05-08 04:04:50,341 - __main__ - ERROR -   Batch 750: NaN or Inf loss detected! Skipping batch.
2026-05-08 04:04:50,400 - __main__ - ERROR -   Batch 751: NaN or Inf loss detected! Skipping batch.
2026-05-08 04:04:50,472 - __main__ - ERROR -   Batch 752: NaN or Inf loss detected! Skipping batch.
2026-05-08 04:04:50,542 - __main__ - ERROR -   Batch 753: NaN or Inf loss detected! Skipping batch.
2026-05-08 04:04:50,614 - __main__ - ERROR -   Batch 754: NaN or Inf loss detected! Skipping batch.
2026-05-08 04:04:50,685 - __main__ - ERROR -   Batch 755: NaN or Inf loss detected! Skipping batch.
2026-05-08 04:04:50,756 - __main__ - ERROR -   Batch 756: NaN or Inf loss detected! Skipping batch.
2026-05-08 04:04:50,827 - __main__ - ERROR -   Batch 757: NaN or Inf loss detected! Skipping batch.
2026-05-08 04:04:50,900 - __main__ - ERROR -   Batch 758: NaN or Inf loss detected! Skipping batch.
2026-05-08 04:04:50,970 - __main__ - ERROR -   Batch 759: NaN or Inf loss detected! Skipping batch.
2026-05-08 04:04:51,040 - __main__ - ERROR -   Batch 760: NaN or Inf loss detected! Skipping batch.
2026-05-08 04:04:51,110 - __main__ - ERROR -   Batch 761: NaN or Inf loss detected! Skipping batch.
2026-05-08 04:04:51,180 - __main__ - ERROR -   Batch 762: NaN or Inf loss detected! Skipping batch.
2026-05-08 04:04:51,250 - __main__ - ERROR -   Batch 763: NaN or Inf loss detected! Skipping batch.
2026-05-08 04:04:51,320 - __main__ - ERROR -   Batch 764: NaN or Inf loss detected! Skipping batch.
2026-05-08 04:04:51,390 - __main__ - ERROR -   Batch 765: NaN or Inf loss detected! Skipping batch.
2026-05-08 04:04:51,460 - __main__ - ERROR -   Batch 766: NaN or Inf loss detected! Skipping batch.
2026-05-08 04:04:51,530 - __main__ - ERROR -   Batch 767: NaN or Inf loss detected! Skipping batch.
2026-05-08 04:04:51,600 - __main__ - ERROR -   Batch 768: NaN or Inf loss detected! Skipping batch.
2026-05-08 04:04:51,670 - __main__ - ERROR -   Batch 769: NaN or Inf loss detected! Skipping batch.
2026-05-08 04:04:51,740 - __main__ - ERROR -   Batch 770: NaN or Inf loss detected! Skipping batch.
2026-05-08 04:04:51,810 - __main__ - ERROR -   Batch 771: NaN or Inf loss detected! Skipping batch.
2026-05-08 04:04:51,880 - __main__ - ERROR -   Batch 772: NaN or Inf loss detected! Skipping batch.
2026-05-08 04:04:51,950 - __main__ - ERROR -   Batch 773: NaN or Inf loss detected! Skipping batch.
2026-05-08 04:04:52,020 - __main__ - ERROR -   Batch 774: NaN or Inf loss detected! Skipping batch.
2026-05-08 04:04:52,090 - __main__ - ERROR -   Batch 775: NaN or Inf loss detected! Skipping batch.
2026-05-08 04:04:52,159 - __main__ - ERROR -   Batch 776: NaN or Inf loss detected! Skipping batch.
2026-05-08 04:04:52,229 - __main__ - ERROR -   Batch 777: NaN or Inf loss detected! Skipping batch.
2026-05-08 04:04:52,299 - __main__ - ERROR -   Batch 778: NaN or Inf loss detected! Skipping batch.
2026-05-08 04:04:52,369 - __main__ - ERROR -   Batch 779: NaN or Inf loss detected! Skipping batch.
2026-05-08 04:04:52,439 - __main__ - ERROR -   Batch 780: NaN or Inf loss detected! Skipping batch.
2026-05-08 04:04:52,509 - __main__ - ERROR -   Batch 781: NaN or Inf loss detected! Skipping batch.
2026-05-08 04:04:52,579 - __main__ - ERROR -   Batch 782: NaN or Inf loss detected! Skipping batch.
2026-05-08 04:04:52,643 - __main__ - ERROR -   Batch 783: NaN or Inf loss detected! Skipping batch.
2026-05-08 04:04:52,714 - __main__ - ERROR -   Batch 784: NaN or Inf loss detected! Skipping batch.
2026-05-08 04:04:52,785 - __main__ - ERROR -   Batch 785: NaN or Inf loss detected! Skipping batch.
2026-05-08 04:04:52,857 - __main__ - ERROR -   Batch 786: NaN or Inf loss detected! Skipping batch.
2026-05-08 04:04:52,928 - __main__ - ERROR -   Batch 787: NaN or Inf loss detected! Skipping batch.
2026-05-08 04:04:53,000 - __main__ - ERROR -   Batch 788: NaN or Inf loss detected! Skipping batch.
2026-05-08 04:04:53,071 - __main__ - ERROR -   Batch 789: NaN or Inf loss detected! Skipping batch.
2026-05-08 04:04:53,136 - __main__ - ERROR -   Batch 790: NaN or Inf loss detected! Skipping batch.
2026-05-08 04:04:53,207 - __main__ - ERROR -   Batch 791: NaN or Inf loss detected! Skipping batch.
2026-05-08 04:04:53,278 - __main__ - ERROR -   Batch 792: NaN or Inf loss detected! Skipping batch.
2026-05-08 04:04:53,349 - __main__ - ERROR -   Batch 793: NaN or Inf loss detected! Skipping batch.
2026-05-08 04:04:53,420 - __main__ - ERROR -   Batch 794: NaN or Inf loss detected! Skipping batch.
2026-05-08 04:04:53,491 - __main__ - ERROR -   Batch 795: NaN or Inf loss detected! Skipping batch.
2026-05-08 04:04:53,564 - __main__ - ERROR -   Batch 796: NaN or Inf loss detected! Skipping batch.
2026-05-08 04:04:53,635 - __main__ - ERROR -   Batch 797: NaN or Inf loss detected! Skipping batch.
2026-05-08 04:04:53,707 - __main__ - ERROR -   Batch 798: NaN or Inf loss detected! Skipping batch.
2026-05-08 04:04:53,778 - __main__ - ERROR -   Batch 799: NaN or Inf loss detected! Skipping batch.
2026-05-08 04:04:53,850 - __main__ - ERROR -   Batch 800: NaN or Inf loss detected! Skipping batch.
2026-05-08 04:04:53,921 - __main__ - ERROR -   Batch 801: NaN or Inf loss detected! Skipping batch.
2026-05-08 04:04:53,992 - __main__ - ERROR -   Batch 802: NaN or Inf loss detected! Skipping batch.
2026-05-08 04:04:54,064 - __main__ - ERROR -   Batch 803: NaN or Inf loss detected! Skipping batch.
2026-05-08 04:04:54,129 - __main__ - ERROR -   Batch 804: NaN or Inf loss detected! Skipping batch.
2026-05-08 04:04:54,200 - __main__ - ERROR -   Batch 805: NaN or Inf loss detected! Skipping batch.
2026-05-08 04:04:54,271 - __main__ - ERROR -   Batch 806: NaN or Inf loss detected! Skipping batch.
2026-05-08 04:04:54,342 - __main__ - ERROR -   Batch 807: NaN or Inf loss detected! Skipping batch.
2026-05-08 04:04:54,413 - __main__ - ERROR -   Batch 808: NaN or Inf loss detected! Skipping batch.
2026-05-08 04:04:54,483 - __main__ - ERROR -   Batch 809: NaN or Inf loss detected! Skipping batch.
2026-05-08 04:04:54,555 - __main__ - ERROR -   Batch 810: NaN or Inf loss detected! Skipping batch.
2026-05-08 04:04:54,626 - __main__ - ERROR -   Batch 811: NaN or Inf loss detected! Skipping batch.
2026-05-08 04:04:54,697 - __main__ - ERROR -   Batch 812: NaN or Inf loss detected! Skipping batch.
2026-05-08 04:04:55,103 - __main__ - ERROR -   Batch 813: NaN or Inf loss detected! Skipping batch.
2026-05-08 04:04:55,175 - __main__ - ERROR -   Batch 814: NaN or Inf loss detected! Skipping batch.
2026-05-08 04:04:55,246 - __main__ - ERROR -   Batch 815: NaN or Inf loss detected! Skipping batch.
2026-05-08 04:04:55,311 - __main__ - ERROR -   Batch 816: NaN or Inf loss detected! Skipping batch.
2026-05-08 04:04:55,382 - __main__ - ERROR -   Batch 817: NaN or Inf loss detected! Skipping batch.
2026-05-08 04:04:55,448 - __main__ - ERROR -   Batch 818: NaN or Inf loss detected! Skipping batch.
2026-05-08 04:04:55,520 - __main__ - ERROR -   Batch 819: NaN or Inf loss detected! Skipping batch.
2026-05-08 04:04:55,590 - __main__ - ERROR -   Batch 820: NaN or Inf loss detected! Skipping batch.
2026-05-08 04:04:55,661 - __main__ - ERROR -   Batch 821: NaN or Inf loss detected! Skipping batch.
2026-05-08 04:04:55,733 - __main__ - ERROR -   Batch 822: NaN or Inf loss detected! Skipping batch.
2026-05-08 04:04:55,805 - __main__ - ERROR -   Batch 823: NaN or Inf loss detected! Skipping batch.
2026-05-08 04:04:55,876 - __main__ - ERROR -   Batch 824: NaN or Inf loss detected! Skipping batch.
2026-05-08 04:04:55,948 - __main__ - ERROR -   Batch 825: NaN or Inf loss detected! Skipping batch.
2026-05-08 04:04:56,020 - __main__ - ERROR -   Batch 826: NaN or Inf loss detected! Skipping batch.
2026-05-08 04:04:56,091 - __main__ - ERROR -   Batch 827: NaN or Inf loss detected! Skipping batch.
2026-05-08 04:04:56,162 - __main__ - ERROR -   Batch 828: NaN or Inf loss detected! Skipping batch.
2026-05-08 04:04:56,233 - __main__ - ERROR -   Batch 829: NaN or Inf loss detected! Skipping batch.
2026-05-08 04:04:56,303 - __main__ - ERROR -   Batch 830: NaN or Inf loss detected! Skipping batch.
2026-05-08 04:04:56,375 - __main__ - ERROR -   Batch 831: NaN or Inf loss detected! Skipping batch.
2026-05-08 04:04:56,439 - __main__ - ERROR -   Batch 832: NaN or Inf loss detected! Skipping batch.
2026-05-08 04:04:56,510 - __main__ - ERROR -   Batch 833: NaN or Inf loss detected! Skipping batch.
2026-05-08 04:04:56,575 - __main__ - ERROR -   Batch 834: NaN or Inf loss detected! Skipping batch.
2026-05-08 04:04:56,641 - __main__ - ERROR -   Batch 835: NaN or Inf loss detected! Skipping batch.
2026-05-08 04:04:56,712 - __main__ - ERROR -   Batch 836: NaN or Inf loss detected! Skipping batch.
2026-05-08 04:04:56,783 - __main__ - ERROR -   Batch 837: NaN or Inf loss detected! Skipping batch.
2026-05-08 04:04:56,854 - __main__ - ERROR -   Batch 838: NaN or Inf loss detected! Skipping batch.
2026-05-08 04:04:56,926 - __main__ - ERROR -   Batch 839: NaN or Inf loss detected! Skipping batch.
2026-05-08 04:04:56,998 - __main__ - ERROR -   Batch 840: NaN or Inf loss detected! Skipping batch.
2026-05-08 04:04:57,070 - __main__ - ERROR -   Batch 841: NaN or Inf loss detected! Skipping batch.
2026-05-08 04:04:57,142 - __main__ - ERROR -   Batch 842: NaN or Inf loss detected! Skipping batch.
2026-05-08 04:04:57,213 - __main__ - ERROR -   Batch 843: NaN or Inf loss detected! Skipping batch.
2026-05-08 04:04:57,285 - __main__ - ERROR -   Batch 844: NaN or Inf loss detected! Skipping batch.
2026-05-08 04:04:57,357 - __main__ - ERROR -   Batch 845: NaN or Inf loss detected! Skipping batch.
2026-05-08 04:04:57,428 - __main__ - ERROR -   Batch 846: NaN or Inf loss detected! Skipping batch.
2026-05-08 04:04:57,500 - __main__ - ERROR -   Batch 847: NaN or Inf loss detected! Skipping batch.
2026-05-08 04:04:57,572 - __main__ - ERROR -   Batch 848: NaN or Inf loss detected! Skipping batch.
2026-05-08 04:04:57,643 - __main__ - ERROR -   Batch 849: NaN or Inf loss detected! Skipping batch.
2026-05-08 04:04:57,715 - __main__ - ERROR -   Batch 850: NaN or Inf loss detected! Skipping batch.
2026-05-08 04:04:57,774 - __main__ - ERROR -   Batch 851: NaN or Inf loss detected! Skipping batch.
2026-05-08 04:04:57,845 - __main__ - ERROR -   Batch 852: NaN or Inf loss detected! Skipping batch.
2026-05-08 04:04:57,916 - __main__ - ERROR -   Batch 853: NaN or Inf loss detected! Skipping batch.
2026-05-08 04:04:57,987 - __main__ - ERROR -   Batch 854: NaN or Inf loss detected! Skipping batch.
2026-05-08 04:04:58,059 - __main__ - ERROR -   Batch 855: NaN or Inf loss detected! Skipping batch.
2026-05-08 04:04:58,130 - __main__ - ERROR -   Batch 856: NaN or Inf loss detected! Skipping batch.
2026-05-08 04:04:58,202 - __main__ - ERROR -   Batch 857: NaN or Inf loss detected! Skipping batch.
2026-05-08 04:04:58,266 - __main__ - ERROR -   Batch 858: NaN or Inf loss detected! Skipping batch.
2026-05-08 04:04:58,338 - __main__ - ERROR -   Batch 859: NaN or Inf loss detected! Skipping batch.
2026-05-08 04:04:58,403 - __main__ - ERROR -   Batch 860: NaN or Inf loss detected! Skipping batch.
2026-05-08 04:04:58,475 - __main__ - ERROR -   Batch 861: NaN or Inf loss detected! Skipping batch.
2026-05-08 04:04:58,546 - __main__ - ERROR -   Batch 862: NaN or Inf loss detected! Skipping batch.
2026-05-08 04:04:58,617 - __main__ - ERROR -   Batch 863: NaN or Inf loss detected! Skipping batch.
2026-05-08 04:04:58,688 - __main__ - ERROR -   Batch 864: NaN or Inf loss detected! Skipping batch.
2026-05-08 04:04:58,759 - __main__ - ERROR -   Batch 865: NaN or Inf loss detected! Skipping batch.
2026-05-08 04:04:58,824 - __main__ - ERROR -   Batch 866: NaN or Inf loss detected! Skipping batch.
2026-05-08 04:04:58,895 - __main__ - ERROR -   Batch 867: NaN or Inf loss detected! Skipping batch.
2026-05-08 04:04:58,965 - __main__ - ERROR -   Batch 868: NaN or Inf loss detected! Skipping batch.
2026-05-08 04:04:59,037 - __main__ - ERROR -   Batch 869: NaN or Inf loss detected! Skipping batch.
2026-05-08 04:04:59,109 - __main__ - ERROR -   Batch 870: NaN or Inf loss detected! Skipping batch.
2026-05-08 04:04:59,174 - __main__ - ERROR -   Batch 871: NaN or Inf loss detected! Skipping batch.
2026-05-08 04:04:59,245 - __main__ - ERROR -   Batch 872: NaN or Inf loss detected! Skipping batch.
2026-05-08 04:04:59,315 - __main__ - ERROR -   Batch 873: NaN or Inf loss detected! Skipping batch.
2026-05-08 04:04:59,381 - __main__ - ERROR -   Batch 874: NaN or Inf loss detected! Skipping batch.
2026-05-08 04:04:59,452 - __main__ - ERROR -   Batch 875: NaN or Inf loss detected! Skipping batch.
2026-05-08 04:04:59,522 - __main__ - ERROR -   Batch 876: NaN or Inf loss detected! Skipping batch.
2026-05-08 04:04:59,594 - __main__ - ERROR -   Batch 877: NaN or Inf loss detected! Skipping batch.
2026-05-08 04:04:59,664 - __main__ - ERROR -   Batch 878: NaN or Inf loss detected! Skipping batch.
2026-05-08 04:04:59,736 - __main__ - ERROR -   Batch 879: NaN or Inf loss detected! Skipping batch.
2026-05-08 04:04:59,808 - __main__ - ERROR -   Batch 880: NaN or Inf loss detected! Skipping batch.
2026-05-08 04:04:59,880 - __main__ - ERROR -   Batch 881: NaN or Inf loss detected! Skipping batch.
2026-05-08 04:04:59,951 - __main__ - ERROR -   Batch 882: NaN or Inf loss detected! Skipping batch.
2026-05-08 04:05:00,022 - __main__ - ERROR -   Batch 883: NaN or Inf loss detected! Skipping batch.
2026-05-08 04:05:00,094 - __main__ - ERROR -   Batch 884: NaN or Inf loss detected! Skipping batch.
2026-05-08 04:05:00,165 - __main__ - ERROR -   Batch 885: NaN or Inf loss detected! Skipping batch.
2026-05-08 04:05:00,236 - __main__ - ERROR -   Batch 886: NaN or Inf loss detected! Skipping batch.
2026-05-08 04:05:00,308 - __main__ - ERROR -   Batch 887: NaN or Inf loss detected! Skipping batch.
2026-05-08 04:05:00,380 - __main__ - ERROR -   Batch 888: NaN or Inf loss detected! Skipping batch.
2026-05-08 04:05:00,452 - __main__ - ERROR -   Batch 889: NaN or Inf loss detected! Skipping batch.
2026-05-08 04:05:00,524 - __main__ - ERROR -   Batch 890: NaN or Inf loss detected! Skipping batch.
2026-05-08 04:05:00,595 - __main__ - ERROR -   Batch 891: NaN or Inf loss detected! Skipping batch.
2026-05-08 04:05:00,667 - __main__ - ERROR -   Batch 892: NaN or Inf loss detected! Skipping batch.
2026-05-08 04:05:00,738 - __main__ - ERROR -   Batch 893: NaN or Inf loss detected! Skipping batch.
2026-05-08 04:05:00,810 - __main__ - ERROR -   Batch 894: NaN or Inf loss detected! Skipping batch.
2026-05-08 04:05:00,881 - __main__ - ERROR -   Batch 895: NaN or Inf loss detected! Skipping batch.
2026-05-08 04:05:00,953 - __main__ - ERROR -   Batch 896: NaN or Inf loss detected! Skipping batch.
2026-05-08 04:05:01,024 - __main__ - ERROR -   Batch 897: NaN or Inf loss detected! Skipping batch.
2026-05-08 04:05:01,095 - __main__ - ERROR -   Batch 898: NaN or Inf loss detected! Skipping batch.
2026-05-08 04:05:01,167 - __main__ - ERROR -   Batch 899: NaN or Inf loss detected! Skipping batch.
2026-05-08 04:05:01,238 - __main__ - ERROR -   Batch 900: NaN or Inf loss detected! Skipping batch.
2026-05-08 04:05:01,310 - __main__ - ERROR -   Batch 901: NaN or Inf loss detected! Skipping batch.
2026-05-08 04:05:01,381 - __main__ - ERROR -   Batch 902: NaN or Inf loss detected! Skipping batch.
2026-05-08 04:05:01,453 - __main__ - ERROR -   Batch 903: NaN or Inf loss detected! Skipping batch.
2026-05-08 04:05:01,524 - __main__ - ERROR -   Batch 904: NaN or Inf loss detected! Skipping batch.
2026-05-08 04:05:01,595 - __main__ - ERROR -   Batch 905: NaN or Inf loss detected! Skipping batch.
2026-05-08 04:05:01,666 - __main__ - ERROR -   Batch 906: NaN or Inf loss detected! Skipping batch.
2026-05-08 04:05:01,737 - __main__ - ERROR -   Batch 907: NaN or Inf loss detected! Skipping batch.
2026-05-08 04:05:01,808 - __main__ - ERROR -   Batch 908: NaN or Inf loss detected! Skipping batch.
2026-05-08 04:05:01,878 - __main__ - ERROR -   Batch 909: NaN or Inf loss detected! Skipping batch.
2026-05-08 04:05:01,949 - __main__ - ERROR -   Batch 910: NaN or Inf loss detected! Skipping batch.
2026-05-08 04:05:02,020 - __main__ - ERROR -   Batch 911: NaN or Inf loss detected! Skipping batch.
2026-05-08 04:05:02,091 - __main__ - ERROR -   Batch 912: NaN or Inf loss detected! Skipping batch.
2026-05-08 04:05:02,161 - __main__ - ERROR -   Batch 913: NaN or Inf loss detected! Skipping batch.
2026-05-08 04:05:02,232 - __main__ - ERROR -   Batch 914: NaN or Inf loss detected! Skipping batch.
2026-05-08 04:05:02,303 - __main__ - ERROR -   Batch 915: NaN or Inf loss detected! Skipping batch.
2026-05-08 04:05:02,374 - __main__ - ERROR -   Batch 916: NaN or Inf loss detected! Skipping batch.
2026-05-08 04:05:02,444 - __main__ - ERROR -   Batch 917: NaN or Inf loss detected! Skipping batch.
2026-05-08 04:05:02,516 - __main__ - ERROR -   Batch 918: NaN or Inf loss detected! Skipping batch.
2026-05-08 04:05:02,586 - __main__ - ERROR -   Batch 919: NaN or Inf loss detected! Skipping batch.
2026-05-08 04:05:02,657 - __main__ - ERROR -   Batch 920: NaN or Inf loss detected! Skipping batch.
2026-05-08 04:05:02,728 - __main__ - ERROR -   Batch 921: NaN or Inf loss detected! Skipping batch.
2026-05-08 04:05:02,799 - __main__ - ERROR -   Batch 922: NaN or Inf loss detected! Skipping batch.
2026-05-08 04:05:02,863 - __main__ - ERROR -   Batch 923: NaN or Inf loss detected! Skipping batch.
2026-05-08 04:05:02,934 - __main__ - ERROR -   Batch 924: NaN or Inf loss detected! Skipping batch.
2026-05-08 04:05:03,005 - __main__ - ERROR -   Batch 925: NaN or Inf loss detected! Skipping batch.
2026-05-08 04:05:03,076 - __main__ - ERROR -   Batch 926: NaN or Inf loss detected! Skipping batch.
2026-05-08 04:05:03,142 - __main__ - ERROR -   Batch 927: NaN or Inf loss detected! Skipping batch.
2026-05-08 04:05:03,213 - __main__ - ERROR -   Batch 928: NaN or Inf loss detected! Skipping batch.
2026-05-08 04:05:03,284 - __main__ - ERROR -   Batch 929: NaN or Inf loss detected! Skipping batch.
2026-05-08 04:05:03,355 - __main__ - ERROR -   Batch 930: NaN or Inf loss detected! Skipping batch.
2026-05-08 04:05:03,428 - __main__ - ERROR -   Batch 931: NaN or Inf loss detected! Skipping batch.
2026-05-08 04:05:03,500 - __main__ - ERROR -   Batch 932: NaN or Inf loss detected! Skipping batch.
2026-05-08 04:05:03,929 - __main__ - ERROR -   Batch 933: NaN or Inf loss detected! Skipping batch.
2026-05-08 04:05:04,001 - __main__ - ERROR -   Batch 934: NaN or Inf loss detected! Skipping batch.
2026-05-08 04:05:04,072 - __main__ - ERROR -   Batch 935: NaN or Inf loss detected! Skipping batch.
2026-05-08 04:05:04,144 - __main__ - ERROR -   Batch 936: NaN or Inf loss detected! Skipping batch.
2026-05-08 04:05:04,215 - __main__ - ERROR -   Batch 937: NaN or Inf loss detected! Skipping batch.
2026-05-08 04:05:04,287 - __main__ - ERROR -   Batch 938: NaN or Inf loss detected! Skipping batch.
2026-05-08 04:05:04,352 - __main__ - ERROR -   Batch 939: NaN or Inf loss detected! Skipping batch.
2026-05-08 04:05:04,423 - __main__ - ERROR -   Batch 940: NaN or Inf loss detected! Skipping batch.
2026-05-08 04:05:04,493 - __main__ - ERROR -   Batch 941: NaN or Inf loss detected! Skipping batch.
2026-05-08 04:05:04,565 - __main__ - ERROR -   Batch 942: NaN or Inf loss detected! Skipping batch.
2026-05-08 04:05:04,637 - __main__ - ERROR -   Batch 943: NaN or Inf loss detected! Skipping batch.
2026-05-08 04:05:04,708 - __main__ - ERROR -   Batch 944: NaN or Inf loss detected! Skipping batch.
2026-05-08 04:05:04,780 - __main__ - ERROR -   Batch 945: NaN or Inf loss detected! Skipping batch.
2026-05-08 04:05:04,851 - __main__ - ERROR -   Batch 946: NaN or Inf loss detected! Skipping batch.
2026-05-08 04:05:04,922 - __main__ - ERROR -   Batch 947: NaN or Inf loss detected! Skipping batch.
2026-05-08 04:05:04,986 - __main__ - ERROR -   Batch 948: NaN or Inf loss detected! Skipping batch.
2026-05-08 04:05:05,056 - __main__ - ERROR -   Batch 949: NaN or Inf loss detected! Skipping batch.
2026-05-08 04:05:05,127 - __main__ - ERROR -   Batch 950: NaN or Inf loss detected! Skipping batch.
2026-05-08 04:05:05,198 - __main__ - ERROR -   Batch 951: NaN or Inf loss detected! Skipping batch.
2026-05-08 04:05:05,269 - __main__ - ERROR -   Batch 952: NaN or Inf loss detected! Skipping batch.
2026-05-08 04:05:05,341 - __main__ - ERROR -   Batch 953: NaN or Inf loss detected! Skipping batch.
2026-05-08 04:05:05,413 - __main__ - ERROR -   Batch 954: NaN or Inf loss detected! Skipping batch.
2026-05-08 04:05:05,484 - __main__ - ERROR -   Batch 955: NaN or Inf loss detected! Skipping batch.
2026-05-08 04:05:05,556 - __main__ - ERROR -   Batch 956: NaN or Inf loss detected! Skipping batch.
2026-05-08 04:05:05,628 - __main__ - ERROR -   Batch 957: NaN or Inf loss detected! Skipping batch.
2026-05-08 04:05:05,700 - __main__ - ERROR -   Batch 958: NaN or Inf loss detected! Skipping batch.
2026-05-08 04:05:05,771 - __main__ - ERROR -   Batch 959: NaN or Inf loss detected! Skipping batch.
2026-05-08 04:05:05,843 - __main__ - ERROR -   Batch 960: NaN or Inf loss detected! Skipping batch.
2026-05-08 04:05:05,915 - __main__ - ERROR -   Batch 961: NaN or Inf loss detected! Skipping batch.
2026-05-08 04:05:05,986 - __main__ - ERROR -   Batch 962: NaN or Inf loss detected! Skipping batch.
2026-05-08 04:05:06,057 - __main__ - ERROR -   Batch 963: NaN or Inf loss detected! Skipping batch.
2026-05-08 04:05:06,128 - __main__ - ERROR -   Batch 964: NaN or Inf loss detected! Skipping batch.
2026-05-08 04:05:06,199 - __main__ - ERROR -   Batch 965: NaN or Inf loss detected! Skipping batch.
2026-05-08 04:05:06,271 - __main__ - ERROR -   Batch 966: NaN or Inf loss detected! Skipping batch.
2026-05-08 04:05:06,343 - __main__ - ERROR -   Batch 967: NaN or Inf loss detected! Skipping batch.
2026-05-08 04:05:06,415 - __main__ - ERROR -   Batch 968: NaN or Inf loss detected! Skipping batch.
2026-05-08 04:05:06,487 - __main__ - ERROR -   Batch 969: NaN or Inf loss detected! Skipping batch.
2026-05-08 04:05:06,559 - __main__ - ERROR -   Batch 970: NaN or Inf loss detected! Skipping batch.
2026-05-08 04:05:06,631 - __main__ - ERROR -   Batch 971: NaN or Inf loss detected! Skipping batch.
2026-05-08 04:05:06,702 - __main__ - ERROR -   Batch 972: NaN or Inf loss detected! Skipping batch.
2026-05-08 04:05:06,773 - __main__ - ERROR -   Batch 973: NaN or Inf loss detected! Skipping batch.
2026-05-08 04:05:06,844 - __main__ - ERROR -   Batch 974: NaN or Inf loss detected! Skipping batch.
2026-05-08 04:05:06,909 - __main__ - ERROR -   Batch 975: NaN or Inf loss detected! Skipping batch.
2026-05-08 04:05:06,974 - __main__ - ERROR -   Batch 976: NaN or Inf loss detected! Skipping batch.
2026-05-08 04:05:07,044 - __main__ - ERROR -   Batch 977: NaN or Inf loss detected! Skipping batch.
2026-05-08 04:05:07,115 - __main__ - ERROR -   Batch 978: NaN or Inf loss detected! Skipping batch.
2026-05-08 04:05:07,186 - __main__ - ERROR -   Batch 979: NaN or Inf loss detected! Skipping batch.
2026-05-08 04:05:07,258 - __main__ - ERROR -   Batch 980: NaN or Inf loss detected! Skipping batch.
2026-05-08 04:05:07,330 - __main__ - ERROR -   Batch 981: NaN or Inf loss detected! Skipping batch.
2026-05-08 04:05:07,402 - __main__ - ERROR -   Batch 982: NaN or Inf loss detected! Skipping batch.
2026-05-08 04:05:07,474 - __main__ - ERROR -   Batch 983: NaN or Inf loss detected! Skipping batch.
2026-05-08 04:05:07,544 - __main__ - ERROR -   Batch 984: NaN or Inf loss detected! Skipping batch.
2026-05-08 04:05:07,615 - __main__ - ERROR -   Batch 985: NaN or Inf loss detected! Skipping batch.
2026-05-08 04:05:07,686 - __main__ - ERROR -   Batch 986: NaN or Inf loss detected! Skipping batch.
2026-05-08 04:05:07,757 - __main__ - ERROR -   Batch 987: NaN or Inf loss detected! Skipping batch.
2026-05-08 04:05:07,822 - __main__ - ERROR -   Batch 988: NaN or Inf loss detected! Skipping batch.
2026-05-08 04:05:07,893 - __main__ - ERROR -   Batch 989: NaN or Inf loss detected! Skipping batch.
2026-05-08 04:05:07,964 - __main__ - ERROR -   Batch 990: NaN or Inf loss detected! Skipping batch.
2026-05-08 04:05:08,029 - __main__ - ERROR -   Batch 991: NaN or Inf loss detected! Skipping batch.
2026-05-08 04:05:08,100 - __main__ - ERROR -   Batch 992: NaN or Inf loss detected! Skipping batch.
2026-05-08 04:05:08,170 - __main__ - ERROR -   Batch 993: NaN or Inf loss detected! Skipping batch.
2026-05-08 04:05:08,242 - __main__ - ERROR -   Batch 994: NaN or Inf loss detected! Skipping batch.
2026-05-08 04:05:08,314 - __main__ - ERROR -   Batch 995: NaN or Inf loss detected! Skipping batch.
2026-05-08 04:05:08,378 - __main__ - ERROR -   Batch 996: NaN or Inf loss detected! Skipping batch.
2026-05-08 04:05:08,450 - __main__ - ERROR -   Batch 997: NaN or Inf loss detected! Skipping batch.
2026-05-08 04:05:08,521 - __main__ - ERROR -   Batch 998: NaN or Inf loss detected! Skipping batch.
2026-05-08 04:05:08,586 - __main__ - ERROR -   Batch 999: NaN or Inf loss detected! Skipping batch.
2026-05-08 04:05:08,657 - __main__ - ERROR -   Batch 1000: NaN or Inf loss detected! Skipping batch.
2026-05-08 04:05:08,728 - __main__ - ERROR -   Batch 1001: NaN or Inf loss detected! Skipping batch.
2026-05-08 04:05:08,799 - __main__ - ERROR -   Batch 1002: NaN or Inf loss detected! Skipping batch.
2026-05-08 04:05:08,869 - __main__ - ERROR -   Batch 1003: NaN or Inf loss detected! Skipping batch.
2026-05-08 04:05:08,941 - __main__ - ERROR -   Batch 1004: NaN or Inf loss detected! Skipping batch.
2026-05-08 04:05:09,012 - __main__ - ERROR -   Batch 1005: NaN or Inf loss detected! Skipping batch.
2026-05-08 04:05:09,083 - __main__ - ERROR -   Batch 1006: NaN or Inf loss detected! Skipping batch.
2026-05-08 04:05:09,154 - __main__ - ERROR -   Batch 1007: NaN or Inf loss detected! Skipping batch.
2026-05-08 04:05:09,226 - __main__ - ERROR -   Batch 1008: NaN or Inf loss detected! Skipping batch.
2026-05-08 04:05:09,298 - __main__ - ERROR -   Batch 1009: NaN or Inf loss detected! Skipping batch.
2026-05-08 04:05:09,370 - __main__ - ERROR -   Batch 1010: NaN or Inf loss detected! Skipping batch.
2026-05-08 04:05:09,442 - __main__ - ERROR -   Batch 1011: NaN or Inf loss detected! Skipping batch.
2026-05-08 04:05:09,513 - __main__ - ERROR -   Batch 1012: NaN or Inf loss detected! Skipping batch.
2026-05-08 04:05:09,573 - __main__ - ERROR -   Batch 1013: NaN or Inf loss detected! Skipping batch.
2026-05-08 04:05:09,644 - __main__ - ERROR -   Batch 1014: NaN or Inf loss detected! Skipping batch.
2026-05-08 04:05:09,715 - __main__ - ERROR -   Batch 1015: NaN or Inf loss detected! Skipping batch.
2026-05-08 04:05:09,780 - __main__ - ERROR -   Batch 1016: NaN or Inf loss detected! Skipping batch.
2026-05-08 04:05:09,851 - __main__ - ERROR -   Batch 1017: NaN or Inf loss detected! Skipping batch.
2026-05-08 04:05:09,922 - __main__ - ERROR -   Batch 1018: NaN or Inf loss detected! Skipping batch.
2026-05-08 04:05:09,993 - __main__ - ERROR -   Batch 1019: NaN or Inf loss detected! Skipping batch.
2026-05-08 04:05:10,064 - __main__ - ERROR -   Batch 1020: NaN or Inf loss detected! Skipping batch.
2026-05-08 04:05:10,136 - __main__ - ERROR -   Batch 1021: NaN or Inf loss detected! Skipping batch.
2026-05-08 04:05:10,207 - __main__ - ERROR -   Batch 1022: NaN or Inf loss detected! Skipping batch.
2026-05-08 04:05:10,279 - __main__ - ERROR -   Batch 1023: NaN or Inf loss detected! Skipping batch.
2026-05-08 04:05:10,344 - __main__ - ERROR -   Batch 1024: NaN or Inf loss detected! Skipping batch.
2026-05-08 04:05:10,416 - __main__ - ERROR -   Batch 1025: NaN or Inf loss detected! Skipping batch.
2026-05-08 04:05:10,487 - __main__ - ERROR -   Batch 1026: NaN or Inf loss detected! Skipping batch.
2026-05-08 04:05:10,552 - __main__ - ERROR -   Batch 1027: NaN or Inf loss detected! Skipping batch.
2026-05-08 04:05:10,624 - __main__ - ERROR -   Batch 1028: NaN or Inf loss detected! Skipping batch.
2026-05-08 04:05:10,694 - __main__ - ERROR -   Batch 1029: NaN or Inf loss detected! Skipping batch.
2026-05-08 04:05:10,765 - __main__ - ERROR -   Batch 1030: NaN or Inf loss detected! Skipping batch.
2026-05-08 04:05:10,837 - __main__ - ERROR -   Batch 1031: NaN or Inf loss detected! Skipping batch.
2026-05-08 04:05:10,908 - __main__ - ERROR -   Batch 1032: NaN or Inf loss detected! Skipping batch.
2026-05-08 04:05:10,979 - __main__ - ERROR -   Batch 1033: NaN or Inf loss detected! Skipping batch.
2026-05-08 04:05:11,050 - __main__ - ERROR -   Batch 1034: NaN or Inf loss detected! Skipping batch.
2026-05-08 04:05:11,121 - __main__ - ERROR -   Batch 1035: NaN or Inf loss detected! Skipping batch.
2026-05-08 04:05:11,192 - __main__ - ERROR -   Batch 1036: NaN or Inf loss detected! Skipping batch.
2026-05-08 04:05:11,257 - __main__ - ERROR -   Batch 1037: NaN or Inf loss detected! Skipping batch.
2026-05-08 04:05:11,328 - __main__ - ERROR -   Batch 1038: NaN or Inf loss detected! Skipping batch.
2026-05-08 04:05:11,399 - __main__ - ERROR -   Batch 1039: NaN or Inf loss detected! Skipping batch.
2026-05-08 04:05:11,470 - __main__ - ERROR -   Batch 1040: NaN or Inf loss detected! Skipping batch.
2026-05-08 04:05:11,542 - __main__ - ERROR -   Batch 1041: NaN or Inf loss detected! Skipping batch.
2026-05-08 04:05:11,613 - __main__ - ERROR -   Batch 1042: NaN or Inf loss detected! Skipping batch.
2026-05-08 04:05:11,685 - __main__ - ERROR -   Batch 1043: NaN or Inf loss detected! Skipping batch.
2026-05-08 04:05:11,756 - __main__ - ERROR -   Batch 1044: NaN or Inf loss detected! Skipping batch.
2026-05-08 04:05:11,828 - __main__ - ERROR -   Batch 1045: NaN or Inf loss detected! Skipping batch.
2026-05-08 04:05:11,899 - __main__ - ERROR -   Batch 1046: NaN or Inf loss detected! Skipping batch.
2026-05-08 04:05:11,971 - __main__ - ERROR -   Batch 1047: NaN or Inf loss detected! Skipping batch.
2026-05-08 04:05:12,042 - __main__ - ERROR -   Batch 1048: NaN or Inf loss detected! Skipping batch.
2026-05-08 04:05:12,113 - __main__ - ERROR -   Batch 1049: NaN or Inf loss detected! Skipping batch.
2026-05-08 04:05:12,185 - __main__ - ERROR -   Batch 1050: NaN or Inf loss detected! Skipping batch.
2026-05-08 04:05:12,257 - __main__ - ERROR -   Batch 1051: NaN or Inf loss detected! Skipping batch.
2026-05-08 04:05:12,329 - __main__ - ERROR -   Batch 1052: NaN or Inf loss detected! Skipping batch.
2026-05-08 04:05:12,400 - __main__ - ERROR -   Batch 1053: NaN or Inf loss detected! Skipping batch.
2026-05-08 04:05:12,749 - __main__ - ERROR -   Batch 1054: NaN or Inf loss detected! Skipping batch.
2026-05-08 04:05:12,822 - __main__ - ERROR -   Batch 1055: NaN or Inf loss detected! Skipping batch.
2026-05-08 04:05:12,894 - __main__ - ERROR -   Batch 1056: NaN or Inf loss detected! Skipping batch.
2026-05-08 04:05:12,967 - __main__ - ERROR -   Batch 1057: NaN or Inf loss detected! Skipping batch.
2026-05-08 04:05:13,038 - __main__ - ERROR -   Batch 1058: NaN or Inf loss detected! Skipping batch.
2026-05-08 04:05:13,110 - __main__ - ERROR -   Batch 1059: NaN or Inf loss detected! Skipping batch.
2026-05-08 04:05:13,182 - __main__ - ERROR -   Batch 1060: NaN or Inf loss detected! Skipping batch.
2026-05-08 04:05:13,254 - __main__ - ERROR -   Batch 1061: NaN or Inf loss detected! Skipping batch.
2026-05-08 04:05:13,326 - __main__ - ERROR -   Batch 1062: NaN or Inf loss detected! Skipping batch.
2026-05-08 04:05:13,397 - __main__ - ERROR -   Batch 1063: NaN or Inf loss detected! Skipping batch.
2026-05-08 04:05:13,469 - __main__ - ERROR -   Batch 1064: NaN or Inf loss detected! Skipping batch.
2026-05-08 04:05:13,534 - __main__ - ERROR -   Batch 1065: NaN or Inf loss detected! Skipping batch.
2026-05-08 04:05:13,605 - __main__ - ERROR -   Batch 1066: NaN or Inf loss detected! Skipping batch.
2026-05-08 04:05:13,676 - __main__ - ERROR -   Batch 1067: NaN or Inf loss detected! Skipping batch.
2026-05-08 04:05:13,746 - __main__ - ERROR -   Batch 1068: NaN or Inf loss detected! Skipping batch.
2026-05-08 04:05:13,818 - __main__ - ERROR -   Batch 1069: NaN or Inf loss detected! Skipping batch.
2026-05-08 04:05:13,890 - __main__ - ERROR -   Batch 1070: NaN or Inf loss detected! Skipping batch.
2026-05-08 04:05:13,962 - __main__ - ERROR -   Batch 1071: NaN or Inf loss detected! Skipping batch.
2026-05-08 04:05:14,033 - __main__ - ERROR -   Batch 1072: NaN or Inf loss detected! Skipping batch.
2026-05-08 04:05:14,103 - __main__ - ERROR -   Batch 1073: NaN or Inf loss detected! Skipping batch.
2026-05-08 04:05:14,173 - __main__ - ERROR -   Batch 1074: NaN or Inf loss detected! Skipping batch.
2026-05-08 04:05:14,244 - __main__ - ERROR -   Batch 1075: NaN or Inf loss detected! Skipping batch.
2026-05-08 04:05:14,315 - __main__ - ERROR -   Batch 1076: NaN or Inf loss detected! Skipping batch.
2026-05-08 04:05:14,387 - __main__ - ERROR -   Batch 1077: NaN or Inf loss detected! Skipping batch.
2026-05-08 04:05:14,458 - __main__ - ERROR -   Batch 1078: NaN or Inf loss detected! Skipping batch.
2026-05-08 04:05:14,530 - __main__ - ERROR -   Batch 1079: NaN or Inf loss detected! Skipping batch.
2026-05-08 04:05:14,595 - __main__ - ERROR -   Batch 1080: NaN or Inf loss detected! Skipping batch.
2026-05-08 04:05:14,660 - __main__ - ERROR -   Batch 1081: NaN or Inf loss detected! Skipping batch.
2026-05-08 04:05:14,730 - __main__ - ERROR -   Batch 1082: NaN or Inf loss detected! Skipping batch.
2026-05-08 04:05:14,801 - __main__ - ERROR -   Batch 1083: NaN or Inf loss detected! Skipping batch.
2026-05-08 04:05:14,866 - __main__ - ERROR -   Batch 1084: NaN or Inf loss detected! Skipping batch.
2026-05-08 04:05:14,937 - __main__ - ERROR -   Batch 1085: NaN or Inf loss detected! Skipping batch.
2026-05-08 04:05:15,008 - __main__ - ERROR -   Batch 1086: NaN or Inf loss detected! Skipping batch.
2026-05-08 04:05:15,079 - __main__ - ERROR -   Batch 1087: NaN or Inf loss detected! Skipping batch.
2026-05-08 04:05:15,149 - __main__ - ERROR -   Batch 1088: NaN or Inf loss detected! Skipping batch.
2026-05-08 04:05:15,219 - __main__ - ERROR -   Batch 1089: NaN or Inf loss detected! Skipping batch.
2026-05-08 04:05:15,291 - __main__ - ERROR -   Batch 1090: NaN or Inf loss detected! Skipping batch.
2026-05-08 04:05:15,362 - __main__ - ERROR -   Batch 1091: NaN or Inf loss detected! Skipping batch.
2026-05-08 04:05:15,434 - __main__ - ERROR -   Batch 1092: NaN or Inf loss detected! Skipping batch.
2026-05-08 04:05:15,506 - __main__ - ERROR -   Batch 1093: NaN or Inf loss detected! Skipping batch.
2026-05-08 04:05:15,578 - __main__ - ERROR -   Batch 1094: NaN or Inf loss detected! Skipping batch.
2026-05-08 04:05:15,650 - __main__ - ERROR -   Batch 1095: NaN or Inf loss detected! Skipping batch.
2026-05-08 04:05:15,722 - __main__ - ERROR -   Batch 1096: NaN or Inf loss detected! Skipping batch.
2026-05-08 04:05:15,794 - __main__ - ERROR -   Batch 1097: NaN or Inf loss detected! Skipping batch.
2026-05-08 04:05:15,865 - __main__ - ERROR -   Batch 1098: NaN or Inf loss detected! Skipping batch.
2026-05-08 04:05:15,938 - __main__ - ERROR -   Batch 1099: NaN or Inf loss detected! Skipping batch.
2026-05-08 04:05:16,009 - __main__ - ERROR -   Batch 1100: NaN or Inf loss detected! Skipping batch.
2026-05-08 04:05:16,081 - __main__ - ERROR -   Batch 1101: NaN or Inf loss detected! Skipping batch.
2026-05-08 04:05:16,153 - __main__ - ERROR -   Batch 1102: NaN or Inf loss detected! Skipping batch.
2026-05-08 04:05:16,225 - __main__ - ERROR -   Batch 1103: NaN or Inf loss detected! Skipping batch.
2026-05-08 04:05:16,297 - __main__ - ERROR -   Batch 1104: NaN or Inf loss detected! Skipping batch.
2026-05-08 04:05:16,369 - __main__ - ERROR -   Batch 1105: NaN or Inf loss detected! Skipping batch.
2026-05-08 04:05:16,441 - __main__ - ERROR -   Batch 1106: NaN or Inf loss detected! Skipping batch.
2026-05-08 04:05:16,514 - __main__ - ERROR -   Batch 1107: NaN or Inf loss detected! Skipping batch.
2026-05-08 04:05:16,586 - __main__ - ERROR -   Batch 1108: NaN or Inf loss detected! Skipping batch.
2026-05-08 04:05:16,657 - __main__ - ERROR -   Batch 1109: NaN or Inf loss detected! Skipping batch.
2026-05-08 04:05:16,729 - __main__ - ERROR -   Batch 1110: NaN or Inf loss detected! Skipping batch.
2026-05-08 04:05:16,794 - __main__ - ERROR -   Batch 1111: NaN or Inf loss detected! Skipping batch.
2026-05-08 04:05:16,866 - __main__ - ERROR -   Batch 1112: NaN or Inf loss detected! Skipping batch.
2026-05-08 04:05:16,936 - __main__ - ERROR -   Batch 1113: NaN or Inf loss detected! Skipping batch.
2026-05-08 04:05:17,001 - __main__ - ERROR -   Batch 1114: NaN or Inf loss detected! Skipping batch.
2026-05-08 04:05:17,072 - __main__ - ERROR -   Batch 1115: NaN or Inf loss detected! Skipping batch.
2026-05-08 04:05:17,142 - __main__ - ERROR -   Batch 1116: NaN or Inf loss detected! Skipping batch.
2026-05-08 04:05:17,214 - __main__ - ERROR -   Batch 1117: NaN or Inf loss detected! Skipping batch.
2026-05-08 04:05:17,285 - __main__ - ERROR -   Batch 1118: NaN or Inf loss detected! Skipping batch.
2026-05-08 04:05:17,357 - __main__ - ERROR -   Batch 1119: NaN or Inf loss detected! Skipping batch.
2026-05-08 04:05:17,429 - __main__ - ERROR -   Batch 1120: NaN or Inf loss detected! Skipping batch.
2026-05-08 04:05:17,501 - __main__ - ERROR -   Batch 1121: NaN or Inf loss detected! Skipping batch.
2026-05-08 04:05:17,573 - __main__ - ERROR -   Batch 1122: NaN or Inf loss detected! Skipping batch.
2026-05-08 04:05:17,645 - __main__ - ERROR -   Batch 1123: NaN or Inf loss detected! Skipping batch.
2026-05-08 04:05:17,710 - __main__ - ERROR -   Batch 1124: NaN or Inf loss detected! Skipping batch.
2026-05-08 04:05:17,782 - __main__ - ERROR -   Batch 1125: NaN or Inf loss detected! Skipping batch.
2026-05-08 04:05:17,853 - __main__ - ERROR -   Batch 1126: NaN or Inf loss detected! Skipping batch.
2026-05-08 04:05:17,924 - __main__ - ERROR -   Batch 1127: NaN or Inf loss detected! Skipping batch.
2026-05-08 04:05:17,996 - __main__ - ERROR -   Batch 1128: NaN or Inf loss detected! Skipping batch.
2026-05-08 04:05:18,067 - __main__ - ERROR -   Batch 1129: NaN or Inf loss detected! Skipping batch.
2026-05-08 04:05:18,137 - __main__ - ERROR -   Batch 1130: NaN or Inf loss detected! Skipping batch.
2026-05-08 04:05:18,209 - __main__ - ERROR -   Batch 1131: NaN or Inf loss detected! Skipping batch.
2026-05-08 04:05:18,279 - __main__ - ERROR -   Batch 1132: NaN or Inf loss detected! Skipping batch.
2026-05-08 04:05:18,351 - __main__ - ERROR -   Batch 1133: NaN or Inf loss detected! Skipping batch.
2026-05-08 04:05:18,422 - __main__ - ERROR -   Batch 1134: NaN or Inf loss detected! Skipping batch.
2026-05-08 04:05:18,493 - __main__ - ERROR -   Batch 1135: NaN or Inf loss detected! Skipping batch.
2026-05-08 04:05:18,565 - __main__ - ERROR -   Batch 1136: NaN or Inf loss detected! Skipping batch.
2026-05-08 04:05:18,635 - __main__ - ERROR -   Batch 1137: NaN or Inf loss detected! Skipping batch.
2026-05-08 04:05:18,705 - __main__ - ERROR -   Batch 1138: NaN or Inf loss detected! Skipping batch.
2026-05-08 04:05:18,774 - __main__ - ERROR -   Batch 1139: NaN or Inf loss detected! Skipping batch.
2026-05-08 04:05:18,844 - __main__ - ERROR -   Batch 1140: NaN or Inf loss detected! Skipping batch.
2026-05-08 04:05:18,914 - __main__ - ERROR -   Batch 1141: NaN or Inf loss detected! Skipping batch.
2026-05-08 04:05:18,984 - __main__ - ERROR -   Batch 1142: NaN or Inf loss detected! Skipping batch.
2026-05-08 04:05:19,054 - __main__ - ERROR -   Batch 1143: NaN or Inf loss detected! Skipping batch.
2026-05-08 04:05:19,124 - __main__ - ERROR -   Batch 1144: NaN or Inf loss detected! Skipping batch.
2026-05-08 04:05:19,193 - __main__ - ERROR -   Batch 1145: NaN or Inf loss detected! Skipping batch.
2026-05-08 04:05:19,263 - __main__ - ERROR -   Batch 1146: NaN or Inf loss detected! Skipping batch.
2026-05-08 04:05:19,333 - __main__ - ERROR -   Batch 1147: NaN or Inf loss detected! Skipping batch.
2026-05-08 04:05:19,403 - __main__ - ERROR -   Batch 1148: NaN or Inf loss detected! Skipping batch.
2026-05-08 04:05:19,473 - __main__ - ERROR -   Batch 1149: NaN or Inf loss detected! Skipping batch.
2026-05-08 04:05:19,543 - __main__ - ERROR -   Batch 1150: NaN or Inf loss detected! Skipping batch.
2026-05-08 04:05:19,613 - __main__ - ERROR -   Batch 1151: NaN or Inf loss detected! Skipping batch.
2026-05-08 04:05:19,683 - __main__ - ERROR -   Batch 1152: NaN or Inf loss detected! Skipping batch.
2026-05-08 04:05:19,753 - __main__ - ERROR -   Batch 1153: NaN or Inf loss detected! Skipping batch.
2026-05-08 04:05:19,823 - __main__ - ERROR -   Batch 1154: NaN or Inf loss detected! Skipping batch.
2026-05-08 04:05:19,892 - __main__ - ERROR -   Batch 1155: NaN or Inf loss detected! Skipping batch.
2026-05-08 04:05:19,962 - __main__ - ERROR -   Batch 1156: NaN or Inf loss detected! Skipping batch.
2026-05-08 04:05:20,032 - __main__ - ERROR -   Batch 1157: NaN or Inf loss detected! Skipping batch.
2026-05-08 04:05:20,102 - __main__ - ERROR -   Batch 1158: NaN or Inf loss detected! Skipping batch.
2026-05-08 04:05:20,172 - __main__ - ERROR -   Batch 1159: NaN or Inf loss detected! Skipping batch.
2026-05-08 04:05:20,242 - __main__ - ERROR -   Batch 1160: NaN or Inf loss detected! Skipping batch.
2026-05-08 04:05:20,311 - __main__ - ERROR -   Batch 1161: NaN or Inf loss detected! Skipping batch.
2026-05-08 04:05:20,381 - __main__ - ERROR -   Batch 1162: NaN or Inf loss detected! Skipping batch.
2026-05-08 04:05:20,451 - __main__ - ERROR -   Batch 1163: NaN or Inf loss detected! Skipping batch.
2026-05-08 04:05:20,515 - __main__ - ERROR -   Batch 1164: NaN or Inf loss detected! Skipping batch.
2026-05-08 04:05:20,881 - __main__ - ERROR -   Batch 1165: NaN or Inf loss detected! Skipping batch.
2026-05-08 04:05:20,953 - __main__ - ERROR -   Batch 1166: NaN or Inf loss detected! Skipping batch.
2026-05-08 04:05:21,024 - __main__ - ERROR -   Batch 1167: NaN or Inf loss detected! Skipping batch.
2026-05-08 04:05:21,096 - __main__ - ERROR -   Batch 1168: NaN or Inf loss detected! Skipping batch.
2026-05-08 04:05:21,161 - __main__ - ERROR -   Batch 1169: NaN or Inf loss detected! Skipping batch.
2026-05-08 04:05:21,232 - __main__ - ERROR -   Batch 1170: NaN or Inf loss detected! Skipping batch.
2026-05-08 04:05:21,303 - __main__ - ERROR -   Batch 1171: NaN or Inf loss detected! Skipping batch.
2026-05-08 04:05:21,374 - __main__ - ERROR -   Batch 1172: NaN or Inf loss detected! Skipping batch.
2026-05-08 04:05:21,446 - __main__ - ERROR -   Batch 1173: NaN or Inf loss detected! Skipping batch.
2026-05-08 04:05:21,518 - __main__ - ERROR -   Batch 1174: NaN or Inf loss detected! Skipping batch.
2026-05-08 04:05:21,590 - __main__ - ERROR -   Batch 1175: NaN or Inf loss detected! Skipping batch.
2026-05-08 04:05:21,661 - __main__ - ERROR -   Batch 1176: NaN or Inf loss detected! Skipping batch.
2026-05-08 04:05:21,732 - __main__ - ERROR -   Batch 1177: NaN or Inf loss detected! Skipping batch.
2026-05-08 04:05:21,796 - __main__ - ERROR -   Batch 1178: NaN or Inf loss detected! Skipping batch.
2026-05-08 04:05:21,856 - __main__ - ERROR -   Batch 1179: NaN or Inf loss detected! Skipping batch.
2026-05-08 04:05:21,926 - __main__ - ERROR -   Batch 1180: NaN or Inf loss detected! Skipping batch.
2026-05-08 04:05:21,997 - __main__ - ERROR -   Batch 1181: NaN or Inf loss detected! Skipping batch.
2026-05-08 04:05:22,068 - __main__ - ERROR -   Batch 1182: NaN or Inf loss detected! Skipping batch.
2026-05-08 04:05:22,139 - __main__ - ERROR -   Batch 1183: NaN or Inf loss detected! Skipping batch.
2026-05-08 04:05:22,210 - __main__ - ERROR -   Batch 1184: NaN or Inf loss detected! Skipping batch.
2026-05-08 04:05:22,282 - __main__ - ERROR -   Batch 1185: NaN or Inf loss detected! Skipping batch.
2026-05-08 04:05:22,354 - __main__ - ERROR -   Batch 1186: NaN or Inf loss detected! Skipping batch.
2026-05-08 04:05:22,426 - __main__ - ERROR -   Batch 1187: NaN or Inf loss detected! Skipping batch.
2026-05-08 04:05:22,497 - __main__ - ERROR -   Batch 1188: NaN or Inf loss detected! Skipping batch.
2026-05-08 04:05:22,568 - __main__ - ERROR -   Batch 1189: NaN or Inf loss detected! Skipping batch.
2026-05-08 04:05:22,638 - __main__ - ERROR -   Batch 1190: NaN or Inf loss detected! Skipping batch.
2026-05-08 04:05:22,709 - __main__ - ERROR -   Batch 1191: NaN or Inf loss detected! Skipping batch.
2026-05-08 04:05:22,781 - __main__ - ERROR -   Batch 1192: NaN or Inf loss detected! Skipping batch.
2026-05-08 04:05:22,852 - __main__ - ERROR -   Batch 1193: NaN or Inf loss detected! Skipping batch.
2026-05-08 04:05:22,924 - __main__ - ERROR -   Batch 1194: NaN or Inf loss detected! Skipping batch.
2026-05-08 04:05:22,995 - __main__ - ERROR -   Batch 1195: NaN or Inf loss detected! Skipping batch.
2026-05-08 04:05:23,067 - __main__ - ERROR -   Batch 1196: NaN or Inf loss detected! Skipping batch.
2026-05-08 04:05:23,138 - __main__ - ERROR -   Batch 1197: NaN or Inf loss detected! Skipping batch.
2026-05-08 04:05:23,209 - __main__ - ERROR -   Batch 1198: NaN or Inf loss detected! Skipping batch.
2026-05-08 04:05:23,280 - __main__ - ERROR -   Batch 1199: NaN or Inf loss detected! Skipping batch.
2026-05-08 04:05:23,352 - __main__ - ERROR -   Batch 1200: NaN or Inf loss detected! Skipping batch.
2026-05-08 04:05:23,423 - __main__ - ERROR -   Batch 1201: NaN or Inf loss detected! Skipping batch.
2026-05-08 04:05:23,495 - __main__ - ERROR -   Batch 1202: NaN or Inf loss detected! Skipping batch.
2026-05-08 04:05:23,566 - __main__ - ERROR -   Batch 1203: NaN or Inf loss detected! Skipping batch.
2026-05-08 04:05:23,637 - __main__ - ERROR -   Batch 1204: NaN or Inf loss detected! Skipping batch.
2026-05-08 04:05:23,708 - __main__ - ERROR -   Batch 1205: NaN or Inf loss detected! Skipping batch.
2026-05-08 04:05:23,780 - __main__ - ERROR -   Batch 1206: NaN or Inf loss detected! Skipping batch.
2026-05-08 04:05:23,851 - __main__ - ERROR -   Batch 1207: NaN or Inf loss detected! Skipping batch.
2026-05-08 04:05:23,922 - __main__ - ERROR -   Batch 1208: NaN or Inf loss detected! Skipping batch.
2026-05-08 04:05:23,993 - __main__ - ERROR -   Batch 1209: NaN or Inf loss detected! Skipping batch.
2026-05-08 04:05:24,058 - __main__ - ERROR -   Batch 1210: NaN or Inf loss detected! Skipping batch.
2026-05-08 04:05:24,129 - __main__ - ERROR -   Batch 1211: NaN or Inf loss detected! Skipping batch.
2026-05-08 04:05:24,200 - __main__ - ERROR -   Batch 1212: NaN or Inf loss detected! Skipping batch.
2026-05-08 04:05:24,272 - __main__ - ERROR -   Batch 1213: NaN or Inf loss detected! Skipping batch.
2026-05-08 04:05:24,343 - __main__ - ERROR -   Batch 1214: NaN or Inf loss detected! Skipping batch.
2026-05-08 04:05:24,415 - __main__ - ERROR -   Batch 1215: NaN or Inf loss detected! Skipping batch.
2026-05-08 04:05:24,486 - __main__ - ERROR -   Batch 1216: NaN or Inf loss detected! Skipping batch.
2026-05-08 04:05:24,558 - __main__ - ERROR -   Batch 1217: NaN or Inf loss detected! Skipping batch.
2026-05-08 04:05:24,628 - __main__ - ERROR -   Batch 1218: NaN or Inf loss detected! Skipping batch.
2026-05-08 04:05:24,698 - __main__ - ERROR -   Batch 1219: NaN or Inf loss detected! Skipping batch.
2026-05-08 04:05:24,770 - __main__ - ERROR -   Batch 1220: NaN or Inf loss detected! Skipping batch.
2026-05-08 04:05:24,840 - __main__ - ERROR -   Batch 1221: NaN or Inf loss detected! Skipping batch.
2026-05-08 04:05:24,911 - __main__ - ERROR -   Batch 1222: NaN or Inf loss detected! Skipping batch.
2026-05-08 04:05:24,982 - __main__ - ERROR -   Batch 1223: NaN or Inf loss detected! Skipping batch.
2026-05-08 04:05:25,053 - __main__ - ERROR -   Batch 1224: NaN or Inf loss detected! Skipping batch.
2026-05-08 04:05:25,124 - __main__ - ERROR -   Batch 1225: NaN or Inf loss detected! Skipping batch.
2026-05-08 04:05:25,197 - __main__ - ERROR -   Batch 1226: NaN or Inf loss detected! Skipping batch.
2026-05-08 04:05:25,266 - __main__ - ERROR -   Batch 1227: NaN or Inf loss detected! Skipping batch.
2026-05-08 04:05:25,338 - __main__ - ERROR -   Batch 1228: NaN or Inf loss detected! Skipping batch.
2026-05-08 04:05:25,409 - __main__ - ERROR -   Batch 1229: NaN or Inf loss detected! Skipping batch.
2026-05-08 04:05:25,480 - __main__ - ERROR -   Batch 1230: NaN or Inf loss detected! Skipping batch.
2026-05-08 04:05:25,551 - __main__ - ERROR -   Batch 1231: NaN or Inf loss detected! Skipping batch.
2026-05-08 04:05:25,623 - __main__ - ERROR -   Batch 1232: NaN or Inf loss detected! Skipping batch.
2026-05-08 04:05:25,695 - __main__ - ERROR -   Batch 1233: NaN or Inf loss detected! Skipping batch.
2026-05-08 04:05:25,767 - __main__ - ERROR -   Batch 1234: NaN or Inf loss detected! Skipping batch.
2026-05-08 04:05:25,837 - __main__ - ERROR -   Batch 1235: NaN or Inf loss detected! Skipping batch.
2026-05-08 04:05:25,909 - __main__ - ERROR -   Batch 1236: NaN or Inf loss detected! Skipping batch.
2026-05-08 04:05:25,980 - __main__ - ERROR -   Batch 1237: NaN or Inf loss detected! Skipping batch.
2026-05-08 04:05:26,051 - __main__ - ERROR -   Batch 1238: NaN or Inf loss detected! Skipping batch.
2026-05-08 04:05:26,122 - __main__ - ERROR -   Batch 1239: NaN or Inf loss detected! Skipping batch.
2026-05-08 04:05:26,193 - __main__ - ERROR -   Batch 1240: NaN or Inf loss detected! Skipping batch.
2026-05-08 04:05:26,264 - __main__ - ERROR -   Batch 1241: NaN or Inf loss detected! Skipping batch.
2026-05-08 04:05:26,335 - __main__ - ERROR -   Batch 1242: NaN or Inf loss detected! Skipping batch.
2026-05-08 04:05:26,406 - __main__ - ERROR -   Batch 1243: NaN or Inf loss detected! Skipping batch.
2026-05-08 04:05:26,478 - __main__ - ERROR -   Batch 1244: NaN or Inf loss detected! Skipping batch.
2026-05-08 04:05:26,549 - __main__ - ERROR -   Batch 1245: NaN or Inf loss detected! Skipping batch.
2026-05-08 04:05:26,620 - __main__ - ERROR -   Batch 1246: NaN or Inf loss detected! Skipping batch.
2026-05-08 04:05:26,692 - __main__ - ERROR -   Batch 1247: NaN or Inf loss detected! Skipping batch.
2026-05-08 04:05:26,763 - __main__ - ERROR -   Batch 1248: NaN or Inf loss detected! Skipping batch.
2026-05-08 04:05:26,834 - __main__ - ERROR -   Batch 1249: NaN or Inf loss detected! Skipping batch.
2026-05-08 04:05:26,905 - __main__ - ERROR -   Batch 1250: NaN or Inf loss detected! Skipping batch.
2026-05-08 04:05:26,976 - __main__ - ERROR -   Batch 1251: NaN or Inf loss detected! Skipping batch.
2026-05-08 04:05:27,047 - __main__ - ERROR -   Batch 1252: NaN or Inf loss detected! Skipping batch.
2026-05-08 04:05:27,118 - __main__ - ERROR -   Batch 1253: NaN or Inf loss detected! Skipping batch.
2026-05-08 04:05:27,189 - __main__ - ERROR -   Batch 1254: NaN or Inf loss detected! Skipping batch.
2026-05-08 04:05:27,260 - __main__ - ERROR -   Batch 1255: NaN or Inf loss detected! Skipping batch.
2026-05-08 04:05:27,330 - __main__ - ERROR -   Batch 1256: NaN or Inf loss detected! Skipping batch.
2026-05-08 04:05:27,400 - __main__ - ERROR -   Batch 1257: NaN or Inf loss detected! Skipping batch.
2026-05-08 04:05:27,470 - __main__ - ERROR -   Batch 1258: NaN or Inf loss detected! Skipping batch.
2026-05-08 04:05:27,540 - __main__ - ERROR -   Batch 1259: NaN or Inf loss detected! Skipping batch.
2026-05-08 04:05:27,610 - __main__ - ERROR -   Batch 1260: NaN or Inf loss detected! Skipping batch.
2026-05-08 04:05:27,680 - __main__ - ERROR -   Batch 1261: NaN or Inf loss detected! Skipping batch.
2026-05-08 04:05:27,749 - __main__ - ERROR -   Batch 1262: NaN or Inf loss detected! Skipping batch.
2026-05-08 04:05:27,815 - __main__ - ERROR -   Batch 1263: NaN or Inf loss detected! Skipping batch.
2026-05-08 04:05:27,885 - __main__ - ERROR -   Batch 1264: NaN or Inf loss detected! Skipping batch.
2026-05-08 04:05:27,956 - __main__ - ERROR -   Batch 1265: NaN or Inf loss detected! Skipping batch.
2026-05-08 04:05:28,027 - __main__ - ERROR -   Batch 1266: NaN or Inf loss detected! Skipping batch.
2026-05-08 04:05:28,099 - __main__ - ERROR -   Batch 1267: NaN or Inf loss detected! Skipping batch.
2026-05-08 04:05:28,171 - __main__ - ERROR -   Batch 1268: NaN or Inf loss detected! Skipping batch.
2026-05-08 04:05:28,242 - __main__ - ERROR -   Batch 1269: NaN or Inf loss detected! Skipping batch.
2026-05-08 04:05:28,314 - __main__ - ERROR -   Batch 1270: NaN or Inf loss detected! Skipping batch.
2026-05-08 04:05:28,386 - __main__ - ERROR -   Batch 1271: NaN or Inf loss detected! Skipping batch.
2026-05-08 04:05:28,457 - __main__ - ERROR -   Batch 1272: NaN or Inf loss detected! Skipping batch.
2026-05-08 04:05:28,529 - __main__ - ERROR -   Batch 1273: NaN or Inf loss detected! Skipping batch.
2026-05-08 04:05:28,601 - __main__ - ERROR -   Batch 1274: NaN or Inf loss detected! Skipping batch.
2026-05-08 04:05:28,673 - __main__ - ERROR -   Batch 1275: NaN or Inf loss detected! Skipping batch.
2026-05-08 04:05:28,744 - __main__ - ERROR -   Batch 1276: NaN or Inf loss detected! Skipping batch.
2026-05-08 04:05:28,816 - __main__ - ERROR -   Batch 1277: NaN or Inf loss detected! Skipping batch.
2026-05-08 04:05:28,887 - __main__ - ERROR -   Batch 1278: NaN or Inf loss detected! Skipping batch.
2026-05-08 04:05:28,959 - __main__ - ERROR -   Batch 1279: NaN or Inf loss detected! Skipping batch.
2026-05-08 04:05:29,030 - __main__ - ERROR -   Batch 1280: NaN or Inf loss detected! Skipping batch.
2026-05-08 04:05:29,095 - __main__ - ERROR -   Batch 1281: NaN or Inf loss detected! Skipping batch.
2026-05-08 04:05:29,166 - __main__ - ERROR -   Batch 1282: NaN or Inf loss detected! Skipping batch.
2026-05-08 04:05:29,237 - __main__ - ERROR -   Batch 1283: NaN or Inf loss detected! Skipping batch.
2026-05-08 04:05:29,308 - __main__ - ERROR -   Batch 1284: NaN or Inf loss detected! Skipping batch.
2026-05-08 04:05:29,380 - __main__ - ERROR -   Batch 1285: NaN or Inf loss detected! Skipping batch.
2026-05-08 04:05:29,452 - __main__ - ERROR -   Batch 1286: NaN or Inf loss detected! Skipping batch.
2026-05-08 04:05:29,524 - __main__ - ERROR -   Batch 1287: NaN or Inf loss detected! Skipping batch.
2026-05-08 04:05:29,595 - __main__ - ERROR -   Batch 1288: NaN or Inf loss detected! Skipping batch.
2026-05-08 04:05:29,667 - __main__ - ERROR -   Batch 1289: NaN or Inf loss detected! Skipping batch.
2026-05-08 04:05:29,739 - __main__ - ERROR -   Batch 1290: NaN or Inf loss detected! Skipping batch.
2026-05-08 04:05:30,140 - __main__ - ERROR -   Batch 1291: NaN or Inf loss detected! Skipping batch.
2026-05-08 04:05:30,212 - __main__ - ERROR -   Batch 1292: NaN or Inf loss detected! Skipping batch.
2026-05-08 04:05:30,284 - __main__ - ERROR -   Batch 1293: NaN or Inf loss detected! Skipping batch.
2026-05-08 04:05:30,357 - __main__ - ERROR -   Batch 1294: NaN or Inf loss detected! Skipping batch.
2026-05-08 04:05:30,428 - __main__ - ERROR -   Batch 1295: NaN or Inf loss detected! Skipping batch.
2026-05-08 04:05:30,501 - __main__ - ERROR -   Batch 1296: NaN or Inf loss detected! Skipping batch.
2026-05-08 04:05:30,573 - __main__ - ERROR -   Batch 1297: NaN or Inf loss detected! Skipping batch.
2026-05-08 04:05:30,645 - __main__ - ERROR -   Batch 1298: NaN or Inf loss detected! Skipping batch.
2026-05-08 04:05:30,717 - __main__ - ERROR -   Batch 1299: NaN or Inf loss detected! Skipping batch.
2026-05-08 04:05:30,789 - __main__ - ERROR -   Batch 1300: NaN or Inf loss detected! Skipping batch.
2026-05-08 04:05:30,854 - __main__ - ERROR -   Batch 1301: NaN or Inf loss detected! Skipping batch.
2026-05-08 04:05:30,925 - __main__ - ERROR -   Batch 1302: NaN or Inf loss detected! Skipping batch.
2026-05-08 04:05:30,995 - __main__ - ERROR -   Batch 1303: NaN or Inf loss detected! Skipping batch.
2026-05-08 04:05:31,066 - __main__ - ERROR -   Batch 1304: NaN or Inf loss detected! Skipping batch.
2026-05-08 04:05:31,138 - __main__ - ERROR -   Batch 1305: NaN or Inf loss detected! Skipping batch.
2026-05-08 04:05:31,208 - __main__ - ERROR -   Batch 1306: NaN or Inf loss detected! Skipping batch.
2026-05-08 04:05:31,280 - __main__ - ERROR -   Batch 1307: NaN or Inf loss detected! Skipping batch.
2026-05-08 04:05:31,351 - __main__ - ERROR -   Batch 1308: NaN or Inf loss detected! Skipping batch.
2026-05-08 04:05:31,422 - __main__ - ERROR -   Batch 1309: NaN or Inf loss detected! Skipping batch.
2026-05-08 04:05:31,494 - __main__ - ERROR -   Batch 1310: NaN or Inf loss detected! Skipping batch.
2026-05-08 04:05:31,566 - __main__ - ERROR -   Batch 1311: NaN or Inf loss detected! Skipping batch.
2026-05-08 04:05:31,638 - __main__ - ERROR -   Batch 1312: NaN or Inf loss detected! Skipping batch.
2026-05-08 04:05:31,710 - __main__ - ERROR -   Batch 1313: NaN or Inf loss detected! Skipping batch.
2026-05-08 04:05:31,781 - __main__ - ERROR -   Batch 1314: NaN or Inf loss detected! Skipping batch.
2026-05-08 04:05:31,852 - __main__ - ERROR -   Batch 1315: NaN or Inf loss detected! Skipping batch.
2026-05-08 04:05:31,923 - __main__ - ERROR -   Batch 1316: NaN or Inf loss detected! Skipping batch.
2026-05-08 04:05:31,994 - __main__ - ERROR -   Batch 1317: NaN or Inf loss detected! Skipping batch.
2026-05-08 04:05:32,059 - __main__ - ERROR -   Batch 1318: NaN or Inf loss detected! Skipping batch.
2026-05-08 04:05:32,130 - __main__ - ERROR -   Batch 1319: NaN or Inf loss detected! Skipping batch.
2026-05-08 04:05:32,201 - __main__ - ERROR -   Batch 1320: NaN or Inf loss detected! Skipping batch.
2026-05-08 04:05:32,272 - __main__ - ERROR -   Batch 1321: NaN or Inf loss detected! Skipping batch.
2026-05-08 04:05:32,343 - __main__ - ERROR -   Batch 1322: NaN or Inf loss detected! Skipping batch.
2026-05-08 04:05:32,414 - __main__ - ERROR -   Batch 1323: NaN or Inf loss detected! Skipping batch.
2026-05-08 04:05:32,486 - __main__ - ERROR -   Batch 1324: NaN or Inf loss detected! Skipping batch.
2026-05-08 04:05:32,551 - __main__ - ERROR -   Batch 1325: NaN or Inf loss detected! Skipping batch.
2026-05-08 04:05:32,623 - __main__ - ERROR -   Batch 1326: NaN or Inf loss detected! Skipping batch.
2026-05-08 04:05:32,693 - __main__ - ERROR -   Batch 1327: NaN or Inf loss detected! Skipping batch.
2026-05-08 04:05:32,765 - __main__ - ERROR -   Batch 1328: NaN or Inf loss detected! Skipping batch.
2026-05-08 04:05:32,837 - __main__ - ERROR -   Batch 1329: NaN or Inf loss detected! Skipping batch.
2026-05-08 04:05:32,901 - __main__ - ERROR -   Batch 1330: NaN or Inf loss detected! Skipping batch.
2026-05-08 04:05:32,972 - __main__ - ERROR -   Batch 1331: NaN or Inf loss detected! Skipping batch.
2026-05-08 04:05:33,043 - __main__ - ERROR -   Batch 1332: NaN or Inf loss detected! Skipping batch.
2026-05-08 04:05:33,114 - __main__ - ERROR -   Batch 1333: NaN or Inf loss detected! Skipping batch.
2026-05-08 04:05:33,185 - __main__ - ERROR -   Batch 1334: NaN or Inf loss detected! Skipping batch.
2026-05-08 04:05:33,249 - __main__ - ERROR -   Batch 1335: NaN or Inf loss detected! Skipping batch.
2026-05-08 04:05:33,321 - __main__ - ERROR -   Batch 1336: NaN or Inf loss detected! Skipping batch.
2026-05-08 04:05:33,385 - __main__ - ERROR -   Batch 1337: NaN or Inf loss detected! Skipping batch.
2026-05-08 04:05:33,456 - __main__ - ERROR -   Batch 1338: NaN or Inf loss detected! Skipping batch.
2026-05-08 04:05:33,527 - __main__ - ERROR -   Batch 1339: NaN or Inf loss detected! Skipping batch.
2026-05-08 04:05:33,601 - __main__ - ERROR -   Batch 1340: NaN or Inf loss detected! Skipping batch.
2026-05-08 04:05:33,673 - __main__ - ERROR -   Batch 1341: NaN or Inf loss detected! Skipping batch.
2026-05-08 04:05:33,745 - __main__ - ERROR -   Batch 1342: NaN or Inf loss detected! Skipping batch.
2026-05-08 04:05:33,817 - __main__ - ERROR -   Batch 1343: NaN or Inf loss detected! Skipping batch.
2026-05-08 04:05:33,888 - __main__ - ERROR -   Batch 1344: NaN or Inf loss detected! Skipping batch.
2026-05-08 04:05:33,959 - __main__ - ERROR -   Batch 1345: NaN or Inf loss detected! Skipping batch.
2026-05-08 04:05:34,031 - __main__ - ERROR -   Batch 1346: NaN or Inf loss detected! Skipping batch.
2026-05-08 04:05:34,103 - __main__ - ERROR -   Batch 1347: NaN or Inf loss detected! Skipping batch.
2026-05-08 04:05:34,174 - __main__ - ERROR -   Batch 1348: NaN or Inf loss detected! Skipping batch.
2026-05-08 04:05:34,245 - __main__ - ERROR -   Batch 1349: NaN or Inf loss detected! Skipping batch.
2026-05-08 04:05:34,317 - __main__ - ERROR -   Batch 1350: NaN or Inf loss detected! Skipping batch.
2026-05-08 04:05:34,389 - __main__ - ERROR -   Batch 1351: NaN or Inf loss detected! Skipping batch.
2026-05-08 04:05:34,460 - __main__ - ERROR -   Batch 1352: NaN or Inf loss detected! Skipping batch.
2026-05-08 04:05:34,532 - __main__ - ERROR -   Batch 1353: NaN or Inf loss detected! Skipping batch.
2026-05-08 04:05:34,604 - __main__ - ERROR -   Batch 1354: NaN or Inf loss detected! Skipping batch.
2026-05-08 04:05:34,675 - __main__ - ERROR -   Batch 1355: NaN or Inf loss detected! Skipping batch.
2026-05-08 04:05:34,747 - __main__ - ERROR -   Batch 1356: NaN or Inf loss detected! Skipping batch.
2026-05-08 04:05:34,818 - __main__ - ERROR -   Batch 1357: NaN or Inf loss detected! Skipping batch.
2026-05-08 04:05:34,890 - __main__ - ERROR -   Batch 1358: NaN or Inf loss detected! Skipping batch.
2026-05-08 04:05:34,962 - __main__ - ERROR -   Batch 1359: NaN or Inf loss detected! Skipping batch.
2026-05-08 04:05:35,033 - __main__ - ERROR -   Batch 1360: NaN or Inf loss detected! Skipping batch.
2026-05-08 04:05:35,104 - __main__ - ERROR -   Batch 1361: NaN or Inf loss detected! Skipping batch.
2026-05-08 04:05:35,176 - __main__ - ERROR -   Batch 1362: NaN or Inf loss detected! Skipping batch.
2026-05-08 04:05:35,247 - __main__ - ERROR -   Batch 1363: NaN or Inf loss detected! Skipping batch.
2026-05-08 04:05:35,319 - __main__ - ERROR -   Batch 1364: NaN or Inf loss detected! Skipping batch.
2026-05-08 04:05:35,390 - __main__ - ERROR -   Batch 1365: NaN or Inf loss detected! Skipping batch.
2026-05-08 04:05:35,462 - __main__ - ERROR -   Batch 1366: NaN or Inf loss detected! Skipping batch.
2026-05-08 04:05:35,535 - __main__ - ERROR -   Batch 1367: NaN or Inf loss detected! Skipping batch.
2026-05-08 04:05:35,607 - __main__ - ERROR -   Batch 1368: NaN or Inf loss detected! Skipping batch.
2026-05-08 04:05:35,678 - __main__ - ERROR -   Batch 1369: NaN or Inf loss detected! Skipping batch.
2026-05-08 04:05:35,750 - __main__ - ERROR -   Batch 1370: NaN or Inf loss detected! Skipping batch.
2026-05-08 04:05:35,815 - __main__ - ERROR -   Batch 1371: NaN or Inf loss detected! Skipping batch.
2026-05-08 04:05:35,886 - __main__ - ERROR -   Batch 1372: NaN or Inf loss detected! Skipping batch.
2026-05-08 04:05:35,957 - __main__ - ERROR -   Batch 1373: NaN or Inf loss detected! Skipping batch.
2026-05-08 04:05:36,028 - __main__ - ERROR -   Batch 1374: NaN or Inf loss detected! Skipping batch.
2026-05-08 04:05:36,093 - __main__ - ERROR -   Batch 1375: NaN or Inf loss detected! Skipping batch.
2026-05-08 04:05:36,158 - __main__ - ERROR -   Batch 1376: NaN or Inf loss detected! Skipping batch.
2026-05-08 04:05:36,228 - __main__ - ERROR -   Batch 1377: NaN or Inf loss detected! Skipping batch.
2026-05-08 04:05:36,299 - __main__ - ERROR -   Batch 1378: NaN or Inf loss detected! Skipping batch.
2026-05-08 04:05:36,370 - __main__ - ERROR -   Batch 1379: NaN or Inf loss detected! Skipping batch.
2026-05-08 04:05:36,441 - __main__ - ERROR -   Batch 1380: NaN or Inf loss detected! Skipping batch.
2026-05-08 04:05:36,512 - __main__ - ERROR -   Batch 1381: NaN or Inf loss detected! Skipping batch.
2026-05-08 04:05:36,583 - __main__ - ERROR -   Batch 1382: NaN or Inf loss detected! Skipping batch.
2026-05-08 04:05:36,655 - __main__ - ERROR -   Batch 1383: NaN or Inf loss detected! Skipping batch.
2026-05-08 04:05:36,727 - __main__ - ERROR -   Batch 1384: NaN or Inf loss detected! Skipping batch.
2026-05-08 04:05:36,798 - __main__ - ERROR -   Batch 1385: NaN or Inf loss detected! Skipping batch.
2026-05-08 04:05:36,865 - __main__ - ERROR -   Batch 1386: NaN or Inf loss detected! Skipping batch.
2026-05-08 04:05:36,936 - __main__ - ERROR -   Batch 1387: NaN or Inf loss detected! Skipping batch.
2026-05-08 04:05:37,007 - __main__ - ERROR -   Batch 1388: NaN or Inf loss detected! Skipping batch.
2026-05-08 04:05:37,078 - __main__ - ERROR -   Batch 1389: NaN or Inf loss detected! Skipping batch.
2026-05-08 04:05:37,149 - __main__ - ERROR -   Batch 1390: NaN or Inf loss detected! Skipping batch.
2026-05-08 04:05:37,222 - __main__ - ERROR -   Batch 1391: NaN or Inf loss detected! Skipping batch.
2026-05-08 04:05:37,293 - __main__ - ERROR -   Batch 1392: NaN or Inf loss detected! Skipping batch.
2026-05-08 04:05:37,366 - __main__ - ERROR -   Batch 1393: NaN or Inf loss detected! Skipping batch.
2026-05-08 04:05:37,437 - __main__ - ERROR -   Batch 1394: NaN or Inf loss detected! Skipping batch.
2026-05-08 04:05:37,510 - __main__ - ERROR -   Batch 1395: NaN or Inf loss detected! Skipping batch.
2026-05-08 04:05:37,575 - __main__ - ERROR -   Batch 1396: NaN or Inf loss detected! Skipping batch.
2026-05-08 04:05:37,646 - __main__ - ERROR -   Batch 1397: NaN or Inf loss detected! Skipping batch.
2026-05-08 04:05:37,717 - __main__ - ERROR -   Batch 1398: NaN or Inf loss detected! Skipping batch.
2026-05-08 04:05:37,789 - __main__ - ERROR -   Batch 1399: NaN or Inf loss detected! Skipping batch.
2026-05-08 04:05:37,860 - __main__ - ERROR -   Batch 1400: NaN or Inf loss detected! Skipping batch.
2026-05-08 04:05:37,931 - __main__ - ERROR -   Batch 1401: NaN or Inf loss detected! Skipping batch.
2026-05-08 04:05:38,002 - __main__ - ERROR -   Batch 1402: NaN or Inf loss detected! Skipping batch.
2026-05-08 04:05:38,074 - __main__ - ERROR -   Batch 1403: NaN or Inf loss detected! Skipping batch.
2026-05-08 04:05:38,138 - __main__ - ERROR -   Batch 1404: NaN or Inf loss detected! Skipping batch.
2026-05-08 04:05:38,210 - __main__ - ERROR -   Batch 1405: NaN or Inf loss detected! Skipping batch.
2026-05-08 04:05:38,281 - __main__ - ERROR -   Batch 1406: NaN or Inf loss detected! Skipping batch.
2026-05-08 04:05:38,684 - __main__ - ERROR -   Batch 1407: NaN or Inf loss detected! Skipping batch.
2026-05-08 04:05:38,756 - __main__ - ERROR -   Batch 1408: NaN or Inf loss detected! Skipping batch.
2026-05-08 04:05:38,828 - __main__ - ERROR -   Batch 1409: NaN or Inf loss detected! Skipping batch.
2026-05-08 04:05:38,899 - __main__ - ERROR -   Batch 1410: NaN or Inf loss detected! Skipping batch.
2026-05-08 04:05:38,971 - __main__ - ERROR -   Batch 1411: NaN or Inf loss detected! Skipping batch.
2026-05-08 04:05:39,042 - __main__ - ERROR -   Batch 1412: NaN or Inf loss detected! Skipping batch.
2026-05-08 04:05:39,114 - __main__ - ERROR -   Batch 1413: NaN or Inf loss detected! Skipping batch.
2026-05-08 04:05:39,185 - __main__ - ERROR -   Batch 1414: NaN or Inf loss detected! Skipping batch.
2026-05-08 04:05:39,255 - __main__ - ERROR -   Batch 1415: NaN or Inf loss detected! Skipping batch.
2026-05-08 04:05:39,319 - __main__ - ERROR -   Batch 1416: NaN or Inf loss detected! Skipping batch.
2026-05-08 04:05:39,390 - __main__ - ERROR -   Batch 1417: NaN or Inf loss detected! Skipping batch.
2026-05-08 04:05:39,449 - __main__ - ERROR -   Batch 1418: NaN or Inf loss detected! Skipping batch.
2026-05-08 04:05:39,514 - __main__ - ERROR -   Batch 1419: NaN or Inf loss detected! Skipping batch.
2026-05-08 04:05:39,585 - __main__ - ERROR -   Batch 1420: NaN or Inf loss detected! Skipping batch.
2026-05-08 04:05:39,655 - __main__ - ERROR -   Batch 1421: NaN or Inf loss detected! Skipping batch.
2026-05-08 04:05:39,720 - __main__ - ERROR -   Batch 1422: NaN or Inf loss detected! Skipping batch.
2026-05-08 04:05:39,792 - __main__ - ERROR -   Batch 1423: NaN or Inf loss detected! Skipping batch.
2026-05-08 04:05:39,862 - __main__ - ERROR -   Batch 1424: NaN or Inf loss detected! Skipping batch.
2026-05-08 04:05:39,934 - __main__ - ERROR -   Batch 1425: NaN or Inf loss detected! Skipping batch.
2026-05-08 04:05:40,006 - __main__ - ERROR -   Batch 1426: NaN or Inf loss detected! Skipping batch.
2026-05-08 04:05:40,075 - __main__ - ERROR -   Batch 1427: NaN or Inf loss detected! Skipping batch.
2026-05-08 04:05:40,147 - __main__ - ERROR -   Batch 1428: NaN or Inf loss detected! Skipping batch.
2026-05-08 04:05:40,219 - __main__ - ERROR -   Batch 1429: NaN or Inf loss detected! Skipping batch.
2026-05-08 04:05:40,290 - __main__ - ERROR -   Batch 1430: NaN or Inf loss detected! Skipping batch.
2026-05-08 04:05:40,361 - __main__ - ERROR -   Batch 1431: NaN or Inf loss detected! Skipping batch.
2026-05-08 04:05:40,433 - __main__ - ERROR -   Batch 1432: NaN or Inf loss detected! Skipping batch.
2026-05-08 04:05:40,504 - __main__ - ERROR -   Batch 1433: NaN or Inf loss detected! Skipping batch.
2026-05-08 04:05:40,576 - __main__ - ERROR -   Batch 1434: NaN or Inf loss detected! Skipping batch.
2026-05-08 04:05:40,648 - __main__ - ERROR -   Batch 1435: NaN or Inf loss detected! Skipping batch.
2026-05-08 04:05:40,720 - __main__ - ERROR -   Batch 1436: NaN or Inf loss detected! Skipping batch.
2026-05-08 04:05:40,791 - __main__ - ERROR -   Batch 1437: NaN or Inf loss detected! Skipping batch.
2026-05-08 04:05:40,862 - __main__ - ERROR -   Batch 1438: NaN or Inf loss detected! Skipping batch.
2026-05-08 04:05:40,934 - __main__ - ERROR -   Batch 1439: NaN or Inf loss detected! Skipping batch.
2026-05-08 04:05:41,006 - __main__ - ERROR -   Batch 1440: NaN or Inf loss detected! Skipping batch.
2026-05-08 04:05:41,071 - __main__ - ERROR -   Batch 1441: NaN or Inf loss detected! Skipping batch.
2026-05-08 04:05:41,143 - __main__ - ERROR -   Batch 1442: NaN or Inf loss detected! Skipping batch.
2026-05-08 04:05:41,213 - __main__ - ERROR -   Batch 1443: NaN or Inf loss detected! Skipping batch.
2026-05-08 04:05:41,285 - __main__ - ERROR -   Batch 1444: NaN or Inf loss detected! Skipping batch.
2026-05-08 04:05:41,357 - __main__ - ERROR -   Batch 1445: NaN or Inf loss detected! Skipping batch.
2026-05-08 04:05:41,428 - __main__ - ERROR -   Batch 1446: NaN or Inf loss detected! Skipping batch.
2026-05-08 04:05:41,499 - __main__ - ERROR -   Batch 1447: NaN or Inf loss detected! Skipping batch.
2026-05-08 04:05:41,570 - __main__ - ERROR -   Batch 1448: NaN or Inf loss detected! Skipping batch.
2026-05-08 04:05:41,642 - __main__ - ERROR -   Batch 1449: NaN or Inf loss detected! Skipping batch.
2026-05-08 04:05:41,714 - __main__ - ERROR -   Batch 1450: NaN or Inf loss detected! Skipping batch.
2026-05-08 04:05:41,784 - __main__ - ERROR -   Batch 1451: NaN or Inf loss detected! Skipping batch.
2026-05-08 04:05:41,855 - __main__ - ERROR -   Batch 1452: NaN or Inf loss detected! Skipping batch.
2026-05-08 04:05:41,919 - __main__ - ERROR -   Batch 1453: NaN or Inf loss detected! Skipping batch.
2026-05-08 04:05:41,990 - __main__ - ERROR -   Batch 1454: NaN or Inf loss detected! Skipping batch.
2026-05-08 04:05:42,061 - __main__ - ERROR -   Batch 1455: NaN or Inf loss detected! Skipping batch.
2026-05-08 04:05:42,132 - __main__ - ERROR -   Batch 1456: NaN or Inf loss detected! Skipping batch.
2026-05-08 04:05:42,203 - __main__ - ERROR -   Batch 1457: NaN or Inf loss detected! Skipping batch.
2026-05-08 04:05:42,275 - __main__ - ERROR -   Batch 1458: NaN or Inf loss detected! Skipping batch.
2026-05-08 04:05:42,346 - __main__ - ERROR -   Batch 1459: NaN or Inf loss detected! Skipping batch.
2026-05-08 04:05:42,416 - __main__ - ERROR -   Batch 1460: NaN or Inf loss detected! Skipping batch.
2026-05-08 04:05:42,489 - __main__ - ERROR -   Batch 1461: NaN or Inf loss detected! Skipping batch.
2026-05-08 04:05:42,561 - __main__ - ERROR -   Batch 1462: NaN or Inf loss detected! Skipping batch.
2026-05-08 04:05:42,633 - __main__ - ERROR -   Batch 1463: NaN or Inf loss detected! Skipping batch.
2026-05-08 04:05:42,702 - __main__ - ERROR -   Batch 1464: NaN or Inf loss detected! Skipping batch.
2026-05-08 04:05:42,773 - __main__ - ERROR -   Batch 1465: NaN or Inf loss detected! Skipping batch.
2026-05-08 04:05:42,838 - __main__ - ERROR -   Batch 1466: NaN or Inf loss detected! Skipping batch.
2026-05-08 04:05:42,909 - __main__ - ERROR -   Batch 1467: NaN or Inf loss detected! Skipping batch.
2026-05-08 04:05:42,980 - __main__ - ERROR -   Batch 1468: NaN or Inf loss detected! Skipping batch.
2026-05-08 04:05:43,050 - __main__ - ERROR -   Batch 1469: NaN or Inf loss detected! Skipping batch.
2026-05-08 04:05:43,121 - __main__ - ERROR -   Batch 1470: NaN or Inf loss detected! Skipping batch.
2026-05-08 04:05:43,193 - __main__ - ERROR -   Batch 1471: NaN or Inf loss detected! Skipping batch.
2026-05-08 04:05:43,264 - __main__ - ERROR -   Batch 1472: NaN or Inf loss detected! Skipping batch.
2026-05-08 04:05:43,334 - __main__ - ERROR -   Batch 1473: NaN or Inf loss detected! Skipping batch.
2026-05-08 04:05:43,406 - __main__ - ERROR -   Batch 1474: NaN or Inf loss detected! Skipping batch.
2026-05-08 04:05:43,477 - __main__ - ERROR -   Batch 1475: NaN or Inf loss detected! Skipping batch.
2026-05-08 04:05:43,548 - __main__ - ERROR -   Batch 1476: NaN or Inf loss detected! Skipping batch.
2026-05-08 04:05:43,620 - __main__ - ERROR -   Batch 1477: NaN or Inf loss detected! Skipping batch.
2026-05-08 04:05:43,692 - __main__ - ERROR -   Batch 1478: NaN or Inf loss detected! Skipping batch.
2026-05-08 04:05:43,763 - __main__ - ERROR -   Batch 1479: NaN or Inf loss detected! Skipping batch.
2026-05-08 04:05:43,835 - __main__ - ERROR -   Batch 1480: NaN or Inf loss detected! Skipping batch.
2026-05-08 04:05:43,907 - __main__ - ERROR -   Batch 1481: NaN or Inf loss detected! Skipping batch.
2026-05-08 04:05:43,972 - __main__ - ERROR -   Batch 1482: NaN or Inf loss detected! Skipping batch.
2026-05-08 04:05:44,037 - __main__ - ERROR -   Batch 1483: NaN or Inf loss detected! Skipping batch.
2026-05-08 04:05:44,107 - __main__ - ERROR -   Batch 1484: NaN or Inf loss detected! Skipping batch.
2026-05-08 04:05:44,167 - __main__ - ERROR -   Batch 1485: NaN or Inf loss detected! Skipping batch.
2026-05-08 04:05:44,231 - __main__ - ERROR -   Batch 1486: NaN or Inf loss detected! Skipping batch.
2026-05-08 04:05:44,296 - __main__ - ERROR -   Batch 1487: NaN or Inf loss detected! Skipping batch.
2026-05-08 04:05:44,366 - __main__ - ERROR -   Batch 1488: NaN or Inf loss detected! Skipping batch.
2026-05-08 04:05:44,437 - __main__ - ERROR -   Batch 1489: NaN or Inf loss detected! Skipping batch.
2026-05-08 04:05:44,508 - __main__ - ERROR -   Batch 1490: NaN or Inf loss detected! Skipping batch.
2026-05-08 04:05:44,580 - __main__ - ERROR -   Batch 1491: NaN or Inf loss detected! Skipping batch.
2026-05-08 04:05:44,645 - __main__ - ERROR -   Batch 1492: NaN or Inf loss detected! Skipping batch.
2026-05-08 04:05:44,716 - __main__ - ERROR -   Batch 1493: NaN or Inf loss detected! Skipping batch.
2026-05-08 04:05:44,786 - __main__ - ERROR -   Batch 1494: NaN or Inf loss detected! Skipping batch.
2026-05-08 04:05:44,858 - __main__ - ERROR -   Batch 1495: NaN or Inf loss detected! Skipping batch.
2026-05-08 04:05:44,930 - __main__ - ERROR -   Batch 1496: NaN or Inf loss detected! Skipping batch.
2026-05-08 04:05:45,002 - __main__ - ERROR -   Batch 1497: NaN or Inf loss detected! Skipping batch.
2026-05-08 04:05:45,074 - __main__ - ERROR -   Batch 1498: NaN or Inf loss detected! Skipping batch.
2026-05-08 04:05:45,145 - __main__ - ERROR -   Batch 1499: NaN or Inf loss detected! Skipping batch.
2026-05-08 04:05:45,217 - __main__ - ERROR -   Batch 1500: NaN or Inf loss detected! Skipping batch.
2026-05-08 04:05:45,287 - __main__ - ERROR -   Batch 1501: NaN or Inf loss detected! Skipping batch.
2026-05-08 04:05:45,358 - __main__ - ERROR -   Batch 1502: NaN or Inf loss detected! Skipping batch.
2026-05-08 04:05:45,430 - __main__ - ERROR -   Batch 1503: NaN or Inf loss detected! Skipping batch.
2026-05-08 04:05:45,502 - __main__ - ERROR -   Batch 1504: NaN or Inf loss detected! Skipping batch.
2026-05-08 04:05:45,573 - __main__ - ERROR -   Batch 1505: NaN or Inf loss detected! Skipping batch.
2026-05-08 04:05:45,644 - __main__ - ERROR -   Batch 1506: NaN or Inf loss detected! Skipping batch.
2026-05-08 04:05:45,715 - __main__ - ERROR -   Batch 1507: NaN or Inf loss detected! Skipping batch.
2026-05-08 04:05:45,786 - __main__ - ERROR -   Batch 1508: NaN or Inf loss detected! Skipping batch.
2026-05-08 04:05:45,857 - __main__ - ERROR -   Batch 1509: NaN or Inf loss detected! Skipping batch.
2026-05-08 04:05:45,928 - __main__ - ERROR -   Batch 1510: NaN or Inf loss detected! Skipping batch.
2026-05-08 04:05:45,999 - __main__ - ERROR -   Batch 1511: NaN or Inf loss detected! Skipping batch.
2026-05-08 04:05:46,070 - __main__ - ERROR -   Batch 1512: NaN or Inf loss detected! Skipping batch.
2026-05-08 04:05:46,141 - __main__ - ERROR -   Batch 1513: NaN or Inf loss detected! Skipping batch.
2026-05-08 04:05:46,211 - __main__ - ERROR -   Batch 1514: NaN or Inf loss detected! Skipping batch.
2026-05-08 04:05:46,283 - __main__ - ERROR -   Batch 1515: NaN or Inf loss detected! Skipping batch.
2026-05-08 04:05:46,353 - __main__ - ERROR -   Batch 1516: NaN or Inf loss detected! Skipping batch.
2026-05-08 04:05:46,425 - __main__ - ERROR -   Batch 1517: NaN or Inf loss detected! Skipping batch.
2026-05-08 04:05:46,479 - __main__ - ERROR -   Batch 1518: NaN or Inf loss detected! Skipping batch.
2026-05-08 04:05:46,551 - __main__ - ERROR -   Batch 1519: NaN or Inf loss detected! Skipping batch.
2026-05-08 04:05:46,621 - __main__ - ERROR -   Batch 1520: NaN or Inf loss detected! Skipping batch.
2026-05-08 04:05:46,693 - __main__ - ERROR -   Batch 1521: NaN or Inf loss detected! Skipping batch.
2026-05-08 04:05:46,764 - __main__ - ERROR -   Batch 1522: NaN or Inf loss detected! Skipping batch.
2026-05-08 04:05:46,829 - __main__ - ERROR -   Batch 1523: NaN or Inf loss detected! Skipping batch.
2026-05-08 04:05:46,901 - __main__ - ERROR -   Batch 1524: NaN or Inf loss detected! Skipping batch.
2026-05-08 04:05:46,972 - __main__ - ERROR -   Batch 1525: NaN or Inf loss detected! Skipping batch.
2026-05-08 04:05:47,042 - __main__ - ERROR -   Batch 1526: NaN or Inf loss detected! Skipping batch.
2026-05-08 04:05:47,113 - __main__ - ERROR -   Batch 1527: NaN or Inf loss detected! Skipping batch.
2026-05-08 04:05:47,184 - __main__ - ERROR -   Batch 1528: NaN or Inf loss detected! Skipping batch.
2026-05-08 04:05:47,541 - __main__ - ERROR -   Batch 1529: NaN or Inf loss detected! Skipping batch.
2026-05-08 04:05:47,613 - __main__ - ERROR -   Batch 1530: NaN or Inf loss detected! Skipping batch.
2026-05-08 04:05:47,685 - __main__ - ERROR -   Batch 1531: NaN or Inf loss detected! Skipping batch.
2026-05-08 04:05:47,757 - __main__ - ERROR -   Batch 1532: NaN or Inf loss detected! Skipping batch.
2026-05-08 04:05:47,828 - __main__ - ERROR -   Batch 1533: NaN or Inf loss detected! Skipping batch.
2026-05-08 04:05:47,900 - __main__ - ERROR -   Batch 1534: NaN or Inf loss detected! Skipping batch.
2026-05-08 04:05:47,965 - __main__ - ERROR -   Batch 1535: NaN or Inf loss detected! Skipping batch.
2026-05-08 04:05:48,036 - __main__ - ERROR -   Batch 1536: NaN or Inf loss detected! Skipping batch.
2026-05-08 04:05:48,107 - __main__ - ERROR -   Batch 1537: NaN or Inf loss detected! Skipping batch.
2026-05-08 04:05:48,178 - __main__ - ERROR -   Batch 1538: NaN or Inf loss detected! Skipping batch.
2026-05-08 04:05:48,249 - __main__ - ERROR -   Batch 1539: NaN or Inf loss detected! Skipping batch.
2026-05-08 04:05:48,319 - __main__ - ERROR -   Batch 1540: NaN or Inf loss detected! Skipping batch.
2026-05-08 04:05:48,390 - __main__ - ERROR -   Batch 1541: NaN or Inf loss detected! Skipping batch.
2026-05-08 04:05:48,462 - __main__ - ERROR -   Batch 1542: NaN or Inf loss detected! Skipping batch.
2026-05-08 04:05:48,533 - __main__ - ERROR -   Batch 1543: NaN or Inf loss detected! Skipping batch.
2026-05-08 04:05:48,605 - __main__ - ERROR -   Batch 1544: NaN or Inf loss detected! Skipping batch.
2026-05-08 04:05:48,676 - __main__ - ERROR -   Batch 1545: NaN or Inf loss detected! Skipping batch.
2026-05-08 04:05:48,746 - __main__ - ERROR -   Batch 1546: NaN or Inf loss detected! Skipping batch.
2026-05-08 04:05:48,818 - __main__ - ERROR -   Batch 1547: NaN or Inf loss detected! Skipping batch.
2026-05-08 04:05:48,889 - __main__ - ERROR -   Batch 1548: NaN or Inf loss detected! Skipping batch.
2026-05-08 04:05:48,961 - __main__ - ERROR -   Batch 1549: NaN or Inf loss detected! Skipping batch.
2026-05-08 04:05:49,032 - __main__ - ERROR -   Batch 1550: NaN or Inf loss detected! Skipping batch.
2026-05-08 04:05:49,104 - __main__ - ERROR -   Batch 1551: NaN or Inf loss detected! Skipping batch.
2026-05-08 04:05:49,175 - __main__ - ERROR -   Batch 1552: NaN or Inf loss detected! Skipping batch.
2026-05-08 04:05:49,246 - __main__ - ERROR -   Batch 1553: NaN or Inf loss detected! Skipping batch.
2026-05-08 04:05:49,317 - __main__ - ERROR -   Batch 1554: NaN or Inf loss detected! Skipping batch.
2026-05-08 04:05:49,389 - __main__ - ERROR -   Batch 1555: NaN or Inf loss detected! Skipping batch.
2026-05-08 04:05:49,461 - __main__ - ERROR -   Batch 1556: NaN or Inf loss detected! Skipping batch.
2026-05-08 04:05:49,532 - __main__ - ERROR -   Batch 1557: NaN or Inf loss detected! Skipping batch.
2026-05-08 04:05:49,604 - __main__ - ERROR -   Batch 1558: NaN or Inf loss detected! Skipping batch.
2026-05-08 04:05:49,675 - __main__ - ERROR -   Batch 1559: NaN or Inf loss detected! Skipping batch.
2026-05-08 04:05:49,740 - __main__ - ERROR -   Batch 1560: NaN or Inf loss detected! Skipping batch.
2026-05-08 04:05:49,811 - __main__ - ERROR -   Batch 1561: NaN or Inf loss detected! Skipping batch.
2026-05-08 04:05:49,882 - __main__ - ERROR -   Batch 1562: NaN or Inf loss detected! Skipping batch.
2026-05-08 04:05:49,954 - __main__ - ERROR -   Batch 1563: NaN or Inf loss detected! Skipping batch.
2026-05-08 04:05:50,025 - __main__ - ERROR -   Batch 1564: NaN or Inf loss detected! Skipping batch.
2026-05-08 04:05:50,097 - __main__ - ERROR -   Batch 1565: NaN or Inf loss detected! Skipping batch.
2026-05-08 04:05:50,168 - __main__ - ERROR -   Batch 1566: NaN or Inf loss detected! Skipping batch.
2026-05-08 04:05:50,239 - __main__ - ERROR -   Batch 1567: NaN or Inf loss detected! Skipping batch.
2026-05-08 04:05:50,310 - __main__ - ERROR -   Batch 1568: NaN or Inf loss detected! Skipping batch.
2026-05-08 04:05:50,375 - __main__ - ERROR -   Batch 1569: NaN or Inf loss detected! Skipping batch.
2026-05-08 04:05:50,446 - __main__ - ERROR -   Batch 1570: NaN or Inf loss detected! Skipping batch.
2026-05-08 04:05:50,517 - __main__ - ERROR -   Batch 1571: NaN or Inf loss detected! Skipping batch.
2026-05-08 04:05:50,588 - __main__ - ERROR -   Batch 1572: NaN or Inf loss detected! Skipping batch.
2026-05-08 04:05:50,660 - __main__ - ERROR -   Batch 1573: NaN or Inf loss detected! Skipping batch.
2026-05-08 04:05:50,731 - __main__ - ERROR -   Batch 1574: NaN or Inf loss detected! Skipping batch.
2026-05-08 04:05:50,804 - __main__ - ERROR -   Batch 1575: NaN or Inf loss detected! Skipping batch.
2026-05-08 04:05:50,876 - __main__ - ERROR -   Batch 1576: NaN or Inf loss detected! Skipping batch.
2026-05-08 04:05:50,948 - __main__ - ERROR -   Batch 1577: NaN or Inf loss detected! Skipping batch.
2026-05-08 04:05:51,019 - __main__ - ERROR -   Batch 1578: NaN or Inf loss detected! Skipping batch.
2026-05-08 04:05:51,091 - __main__ - ERROR -   Batch 1579: NaN or Inf loss detected! Skipping batch.
2026-05-08 04:05:51,162 - __main__ - ERROR -   Batch 1580: NaN or Inf loss detected! Skipping batch.
2026-05-08 04:05:51,234 - __main__ - ERROR -   Batch 1581: NaN or Inf loss detected! Skipping batch.
2026-05-08 04:05:51,305 - __main__ - ERROR -   Batch 1582: NaN or Inf loss detected! Skipping batch.
2026-05-08 04:05:51,377 - __main__ - ERROR -   Batch 1583: NaN or Inf loss detected! Skipping batch.
2026-05-08 04:05:51,448 - __main__ - ERROR -   Batch 1584: NaN or Inf loss detected! Skipping batch.
2026-05-08 04:05:51,521 - __main__ - ERROR -   Batch 1585: NaN or Inf loss detected! Skipping batch.
2026-05-08 04:05:51,593 - __main__ - ERROR -   Batch 1586: NaN or Inf loss detected! Skipping batch.
2026-05-08 04:05:51,664 - __main__ - ERROR -   Batch 1587: NaN or Inf loss detected! Skipping batch.
2026-05-08 04:05:51,734 - __main__ - ERROR -   Batch 1588: NaN or Inf loss detected! Skipping batch.
2026-05-08 04:05:51,806 - __main__ - ERROR -   Batch 1589: NaN or Inf loss detected! Skipping batch.
2026-05-08 04:05:51,865 - __main__ - ERROR -   Batch 1590: NaN or Inf loss detected! Skipping batch.
2026-05-08 04:05:51,936 - __main__ - ERROR -   Batch 1591: NaN or Inf loss detected! Skipping batch.
2026-05-08 04:05:52,007 - __main__ - ERROR -   Batch 1592: NaN or Inf loss detected! Skipping batch.
2026-05-08 04:05:52,079 - __main__ - ERROR -   Batch 1593: NaN or Inf loss detected! Skipping batch.
2026-05-08 04:05:52,150 - __main__ - ERROR -   Batch 1594: NaN or Inf loss detected! Skipping batch.
2026-05-08 04:05:52,215 - __main__ - ERROR -   Batch 1595: NaN or Inf loss detected! Skipping batch.
2026-05-08 04:05:52,287 - __main__ - ERROR -   Batch 1596: NaN or Inf loss detected! Skipping batch.
2026-05-08 04:05:52,357 - __main__ - ERROR -   Batch 1597: NaN or Inf loss detected! Skipping batch.
2026-05-08 04:05:52,428 - __main__ - ERROR -   Batch 1598: NaN or Inf loss detected! Skipping batch.
2026-05-08 04:05:52,500 - __main__ - ERROR -   Batch 1599: NaN or Inf loss detected! Skipping batch.
2026-05-08 04:05:52,572 - __main__ - ERROR -   Batch 1600: NaN or Inf loss detected! Skipping batch.
2026-05-08 04:05:52,632 - __main__ - ERROR -   Batch 1601: NaN or Inf loss detected! Skipping batch.
2026-05-08 04:05:52,702 - __main__ - ERROR -   Batch 1602: NaN or Inf loss detected! Skipping batch.
2026-05-08 04:05:52,773 - __main__ - ERROR -   Batch 1603: NaN or Inf loss detected! Skipping batch.
2026-05-08 04:05:52,844 - __main__ - ERROR -   Batch 1604: NaN or Inf loss detected! Skipping batch.
2026-05-08 04:05:52,915 - __main__ - ERROR -   Batch 1605: NaN or Inf loss detected! Skipping batch.
2026-05-08 04:05:52,986 - __main__ - ERROR -   Batch 1606: NaN or Inf loss detected! Skipping batch.
2026-05-08 04:05:53,058 - __main__ - ERROR -   Batch 1607: NaN or Inf loss detected! Skipping batch.
2026-05-08 04:05:53,129 - __main__ - ERROR -   Batch 1608: NaN or Inf loss detected! Skipping batch.
2026-05-08 04:05:53,201 - __main__ - ERROR -   Batch 1609: NaN or Inf loss detected! Skipping batch.
2026-05-08 04:05:53,273 - __main__ - ERROR -   Batch 1610: NaN or Inf loss detected! Skipping batch.
2026-05-08 04:05:53,343 - __main__ - ERROR -   Batch 1611: NaN or Inf loss detected! Skipping batch.
2026-05-08 04:05:53,415 - __main__ - ERROR -   Batch 1612: NaN or Inf loss detected! Skipping batch.
2026-05-08 04:05:53,486 - __main__ - ERROR -   Batch 1613: NaN or Inf loss detected! Skipping batch.
2026-05-08 04:05:53,551 - __main__ - ERROR -   Batch 1614: NaN or Inf loss detected! Skipping batch.
2026-05-08 04:05:53,623 - __main__ - ERROR -   Batch 1615: NaN or Inf loss detected! Skipping batch.
2026-05-08 04:05:53,693 - __main__ - ERROR -   Batch 1616: NaN or Inf loss detected! Skipping batch.
2026-05-08 04:05:53,764 - __main__ - ERROR -   Batch 1617: NaN or Inf loss detected! Skipping batch.
2026-05-08 04:05:53,836 - __main__ - ERROR -   Batch 1618: NaN or Inf loss detected! Skipping batch.
2026-05-08 04:05:53,908 - __main__ - ERROR -   Batch 1619: NaN or Inf loss detected! Skipping batch.
2026-05-08 04:05:53,979 - __main__ - ERROR -   Batch 1620: NaN or Inf loss detected! Skipping batch.
2026-05-08 04:05:54,051 - __main__ - ERROR -   Batch 1621: NaN or Inf loss detected! Skipping batch.
2026-05-08 04:05:54,123 - __main__ - ERROR -   Batch 1622: NaN or Inf loss detected! Skipping batch.
2026-05-08 04:05:54,193 - __main__ - ERROR -   Batch 1623: NaN or Inf loss detected! Skipping batch.
2026-05-08 04:05:54,262 - __main__ - ERROR -   Batch 1624: NaN or Inf loss detected! Skipping batch.
2026-05-08 04:05:54,332 - __main__ - ERROR -   Batch 1625: NaN or Inf loss detected! Skipping batch.
2026-05-08 04:05:54,402 - __main__ - ERROR -   Batch 1626: NaN or Inf loss detected! Skipping batch.
2026-05-08 04:05:54,472 - __main__ - ERROR -   Batch 1627: NaN or Inf loss detected! Skipping batch.
2026-05-08 04:05:54,542 - __main__ - ERROR -   Batch 1628: NaN or Inf loss detected! Skipping batch.
2026-05-08 04:05:54,606 - __main__ - ERROR -   Batch 1629: NaN or Inf loss detected! Skipping batch.
2026-05-08 04:05:54,677 - __main__ - ERROR -   Batch 1630: NaN or Inf loss detected! Skipping batch.
2026-05-08 04:05:54,748 - __main__ - ERROR -   Batch 1631: NaN or Inf loss detected! Skipping batch.
2026-05-08 04:05:54,819 - __main__ - ERROR -   Batch 1632: NaN or Inf loss detected! Skipping batch.
2026-05-08 04:05:54,890 - __main__ - ERROR -   Batch 1633: NaN or Inf loss detected! Skipping batch.
2026-05-08 04:05:54,954 - __main__ - ERROR -   Batch 1634: NaN or Inf loss detected! Skipping batch.
2026-05-08 04:05:55,026 - __main__ - ERROR -   Batch 1635: NaN or Inf loss detected! Skipping batch.
2026-05-08 04:05:55,096 - __main__ - ERROR -   Batch 1636: NaN or Inf loss detected! Skipping batch.
2026-05-08 04:05:55,162 - __main__ - ERROR -   Batch 1637: NaN or Inf loss detected! Skipping batch.
2026-05-08 04:05:55,233 - __main__ - ERROR -   Batch 1638: NaN or Inf loss detected! Skipping batch.
2026-05-08 04:05:55,299 - __main__ - ERROR -   Batch 1639: NaN or Inf loss detected! Skipping batch.
2026-05-08 04:05:55,647 - __main__ - ERROR -   Batch 1640: NaN or Inf loss detected! Skipping batch.
2026-05-08 04:05:55,718 - __main__ - ERROR -   Batch 1641: NaN or Inf loss detected! Skipping batch.
2026-05-08 04:05:55,790 - __main__ - ERROR -   Batch 1642: NaN or Inf loss detected! Skipping batch.
2026-05-08 04:05:55,862 - __main__ - ERROR -   Batch 1643: NaN or Inf loss detected! Skipping batch.
2026-05-08 04:05:55,933 - __main__ - ERROR -   Batch 1644: NaN or Inf loss detected! Skipping batch.
2026-05-08 04:05:56,005 - __main__ - ERROR -   Batch 1645: NaN or Inf loss detected! Skipping batch.
2026-05-08 04:05:56,077 - __main__ - ERROR -   Batch 1646: NaN or Inf loss detected! Skipping batch.
2026-05-08 04:05:56,147 - __main__ - ERROR -   Batch 1647: NaN or Inf loss detected! Skipping batch.
2026-05-08 04:05:56,217 - __main__ - ERROR -   Batch 1648: NaN or Inf loss detected! Skipping batch.
2026-05-08 04:05:56,287 - __main__ - ERROR -   Batch 1649: NaN or Inf loss detected! Skipping batch.
2026-05-08 04:05:56,356 - __main__ - ERROR -   Batch 1650: NaN or Inf loss detected! Skipping batch.
2026-05-08 04:05:56,426 - __main__ - ERROR -   Batch 1651: NaN or Inf loss detected! Skipping batch.
2026-05-08 04:05:56,496 - __main__ - ERROR -   Batch 1652: NaN or Inf loss detected! Skipping batch.
2026-05-08 04:05:56,566 - __main__ - ERROR -   Batch 1653: NaN or Inf loss detected! Skipping batch.
2026-05-08 04:05:56,636 - __main__ - ERROR -   Batch 1654: NaN or Inf loss detected! Skipping batch.
2026-05-08 04:05:56,706 - __main__ - ERROR -   Batch 1655: NaN or Inf loss detected! Skipping batch.
2026-05-08 04:05:56,776 - __main__ - ERROR -   Batch 1656: NaN or Inf loss detected! Skipping batch.
2026-05-08 04:05:56,840 - __main__ - ERROR -   Batch 1657: NaN or Inf loss detected! Skipping batch.
2026-05-08 04:05:56,911 - __main__ - ERROR -   Batch 1658: NaN or Inf loss detected! Skipping batch.
2026-05-08 04:05:56,982 - __main__ - ERROR -   Batch 1659: NaN or Inf loss detected! Skipping batch.
2026-05-08 04:05:57,053 - __main__ - ERROR -   Batch 1660: NaN or Inf loss detected! Skipping batch.
2026-05-08 04:05:57,124 - __main__ - ERROR -   Batch 1661: NaN or Inf loss detected! Skipping batch.
2026-05-08 04:05:57,196 - __main__ - ERROR -   Batch 1662: NaN or Inf loss detected! Skipping batch.
2026-05-08 04:05:57,267 - __main__ - ERROR -   Batch 1663: NaN or Inf loss detected! Skipping batch.
2026-05-08 04:05:57,338 - __main__ - ERROR -   Batch 1664: NaN or Inf loss detected! Skipping batch.
2026-05-08 04:05:57,410 - __main__ - ERROR -   Batch 1665: NaN or Inf loss detected! Skipping batch.
2026-05-08 04:05:57,481 - __main__ - ERROR -   Batch 1666: NaN or Inf loss detected! Skipping batch.
2026-05-08 04:05:57,553 - __main__ - ERROR -   Batch 1667: NaN or Inf loss detected! Skipping batch.
2026-05-08 04:05:57,625 - __main__ - ERROR -   Batch 1668: NaN or Inf loss detected! Skipping batch.
2026-05-08 04:05:57,696 - __main__ - ERROR -   Batch 1669: NaN or Inf loss detected! Skipping batch.
2026-05-08 04:05:57,768 - __main__ - ERROR -   Batch 1670: NaN or Inf loss detected! Skipping batch.
2026-05-08 04:05:57,840 - __main__ - ERROR -   Batch 1671: NaN or Inf loss detected! Skipping batch.
2026-05-08 04:05:57,911 - __main__ - ERROR -   Batch 1672: NaN or Inf loss detected! Skipping batch.
2026-05-08 04:05:57,982 - __main__ - ERROR -   Batch 1673: NaN or Inf loss detected! Skipping batch.
2026-05-08 04:05:58,054 - __main__ - ERROR -   Batch 1674: NaN or Inf loss detected! Skipping batch.
2026-05-08 04:05:58,126 - __main__ - ERROR -   Batch 1675: NaN or Inf loss detected! Skipping batch.
2026-05-08 04:05:58,190 - __main__ - ERROR -   Batch 1676: NaN or Inf loss detected! Skipping batch.
2026-05-08 04:05:58,262 - __main__ - ERROR -   Batch 1677: NaN or Inf loss detected! Skipping batch.
2026-05-08 04:05:58,332 - __main__ - ERROR -   Batch 1678: NaN or Inf loss detected! Skipping batch.
2026-05-08 04:05:58,398 - __main__ - ERROR -   Batch 1679: NaN or Inf loss detected! Skipping batch.
2026-05-08 04:05:58,469 - __main__ - ERROR -   Batch 1680: NaN or Inf loss detected! Skipping batch.
2026-05-08 04:05:58,540 - __main__ - ERROR -   Batch 1681: NaN or Inf loss detected! Skipping batch.
2026-05-08 04:05:58,611 - __main__ - ERROR -   Batch 1682: NaN or Inf loss detected! Skipping batch.
2026-05-08 04:05:58,683 - __main__ - ERROR -   Batch 1683: NaN or Inf loss detected! Skipping batch.
2026-05-08 04:05:58,754 - __main__ - ERROR -   Batch 1684: NaN or Inf loss detected! Skipping batch.
2026-05-08 04:05:58,826 - __main__ - ERROR -   Batch 1685: NaN or Inf loss detected! Skipping batch.
2026-05-08 04:05:58,891 - __main__ - ERROR -   Batch 1686: NaN or Inf loss detected! Skipping batch.
2026-05-08 04:05:58,962 - __main__ - ERROR -   Batch 1687: NaN or Inf loss detected! Skipping batch.
2026-05-08 04:05:59,032 - __main__ - ERROR -   Batch 1688: NaN or Inf loss detected! Skipping batch.
2026-05-08 04:05:59,104 - __main__ - ERROR -   Batch 1689: NaN or Inf loss detected! Skipping batch.
2026-05-08 04:05:59,169 - __main__ - ERROR -   Batch 1690: NaN or Inf loss detected! Skipping batch.
2026-05-08 04:05:59,241 - __main__ - ERROR -   Batch 1691: NaN or Inf loss detected! Skipping batch.
2026-05-08 04:05:59,311 - __main__ - ERROR -   Batch 1692: NaN or Inf loss detected! Skipping batch.
2026-05-08 04:05:59,382 - __main__ - ERROR -   Batch 1693: NaN or Inf loss detected! Skipping batch.
2026-05-08 04:05:59,453 - __main__ - ERROR -   Batch 1694: NaN or Inf loss detected! Skipping batch.
2026-05-08 04:05:59,525 - __main__ - ERROR -   Batch 1695: NaN or Inf loss detected! Skipping batch.
2026-05-08 04:05:59,597 - __main__ - ERROR -   Batch 1696: NaN or Inf loss detected! Skipping batch.
2026-05-08 04:05:59,669 - __main__ - ERROR -   Batch 1697: NaN or Inf loss detected! Skipping batch.
2026-05-08 04:05:59,741 - __main__ - ERROR -   Batch 1698: NaN or Inf loss detected! Skipping batch.
2026-05-08 04:05:59,812 - __main__ - ERROR -   Batch 1699: NaN or Inf loss detected! Skipping batch.
2026-05-08 04:05:59,882 - __main__ - ERROR -   Batch 1700: NaN or Inf loss detected! Skipping batch.
2026-05-08 04:05:59,954 - __main__ - ERROR -   Batch 1701: NaN or Inf loss detected! Skipping batch.
2026-05-08 04:06:00,025 - __main__ - ERROR -   Batch 1702: NaN or Inf loss detected! Skipping batch.
2026-05-08 04:06:00,084 - __main__ - ERROR -   Batch 1703: NaN or Inf loss detected! Skipping batch.
2026-05-08 04:06:00,155 - __main__ - ERROR -   Batch 1704: NaN or Inf loss detected! Skipping batch.
2026-05-08 04:06:00,226 - __main__ - ERROR -   Batch 1705: NaN or Inf loss detected! Skipping batch.
2026-05-08 04:06:00,296 - __main__ - ERROR -   Batch 1706: NaN or Inf loss detected! Skipping batch.
2026-05-08 04:06:00,367 - __main__ - ERROR -   Batch 1707: NaN or Inf loss detected! Skipping batch.
2026-05-08 04:06:00,439 - __main__ - ERROR -   Batch 1708: NaN or Inf loss detected! Skipping batch.
2026-05-08 04:06:00,510 - __main__ - ERROR -   Batch 1709: NaN or Inf loss detected! Skipping batch.
2026-05-08 04:06:00,582 - __main__ - ERROR -   Batch 1710: NaN or Inf loss detected! Skipping batch.
2026-05-08 04:06:00,654 - __main__ - ERROR -   Batch 1711: NaN or Inf loss detected! Skipping batch.
2026-05-08 04:06:00,726 - __main__ - ERROR -   Batch 1712: NaN or Inf loss detected! Skipping batch.
2026-05-08 04:06:00,791 - __main__ - ERROR -   Batch 1713: NaN or Inf loss detected! Skipping batch.
2026-05-08 04:06:00,862 - __main__ - ERROR -   Batch 1714: NaN or Inf loss detected! Skipping batch.
2026-05-08 04:06:00,933 - __main__ - ERROR -   Batch 1715: NaN or Inf loss detected! Skipping batch.
2026-05-08 04:06:01,004 - __main__ - ERROR -   Batch 1716: NaN or Inf loss detected! Skipping batch.
2026-05-08 04:06:01,075 - __main__ - ERROR -   Batch 1717: NaN or Inf loss detected! Skipping batch.
2026-05-08 04:06:01,146 - __main__ - ERROR -   Batch 1718: NaN or Inf loss detected! Skipping batch.
2026-05-08 04:06:01,217 - __main__ - ERROR -   Batch 1719: NaN or Inf loss detected! Skipping batch.
2026-05-08 04:06:01,283 - __main__ - ERROR -   Batch 1720: NaN or Inf loss detected! Skipping batch.
2026-05-08 04:06:01,354 - __main__ - ERROR -   Batch 1721: NaN or Inf loss detected! Skipping batch.
2026-05-08 04:06:01,424 - __main__ - ERROR -   Batch 1722: NaN or Inf loss detected! Skipping batch.
2026-05-08 04:06:01,496 - __main__ - ERROR -   Batch 1723: NaN or Inf loss detected! Skipping batch.
2026-05-08 04:06:01,567 - __main__ - ERROR -   Batch 1724: NaN or Inf loss detected! Skipping batch.
2026-05-08 04:06:01,638 - __main__ - ERROR -   Batch 1725: NaN or Inf loss detected! Skipping batch.
2026-05-08 04:06:01,709 - __main__ - ERROR -   Batch 1726: NaN or Inf loss detected! Skipping batch.
2026-05-08 04:06:01,781 - __main__ - ERROR -   Batch 1727: NaN or Inf loss detected! Skipping batch.
2026-05-08 04:06:01,852 - __main__ - ERROR -   Batch 1728: NaN or Inf loss detected! Skipping batch.
2026-05-08 04:06:01,924 - __main__ - ERROR -   Batch 1729: NaN or Inf loss detected! Skipping batch.
2026-05-08 04:06:01,996 - __main__ - ERROR -   Batch 1730: NaN or Inf loss detected! Skipping batch.
2026-05-08 04:06:02,061 - __main__ - ERROR -   Batch 1731: NaN or Inf loss detected! Skipping batch.
2026-05-08 04:06:02,132 - __main__ - ERROR -   Batch 1732: NaN or Inf loss detected! Skipping batch.
2026-05-08 04:06:02,202 - __main__ - ERROR -   Batch 1733: NaN or Inf loss detected! Skipping batch.
2026-05-08 04:06:02,274 - __main__ - ERROR -   Batch 1734: NaN or Inf loss detected! Skipping batch.
2026-05-08 04:06:02,346 - __main__ - ERROR -   Batch 1735: NaN or Inf loss detected! Skipping batch.
2026-05-08 04:06:02,418 - __main__ - ERROR -   Batch 1736: NaN or Inf loss detected! Skipping batch.
2026-05-08 04:06:02,489 - __main__ - ERROR -   Batch 1737: NaN or Inf loss detected! Skipping batch.
2026-05-08 04:06:02,560 - __main__ - ERROR -   Batch 1738: NaN or Inf loss detected! Skipping batch.
2026-05-08 04:06:02,632 - __main__ - ERROR -   Batch 1739: NaN or Inf loss detected! Skipping batch.
2026-05-08 04:06:02,704 - __main__ - ERROR -   Batch 1740: NaN or Inf loss detected! Skipping batch.
2026-05-08 04:06:02,776 - __main__ - ERROR -   Batch 1741: NaN or Inf loss detected! Skipping batch.
2026-05-08 04:06:02,848 - __main__ - ERROR -   Batch 1742: NaN or Inf loss detected! Skipping batch.
2026-05-08 04:06:02,920 - __main__ - ERROR -   Batch 1743: NaN or Inf loss detected! Skipping batch.
2026-05-08 04:06:02,992 - __main__ - ERROR -   Batch 1744: NaN or Inf loss detected! Skipping batch.
2026-05-08 04:06:03,064 - __main__ - ERROR -   Batch 1745: NaN or Inf loss detected! Skipping batch.
2026-05-08 04:06:03,136 - __main__ - ERROR -   Batch 1746: NaN or Inf loss detected! Skipping batch.
2026-05-08 04:06:03,500 - __main__ - ERROR -   Batch 1747: NaN or Inf loss detected! Skipping batch.
2026-05-08 04:06:03,574 - __main__ - ERROR -   Batch 1748: NaN or Inf loss detected! Skipping batch.
2026-05-08 04:06:03,633 - __main__ - ERROR -   Batch 1749: NaN or Inf loss detected! Skipping batch.
2026-05-08 04:06:03,705 - __main__ - ERROR -   Batch 1750: NaN or Inf loss detected! Skipping batch.
2026-05-08 04:06:03,776 - __main__ - ERROR -   Batch 1751: NaN or Inf loss detected! Skipping batch.
2026-05-08 04:06:03,847 - __main__ - ERROR -   Batch 1752: NaN or Inf loss detected! Skipping batch.
2026-05-08 04:06:03,918 - __main__ - ERROR -   Batch 1753: NaN or Inf loss detected! Skipping batch.
2026-05-08 04:06:03,990 - __main__ - ERROR -   Batch 1754: NaN or Inf loss detected! Skipping batch.
2026-05-08 04:06:04,061 - __main__ - ERROR -   Batch 1755: NaN or Inf loss detected! Skipping batch.
2026-05-08 04:06:04,127 - __main__ - ERROR -   Batch 1756: NaN or Inf loss detected! Skipping batch.
2026-05-08 04:06:04,198 - __main__ - ERROR -   Batch 1757: NaN or Inf loss detected! Skipping batch.
2026-05-08 04:06:04,269 - __main__ - ERROR -   Batch 1758: NaN or Inf loss detected! Skipping batch.
2026-05-08 04:06:04,341 - __main__ - ERROR -   Batch 1759: NaN or Inf loss detected! Skipping batch.
2026-05-08 04:06:04,413 - __main__ - ERROR -   Batch 1760: NaN or Inf loss detected! Skipping batch.
2026-05-08 04:06:04,484 - __main__ - ERROR -   Batch 1761: NaN or Inf loss detected! Skipping batch.
2026-05-08 04:06:04,550 - __main__ - ERROR -   Batch 1762: NaN or Inf loss detected! Skipping batch.
2026-05-08 04:06:04,621 - __main__ - ERROR -   Batch 1763: NaN or Inf loss detected! Skipping batch.
2026-05-08 04:06:04,692 - __main__ - ERROR -   Batch 1764: NaN or Inf loss detected! Skipping batch.
2026-05-08 04:06:04,763 - __main__ - ERROR -   Batch 1765: NaN or Inf loss detected! Skipping batch.
2026-05-08 04:06:04,835 - __main__ - ERROR -   Batch 1766: NaN or Inf loss detected! Skipping batch.
2026-05-08 04:06:04,907 - __main__ - ERROR -   Batch 1767: NaN or Inf loss detected! Skipping batch.
2026-05-08 04:06:04,979 - __main__ - ERROR -   Batch 1768: NaN or Inf loss detected! Skipping batch.
2026-05-08 04:06:05,051 - __main__ - ERROR -   Batch 1769: NaN or Inf loss detected! Skipping batch.
2026-05-08 04:06:05,123 - __main__ - ERROR -   Batch 1770: NaN or Inf loss detected! Skipping batch.
2026-05-08 04:06:05,195 - __main__ - ERROR -   Batch 1771: NaN or Inf loss detected! Skipping batch.
2026-05-08 04:06:05,266 - __main__ - ERROR -   Batch 1772: NaN or Inf loss detected! Skipping batch.
2026-05-08 04:06:05,337 - __main__ - ERROR -   Batch 1773: NaN or Inf loss detected! Skipping batch.
2026-05-08 04:06:05,408 - __main__ - ERROR -   Batch 1774: NaN or Inf loss detected! Skipping batch.
2026-05-08 04:06:05,480 - __main__ - ERROR -   Batch 1775: NaN or Inf loss detected! Skipping batch.
2026-05-08 04:06:05,551 - __main__ - ERROR -   Batch 1776: NaN or Inf loss detected! Skipping batch.
2026-05-08 04:06:05,612 - __main__ - ERROR -   Batch 1777: NaN or Inf loss detected! Skipping batch.
2026-05-08 04:06:05,683 - __main__ - ERROR -   Batch 1778: NaN or Inf loss detected! Skipping batch.
2026-05-08 04:06:05,754 - __main__ - ERROR -   Batch 1779: NaN or Inf loss detected! Skipping batch.
2026-05-08 04:06:05,826 - __main__ - ERROR -   Batch 1780: NaN or Inf loss detected! Skipping batch.
2026-05-08 04:06:05,898 - __main__ - ERROR -   Batch 1781: NaN or Inf loss detected! Skipping batch.
2026-05-08 04:06:05,970 - __main__ - ERROR -   Batch 1782: NaN or Inf loss detected! Skipping batch.
2026-05-08 04:06:06,042 - __main__ - ERROR -   Batch 1783: NaN or Inf loss detected! Skipping batch.
2026-05-08 04:06:06,113 - __main__ - ERROR -   Batch 1784: NaN or Inf loss detected! Skipping batch.
2026-05-08 04:06:06,184 - __main__ - ERROR -   Batch 1785: NaN or Inf loss detected! Skipping batch.
2026-05-08 04:06:06,256 - __main__ - ERROR -   Batch 1786: NaN or Inf loss detected! Skipping batch.
2026-05-08 04:06:06,327 - __main__ - ERROR -   Batch 1787: NaN or Inf loss detected! Skipping batch.
2026-05-08 04:06:06,397 - __main__ - ERROR -   Batch 1788: NaN or Inf loss detected! Skipping batch.
2026-05-08 04:06:06,469 - __main__ - ERROR -   Batch 1789: NaN or Inf loss detected! Skipping batch.
2026-05-08 04:06:06,542 - __main__ - ERROR -   Batch 1790: NaN or Inf loss detected! Skipping batch.
2026-05-08 04:06:06,614 - __main__ - ERROR -   Batch 1791: NaN or Inf loss detected! Skipping batch.
2026-05-08 04:06:06,686 - __main__ - ERROR -   Batch 1792: NaN or Inf loss detected! Skipping batch.
2026-05-08 04:06:06,758 - __main__ - ERROR -   Batch 1793: NaN or Inf loss detected! Skipping batch.
2026-05-08 04:06:06,830 - __main__ - ERROR -   Batch 1794: NaN or Inf loss detected! Skipping batch.
2026-05-08 04:06:06,901 - __main__ - ERROR -   Batch 1795: NaN or Inf loss detected! Skipping batch.
2026-05-08 04:06:06,972 - __main__ - ERROR -   Batch 1796: NaN or Inf loss detected! Skipping batch.
2026-05-08 04:06:07,043 - __main__ - ERROR -   Batch 1797: NaN or Inf loss detected! Skipping batch.
2026-05-08 04:06:07,115 - __main__ - ERROR -   Batch 1798: NaN or Inf loss detected! Skipping batch.
2026-05-08 04:06:07,187 - __main__ - ERROR -   Batch 1799: NaN or Inf loss detected! Skipping batch.
2026-05-08 04:06:07,259 - __main__ - ERROR -   Batch 1800: NaN or Inf loss detected! Skipping batch.
2026-05-08 04:06:07,332 - __main__ - ERROR -   Batch 1801: NaN or Inf loss detected! Skipping batch.
2026-05-08 04:06:07,404 - __main__ - ERROR -   Batch 1802: NaN or Inf loss detected! Skipping batch.
2026-05-08 04:06:07,476 - __main__ - ERROR -   Batch 1803: NaN or Inf loss detected! Skipping batch.
2026-05-08 04:06:07,547 - __main__ - ERROR -   Batch 1804: NaN or Inf loss detected! Skipping batch.
2026-05-08 04:06:07,619 - __main__ - ERROR -   Batch 1805: NaN or Inf loss detected! Skipping batch.
2026-05-08 04:06:07,690 - __main__ - ERROR -   Batch 1806: NaN or Inf loss detected! Skipping batch.
2026-05-08 04:06:07,761 - __main__ - ERROR -   Batch 1807: NaN or Inf loss detected! Skipping batch.
2026-05-08 04:06:07,832 - __main__ - ERROR -   Batch 1808: NaN or Inf loss detected! Skipping batch.
2026-05-08 04:06:07,903 - __main__ - ERROR -   Batch 1809: NaN or Inf loss detected! Skipping batch.
2026-05-08 04:06:07,974 - __main__ - ERROR -   Batch 1810: NaN or Inf loss detected! Skipping batch.
2026-05-08 04:06:08,046 - __main__ - ERROR -   Batch 1811: NaN or Inf loss detected! Skipping batch.
2026-05-08 04:06:08,117 - __main__ - ERROR -   Batch 1812: NaN or Inf loss detected! Skipping batch.
2026-05-08 04:06:08,189 - __main__ - ERROR -   Batch 1813: NaN or Inf loss detected! Skipping batch.
2026-05-08 04:06:08,260 - __main__ - ERROR -   Batch 1814: NaN or Inf loss detected! Skipping batch.
2026-05-08 04:06:08,332 - __main__ - ERROR -   Batch 1815: NaN or Inf loss detected! Skipping batch.
2026-05-08 04:06:08,402 - __main__ - ERROR -   Batch 1816: NaN or Inf loss detected! Skipping batch.
2026-05-08 04:06:08,474 - __main__ - ERROR -   Batch 1817: NaN or Inf loss detected! Skipping batch.
2026-05-08 04:06:08,538 - __main__ - ERROR -   Batch 1818: NaN or Inf loss detected! Skipping batch.
2026-05-08 04:06:08,609 - __main__ - ERROR -   Batch 1819: NaN or Inf loss detected! Skipping batch.
2026-05-08 04:06:08,680 - __main__ - ERROR -   Batch 1820: NaN or Inf loss detected! Skipping batch.
2026-05-08 04:06:08,745 - __main__ - ERROR -   Batch 1821: NaN or Inf loss detected! Skipping batch.
2026-05-08 04:06:08,817 - __main__ - ERROR -   Batch 1822: NaN or Inf loss detected! Skipping batch.
2026-05-08 04:06:08,888 - __main__ - ERROR -   Batch 1823: NaN or Inf loss detected! Skipping batch.
2026-05-08 04:06:08,959 - __main__ - ERROR -   Batch 1824: NaN or Inf loss detected! Skipping batch.
2026-05-08 04:06:09,024 - __main__ - ERROR -   Batch 1825: NaN or Inf loss detected! Skipping batch.
2026-05-08 04:06:09,095 - __main__ - ERROR -   Batch 1826: NaN or Inf loss detected! Skipping batch.
2026-05-08 04:06:09,166 - __main__ - ERROR -   Batch 1827: NaN or Inf loss detected! Skipping batch.
2026-05-08 04:06:09,237 - __main__ - ERROR -   Batch 1828: NaN or Inf loss detected! Skipping batch.
2026-05-08 04:06:09,309 - __main__ - ERROR -   Batch 1829: NaN or Inf loss detected! Skipping batch.
2026-05-08 04:06:09,381 - __main__ - ERROR -   Batch 1830: NaN or Inf loss detected! Skipping batch.
2026-05-08 04:06:09,453 - __main__ - ERROR -   Batch 1831: NaN or Inf loss detected! Skipping batch.
2026-05-08 04:06:09,525 - __main__ - ERROR -   Batch 1832: NaN or Inf loss detected! Skipping batch.
2026-05-08 04:06:09,597 - __main__ - ERROR -   Batch 1833: NaN or Inf loss detected! Skipping batch.
2026-05-08 04:06:09,669 - __main__ - ERROR -   Batch 1834: NaN or Inf loss detected! Skipping batch.
2026-05-08 04:06:09,741 - __main__ - ERROR -   Batch 1835: NaN or Inf loss detected! Skipping batch.
2026-05-08 04:06:09,806 - __main__ - ERROR -   Batch 1836: NaN or Inf loss detected! Skipping batch.
2026-05-08 04:06:09,877 - __main__ - ERROR -   Batch 1837: NaN or Inf loss detected! Skipping batch.
2026-05-08 04:06:09,948 - __main__ - ERROR -   Batch 1838: NaN or Inf loss detected! Skipping batch.
2026-05-08 04:06:10,018 - __main__ - ERROR -   Batch 1839: NaN or Inf loss detected! Skipping batch.
2026-05-08 04:06:10,077 - __main__ - ERROR -   Batch 1840: NaN or Inf loss detected! Skipping batch.
2026-05-08 04:06:10,150 - __main__ - ERROR -   Batch 1841: NaN or Inf loss detected! Skipping batch.
2026-05-08 04:06:10,221 - __main__ - ERROR -   Batch 1842: NaN or Inf loss detected! Skipping batch.
2026-05-08 04:06:10,292 - __main__ - ERROR -   Batch 1843: NaN or Inf loss detected! Skipping batch.
2026-05-08 04:06:10,363 - __main__ - ERROR -   Batch 1844: NaN or Inf loss detected! Skipping batch.
2026-05-08 04:06:10,435 - __main__ - ERROR -   Batch 1845: NaN or Inf loss detected! Skipping batch.
2026-05-08 04:06:10,507 - __main__ - ERROR -   Batch 1846: NaN or Inf loss detected! Skipping batch.
2026-05-08 04:06:10,578 - __main__ - ERROR -   Batch 1847: NaN or Inf loss detected! Skipping batch.
2026-05-08 04:06:10,650 - __main__ - ERROR -   Batch 1848: NaN or Inf loss detected! Skipping batch.
2026-05-08 04:06:10,722 - __main__ - ERROR -   Batch 1849: NaN or Inf loss detected! Skipping batch.
2026-05-08 04:06:10,794 - __main__ - ERROR -   Batch 1850: NaN or Inf loss detected! Skipping batch.
2026-05-08 04:06:11,223 - __main__ - ERROR -   Batch 1851: NaN or Inf loss detected! Skipping batch.
2026-05-08 04:06:11,295 - __main__ - ERROR -   Batch 1852: NaN or Inf loss detected! Skipping batch.
2026-05-08 04:06:11,367 - __main__ - ERROR -   Batch 1853: NaN or Inf loss detected! Skipping batch.
2026-05-08 04:06:11,439 - __main__ - ERROR -   Batch 1854: NaN or Inf loss detected! Skipping batch.
2026-05-08 04:06:11,511 - __main__ - ERROR -   Batch 1855: NaN or Inf loss detected! Skipping batch.
2026-05-08 04:06:11,582 - __main__ - ERROR -   Batch 1856: NaN or Inf loss detected! Skipping batch.
2026-05-08 04:06:11,654 - __main__ - ERROR -   Batch 1857: NaN or Inf loss detected! Skipping batch.
2026-05-08 04:06:11,725 - __main__ - ERROR -   Batch 1858: NaN or Inf loss detected! Skipping batch.
2026-05-08 04:06:11,790 - __main__ - ERROR -   Batch 1859: NaN or Inf loss detected! Skipping batch.
2026-05-08 04:06:11,861 - __main__ - ERROR -   Batch 1860: NaN or Inf loss detected! Skipping batch.
2026-05-08 04:06:11,932 - __main__ - ERROR -   Batch 1861: NaN or Inf loss detected! Skipping batch.
2026-05-08 04:06:12,004 - __main__ - ERROR -   Batch 1862: NaN or Inf loss detected! Skipping batch.
2026-05-08 04:06:12,075 - __main__ - ERROR -   Batch 1863: NaN or Inf loss detected! Skipping batch.
2026-05-08 04:06:12,140 - __main__ - ERROR -   Batch 1864: NaN or Inf loss detected! Skipping batch.
2026-05-08 04:06:12,211 - __main__ - ERROR -   Batch 1865: NaN or Inf loss detected! Skipping batch.
2026-05-08 04:06:12,283 - __main__ - ERROR -   Batch 1866: NaN or Inf loss detected! Skipping batch.
2026-05-08 04:06:12,354 - __main__ - ERROR -   Batch 1867: NaN or Inf loss detected! Skipping batch.
2026-05-08 04:06:12,425 - __main__ - ERROR -   Batch 1868: NaN or Inf loss detected! Skipping batch.
2026-05-08 04:06:12,490 - __main__ - ERROR -   Batch 1869: NaN or Inf loss detected! Skipping batch.
2026-05-08 04:06:12,562 - __main__ - ERROR -   Batch 1870: NaN or Inf loss detected! Skipping batch.
2026-05-08 04:06:12,633 - __main__ - ERROR -   Batch 1871: NaN or Inf loss detected! Skipping batch.
2026-05-08 04:06:12,704 - __main__ - ERROR -   Batch 1872: NaN or Inf loss detected! Skipping batch.
2026-05-08 04:06:12,776 - __main__ - ERROR -   Batch 1873: NaN or Inf loss detected! Skipping batch.
2026-05-08 04:06:12,848 - __main__ - ERROR -   Batch 1874: NaN or Inf loss detected! Skipping batch.
2026-05-08 04:06:12,920 - __main__ - ERROR -   Batch 1875: NaN or Inf loss detected! Skipping batch.
2026-05-08 04:06:12,991 - __main__ - ERROR -   Batch 1876: NaN or Inf loss detected! Skipping batch.
2026-05-08 04:06:13,063 - __main__ - ERROR -   Batch 1877: NaN or Inf loss detected! Skipping batch.
2026-05-08 04:06:13,135 - __main__ - ERROR -   Batch 1878: NaN or Inf loss detected! Skipping batch.
2026-05-08 04:06:13,206 - __main__ - ERROR -   Batch 1879: NaN or Inf loss detected! Skipping batch.
2026-05-08 04:06:13,277 - __main__ - ERROR -   Batch 1880: NaN or Inf loss detected! Skipping batch.
2026-05-08 04:06:13,349 - __main__ - ERROR -   Batch 1881: NaN or Inf loss detected! Skipping batch.
2026-05-08 04:06:13,419 - __main__ - ERROR -   Batch 1882: NaN or Inf loss detected! Skipping batch.
2026-05-08 04:06:13,491 - __main__ - ERROR -   Batch 1883: NaN or Inf loss detected! Skipping batch.
2026-05-08 04:06:13,561 - __main__ - ERROR -   Batch 1884: NaN or Inf loss detected! Skipping batch.
2026-05-08 04:06:13,627 - __main__ - ERROR -   Batch 1885: NaN or Inf loss detected! Skipping batch.
2026-05-08 04:06:13,699 - __main__ - ERROR -   Batch 1886: NaN or Inf loss detected! Skipping batch.
2026-05-08 04:06:13,770 - __main__ - ERROR -   Batch 1887: NaN or Inf loss detected! Skipping batch.
2026-05-08 04:06:13,841 - __main__ - ERROR -   Batch 1888: NaN or Inf loss detected! Skipping batch.
2026-05-08 04:06:13,913 - __main__ - ERROR -   Batch 1889: NaN or Inf loss detected! Skipping batch.
2026-05-08 04:06:13,985 - __main__ - ERROR -   Batch 1890: NaN or Inf loss detected! Skipping batch.
2026-05-08 04:06:14,057 - __main__ - ERROR -   Batch 1891: NaN or Inf loss detected! Skipping batch.
2026-05-08 04:06:14,129 - __main__ - ERROR -   Batch 1892: NaN or Inf loss detected! Skipping batch.
2026-05-08 04:06:14,201 - __main__ - ERROR -   Batch 1893: NaN or Inf loss detected! Skipping batch.
2026-05-08 04:06:14,273 - __main__ - ERROR -   Batch 1894: NaN or Inf loss detected! Skipping batch.
2026-05-08 04:06:14,345 - __main__ - ERROR -   Batch 1895: NaN or Inf loss detected! Skipping batch.
2026-05-08 04:06:14,417 - __main__ - ERROR -   Batch 1896: NaN or Inf loss detected! Skipping batch.
2026-05-08 04:06:14,489 - __main__ - ERROR -   Batch 1897: NaN or Inf loss detected! Skipping batch.
2026-05-08 04:06:14,561 - __main__ - ERROR -   Batch 1898: NaN or Inf loss detected! Skipping batch.
2026-05-08 04:06:14,633 - __main__ - ERROR -   Batch 1899: NaN or Inf loss detected! Skipping batch.
2026-05-08 04:06:14,706 - __main__ - ERROR -   Batch 1900: NaN or Inf loss detected! Skipping batch.
2026-05-08 04:06:14,778 - __main__ - ERROR -   Batch 1901: NaN or Inf loss detected! Skipping batch.
2026-05-08 04:06:14,850 - __main__ - ERROR -   Batch 1902: NaN or Inf loss detected! Skipping batch.
2026-05-08 04:06:14,922 - __main__ - ERROR -   Batch 1903: NaN or Inf loss detected! Skipping batch.
2026-05-08 04:06:14,986 - __main__ - ERROR -   Batch 1904: NaN or Inf loss detected! Skipping batch.
2026-05-08 04:06:15,058 - __main__ - ERROR -   Batch 1905: NaN or Inf loss detected! Skipping batch.
2026-05-08 04:06:15,129 - __main__ - ERROR -   Batch 1906: NaN or Inf loss detected! Skipping batch.
2026-05-08 04:06:15,200 - __main__ - ERROR -   Batch 1907: NaN or Inf loss detected! Skipping batch.
2026-05-08 04:06:15,265 - __main__ - ERROR -   Batch 1908: NaN or Inf loss detected! Skipping batch.
2026-05-08 04:06:15,336 - __main__ - ERROR -   Batch 1909: NaN or Inf loss detected! Skipping batch.
2026-05-08 04:06:15,406 - __main__ - ERROR -   Batch 1910: NaN or Inf loss detected! Skipping batch.
2026-05-08 04:06:15,478 - __main__ - ERROR -   Batch 1911: NaN or Inf loss detected! Skipping batch.
2026-05-08 04:06:15,549 - __main__ - ERROR -   Batch 1912: NaN or Inf loss detected! Skipping batch.
2026-05-08 04:06:15,622 - __main__ - ERROR -   Batch 1913: NaN or Inf loss detected! Skipping batch.
2026-05-08 04:06:15,694 - __main__ - ERROR -   Batch 1914: NaN or Inf loss detected! Skipping batch.
2026-05-08 04:06:15,765 - __main__ - ERROR -   Batch 1915: NaN or Inf loss detected! Skipping batch.
2026-05-08 04:06:15,836 - __main__ - ERROR -   Batch 1916: NaN or Inf loss detected! Skipping batch.
2026-05-08 04:06:15,908 - __main__ - ERROR -   Batch 1917: NaN or Inf loss detected! Skipping batch.
2026-05-08 04:06:15,980 - __main__ - ERROR -   Batch 1918: NaN or Inf loss detected! Skipping batch.
2026-05-08 04:06:16,051 - __main__ - ERROR -   Batch 1919: NaN or Inf loss detected! Skipping batch.
2026-05-08 04:06:16,123 - __main__ - ERROR -   Batch 1920: NaN or Inf loss detected! Skipping batch.
2026-05-08 04:06:16,195 - __main__ - ERROR -   Batch 1921: NaN or Inf loss detected! Skipping batch.
2026-05-08 04:06:16,267 - __main__ - ERROR -   Batch 1922: NaN or Inf loss detected! Skipping batch.
2026-05-08 04:06:16,339 - __main__ - ERROR -   Batch 1923: NaN or Inf loss detected! Skipping batch.
2026-05-08 04:06:16,410 - __main__ - ERROR -   Batch 1924: NaN or Inf loss detected! Skipping batch.
2026-05-08 04:06:16,482 - __main__ - ERROR -   Batch 1925: NaN or Inf loss detected! Skipping batch.
2026-05-08 04:06:16,554 - __main__ - ERROR -   Batch 1926: NaN or Inf loss detected! Skipping batch.
2026-05-08 04:06:16,626 - __main__ - ERROR -   Batch 1927: NaN or Inf loss detected! Skipping batch.
2026-05-08 04:06:16,697 - __main__ - ERROR -   Batch 1928: NaN or Inf loss detected! Skipping batch.
2026-05-08 04:06:16,768 - __main__ - ERROR -   Batch 1929: NaN or Inf loss detected! Skipping batch.
2026-05-08 04:06:16,839 - __main__ - ERROR -   Batch 1930: NaN or Inf loss detected! Skipping batch.
2026-05-08 04:06:16,911 - __main__ - ERROR -   Batch 1931: NaN or Inf loss detected! Skipping batch.
2026-05-08 04:06:16,982 - __main__ - ERROR -   Batch 1932: NaN or Inf loss detected! Skipping batch.
2026-05-08 04:06:17,054 - __main__ - ERROR -   Batch 1933: NaN or Inf loss detected! Skipping batch.
2026-05-08 04:06:17,119 - __main__ - ERROR -   Batch 1934: NaN or Inf loss detected! Skipping batch.
2026-05-08 04:06:17,190 - __main__ - ERROR -   Batch 1935: NaN or Inf loss detected! Skipping batch.
2026-05-08 04:06:17,261 - __main__ - ERROR -   Batch 1936: NaN or Inf loss detected! Skipping batch.
2026-05-08 04:06:17,332 - __main__ - ERROR -   Batch 1937: NaN or Inf loss detected! Skipping batch.
2026-05-08 04:06:17,405 - __main__ - ERROR -   Batch 1938: NaN or Inf loss detected! Skipping batch.
2026-05-08 04:06:17,470 - __main__ - ERROR -   Batch 1939: NaN or Inf loss detected! Skipping batch.
2026-05-08 04:06:17,541 - __main__ - ERROR -   Batch 1940: NaN or Inf loss detected! Skipping batch.
2026-05-08 04:06:17,612 - __main__ - ERROR -   Batch 1941: NaN or Inf loss detected! Skipping batch.
2026-05-08 04:06:17,684 - __main__ - ERROR -   Batch 1942: NaN or Inf loss detected! Skipping batch.
2026-05-08 04:06:17,756 - __main__ - ERROR -   Batch 1943: NaN or Inf loss detected! Skipping batch.
2026-05-08 04:06:17,828 - __main__ - ERROR -   Batch 1944: NaN or Inf loss detected! Skipping batch.
2026-05-08 04:06:17,901 - __main__ - ERROR -   Batch 1945: NaN or Inf loss detected! Skipping batch.
2026-05-08 04:06:17,973 - __main__ - ERROR -   Batch 1946: NaN or Inf loss detected! Skipping batch.
2026-05-08 04:06:18,045 - __main__ - ERROR -   Batch 1947: NaN or Inf loss detected! Skipping batch.
2026-05-08 04:06:18,117 - __main__ - ERROR -   Batch 1948: NaN or Inf loss detected! Skipping batch.
2026-05-08 04:06:18,189 - __main__ - ERROR -   Batch 1949: NaN or Inf loss detected! Skipping batch.
2026-05-08 04:06:18,249 - __main__ - ERROR -   Batch 1950: NaN or Inf loss detected! Skipping batch.
2026-05-08 04:06:18,321 - __main__ - ERROR -   Batch 1951: NaN or Inf loss detected! Skipping batch.
2026-05-08 04:06:18,391 - __main__ - ERROR -   Batch 1952: NaN or Inf loss detected! Skipping batch.
2026-05-08 04:06:18,463 - __main__ - ERROR -   Batch 1953: NaN or Inf loss detected! Skipping batch.
2026-05-08 04:06:18,535 - __main__ - ERROR -   Batch 1954: NaN or Inf loss detected! Skipping batch.
2026-05-08 04:06:18,600 - __main__ - ERROR -   Batch 1955: NaN or Inf loss detected! Skipping batch.
2026-05-08 04:06:18,672 - __main__ - ERROR -   Batch 1956: NaN or Inf loss detected! Skipping batch.
2026-05-08 04:06:18,743 - __main__ - ERROR -   Batch 1957: NaN or Inf loss detected! Skipping batch.
2026-05-08 04:06:18,815 - __main__ - ERROR -   Batch 1958: NaN or Inf loss detected! Skipping batch.
2026-05-08 04:06:18,885 - __main__ - ERROR -   Batch 1959: NaN or Inf loss detected! Skipping batch.
2026-05-08 04:06:18,949 - __main__ - ERROR -   Batch 1960: NaN or Inf loss detected! Skipping batch.
2026-05-08 04:06:19,022 - __main__ - ERROR -   Batch 1961: NaN or Inf loss detected! Skipping batch.
2026-05-08 04:06:19,093 - __main__ - ERROR -   Batch 1962: NaN or Inf loss detected! Skipping batch.
2026-05-08 04:06:19,164 - __main__ - ERROR -   Batch 1963: NaN or Inf loss detected! Skipping batch.
2026-05-08 04:06:19,235 - __main__ - ERROR -   Batch 1964: NaN or Inf loss detected! Skipping batch.
2026-05-08 04:06:19,307 - __main__ - ERROR -   Batch 1965: NaN or Inf loss detected! Skipping batch.
2026-05-08 04:06:19,659 - __main__ - ERROR -   Batch 1966: NaN or Inf loss detected! Skipping batch.
2026-05-08 04:06:19,732 - __main__ - ERROR -   Batch 1967: NaN or Inf loss detected! Skipping batch.
2026-05-08 04:06:19,804 - __main__ - ERROR -   Batch 1968: NaN or Inf loss detected! Skipping batch.
2026-05-08 04:06:19,875 - __main__ - ERROR -   Batch 1969: NaN or Inf loss detected! Skipping batch.
2026-05-08 04:06:19,948 - __main__ - ERROR -   Batch 1970: NaN or Inf loss detected! Skipping batch.
2026-05-08 04:06:20,013 - __main__ - ERROR -   Batch 1971: NaN or Inf loss detected! Skipping batch.
2026-05-08 04:06:20,084 - __main__ - ERROR -   Batch 1972: NaN or Inf loss detected! Skipping batch.
2026-05-08 04:06:20,155 - __main__ - ERROR -   Batch 1973: NaN or Inf loss detected! Skipping batch.
2026-05-08 04:06:20,228 - __main__ - ERROR -   Batch 1974: NaN or Inf loss detected! Skipping batch.
2026-05-08 04:06:20,299 - __main__ - ERROR -   Batch 1975: NaN or Inf loss detected! Skipping batch.
2026-05-08 04:06:20,370 - __main__ - ERROR -   Batch 1976: NaN or Inf loss detected! Skipping batch.
2026-05-08 04:06:20,436 - __main__ - ERROR -   Batch 1977: NaN or Inf loss detected! Skipping batch.
2026-05-08 04:06:20,507 - __main__ - ERROR -   Batch 1978: NaN or Inf loss detected! Skipping batch.
2026-05-08 04:06:20,578 - __main__ - ERROR -   Batch 1979: NaN or Inf loss detected! Skipping batch.
2026-05-08 04:06:20,649 - __main__ - ERROR -   Batch 1980: NaN or Inf loss detected! Skipping batch.
2026-05-08 04:06:20,721 - __main__ - ERROR -   Batch 1981: NaN or Inf loss detected! Skipping batch.
2026-05-08 04:06:20,786 - __main__ - ERROR -   Batch 1982: NaN or Inf loss detected! Skipping batch.
2026-05-08 04:06:20,857 - __main__ - ERROR -   Batch 1983: NaN or Inf loss detected! Skipping batch.
2026-05-08 04:06:20,928 - __main__ - ERROR -   Batch 1984: NaN or Inf loss detected! Skipping batch.
2026-05-08 04:06:20,999 - __main__ - ERROR -   Batch 1985: NaN or Inf loss detected! Skipping batch.
2026-05-08 04:06:21,071 - __main__ - ERROR -   Batch 1986: NaN or Inf loss detected! Skipping batch.
2026-05-08 04:06:21,143 - __main__ - ERROR -   Batch 1987: NaN or Inf loss detected! Skipping batch.
2026-05-08 04:06:21,214 - __main__ - ERROR -   Batch 1988: NaN or Inf loss detected! Skipping batch.
2026-05-08 04:06:21,279 - __main__ - ERROR -   Batch 1989: NaN or Inf loss detected! Skipping batch.
2026-05-08 04:06:21,345 - __main__ - ERROR -   Batch 1990: NaN or Inf loss detected! Skipping batch.
2026-05-08 04:06:21,416 - __main__ - ERROR -   Batch 1991: NaN or Inf loss detected! Skipping batch.
2026-05-08 04:06:21,486 - __main__ - ERROR -   Batch 1992: NaN or Inf loss detected! Skipping batch.
2026-05-08 04:06:21,558 - __main__ - ERROR -   Batch 1993: NaN or Inf loss detected! Skipping batch.
2026-05-08 04:06:21,630 - __main__ - ERROR -   Batch 1994: NaN or Inf loss detected! Skipping batch.
2026-05-08 04:06:21,702 - __main__ - ERROR -   Batch 1995: NaN or Inf loss detected! Skipping batch.
2026-05-08 04:06:21,774 - __main__ - ERROR -   Batch 1996: NaN or Inf loss detected! Skipping batch.
2026-05-08 04:06:21,846 - __main__ - ERROR -   Batch 1997: NaN or Inf loss detected! Skipping batch.
2026-05-08 04:06:21,918 - __main__ - ERROR -   Batch 1998: NaN or Inf loss detected! Skipping batch.
2026-05-08 04:06:21,990 - __main__ - ERROR -   Batch 1999: NaN or Inf loss detected! Skipping batch.
2026-05-08 04:06:22,060 - __main__ - ERROR -   Batch 2000: NaN or Inf loss detected! Skipping batch.
2026-05-08 04:06:22,131 - __main__ - ERROR -   Batch 2001: NaN or Inf loss detected! Skipping batch.
2026-05-08 04:06:22,197 - __main__ - ERROR -   Batch 2002: NaN or Inf loss detected! Skipping batch.
2026-05-08 04:06:22,269 - __main__ - ERROR -   Batch 2003: NaN or Inf loss detected! Skipping batch.
2026-05-08 04:06:22,340 - __main__ - ERROR -   Batch 2004: NaN or Inf loss detected! Skipping batch.
2026-05-08 04:06:22,412 - __main__ - ERROR -   Batch 2005: NaN or Inf loss detected! Skipping batch.
2026-05-08 04:06:22,483 - __main__ - ERROR -   Batch 2006: NaN or Inf loss detected! Skipping batch.
2026-05-08 04:06:22,556 - __main__ - ERROR -   Batch 2007: NaN or Inf loss detected! Skipping batch.
2026-05-08 04:06:22,626 - __main__ - ERROR -   Batch 2008: NaN or Inf loss detected! Skipping batch.
2026-05-08 04:06:22,698 - __main__ - ERROR -   Batch 2009: NaN or Inf loss detected! Skipping batch.
2026-05-08 04:06:22,769 - __main__ - ERROR -   Batch 2010: NaN or Inf loss detected! Skipping batch.
2026-05-08 04:06:22,841 - __main__ - ERROR -   Batch 2011: NaN or Inf loss detected! Skipping batch.
2026-05-08 04:06:22,913 - __main__ - ERROR -   Batch 2012: NaN or Inf loss detected! Skipping batch.
2026-05-08 04:06:22,985 - __main__ - ERROR -   Batch 2013: NaN or Inf loss detected! Skipping batch.
2026-05-08 04:06:23,056 - __main__ - ERROR -   Batch 2014: NaN or Inf loss detected! Skipping batch.
2026-05-08 04:06:23,128 - __main__ - ERROR -   Batch 2015: NaN or Inf loss detected! Skipping batch.
2026-05-08 04:06:23,200 - __main__ - ERROR -   Batch 2016: NaN or Inf loss detected! Skipping batch.
2026-05-08 04:06:23,271 - __main__ - ERROR -   Batch 2017: NaN or Inf loss detected! Skipping batch.
2026-05-08 04:06:23,342 - __main__ - ERROR -   Batch 2018: NaN or Inf loss detected! Skipping batch.
2026-05-08 04:06:23,414 - __main__ - ERROR -   Batch 2019: NaN or Inf loss detected! Skipping batch.
2026-05-08 04:06:23,486 - __main__ - ERROR -   Batch 2020: NaN or Inf loss detected! Skipping batch.
2026-05-08 04:06:23,558 - __main__ - ERROR -   Batch 2021: NaN or Inf loss detected! Skipping batch.
2026-05-08 04:06:23,629 - __main__ - ERROR -   Batch 2022: NaN or Inf loss detected! Skipping batch.
2026-05-08 04:06:23,701 - __main__ - ERROR -   Batch 2023: NaN or Inf loss detected! Skipping batch.
2026-05-08 04:06:23,771 - __main__ - ERROR -   Batch 2024: NaN or Inf loss detected! Skipping batch.
2026-05-08 04:06:23,843 - __main__ - ERROR -   Batch 2025: NaN or Inf loss detected! Skipping batch.
2026-05-08 04:06:23,914 - __main__ - ERROR -   Batch 2026: NaN or Inf loss detected! Skipping batch.
2026-05-08 04:06:23,985 - __main__ - ERROR -   Batch 2027: NaN or Inf loss detected! Skipping batch.
2026-05-08 04:06:24,050 - __main__ - ERROR -   Batch 2028: NaN or Inf loss detected! Skipping batch.
2026-05-08 04:06:24,121 - __main__ - ERROR -   Batch 2029: NaN or Inf loss detected! Skipping batch.
2026-05-08 04:06:24,192 - __main__ - ERROR -   Batch 2030: NaN or Inf loss detected! Skipping batch.
2026-05-08 04:06:24,264 - __main__ - ERROR -   Batch 2031: NaN or Inf loss detected! Skipping batch.
2026-05-08 04:06:24,335 - __main__ - ERROR -   Batch 2032: NaN or Inf loss detected! Skipping batch.
2026-05-08 04:06:24,406 - __main__ - ERROR -   Batch 2033: NaN or Inf loss detected! Skipping batch.
2026-05-08 04:06:24,479 - __main__ - ERROR -   Batch 2034: NaN or Inf loss detected! Skipping batch.
2026-05-08 04:06:24,551 - __main__ - ERROR -   Batch 2035: NaN or Inf loss detected! Skipping batch.
2026-05-08 04:06:24,623 - __main__ - ERROR -   Batch 2036: NaN or Inf loss detected! Skipping batch.
2026-05-08 04:06:24,696 - __main__ - ERROR -   Batch 2037: NaN or Inf loss detected! Skipping batch.
2026-05-08 04:06:24,751 - __main__ - ERROR -   Batch 2038: NaN or Inf loss detected! Skipping batch.
2026-05-08 04:06:24,816 - __main__ - ERROR -   Batch 2039: NaN or Inf loss detected! Skipping batch.
2026-05-08 04:06:24,886 - __main__ - ERROR -   Batch 2040: NaN or Inf loss detected! Skipping batch.
2026-05-08 04:06:24,957 - __main__ - ERROR -   Batch 2041: NaN or Inf loss detected! Skipping batch.
2026-05-08 04:06:25,029 - __main__ - ERROR -   Batch 2042: NaN or Inf loss detected! Skipping batch.
2026-05-08 04:06:25,101 - __main__ - ERROR -   Batch 2043: NaN or Inf loss detected! Skipping batch.
2026-05-08 04:06:25,173 - __main__ - ERROR -   Batch 2044: NaN or Inf loss detected! Skipping batch.
2026-05-08 04:06:25,245 - __main__ - ERROR -   Batch 2045: NaN or Inf loss detected! Skipping batch.
2026-05-08 04:06:25,317 - __main__ - ERROR -   Batch 2046: NaN or Inf loss detected! Skipping batch.
2026-05-08 04:06:25,389 - __main__ - ERROR -   Batch 2047: NaN or Inf loss detected! Skipping batch.
2026-05-08 04:06:25,460 - __main__ - ERROR -   Batch 2048: NaN or Inf loss detected! Skipping batch.
2026-05-08 04:06:25,531 - __main__ - ERROR -   Batch 2049: NaN or Inf loss detected! Skipping batch.
2026-05-08 04:06:25,603 - __main__ - ERROR -   Batch 2050: NaN or Inf loss detected! Skipping batch.
2026-05-08 04:06:25,674 - __main__ - ERROR -   Batch 2051: NaN or Inf loss detected! Skipping batch.
2026-05-08 04:06:25,745 - __main__ - ERROR -   Batch 2052: NaN or Inf loss detected! Skipping batch.
2026-05-08 04:06:25,818 - __main__ - ERROR -   Batch 2053: NaN or Inf loss detected! Skipping batch.
2026-05-08 04:06:25,890 - __main__ - ERROR -   Batch 2054: NaN or Inf loss detected! Skipping batch.
2026-05-08 04:06:25,962 - __main__ - ERROR -   Batch 2055: NaN or Inf loss detected! Skipping batch.
2026-05-08 04:06:26,026 - __main__ - ERROR -   Batch 2056: NaN or Inf loss detected! Skipping batch.
2026-05-08 04:06:26,098 - __main__ - ERROR -   Batch 2057: NaN or Inf loss detected! Skipping batch.
2026-05-08 04:06:26,170 - __main__ - ERROR -   Batch 2058: NaN or Inf loss detected! Skipping batch.
2026-05-08 04:06:26,242 - __main__ - ERROR -   Batch 2059: NaN or Inf loss detected! Skipping batch.
2026-05-08 04:06:26,314 - __main__ - ERROR -   Batch 2060: NaN or Inf loss detected! Skipping batch.
2026-05-08 04:06:26,385 - __main__ - ERROR -   Batch 2061: NaN or Inf loss detected! Skipping batch.
2026-05-08 04:06:26,457 - __main__ - ERROR -   Batch 2062: NaN or Inf loss detected! Skipping batch.
2026-05-08 04:06:26,529 - __main__ - ERROR -   Batch 2063: NaN or Inf loss detected! Skipping batch.
2026-05-08 04:06:26,601 - __main__ - ERROR -   Batch 2064: NaN or Inf loss detected! Skipping batch.
2026-05-08 04:06:26,674 - __main__ - ERROR -   Batch 2065: NaN or Inf loss detected! Skipping batch.
2026-05-08 04:06:26,746 - __main__ - ERROR -   Batch 2066: NaN or Inf loss detected! Skipping batch.
2026-05-08 04:06:26,817 - __main__ - ERROR -   Batch 2067: NaN or Inf loss detected! Skipping batch.
2026-05-08 04:06:26,882 - __main__ - ERROR -   Batch 2068: NaN or Inf loss detected! Skipping batch.
2026-05-08 04:06:26,954 - __main__ - ERROR -   Batch 2069: NaN or Inf loss detected! Skipping batch.
2026-05-08 04:06:27,025 - __main__ - ERROR -   Batch 2070: NaN or Inf loss detected! Skipping batch.
2026-05-08 04:06:27,096 - __main__ - ERROR -   Batch 2071: NaN or Inf loss detected! Skipping batch.
2026-05-08 04:06:27,167 - __main__ - ERROR -   Batch 2072: NaN or Inf loss detected! Skipping batch.
2026-05-08 04:06:27,239 - __main__ - ERROR -   Batch 2073: NaN or Inf loss detected! Skipping batch.
2026-05-08 04:06:27,309 - __main__ - ERROR -   Batch 2074: NaN or Inf loss detected! Skipping batch.
2026-05-08 04:06:27,379 - __main__ - ERROR -   Batch 2075: NaN or Inf loss detected! Skipping batch.
2026-05-08 04:06:27,450 - __main__ - ERROR -   Batch 2076: NaN or Inf loss detected! Skipping batch.
2026-05-08 04:06:27,520 - __main__ - ERROR -   Batch 2077: NaN or Inf loss detected! Skipping batch.
2026-05-08 04:06:27,592 - __main__ - ERROR -   Batch 2078: NaN or Inf loss detected! Skipping batch.
2026-05-08 04:06:27,664 - __main__ - ERROR -   Batch 2079: NaN or Inf loss detected! Skipping batch.
2026-05-08 04:06:27,724 - __main__ - ERROR -   Batch 2080: NaN or Inf loss detected! Skipping batch.
2026-05-08 04:06:27,795 - __main__ - ERROR -   Batch 2081: NaN or Inf loss detected! Skipping batch.
2026-05-08 04:06:27,867 - __main__ - ERROR -   Batch 2082: NaN or Inf loss detected! Skipping batch.
2026-05-08 04:06:27,939 - __main__ - ERROR -   Batch 2083: NaN or Inf loss detected! Skipping batch.
2026-05-08 04:06:28,011 - __main__ - ERROR -   Batch 2084: NaN or Inf loss detected! Skipping batch.
2026-05-08 04:06:28,076 - __main__ - ERROR -   Batch 2085: NaN or Inf loss detected! Skipping batch.
2026-05-08 04:06:28,148 - __main__ - ERROR -   Batch 2086: NaN or Inf loss detected! Skipping batch.
2026-05-08 04:06:28,503 - __main__ - ERROR -   Batch 2087: NaN or Inf loss detected! Skipping batch.
2026-05-08 04:06:28,575 - __main__ - ERROR -   Batch 2088: NaN or Inf loss detected! Skipping batch.
2026-05-08 04:06:28,645 - __main__ - ERROR -   Batch 2089: NaN or Inf loss detected! Skipping batch.
2026-05-08 04:06:28,714 - __main__ - ERROR -   Batch 2090: NaN or Inf loss detected! Skipping batch.
2026-05-08 04:06:28,785 - __main__ - ERROR -   Batch 2091: NaN or Inf loss detected! Skipping batch.
2026-05-08 04:06:28,855 - __main__ - ERROR -   Batch 2092: NaN or Inf loss detected! Skipping batch.
2026-05-08 04:06:28,925 - __main__ - ERROR -   Batch 2093: NaN or Inf loss detected! Skipping batch.
2026-05-08 04:06:28,995 - __main__ - ERROR -   Batch 2094: NaN or Inf loss detected! Skipping batch.
2026-05-08 04:06:29,024 - __main__ - ERROR -   Batch 2095: NaN or Inf loss detected! Skipping batch.
2026-05-08 04:06:29,166 - __main__ - INFO - Epoch 2 complete in 154.04s | avg_loss=0.0000 | batches: 0 succeeded, 2095 skipped (OOM/NaN)
2026-05-08 04:06:29,166 - __main__ - WARNING -   WARNING: 100.0% of batches were skipped this epoch!
2026-05-08 04:06:29,168 - __main__ - INFO -   Loss trend: 2.5255 → 0.0000 (-2.5255) ↓ improving
2026-05-08 04:06:29,168 - __main__ - INFO - Train Loss: 0.0000
2026-05-08 04:06:29,168 - __main__ - INFO - Evaluating on dev set...
2026-05-08 04:06:29,169 - __main__ - INFO - Starting evaluation on 462 samples
Evaluating:   0%|          | 0/58 [00:00<?, ?it/s]Evaluating:   2%|▏         | 1/58 [00:00<00:19,  2.99it/s]Evaluating:   5%|▌         | 3/58 [00:00<00:07,  7.76it/s]Evaluating:   9%|▊         | 5/58 [00:00<00:05, 10.55it/s]Evaluating:  12%|█▏        | 7/58 [00:00<00:04, 12.54it/s]Evaluating:  16%|█▌        | 9/58 [00:00<00:03, 14.01it/s]2026-05-08 04:06:30,043 - __main__ - INFO -   Evaluation progress: 10/58 batches (11.45 batches/s)
Evaluating:  19%|█▉        | 11/58 [00:00<00:03, 14.63it/s]Evaluating:  22%|██▏       | 13/58 [00:01<00:03, 14.85it/s]Evaluating:  26%|██▌       | 15/58 [00:01<00:02, 15.22it/s]Evaluating:  29%|██▉       | 17/58 [00:01<00:02, 15.68it/s]Evaluating:  33%|███▎      | 19/58 [00:01<00:02, 16.04it/s]2026-05-08 04:06:30,661 - __main__ - INFO -   Evaluation progress: 20/58 batches (13.41 batches/s)
Evaluating:  36%|███▌      | 21/58 [00:01<00:02, 16.24it/s]Evaluating:  40%|███▉      | 23/58 [00:01<00:02, 16.40it/s]Evaluating:  43%|████▎     | 25/58 [00:01<00:02, 16.04it/s]Evaluating:  47%|████▋     | 27/58 [00:01<00:01, 15.81it/s]Evaluating:  50%|█████     | 29/58 [00:02<00:01, 15.65it/s]2026-05-08 04:06:31,292 - __main__ - INFO -   Evaluation progress: 30/58 batches (14.13 batches/s)
Evaluating:  53%|█████▎    | 31/58 [00:02<00:01, 15.54it/s]Evaluating:  57%|█████▋    | 33/58 [00:02<00:01, 15.47it/s]Evaluating:  60%|██████    | 35/58 [00:02<00:01, 15.40it/s]Evaluating:  64%|██████▍   | 37/58 [00:02<00:01, 15.35it/s]Evaluating:  67%|██████▋   | 39/58 [00:02<00:01, 15.32it/s]2026-05-08 04:06:31,947 - __main__ - INFO -   Evaluation progress: 40/58 batches (14.40 batches/s)
Evaluating:  71%|███████   | 41/58 [00:02<00:01, 15.29it/s]Evaluating:  74%|███████▍  | 43/58 [00:02<00:00, 15.29it/s]Evaluating:  78%|███████▊  | 45/58 [00:03<00:00, 15.29it/s]Evaluating:  81%|████████  | 47/58 [00:03<00:00, 15.29it/s]Evaluating:  84%|████████▍ | 49/58 [00:03<00:00, 15.29it/s]2026-05-08 04:06:32,602 - __main__ - INFO -   Evaluation progress: 50/58 batches (14.57 batches/s)
Evaluating:  88%|████████▊ | 51/58 [00:03<00:00, 15.28it/s]Evaluating:  91%|█████████▏| 53/58 [00:03<00:00, 15.30it/s]Evaluating:  95%|█████████▍| 55/58 [00:03<00:00, 15.31it/s]Evaluating:  98%|█████████▊| 57/58 [00:03<00:00, 15.33it/s]                                                           2026-05-08 04:06:33,234 - __main__ - INFO -   Prediction sample (first 20):
2026-05-08 04:06:33,234 - __main__ - INFO -     Predicted: [0, 0, 0, 0, 0, 0, 0, 0, 0, 0, 0, 0, 0, 0, 0, 0, 0, 0, 0, 0]
2026-05-08 04:06:33,234 - __main__ - INFO -     Gold:      [3, 4, 4, 13, 12, 12, 11, 10, 10, 9, 8, 10, 11, 11, 12, 11, 10, 9, 10, 10]
2026-05-08 04:06:33,234 - __main__ - INFO -     Abs error: [3, 4, 4, 13, 12, 12, 11, 10, 10, 9, 8, 10, 11, 11, 12, 11, 10, 9, 10, 10] (mean=9.50)
2026-05-08 04:06:33,234 - __main__ - INFO -   Per-position accuracy (top 10 classes):
2026-05-08 04:06:33,234 - __main__ - INFO -     Position  3: 0.000 accuracy (1 samples)
2026-05-08 04:06:33,235 - __main__ - INFO -     Position  4: 0.000 accuracy (2 samples)
2026-05-08 04:06:33,235 - __main__ - INFO -     Position  7: 0.000 accuracy (1 samples)
2026-05-08 04:06:33,235 - __main__ - INFO -     Position  8: 0.000 accuracy (3 samples)
2026-05-08 04:06:33,235 - __main__ - INFO -     Position  9: 0.000 accuracy (17 samples)
2026-05-08 04:06:33,235 - __main__ - INFO - Evaluation complete in 4.07s
2026-05-08 04:06:33,235 - __main__ - INFO -   Loss: nan, Accuracy: 0.0000, Precision: 0.0000, Recall: 0.0000, F1: 0.0000
2026-05-08 04:06:33,235 - __main__ - INFO - Dev Loss: nan
2026-05-08 04:06:33,235 - __main__ - INFO - Dev Accuracy: 0.0000
2026-05-08 04:06:33,235 - __main__ - INFO -   No improvement for 2 epochs
2026-05-08 04:06:34,492 - __main__ - INFO - Saved checkpoint to /scratch/user/s4901673/ircbert_runs/checkpoints/checkpoint_epoch_2.pt
2026-05-08 04:06:34,492 - __main__ - INFO - Epoch 3/3
2026-05-08 04:06:34,492 - __main__ - INFO - --------------------------------------------------------------------------------
2026-05-08 04:06:34,493 - __main__ - INFO - Epoch 3: Peak memory stats reset.
2026-05-08 04:06:34,493 - __main__ - INFO - Starting epoch 3 with 2095 batches
2026-05-08 04:06:34,672 - __main__ - INFO -   [Epoch 3 Batch 0 SANITY CHECK]
2026-05-08 04:06:34,672 - __main__ - INFO -     input_ids shape : [8, 15, 128]  (batch x max_C x seq_len)
2026-05-08 04:06:34,672 - __main__ - INFO -     features shape  : [8, 15, 5]
2026-05-08 04:06:34,672 - __main__ - INFO -     labels shape    : [8]
2026-05-08 04:06:34,672 - __main__ - INFO -     Candidate counts per sample: min=9 max=15 mean=13.9
2026-05-08 04:06:34,673 - __main__ - INFO -     Label values: [13, 14, 14, 8, 14, 12, 14, 14]
2026-05-08 04:06:34,673 - __main__ - INFO -     Label distribution (this batch): {8: 1, 12: 1, 13: 1, 14: 5}
2026-05-08 04:06:34,756 - __main__ - ERROR -   Batch 1: NaN or Inf loss detected! Skipping batch.
2026-05-08 04:06:34,827 - __main__ - ERROR -   Batch 2: NaN or Inf loss detected! Skipping batch.
2026-05-08 04:06:34,899 - __main__ - ERROR -   Batch 3: NaN or Inf loss detected! Skipping batch.
2026-05-08 04:06:34,971 - __main__ - ERROR -   Batch 4: NaN or Inf loss detected! Skipping batch.
2026-05-08 04:06:35,042 - __main__ - ERROR -   Batch 5: NaN or Inf loss detected! Skipping batch.
2026-05-08 04:06:35,116 - __main__ - ERROR -   Batch 6: NaN or Inf loss detected! Skipping batch.
2026-05-08 04:06:35,187 - __main__ - ERROR -   Batch 7: NaN or Inf loss detected! Skipping batch.
2026-05-08 04:06:35,259 - __main__ - ERROR -   Batch 8: NaN or Inf loss detected! Skipping batch.
2026-05-08 04:06:35,331 - __main__ - ERROR -   Batch 9: NaN or Inf loss detected! Skipping batch.
2026-05-08 04:06:35,401 - __main__ - ERROR -   Batch 10: NaN or Inf loss detected! Skipping batch.
2026-05-08 04:06:35,473 - __main__ - ERROR -   Batch 11: NaN or Inf loss detected! Skipping batch.
2026-05-08 04:06:35,544 - __main__ - ERROR -   Batch 12: NaN or Inf loss detected! Skipping batch.
2026-05-08 04:06:35,616 - __main__ - ERROR -   Batch 13: NaN or Inf loss detected! Skipping batch.
2026-05-08 04:06:35,687 - __main__ - ERROR -   Batch 14: NaN or Inf loss detected! Skipping batch.
2026-05-08 04:06:35,757 - __main__ - ERROR -   Batch 15: NaN or Inf loss detected! Skipping batch.
2026-05-08 04:06:35,828 - __main__ - ERROR -   Batch 16: NaN or Inf loss detected! Skipping batch.
2026-05-08 04:06:35,899 - __main__ - ERROR -   Batch 17: NaN or Inf loss detected! Skipping batch.
2026-05-08 04:06:35,969 - __main__ - ERROR -   Batch 18: NaN or Inf loss detected! Skipping batch.
2026-05-08 04:06:36,039 - __main__ - ERROR -   Batch 19: NaN or Inf loss detected! Skipping batch.
2026-05-08 04:06:36,110 - __main__ - ERROR -   Batch 20: NaN or Inf loss detected! Skipping batch.
2026-05-08 04:06:36,180 - __main__ - ERROR -   Batch 21: NaN or Inf loss detected! Skipping batch.
2026-05-08 04:06:36,250 - __main__ - ERROR -   Batch 22: NaN or Inf loss detected! Skipping batch.
2026-05-08 04:06:36,320 - __main__ - ERROR -   Batch 23: NaN or Inf loss detected! Skipping batch.
2026-05-08 04:06:36,391 - __main__ - ERROR -   Batch 24: NaN or Inf loss detected! Skipping batch.
2026-05-08 04:06:36,461 - __main__ - ERROR -   Batch 25: NaN or Inf loss detected! Skipping batch.
2026-05-08 04:06:36,530 - __main__ - ERROR -   Batch 26: NaN or Inf loss detected! Skipping batch.
2026-05-08 04:06:36,601 - __main__ - ERROR -   Batch 27: NaN or Inf loss detected! Skipping batch.
2026-05-08 04:06:36,671 - __main__ - ERROR -   Batch 28: NaN or Inf loss detected! Skipping batch.
2026-05-08 04:06:36,741 - __main__ - ERROR -   Batch 29: NaN or Inf loss detected! Skipping batch.
2026-05-08 04:06:36,811 - __main__ - ERROR -   Batch 30: NaN or Inf loss detected! Skipping batch.
2026-05-08 04:06:36,881 - __main__ - ERROR -   Batch 31: NaN or Inf loss detected! Skipping batch.
2026-05-08 04:06:36,952 - __main__ - ERROR -   Batch 32: NaN or Inf loss detected! Skipping batch.
2026-05-08 04:06:37,022 - __main__ - ERROR -   Batch 33: NaN or Inf loss detected! Skipping batch.
2026-05-08 04:06:37,092 - __main__ - ERROR -   Batch 34: NaN or Inf loss detected! Skipping batch.
2026-05-08 04:06:37,162 - __main__ - ERROR -   Batch 35: NaN or Inf loss detected! Skipping batch.
2026-05-08 04:06:37,226 - __main__ - ERROR -   Batch 36: NaN or Inf loss detected! Skipping batch.
2026-05-08 04:06:37,297 - __main__ - ERROR -   Batch 37: NaN or Inf loss detected! Skipping batch.
2026-05-08 04:06:37,368 - __main__ - ERROR -   Batch 38: NaN or Inf loss detected! Skipping batch.
2026-05-08 04:06:37,440 - __main__ - ERROR -   Batch 39: NaN or Inf loss detected! Skipping batch.
2026-05-08 04:06:37,511 - __main__ - ERROR -   Batch 40: NaN or Inf loss detected! Skipping batch.
2026-05-08 04:06:37,582 - __main__ - ERROR -   Batch 41: NaN or Inf loss detected! Skipping batch.
2026-05-08 04:06:37,655 - __main__ - ERROR -   Batch 42: NaN or Inf loss detected! Skipping batch.
2026-05-08 04:06:37,721 - __main__ - ERROR -   Batch 43: NaN or Inf loss detected! Skipping batch.
2026-05-08 04:06:37,787 - __main__ - ERROR -   Batch 44: NaN or Inf loss detected! Skipping batch.
2026-05-08 04:06:37,852 - __main__ - ERROR -   Batch 45: NaN or Inf loss detected! Skipping batch.
2026-05-08 04:06:37,923 - __main__ - ERROR -   Batch 46: NaN or Inf loss detected! Skipping batch.
2026-05-08 04:06:37,995 - __main__ - ERROR -   Batch 47: NaN or Inf loss detected! Skipping batch.
2026-05-08 04:06:38,067 - __main__ - ERROR -   Batch 48: NaN or Inf loss detected! Skipping batch.
2026-05-08 04:06:38,138 - __main__ - ERROR -   Batch 49: NaN or Inf loss detected! Skipping batch.
2026-05-08 04:06:38,210 - __main__ - ERROR -   Batch 50: NaN or Inf loss detected! Skipping batch.
2026-05-08 04:06:38,282 - __main__ - ERROR -   Batch 51: NaN or Inf loss detected! Skipping batch.
2026-05-08 04:06:38,354 - __main__ - ERROR -   Batch 52: NaN or Inf loss detected! Skipping batch.
2026-05-08 04:06:38,425 - __main__ - ERROR -   Batch 53: NaN or Inf loss detected! Skipping batch.
2026-05-08 04:06:38,497 - __main__ - ERROR -   Batch 54: NaN or Inf loss detected! Skipping batch.
2026-05-08 04:06:38,567 - __main__ - ERROR -   Batch 55: NaN or Inf loss detected! Skipping batch.
2026-05-08 04:06:38,639 - __main__ - ERROR -   Batch 56: NaN or Inf loss detected! Skipping batch.
2026-05-08 04:06:38,703 - __main__ - ERROR -   Batch 57: NaN or Inf loss detected! Skipping batch.
2026-05-08 04:06:38,776 - __main__ - ERROR -   Batch 58: NaN or Inf loss detected! Skipping batch.
2026-05-08 04:06:38,847 - __main__ - ERROR -   Batch 59: NaN or Inf loss detected! Skipping batch.
2026-05-08 04:06:38,918 - __main__ - ERROR -   Batch 60: NaN or Inf loss detected! Skipping batch.
2026-05-08 04:06:38,989 - __main__ - ERROR -   Batch 61: NaN or Inf loss detected! Skipping batch.
2026-05-08 04:06:39,061 - __main__ - ERROR -   Batch 62: NaN or Inf loss detected! Skipping batch.
2026-05-08 04:06:39,133 - __main__ - ERROR -   Batch 63: NaN or Inf loss detected! Skipping batch.
2026-05-08 04:06:39,205 - __main__ - ERROR -   Batch 64: NaN or Inf loss detected! Skipping batch.
2026-05-08 04:06:39,276 - __main__ - ERROR -   Batch 65: NaN or Inf loss detected! Skipping batch.
2026-05-08 04:06:39,348 - __main__ - ERROR -   Batch 66: NaN or Inf loss detected! Skipping batch.
2026-05-08 04:06:39,420 - __main__ - ERROR -   Batch 67: NaN or Inf loss detected! Skipping batch.
2026-05-08 04:06:39,491 - __main__ - ERROR -   Batch 68: NaN or Inf loss detected! Skipping batch.
2026-05-08 04:06:39,563 - __main__ - ERROR -   Batch 69: NaN or Inf loss detected! Skipping batch.
2026-05-08 04:06:39,634 - __main__ - ERROR -   Batch 70: NaN or Inf loss detected! Skipping batch.
2026-05-08 04:06:39,707 - __main__ - ERROR -   Batch 71: NaN or Inf loss detected! Skipping batch.
2026-05-08 04:06:39,779 - __main__ - ERROR -   Batch 72: NaN or Inf loss detected! Skipping batch.
2026-05-08 04:06:39,852 - __main__ - ERROR -   Batch 73: NaN or Inf loss detected! Skipping batch.
2026-05-08 04:06:39,923 - __main__ - ERROR -   Batch 74: NaN or Inf loss detected! Skipping batch.
2026-05-08 04:06:39,995 - __main__ - ERROR -   Batch 75: NaN or Inf loss detected! Skipping batch.
2026-05-08 04:06:40,066 - __main__ - ERROR -   Batch 76: NaN or Inf loss detected! Skipping batch.
2026-05-08 04:06:40,139 - __main__ - ERROR -   Batch 77: NaN or Inf loss detected! Skipping batch.
2026-05-08 04:06:40,212 - __main__ - ERROR -   Batch 78: NaN or Inf loss detected! Skipping batch.
2026-05-08 04:06:40,283 - __main__ - ERROR -   Batch 79: NaN or Inf loss detected! Skipping batch.
2026-05-08 04:06:40,354 - __main__ - ERROR -   Batch 80: NaN or Inf loss detected! Skipping batch.
2026-05-08 04:06:40,418 - __main__ - ERROR -   Batch 81: NaN or Inf loss detected! Skipping batch.
2026-05-08 04:06:40,489 - __main__ - ERROR -   Batch 82: NaN or Inf loss detected! Skipping batch.
2026-05-08 04:06:40,560 - __main__ - ERROR -   Batch 83: NaN or Inf loss detected! Skipping batch.
2026-05-08 04:06:40,631 - __main__ - ERROR -   Batch 84: NaN or Inf loss detected! Skipping batch.
2026-05-08 04:06:40,696 - __main__ - ERROR -   Batch 85: NaN or Inf loss detected! Skipping batch.
2026-05-08 04:06:40,768 - __main__ - ERROR -   Batch 86: NaN or Inf loss detected! Skipping batch.
2026-05-08 04:06:40,839 - __main__ - ERROR -   Batch 87: NaN or Inf loss detected! Skipping batch.
2026-05-08 04:06:40,910 - __main__ - ERROR -   Batch 88: NaN or Inf loss detected! Skipping batch.
2026-05-08 04:06:40,982 - __main__ - ERROR -   Batch 89: NaN or Inf loss detected! Skipping batch.
2026-05-08 04:06:41,054 - __main__ - ERROR -   Batch 90: NaN or Inf loss detected! Skipping batch.
2026-05-08 04:06:41,125 - __main__ - ERROR -   Batch 91: NaN or Inf loss detected! Skipping batch.
2026-05-08 04:06:41,197 - __main__ - ERROR -   Batch 92: NaN or Inf loss detected! Skipping batch.
2026-05-08 04:06:41,267 - __main__ - ERROR -   Batch 93: NaN or Inf loss detected! Skipping batch.
2026-05-08 04:06:41,339 - __main__ - ERROR -   Batch 94: NaN or Inf loss detected! Skipping batch.
2026-05-08 04:06:41,410 - __main__ - ERROR -   Batch 95: NaN or Inf loss detected! Skipping batch.
2026-05-08 04:06:41,481 - __main__ - ERROR -   Batch 96: NaN or Inf loss detected! Skipping batch.
2026-05-08 04:06:41,553 - __main__ - ERROR -   Batch 97: NaN or Inf loss detected! Skipping batch.
2026-05-08 04:06:41,624 - __main__ - ERROR -   Batch 98: NaN or Inf loss detected! Skipping batch.
2026-05-08 04:06:41,695 - __main__ - ERROR -   Batch 99: NaN or Inf loss detected! Skipping batch.
2026-05-08 04:06:41,766 - __main__ - ERROR -   Batch 100: NaN or Inf loss detected! Skipping batch.
2026-05-08 04:06:42,296 - __main__ - ERROR -   Batch 101: NaN or Inf loss detected! Skipping batch.
2026-05-08 04:06:42,361 - __main__ - ERROR -   Batch 102: NaN or Inf loss detected! Skipping batch.
2026-05-08 04:06:42,433 - __main__ - ERROR -   Batch 103: NaN or Inf loss detected! Skipping batch.
2026-05-08 04:06:42,504 - __main__ - ERROR -   Batch 104: NaN or Inf loss detected! Skipping batch.
2026-05-08 04:06:42,575 - __main__ - ERROR -   Batch 105: NaN or Inf loss detected! Skipping batch.
2026-05-08 04:06:42,646 - __main__ - ERROR -   Batch 106: NaN or Inf loss detected! Skipping batch.
2026-05-08 04:06:42,718 - __main__ - ERROR -   Batch 107: NaN or Inf loss detected! Skipping batch.
2026-05-08 04:06:42,790 - __main__ - ERROR -   Batch 108: NaN or Inf loss detected! Skipping batch.
2026-05-08 04:06:42,862 - __main__ - ERROR -   Batch 109: NaN or Inf loss detected! Skipping batch.
2026-05-08 04:06:42,934 - __main__ - ERROR -   Batch 110: NaN or Inf loss detected! Skipping batch.
2026-05-08 04:06:43,006 - __main__ - ERROR -   Batch 111: NaN or Inf loss detected! Skipping batch.
2026-05-08 04:06:43,077 - __main__ - ERROR -   Batch 112: NaN or Inf loss detected! Skipping batch.
2026-05-08 04:06:43,149 - __main__ - ERROR -   Batch 113: NaN or Inf loss detected! Skipping batch.
2026-05-08 04:06:43,221 - __main__ - ERROR -   Batch 114: NaN or Inf loss detected! Skipping batch.
2026-05-08 04:06:43,292 - __main__ - ERROR -   Batch 115: NaN or Inf loss detected! Skipping batch.
2026-05-08 04:06:43,364 - __main__ - ERROR -   Batch 116: NaN or Inf loss detected! Skipping batch.
2026-05-08 04:06:43,436 - __main__ - ERROR -   Batch 117: NaN or Inf loss detected! Skipping batch.
2026-05-08 04:06:43,508 - __main__ - ERROR -   Batch 118: NaN or Inf loss detected! Skipping batch.
2026-05-08 04:06:43,579 - __main__ - ERROR -   Batch 119: NaN or Inf loss detected! Skipping batch.
2026-05-08 04:06:43,638 - __main__ - ERROR -   Batch 120: NaN or Inf loss detected! Skipping batch.
2026-05-08 04:06:43,704 - __main__ - ERROR -   Batch 121: NaN or Inf loss detected! Skipping batch.
2026-05-08 04:06:43,774 - __main__ - ERROR -   Batch 122: NaN or Inf loss detected! Skipping batch.
2026-05-08 04:06:43,845 - __main__ - ERROR -   Batch 123: NaN or Inf loss detected! Skipping batch.
2026-05-08 04:06:43,916 - __main__ - ERROR -   Batch 124: NaN or Inf loss detected! Skipping batch.
2026-05-08 04:06:43,989 - __main__ - ERROR -   Batch 125: NaN or Inf loss detected! Skipping batch.
2026-05-08 04:06:44,060 - __main__ - ERROR -   Batch 126: NaN or Inf loss detected! Skipping batch.
2026-05-08 04:06:44,132 - __main__ - ERROR -   Batch 127: NaN or Inf loss detected! Skipping batch.
2026-05-08 04:06:44,205 - __main__ - ERROR -   Batch 128: NaN or Inf loss detected! Skipping batch.
2026-05-08 04:06:44,277 - __main__ - ERROR -   Batch 129: NaN or Inf loss detected! Skipping batch.
2026-05-08 04:06:44,349 - __main__ - ERROR -   Batch 130: NaN or Inf loss detected! Skipping batch.
2026-05-08 04:06:44,422 - __main__ - ERROR -   Batch 131: NaN or Inf loss detected! Skipping batch.
2026-05-08 04:06:44,494 - __main__ - ERROR -   Batch 132: NaN or Inf loss detected! Skipping batch.
2026-05-08 04:06:44,565 - __main__ - ERROR -   Batch 133: NaN or Inf loss detected! Skipping batch.
2026-05-08 04:06:44,637 - __main__ - ERROR -   Batch 134: NaN or Inf loss detected! Skipping batch.
2026-05-08 04:06:44,709 - __main__ - ERROR -   Batch 135: NaN or Inf loss detected! Skipping batch.
2026-05-08 04:06:44,781 - __main__ - ERROR -   Batch 136: NaN or Inf loss detected! Skipping batch.
2026-05-08 04:06:44,853 - __main__ - ERROR -   Batch 137: NaN or Inf loss detected! Skipping batch.
2026-05-08 04:06:44,918 - __main__ - ERROR -   Batch 138: NaN or Inf loss detected! Skipping batch.
2026-05-08 04:06:44,990 - __main__ - ERROR -   Batch 139: NaN or Inf loss detected! Skipping batch.
2026-05-08 04:06:45,061 - __main__ - ERROR -   Batch 140: NaN or Inf loss detected! Skipping batch.
2026-05-08 04:06:45,132 - __main__ - ERROR -   Batch 141: NaN or Inf loss detected! Skipping batch.
2026-05-08 04:06:45,203 - __main__ - ERROR -   Batch 142: NaN or Inf loss detected! Skipping batch.
2026-05-08 04:06:45,262 - __main__ - ERROR -   Batch 143: NaN or Inf loss detected! Skipping batch.
2026-05-08 04:06:45,327 - __main__ - ERROR -   Batch 144: NaN or Inf loss detected! Skipping batch.
2026-05-08 04:06:45,398 - __main__ - ERROR -   Batch 145: NaN or Inf loss detected! Skipping batch.
2026-05-08 04:06:45,469 - __main__ - ERROR -   Batch 146: NaN or Inf loss detected! Skipping batch.
2026-05-08 04:06:45,539 - __main__ - ERROR -   Batch 147: NaN or Inf loss detected! Skipping batch.
2026-05-08 04:06:45,611 - __main__ - ERROR -   Batch 148: NaN or Inf loss detected! Skipping batch.
2026-05-08 04:06:45,684 - __main__ - ERROR -   Batch 149: NaN or Inf loss detected! Skipping batch.
2026-05-08 04:06:45,755 - __main__ - ERROR -   Batch 150: NaN or Inf loss detected! Skipping batch.
2026-05-08 04:06:45,826 - __main__ - ERROR -   Batch 151: NaN or Inf loss detected! Skipping batch.
2026-05-08 04:06:45,897 - __main__ - ERROR -   Batch 152: NaN or Inf loss detected! Skipping batch.
2026-05-08 04:06:45,970 - __main__ - ERROR -   Batch 153: NaN or Inf loss detected! Skipping batch.
2026-05-08 04:06:46,041 - __main__ - ERROR -   Batch 154: NaN or Inf loss detected! Skipping batch.
2026-05-08 04:06:46,105 - __main__ - ERROR -   Batch 155: NaN or Inf loss detected! Skipping batch.
2026-05-08 04:06:46,177 - __main__ - ERROR -   Batch 156: NaN or Inf loss detected! Skipping batch.
2026-05-08 04:06:46,248 - __main__ - ERROR -   Batch 157: NaN or Inf loss detected! Skipping batch.
2026-05-08 04:06:46,319 - __main__ - ERROR -   Batch 158: NaN or Inf loss detected! Skipping batch.
2026-05-08 04:06:46,390 - __main__ - ERROR -   Batch 159: NaN or Inf loss detected! Skipping batch.
2026-05-08 04:06:46,461 - __main__ - ERROR -   Batch 160: NaN or Inf loss detected! Skipping batch.
2026-05-08 04:06:46,533 - __main__ - ERROR -   Batch 161: NaN or Inf loss detected! Skipping batch.
2026-05-08 04:06:46,605 - __main__ - ERROR -   Batch 162: NaN or Inf loss detected! Skipping batch.
2026-05-08 04:06:46,676 - __main__ - ERROR -   Batch 163: NaN or Inf loss detected! Skipping batch.
2026-05-08 04:06:46,748 - __main__ - ERROR -   Batch 164: NaN or Inf loss detected! Skipping batch.
2026-05-08 04:06:46,820 - __main__ - ERROR -   Batch 165: NaN or Inf loss detected! Skipping batch.
2026-05-08 04:06:46,891 - __main__ - ERROR -   Batch 166: NaN or Inf loss detected! Skipping batch.
2026-05-08 04:06:46,963 - __main__ - ERROR -   Batch 167: NaN or Inf loss detected! Skipping batch.
2026-05-08 04:06:47,034 - __main__ - ERROR -   Batch 168: NaN or Inf loss detected! Skipping batch.
2026-05-08 04:06:47,106 - __main__ - ERROR -   Batch 169: NaN or Inf loss detected! Skipping batch.
2026-05-08 04:06:47,178 - __main__ - ERROR -   Batch 170: NaN or Inf loss detected! Skipping batch.
2026-05-08 04:06:47,249 - __main__ - ERROR -   Batch 171: NaN or Inf loss detected! Skipping batch.
2026-05-08 04:06:47,321 - __main__ - ERROR -   Batch 172: NaN or Inf loss detected! Skipping batch.
2026-05-08 04:06:47,392 - __main__ - ERROR -   Batch 173: NaN or Inf loss detected! Skipping batch.
2026-05-08 04:06:47,464 - __main__ - ERROR -   Batch 174: NaN or Inf loss detected! Skipping batch.
2026-05-08 04:06:47,536 - __main__ - ERROR -   Batch 175: NaN or Inf loss detected! Skipping batch.
2026-05-08 04:06:47,607 - __main__ - ERROR -   Batch 176: NaN or Inf loss detected! Skipping batch.
2026-05-08 04:06:47,679 - __main__ - ERROR -   Batch 177: NaN or Inf loss detected! Skipping batch.
2026-05-08 04:06:47,751 - __main__ - ERROR -   Batch 178: NaN or Inf loss detected! Skipping batch.
2026-05-08 04:06:47,822 - __main__ - ERROR -   Batch 179: NaN or Inf loss detected! Skipping batch.
2026-05-08 04:06:47,894 - __main__ - ERROR -   Batch 180: NaN or Inf loss detected! Skipping batch.
2026-05-08 04:06:47,966 - __main__ - ERROR -   Batch 181: NaN or Inf loss detected! Skipping batch.
2026-05-08 04:06:48,038 - __main__ - ERROR -   Batch 182: NaN or Inf loss detected! Skipping batch.
2026-05-08 04:06:48,109 - __main__ - ERROR -   Batch 183: NaN or Inf loss detected! Skipping batch.
2026-05-08 04:06:48,181 - __main__ - ERROR -   Batch 184: NaN or Inf loss detected! Skipping batch.
2026-05-08 04:06:48,253 - __main__ - ERROR -   Batch 185: NaN or Inf loss detected! Skipping batch.
2026-05-08 04:06:48,317 - __main__ - ERROR -   Batch 186: NaN or Inf loss detected! Skipping batch.
2026-05-08 04:06:48,388 - __main__ - ERROR -   Batch 187: NaN or Inf loss detected! Skipping batch.
2026-05-08 04:06:48,459 - __main__ - ERROR -   Batch 188: NaN or Inf loss detected! Skipping batch.
2026-05-08 04:06:48,530 - __main__ - ERROR -   Batch 189: NaN or Inf loss detected! Skipping batch.
2026-05-08 04:06:48,602 - __main__ - ERROR -   Batch 190: NaN or Inf loss detected! Skipping batch.
2026-05-08 04:06:48,661 - __main__ - ERROR -   Batch 191: NaN or Inf loss detected! Skipping batch.
2026-05-08 04:06:48,733 - __main__ - ERROR -   Batch 192: NaN or Inf loss detected! Skipping batch.
2026-05-08 04:06:48,798 - __main__ - ERROR -   Batch 193: NaN or Inf loss detected! Skipping batch.
2026-05-08 04:06:48,868 - __main__ - ERROR -   Batch 194: NaN or Inf loss detected! Skipping batch.
2026-05-08 04:06:48,939 - __main__ - ERROR -   Batch 195: NaN or Inf loss detected! Skipping batch.
2026-05-08 04:06:49,010 - __main__ - ERROR -   Batch 196: NaN or Inf loss detected! Skipping batch.
2026-05-08 04:06:49,081 - __main__ - ERROR -   Batch 197: NaN or Inf loss detected! Skipping batch.
2026-05-08 04:06:49,153 - __main__ - ERROR -   Batch 198: NaN or Inf loss detected! Skipping batch.
2026-05-08 04:06:49,225 - __main__ - ERROR -   Batch 199: NaN or Inf loss detected! Skipping batch.
2026-05-08 04:06:49,296 - __main__ - ERROR -   Batch 200: NaN or Inf loss detected! Skipping batch.
2026-05-08 04:06:49,368 - __main__ - ERROR -   Batch 201: NaN or Inf loss detected! Skipping batch.
2026-05-08 04:06:49,439 - __main__ - ERROR -   Batch 202: NaN or Inf loss detected! Skipping batch.
2026-05-08 04:06:49,510 - __main__ - ERROR -   Batch 203: NaN or Inf loss detected! Skipping batch.
2026-05-08 04:06:49,581 - __main__ - ERROR -   Batch 204: NaN or Inf loss detected! Skipping batch.
2026-05-08 04:06:49,654 - __main__ - ERROR -   Batch 205: NaN or Inf loss detected! Skipping batch.
2026-05-08 04:06:49,725 - __main__ - ERROR -   Batch 206: NaN or Inf loss detected! Skipping batch.
2026-05-08 04:06:49,797 - __main__ - ERROR -   Batch 207: NaN or Inf loss detected! Skipping batch.
2026-05-08 04:06:49,869 - __main__ - ERROR -   Batch 208: NaN or Inf loss detected! Skipping batch.
2026-05-08 04:06:49,943 - __main__ - ERROR -   Batch 209: NaN or Inf loss detected! Skipping batch.
2026-05-08 04:06:50,015 - __main__ - ERROR -   Batch 210: NaN or Inf loss detected! Skipping batch.
2026-05-08 04:06:50,087 - __main__ - ERROR -   Batch 211: NaN or Inf loss detected! Skipping batch.
2026-05-08 04:06:50,151 - __main__ - ERROR -   Batch 212: NaN or Inf loss detected! Skipping batch.
2026-05-08 04:06:50,223 - __main__ - ERROR -   Batch 213: NaN or Inf loss detected! Skipping batch.
2026-05-08 04:06:50,293 - __main__ - ERROR -   Batch 214: NaN or Inf loss detected! Skipping batch.
2026-05-08 04:06:50,365 - __main__ - ERROR -   Batch 215: NaN or Inf loss detected! Skipping batch.
2026-05-08 04:06:50,436 - __main__ - ERROR -   Batch 216: NaN or Inf loss detected! Skipping batch.
2026-05-08 04:06:50,508 - __main__ - ERROR -   Batch 217: NaN or Inf loss detected! Skipping batch.
2026-05-08 04:06:50,579 - __main__ - ERROR -   Batch 218: NaN or Inf loss detected! Skipping batch.
2026-05-08 04:06:50,643 - __main__ - ERROR -   Batch 219: NaN or Inf loss detected! Skipping batch.
2026-05-08 04:06:50,715 - __main__ - ERROR -   Batch 220: NaN or Inf loss detected! Skipping batch.
2026-05-08 04:06:50,785 - __main__ - ERROR -   Batch 221: NaN or Inf loss detected! Skipping batch.
2026-05-08 04:06:51,148 - __main__ - ERROR -   Batch 222: NaN or Inf loss detected! Skipping batch.
2026-05-08 04:06:51,214 - __main__ - ERROR -   Batch 223: NaN or Inf loss detected! Skipping batch.
2026-05-08 04:06:51,285 - __main__ - ERROR -   Batch 224: NaN or Inf loss detected! Skipping batch.
2026-05-08 04:06:51,356 - __main__ - ERROR -   Batch 225: NaN or Inf loss detected! Skipping batch.
2026-05-08 04:06:51,427 - __main__ - ERROR -   Batch 226: NaN or Inf loss detected! Skipping batch.
2026-05-08 04:06:51,492 - __main__ - ERROR -   Batch 227: NaN or Inf loss detected! Skipping batch.
2026-05-08 04:06:51,557 - __main__ - ERROR -   Batch 228: NaN or Inf loss detected! Skipping batch.
2026-05-08 04:06:51,628 - __main__ - ERROR -   Batch 229: NaN or Inf loss detected! Skipping batch.
2026-05-08 04:06:51,698 - __main__ - ERROR -   Batch 230: NaN or Inf loss detected! Skipping batch.
2026-05-08 04:06:51,769 - __main__ - ERROR -   Batch 231: NaN or Inf loss detected! Skipping batch.
2026-05-08 04:06:51,841 - __main__ - ERROR -   Batch 232: NaN or Inf loss detected! Skipping batch.
2026-05-08 04:06:51,911 - __main__ - ERROR -   Batch 233: NaN or Inf loss detected! Skipping batch.
2026-05-08 04:06:51,982 - __main__ - ERROR -   Batch 234: NaN or Inf loss detected! Skipping batch.
2026-05-08 04:06:52,053 - __main__ - ERROR -   Batch 235: NaN or Inf loss detected! Skipping batch.
2026-05-08 04:06:52,124 - __main__ - ERROR -   Batch 236: NaN or Inf loss detected! Skipping batch.
2026-05-08 04:06:52,196 - __main__ - ERROR -   Batch 237: NaN or Inf loss detected! Skipping batch.
2026-05-08 04:06:52,267 - __main__ - ERROR -   Batch 238: NaN or Inf loss detected! Skipping batch.
2026-05-08 04:06:52,339 - __main__ - ERROR -   Batch 239: NaN or Inf loss detected! Skipping batch.
2026-05-08 04:06:52,411 - __main__ - ERROR -   Batch 240: NaN or Inf loss detected! Skipping batch.
2026-05-08 04:06:52,476 - __main__ - ERROR -   Batch 241: NaN or Inf loss detected! Skipping batch.
2026-05-08 04:06:52,549 - __main__ - ERROR -   Batch 242: NaN or Inf loss detected! Skipping batch.
2026-05-08 04:06:52,614 - __main__ - ERROR -   Batch 243: NaN or Inf loss detected! Skipping batch.
2026-05-08 04:06:52,685 - __main__ - ERROR -   Batch 244: NaN or Inf loss detected! Skipping batch.
2026-05-08 04:06:52,756 - __main__ - ERROR -   Batch 245: NaN or Inf loss detected! Skipping batch.
2026-05-08 04:06:52,827 - __main__ - ERROR -   Batch 246: NaN or Inf loss detected! Skipping batch.
2026-05-08 04:06:52,899 - __main__ - ERROR -   Batch 247: NaN or Inf loss detected! Skipping batch.
2026-05-08 04:06:52,971 - __main__ - ERROR -   Batch 248: NaN or Inf loss detected! Skipping batch.
2026-05-08 04:06:53,043 - __main__ - ERROR -   Batch 249: NaN or Inf loss detected! Skipping batch.
2026-05-08 04:06:53,114 - __main__ - ERROR -   Batch 250: NaN or Inf loss detected! Skipping batch.
2026-05-08 04:06:53,187 - __main__ - ERROR -   Batch 251: NaN or Inf loss detected! Skipping batch.
2026-05-08 04:06:53,258 - __main__ - ERROR -   Batch 252: NaN or Inf loss detected! Skipping batch.
2026-05-08 04:06:53,329 - __main__ - ERROR -   Batch 253: NaN or Inf loss detected! Skipping batch.
2026-05-08 04:06:53,400 - __main__ - ERROR -   Batch 254: NaN or Inf loss detected! Skipping batch.
2026-05-08 04:06:53,472 - __main__ - ERROR -   Batch 255: NaN or Inf loss detected! Skipping batch.
2026-05-08 04:06:53,543 - __main__ - ERROR -   Batch 256: NaN or Inf loss detected! Skipping batch.
2026-05-08 04:06:53,614 - __main__ - ERROR -   Batch 257: NaN or Inf loss detected! Skipping batch.
2026-05-08 04:06:53,685 - __main__ - ERROR -   Batch 258: NaN or Inf loss detected! Skipping batch.
2026-05-08 04:06:53,757 - __main__ - ERROR -   Batch 259: NaN or Inf loss detected! Skipping batch.
2026-05-08 04:06:53,829 - __main__ - ERROR -   Batch 260: NaN or Inf loss detected! Skipping batch.
2026-05-08 04:06:53,901 - __main__ - ERROR -   Batch 261: NaN or Inf loss detected! Skipping batch.
2026-05-08 04:06:53,971 - __main__ - ERROR -   Batch 262: NaN or Inf loss detected! Skipping batch.
2026-05-08 04:06:54,041 - __main__ - ERROR -   Batch 263: NaN or Inf loss detected! Skipping batch.
2026-05-08 04:06:54,112 - __main__ - ERROR -   Batch 264: NaN or Inf loss detected! Skipping batch.
2026-05-08 04:06:54,183 - __main__ - ERROR -   Batch 265: NaN or Inf loss detected! Skipping batch.
2026-05-08 04:06:54,253 - __main__ - ERROR -   Batch 266: NaN or Inf loss detected! Skipping batch.
2026-05-08 04:06:54,323 - __main__ - ERROR -   Batch 267: NaN or Inf loss detected! Skipping batch.
2026-05-08 04:06:54,394 - __main__ - ERROR -   Batch 268: NaN or Inf loss detected! Skipping batch.
2026-05-08 04:06:54,465 - __main__ - ERROR -   Batch 269: NaN or Inf loss detected! Skipping batch.
2026-05-08 04:06:54,529 - __main__ - ERROR -   Batch 270: NaN or Inf loss detected! Skipping batch.
2026-05-08 04:06:54,600 - __main__ - ERROR -   Batch 271: NaN or Inf loss detected! Skipping batch.
2026-05-08 04:06:54,671 - __main__ - ERROR -   Batch 272: NaN or Inf loss detected! Skipping batch.
2026-05-08 04:06:54,736 - __main__ - ERROR -   Batch 273: NaN or Inf loss detected! Skipping batch.
2026-05-08 04:06:54,807 - __main__ - ERROR -   Batch 274: NaN or Inf loss detected! Skipping batch.
2026-05-08 04:06:54,877 - __main__ - ERROR -   Batch 275: NaN or Inf loss detected! Skipping batch.
2026-05-08 04:06:54,949 - __main__ - ERROR -   Batch 276: NaN or Inf loss detected! Skipping batch.
2026-05-08 04:06:55,021 - __main__ - ERROR -   Batch 277: NaN or Inf loss detected! Skipping batch.
2026-05-08 04:06:55,091 - __main__ - ERROR -   Batch 278: NaN or Inf loss detected! Skipping batch.
2026-05-08 04:06:55,162 - __main__ - ERROR -   Batch 279: NaN or Inf loss detected! Skipping batch.
2026-05-08 04:06:55,234 - __main__ - ERROR -   Batch 280: NaN or Inf loss detected! Skipping batch.
2026-05-08 04:06:55,306 - __main__ - ERROR -   Batch 281: NaN or Inf loss detected! Skipping batch.
2026-05-08 04:06:55,378 - __main__ - ERROR -   Batch 282: NaN or Inf loss detected! Skipping batch.
2026-05-08 04:06:55,449 - __main__ - ERROR -   Batch 283: NaN or Inf loss detected! Skipping batch.
2026-05-08 04:06:55,521 - __main__ - ERROR -   Batch 284: NaN or Inf loss detected! Skipping batch.
2026-05-08 04:06:55,592 - __main__ - ERROR -   Batch 285: NaN or Inf loss detected! Skipping batch.
2026-05-08 04:06:55,663 - __main__ - ERROR -   Batch 286: NaN or Inf loss detected! Skipping batch.
2026-05-08 04:06:55,735 - __main__ - ERROR -   Batch 287: NaN or Inf loss detected! Skipping batch.
2026-05-08 04:06:55,807 - __main__ - ERROR -   Batch 288: NaN or Inf loss detected! Skipping batch.
2026-05-08 04:06:55,879 - __main__ - ERROR -   Batch 289: NaN or Inf loss detected! Skipping batch.
2026-05-08 04:06:55,951 - __main__ - ERROR -   Batch 290: NaN or Inf loss detected! Skipping batch.
2026-05-08 04:06:56,023 - __main__ - ERROR -   Batch 291: NaN or Inf loss detected! Skipping batch.
2026-05-08 04:06:56,095 - __main__ - ERROR -   Batch 292: NaN or Inf loss detected! Skipping batch.
2026-05-08 04:06:56,167 - __main__ - ERROR -   Batch 293: NaN or Inf loss detected! Skipping batch.
2026-05-08 04:06:56,239 - __main__ - ERROR -   Batch 294: NaN or Inf loss detected! Skipping batch.
2026-05-08 04:06:56,311 - __main__ - ERROR -   Batch 295: NaN or Inf loss detected! Skipping batch.
2026-05-08 04:06:56,383 - __main__ - ERROR -   Batch 296: NaN or Inf loss detected! Skipping batch.
2026-05-08 04:06:56,455 - __main__ - ERROR -   Batch 297: NaN or Inf loss detected! Skipping batch.
2026-05-08 04:06:56,526 - __main__ - ERROR -   Batch 298: NaN or Inf loss detected! Skipping batch.
2026-05-08 04:06:56,598 - __main__ - ERROR -   Batch 299: NaN or Inf loss detected! Skipping batch.
2026-05-08 04:06:56,671 - __main__ - ERROR -   Batch 300: NaN or Inf loss detected! Skipping batch.
2026-05-08 04:06:56,743 - __main__ - ERROR -   Batch 301: NaN or Inf loss detected! Skipping batch.
2026-05-08 04:06:56,814 - __main__ - ERROR -   Batch 302: NaN or Inf loss detected! Skipping batch.
2026-05-08 04:06:56,886 - __main__ - ERROR -   Batch 303: NaN or Inf loss detected! Skipping batch.
2026-05-08 04:06:56,951 - __main__ - ERROR -   Batch 304: NaN or Inf loss detected! Skipping batch.
2026-05-08 04:06:57,022 - __main__ - ERROR -   Batch 305: NaN or Inf loss detected! Skipping batch.
2026-05-08 04:06:57,093 - __main__ - ERROR -   Batch 306: NaN or Inf loss detected! Skipping batch.
2026-05-08 04:06:57,163 - __main__ - ERROR -   Batch 307: NaN or Inf loss detected! Skipping batch.
2026-05-08 04:06:57,236 - __main__ - ERROR -   Batch 308: NaN or Inf loss detected! Skipping batch.
2026-05-08 04:06:57,306 - __main__ - ERROR -   Batch 309: NaN or Inf loss detected! Skipping batch.
2026-05-08 04:06:57,377 - __main__ - ERROR -   Batch 310: NaN or Inf loss detected! Skipping batch.
2026-05-08 04:06:57,448 - __main__ - ERROR -   Batch 311: NaN or Inf loss detected! Skipping batch.
2026-05-08 04:06:57,519 - __main__ - ERROR -   Batch 312: NaN or Inf loss detected! Skipping batch.
2026-05-08 04:06:57,591 - __main__ - ERROR -   Batch 313: NaN or Inf loss detected! Skipping batch.
2026-05-08 04:06:57,662 - __main__ - ERROR -   Batch 314: NaN or Inf loss detected! Skipping batch.
2026-05-08 04:06:57,734 - __main__ - ERROR -   Batch 315: NaN or Inf loss detected! Skipping batch.
2026-05-08 04:06:57,806 - __main__ - ERROR -   Batch 316: NaN or Inf loss detected! Skipping batch.
2026-05-08 04:06:57,878 - __main__ - ERROR -   Batch 317: NaN or Inf loss detected! Skipping batch.
2026-05-08 04:06:57,950 - __main__ - ERROR -   Batch 318: NaN or Inf loss detected! Skipping batch.
2026-05-08 04:06:58,021 - __main__ - ERROR -   Batch 319: NaN or Inf loss detected! Skipping batch.
2026-05-08 04:06:58,093 - __main__ - ERROR -   Batch 320: NaN or Inf loss detected! Skipping batch.
2026-05-08 04:06:58,165 - __main__ - ERROR -   Batch 321: NaN or Inf loss detected! Skipping batch.
2026-05-08 04:06:58,237 - __main__ - ERROR -   Batch 322: NaN or Inf loss detected! Skipping batch.
2026-05-08 04:06:58,302 - __main__ - ERROR -   Batch 323: NaN or Inf loss detected! Skipping batch.
2026-05-08 04:06:58,373 - __main__ - ERROR -   Batch 324: NaN or Inf loss detected! Skipping batch.
2026-05-08 04:06:58,444 - __main__ - ERROR -   Batch 325: NaN or Inf loss detected! Skipping batch.
2026-05-08 04:06:58,515 - __main__ - ERROR -   Batch 326: NaN or Inf loss detected! Skipping batch.
2026-05-08 04:06:58,587 - __main__ - ERROR -   Batch 327: NaN or Inf loss detected! Skipping batch.
2026-05-08 04:06:58,659 - __main__ - ERROR -   Batch 328: NaN or Inf loss detected! Skipping batch.
2026-05-08 04:06:58,731 - __main__ - ERROR -   Batch 329: NaN or Inf loss detected! Skipping batch.
2026-05-08 04:06:58,804 - __main__ - ERROR -   Batch 330: NaN or Inf loss detected! Skipping batch.
2026-05-08 04:06:58,876 - __main__ - ERROR -   Batch 331: NaN or Inf loss detected! Skipping batch.
2026-05-08 04:06:59,326 - __main__ - ERROR -   Batch 332: NaN or Inf loss detected! Skipping batch.
2026-05-08 04:06:59,391 - __main__ - ERROR -   Batch 333: NaN or Inf loss detected! Skipping batch.
2026-05-08 04:06:59,463 - __main__ - ERROR -   Batch 334: NaN or Inf loss detected! Skipping batch.
2026-05-08 04:06:59,533 - __main__ - ERROR -   Batch 335: NaN or Inf loss detected! Skipping batch.
2026-05-08 04:06:59,598 - __main__ - ERROR -   Batch 336: NaN or Inf loss detected! Skipping batch.
2026-05-08 04:06:59,663 - __main__ - ERROR -   Batch 337: NaN or Inf loss detected! Skipping batch.
2026-05-08 04:06:59,734 - __main__ - ERROR -   Batch 338: NaN or Inf loss detected! Skipping batch.
2026-05-08 04:06:59,805 - __main__ - ERROR -   Batch 339: NaN or Inf loss detected! Skipping batch.
2026-05-08 04:06:59,877 - __main__ - ERROR -   Batch 340: NaN or Inf loss detected! Skipping batch.
2026-05-08 04:06:59,949 - __main__ - ERROR -   Batch 341: NaN or Inf loss detected! Skipping batch.
2026-05-08 04:07:00,021 - __main__ - ERROR -   Batch 342: NaN or Inf loss detected! Skipping batch.
2026-05-08 04:07:00,092 - __main__ - ERROR -   Batch 343: NaN or Inf loss detected! Skipping batch.
2026-05-08 04:07:00,164 - __main__ - ERROR -   Batch 344: NaN or Inf loss detected! Skipping batch.
2026-05-08 04:07:00,235 - __main__ - ERROR -   Batch 345: NaN or Inf loss detected! Skipping batch.
2026-05-08 04:07:00,307 - __main__ - ERROR -   Batch 346: NaN or Inf loss detected! Skipping batch.
2026-05-08 04:07:00,379 - __main__ - ERROR -   Batch 347: NaN or Inf loss detected! Skipping batch.
2026-05-08 04:07:00,451 - __main__ - ERROR -   Batch 348: NaN or Inf loss detected! Skipping batch.
2026-05-08 04:07:00,523 - __main__ - ERROR -   Batch 349: NaN or Inf loss detected! Skipping batch.
2026-05-08 04:07:00,595 - __main__ - ERROR -   Batch 350: NaN or Inf loss detected! Skipping batch.
2026-05-08 04:07:00,666 - __main__ - ERROR -   Batch 351: NaN or Inf loss detected! Skipping batch.
2026-05-08 04:07:00,738 - __main__ - ERROR -   Batch 352: NaN or Inf loss detected! Skipping batch.
2026-05-08 04:07:00,809 - __main__ - ERROR -   Batch 353: NaN or Inf loss detected! Skipping batch.
2026-05-08 04:07:00,881 - __main__ - ERROR -   Batch 354: NaN or Inf loss detected! Skipping batch.
2026-05-08 04:07:00,953 - __main__ - ERROR -   Batch 355: NaN or Inf loss detected! Skipping batch.
2026-05-08 04:07:01,025 - __main__ - ERROR -   Batch 356: NaN or Inf loss detected! Skipping batch.
2026-05-08 04:07:01,096 - __main__ - ERROR -   Batch 357: NaN or Inf loss detected! Skipping batch.
2026-05-08 04:07:01,161 - __main__ - ERROR -   Batch 358: NaN or Inf loss detected! Skipping batch.
2026-05-08 04:07:01,226 - __main__ - ERROR -   Batch 359: NaN or Inf loss detected! Skipping batch.
2026-05-08 04:07:01,297 - __main__ - ERROR -   Batch 360: NaN or Inf loss detected! Skipping batch.
2026-05-08 04:07:01,368 - __main__ - ERROR -   Batch 361: NaN or Inf loss detected! Skipping batch.
2026-05-08 04:07:01,439 - __main__ - ERROR -   Batch 362: NaN or Inf loss detected! Skipping batch.
2026-05-08 04:07:01,510 - __main__ - ERROR -   Batch 363: NaN or Inf loss detected! Skipping batch.
2026-05-08 04:07:01,582 - __main__ - ERROR -   Batch 364: NaN or Inf loss detected! Skipping batch.
2026-05-08 04:07:01,647 - __main__ - ERROR -   Batch 365: NaN or Inf loss detected! Skipping batch.
2026-05-08 04:07:01,719 - __main__ - ERROR -   Batch 366: NaN or Inf loss detected! Skipping batch.
2026-05-08 04:07:01,790 - __main__ - ERROR -   Batch 367: NaN or Inf loss detected! Skipping batch.
2026-05-08 04:07:01,862 - __main__ - ERROR -   Batch 368: NaN or Inf loss detected! Skipping batch.
2026-05-08 04:07:01,934 - __main__ - ERROR -   Batch 369: NaN or Inf loss detected! Skipping batch.
2026-05-08 04:07:02,005 - __main__ - ERROR -   Batch 370: NaN or Inf loss detected! Skipping batch.
2026-05-08 04:07:02,077 - __main__ - ERROR -   Batch 371: NaN or Inf loss detected! Skipping batch.
2026-05-08 04:07:02,148 - __main__ - ERROR -   Batch 372: NaN or Inf loss detected! Skipping batch.
2026-05-08 04:07:02,220 - __main__ - ERROR -   Batch 373: NaN or Inf loss detected! Skipping batch.
2026-05-08 04:07:02,292 - __main__ - ERROR -   Batch 374: NaN or Inf loss detected! Skipping batch.
2026-05-08 04:07:02,363 - __main__ - ERROR -   Batch 375: NaN or Inf loss detected! Skipping batch.
2026-05-08 04:07:02,434 - __main__ - ERROR -   Batch 376: NaN or Inf loss detected! Skipping batch.
2026-05-08 04:07:02,506 - __main__ - ERROR -   Batch 377: NaN or Inf loss detected! Skipping batch.
2026-05-08 04:07:02,576 - __main__ - ERROR -   Batch 378: NaN or Inf loss detected! Skipping batch.
2026-05-08 04:07:02,641 - __main__ - ERROR -   Batch 379: NaN or Inf loss detected! Skipping batch.
2026-05-08 04:07:02,712 - __main__ - ERROR -   Batch 380: NaN or Inf loss detected! Skipping batch.
2026-05-08 04:07:02,783 - __main__ - ERROR -   Batch 381: NaN or Inf loss detected! Skipping batch.
2026-05-08 04:07:02,855 - __main__ - ERROR -   Batch 382: NaN or Inf loss detected! Skipping batch.
2026-05-08 04:07:02,919 - __main__ - ERROR -   Batch 383: NaN or Inf loss detected! Skipping batch.
2026-05-08 04:07:02,990 - __main__ - ERROR -   Batch 384: NaN or Inf loss detected! Skipping batch.
2026-05-08 04:07:03,061 - __main__ - ERROR -   Batch 385: NaN or Inf loss detected! Skipping batch.
2026-05-08 04:07:03,125 - __main__ - ERROR -   Batch 386: NaN or Inf loss detected! Skipping batch.
2026-05-08 04:07:03,197 - __main__ - ERROR -   Batch 387: NaN or Inf loss detected! Skipping batch.
2026-05-08 04:07:03,268 - __main__ - ERROR -   Batch 388: NaN or Inf loss detected! Skipping batch.
2026-05-08 04:07:03,339 - __main__ - ERROR -   Batch 389: NaN or Inf loss detected! Skipping batch.
2026-05-08 04:07:03,410 - __main__ - ERROR -   Batch 390: NaN or Inf loss detected! Skipping batch.
2026-05-08 04:07:03,482 - __main__ - ERROR -   Batch 391: NaN or Inf loss detected! Skipping batch.
2026-05-08 04:07:03,554 - __main__ - ERROR -   Batch 392: NaN or Inf loss detected! Skipping batch.
2026-05-08 04:07:03,625 - __main__ - ERROR -   Batch 393: NaN or Inf loss detected! Skipping batch.
2026-05-08 04:07:03,697 - __main__ - ERROR -   Batch 394: NaN or Inf loss detected! Skipping batch.
2026-05-08 04:07:03,769 - __main__ - ERROR -   Batch 395: NaN or Inf loss detected! Skipping batch.
2026-05-08 04:07:03,840 - __main__ - ERROR -   Batch 396: NaN or Inf loss detected! Skipping batch.
2026-05-08 04:07:03,910 - __main__ - ERROR -   Batch 397: NaN or Inf loss detected! Skipping batch.
2026-05-08 04:07:03,980 - __main__ - ERROR -   Batch 398: NaN or Inf loss detected! Skipping batch.
2026-05-08 04:07:04,052 - __main__ - ERROR -   Batch 399: NaN or Inf loss detected! Skipping batch.
2026-05-08 04:07:04,124 - __main__ - ERROR -   Batch 400: NaN or Inf loss detected! Skipping batch.
2026-05-08 04:07:04,196 - __main__ - ERROR -   Batch 401: NaN or Inf loss detected! Skipping batch.
2026-05-08 04:07:04,268 - __main__ - ERROR -   Batch 402: NaN or Inf loss detected! Skipping batch.
2026-05-08 04:07:04,333 - __main__ - ERROR -   Batch 403: NaN or Inf loss detected! Skipping batch.
2026-05-08 04:07:04,404 - __main__ - ERROR -   Batch 404: NaN or Inf loss detected! Skipping batch.
2026-05-08 04:07:04,475 - __main__ - ERROR -   Batch 405: NaN or Inf loss detected! Skipping batch.
2026-05-08 04:07:04,546 - __main__ - ERROR -   Batch 406: NaN or Inf loss detected! Skipping batch.
2026-05-08 04:07:04,617 - __main__ - ERROR -   Batch 407: NaN or Inf loss detected! Skipping batch.
2026-05-08 04:07:04,688 - __main__ - ERROR -   Batch 408: NaN or Inf loss detected! Skipping batch.
2026-05-08 04:07:04,761 - __main__ - ERROR -   Batch 409: NaN or Inf loss detected! Skipping batch.
2026-05-08 04:07:04,827 - __main__ - ERROR -   Batch 410: NaN or Inf loss detected! Skipping batch.
2026-05-08 04:07:04,898 - __main__ - ERROR -   Batch 411: NaN or Inf loss detected! Skipping batch.
2026-05-08 04:07:04,969 - __main__ - ERROR -   Batch 412: NaN or Inf loss detected! Skipping batch.
2026-05-08 04:07:05,040 - __main__ - ERROR -   Batch 413: NaN or Inf loss detected! Skipping batch.
2026-05-08 04:07:05,111 - __main__ - ERROR -   Batch 414: NaN or Inf loss detected! Skipping batch.
2026-05-08 04:07:05,182 - __main__ - ERROR -   Batch 415: NaN or Inf loss detected! Skipping batch.
2026-05-08 04:07:05,254 - __main__ - ERROR -   Batch 416: NaN or Inf loss detected! Skipping batch.
2026-05-08 04:07:05,326 - __main__ - ERROR -   Batch 417: NaN or Inf loss detected! Skipping batch.
2026-05-08 04:07:05,396 - __main__ - ERROR -   Batch 418: NaN or Inf loss detected! Skipping batch.
2026-05-08 04:07:05,467 - __main__ - ERROR -   Batch 419: NaN or Inf loss detected! Skipping batch.
2026-05-08 04:07:05,539 - __main__ - ERROR -   Batch 420: NaN or Inf loss detected! Skipping batch.
2026-05-08 04:07:05,611 - __main__ - ERROR -   Batch 421: NaN or Inf loss detected! Skipping batch.
2026-05-08 04:07:05,682 - __main__ - ERROR -   Batch 422: NaN or Inf loss detected! Skipping batch.
2026-05-08 04:07:05,747 - __main__ - ERROR -   Batch 423: NaN or Inf loss detected! Skipping batch.
2026-05-08 04:07:05,818 - __main__ - ERROR -   Batch 424: NaN or Inf loss detected! Skipping batch.
2026-05-08 04:07:05,889 - __main__ - ERROR -   Batch 425: NaN or Inf loss detected! Skipping batch.
2026-05-08 04:07:05,961 - __main__ - ERROR -   Batch 426: NaN or Inf loss detected! Skipping batch.
2026-05-08 04:07:06,033 - __main__ - ERROR -   Batch 427: NaN or Inf loss detected! Skipping batch.
2026-05-08 04:07:06,105 - __main__ - ERROR -   Batch 428: NaN or Inf loss detected! Skipping batch.
2026-05-08 04:07:06,170 - __main__ - ERROR -   Batch 429: NaN or Inf loss detected! Skipping batch.
2026-05-08 04:07:06,242 - __main__ - ERROR -   Batch 430: NaN or Inf loss detected! Skipping batch.
2026-05-08 04:07:06,312 - __main__ - ERROR -   Batch 431: NaN or Inf loss detected! Skipping batch.
2026-05-08 04:07:06,384 - __main__ - ERROR -   Batch 432: NaN or Inf loss detected! Skipping batch.
2026-05-08 04:07:06,455 - __main__ - ERROR -   Batch 433: NaN or Inf loss detected! Skipping batch.
2026-05-08 04:07:06,527 - __main__ - ERROR -   Batch 434: NaN or Inf loss detected! Skipping batch.
2026-05-08 04:07:06,598 - __main__ - ERROR -   Batch 435: NaN or Inf loss detected! Skipping batch.
2026-05-08 04:07:06,670 - __main__ - ERROR -   Batch 436: NaN or Inf loss detected! Skipping batch.
2026-05-08 04:07:06,742 - __main__ - ERROR -   Batch 437: NaN or Inf loss detected! Skipping batch.
2026-05-08 04:07:06,814 - __main__ - ERROR -   Batch 438: NaN or Inf loss detected! Skipping batch.
2026-05-08 04:07:06,884 - __main__ - ERROR -   Batch 439: NaN or Inf loss detected! Skipping batch.
2026-05-08 04:07:06,956 - __main__ - ERROR -   Batch 440: NaN or Inf loss detected! Skipping batch.
2026-05-08 04:07:07,027 - __main__ - ERROR -   Batch 441: NaN or Inf loss detected! Skipping batch.
2026-05-08 04:07:07,098 - __main__ - ERROR -   Batch 442: NaN or Inf loss detected! Skipping batch.
2026-05-08 04:07:07,168 - __main__ - ERROR -   Batch 443: NaN or Inf loss detected! Skipping batch.
2026-05-08 04:07:07,240 - __main__ - ERROR -   Batch 444: NaN or Inf loss detected! Skipping batch.
2026-05-08 04:07:07,310 - __main__ - ERROR -   Batch 445: NaN or Inf loss detected! Skipping batch.
2026-05-08 04:07:07,382 - __main__ - ERROR -   Batch 446: NaN or Inf loss detected! Skipping batch.
2026-05-08 04:07:07,452 - __main__ - ERROR -   Batch 447: NaN or Inf loss detected! Skipping batch.
2026-05-08 04:07:07,517 - __main__ - ERROR -   Batch 448: NaN or Inf loss detected! Skipping batch.
2026-05-08 04:07:07,589 - __main__ - ERROR -   Batch 449: NaN or Inf loss detected! Skipping batch.
2026-05-08 04:07:07,659 - __main__ - ERROR -   Batch 450: NaN or Inf loss detected! Skipping batch.
2026-05-08 04:07:07,730 - __main__ - ERROR -   Batch 451: NaN or Inf loss detected! Skipping batch.
2026-05-08 04:07:07,802 - __main__ - ERROR -   Batch 452: NaN or Inf loss detected! Skipping batch.
2026-05-08 04:07:07,874 - __main__ - ERROR -   Batch 453: NaN or Inf loss detected! Skipping batch.
2026-05-08 04:07:07,945 - __main__ - ERROR -   Batch 454: NaN or Inf loss detected! Skipping batch.
2026-05-08 04:07:08,313 - __main__ - ERROR -   Batch 455: NaN or Inf loss detected! Skipping batch.
2026-05-08 04:07:08,386 - __main__ - ERROR -   Batch 456: NaN or Inf loss detected! Skipping batch.
2026-05-08 04:07:08,458 - __main__ - ERROR -   Batch 457: NaN or Inf loss detected! Skipping batch.
2026-05-08 04:07:08,530 - __main__ - ERROR -   Batch 458: NaN or Inf loss detected! Skipping batch.
2026-05-08 04:07:08,601 - __main__ - ERROR -   Batch 459: NaN or Inf loss detected! Skipping batch.
2026-05-08 04:07:08,672 - __main__ - ERROR -   Batch 460: NaN or Inf loss detected! Skipping batch.
2026-05-08 04:07:08,738 - __main__ - ERROR -   Batch 461: NaN or Inf loss detected! Skipping batch.
2026-05-08 04:07:08,809 - __main__ - ERROR -   Batch 462: NaN or Inf loss detected! Skipping batch.
2026-05-08 04:07:08,880 - __main__ - ERROR -   Batch 463: NaN or Inf loss detected! Skipping batch.
2026-05-08 04:07:08,952 - __main__ - ERROR -   Batch 464: NaN or Inf loss detected! Skipping batch.
2026-05-08 04:07:09,023 - __main__ - ERROR -   Batch 465: NaN or Inf loss detected! Skipping batch.
2026-05-08 04:07:09,095 - __main__ - ERROR -   Batch 466: NaN or Inf loss detected! Skipping batch.
2026-05-08 04:07:09,167 - __main__ - ERROR -   Batch 467: NaN or Inf loss detected! Skipping batch.
2026-05-08 04:07:09,239 - __main__ - ERROR -   Batch 468: NaN or Inf loss detected! Skipping batch.
2026-05-08 04:07:09,311 - __main__ - ERROR -   Batch 469: NaN or Inf loss detected! Skipping batch.
2026-05-08 04:07:09,383 - __main__ - ERROR -   Batch 470: NaN or Inf loss detected! Skipping batch.
2026-05-08 04:07:09,455 - __main__ - ERROR -   Batch 471: NaN or Inf loss detected! Skipping batch.
2026-05-08 04:07:09,526 - __main__ - ERROR -   Batch 472: NaN or Inf loss detected! Skipping batch.
2026-05-08 04:07:09,598 - __main__ - ERROR -   Batch 473: NaN or Inf loss detected! Skipping batch.
2026-05-08 04:07:09,669 - __main__ - ERROR -   Batch 474: NaN or Inf loss detected! Skipping batch.
2026-05-08 04:07:09,740 - __main__ - ERROR -   Batch 475: NaN or Inf loss detected! Skipping batch.
2026-05-08 04:07:09,812 - __main__ - ERROR -   Batch 476: NaN or Inf loss detected! Skipping batch.
2026-05-08 04:07:09,884 - __main__ - ERROR -   Batch 477: NaN or Inf loss detected! Skipping batch.
2026-05-08 04:07:09,955 - __main__ - ERROR -   Batch 478: NaN or Inf loss detected! Skipping batch.
2026-05-08 04:07:10,026 - __main__ - ERROR -   Batch 479: NaN or Inf loss detected! Skipping batch.
2026-05-08 04:07:10,096 - __main__ - ERROR -   Batch 480: NaN or Inf loss detected! Skipping batch.
2026-05-08 04:07:10,166 - __main__ - ERROR -   Batch 481: NaN or Inf loss detected! Skipping batch.
2026-05-08 04:07:10,235 - __main__ - ERROR -   Batch 482: NaN or Inf loss detected! Skipping batch.
2026-05-08 04:07:10,305 - __main__ - ERROR -   Batch 483: NaN or Inf loss detected! Skipping batch.
2026-05-08 04:07:10,364 - __main__ - ERROR -   Batch 484: NaN or Inf loss detected! Skipping batch.
2026-05-08 04:07:10,436 - __main__ - ERROR -   Batch 485: NaN or Inf loss detected! Skipping batch.
2026-05-08 04:07:10,507 - __main__ - ERROR -   Batch 486: NaN or Inf loss detected! Skipping batch.
2026-05-08 04:07:10,578 - __main__ - ERROR -   Batch 487: NaN or Inf loss detected! Skipping batch.
2026-05-08 04:07:10,650 - __main__ - ERROR -   Batch 488: NaN or Inf loss detected! Skipping batch.
2026-05-08 04:07:10,722 - __main__ - ERROR -   Batch 489: NaN or Inf loss detected! Skipping batch.
2026-05-08 04:07:10,792 - __main__ - ERROR -   Batch 490: NaN or Inf loss detected! Skipping batch.
2026-05-08 04:07:10,856 - __main__ - ERROR -   Batch 491: NaN or Inf loss detected! Skipping batch.
2026-05-08 04:07:10,928 - __main__ - ERROR -   Batch 492: NaN or Inf loss detected! Skipping batch.
2026-05-08 04:07:10,993 - __main__ - ERROR -   Batch 493: NaN or Inf loss detected! Skipping batch.
2026-05-08 04:07:11,065 - __main__ - ERROR -   Batch 494: NaN or Inf loss detected! Skipping batch.
2026-05-08 04:07:11,135 - __main__ - ERROR -   Batch 495: NaN or Inf loss detected! Skipping batch.
2026-05-08 04:07:11,206 - __main__ - ERROR -   Batch 496: NaN or Inf loss detected! Skipping batch.
2026-05-08 04:07:11,271 - __main__ - ERROR -   Batch 497: NaN or Inf loss detected! Skipping batch.
2026-05-08 04:07:11,343 - __main__ - ERROR -   Batch 498: NaN or Inf loss detected! Skipping batch.
2026-05-08 04:07:11,413 - __main__ - ERROR -   Batch 499: NaN or Inf loss detected! Skipping batch.
2026-05-08 04:07:11,484 - __main__ - ERROR -   Batch 500: NaN or Inf loss detected! Skipping batch.
2026-05-08 04:07:11,556 - __main__ - ERROR -   Batch 501: NaN or Inf loss detected! Skipping batch.
2026-05-08 04:07:11,627 - __main__ - ERROR -   Batch 502: NaN or Inf loss detected! Skipping batch.
2026-05-08 04:07:11,696 - __main__ - ERROR -   Batch 503: NaN or Inf loss detected! Skipping batch.
2026-05-08 04:07:11,768 - __main__ - ERROR -   Batch 504: NaN or Inf loss detected! Skipping batch.
2026-05-08 04:07:11,839 - __main__ - ERROR -   Batch 505: NaN or Inf loss detected! Skipping batch.
2026-05-08 04:07:11,911 - __main__ - ERROR -   Batch 506: NaN or Inf loss detected! Skipping batch.
2026-05-08 04:07:11,982 - __main__ - ERROR -   Batch 507: NaN or Inf loss detected! Skipping batch.
2026-05-08 04:07:12,053 - __main__ - ERROR -   Batch 508: NaN or Inf loss detected! Skipping batch.
2026-05-08 04:07:12,124 - __main__ - ERROR -   Batch 509: NaN or Inf loss detected! Skipping batch.
2026-05-08 04:07:12,196 - __main__ - ERROR -   Batch 510: NaN or Inf loss detected! Skipping batch.
2026-05-08 04:07:12,266 - __main__ - ERROR -   Batch 511: NaN or Inf loss detected! Skipping batch.
2026-05-08 04:07:12,338 - __main__ - ERROR -   Batch 512: NaN or Inf loss detected! Skipping batch.
2026-05-08 04:07:12,409 - __main__ - ERROR -   Batch 513: NaN or Inf loss detected! Skipping batch.
2026-05-08 04:07:12,481 - __main__ - ERROR -   Batch 514: NaN or Inf loss detected! Skipping batch.
2026-05-08 04:07:12,552 - __main__ - ERROR -   Batch 515: NaN or Inf loss detected! Skipping batch.
2026-05-08 04:07:12,624 - __main__ - ERROR -   Batch 516: NaN or Inf loss detected! Skipping batch.
2026-05-08 04:07:12,696 - __main__ - ERROR -   Batch 517: NaN or Inf loss detected! Skipping batch.
2026-05-08 04:07:12,768 - __main__ - ERROR -   Batch 518: NaN or Inf loss detected! Skipping batch.
2026-05-08 04:07:12,838 - __main__ - ERROR -   Batch 519: NaN or Inf loss detected! Skipping batch.
2026-05-08 04:07:12,908 - __main__ - ERROR -   Batch 520: NaN or Inf loss detected! Skipping batch.
2026-05-08 04:07:12,977 - __main__ - ERROR -   Batch 521: NaN or Inf loss detected! Skipping batch.
2026-05-08 04:07:13,042 - __main__ - ERROR -   Batch 522: NaN or Inf loss detected! Skipping batch.
2026-05-08 04:07:13,113 - __main__ - ERROR -   Batch 523: NaN or Inf loss detected! Skipping batch.
2026-05-08 04:07:13,184 - __main__ - ERROR -   Batch 524: NaN or Inf loss detected! Skipping batch.
2026-05-08 04:07:13,249 - __main__ - ERROR -   Batch 525: NaN or Inf loss detected! Skipping batch.
2026-05-08 04:07:13,320 - __main__ - ERROR -   Batch 526: NaN or Inf loss detected! Skipping batch.
2026-05-08 04:07:13,391 - __main__ - ERROR -   Batch 527: NaN or Inf loss detected! Skipping batch.
2026-05-08 04:07:13,462 - __main__ - ERROR -   Batch 528: NaN or Inf loss detected! Skipping batch.
2026-05-08 04:07:13,533 - __main__ - ERROR -   Batch 529: NaN or Inf loss detected! Skipping batch.
2026-05-08 04:07:13,604 - __main__ - ERROR -   Batch 530: NaN or Inf loss detected! Skipping batch.
2026-05-08 04:07:13,676 - __main__ - ERROR -   Batch 531: NaN or Inf loss detected! Skipping batch.
2026-05-08 04:07:13,748 - __main__ - ERROR -   Batch 532: NaN or Inf loss detected! Skipping batch.
2026-05-08 04:07:13,819 - __main__ - ERROR -   Batch 533: NaN or Inf loss detected! Skipping batch.
2026-05-08 04:07:13,891 - __main__ - ERROR -   Batch 534: NaN or Inf loss detected! Skipping batch.
2026-05-08 04:07:13,963 - __main__ - ERROR -   Batch 535: NaN or Inf loss detected! Skipping batch.
2026-05-08 04:07:14,034 - __main__ - ERROR -   Batch 536: NaN or Inf loss detected! Skipping batch.
2026-05-08 04:07:14,106 - __main__ - ERROR -   Batch 537: NaN or Inf loss detected! Skipping batch.
2026-05-08 04:07:14,178 - __main__ - ERROR -   Batch 538: NaN or Inf loss detected! Skipping batch.
2026-05-08 04:07:14,249 - __main__ - ERROR -   Batch 539: NaN or Inf loss detected! Skipping batch.
2026-05-08 04:07:14,321 - __main__ - ERROR -   Batch 540: NaN or Inf loss detected! Skipping batch.
2026-05-08 04:07:14,392 - __main__ - ERROR -   Batch 541: NaN or Inf loss detected! Skipping batch.
2026-05-08 04:07:14,464 - __main__ - ERROR -   Batch 542: NaN or Inf loss detected! Skipping batch.
2026-05-08 04:07:14,535 - __main__ - ERROR -   Batch 543: NaN or Inf loss detected! Skipping batch.
2026-05-08 04:07:14,607 - __main__ - ERROR -   Batch 544: NaN or Inf loss detected! Skipping batch.
2026-05-08 04:07:14,679 - __main__ - ERROR -   Batch 545: NaN or Inf loss detected! Skipping batch.
2026-05-08 04:07:14,751 - __main__ - ERROR -   Batch 546: NaN or Inf loss detected! Skipping batch.
2026-05-08 04:07:14,823 - __main__ - ERROR -   Batch 547: NaN or Inf loss detected! Skipping batch.
2026-05-08 04:07:14,895 - __main__ - ERROR -   Batch 548: NaN or Inf loss detected! Skipping batch.
2026-05-08 04:07:14,966 - __main__ - ERROR -   Batch 549: NaN or Inf loss detected! Skipping batch.
2026-05-08 04:07:15,038 - __main__ - ERROR -   Batch 550: NaN or Inf loss detected! Skipping batch.
2026-05-08 04:07:15,109 - __main__ - ERROR -   Batch 551: NaN or Inf loss detected! Skipping batch.
2026-05-08 04:07:15,181 - __main__ - ERROR -   Batch 552: NaN or Inf loss detected! Skipping batch.
2026-05-08 04:07:15,253 - __main__ - ERROR -   Batch 553: NaN or Inf loss detected! Skipping batch.
2026-05-08 04:07:15,324 - __main__ - ERROR -   Batch 554: NaN or Inf loss detected! Skipping batch.
2026-05-08 04:07:15,396 - __main__ - ERROR -   Batch 555: NaN or Inf loss detected! Skipping batch.
2026-05-08 04:07:15,468 - __main__ - ERROR -   Batch 556: NaN or Inf loss detected! Skipping batch.
2026-05-08 04:07:15,539 - __main__ - ERROR -   Batch 557: NaN or Inf loss detected! Skipping batch.
2026-05-08 04:07:15,611 - __main__ - ERROR -   Batch 558: NaN or Inf loss detected! Skipping batch.
2026-05-08 04:07:15,682 - __main__ - ERROR -   Batch 559: NaN or Inf loss detected! Skipping batch.
2026-05-08 04:07:15,754 - __main__ - ERROR -   Batch 560: NaN or Inf loss detected! Skipping batch.
2026-05-08 04:07:15,826 - __main__ - ERROR -   Batch 561: NaN or Inf loss detected! Skipping batch.
2026-05-08 04:07:16,209 - __main__ - ERROR -   Batch 562: NaN or Inf loss detected! Skipping batch.
2026-05-08 04:07:16,269 - __main__ - ERROR -   Batch 563: NaN or Inf loss detected! Skipping batch.
2026-05-08 04:07:16,341 - __main__ - ERROR -   Batch 564: NaN or Inf loss detected! Skipping batch.
2026-05-08 04:07:16,406 - __main__ - ERROR -   Batch 565: NaN or Inf loss detected! Skipping batch.
2026-05-08 04:07:16,476 - __main__ - ERROR -   Batch 566: NaN or Inf loss detected! Skipping batch.
2026-05-08 04:07:16,547 - __main__ - ERROR -   Batch 567: NaN or Inf loss detected! Skipping batch.
2026-05-08 04:07:16,619 - __main__ - ERROR -   Batch 568: NaN or Inf loss detected! Skipping batch.
2026-05-08 04:07:16,691 - __main__ - ERROR -   Batch 569: NaN or Inf loss detected! Skipping batch.
2026-05-08 04:07:16,763 - __main__ - ERROR -   Batch 570: NaN or Inf loss detected! Skipping batch.
2026-05-08 04:07:16,834 - __main__ - ERROR -   Batch 571: NaN or Inf loss detected! Skipping batch.
2026-05-08 04:07:16,907 - __main__ - ERROR -   Batch 572: NaN or Inf loss detected! Skipping batch.
2026-05-08 04:07:16,979 - __main__ - ERROR -   Batch 573: NaN or Inf loss detected! Skipping batch.
2026-05-08 04:07:17,050 - __main__ - ERROR -   Batch 574: NaN or Inf loss detected! Skipping batch.
2026-05-08 04:07:17,115 - __main__ - ERROR -   Batch 575: NaN or Inf loss detected! Skipping batch.
2026-05-08 04:07:17,186 - __main__ - ERROR -   Batch 576: NaN or Inf loss detected! Skipping batch.
2026-05-08 04:07:17,257 - __main__ - ERROR -   Batch 577: NaN or Inf loss detected! Skipping batch.
2026-05-08 04:07:17,322 - __main__ - ERROR -   Batch 578: NaN or Inf loss detected! Skipping batch.
2026-05-08 04:07:17,394 - __main__ - ERROR -   Batch 579: NaN or Inf loss detected! Skipping batch.
2026-05-08 04:07:17,466 - __main__ - ERROR -   Batch 580: NaN or Inf loss detected! Skipping batch.
2026-05-08 04:07:17,537 - __main__ - ERROR -   Batch 581: NaN or Inf loss detected! Skipping batch.
2026-05-08 04:07:17,609 - __main__ - ERROR -   Batch 582: NaN or Inf loss detected! Skipping batch.
2026-05-08 04:07:17,682 - __main__ - ERROR -   Batch 583: NaN or Inf loss detected! Skipping batch.
2026-05-08 04:07:17,747 - __main__ - ERROR -   Batch 584: NaN or Inf loss detected! Skipping batch.
2026-05-08 04:07:17,819 - __main__ - ERROR -   Batch 585: NaN or Inf loss detected! Skipping batch.
2026-05-08 04:07:17,890 - __main__ - ERROR -   Batch 586: NaN or Inf loss detected! Skipping batch.
2026-05-08 04:07:17,954 - __main__ - ERROR -   Batch 587: NaN or Inf loss detected! Skipping batch.
2026-05-08 04:07:18,025 - __main__ - ERROR -   Batch 588: NaN or Inf loss detected! Skipping batch.
2026-05-08 04:07:18,096 - __main__ - ERROR -   Batch 589: NaN or Inf loss detected! Skipping batch.
2026-05-08 04:07:18,167 - __main__ - ERROR -   Batch 590: NaN or Inf loss detected! Skipping batch.
2026-05-08 04:07:18,239 - __main__ - ERROR -   Batch 591: NaN or Inf loss detected! Skipping batch.
2026-05-08 04:07:18,303 - __main__ - ERROR -   Batch 592: NaN or Inf loss detected! Skipping batch.
2026-05-08 04:07:18,375 - __main__ - ERROR -   Batch 593: NaN or Inf loss detected! Skipping batch.
2026-05-08 04:07:18,446 - __main__ - ERROR -   Batch 594: NaN or Inf loss detected! Skipping batch.
2026-05-08 04:07:18,517 - __main__ - ERROR -   Batch 595: NaN or Inf loss detected! Skipping batch.
2026-05-08 04:07:18,588 - __main__ - ERROR -   Batch 596: NaN or Inf loss detected! Skipping batch.
2026-05-08 04:07:18,654 - __main__ - ERROR -   Batch 597: NaN or Inf loss detected! Skipping batch.
2026-05-08 04:07:18,719 - __main__ - ERROR -   Batch 598: NaN or Inf loss detected! Skipping batch.
2026-05-08 04:07:18,790 - __main__ - ERROR -   Batch 599: NaN or Inf loss detected! Skipping batch.
2026-05-08 04:07:18,861 - __main__ - ERROR -   Batch 600: NaN or Inf loss detected! Skipping batch.
2026-05-08 04:07:18,932 - __main__ - ERROR -   Batch 601: NaN or Inf loss detected! Skipping batch.
2026-05-08 04:07:19,004 - __main__ - ERROR -   Batch 602: NaN or Inf loss detected! Skipping batch.
2026-05-08 04:07:19,076 - __main__ - ERROR -   Batch 603: NaN or Inf loss detected! Skipping batch.
2026-05-08 04:07:19,148 - __main__ - ERROR -   Batch 604: NaN or Inf loss detected! Skipping batch.
2026-05-08 04:07:19,219 - __main__ - ERROR -   Batch 605: NaN or Inf loss detected! Skipping batch.
2026-05-08 04:07:19,290 - __main__ - ERROR -   Batch 606: NaN or Inf loss detected! Skipping batch.
2026-05-08 04:07:19,361 - __main__ - ERROR -   Batch 607: NaN or Inf loss detected! Skipping batch.
2026-05-08 04:07:19,432 - __main__ - ERROR -   Batch 608: NaN or Inf loss detected! Skipping batch.
2026-05-08 04:07:19,503 - __main__ - ERROR -   Batch 609: NaN or Inf loss detected! Skipping batch.
2026-05-08 04:07:19,573 - __main__ - ERROR -   Batch 610: NaN or Inf loss detected! Skipping batch.
2026-05-08 04:07:19,645 - __main__ - ERROR -   Batch 611: NaN or Inf loss detected! Skipping batch.
2026-05-08 04:07:19,709 - __main__ - ERROR -   Batch 612: NaN or Inf loss detected! Skipping batch.
2026-05-08 04:07:19,781 - __main__ - ERROR -   Batch 613: NaN or Inf loss detected! Skipping batch.
2026-05-08 04:07:19,851 - __main__ - ERROR -   Batch 614: NaN or Inf loss detected! Skipping batch.
2026-05-08 04:07:19,922 - __main__ - ERROR -   Batch 615: NaN or Inf loss detected! Skipping batch.
2026-05-08 04:07:19,994 - __main__ - ERROR -   Batch 616: NaN or Inf loss detected! Skipping batch.
2026-05-08 04:07:20,065 - __main__ - ERROR -   Batch 617: NaN or Inf loss detected! Skipping batch.
2026-05-08 04:07:20,137 - __main__ - ERROR -   Batch 618: NaN or Inf loss detected! Skipping batch.
2026-05-08 04:07:20,209 - __main__ - ERROR -   Batch 619: NaN or Inf loss detected! Skipping batch.
2026-05-08 04:07:20,280 - __main__ - ERROR -   Batch 620: NaN or Inf loss detected! Skipping batch.
2026-05-08 04:07:20,352 - __main__ - ERROR -   Batch 621: NaN or Inf loss detected! Skipping batch.
2026-05-08 04:07:20,423 - __main__ - ERROR -   Batch 622: NaN or Inf loss detected! Skipping batch.
2026-05-08 04:07:20,495 - __main__ - ERROR -   Batch 623: NaN or Inf loss detected! Skipping batch.
2026-05-08 04:07:20,566 - __main__ - ERROR -   Batch 624: NaN or Inf loss detected! Skipping batch.
2026-05-08 04:07:20,638 - __main__ - ERROR -   Batch 625: NaN or Inf loss detected! Skipping batch.
2026-05-08 04:07:20,709 - __main__ - ERROR -   Batch 626: NaN or Inf loss detected! Skipping batch.
2026-05-08 04:07:20,781 - __main__ - ERROR -   Batch 627: NaN or Inf loss detected! Skipping batch.
2026-05-08 04:07:20,853 - __main__ - ERROR -   Batch 628: NaN or Inf loss detected! Skipping batch.
2026-05-08 04:07:20,925 - __main__ - ERROR -   Batch 629: NaN or Inf loss detected! Skipping batch.
2026-05-08 04:07:20,997 - __main__ - ERROR -   Batch 630: NaN or Inf loss detected! Skipping batch.
2026-05-08 04:07:21,069 - __main__ - ERROR -   Batch 631: NaN or Inf loss detected! Skipping batch.
2026-05-08 04:07:21,140 - __main__ - ERROR -   Batch 632: NaN or Inf loss detected! Skipping batch.
2026-05-08 04:07:21,212 - __main__ - ERROR -   Batch 633: NaN or Inf loss detected! Skipping batch.
2026-05-08 04:07:21,284 - __main__ - ERROR -   Batch 634: NaN or Inf loss detected! Skipping batch.
2026-05-08 04:07:21,356 - __main__ - ERROR -   Batch 635: NaN or Inf loss detected! Skipping batch.
2026-05-08 04:07:21,420 - __main__ - ERROR -   Batch 636: NaN or Inf loss detected! Skipping batch.
2026-05-08 04:07:21,492 - __main__ - ERROR -   Batch 637: NaN or Inf loss detected! Skipping batch.
2026-05-08 04:07:21,562 - __main__ - ERROR -   Batch 638: NaN or Inf loss detected! Skipping batch.
2026-05-08 04:07:21,634 - __main__ - ERROR -   Batch 639: NaN or Inf loss detected! Skipping batch.
2026-05-08 04:07:21,706 - __main__ - ERROR -   Batch 640: NaN or Inf loss detected! Skipping batch.
2026-05-08 04:07:21,777 - __main__ - ERROR -   Batch 641: NaN or Inf loss detected! Skipping batch.
2026-05-08 04:07:21,842 - __main__ - ERROR -   Batch 642: NaN or Inf loss detected! Skipping batch.
2026-05-08 04:07:21,913 - __main__ - ERROR -   Batch 643: NaN or Inf loss detected! Skipping batch.
2026-05-08 04:07:21,984 - __main__ - ERROR -   Batch 644: NaN or Inf loss detected! Skipping batch.
2026-05-08 04:07:22,055 - __main__ - ERROR -   Batch 645: NaN or Inf loss detected! Skipping batch.
2026-05-08 04:07:22,126 - __main__ - ERROR -   Batch 646: NaN or Inf loss detected! Skipping batch.
2026-05-08 04:07:22,198 - __main__ - ERROR -   Batch 647: NaN or Inf loss detected! Skipping batch.
2026-05-08 04:07:22,263 - __main__ - ERROR -   Batch 648: NaN or Inf loss detected! Skipping batch.
2026-05-08 04:07:22,334 - __main__ - ERROR -   Batch 649: NaN or Inf loss detected! Skipping batch.
2026-05-08 04:07:22,406 - __main__ - ERROR -   Batch 650: NaN or Inf loss detected! Skipping batch.
2026-05-08 04:07:22,470 - __main__ - ERROR -   Batch 651: NaN or Inf loss detected! Skipping batch.
2026-05-08 04:07:22,535 - __main__ - ERROR -   Batch 652: NaN or Inf loss detected! Skipping batch.
2026-05-08 04:07:22,606 - __main__ - ERROR -   Batch 653: NaN or Inf loss detected! Skipping batch.
2026-05-08 04:07:22,677 - __main__ - ERROR -   Batch 654: NaN or Inf loss detected! Skipping batch.
2026-05-08 04:07:22,748 - __main__ - ERROR -   Batch 655: NaN or Inf loss detected! Skipping batch.
2026-05-08 04:07:22,819 - __main__ - ERROR -   Batch 656: NaN or Inf loss detected! Skipping batch.
2026-05-08 04:07:22,891 - __main__ - ERROR -   Batch 657: NaN or Inf loss detected! Skipping batch.
2026-05-08 04:07:22,955 - __main__ - ERROR -   Batch 658: NaN or Inf loss detected! Skipping batch.
2026-05-08 04:07:23,021 - __main__ - ERROR -   Batch 659: NaN or Inf loss detected! Skipping batch.
2026-05-08 04:07:23,091 - __main__ - ERROR -   Batch 660: NaN or Inf loss detected! Skipping batch.
2026-05-08 04:07:23,162 - __main__ - ERROR -   Batch 661: NaN or Inf loss detected! Skipping batch.
2026-05-08 04:07:23,233 - __main__ - ERROR -   Batch 662: NaN or Inf loss detected! Skipping batch.
2026-05-08 04:07:23,304 - __main__ - ERROR -   Batch 663: NaN or Inf loss detected! Skipping batch.
2026-05-08 04:07:23,376 - __main__ - ERROR -   Batch 664: NaN or Inf loss detected! Skipping batch.
2026-05-08 04:07:23,447 - __main__ - ERROR -   Batch 665: NaN or Inf loss detected! Skipping batch.
2026-05-08 04:07:23,518 - __main__ - ERROR -   Batch 666: NaN or Inf loss detected! Skipping batch.
2026-05-08 04:07:23,589 - __main__ - ERROR -   Batch 667: NaN or Inf loss detected! Skipping batch.
2026-05-08 04:07:23,661 - __main__ - ERROR -   Batch 668: NaN or Inf loss detected! Skipping batch.
2026-05-08 04:07:23,733 - __main__ - ERROR -   Batch 669: NaN or Inf loss detected! Skipping batch.
2026-05-08 04:07:23,805 - __main__ - ERROR -   Batch 670: NaN or Inf loss detected! Skipping batch.
2026-05-08 04:07:23,876 - __main__ - ERROR -   Batch 671: NaN or Inf loss detected! Skipping batch.
2026-05-08 04:07:23,947 - __main__ - ERROR -   Batch 672: NaN or Inf loss detected! Skipping batch.
2026-05-08 04:07:24,019 - __main__ - ERROR -   Batch 673: NaN or Inf loss detected! Skipping batch.
2026-05-08 04:07:24,091 - __main__ - ERROR -   Batch 674: NaN or Inf loss detected! Skipping batch.
2026-05-08 04:07:24,475 - __main__ - ERROR -   Batch 675: NaN or Inf loss detected! Skipping batch.
2026-05-08 04:07:24,548 - __main__ - ERROR -   Batch 676: NaN or Inf loss detected! Skipping batch.
2026-05-08 04:07:24,620 - __main__ - ERROR -   Batch 677: NaN or Inf loss detected! Skipping batch.
2026-05-08 04:07:24,692 - __main__ - ERROR -   Batch 678: NaN or Inf loss detected! Skipping batch.
2026-05-08 04:07:24,764 - __main__ - ERROR -   Batch 679: NaN or Inf loss detected! Skipping batch.
2026-05-08 04:07:24,836 - __main__ - ERROR -   Batch 680: NaN or Inf loss detected! Skipping batch.
2026-05-08 04:07:24,908 - __main__ - ERROR -   Batch 681: NaN or Inf loss detected! Skipping batch.
2026-05-08 04:07:24,979 - __main__ - ERROR -   Batch 682: NaN or Inf loss detected! Skipping batch.
2026-05-08 04:07:25,051 - __main__ - ERROR -   Batch 683: NaN or Inf loss detected! Skipping batch.
2026-05-08 04:07:25,123 - __main__ - ERROR -   Batch 684: NaN or Inf loss detected! Skipping batch.
2026-05-08 04:07:25,193 - __main__ - ERROR -   Batch 685: NaN or Inf loss detected! Skipping batch.
2026-05-08 04:07:25,265 - __main__ - ERROR -   Batch 686: NaN or Inf loss detected! Skipping batch.
2026-05-08 04:07:25,337 - __main__ - ERROR -   Batch 687: NaN or Inf loss detected! Skipping batch.
2026-05-08 04:07:25,409 - __main__ - ERROR -   Batch 688: NaN or Inf loss detected! Skipping batch.
2026-05-08 04:07:25,480 - __main__ - ERROR -   Batch 689: NaN or Inf loss detected! Skipping batch.
2026-05-08 04:07:25,552 - __main__ - ERROR -   Batch 690: NaN or Inf loss detected! Skipping batch.
2026-05-08 04:07:25,623 - __main__ - ERROR -   Batch 691: NaN or Inf loss detected! Skipping batch.
2026-05-08 04:07:25,695 - __main__ - ERROR -   Batch 692: NaN or Inf loss detected! Skipping batch.
2026-05-08 04:07:25,766 - __main__ - ERROR -   Batch 693: NaN or Inf loss detected! Skipping batch.
2026-05-08 04:07:25,838 - __main__ - ERROR -   Batch 694: NaN or Inf loss detected! Skipping batch.
2026-05-08 04:07:25,903 - __main__ - ERROR -   Batch 695: NaN or Inf loss detected! Skipping batch.
2026-05-08 04:07:25,975 - __main__ - ERROR -   Batch 696: NaN or Inf loss detected! Skipping batch.
2026-05-08 04:07:26,046 - __main__ - ERROR -   Batch 697: NaN or Inf loss detected! Skipping batch.
2026-05-08 04:07:26,118 - __main__ - ERROR -   Batch 698: NaN or Inf loss detected! Skipping batch.
2026-05-08 04:07:26,183 - __main__ - ERROR -   Batch 699: NaN or Inf loss detected! Skipping batch.
2026-05-08 04:07:26,254 - __main__ - ERROR -   Batch 700: NaN or Inf loss detected! Skipping batch.
2026-05-08 04:07:26,325 - __main__ - ERROR -   Batch 701: NaN or Inf loss detected! Skipping batch.
2026-05-08 04:07:26,396 - __main__ - ERROR -   Batch 702: NaN or Inf loss detected! Skipping batch.
2026-05-08 04:07:26,467 - __main__ - ERROR -   Batch 703: NaN or Inf loss detected! Skipping batch.
2026-05-08 04:07:26,539 - __main__ - ERROR -   Batch 704: NaN or Inf loss detected! Skipping batch.
2026-05-08 04:07:26,610 - __main__ - ERROR -   Batch 705: NaN or Inf loss detected! Skipping batch.
2026-05-08 04:07:26,682 - __main__ - ERROR -   Batch 706: NaN or Inf loss detected! Skipping batch.
2026-05-08 04:07:26,753 - __main__ - ERROR -   Batch 707: NaN or Inf loss detected! Skipping batch.
2026-05-08 04:07:26,823 - __main__ - ERROR -   Batch 708: NaN or Inf loss detected! Skipping batch.
2026-05-08 04:07:26,879 - __main__ - ERROR -   Batch 709: NaN or Inf loss detected! Skipping batch.
2026-05-08 04:07:26,950 - __main__ - ERROR -   Batch 710: NaN or Inf loss detected! Skipping batch.
2026-05-08 04:07:27,020 - __main__ - ERROR -   Batch 711: NaN or Inf loss detected! Skipping batch.
2026-05-08 04:07:27,092 - __main__ - ERROR -   Batch 712: NaN or Inf loss detected! Skipping batch.
2026-05-08 04:07:27,163 - __main__ - ERROR -   Batch 713: NaN or Inf loss detected! Skipping batch.
2026-05-08 04:07:27,235 - __main__ - ERROR -   Batch 714: NaN or Inf loss detected! Skipping batch.
2026-05-08 04:07:27,306 - __main__ - ERROR -   Batch 715: NaN or Inf loss detected! Skipping batch.
2026-05-08 04:07:27,377 - __main__ - ERROR -   Batch 716: NaN or Inf loss detected! Skipping batch.
2026-05-08 04:07:27,449 - __main__ - ERROR -   Batch 717: NaN or Inf loss detected! Skipping batch.
2026-05-08 04:07:27,520 - __main__ - ERROR -   Batch 718: NaN or Inf loss detected! Skipping batch.
2026-05-08 04:07:27,592 - __main__ - ERROR -   Batch 719: NaN or Inf loss detected! Skipping batch.
2026-05-08 04:07:27,664 - __main__ - ERROR -   Batch 720: NaN or Inf loss detected! Skipping batch.
2026-05-08 04:07:27,736 - __main__ - ERROR -   Batch 721: NaN or Inf loss detected! Skipping batch.
2026-05-08 04:07:27,807 - __main__ - ERROR -   Batch 722: NaN or Inf loss detected! Skipping batch.
2026-05-08 04:07:27,878 - __main__ - ERROR -   Batch 723: NaN or Inf loss detected! Skipping batch.
2026-05-08 04:07:27,949 - __main__ - ERROR -   Batch 724: NaN or Inf loss detected! Skipping batch.
2026-05-08 04:07:28,022 - __main__ - ERROR -   Batch 725: NaN or Inf loss detected! Skipping batch.
2026-05-08 04:07:28,092 - __main__ - ERROR -   Batch 726: NaN or Inf loss detected! Skipping batch.
2026-05-08 04:07:28,164 - __main__ - ERROR -   Batch 727: NaN or Inf loss detected! Skipping batch.
2026-05-08 04:07:28,235 - __main__ - ERROR -   Batch 728: NaN or Inf loss detected! Skipping batch.
2026-05-08 04:07:28,307 - __main__ - ERROR -   Batch 729: NaN or Inf loss detected! Skipping batch.
2026-05-08 04:07:28,378 - __main__ - ERROR -   Batch 730: NaN or Inf loss detected! Skipping batch.
2026-05-08 04:07:28,450 - __main__ - ERROR -   Batch 731: NaN or Inf loss detected! Skipping batch.
2026-05-08 04:07:28,521 - __main__ - ERROR -   Batch 732: NaN or Inf loss detected! Skipping batch.
2026-05-08 04:07:28,592 - __main__ - ERROR -   Batch 733: NaN or Inf loss detected! Skipping batch.
2026-05-08 04:07:28,658 - __main__ - ERROR -   Batch 734: NaN or Inf loss detected! Skipping batch.
2026-05-08 04:07:28,729 - __main__ - ERROR -   Batch 735: NaN or Inf loss detected! Skipping batch.
2026-05-08 04:07:28,800 - __main__ - ERROR -   Batch 736: NaN or Inf loss detected! Skipping batch.
2026-05-08 04:07:28,872 - __main__ - ERROR -   Batch 737: NaN or Inf loss detected! Skipping batch.
2026-05-08 04:07:28,943 - __main__ - ERROR -   Batch 738: NaN or Inf loss detected! Skipping batch.
2026-05-08 04:07:29,015 - __main__ - ERROR -   Batch 739: NaN or Inf loss detected! Skipping batch.
2026-05-08 04:07:29,085 - __main__ - ERROR -   Batch 740: NaN or Inf loss detected! Skipping batch.
2026-05-08 04:07:29,156 - __main__ - ERROR -   Batch 741: NaN or Inf loss detected! Skipping batch.
2026-05-08 04:07:29,227 - __main__ - ERROR -   Batch 742: NaN or Inf loss detected! Skipping batch.
2026-05-08 04:07:29,298 - __main__ - ERROR -   Batch 743: NaN or Inf loss detected! Skipping batch.
2026-05-08 04:07:29,363 - __main__ - ERROR -   Batch 744: NaN or Inf loss detected! Skipping batch.
2026-05-08 04:07:29,434 - __main__ - ERROR -   Batch 745: NaN or Inf loss detected! Skipping batch.
2026-05-08 04:07:29,499 - __main__ - ERROR -   Batch 746: NaN or Inf loss detected! Skipping batch.
2026-05-08 04:07:29,570 - __main__ - ERROR -   Batch 747: NaN or Inf loss detected! Skipping batch.
2026-05-08 04:07:29,641 - __main__ - ERROR -   Batch 748: NaN or Inf loss detected! Skipping batch.
2026-05-08 04:07:29,712 - __main__ - ERROR -   Batch 749: NaN or Inf loss detected! Skipping batch.
2026-05-08 04:07:29,783 - __main__ - ERROR -   Batch 750: NaN or Inf loss detected! Skipping batch.
2026-05-08 04:07:29,854 - __main__ - ERROR -   Batch 751: NaN or Inf loss detected! Skipping batch.
2026-05-08 04:07:29,925 - __main__ - ERROR -   Batch 752: NaN or Inf loss detected! Skipping batch.
2026-05-08 04:07:29,989 - __main__ - ERROR -   Batch 753: NaN or Inf loss detected! Skipping batch.
2026-05-08 04:07:30,061 - __main__ - ERROR -   Batch 754: NaN or Inf loss detected! Skipping batch.
2026-05-08 04:07:30,132 - __main__ - ERROR -   Batch 755: NaN or Inf loss detected! Skipping batch.
2026-05-08 04:07:30,203 - __main__ - ERROR -   Batch 756: NaN or Inf loss detected! Skipping batch.
2026-05-08 04:07:30,275 - __main__ - ERROR -   Batch 757: NaN or Inf loss detected! Skipping batch.
2026-05-08 04:07:30,345 - __main__ - ERROR -   Batch 758: NaN or Inf loss detected! Skipping batch.
2026-05-08 04:07:30,414 - __main__ - ERROR -   Batch 759: NaN or Inf loss detected! Skipping batch.
2026-05-08 04:07:30,484 - __main__ - ERROR -   Batch 760: NaN or Inf loss detected! Skipping batch.
2026-05-08 04:07:30,548 - __main__ - ERROR -   Batch 761: NaN or Inf loss detected! Skipping batch.
2026-05-08 04:07:30,619 - __main__ - ERROR -   Batch 762: NaN or Inf loss detected! Skipping batch.
2026-05-08 04:07:30,690 - __main__ - ERROR -   Batch 763: NaN or Inf loss detected! Skipping batch.
2026-05-08 04:07:30,761 - __main__ - ERROR -   Batch 764: NaN or Inf loss detected! Skipping batch.
2026-05-08 04:07:30,833 - __main__ - ERROR -   Batch 765: NaN or Inf loss detected! Skipping batch.
2026-05-08 04:07:30,898 - __main__ - ERROR -   Batch 766: NaN or Inf loss detected! Skipping batch.
2026-05-08 04:07:30,970 - __main__ - ERROR -   Batch 767: NaN or Inf loss detected! Skipping batch.
2026-05-08 04:07:31,041 - __main__ - ERROR -   Batch 768: NaN or Inf loss detected! Skipping batch.
2026-05-08 04:07:31,112 - __main__ - ERROR -   Batch 769: NaN or Inf loss detected! Skipping batch.
2026-05-08 04:07:31,183 - __main__ - ERROR -   Batch 770: NaN or Inf loss detected! Skipping batch.
2026-05-08 04:07:31,255 - __main__ - ERROR -   Batch 771: NaN or Inf loss detected! Skipping batch.
2026-05-08 04:07:31,325 - __main__ - ERROR -   Batch 772: NaN or Inf loss detected! Skipping batch.
2026-05-08 04:07:31,394 - __main__ - ERROR -   Batch 773: NaN or Inf loss detected! Skipping batch.
2026-05-08 04:07:31,464 - __main__ - ERROR -   Batch 774: NaN or Inf loss detected! Skipping batch.
2026-05-08 04:07:31,534 - __main__ - ERROR -   Batch 775: NaN or Inf loss detected! Skipping batch.
2026-05-08 04:07:31,604 - __main__ - ERROR -   Batch 776: NaN or Inf loss detected! Skipping batch.
2026-05-08 04:07:31,674 - __main__ - ERROR -   Batch 777: NaN or Inf loss detected! Skipping batch.
2026-05-08 04:07:31,744 - __main__ - ERROR -   Batch 778: NaN or Inf loss detected! Skipping batch.
2026-05-08 04:07:31,814 - __main__ - ERROR -   Batch 779: NaN or Inf loss detected! Skipping batch.
2026-05-08 04:07:31,884 - __main__ - ERROR -   Batch 780: NaN or Inf loss detected! Skipping batch.
2026-05-08 04:07:31,953 - __main__ - ERROR -   Batch 781: NaN or Inf loss detected! Skipping batch.
2026-05-08 04:07:32,023 - __main__ - ERROR -   Batch 782: NaN or Inf loss detected! Skipping batch.
2026-05-08 04:07:32,093 - __main__ - ERROR -   Batch 783: NaN or Inf loss detected! Skipping batch.
2026-05-08 04:07:32,157 - __main__ - ERROR -   Batch 784: NaN or Inf loss detected! Skipping batch.
2026-05-08 04:07:32,228 - __main__ - ERROR -   Batch 785: NaN or Inf loss detected! Skipping batch.
2026-05-08 04:07:32,293 - __main__ - ERROR -   Batch 786: NaN or Inf loss detected! Skipping batch.
2026-05-08 04:07:32,363 - __main__ - ERROR -   Batch 787: NaN or Inf loss detected! Skipping batch.
2026-05-08 04:07:32,434 - __main__ - ERROR -   Batch 788: NaN or Inf loss detected! Skipping batch.
2026-05-08 04:07:32,789 - __main__ - ERROR -   Batch 789: NaN or Inf loss detected! Skipping batch.
2026-05-08 04:07:32,862 - __main__ - ERROR -   Batch 790: NaN or Inf loss detected! Skipping batch.
2026-05-08 04:07:32,934 - __main__ - ERROR -   Batch 791: NaN or Inf loss detected! Skipping batch.
2026-05-08 04:07:33,005 - __main__ - ERROR -   Batch 792: NaN or Inf loss detected! Skipping batch.
2026-05-08 04:07:33,070 - __main__ - ERROR -   Batch 793: NaN or Inf loss detected! Skipping batch.
2026-05-08 04:07:33,141 - __main__ - ERROR -   Batch 794: NaN or Inf loss detected! Skipping batch.
2026-05-08 04:07:33,206 - __main__ - ERROR -   Batch 795: NaN or Inf loss detected! Skipping batch.
2026-05-08 04:07:33,272 - __main__ - ERROR -   Batch 796: NaN or Inf loss detected! Skipping batch.
2026-05-08 04:07:33,337 - __main__ - ERROR -   Batch 797: NaN or Inf loss detected! Skipping batch.
2026-05-08 04:07:33,408 - __main__ - ERROR -   Batch 798: NaN or Inf loss detected! Skipping batch.
2026-05-08 04:07:33,478 - __main__ - ERROR -   Batch 799: NaN or Inf loss detected! Skipping batch.
2026-05-08 04:07:33,549 - __main__ - ERROR -   Batch 800: NaN or Inf loss detected! Skipping batch.
2026-05-08 04:07:33,620 - __main__ - ERROR -   Batch 801: NaN or Inf loss detected! Skipping batch.
2026-05-08 04:07:33,685 - __main__ - ERROR -   Batch 802: NaN or Inf loss detected! Skipping batch.
2026-05-08 04:07:33,757 - __main__ - ERROR -   Batch 803: NaN or Inf loss detected! Skipping batch.
2026-05-08 04:07:33,828 - __main__ - ERROR -   Batch 804: NaN or Inf loss detected! Skipping batch.
2026-05-08 04:07:33,899 - __main__ - ERROR -   Batch 805: NaN or Inf loss detected! Skipping batch.
2026-05-08 04:07:33,970 - __main__ - ERROR -   Batch 806: NaN or Inf loss detected! Skipping batch.
2026-05-08 04:07:34,044 - __main__ - ERROR -   Batch 807: NaN or Inf loss detected! Skipping batch.
2026-05-08 04:07:34,116 - __main__ - ERROR -   Batch 808: NaN or Inf loss detected! Skipping batch.
2026-05-08 04:07:34,188 - __main__ - ERROR -   Batch 809: NaN or Inf loss detected! Skipping batch.
2026-05-08 04:07:34,259 - __main__ - ERROR -   Batch 810: NaN or Inf loss detected! Skipping batch.
2026-05-08 04:07:34,331 - __main__ - ERROR -   Batch 811: NaN or Inf loss detected! Skipping batch.
2026-05-08 04:07:34,402 - __main__ - ERROR -   Batch 812: NaN or Inf loss detected! Skipping batch.
2026-05-08 04:07:34,474 - __main__ - ERROR -   Batch 813: NaN or Inf loss detected! Skipping batch.
2026-05-08 04:07:34,545 - __main__ - ERROR -   Batch 814: NaN or Inf loss detected! Skipping batch.
2026-05-08 04:07:34,617 - __main__ - ERROR -   Batch 815: NaN or Inf loss detected! Skipping batch.
2026-05-08 04:07:34,688 - __main__ - ERROR -   Batch 816: NaN or Inf loss detected! Skipping batch.
2026-05-08 04:07:34,760 - __main__ - ERROR -   Batch 817: NaN or Inf loss detected! Skipping batch.
2026-05-08 04:07:34,831 - __main__ - ERROR -   Batch 818: NaN or Inf loss detected! Skipping batch.
2026-05-08 04:07:34,903 - __main__ - ERROR -   Batch 819: NaN or Inf loss detected! Skipping batch.
2026-05-08 04:07:34,974 - __main__ - ERROR -   Batch 820: NaN or Inf loss detected! Skipping batch.
2026-05-08 04:07:35,046 - __main__ - ERROR -   Batch 821: NaN or Inf loss detected! Skipping batch.
2026-05-08 04:07:35,117 - __main__ - ERROR -   Batch 822: NaN or Inf loss detected! Skipping batch.
2026-05-08 04:07:35,189 - __main__ - ERROR -   Batch 823: NaN or Inf loss detected! Skipping batch.
2026-05-08 04:07:35,260 - __main__ - ERROR -   Batch 824: NaN or Inf loss detected! Skipping batch.
2026-05-08 04:07:35,332 - __main__ - ERROR -   Batch 825: NaN or Inf loss detected! Skipping batch.
2026-05-08 04:07:35,403 - __main__ - ERROR -   Batch 826: NaN or Inf loss detected! Skipping batch.
2026-05-08 04:07:35,475 - __main__ - ERROR -   Batch 827: NaN or Inf loss detected! Skipping batch.
2026-05-08 04:07:35,547 - __main__ - ERROR -   Batch 828: NaN or Inf loss detected! Skipping batch.
2026-05-08 04:07:35,619 - __main__ - ERROR -   Batch 829: NaN or Inf loss detected! Skipping batch.
2026-05-08 04:07:35,691 - __main__ - ERROR -   Batch 830: NaN or Inf loss detected! Skipping batch.
2026-05-08 04:07:35,756 - __main__ - ERROR -   Batch 831: NaN or Inf loss detected! Skipping batch.
2026-05-08 04:07:35,828 - __main__ - ERROR -   Batch 832: NaN or Inf loss detected! Skipping batch.
2026-05-08 04:07:35,899 - __main__ - ERROR -   Batch 833: NaN or Inf loss detected! Skipping batch.
2026-05-08 04:07:35,971 - __main__ - ERROR -   Batch 834: NaN or Inf loss detected! Skipping batch.
2026-05-08 04:07:36,042 - __main__ - ERROR -   Batch 835: NaN or Inf loss detected! Skipping batch.
2026-05-08 04:07:36,114 - __main__ - ERROR -   Batch 836: NaN or Inf loss detected! Skipping batch.
2026-05-08 04:07:36,185 - __main__ - ERROR -   Batch 837: NaN or Inf loss detected! Skipping batch.
2026-05-08 04:07:36,256 - __main__ - ERROR -   Batch 838: NaN or Inf loss detected! Skipping batch.
2026-05-08 04:07:36,328 - __main__ - ERROR -   Batch 839: NaN or Inf loss detected! Skipping batch.
2026-05-08 04:07:36,400 - __main__ - ERROR -   Batch 840: NaN or Inf loss detected! Skipping batch.
2026-05-08 04:07:36,472 - __main__ - ERROR -   Batch 841: NaN or Inf loss detected! Skipping batch.
2026-05-08 04:07:36,543 - __main__ - ERROR -   Batch 842: NaN or Inf loss detected! Skipping batch.
2026-05-08 04:07:36,615 - __main__ - ERROR -   Batch 843: NaN or Inf loss detected! Skipping batch.
2026-05-08 04:07:36,686 - __main__ - ERROR -   Batch 844: NaN or Inf loss detected! Skipping batch.
2026-05-08 04:07:36,751 - __main__ - ERROR -   Batch 845: NaN or Inf loss detected! Skipping batch.
2026-05-08 04:07:36,822 - __main__ - ERROR -   Batch 846: NaN or Inf loss detected! Skipping batch.
2026-05-08 04:07:36,893 - __main__ - ERROR -   Batch 847: NaN or Inf loss detected! Skipping batch.
2026-05-08 04:07:36,964 - __main__ - ERROR -   Batch 848: NaN or Inf loss detected! Skipping batch.
2026-05-08 04:07:37,036 - __main__ - ERROR -   Batch 849: NaN or Inf loss detected! Skipping batch.
2026-05-08 04:07:37,108 - __main__ - ERROR -   Batch 850: NaN or Inf loss detected! Skipping batch.
2026-05-08 04:07:37,180 - __main__ - ERROR -   Batch 851: NaN or Inf loss detected! Skipping batch.
2026-05-08 04:07:37,252 - __main__ - ERROR -   Batch 852: NaN or Inf loss detected! Skipping batch.
2026-05-08 04:07:37,324 - __main__ - ERROR -   Batch 853: NaN or Inf loss detected! Skipping batch.
2026-05-08 04:07:37,396 - __main__ - ERROR -   Batch 854: NaN or Inf loss detected! Skipping batch.
2026-05-08 04:07:37,455 - __main__ - ERROR -   Batch 855: NaN or Inf loss detected! Skipping batch.
2026-05-08 04:07:37,526 - __main__ - ERROR -   Batch 856: NaN or Inf loss detected! Skipping batch.
2026-05-08 04:07:37,597 - __main__ - ERROR -   Batch 857: NaN or Inf loss detected! Skipping batch.
2026-05-08 04:07:37,667 - __main__ - ERROR -   Batch 858: NaN or Inf loss detected! Skipping batch.
2026-05-08 04:07:37,738 - __main__ - ERROR -   Batch 859: NaN or Inf loss detected! Skipping batch.
2026-05-08 04:07:37,809 - __main__ - ERROR -   Batch 860: NaN or Inf loss detected! Skipping batch.
2026-05-08 04:07:37,880 - __main__ - ERROR -   Batch 861: NaN or Inf loss detected! Skipping batch.
2026-05-08 04:07:37,952 - __main__ - ERROR -   Batch 862: NaN or Inf loss detected! Skipping batch.
2026-05-08 04:07:38,024 - __main__ - ERROR -   Batch 863: NaN or Inf loss detected! Skipping batch.
2026-05-08 04:07:38,096 - __main__ - ERROR -   Batch 864: NaN or Inf loss detected! Skipping batch.
2026-05-08 04:07:38,166 - __main__ - ERROR -   Batch 865: NaN or Inf loss detected! Skipping batch.
2026-05-08 04:07:38,238 - __main__ - ERROR -   Batch 866: NaN or Inf loss detected! Skipping batch.
2026-05-08 04:07:38,310 - __main__ - ERROR -   Batch 867: NaN or Inf loss detected! Skipping batch.
2026-05-08 04:07:38,381 - __main__ - ERROR -   Batch 868: NaN or Inf loss detected! Skipping batch.
2026-05-08 04:07:38,453 - __main__ - ERROR -   Batch 869: NaN or Inf loss detected! Skipping batch.
2026-05-08 04:07:38,525 - __main__ - ERROR -   Batch 870: NaN or Inf loss detected! Skipping batch.
2026-05-08 04:07:38,597 - __main__ - ERROR -   Batch 871: NaN or Inf loss detected! Skipping batch.
2026-05-08 04:07:38,668 - __main__ - ERROR -   Batch 872: NaN or Inf loss detected! Skipping batch.
2026-05-08 04:07:38,741 - __main__ - ERROR -   Batch 873: NaN or Inf loss detected! Skipping batch.
2026-05-08 04:07:38,813 - __main__ - ERROR -   Batch 874: NaN or Inf loss detected! Skipping batch.
2026-05-08 04:07:38,885 - __main__ - ERROR -   Batch 875: NaN or Inf loss detected! Skipping batch.
2026-05-08 04:07:38,958 - __main__ - ERROR -   Batch 876: NaN or Inf loss detected! Skipping batch.
2026-05-08 04:07:39,031 - __main__ - ERROR -   Batch 877: NaN or Inf loss detected! Skipping batch.
2026-05-08 04:07:39,096 - __main__ - ERROR -   Batch 878: NaN or Inf loss detected! Skipping batch.
2026-05-08 04:07:39,167 - __main__ - ERROR -   Batch 879: NaN or Inf loss detected! Skipping batch.
2026-05-08 04:07:39,237 - __main__ - ERROR -   Batch 880: NaN or Inf loss detected! Skipping batch.
2026-05-08 04:07:39,309 - __main__ - ERROR -   Batch 881: NaN or Inf loss detected! Skipping batch.
2026-05-08 04:07:39,379 - __main__ - ERROR -   Batch 882: NaN or Inf loss detected! Skipping batch.
2026-05-08 04:07:39,451 - __main__ - ERROR -   Batch 883: NaN or Inf loss detected! Skipping batch.
2026-05-08 04:07:39,523 - __main__ - ERROR -   Batch 884: NaN or Inf loss detected! Skipping batch.
2026-05-08 04:07:39,595 - __main__ - ERROR -   Batch 885: NaN or Inf loss detected! Skipping batch.
2026-05-08 04:07:39,661 - __main__ - ERROR -   Batch 886: NaN or Inf loss detected! Skipping batch.
2026-05-08 04:07:39,732 - __main__ - ERROR -   Batch 887: NaN or Inf loss detected! Skipping batch.
2026-05-08 04:07:39,803 - __main__ - ERROR -   Batch 888: NaN or Inf loss detected! Skipping batch.
2026-05-08 04:07:39,874 - __main__ - ERROR -   Batch 889: NaN or Inf loss detected! Skipping batch.
2026-05-08 04:07:39,946 - __main__ - ERROR -   Batch 890: NaN or Inf loss detected! Skipping batch.
2026-05-08 04:07:40,010 - __main__ - ERROR -   Batch 891: NaN or Inf loss detected! Skipping batch.
2026-05-08 04:07:40,082 - __main__ - ERROR -   Batch 892: NaN or Inf loss detected! Skipping batch.
2026-05-08 04:07:40,468 - __main__ - ERROR -   Batch 893: NaN or Inf loss detected! Skipping batch.
2026-05-08 04:07:40,539 - __main__ - ERROR -   Batch 894: NaN or Inf loss detected! Skipping batch.
2026-05-08 04:07:40,610 - __main__ - ERROR -   Batch 895: NaN or Inf loss detected! Skipping batch.
2026-05-08 04:07:40,682 - __main__ - ERROR -   Batch 896: NaN or Inf loss detected! Skipping batch.
2026-05-08 04:07:40,754 - __main__ - ERROR -   Batch 897: NaN or Inf loss detected! Skipping batch.
2026-05-08 04:07:40,819 - __main__ - ERROR -   Batch 898: NaN or Inf loss detected! Skipping batch.
2026-05-08 04:07:40,891 - __main__ - ERROR -   Batch 899: NaN or Inf loss detected! Skipping batch.
2026-05-08 04:07:40,962 - __main__ - ERROR -   Batch 900: NaN or Inf loss detected! Skipping batch.
2026-05-08 04:07:41,027 - __main__ - ERROR -   Batch 901: NaN or Inf loss detected! Skipping batch.
2026-05-08 04:07:41,098 - __main__ - ERROR -   Batch 902: NaN or Inf loss detected! Skipping batch.
2026-05-08 04:07:41,169 - __main__ - ERROR -   Batch 903: NaN or Inf loss detected! Skipping batch.
2026-05-08 04:07:41,240 - __main__ - ERROR -   Batch 904: NaN or Inf loss detected! Skipping batch.
2026-05-08 04:07:41,311 - __main__ - ERROR -   Batch 905: NaN or Inf loss detected! Skipping batch.
2026-05-08 04:07:41,382 - __main__ - ERROR -   Batch 906: NaN or Inf loss detected! Skipping batch.
2026-05-08 04:07:41,452 - __main__ - ERROR -   Batch 907: NaN or Inf loss detected! Skipping batch.
2026-05-08 04:07:41,524 - __main__ - ERROR -   Batch 908: NaN or Inf loss detected! Skipping batch.
2026-05-08 04:07:41,596 - __main__ - ERROR -   Batch 909: NaN or Inf loss detected! Skipping batch.
2026-05-08 04:07:41,666 - __main__ - ERROR -   Batch 910: NaN or Inf loss detected! Skipping batch.
2026-05-08 04:07:41,737 - __main__ - ERROR -   Batch 911: NaN or Inf loss detected! Skipping batch.
2026-05-08 04:07:41,808 - __main__ - ERROR -   Batch 912: NaN or Inf loss detected! Skipping batch.
2026-05-08 04:07:41,874 - __main__ - ERROR -   Batch 913: NaN or Inf loss detected! Skipping batch.
2026-05-08 04:07:41,945 - __main__ - ERROR -   Batch 914: NaN or Inf loss detected! Skipping batch.
2026-05-08 04:07:42,016 - __main__ - ERROR -   Batch 915: NaN or Inf loss detected! Skipping batch.
2026-05-08 04:07:42,087 - __main__ - ERROR -   Batch 916: NaN or Inf loss detected! Skipping batch.
2026-05-08 04:07:42,159 - __main__ - ERROR -   Batch 917: NaN or Inf loss detected! Skipping batch.
2026-05-08 04:07:42,231 - __main__ - ERROR -   Batch 918: NaN or Inf loss detected! Skipping batch.
2026-05-08 04:07:42,302 - __main__ - ERROR -   Batch 919: NaN or Inf loss detected! Skipping batch.
2026-05-08 04:07:42,373 - __main__ - ERROR -   Batch 920: NaN or Inf loss detected! Skipping batch.
2026-05-08 04:07:42,444 - __main__ - ERROR -   Batch 921: NaN or Inf loss detected! Skipping batch.
2026-05-08 04:07:42,516 - __main__ - ERROR -   Batch 922: NaN or Inf loss detected! Skipping batch.
2026-05-08 04:07:42,587 - __main__ - ERROR -   Batch 923: NaN or Inf loss detected! Skipping batch.
2026-05-08 04:07:42,659 - __main__ - ERROR -   Batch 924: NaN or Inf loss detected! Skipping batch.
2026-05-08 04:07:42,730 - __main__ - ERROR -   Batch 925: NaN or Inf loss detected! Skipping batch.
2026-05-08 04:07:42,801 - __main__ - ERROR -   Batch 926: NaN or Inf loss detected! Skipping batch.
2026-05-08 04:07:42,872 - __main__ - ERROR -   Batch 927: NaN or Inf loss detected! Skipping batch.
2026-05-08 04:07:42,944 - __main__ - ERROR -   Batch 928: NaN or Inf loss detected! Skipping batch.
2026-05-08 04:07:43,016 - __main__ - ERROR -   Batch 929: NaN or Inf loss detected! Skipping batch.
2026-05-08 04:07:43,088 - __main__ - ERROR -   Batch 930: NaN or Inf loss detected! Skipping batch.
2026-05-08 04:07:43,159 - __main__ - ERROR -   Batch 931: NaN or Inf loss detected! Skipping batch.
2026-05-08 04:07:43,232 - __main__ - ERROR -   Batch 932: NaN or Inf loss detected! Skipping batch.
2026-05-08 04:07:43,304 - __main__ - ERROR -   Batch 933: NaN or Inf loss detected! Skipping batch.
2026-05-08 04:07:43,375 - __main__ - ERROR -   Batch 934: NaN or Inf loss detected! Skipping batch.
2026-05-08 04:07:43,447 - __main__ - ERROR -   Batch 935: NaN or Inf loss detected! Skipping batch.
2026-05-08 04:07:43,519 - __main__ - ERROR -   Batch 936: NaN or Inf loss detected! Skipping batch.
2026-05-08 04:07:43,590 - __main__ - ERROR -   Batch 937: NaN or Inf loss detected! Skipping batch.
2026-05-08 04:07:43,661 - __main__ - ERROR -   Batch 938: NaN or Inf loss detected! Skipping batch.
2026-05-08 04:07:43,733 - __main__ - ERROR -   Batch 939: NaN or Inf loss detected! Skipping batch.
2026-05-08 04:07:43,805 - __main__ - ERROR -   Batch 940: NaN or Inf loss detected! Skipping batch.
2026-05-08 04:07:43,870 - __main__ - ERROR -   Batch 941: NaN or Inf loss detected! Skipping batch.
2026-05-08 04:07:43,941 - __main__ - ERROR -   Batch 942: NaN or Inf loss detected! Skipping batch.
2026-05-08 04:07:44,012 - __main__ - ERROR -   Batch 943: NaN or Inf loss detected! Skipping batch.
2026-05-08 04:07:44,083 - __main__ - ERROR -   Batch 944: NaN or Inf loss detected! Skipping batch.
2026-05-08 04:07:44,148 - __main__ - ERROR -   Batch 945: NaN or Inf loss detected! Skipping batch.
2026-05-08 04:07:44,219 - __main__ - ERROR -   Batch 946: NaN or Inf loss detected! Skipping batch.
2026-05-08 04:07:44,290 - __main__ - ERROR -   Batch 947: NaN or Inf loss detected! Skipping batch.
2026-05-08 04:07:44,355 - __main__ - ERROR -   Batch 948: NaN or Inf loss detected! Skipping batch.
2026-05-08 04:07:44,426 - __main__ - ERROR -   Batch 949: NaN or Inf loss detected! Skipping batch.
2026-05-08 04:07:44,497 - __main__ - ERROR -   Batch 950: NaN or Inf loss detected! Skipping batch.
2026-05-08 04:07:44,568 - __main__ - ERROR -   Batch 951: NaN or Inf loss detected! Skipping batch.
2026-05-08 04:07:44,639 - __main__ - ERROR -   Batch 952: NaN or Inf loss detected! Skipping batch.
2026-05-08 04:07:44,712 - __main__ - ERROR -   Batch 953: NaN or Inf loss detected! Skipping batch.
2026-05-08 04:07:44,784 - __main__ - ERROR -   Batch 954: NaN or Inf loss detected! Skipping batch.
2026-05-08 04:07:44,856 - __main__ - ERROR -   Batch 955: NaN or Inf loss detected! Skipping batch.
2026-05-08 04:07:44,928 - __main__ - ERROR -   Batch 956: NaN or Inf loss detected! Skipping batch.
2026-05-08 04:07:44,999 - __main__ - ERROR -   Batch 957: NaN or Inf loss detected! Skipping batch.
2026-05-08 04:07:45,069 - __main__ - ERROR -   Batch 958: NaN or Inf loss detected! Skipping batch.
2026-05-08 04:07:45,141 - __main__ - ERROR -   Batch 959: NaN or Inf loss detected! Skipping batch.
2026-05-08 04:07:45,205 - __main__ - ERROR -   Batch 960: NaN or Inf loss detected! Skipping batch.
2026-05-08 04:07:45,271 - __main__ - ERROR -   Batch 961: NaN or Inf loss detected! Skipping batch.
2026-05-08 04:07:45,341 - __main__ - ERROR -   Batch 962: NaN or Inf loss detected! Skipping batch.
2026-05-08 04:07:45,412 - __main__ - ERROR -   Batch 963: NaN or Inf loss detected! Skipping batch.
2026-05-08 04:07:45,477 - __main__ - ERROR -   Batch 964: NaN or Inf loss detected! Skipping batch.
2026-05-08 04:07:45,548 - __main__ - ERROR -   Batch 965: NaN or Inf loss detected! Skipping batch.
2026-05-08 04:07:45,619 - __main__ - ERROR -   Batch 966: NaN or Inf loss detected! Skipping batch.
2026-05-08 04:07:45,690 - __main__ - ERROR -   Batch 967: NaN or Inf loss detected! Skipping batch.
2026-05-08 04:07:45,761 - __main__ - ERROR -   Batch 968: NaN or Inf loss detected! Skipping batch.
2026-05-08 04:07:45,832 - __main__ - ERROR -   Batch 969: NaN or Inf loss detected! Skipping batch.
2026-05-08 04:07:45,897 - __main__ - ERROR -   Batch 970: NaN or Inf loss detected! Skipping batch.
2026-05-08 04:07:45,969 - __main__ - ERROR -   Batch 971: NaN or Inf loss detected! Skipping batch.
2026-05-08 04:07:46,039 - __main__ - ERROR -   Batch 972: NaN or Inf loss detected! Skipping batch.
2026-05-08 04:07:46,111 - __main__ - ERROR -   Batch 973: NaN or Inf loss detected! Skipping batch.
2026-05-08 04:07:46,183 - __main__ - ERROR -   Batch 974: NaN or Inf loss detected! Skipping batch.
2026-05-08 04:07:46,248 - __main__ - ERROR -   Batch 975: NaN or Inf loss detected! Skipping batch.
2026-05-08 04:07:46,319 - __main__ - ERROR -   Batch 976: NaN or Inf loss detected! Skipping batch.
2026-05-08 04:07:46,390 - __main__ - ERROR -   Batch 977: NaN or Inf loss detected! Skipping batch.
2026-05-08 04:07:46,461 - __main__ - ERROR -   Batch 978: NaN or Inf loss detected! Skipping batch.
2026-05-08 04:07:46,527 - __main__ - ERROR -   Batch 979: NaN or Inf loss detected! Skipping batch.
2026-05-08 04:07:46,598 - __main__ - ERROR -   Batch 980: NaN or Inf loss detected! Skipping batch.
2026-05-08 04:07:46,668 - __main__ - ERROR -   Batch 981: NaN or Inf loss detected! Skipping batch.
2026-05-08 04:07:46,739 - __main__ - ERROR -   Batch 982: NaN or Inf loss detected! Skipping batch.
2026-05-08 04:07:46,811 - __main__ - ERROR -   Batch 983: NaN or Inf loss detected! Skipping batch.
2026-05-08 04:07:46,882 - __main__ - ERROR -   Batch 984: NaN or Inf loss detected! Skipping batch.
2026-05-08 04:07:46,946 - __main__ - ERROR -   Batch 985: NaN or Inf loss detected! Skipping batch.
2026-05-08 04:07:47,018 - __main__ - ERROR -   Batch 986: NaN or Inf loss detected! Skipping batch.
2026-05-08 04:07:47,089 - __main__ - ERROR -   Batch 987: NaN or Inf loss detected! Skipping batch.
2026-05-08 04:07:47,161 - __main__ - ERROR -   Batch 988: NaN or Inf loss detected! Skipping batch.
2026-05-08 04:07:47,233 - __main__ - ERROR -   Batch 989: NaN or Inf loss detected! Skipping batch.
2026-05-08 04:07:47,304 - __main__ - ERROR -   Batch 990: NaN or Inf loss detected! Skipping batch.
2026-05-08 04:07:47,375 - __main__ - ERROR -   Batch 991: NaN or Inf loss detected! Skipping batch.
2026-05-08 04:07:47,447 - __main__ - ERROR -   Batch 992: NaN or Inf loss detected! Skipping batch.
2026-05-08 04:07:47,518 - __main__ - ERROR -   Batch 993: NaN or Inf loss detected! Skipping batch.
2026-05-08 04:07:47,582 - __main__ - ERROR -   Batch 994: NaN or Inf loss detected! Skipping batch.
2026-05-08 04:07:47,647 - __main__ - ERROR -   Batch 995: NaN or Inf loss detected! Skipping batch.
2026-05-08 04:07:47,718 - __main__ - ERROR -   Batch 996: NaN or Inf loss detected! Skipping batch.
2026-05-08 04:07:47,789 - __main__ - ERROR -   Batch 997: NaN or Inf loss detected! Skipping batch.
2026-05-08 04:07:48,184 - __main__ - ERROR -   Batch 998: NaN or Inf loss detected! Skipping batch.
2026-05-08 04:07:48,254 - __main__ - ERROR -   Batch 999: NaN or Inf loss detected! Skipping batch.
2026-05-08 04:07:48,324 - __main__ - ERROR -   Batch 1000: NaN or Inf loss detected! Skipping batch.
2026-05-08 04:07:48,394 - __main__ - ERROR -   Batch 1001: NaN or Inf loss detected! Skipping batch.
2026-05-08 04:07:48,464 - __main__ - ERROR -   Batch 1002: NaN or Inf loss detected! Skipping batch.
2026-05-08 04:07:48,534 - __main__ - ERROR -   Batch 1003: NaN or Inf loss detected! Skipping batch.
2026-05-08 04:07:48,604 - __main__ - ERROR -   Batch 1004: NaN or Inf loss detected! Skipping batch.
2026-05-08 04:07:48,674 - __main__ - ERROR -   Batch 1005: NaN or Inf loss detected! Skipping batch.
2026-05-08 04:07:48,743 - __main__ - ERROR -   Batch 1006: NaN or Inf loss detected! Skipping batch.
2026-05-08 04:07:48,813 - __main__ - ERROR -   Batch 1007: NaN or Inf loss detected! Skipping batch.
2026-05-08 04:07:48,883 - __main__ - ERROR -   Batch 1008: NaN or Inf loss detected! Skipping batch.
2026-05-08 04:07:48,947 - __main__ - ERROR -   Batch 1009: NaN or Inf loss detected! Skipping batch.
2026-05-08 04:07:49,018 - __main__ - ERROR -   Batch 1010: NaN or Inf loss detected! Skipping batch.
2026-05-08 04:07:49,089 - __main__ - ERROR -   Batch 1011: NaN or Inf loss detected! Skipping batch.
2026-05-08 04:07:49,160 - __main__ - ERROR -   Batch 1012: NaN or Inf loss detected! Skipping batch.
2026-05-08 04:07:49,232 - __main__ - ERROR -   Batch 1013: NaN or Inf loss detected! Skipping batch.
2026-05-08 04:07:49,296 - __main__ - ERROR -   Batch 1014: NaN or Inf loss detected! Skipping batch.
2026-05-08 04:07:49,367 - __main__ - ERROR -   Batch 1015: NaN or Inf loss detected! Skipping batch.
2026-05-08 04:07:49,438 - __main__ - ERROR -   Batch 1016: NaN or Inf loss detected! Skipping batch.
2026-05-08 04:07:49,509 - __main__ - ERROR -   Batch 1017: NaN or Inf loss detected! Skipping batch.
2026-05-08 04:07:49,580 - __main__ - ERROR -   Batch 1018: NaN or Inf loss detected! Skipping batch.
2026-05-08 04:07:49,651 - __main__ - ERROR -   Batch 1019: NaN or Inf loss detected! Skipping batch.
2026-05-08 04:07:49,722 - __main__ - ERROR -   Batch 1020: NaN or Inf loss detected! Skipping batch.
2026-05-08 04:07:49,793 - __main__ - ERROR -   Batch 1021: NaN or Inf loss detected! Skipping batch.
2026-05-08 04:07:49,864 - __main__ - ERROR -   Batch 1022: NaN or Inf loss detected! Skipping batch.
2026-05-08 04:07:49,936 - __main__ - ERROR -   Batch 1023: NaN or Inf loss detected! Skipping batch.
2026-05-08 04:07:50,006 - __main__ - ERROR -   Batch 1024: NaN or Inf loss detected! Skipping batch.
2026-05-08 04:07:50,078 - __main__ - ERROR -   Batch 1025: NaN or Inf loss detected! Skipping batch.
2026-05-08 04:07:50,148 - __main__ - ERROR -   Batch 1026: NaN or Inf loss detected! Skipping batch.
2026-05-08 04:07:50,219 - __main__ - ERROR -   Batch 1027: NaN or Inf loss detected! Skipping batch.
2026-05-08 04:07:50,290 - __main__ - ERROR -   Batch 1028: NaN or Inf loss detected! Skipping batch.
2026-05-08 04:07:50,355 - __main__ - ERROR -   Batch 1029: NaN or Inf loss detected! Skipping batch.
2026-05-08 04:07:50,414 - __main__ - ERROR -   Batch 1030: NaN or Inf loss detected! Skipping batch.
2026-05-08 04:07:50,485 - __main__ - ERROR -   Batch 1031: NaN or Inf loss detected! Skipping batch.
2026-05-08 04:07:50,555 - __main__ - ERROR -   Batch 1032: NaN or Inf loss detected! Skipping batch.
2026-05-08 04:07:50,627 - __main__ - ERROR -   Batch 1033: NaN or Inf loss detected! Skipping batch.
2026-05-08 04:07:50,697 - __main__ - ERROR -   Batch 1034: NaN or Inf loss detected! Skipping batch.
2026-05-08 04:07:50,769 - __main__ - ERROR -   Batch 1035: NaN or Inf loss detected! Skipping batch.
2026-05-08 04:07:50,840 - __main__ - ERROR -   Batch 1036: NaN or Inf loss detected! Skipping batch.
2026-05-08 04:07:50,912 - __main__ - ERROR -   Batch 1037: NaN or Inf loss detected! Skipping batch.
2026-05-08 04:07:50,983 - __main__ - ERROR -   Batch 1038: NaN or Inf loss detected! Skipping batch.
2026-05-08 04:07:51,054 - __main__ - ERROR -   Batch 1039: NaN or Inf loss detected! Skipping batch.
2026-05-08 04:07:51,126 - __main__ - ERROR -   Batch 1040: NaN or Inf loss detected! Skipping batch.
2026-05-08 04:07:51,197 - __main__ - ERROR -   Batch 1041: NaN or Inf loss detected! Skipping batch.
2026-05-08 04:07:51,269 - __main__ - ERROR -   Batch 1042: NaN or Inf loss detected! Skipping batch.
2026-05-08 04:07:51,340 - __main__ - ERROR -   Batch 1043: NaN or Inf loss detected! Skipping batch.
2026-05-08 04:07:51,413 - __main__ - ERROR -   Batch 1044: NaN or Inf loss detected! Skipping batch.
2026-05-08 04:07:51,478 - __main__ - ERROR -   Batch 1045: NaN or Inf loss detected! Skipping batch.
2026-05-08 04:07:51,549 - __main__ - ERROR -   Batch 1046: NaN or Inf loss detected! Skipping batch.
2026-05-08 04:07:51,620 - __main__ - ERROR -   Batch 1047: NaN or Inf loss detected! Skipping batch.
2026-05-08 04:07:51,692 - __main__ - ERROR -   Batch 1048: NaN or Inf loss detected! Skipping batch.
2026-05-08 04:07:51,763 - __main__ - ERROR -   Batch 1049: NaN or Inf loss detected! Skipping batch.
2026-05-08 04:07:51,834 - __main__ - ERROR -   Batch 1050: NaN or Inf loss detected! Skipping batch.
2026-05-08 04:07:51,905 - __main__ - ERROR -   Batch 1051: NaN or Inf loss detected! Skipping batch.
2026-05-08 04:07:51,975 - __main__ - ERROR -   Batch 1052: NaN or Inf loss detected! Skipping batch.
2026-05-08 04:07:52,047 - __main__ - ERROR -   Batch 1053: NaN or Inf loss detected! Skipping batch.
2026-05-08 04:07:52,119 - __main__ - ERROR -   Batch 1054: NaN or Inf loss detected! Skipping batch.
2026-05-08 04:07:52,191 - __main__ - ERROR -   Batch 1055: NaN or Inf loss detected! Skipping batch.
2026-05-08 04:07:52,262 - __main__ - ERROR -   Batch 1056: NaN or Inf loss detected! Skipping batch.
2026-05-08 04:07:52,334 - __main__ - ERROR -   Batch 1057: NaN or Inf loss detected! Skipping batch.
2026-05-08 04:07:52,406 - __main__ - ERROR -   Batch 1058: NaN or Inf loss detected! Skipping batch.
2026-05-08 04:07:52,477 - __main__ - ERROR -   Batch 1059: NaN or Inf loss detected! Skipping batch.
2026-05-08 04:07:52,548 - __main__ - ERROR -   Batch 1060: NaN or Inf loss detected! Skipping batch.
2026-05-08 04:07:52,618 - __main__ - ERROR -   Batch 1061: NaN or Inf loss detected! Skipping batch.
2026-05-08 04:07:52,690 - __main__ - ERROR -   Batch 1062: NaN or Inf loss detected! Skipping batch.
2026-05-08 04:07:52,755 - __main__ - ERROR -   Batch 1063: NaN or Inf loss detected! Skipping batch.
2026-05-08 04:07:52,826 - __main__ - ERROR -   Batch 1064: NaN or Inf loss detected! Skipping batch.
2026-05-08 04:07:52,897 - __main__ - ERROR -   Batch 1065: NaN or Inf loss detected! Skipping batch.
2026-05-08 04:07:52,962 - __main__ - ERROR -   Batch 1066: NaN or Inf loss detected! Skipping batch.
2026-05-08 04:07:53,033 - __main__ - ERROR -   Batch 1067: NaN or Inf loss detected! Skipping batch.
2026-05-08 04:07:53,104 - __main__ - ERROR -   Batch 1068: NaN or Inf loss detected! Skipping batch.
2026-05-08 04:07:53,176 - __main__ - ERROR -   Batch 1069: NaN or Inf loss detected! Skipping batch.
2026-05-08 04:07:53,247 - __main__ - ERROR -   Batch 1070: NaN or Inf loss detected! Skipping batch.
2026-05-08 04:07:53,319 - __main__ - ERROR -   Batch 1071: NaN or Inf loss detected! Skipping batch.
2026-05-08 04:07:53,390 - __main__ - ERROR -   Batch 1072: NaN or Inf loss detected! Skipping batch.
2026-05-08 04:07:53,462 - __main__ - ERROR -   Batch 1073: NaN or Inf loss detected! Skipping batch.
2026-05-08 04:07:53,521 - __main__ - ERROR -   Batch 1074: NaN or Inf loss detected! Skipping batch.
2026-05-08 04:07:53,592 - __main__ - ERROR -   Batch 1075: NaN or Inf loss detected! Skipping batch.
2026-05-08 04:07:53,663 - __main__ - ERROR -   Batch 1076: NaN or Inf loss detected! Skipping batch.
2026-05-08 04:07:53,734 - __main__ - ERROR -   Batch 1077: NaN or Inf loss detected! Skipping batch.
2026-05-08 04:07:53,806 - __main__ - ERROR -   Batch 1078: NaN or Inf loss detected! Skipping batch.
2026-05-08 04:07:53,878 - __main__ - ERROR -   Batch 1079: NaN or Inf loss detected! Skipping batch.
2026-05-08 04:07:53,951 - __main__ - ERROR -   Batch 1080: NaN or Inf loss detected! Skipping batch.
2026-05-08 04:07:54,023 - __main__ - ERROR -   Batch 1081: NaN or Inf loss detected! Skipping batch.
2026-05-08 04:07:54,094 - __main__ - ERROR -   Batch 1082: NaN or Inf loss detected! Skipping batch.
2026-05-08 04:07:54,167 - __main__ - ERROR -   Batch 1083: NaN or Inf loss detected! Skipping batch.
2026-05-08 04:07:54,239 - __main__ - ERROR -   Batch 1084: NaN or Inf loss detected! Skipping batch.
2026-05-08 04:07:54,311 - __main__ - ERROR -   Batch 1085: NaN or Inf loss detected! Skipping batch.
2026-05-08 04:07:54,382 - __main__ - ERROR -   Batch 1086: NaN or Inf loss detected! Skipping batch.
2026-05-08 04:07:54,454 - __main__ - ERROR -   Batch 1087: NaN or Inf loss detected! Skipping batch.
2026-05-08 04:07:54,526 - __main__ - ERROR -   Batch 1088: NaN or Inf loss detected! Skipping batch.
2026-05-08 04:07:54,598 - __main__ - ERROR -   Batch 1089: NaN or Inf loss detected! Skipping batch.
2026-05-08 04:07:54,668 - __main__ - ERROR -   Batch 1090: NaN or Inf loss detected! Skipping batch.
2026-05-08 04:07:54,738 - __main__ - ERROR -   Batch 1091: NaN or Inf loss detected! Skipping batch.
2026-05-08 04:07:54,807 - __main__ - ERROR -   Batch 1092: NaN or Inf loss detected! Skipping batch.
2026-05-08 04:07:54,877 - __main__ - ERROR -   Batch 1093: NaN or Inf loss detected! Skipping batch.
2026-05-08 04:07:54,936 - __main__ - ERROR -   Batch 1094: NaN or Inf loss detected! Skipping batch.
2026-05-08 04:07:55,008 - __main__ - ERROR -   Batch 1095: NaN or Inf loss detected! Skipping batch.
2026-05-08 04:07:55,079 - __main__ - ERROR -   Batch 1096: NaN or Inf loss detected! Skipping batch.
2026-05-08 04:07:55,143 - __main__ - ERROR -   Batch 1097: NaN or Inf loss detected! Skipping batch.
2026-05-08 04:07:55,215 - __main__ - ERROR -   Batch 1098: NaN or Inf loss detected! Skipping batch.
2026-05-08 04:07:55,285 - __main__ - ERROR -   Batch 1099: NaN or Inf loss detected! Skipping batch.
2026-05-08 04:07:55,357 - __main__ - ERROR -   Batch 1100: NaN or Inf loss detected! Skipping batch.
2026-05-08 04:07:55,428 - __main__ - ERROR -   Batch 1101: NaN or Inf loss detected! Skipping batch.
2026-05-08 04:07:55,500 - __main__ - ERROR -   Batch 1102: NaN or Inf loss detected! Skipping batch.
2026-05-08 04:07:55,572 - __main__ - ERROR -   Batch 1103: NaN or Inf loss detected! Skipping batch.
2026-05-08 04:07:55,637 - __main__ - ERROR -   Batch 1104: NaN or Inf loss detected! Skipping batch.
2026-05-08 04:07:55,709 - __main__ - ERROR -   Batch 1105: NaN or Inf loss detected! Skipping batch.
2026-05-08 04:07:55,779 - __main__ - ERROR -   Batch 1106: NaN or Inf loss detected! Skipping batch.
2026-05-08 04:07:55,850 - __main__ - ERROR -   Batch 1107: NaN or Inf loss detected! Skipping batch.
2026-05-08 04:07:55,921 - __main__ - ERROR -   Batch 1108: NaN or Inf loss detected! Skipping batch.
2026-05-08 04:07:55,993 - __main__ - ERROR -   Batch 1109: NaN or Inf loss detected! Skipping batch.
2026-05-08 04:07:56,058 - __main__ - ERROR -   Batch 1110: NaN or Inf loss detected! Skipping batch.
2026-05-08 04:07:56,412 - __main__ - ERROR -   Batch 1111: NaN or Inf loss detected! Skipping batch.
2026-05-08 04:07:56,483 - __main__ - ERROR -   Batch 1112: NaN or Inf loss detected! Skipping batch.
2026-05-08 04:07:56,555 - __main__ - ERROR -   Batch 1113: NaN or Inf loss detected! Skipping batch.
2026-05-08 04:07:56,626 - __main__ - ERROR -   Batch 1114: NaN or Inf loss detected! Skipping batch.
2026-05-08 04:07:56,697 - __main__ - ERROR -   Batch 1115: NaN or Inf loss detected! Skipping batch.
2026-05-08 04:07:56,756 - __main__ - ERROR -   Batch 1116: NaN or Inf loss detected! Skipping batch.
2026-05-08 04:07:56,828 - __main__ - ERROR -   Batch 1117: NaN or Inf loss detected! Skipping batch.
2026-05-08 04:07:56,898 - __main__ - ERROR -   Batch 1118: NaN or Inf loss detected! Skipping batch.
2026-05-08 04:07:56,970 - __main__ - ERROR -   Batch 1119: NaN or Inf loss detected! Skipping batch.
2026-05-08 04:07:57,041 - __main__ - ERROR -   Batch 1120: NaN or Inf loss detected! Skipping batch.
2026-05-08 04:07:57,113 - __main__ - ERROR -   Batch 1121: NaN or Inf loss detected! Skipping batch.
2026-05-08 04:07:57,183 - __main__ - ERROR -   Batch 1122: NaN or Inf loss detected! Skipping batch.
2026-05-08 04:07:57,255 - __main__ - ERROR -   Batch 1123: NaN or Inf loss detected! Skipping batch.
2026-05-08 04:07:57,327 - __main__ - ERROR -   Batch 1124: NaN or Inf loss detected! Skipping batch.
2026-05-08 04:07:57,392 - __main__ - ERROR -   Batch 1125: NaN or Inf loss detected! Skipping batch.
2026-05-08 04:07:57,464 - __main__ - ERROR -   Batch 1126: NaN or Inf loss detected! Skipping batch.
2026-05-08 04:07:57,535 - __main__ - ERROR -   Batch 1127: NaN or Inf loss detected! Skipping batch.
2026-05-08 04:07:57,607 - __main__ - ERROR -   Batch 1128: NaN or Inf loss detected! Skipping batch.
2026-05-08 04:07:57,678 - __main__ - ERROR -   Batch 1129: NaN or Inf loss detected! Skipping batch.
2026-05-08 04:07:57,749 - __main__ - ERROR -   Batch 1130: NaN or Inf loss detected! Skipping batch.
2026-05-08 04:07:57,814 - __main__ - ERROR -   Batch 1131: NaN or Inf loss detected! Skipping batch.
2026-05-08 04:07:57,886 - __main__ - ERROR -   Batch 1132: NaN or Inf loss detected! Skipping batch.
2026-05-08 04:07:57,957 - __main__ - ERROR -   Batch 1133: NaN or Inf loss detected! Skipping batch.
2026-05-08 04:07:58,028 - __main__ - ERROR -   Batch 1134: NaN or Inf loss detected! Skipping batch.
2026-05-08 04:07:58,100 - __main__ - ERROR -   Batch 1135: NaN or Inf loss detected! Skipping batch.
2026-05-08 04:07:58,171 - __main__ - ERROR -   Batch 1136: NaN or Inf loss detected! Skipping batch.
2026-05-08 04:07:58,242 - __main__ - ERROR -   Batch 1137: NaN or Inf loss detected! Skipping batch.
2026-05-08 04:07:58,314 - __main__ - ERROR -   Batch 1138: NaN or Inf loss detected! Skipping batch.
2026-05-08 04:07:58,385 - __main__ - ERROR -   Batch 1139: NaN or Inf loss detected! Skipping batch.
2026-05-08 04:07:58,457 - __main__ - ERROR -   Batch 1140: NaN or Inf loss detected! Skipping batch.
2026-05-08 04:07:58,528 - __main__ - ERROR -   Batch 1141: NaN or Inf loss detected! Skipping batch.
2026-05-08 04:07:58,599 - __main__ - ERROR -   Batch 1142: NaN or Inf loss detected! Skipping batch.
2026-05-08 04:07:58,671 - __main__ - ERROR -   Batch 1143: NaN or Inf loss detected! Skipping batch.
2026-05-08 04:07:58,736 - __main__ - ERROR -   Batch 1144: NaN or Inf loss detected! Skipping batch.
2026-05-08 04:07:58,808 - __main__ - ERROR -   Batch 1145: NaN or Inf loss detected! Skipping batch.
2026-05-08 04:07:58,878 - __main__ - ERROR -   Batch 1146: NaN or Inf loss detected! Skipping batch.
2026-05-08 04:07:58,949 - __main__ - ERROR -   Batch 1147: NaN or Inf loss detected! Skipping batch.
2026-05-08 04:07:59,021 - __main__ - ERROR -   Batch 1148: NaN or Inf loss detected! Skipping batch.
2026-05-08 04:07:59,093 - __main__ - ERROR -   Batch 1149: NaN or Inf loss detected! Skipping batch.
2026-05-08 04:07:59,165 - __main__ - ERROR -   Batch 1150: NaN or Inf loss detected! Skipping batch.
2026-05-08 04:07:59,237 - __main__ - ERROR -   Batch 1151: NaN or Inf loss detected! Skipping batch.
2026-05-08 04:07:59,309 - __main__ - ERROR -   Batch 1152: NaN or Inf loss detected! Skipping batch.
2026-05-08 04:07:59,373 - __main__ - ERROR -   Batch 1153: NaN or Inf loss detected! Skipping batch.
2026-05-08 04:07:59,443 - __main__ - ERROR -   Batch 1154: NaN or Inf loss detected! Skipping batch.
2026-05-08 04:07:59,514 - __main__ - ERROR -   Batch 1155: NaN or Inf loss detected! Skipping batch.
2026-05-08 04:07:59,585 - __main__ - ERROR -   Batch 1156: NaN or Inf loss detected! Skipping batch.
2026-05-08 04:07:59,656 - __main__ - ERROR -   Batch 1157: NaN or Inf loss detected! Skipping batch.
2026-05-08 04:07:59,727 - __main__ - ERROR -   Batch 1158: NaN or Inf loss detected! Skipping batch.
2026-05-08 04:07:59,797 - __main__ - ERROR -   Batch 1159: NaN or Inf loss detected! Skipping batch.
2026-05-08 04:07:59,869 - __main__ - ERROR -   Batch 1160: NaN or Inf loss detected! Skipping batch.
2026-05-08 04:07:59,933 - __main__ - ERROR -   Batch 1161: NaN or Inf loss detected! Skipping batch.
2026-05-08 04:08:00,004 - __main__ - ERROR -   Batch 1162: NaN or Inf loss detected! Skipping batch.
2026-05-08 04:08:00,068 - __main__ - ERROR -   Batch 1163: NaN or Inf loss detected! Skipping batch.
2026-05-08 04:08:00,140 - __main__ - ERROR -   Batch 1164: NaN or Inf loss detected! Skipping batch.
2026-05-08 04:08:00,204 - __main__ - ERROR -   Batch 1165: NaN or Inf loss detected! Skipping batch.
2026-05-08 04:08:00,276 - __main__ - ERROR -   Batch 1166: NaN or Inf loss detected! Skipping batch.
2026-05-08 04:08:00,346 - __main__ - ERROR -   Batch 1167: NaN or Inf loss detected! Skipping batch.
2026-05-08 04:08:00,418 - __main__ - ERROR -   Batch 1168: NaN or Inf loss detected! Skipping batch.
2026-05-08 04:08:00,489 - __main__ - ERROR -   Batch 1169: NaN or Inf loss detected! Skipping batch.
2026-05-08 04:08:00,560 - __main__ - ERROR -   Batch 1170: NaN or Inf loss detected! Skipping batch.
2026-05-08 04:08:00,631 - __main__ - ERROR -   Batch 1171: NaN or Inf loss detected! Skipping batch.
2026-05-08 04:08:00,703 - __main__ - ERROR -   Batch 1172: NaN or Inf loss detected! Skipping batch.
2026-05-08 04:08:00,774 - __main__ - ERROR -   Batch 1173: NaN or Inf loss detected! Skipping batch.
2026-05-08 04:08:00,845 - __main__ - ERROR -   Batch 1174: NaN or Inf loss detected! Skipping batch.
2026-05-08 04:08:00,905 - __main__ - ERROR -   Batch 1175: NaN or Inf loss detected! Skipping batch.
2026-05-08 04:08:00,976 - __main__ - ERROR -   Batch 1176: NaN or Inf loss detected! Skipping batch.
2026-05-08 04:08:01,041 - __main__ - ERROR -   Batch 1177: NaN or Inf loss detected! Skipping batch.
2026-05-08 04:08:01,112 - __main__ - ERROR -   Batch 1178: NaN or Inf loss detected! Skipping batch.
2026-05-08 04:08:01,183 - __main__ - ERROR -   Batch 1179: NaN or Inf loss detected! Skipping batch.
2026-05-08 04:08:01,254 - __main__ - ERROR -   Batch 1180: NaN or Inf loss detected! Skipping batch.
2026-05-08 04:08:01,325 - __main__ - ERROR -   Batch 1181: NaN or Inf loss detected! Skipping batch.
2026-05-08 04:08:01,397 - __main__ - ERROR -   Batch 1182: NaN or Inf loss detected! Skipping batch.
2026-05-08 04:08:01,467 - __main__ - ERROR -   Batch 1183: NaN or Inf loss detected! Skipping batch.
2026-05-08 04:08:01,538 - __main__ - ERROR -   Batch 1184: NaN or Inf loss detected! Skipping batch.
2026-05-08 04:08:01,609 - __main__ - ERROR -   Batch 1185: NaN or Inf loss detected! Skipping batch.
2026-05-08 04:08:01,681 - __main__ - ERROR -   Batch 1186: NaN or Inf loss detected! Skipping batch.
2026-05-08 04:08:01,752 - __main__ - ERROR -   Batch 1187: NaN or Inf loss detected! Skipping batch.
2026-05-08 04:08:01,823 - __main__ - ERROR -   Batch 1188: NaN or Inf loss detected! Skipping batch.
2026-05-08 04:08:01,894 - __main__ - ERROR -   Batch 1189: NaN or Inf loss detected! Skipping batch.
2026-05-08 04:08:01,966 - __main__ - ERROR -   Batch 1190: NaN or Inf loss detected! Skipping batch.
2026-05-08 04:08:02,037 - __main__ - ERROR -   Batch 1191: NaN or Inf loss detected! Skipping batch.
2026-05-08 04:08:02,096 - __main__ - ERROR -   Batch 1192: NaN or Inf loss detected! Skipping batch.
2026-05-08 04:08:02,167 - __main__ - ERROR -   Batch 1193: NaN or Inf loss detected! Skipping batch.
2026-05-08 04:08:02,237 - __main__ - ERROR -   Batch 1194: NaN or Inf loss detected! Skipping batch.
2026-05-08 04:08:02,308 - __main__ - ERROR -   Batch 1195: NaN or Inf loss detected! Skipping batch.
2026-05-08 04:08:02,379 - __main__ - ERROR -   Batch 1196: NaN or Inf loss detected! Skipping batch.
2026-05-08 04:08:02,451 - __main__ - ERROR -   Batch 1197: NaN or Inf loss detected! Skipping batch.
2026-05-08 04:08:02,523 - __main__ - ERROR -   Batch 1198: NaN or Inf loss detected! Skipping batch.
2026-05-08 04:08:02,595 - __main__ - ERROR -   Batch 1199: NaN or Inf loss detected! Skipping batch.
2026-05-08 04:08:02,667 - __main__ - ERROR -   Batch 1200: NaN or Inf loss detected! Skipping batch.
2026-05-08 04:08:02,740 - __main__ - ERROR -   Batch 1201: NaN or Inf loss detected! Skipping batch.
2026-05-08 04:08:02,811 - __main__ - ERROR -   Batch 1202: NaN or Inf loss detected! Skipping batch.
2026-05-08 04:08:02,882 - __main__ - ERROR -   Batch 1203: NaN or Inf loss detected! Skipping batch.
2026-05-08 04:08:02,947 - __main__ - ERROR -   Batch 1204: NaN or Inf loss detected! Skipping batch.
2026-05-08 04:08:03,018 - __main__ - ERROR -   Batch 1205: NaN or Inf loss detected! Skipping batch.
2026-05-08 04:08:03,089 - __main__ - ERROR -   Batch 1206: NaN or Inf loss detected! Skipping batch.
2026-05-08 04:08:03,160 - __main__ - ERROR -   Batch 1207: NaN or Inf loss detected! Skipping batch.
2026-05-08 04:08:03,225 - __main__ - ERROR -   Batch 1208: NaN or Inf loss detected! Skipping batch.
2026-05-08 04:08:03,297 - __main__ - ERROR -   Batch 1209: NaN or Inf loss detected! Skipping batch.
2026-05-08 04:08:03,368 - __main__ - ERROR -   Batch 1210: NaN or Inf loss detected! Skipping batch.
2026-05-08 04:08:03,439 - __main__ - ERROR -   Batch 1211: NaN or Inf loss detected! Skipping batch.
2026-05-08 04:08:03,511 - __main__ - ERROR -   Batch 1212: NaN or Inf loss detected! Skipping batch.
2026-05-08 04:08:03,583 - __main__ - ERROR -   Batch 1213: NaN or Inf loss detected! Skipping batch.
2026-05-08 04:08:03,654 - __main__ - ERROR -   Batch 1214: NaN or Inf loss detected! Skipping batch.
2026-05-08 04:08:03,725 - __main__ - ERROR -   Batch 1215: NaN or Inf loss detected! Skipping batch.
2026-05-08 04:08:03,795 - __main__ - ERROR -   Batch 1216: NaN or Inf loss detected! Skipping batch.
2026-05-08 04:08:03,867 - __main__ - ERROR -   Batch 1217: NaN or Inf loss detected! Skipping batch.
2026-05-08 04:08:03,938 - __main__ - ERROR -   Batch 1218: NaN or Inf loss detected! Skipping batch.
2026-05-08 04:08:04,008 - __main__ - ERROR -   Batch 1219: NaN or Inf loss detected! Skipping batch.
2026-05-08 04:08:04,078 - __main__ - ERROR -   Batch 1220: NaN or Inf loss detected! Skipping batch.
2026-05-08 04:08:04,475 - __main__ - ERROR -   Batch 1221: NaN or Inf loss detected! Skipping batch.
2026-05-08 04:08:04,546 - __main__ - ERROR -   Batch 1222: NaN or Inf loss detected! Skipping batch.
2026-05-08 04:08:04,616 - __main__ - ERROR -   Batch 1223: NaN or Inf loss detected! Skipping batch.
2026-05-08 04:08:04,686 - __main__ - ERROR -   Batch 1224: NaN or Inf loss detected! Skipping batch.
2026-05-08 04:08:04,756 - __main__ - ERROR -   Batch 1225: NaN or Inf loss detected! Skipping batch.
2026-05-08 04:08:04,826 - __main__ - ERROR -   Batch 1226: NaN or Inf loss detected! Skipping batch.
2026-05-08 04:08:04,895 - __main__ - ERROR -   Batch 1227: NaN or Inf loss detected! Skipping batch.
2026-05-08 04:08:04,965 - __main__ - ERROR -   Batch 1228: NaN or Inf loss detected! Skipping batch.
2026-05-08 04:08:05,035 - __main__ - ERROR -   Batch 1229: NaN or Inf loss detected! Skipping batch.
2026-05-08 04:08:05,105 - __main__ - ERROR -   Batch 1230: NaN or Inf loss detected! Skipping batch.
2026-05-08 04:08:05,175 - __main__ - ERROR -   Batch 1231: NaN or Inf loss detected! Skipping batch.
2026-05-08 04:08:05,245 - __main__ - ERROR -   Batch 1232: NaN or Inf loss detected! Skipping batch.
2026-05-08 04:08:05,315 - __main__ - ERROR -   Batch 1233: NaN or Inf loss detected! Skipping batch.
2026-05-08 04:08:05,384 - __main__ - ERROR -   Batch 1234: NaN or Inf loss detected! Skipping batch.
2026-05-08 04:08:05,454 - __main__ - ERROR -   Batch 1235: NaN or Inf loss detected! Skipping batch.
2026-05-08 04:08:05,524 - __main__ - ERROR -   Batch 1236: NaN or Inf loss detected! Skipping batch.
2026-05-08 04:08:05,594 - __main__ - ERROR -   Batch 1237: NaN or Inf loss detected! Skipping batch.
2026-05-08 04:08:05,663 - __main__ - ERROR -   Batch 1238: NaN or Inf loss detected! Skipping batch.
2026-05-08 04:08:05,733 - __main__ - ERROR -   Batch 1239: NaN or Inf loss detected! Skipping batch.
2026-05-08 04:08:05,803 - __main__ - ERROR -   Batch 1240: NaN or Inf loss detected! Skipping batch.
2026-05-08 04:08:05,873 - __main__ - ERROR -   Batch 1241: NaN or Inf loss detected! Skipping batch.
2026-05-08 04:08:05,943 - __main__ - ERROR -   Batch 1242: NaN or Inf loss detected! Skipping batch.
2026-05-08 04:08:06,013 - __main__ - ERROR -   Batch 1243: NaN or Inf loss detected! Skipping batch.
2026-05-08 04:08:06,083 - __main__ - ERROR -   Batch 1244: NaN or Inf loss detected! Skipping batch.
2026-05-08 04:08:06,148 - __main__ - ERROR -   Batch 1245: NaN or Inf loss detected! Skipping batch.
2026-05-08 04:08:06,213 - __main__ - ERROR -   Batch 1246: NaN or Inf loss detected! Skipping batch.
2026-05-08 04:08:06,284 - __main__ - ERROR -   Batch 1247: NaN or Inf loss detected! Skipping batch.
2026-05-08 04:08:06,355 - __main__ - ERROR -   Batch 1248: NaN or Inf loss detected! Skipping batch.
2026-05-08 04:08:06,426 - __main__ - ERROR -   Batch 1249: NaN or Inf loss detected! Skipping batch.
2026-05-08 04:08:06,498 - __main__ - ERROR -   Batch 1250: NaN or Inf loss detected! Skipping batch.
2026-05-08 04:08:06,567 - __main__ - ERROR -   Batch 1251: NaN or Inf loss detected! Skipping batch.
2026-05-08 04:08:06,639 - __main__ - ERROR -   Batch 1252: NaN or Inf loss detected! Skipping batch.
2026-05-08 04:08:06,704 - __main__ - ERROR -   Batch 1253: NaN or Inf loss detected! Skipping batch.
2026-05-08 04:08:06,775 - __main__ - ERROR -   Batch 1254: NaN or Inf loss detected! Skipping batch.
2026-05-08 04:08:06,846 - __main__ - ERROR -   Batch 1255: NaN or Inf loss detected! Skipping batch.
2026-05-08 04:08:06,917 - __main__ - ERROR -   Batch 1256: NaN or Inf loss detected! Skipping batch.
2026-05-08 04:08:06,989 - __main__ - ERROR -   Batch 1257: NaN or Inf loss detected! Skipping batch.
2026-05-08 04:08:07,061 - __main__ - ERROR -   Batch 1258: NaN or Inf loss detected! Skipping batch.
2026-05-08 04:08:07,134 - __main__ - ERROR -   Batch 1259: NaN or Inf loss detected! Skipping batch.
2026-05-08 04:08:07,206 - __main__ - ERROR -   Batch 1260: NaN or Inf loss detected! Skipping batch.
2026-05-08 04:08:07,278 - __main__ - ERROR -   Batch 1261: NaN or Inf loss detected! Skipping batch.
2026-05-08 04:08:07,349 - __main__ - ERROR -   Batch 1262: NaN or Inf loss detected! Skipping batch.
2026-05-08 04:08:07,421 - __main__ - ERROR -   Batch 1263: NaN or Inf loss detected! Skipping batch.
2026-05-08 04:08:07,491 - __main__ - ERROR -   Batch 1264: NaN or Inf loss detected! Skipping batch.
2026-05-08 04:08:07,563 - __main__ - ERROR -   Batch 1265: NaN or Inf loss detected! Skipping batch.
2026-05-08 04:08:07,633 - __main__ - ERROR -   Batch 1266: NaN or Inf loss detected! Skipping batch.
2026-05-08 04:08:07,704 - __main__ - ERROR -   Batch 1267: NaN or Inf loss detected! Skipping batch.
2026-05-08 04:08:07,775 - __main__ - ERROR -   Batch 1268: NaN or Inf loss detected! Skipping batch.
2026-05-08 04:08:07,840 - __main__ - ERROR -   Batch 1269: NaN or Inf loss detected! Skipping batch.
2026-05-08 04:08:07,905 - __main__ - ERROR -   Batch 1270: NaN or Inf loss detected! Skipping batch.
2026-05-08 04:08:07,977 - __main__ - ERROR -   Batch 1271: NaN or Inf loss detected! Skipping batch.
2026-05-08 04:08:08,048 - __main__ - ERROR -   Batch 1272: NaN or Inf loss detected! Skipping batch.
2026-05-08 04:08:08,118 - __main__ - ERROR -   Batch 1273: NaN or Inf loss detected! Skipping batch.
2026-05-08 04:08:08,189 - __main__ - ERROR -   Batch 1274: NaN or Inf loss detected! Skipping batch.
2026-05-08 04:08:08,262 - __main__ - ERROR -   Batch 1275: NaN or Inf loss detected! Skipping batch.
2026-05-08 04:08:08,333 - __main__ - ERROR -   Batch 1276: NaN or Inf loss detected! Skipping batch.
2026-05-08 04:08:08,405 - __main__ - ERROR -   Batch 1277: NaN or Inf loss detected! Skipping batch.
2026-05-08 04:08:08,477 - __main__ - ERROR -   Batch 1278: NaN or Inf loss detected! Skipping batch.
2026-05-08 04:08:08,548 - __main__ - ERROR -   Batch 1279: NaN or Inf loss detected! Skipping batch.
2026-05-08 04:08:08,619 - __main__ - ERROR -   Batch 1280: NaN or Inf loss detected! Skipping batch.
2026-05-08 04:08:08,691 - __main__ - ERROR -   Batch 1281: NaN or Inf loss detected! Skipping batch.
2026-05-08 04:08:08,761 - __main__ - ERROR -   Batch 1282: NaN or Inf loss detected! Skipping batch.
2026-05-08 04:08:08,833 - __main__ - ERROR -   Batch 1283: NaN or Inf loss detected! Skipping batch.
2026-05-08 04:08:08,905 - __main__ - ERROR -   Batch 1284: NaN or Inf loss detected! Skipping batch.
2026-05-08 04:08:08,976 - __main__ - ERROR -   Batch 1285: NaN or Inf loss detected! Skipping batch.
2026-05-08 04:08:09,048 - __main__ - ERROR -   Batch 1286: NaN or Inf loss detected! Skipping batch.
2026-05-08 04:08:09,118 - __main__ - ERROR -   Batch 1287: NaN or Inf loss detected! Skipping batch.
2026-05-08 04:08:09,190 - __main__ - ERROR -   Batch 1288: NaN or Inf loss detected! Skipping batch.
2026-05-08 04:08:09,262 - __main__ - ERROR -   Batch 1289: NaN or Inf loss detected! Skipping batch.
2026-05-08 04:08:09,335 - __main__ - ERROR -   Batch 1290: NaN or Inf loss detected! Skipping batch.
2026-05-08 04:08:09,406 - __main__ - ERROR -   Batch 1291: NaN or Inf loss detected! Skipping batch.
2026-05-08 04:08:09,470 - __main__ - ERROR -   Batch 1292: NaN or Inf loss detected! Skipping batch.
2026-05-08 04:08:09,541 - __main__ - ERROR -   Batch 1293: NaN or Inf loss detected! Skipping batch.
2026-05-08 04:08:09,612 - __main__ - ERROR -   Batch 1294: NaN or Inf loss detected! Skipping batch.
2026-05-08 04:08:09,683 - __main__ - ERROR -   Batch 1295: NaN or Inf loss detected! Skipping batch.
2026-05-08 04:08:09,754 - __main__ - ERROR -   Batch 1296: NaN or Inf loss detected! Skipping batch.
2026-05-08 04:08:09,825 - __main__ - ERROR -   Batch 1297: NaN or Inf loss detected! Skipping batch.
2026-05-08 04:08:09,897 - __main__ - ERROR -   Batch 1298: NaN or Inf loss detected! Skipping batch.
2026-05-08 04:08:09,968 - __main__ - ERROR -   Batch 1299: NaN or Inf loss detected! Skipping batch.
2026-05-08 04:08:10,040 - __main__ - ERROR -   Batch 1300: NaN or Inf loss detected! Skipping batch.
2026-05-08 04:08:10,111 - __main__ - ERROR -   Batch 1301: NaN or Inf loss detected! Skipping batch.
2026-05-08 04:08:10,183 - __main__ - ERROR -   Batch 1302: NaN or Inf loss detected! Skipping batch.
2026-05-08 04:08:10,254 - __main__ - ERROR -   Batch 1303: NaN or Inf loss detected! Skipping batch.
2026-05-08 04:08:10,326 - __main__ - ERROR -   Batch 1304: NaN or Inf loss detected! Skipping batch.
2026-05-08 04:08:10,397 - __main__ - ERROR -   Batch 1305: NaN or Inf loss detected! Skipping batch.
2026-05-08 04:08:10,469 - __main__ - ERROR -   Batch 1306: NaN or Inf loss detected! Skipping batch.
2026-05-08 04:08:10,541 - __main__ - ERROR -   Batch 1307: NaN or Inf loss detected! Skipping batch.
2026-05-08 04:08:10,612 - __main__ - ERROR -   Batch 1308: NaN or Inf loss detected! Skipping batch.
2026-05-08 04:08:10,684 - __main__ - ERROR -   Batch 1309: NaN or Inf loss detected! Skipping batch.
2026-05-08 04:08:10,756 - __main__ - ERROR -   Batch 1310: NaN or Inf loss detected! Skipping batch.
2026-05-08 04:08:10,827 - __main__ - ERROR -   Batch 1311: NaN or Inf loss detected! Skipping batch.
2026-05-08 04:08:10,899 - __main__ - ERROR -   Batch 1312: NaN or Inf loss detected! Skipping batch.
2026-05-08 04:08:10,971 - __main__ - ERROR -   Batch 1313: NaN or Inf loss detected! Skipping batch.
2026-05-08 04:08:11,042 - __main__ - ERROR -   Batch 1314: NaN or Inf loss detected! Skipping batch.
2026-05-08 04:08:11,114 - __main__ - ERROR -   Batch 1315: NaN or Inf loss detected! Skipping batch.
2026-05-08 04:08:11,186 - __main__ - ERROR -   Batch 1316: NaN or Inf loss detected! Skipping batch.
2026-05-08 04:08:11,256 - __main__ - ERROR -   Batch 1317: NaN or Inf loss detected! Skipping batch.
2026-05-08 04:08:11,327 - __main__ - ERROR -   Batch 1318: NaN or Inf loss detected! Skipping batch.
2026-05-08 04:08:11,397 - __main__ - ERROR -   Batch 1319: NaN or Inf loss detected! Skipping batch.
2026-05-08 04:08:11,467 - __main__ - ERROR -   Batch 1320: NaN or Inf loss detected! Skipping batch.
2026-05-08 04:08:11,538 - __main__ - ERROR -   Batch 1321: NaN or Inf loss detected! Skipping batch.
2026-05-08 04:08:11,609 - __main__ - ERROR -   Batch 1322: NaN or Inf loss detected! Skipping batch.
2026-05-08 04:08:11,679 - __main__ - ERROR -   Batch 1323: NaN or Inf loss detected! Skipping batch.
2026-05-08 04:08:11,750 - __main__ - ERROR -   Batch 1324: NaN or Inf loss detected! Skipping batch.
2026-05-08 04:08:11,820 - __main__ - ERROR -   Batch 1325: NaN or Inf loss detected! Skipping batch.
2026-05-08 04:08:11,890 - __main__ - ERROR -   Batch 1326: NaN or Inf loss detected! Skipping batch.
2026-05-08 04:08:11,961 - __main__ - ERROR -   Batch 1327: NaN or Inf loss detected! Skipping batch.
2026-05-08 04:08:12,031 - __main__ - ERROR -   Batch 1328: NaN or Inf loss detected! Skipping batch.
2026-05-08 04:08:12,102 - __main__ - ERROR -   Batch 1329: NaN or Inf loss detected! Skipping batch.
2026-05-08 04:08:12,172 - __main__ - ERROR -   Batch 1330: NaN or Inf loss detected! Skipping batch.
2026-05-08 04:08:12,242 - __main__ - ERROR -   Batch 1331: NaN or Inf loss detected! Skipping batch.
2026-05-08 04:08:12,313 - __main__ - ERROR -   Batch 1332: NaN or Inf loss detected! Skipping batch.
2026-05-08 04:08:12,383 - __main__ - ERROR -   Batch 1333: NaN or Inf loss detected! Skipping batch.
2026-05-08 04:08:12,453 - __main__ - ERROR -   Batch 1334: NaN or Inf loss detected! Skipping batch.
2026-05-08 04:08:12,524 - __main__ - ERROR -   Batch 1335: NaN or Inf loss detected! Skipping batch.
2026-05-08 04:08:12,594 - __main__ - ERROR -   Batch 1336: NaN or Inf loss detected! Skipping batch.
2026-05-08 04:08:12,986 - __main__ - ERROR -   Batch 1337: NaN or Inf loss detected! Skipping batch.
2026-05-08 04:08:13,057 - __main__ - ERROR -   Batch 1338: NaN or Inf loss detected! Skipping batch.
2026-05-08 04:08:13,121 - __main__ - ERROR -   Batch 1339: NaN or Inf loss detected! Skipping batch.
2026-05-08 04:08:13,193 - __main__ - ERROR -   Batch 1340: NaN or Inf loss detected! Skipping batch.
2026-05-08 04:08:13,264 - __main__ - ERROR -   Batch 1341: NaN or Inf loss detected! Skipping batch.
2026-05-08 04:08:13,336 - __main__ - ERROR -   Batch 1342: NaN or Inf loss detected! Skipping batch.
2026-05-08 04:08:13,400 - __main__ - ERROR -   Batch 1343: NaN or Inf loss detected! Skipping batch.
2026-05-08 04:08:13,472 - __main__ - ERROR -   Batch 1344: NaN or Inf loss detected! Skipping batch.
2026-05-08 04:08:13,542 - __main__ - ERROR -   Batch 1345: NaN or Inf loss detected! Skipping batch.
2026-05-08 04:08:13,614 - __main__ - ERROR -   Batch 1346: NaN or Inf loss detected! Skipping batch.
2026-05-08 04:08:13,685 - __main__ - ERROR -   Batch 1347: NaN or Inf loss detected! Skipping batch.
2026-05-08 04:08:13,757 - __main__ - ERROR -   Batch 1348: NaN or Inf loss detected! Skipping batch.
2026-05-08 04:08:13,829 - __main__ - ERROR -   Batch 1349: NaN or Inf loss detected! Skipping batch.
2026-05-08 04:08:13,900 - __main__ - ERROR -   Batch 1350: NaN or Inf loss detected! Skipping batch.
2026-05-08 04:08:13,972 - __main__ - ERROR -   Batch 1351: NaN or Inf loss detected! Skipping batch.
2026-05-08 04:08:14,043 - __main__ - ERROR -   Batch 1352: NaN or Inf loss detected! Skipping batch.
2026-05-08 04:08:14,115 - __main__ - ERROR -   Batch 1353: NaN or Inf loss detected! Skipping batch.
2026-05-08 04:08:14,187 - __main__ - ERROR -   Batch 1354: NaN or Inf loss detected! Skipping batch.
2026-05-08 04:08:14,258 - __main__ - ERROR -   Batch 1355: NaN or Inf loss detected! Skipping batch.
2026-05-08 04:08:14,330 - __main__ - ERROR -   Batch 1356: NaN or Inf loss detected! Skipping batch.
2026-05-08 04:08:14,402 - __main__ - ERROR -   Batch 1357: NaN or Inf loss detected! Skipping batch.
2026-05-08 04:08:14,474 - __main__ - ERROR -   Batch 1358: NaN or Inf loss detected! Skipping batch.
2026-05-08 04:08:14,545 - __main__ - ERROR -   Batch 1359: NaN or Inf loss detected! Skipping batch.
2026-05-08 04:08:14,610 - __main__ - ERROR -   Batch 1360: NaN or Inf loss detected! Skipping batch.
2026-05-08 04:08:14,681 - __main__ - ERROR -   Batch 1361: NaN or Inf loss detected! Skipping batch.
2026-05-08 04:08:14,752 - __main__ - ERROR -   Batch 1362: NaN or Inf loss detected! Skipping batch.
2026-05-08 04:08:14,823 - __main__ - ERROR -   Batch 1363: NaN or Inf loss detected! Skipping batch.
2026-05-08 04:08:14,887 - __main__ - ERROR -   Batch 1364: NaN or Inf loss detected! Skipping batch.
2026-05-08 04:08:14,958 - __main__ - ERROR -   Batch 1365: NaN or Inf loss detected! Skipping batch.
2026-05-08 04:08:15,023 - __main__ - ERROR -   Batch 1366: NaN or Inf loss detected! Skipping batch.
2026-05-08 04:08:15,095 - __main__ - ERROR -   Batch 1367: NaN or Inf loss detected! Skipping batch.
2026-05-08 04:08:15,165 - __main__ - ERROR -   Batch 1368: NaN or Inf loss detected! Skipping batch.
2026-05-08 04:08:15,236 - __main__ - ERROR -   Batch 1369: NaN or Inf loss detected! Skipping batch.
2026-05-08 04:08:15,307 - __main__ - ERROR -   Batch 1370: NaN or Inf loss detected! Skipping batch.
2026-05-08 04:08:15,379 - __main__ - ERROR -   Batch 1371: NaN or Inf loss detected! Skipping batch.
2026-05-08 04:08:15,451 - __main__ - ERROR -   Batch 1372: NaN or Inf loss detected! Skipping batch.
2026-05-08 04:08:15,523 - __main__ - ERROR -   Batch 1373: NaN or Inf loss detected! Skipping batch.
2026-05-08 04:08:15,595 - __main__ - ERROR -   Batch 1374: NaN or Inf loss detected! Skipping batch.
2026-05-08 04:08:15,660 - __main__ - ERROR -   Batch 1375: NaN or Inf loss detected! Skipping batch.
2026-05-08 04:08:15,732 - __main__ - ERROR -   Batch 1376: NaN or Inf loss detected! Skipping batch.
2026-05-08 04:08:15,803 - __main__ - ERROR -   Batch 1377: NaN or Inf loss detected! Skipping batch.
2026-05-08 04:08:15,874 - __main__ - ERROR -   Batch 1378: NaN or Inf loss detected! Skipping batch.
2026-05-08 04:08:15,946 - __main__ - ERROR -   Batch 1379: NaN or Inf loss detected! Skipping batch.
2026-05-08 04:08:16,017 - __main__ - ERROR -   Batch 1380: NaN or Inf loss detected! Skipping batch.
2026-05-08 04:08:16,089 - __main__ - ERROR -   Batch 1381: NaN or Inf loss detected! Skipping batch.
2026-05-08 04:08:16,161 - __main__ - ERROR -   Batch 1382: NaN or Inf loss detected! Skipping batch.
2026-05-08 04:08:16,232 - __main__ - ERROR -   Batch 1383: NaN or Inf loss detected! Skipping batch.
2026-05-08 04:08:16,296 - __main__ - ERROR -   Batch 1384: NaN or Inf loss detected! Skipping batch.
2026-05-08 04:08:16,367 - __main__ - ERROR -   Batch 1385: NaN or Inf loss detected! Skipping batch.
2026-05-08 04:08:16,438 - __main__ - ERROR -   Batch 1386: NaN or Inf loss detected! Skipping batch.
2026-05-08 04:08:16,510 - __main__ - ERROR -   Batch 1387: NaN or Inf loss detected! Skipping batch.
2026-05-08 04:08:16,581 - __main__ - ERROR -   Batch 1388: NaN or Inf loss detected! Skipping batch.
2026-05-08 04:08:16,652 - __main__ - ERROR -   Batch 1389: NaN or Inf loss detected! Skipping batch.
2026-05-08 04:08:16,724 - __main__ - ERROR -   Batch 1390: NaN or Inf loss detected! Skipping batch.
2026-05-08 04:08:16,796 - __main__ - ERROR -   Batch 1391: NaN or Inf loss detected! Skipping batch.
2026-05-08 04:08:16,866 - __main__ - ERROR -   Batch 1392: NaN or Inf loss detected! Skipping batch.
2026-05-08 04:08:16,937 - __main__ - ERROR -   Batch 1393: NaN or Inf loss detected! Skipping batch.
2026-05-08 04:08:17,007 - __main__ - ERROR -   Batch 1394: NaN or Inf loss detected! Skipping batch.
2026-05-08 04:08:17,078 - __main__ - ERROR -   Batch 1395: NaN or Inf loss detected! Skipping batch.
2026-05-08 04:08:17,148 - __main__ - ERROR -   Batch 1396: NaN or Inf loss detected! Skipping batch.
2026-05-08 04:08:17,213 - __main__ - ERROR -   Batch 1397: NaN or Inf loss detected! Skipping batch.
2026-05-08 04:08:17,285 - __main__ - ERROR -   Batch 1398: NaN or Inf loss detected! Skipping batch.
2026-05-08 04:08:17,355 - __main__ - ERROR -   Batch 1399: NaN or Inf loss detected! Skipping batch.
2026-05-08 04:08:17,427 - __main__ - ERROR -   Batch 1400: NaN or Inf loss detected! Skipping batch.
2026-05-08 04:08:17,499 - __main__ - ERROR -   Batch 1401: NaN or Inf loss detected! Skipping batch.
2026-05-08 04:08:17,570 - __main__ - ERROR -   Batch 1402: NaN or Inf loss detected! Skipping batch.
2026-05-08 04:08:17,642 - __main__ - ERROR -   Batch 1403: NaN or Inf loss detected! Skipping batch.
2026-05-08 04:08:17,713 - __main__ - ERROR -   Batch 1404: NaN or Inf loss detected! Skipping batch.
2026-05-08 04:08:17,785 - __main__ - ERROR -   Batch 1405: NaN or Inf loss detected! Skipping batch.
2026-05-08 04:08:17,856 - __main__ - ERROR -   Batch 1406: NaN or Inf loss detected! Skipping batch.
2026-05-08 04:08:17,928 - __main__ - ERROR -   Batch 1407: NaN or Inf loss detected! Skipping batch.
2026-05-08 04:08:18,000 - __main__ - ERROR -   Batch 1408: NaN or Inf loss detected! Skipping batch.
2026-05-08 04:08:18,072 - __main__ - ERROR -   Batch 1409: NaN or Inf loss detected! Skipping batch.
2026-05-08 04:08:18,143 - __main__ - ERROR -   Batch 1410: NaN or Inf loss detected! Skipping batch.
2026-05-08 04:08:18,207 - __main__ - ERROR -   Batch 1411: NaN or Inf loss detected! Skipping batch.
2026-05-08 04:08:18,279 - __main__ - ERROR -   Batch 1412: NaN or Inf loss detected! Skipping batch.
2026-05-08 04:08:18,350 - __main__ - ERROR -   Batch 1413: NaN or Inf loss detected! Skipping batch.
2026-05-08 04:08:18,421 - __main__ - ERROR -   Batch 1414: NaN or Inf loss detected! Skipping batch.
2026-05-08 04:08:18,492 - __main__ - ERROR -   Batch 1415: NaN or Inf loss detected! Skipping batch.
2026-05-08 04:08:18,563 - __main__ - ERROR -   Batch 1416: NaN or Inf loss detected! Skipping batch.
2026-05-08 04:08:18,635 - __main__ - ERROR -   Batch 1417: NaN or Inf loss detected! Skipping batch.
2026-05-08 04:08:18,699 - __main__ - ERROR -   Batch 1418: NaN or Inf loss detected! Skipping batch.
2026-05-08 04:08:18,770 - __main__ - ERROR -   Batch 1419: NaN or Inf loss detected! Skipping batch.
2026-05-08 04:08:18,841 - __main__ - ERROR -   Batch 1420: NaN or Inf loss detected! Skipping batch.
2026-05-08 04:08:18,906 - __main__ - ERROR -   Batch 1421: NaN or Inf loss detected! Skipping batch.
2026-05-08 04:08:18,971 - __main__ - ERROR -   Batch 1422: NaN or Inf loss detected! Skipping batch.
2026-05-08 04:08:19,042 - __main__ - ERROR -   Batch 1423: NaN or Inf loss detected! Skipping batch.
2026-05-08 04:08:19,113 - __main__ - ERROR -   Batch 1424: NaN or Inf loss detected! Skipping batch.
2026-05-08 04:08:19,184 - __main__ - ERROR -   Batch 1425: NaN or Inf loss detected! Skipping batch.
2026-05-08 04:08:19,255 - __main__ - ERROR -   Batch 1426: NaN or Inf loss detected! Skipping batch.
2026-05-08 04:08:19,328 - __main__ - ERROR -   Batch 1427: NaN or Inf loss detected! Skipping batch.
2026-05-08 04:08:19,399 - __main__ - ERROR -   Batch 1428: NaN or Inf loss detected! Skipping batch.
2026-05-08 04:08:19,471 - __main__ - ERROR -   Batch 1429: NaN or Inf loss detected! Skipping batch.
2026-05-08 04:08:19,543 - __main__ - ERROR -   Batch 1430: NaN or Inf loss detected! Skipping batch.
2026-05-08 04:08:19,615 - __main__ - ERROR -   Batch 1431: NaN or Inf loss detected! Skipping batch.
2026-05-08 04:08:19,687 - __main__ - ERROR -   Batch 1432: NaN or Inf loss detected! Skipping batch.
2026-05-08 04:08:19,758 - __main__ - ERROR -   Batch 1433: NaN or Inf loss detected! Skipping batch.
2026-05-08 04:08:19,830 - __main__ - ERROR -   Batch 1434: NaN or Inf loss detected! Skipping batch.
2026-05-08 04:08:19,902 - __main__ - ERROR -   Batch 1435: NaN or Inf loss detected! Skipping batch.
2026-05-08 04:08:19,974 - __main__ - ERROR -   Batch 1436: NaN or Inf loss detected! Skipping batch.
2026-05-08 04:08:20,046 - __main__ - ERROR -   Batch 1437: NaN or Inf loss detected! Skipping batch.
2026-05-08 04:08:20,118 - __main__ - ERROR -   Batch 1438: NaN or Inf loss detected! Skipping batch.
2026-05-08 04:08:20,189 - __main__ - ERROR -   Batch 1439: NaN or Inf loss detected! Skipping batch.
2026-05-08 04:08:20,261 - __main__ - ERROR -   Batch 1440: NaN or Inf loss detected! Skipping batch.
2026-05-08 04:08:20,333 - __main__ - ERROR -   Batch 1441: NaN or Inf loss detected! Skipping batch.
2026-05-08 04:08:20,405 - __main__ - ERROR -   Batch 1442: NaN or Inf loss detected! Skipping batch.
2026-05-08 04:08:20,478 - __main__ - ERROR -   Batch 1443: NaN or Inf loss detected! Skipping batch.
2026-05-08 04:08:20,549 - __main__ - ERROR -   Batch 1444: NaN or Inf loss detected! Skipping batch.
2026-05-08 04:08:20,621 - __main__ - ERROR -   Batch 1445: NaN or Inf loss detected! Skipping batch.
2026-05-08 04:08:20,693 - __main__ - ERROR -   Batch 1446: NaN or Inf loss detected! Skipping batch.
2026-05-08 04:08:20,765 - __main__ - ERROR -   Batch 1447: NaN or Inf loss detected! Skipping batch.
2026-05-08 04:08:20,836 - __main__ - ERROR -   Batch 1448: NaN or Inf loss detected! Skipping batch.
2026-05-08 04:08:20,908 - __main__ - ERROR -   Batch 1449: NaN or Inf loss detected! Skipping batch.
2026-05-08 04:08:20,980 - __main__ - ERROR -   Batch 1450: NaN or Inf loss detected! Skipping batch.
2026-05-08 04:08:21,052 - __main__ - ERROR -   Batch 1451: NaN or Inf loss detected! Skipping batch.
2026-05-08 04:08:21,435 - __main__ - ERROR -   Batch 1452: NaN or Inf loss detected! Skipping batch.
2026-05-08 04:08:21,508 - __main__ - ERROR -   Batch 1453: NaN or Inf loss detected! Skipping batch.
2026-05-08 04:08:21,579 - __main__ - ERROR -   Batch 1454: NaN or Inf loss detected! Skipping batch.
2026-05-08 04:08:21,644 - __main__ - ERROR -   Batch 1455: NaN or Inf loss detected! Skipping batch.
2026-05-08 04:08:21,716 - __main__ - ERROR -   Batch 1456: NaN or Inf loss detected! Skipping batch.
2026-05-08 04:08:21,787 - __main__ - ERROR -   Batch 1457: NaN or Inf loss detected! Skipping batch.
2026-05-08 04:08:21,858 - __main__ - ERROR -   Batch 1458: NaN or Inf loss detected! Skipping batch.
2026-05-08 04:08:21,923 - __main__ - ERROR -   Batch 1459: NaN or Inf loss detected! Skipping batch.
2026-05-08 04:08:21,994 - __main__ - ERROR -   Batch 1460: NaN or Inf loss detected! Skipping batch.
2026-05-08 04:08:22,065 - __main__ - ERROR -   Batch 1461: NaN or Inf loss detected! Skipping batch.
2026-05-08 04:08:22,136 - __main__ - ERROR -   Batch 1462: NaN or Inf loss detected! Skipping batch.
2026-05-08 04:08:22,208 - __main__ - ERROR -   Batch 1463: NaN or Inf loss detected! Skipping batch.
2026-05-08 04:08:22,267 - __main__ - ERROR -   Batch 1464: NaN or Inf loss detected! Skipping batch.
2026-05-08 04:08:22,339 - __main__ - ERROR -   Batch 1465: NaN or Inf loss detected! Skipping batch.
2026-05-08 04:08:22,409 - __main__ - ERROR -   Batch 1466: NaN or Inf loss detected! Skipping batch.
2026-05-08 04:08:22,481 - __main__ - ERROR -   Batch 1467: NaN or Inf loss detected! Skipping batch.
2026-05-08 04:08:22,552 - __main__ - ERROR -   Batch 1468: NaN or Inf loss detected! Skipping batch.
2026-05-08 04:08:22,624 - __main__ - ERROR -   Batch 1469: NaN or Inf loss detected! Skipping batch.
2026-05-08 04:08:22,688 - __main__ - ERROR -   Batch 1470: NaN or Inf loss detected! Skipping batch.
2026-05-08 04:08:22,759 - __main__ - ERROR -   Batch 1471: NaN or Inf loss detected! Skipping batch.
2026-05-08 04:08:22,830 - __main__ - ERROR -   Batch 1472: NaN or Inf loss detected! Skipping batch.
2026-05-08 04:08:22,895 - __main__ - ERROR -   Batch 1473: NaN or Inf loss detected! Skipping batch.
2026-05-08 04:08:22,966 - __main__ - ERROR -   Batch 1474: NaN or Inf loss detected! Skipping batch.
2026-05-08 04:08:23,036 - __main__ - ERROR -   Batch 1475: NaN or Inf loss detected! Skipping batch.
2026-05-08 04:08:23,108 - __main__ - ERROR -   Batch 1476: NaN or Inf loss detected! Skipping batch.
2026-05-08 04:08:23,179 - __main__ - ERROR -   Batch 1477: NaN or Inf loss detected! Skipping batch.
2026-05-08 04:08:23,250 - __main__ - ERROR -   Batch 1478: NaN or Inf loss detected! Skipping batch.
2026-05-08 04:08:23,322 - __main__ - ERROR -   Batch 1479: NaN or Inf loss detected! Skipping batch.
2026-05-08 04:08:23,394 - __main__ - ERROR -   Batch 1480: NaN or Inf loss detected! Skipping batch.
2026-05-08 04:08:23,465 - __main__ - ERROR -   Batch 1481: NaN or Inf loss detected! Skipping batch.
2026-05-08 04:08:23,536 - __main__ - ERROR -   Batch 1482: NaN or Inf loss detected! Skipping batch.
2026-05-08 04:08:23,607 - __main__ - ERROR -   Batch 1483: NaN or Inf loss detected! Skipping batch.
2026-05-08 04:08:23,678 - __main__ - ERROR -   Batch 1484: NaN or Inf loss detected! Skipping batch.
2026-05-08 04:08:23,750 - __main__ - ERROR -   Batch 1485: NaN or Inf loss detected! Skipping batch.
2026-05-08 04:08:23,821 - __main__ - ERROR -   Batch 1486: NaN or Inf loss detected! Skipping batch.
2026-05-08 04:08:23,892 - __main__ - ERROR -   Batch 1487: NaN or Inf loss detected! Skipping batch.
2026-05-08 04:08:23,963 - __main__ - ERROR -   Batch 1488: NaN or Inf loss detected! Skipping batch.
2026-05-08 04:08:24,034 - __main__ - ERROR -   Batch 1489: NaN or Inf loss detected! Skipping batch.
2026-05-08 04:08:24,105 - __main__ - ERROR -   Batch 1490: NaN or Inf loss detected! Skipping batch.
2026-05-08 04:08:24,177 - __main__ - ERROR -   Batch 1491: NaN or Inf loss detected! Skipping batch.
2026-05-08 04:08:24,248 - __main__ - ERROR -   Batch 1492: NaN or Inf loss detected! Skipping batch.
2026-05-08 04:08:24,313 - __main__ - ERROR -   Batch 1493: NaN or Inf loss detected! Skipping batch.
2026-05-08 04:08:24,385 - __main__ - ERROR -   Batch 1494: NaN or Inf loss detected! Skipping batch.
2026-05-08 04:08:24,456 - __main__ - ERROR -   Batch 1495: NaN or Inf loss detected! Skipping batch.
2026-05-08 04:08:24,527 - __main__ - ERROR -   Batch 1496: NaN or Inf loss detected! Skipping batch.
2026-05-08 04:08:24,599 - __main__ - ERROR -   Batch 1497: NaN or Inf loss detected! Skipping batch.
2026-05-08 04:08:24,671 - __main__ - ERROR -   Batch 1498: NaN or Inf loss detected! Skipping batch.
2026-05-08 04:08:24,742 - __main__ - ERROR -   Batch 1499: NaN or Inf loss detected! Skipping batch.
2026-05-08 04:08:24,812 - __main__ - ERROR -   Batch 1500: NaN or Inf loss detected! Skipping batch.
2026-05-08 04:08:24,882 - __main__ - ERROR -   Batch 1501: NaN or Inf loss detected! Skipping batch.
2026-05-08 04:08:24,952 - __main__ - ERROR -   Batch 1502: NaN or Inf loss detected! Skipping batch.
2026-05-08 04:08:25,022 - __main__ - ERROR -   Batch 1503: NaN or Inf loss detected! Skipping batch.
2026-05-08 04:08:25,092 - __main__ - ERROR -   Batch 1504: NaN or Inf loss detected! Skipping batch.
2026-05-08 04:08:25,162 - __main__ - ERROR -   Batch 1505: NaN or Inf loss detected! Skipping batch.
2026-05-08 04:08:25,231 - __main__ - ERROR -   Batch 1506: NaN or Inf loss detected! Skipping batch.
2026-05-08 04:08:25,301 - __main__ - ERROR -   Batch 1507: NaN or Inf loss detected! Skipping batch.
2026-05-08 04:08:25,371 - __main__ - ERROR -   Batch 1508: NaN or Inf loss detected! Skipping batch.
2026-05-08 04:08:25,441 - __main__ - ERROR -   Batch 1509: NaN or Inf loss detected! Skipping batch.
2026-05-08 04:08:25,511 - __main__ - ERROR -   Batch 1510: NaN or Inf loss detected! Skipping batch.
2026-05-08 04:08:25,580 - __main__ - ERROR -   Batch 1511: NaN or Inf loss detected! Skipping batch.
2026-05-08 04:08:25,650 - __main__ - ERROR -   Batch 1512: NaN or Inf loss detected! Skipping batch.
2026-05-08 04:08:25,720 - __main__ - ERROR -   Batch 1513: NaN or Inf loss detected! Skipping batch.
2026-05-08 04:08:25,785 - __main__ - ERROR -   Batch 1514: NaN or Inf loss detected! Skipping batch.
2026-05-08 04:08:25,857 - __main__ - ERROR -   Batch 1515: NaN or Inf loss detected! Skipping batch.
2026-05-08 04:08:25,921 - __main__ - ERROR -   Batch 1516: NaN or Inf loss detected! Skipping batch.
2026-05-08 04:08:25,992 - __main__ - ERROR -   Batch 1517: NaN or Inf loss detected! Skipping batch.
2026-05-08 04:08:26,063 - __main__ - ERROR -   Batch 1518: NaN or Inf loss detected! Skipping batch.
2026-05-08 04:08:26,135 - __main__ - ERROR -   Batch 1519: NaN or Inf loss detected! Skipping batch.
2026-05-08 04:08:26,207 - __main__ - ERROR -   Batch 1520: NaN or Inf loss detected! Skipping batch.
2026-05-08 04:08:26,279 - __main__ - ERROR -   Batch 1521: NaN or Inf loss detected! Skipping batch.
2026-05-08 04:08:26,350 - __main__ - ERROR -   Batch 1522: NaN or Inf loss detected! Skipping batch.
2026-05-08 04:08:26,422 - __main__ - ERROR -   Batch 1523: NaN or Inf loss detected! Skipping batch.
2026-05-08 04:08:26,494 - __main__ - ERROR -   Batch 1524: NaN or Inf loss detected! Skipping batch.
2026-05-08 04:08:26,566 - __main__ - ERROR -   Batch 1525: NaN or Inf loss detected! Skipping batch.
2026-05-08 04:08:26,637 - __main__ - ERROR -   Batch 1526: NaN or Inf loss detected! Skipping batch.
2026-05-08 04:08:26,707 - __main__ - ERROR -   Batch 1527: NaN or Inf loss detected! Skipping batch.
2026-05-08 04:08:26,777 - __main__ - ERROR -   Batch 1528: NaN or Inf loss detected! Skipping batch.
2026-05-08 04:08:26,849 - __main__ - ERROR -   Batch 1529: NaN or Inf loss detected! Skipping batch.
2026-05-08 04:08:26,921 - __main__ - ERROR -   Batch 1530: NaN or Inf loss detected! Skipping batch.
2026-05-08 04:08:26,980 - __main__ - ERROR -   Batch 1531: NaN or Inf loss detected! Skipping batch.
2026-05-08 04:08:27,053 - __main__ - ERROR -   Batch 1532: NaN or Inf loss detected! Skipping batch.
2026-05-08 04:08:27,123 - __main__ - ERROR -   Batch 1533: NaN or Inf loss detected! Skipping batch.
2026-05-08 04:08:27,195 - __main__ - ERROR -   Batch 1534: NaN or Inf loss detected! Skipping batch.
2026-05-08 04:08:27,266 - __main__ - ERROR -   Batch 1535: NaN or Inf loss detected! Skipping batch.
2026-05-08 04:08:27,337 - __main__ - ERROR -   Batch 1536: NaN or Inf loss detected! Skipping batch.
2026-05-08 04:08:27,409 - __main__ - ERROR -   Batch 1537: NaN or Inf loss detected! Skipping batch.
2026-05-08 04:08:27,473 - __main__ - ERROR -   Batch 1538: NaN or Inf loss detected! Skipping batch.
2026-05-08 04:08:27,543 - __main__ - ERROR -   Batch 1539: NaN or Inf loss detected! Skipping batch.
2026-05-08 04:08:27,614 - __main__ - ERROR -   Batch 1540: NaN or Inf loss detected! Skipping batch.
2026-05-08 04:08:27,686 - __main__ - ERROR -   Batch 1541: NaN or Inf loss detected! Skipping batch.
2026-05-08 04:08:27,757 - __main__ - ERROR -   Batch 1542: NaN or Inf loss detected! Skipping batch.
2026-05-08 04:08:27,827 - __main__ - ERROR -   Batch 1543: NaN or Inf loss detected! Skipping batch.
2026-05-08 04:08:27,898 - __main__ - ERROR -   Batch 1544: NaN or Inf loss detected! Skipping batch.
2026-05-08 04:08:27,969 - __main__ - ERROR -   Batch 1545: NaN or Inf loss detected! Skipping batch.
2026-05-08 04:08:28,041 - __main__ - ERROR -   Batch 1546: NaN or Inf loss detected! Skipping batch.
2026-05-08 04:08:28,111 - __main__ - ERROR -   Batch 1547: NaN or Inf loss detected! Skipping batch.
2026-05-08 04:08:28,183 - __main__ - ERROR -   Batch 1548: NaN or Inf loss detected! Skipping batch.
2026-05-08 04:08:28,254 - __main__ - ERROR -   Batch 1549: NaN or Inf loss detected! Skipping batch.
2026-05-08 04:08:28,326 - __main__ - ERROR -   Batch 1550: NaN or Inf loss detected! Skipping batch.
2026-05-08 04:08:28,398 - __main__ - ERROR -   Batch 1551: NaN or Inf loss detected! Skipping batch.
2026-05-08 04:08:28,469 - __main__ - ERROR -   Batch 1552: NaN or Inf loss detected! Skipping batch.
2026-05-08 04:08:28,541 - __main__ - ERROR -   Batch 1553: NaN or Inf loss detected! Skipping batch.
2026-05-08 04:08:28,611 - __main__ - ERROR -   Batch 1554: NaN or Inf loss detected! Skipping batch.
2026-05-08 04:08:28,683 - __main__ - ERROR -   Batch 1555: NaN or Inf loss detected! Skipping batch.
2026-05-08 04:08:28,753 - __main__ - ERROR -   Batch 1556: NaN or Inf loss detected! Skipping batch.
2026-05-08 04:08:28,823 - __main__ - ERROR -   Batch 1557: NaN or Inf loss detected! Skipping batch.
2026-05-08 04:08:28,893 - __main__ - ERROR -   Batch 1558: NaN or Inf loss detected! Skipping batch.
2026-05-08 04:08:28,962 - __main__ - ERROR -   Batch 1559: NaN or Inf loss detected! Skipping batch.
2026-05-08 04:08:29,032 - __main__ - ERROR -   Batch 1560: NaN or Inf loss detected! Skipping batch.
2026-05-08 04:08:29,103 - __main__ - ERROR -   Batch 1561: NaN or Inf loss detected! Skipping batch.
2026-05-08 04:08:29,481 - __main__ - ERROR -   Batch 1562: NaN or Inf loss detected! Skipping batch.
2026-05-08 04:08:29,547 - __main__ - ERROR -   Batch 1563: NaN or Inf loss detected! Skipping batch.
2026-05-08 04:08:29,618 - __main__ - ERROR -   Batch 1564: NaN or Inf loss detected! Skipping batch.
2026-05-08 04:08:29,689 - __main__ - ERROR -   Batch 1565: NaN or Inf loss detected! Skipping batch.
2026-05-08 04:08:29,754 - __main__ - ERROR -   Batch 1566: NaN or Inf loss detected! Skipping batch.
2026-05-08 04:08:29,824 - __main__ - ERROR -   Batch 1567: NaN or Inf loss detected! Skipping batch.
2026-05-08 04:08:29,896 - __main__ - ERROR -   Batch 1568: NaN or Inf loss detected! Skipping batch.
2026-05-08 04:08:29,968 - __main__ - ERROR -   Batch 1569: NaN or Inf loss detected! Skipping batch.
2026-05-08 04:08:30,040 - __main__ - ERROR -   Batch 1570: NaN or Inf loss detected! Skipping batch.
2026-05-08 04:08:30,110 - __main__ - ERROR -   Batch 1571: NaN or Inf loss detected! Skipping batch.
2026-05-08 04:08:30,182 - __main__ - ERROR -   Batch 1572: NaN or Inf loss detected! Skipping batch.
2026-05-08 04:08:30,253 - __main__ - ERROR -   Batch 1573: NaN or Inf loss detected! Skipping batch.
2026-05-08 04:08:30,325 - __main__ - ERROR -   Batch 1574: NaN or Inf loss detected! Skipping batch.
2026-05-08 04:08:30,396 - __main__ - ERROR -   Batch 1575: NaN or Inf loss detected! Skipping batch.
2026-05-08 04:08:30,467 - __main__ - ERROR -   Batch 1576: NaN or Inf loss detected! Skipping batch.
2026-05-08 04:08:30,539 - __main__ - ERROR -   Batch 1577: NaN or Inf loss detected! Skipping batch.
2026-05-08 04:08:30,609 - __main__ - ERROR -   Batch 1578: NaN or Inf loss detected! Skipping batch.
2026-05-08 04:08:30,681 - __main__ - ERROR -   Batch 1579: NaN or Inf loss detected! Skipping batch.
2026-05-08 04:08:30,752 - __main__ - ERROR -   Batch 1580: NaN or Inf loss detected! Skipping batch.
2026-05-08 04:08:30,817 - __main__ - ERROR -   Batch 1581: NaN or Inf loss detected! Skipping batch.
2026-05-08 04:08:30,888 - __main__ - ERROR -   Batch 1582: NaN or Inf loss detected! Skipping batch.
2026-05-08 04:08:30,958 - __main__ - ERROR -   Batch 1583: NaN or Inf loss detected! Skipping batch.
2026-05-08 04:08:31,024 - __main__ - ERROR -   Batch 1584: NaN or Inf loss detected! Skipping batch.
2026-05-08 04:08:31,089 - __main__ - ERROR -   Batch 1585: NaN or Inf loss detected! Skipping batch.
2026-05-08 04:08:31,160 - __main__ - ERROR -   Batch 1586: NaN or Inf loss detected! Skipping batch.
2026-05-08 04:08:31,225 - __main__ - ERROR -   Batch 1587: NaN or Inf loss detected! Skipping batch.
2026-05-08 04:08:31,296 - __main__ - ERROR -   Batch 1588: NaN or Inf loss detected! Skipping batch.
2026-05-08 04:08:31,367 - __main__ - ERROR -   Batch 1589: NaN or Inf loss detected! Skipping batch.
2026-05-08 04:08:31,438 - __main__ - ERROR -   Batch 1590: NaN or Inf loss detected! Skipping batch.
2026-05-08 04:08:31,510 - __main__ - ERROR -   Batch 1591: NaN or Inf loss detected! Skipping batch.
2026-05-08 04:08:31,580 - __main__ - ERROR -   Batch 1592: NaN or Inf loss detected! Skipping batch.
2026-05-08 04:08:31,651 - __main__ - ERROR -   Batch 1593: NaN or Inf loss detected! Skipping batch.
2026-05-08 04:08:31,721 - __main__ - ERROR -   Batch 1594: NaN or Inf loss detected! Skipping batch.
2026-05-08 04:08:31,792 - __main__ - ERROR -   Batch 1595: NaN or Inf loss detected! Skipping batch.
2026-05-08 04:08:31,862 - __main__ - ERROR -   Batch 1596: NaN or Inf loss detected! Skipping batch.
2026-05-08 04:08:31,934 - __main__ - ERROR -   Batch 1597: NaN or Inf loss detected! Skipping batch.
2026-05-08 04:08:32,005 - __main__ - ERROR -   Batch 1598: NaN or Inf loss detected! Skipping batch.
2026-05-08 04:08:32,077 - __main__ - ERROR -   Batch 1599: NaN or Inf loss detected! Skipping batch.
2026-05-08 04:08:32,149 - __main__ - ERROR -   Batch 1600: NaN or Inf loss detected! Skipping batch.
2026-05-08 04:08:32,221 - __main__ - ERROR -   Batch 1601: NaN or Inf loss detected! Skipping batch.
2026-05-08 04:08:32,290 - __main__ - ERROR -   Batch 1602: NaN or Inf loss detected! Skipping batch.
2026-05-08 04:08:32,360 - __main__ - ERROR -   Batch 1603: NaN or Inf loss detected! Skipping batch.
2026-05-08 04:08:32,430 - __main__ - ERROR -   Batch 1604: NaN or Inf loss detected! Skipping batch.
2026-05-08 04:08:32,500 - __main__ - ERROR -   Batch 1605: NaN or Inf loss detected! Skipping batch.
2026-05-08 04:08:32,570 - __main__ - ERROR -   Batch 1606: NaN or Inf loss detected! Skipping batch.
2026-05-08 04:08:32,639 - __main__ - ERROR -   Batch 1607: NaN or Inf loss detected! Skipping batch.
2026-05-08 04:08:32,709 - __main__ - ERROR -   Batch 1608: NaN or Inf loss detected! Skipping batch.
2026-05-08 04:08:32,779 - __main__ - ERROR -   Batch 1609: NaN or Inf loss detected! Skipping batch.
2026-05-08 04:08:32,849 - __main__ - ERROR -   Batch 1610: NaN or Inf loss detected! Skipping batch.
2026-05-08 04:08:32,919 - __main__ - ERROR -   Batch 1611: NaN or Inf loss detected! Skipping batch.
2026-05-08 04:08:32,984 - __main__ - ERROR -   Batch 1612: NaN or Inf loss detected! Skipping batch.
2026-05-08 04:08:33,055 - __main__ - ERROR -   Batch 1613: NaN or Inf loss detected! Skipping batch.
2026-05-08 04:08:33,125 - __main__ - ERROR -   Batch 1614: NaN or Inf loss detected! Skipping batch.
2026-05-08 04:08:33,196 - __main__ - ERROR -   Batch 1615: NaN or Inf loss detected! Skipping batch.
2026-05-08 04:08:33,268 - __main__ - ERROR -   Batch 1616: NaN or Inf loss detected! Skipping batch.
2026-05-08 04:08:33,340 - __main__ - ERROR -   Batch 1617: NaN or Inf loss detected! Skipping batch.
2026-05-08 04:08:33,411 - __main__ - ERROR -   Batch 1618: NaN or Inf loss detected! Skipping batch.
2026-05-08 04:08:33,483 - __main__ - ERROR -   Batch 1619: NaN or Inf loss detected! Skipping batch.
2026-05-08 04:08:33,554 - __main__ - ERROR -   Batch 1620: NaN or Inf loss detected! Skipping batch.
2026-05-08 04:08:33,626 - __main__ - ERROR -   Batch 1621: NaN or Inf loss detected! Skipping batch.
2026-05-08 04:08:33,697 - __main__ - ERROR -   Batch 1622: NaN or Inf loss detected! Skipping batch.
2026-05-08 04:08:33,768 - __main__ - ERROR -   Batch 1623: NaN or Inf loss detected! Skipping batch.
2026-05-08 04:08:33,840 - __main__ - ERROR -   Batch 1624: NaN or Inf loss detected! Skipping batch.
2026-05-08 04:08:33,911 - __main__ - ERROR -   Batch 1625: NaN or Inf loss detected! Skipping batch.
2026-05-08 04:08:33,983 - __main__ - ERROR -   Batch 1626: NaN or Inf loss detected! Skipping batch.
2026-05-08 04:08:34,055 - __main__ - ERROR -   Batch 1627: NaN or Inf loss detected! Skipping batch.
2026-05-08 04:08:34,127 - __main__ - ERROR -   Batch 1628: NaN or Inf loss detected! Skipping batch.
2026-05-08 04:08:34,199 - __main__ - ERROR -   Batch 1629: NaN or Inf loss detected! Skipping batch.
2026-05-08 04:08:34,270 - __main__ - ERROR -   Batch 1630: NaN or Inf loss detected! Skipping batch.
2026-05-08 04:08:34,342 - __main__ - ERROR -   Batch 1631: NaN or Inf loss detected! Skipping batch.
2026-05-08 04:08:34,414 - __main__ - ERROR -   Batch 1632: NaN or Inf loss detected! Skipping batch.
2026-05-08 04:08:34,485 - __main__ - ERROR -   Batch 1633: NaN or Inf loss detected! Skipping batch.
2026-05-08 04:08:34,557 - __main__ - ERROR -   Batch 1634: NaN or Inf loss detected! Skipping batch.
2026-05-08 04:08:34,628 - __main__ - ERROR -   Batch 1635: NaN or Inf loss detected! Skipping batch.
2026-05-08 04:08:34,700 - __main__ - ERROR -   Batch 1636: NaN or Inf loss detected! Skipping batch.
2026-05-08 04:08:34,772 - __main__ - ERROR -   Batch 1637: NaN or Inf loss detected! Skipping batch.
2026-05-08 04:08:34,844 - __main__ - ERROR -   Batch 1638: NaN or Inf loss detected! Skipping batch.
2026-05-08 04:08:34,898 - __main__ - ERROR -   Batch 1639: NaN or Inf loss detected! Skipping batch.
2026-05-08 04:08:34,969 - __main__ - ERROR -   Batch 1640: NaN or Inf loss detected! Skipping batch.
2026-05-08 04:08:35,034 - __main__ - ERROR -   Batch 1641: NaN or Inf loss detected! Skipping batch.
2026-05-08 04:08:35,105 - __main__ - ERROR -   Batch 1642: NaN or Inf loss detected! Skipping batch.
2026-05-08 04:08:35,176 - __main__ - ERROR -   Batch 1643: NaN or Inf loss detected! Skipping batch.
2026-05-08 04:08:35,247 - __main__ - ERROR -   Batch 1644: NaN or Inf loss detected! Skipping batch.
2026-05-08 04:08:35,319 - __main__ - ERROR -   Batch 1645: NaN or Inf loss detected! Skipping batch.
2026-05-08 04:08:35,391 - __main__ - ERROR -   Batch 1646: NaN or Inf loss detected! Skipping batch.
2026-05-08 04:08:35,462 - __main__ - ERROR -   Batch 1647: NaN or Inf loss detected! Skipping batch.
2026-05-08 04:08:35,534 - __main__ - ERROR -   Batch 1648: NaN or Inf loss detected! Skipping batch.
2026-05-08 04:08:35,606 - __main__ - ERROR -   Batch 1649: NaN or Inf loss detected! Skipping batch.
2026-05-08 04:08:35,678 - __main__ - ERROR -   Batch 1650: NaN or Inf loss detected! Skipping batch.
2026-05-08 04:08:35,749 - __main__ - ERROR -   Batch 1651: NaN or Inf loss detected! Skipping batch.
2026-05-08 04:08:35,820 - __main__ - ERROR -   Batch 1652: NaN or Inf loss detected! Skipping batch.
2026-05-08 04:08:35,892 - __main__ - ERROR -   Batch 1653: NaN or Inf loss detected! Skipping batch.
2026-05-08 04:08:35,964 - __main__ - ERROR -   Batch 1654: NaN or Inf loss detected! Skipping batch.
2026-05-08 04:08:36,035 - __main__ - ERROR -   Batch 1655: NaN or Inf loss detected! Skipping batch.
2026-05-08 04:08:36,107 - __main__ - ERROR -   Batch 1656: NaN or Inf loss detected! Skipping batch.
2026-05-08 04:08:36,179 - __main__ - ERROR -   Batch 1657: NaN or Inf loss detected! Skipping batch.
2026-05-08 04:08:36,252 - __main__ - ERROR -   Batch 1658: NaN or Inf loss detected! Skipping batch.
2026-05-08 04:08:36,323 - __main__ - ERROR -   Batch 1659: NaN or Inf loss detected! Skipping batch.
2026-05-08 04:08:36,395 - __main__ - ERROR -   Batch 1660: NaN or Inf loss detected! Skipping batch.
2026-05-08 04:08:36,466 - __main__ - ERROR -   Batch 1661: NaN or Inf loss detected! Skipping batch.
2026-05-08 04:08:36,538 - __main__ - ERROR -   Batch 1662: NaN or Inf loss detected! Skipping batch.
2026-05-08 04:08:36,609 - __main__ - ERROR -   Batch 1663: NaN or Inf loss detected! Skipping batch.
2026-05-08 04:08:36,680 - __main__ - ERROR -   Batch 1664: NaN or Inf loss detected! Skipping batch.
2026-05-08 04:08:36,752 - __main__ - ERROR -   Batch 1665: NaN or Inf loss detected! Skipping batch.
2026-05-08 04:08:36,822 - __main__ - ERROR -   Batch 1666: NaN or Inf loss detected! Skipping batch.
2026-05-08 04:08:36,894 - __main__ - ERROR -   Batch 1667: NaN or Inf loss detected! Skipping batch.
2026-05-08 04:08:36,966 - __main__ - ERROR -   Batch 1668: NaN or Inf loss detected! Skipping batch.
2026-05-08 04:08:37,037 - __main__ - ERROR -   Batch 1669: NaN or Inf loss detected! Skipping batch.
2026-05-08 04:08:37,109 - __main__ - ERROR -   Batch 1670: NaN or Inf loss detected! Skipping batch.
2026-05-08 04:08:37,181 - __main__ - ERROR -   Batch 1671: NaN or Inf loss detected! Skipping batch.
2026-05-08 04:08:37,252 - __main__ - ERROR -   Batch 1672: NaN or Inf loss detected! Skipping batch.
2026-05-08 04:08:37,324 - __main__ - ERROR -   Batch 1673: NaN or Inf loss detected! Skipping batch.
2026-05-08 04:08:37,396 - __main__ - ERROR -   Batch 1674: NaN or Inf loss detected! Skipping batch.
2026-05-08 04:08:37,468 - __main__ - ERROR -   Batch 1675: NaN or Inf loss detected! Skipping batch.
2026-05-08 04:08:37,539 - __main__ - ERROR -   Batch 1676: NaN or Inf loss detected! Skipping batch.
2026-05-08 04:08:37,611 - __main__ - ERROR -   Batch 1677: NaN or Inf loss detected! Skipping batch.
2026-05-08 04:08:37,683 - __main__ - ERROR -   Batch 1678: NaN or Inf loss detected! Skipping batch.
2026-05-08 04:08:37,754 - __main__ - ERROR -   Batch 1679: NaN or Inf loss detected! Skipping batch.
2026-05-08 04:08:37,826 - __main__ - ERROR -   Batch 1680: NaN or Inf loss detected! Skipping batch.
2026-05-08 04:08:38,210 - __main__ - ERROR -   Batch 1681: NaN or Inf loss detected! Skipping batch.
2026-05-08 04:08:38,283 - __main__ - ERROR -   Batch 1682: NaN or Inf loss detected! Skipping batch.
2026-05-08 04:08:38,354 - __main__ - ERROR -   Batch 1683: NaN or Inf loss detected! Skipping batch.
2026-05-08 04:08:38,426 - __main__ - ERROR -   Batch 1684: NaN or Inf loss detected! Skipping batch.
2026-05-08 04:08:38,498 - __main__ - ERROR -   Batch 1685: NaN or Inf loss detected! Skipping batch.
2026-05-08 04:08:38,570 - __main__ - ERROR -   Batch 1686: NaN or Inf loss detected! Skipping batch.
2026-05-08 04:08:38,641 - __main__ - ERROR -   Batch 1687: NaN or Inf loss detected! Skipping batch.
2026-05-08 04:08:38,713 - __main__ - ERROR -   Batch 1688: NaN or Inf loss detected! Skipping batch.
2026-05-08 04:08:38,785 - __main__ - ERROR -   Batch 1689: NaN or Inf loss detected! Skipping batch.
2026-05-08 04:08:38,856 - __main__ - ERROR -   Batch 1690: NaN or Inf loss detected! Skipping batch.
2026-05-08 04:08:38,928 - __main__ - ERROR -   Batch 1691: NaN or Inf loss detected! Skipping batch.
2026-05-08 04:08:39,000 - __main__ - ERROR -   Batch 1692: NaN or Inf loss detected! Skipping batch.
2026-05-08 04:08:39,072 - __main__ - ERROR -   Batch 1693: NaN or Inf loss detected! Skipping batch.
2026-05-08 04:08:39,144 - __main__ - ERROR -   Batch 1694: NaN or Inf loss detected! Skipping batch.
2026-05-08 04:08:39,215 - __main__ - ERROR -   Batch 1695: NaN or Inf loss detected! Skipping batch.
2026-05-08 04:08:39,287 - __main__ - ERROR -   Batch 1696: NaN or Inf loss detected! Skipping batch.
2026-05-08 04:08:39,359 - __main__ - ERROR -   Batch 1697: NaN or Inf loss detected! Skipping batch.
2026-05-08 04:08:39,431 - __main__ - ERROR -   Batch 1698: NaN or Inf loss detected! Skipping batch.
2026-05-08 04:08:39,502 - __main__ - ERROR -   Batch 1699: NaN or Inf loss detected! Skipping batch.
2026-05-08 04:08:39,574 - __main__ - ERROR -   Batch 1700: NaN or Inf loss detected! Skipping batch.
2026-05-08 04:08:39,646 - __main__ - ERROR -   Batch 1701: NaN or Inf loss detected! Skipping batch.
2026-05-08 04:08:39,717 - __main__ - ERROR -   Batch 1702: NaN or Inf loss detected! Skipping batch.
2026-05-08 04:08:39,789 - __main__ - ERROR -   Batch 1703: NaN or Inf loss detected! Skipping batch.
2026-05-08 04:08:39,861 - __main__ - ERROR -   Batch 1704: NaN or Inf loss detected! Skipping batch.
2026-05-08 04:08:39,933 - __main__ - ERROR -   Batch 1705: NaN or Inf loss detected! Skipping batch.
2026-05-08 04:08:40,005 - __main__ - ERROR -   Batch 1706: NaN or Inf loss detected! Skipping batch.
2026-05-08 04:08:40,077 - __main__ - ERROR -   Batch 1707: NaN or Inf loss detected! Skipping batch.
2026-05-08 04:08:40,142 - __main__ - ERROR -   Batch 1708: NaN or Inf loss detected! Skipping batch.
2026-05-08 04:08:40,202 - __main__ - ERROR -   Batch 1709: NaN or Inf loss detected! Skipping batch.
2026-05-08 04:08:40,272 - __main__ - ERROR -   Batch 1710: NaN or Inf loss detected! Skipping batch.
2026-05-08 04:08:40,343 - __main__ - ERROR -   Batch 1711: NaN or Inf loss detected! Skipping batch.
2026-05-08 04:08:40,414 - __main__ - ERROR -   Batch 1712: NaN or Inf loss detected! Skipping batch.
2026-05-08 04:08:40,485 - __main__ - ERROR -   Batch 1713: NaN or Inf loss detected! Skipping batch.
2026-05-08 04:08:40,557 - __main__ - ERROR -   Batch 1714: NaN or Inf loss detected! Skipping batch.
2026-05-08 04:08:40,628 - __main__ - ERROR -   Batch 1715: NaN or Inf loss detected! Skipping batch.
2026-05-08 04:08:40,693 - __main__ - ERROR -   Batch 1716: NaN or Inf loss detected! Skipping batch.
2026-05-08 04:08:40,764 - __main__ - ERROR -   Batch 1717: NaN or Inf loss detected! Skipping batch.
2026-05-08 04:08:40,835 - __main__ - ERROR -   Batch 1718: NaN or Inf loss detected! Skipping batch.
2026-05-08 04:08:40,905 - __main__ - ERROR -   Batch 1719: NaN or Inf loss detected! Skipping batch.
2026-05-08 04:08:40,970 - __main__ - ERROR -   Batch 1720: NaN or Inf loss detected! Skipping batch.
2026-05-08 04:08:41,042 - __main__ - ERROR -   Batch 1721: NaN or Inf loss detected! Skipping batch.
2026-05-08 04:08:41,113 - __main__ - ERROR -   Batch 1722: NaN or Inf loss detected! Skipping batch.
2026-05-08 04:08:41,184 - __main__ - ERROR -   Batch 1723: NaN or Inf loss detected! Skipping batch.
2026-05-08 04:08:41,256 - __main__ - ERROR -   Batch 1724: NaN or Inf loss detected! Skipping batch.
2026-05-08 04:08:41,327 - __main__ - ERROR -   Batch 1725: NaN or Inf loss detected! Skipping batch.
2026-05-08 04:08:41,398 - __main__ - ERROR -   Batch 1726: NaN or Inf loss detected! Skipping batch.
2026-05-08 04:08:41,463 - __main__ - ERROR -   Batch 1727: NaN or Inf loss detected! Skipping batch.
2026-05-08 04:08:41,534 - __main__ - ERROR -   Batch 1728: NaN or Inf loss detected! Skipping batch.
2026-05-08 04:08:41,605 - __main__ - ERROR -   Batch 1729: NaN or Inf loss detected! Skipping batch.
2026-05-08 04:08:41,677 - __main__ - ERROR -   Batch 1730: NaN or Inf loss detected! Skipping batch.
2026-05-08 04:08:41,747 - __main__ - ERROR -   Batch 1731: NaN or Inf loss detected! Skipping batch.
2026-05-08 04:08:41,819 - __main__ - ERROR -   Batch 1732: NaN or Inf loss detected! Skipping batch.
2026-05-08 04:08:41,891 - __main__ - ERROR -   Batch 1733: NaN or Inf loss detected! Skipping batch.
2026-05-08 04:08:41,962 - __main__ - ERROR -   Batch 1734: NaN or Inf loss detected! Skipping batch.
2026-05-08 04:08:42,034 - __main__ - ERROR -   Batch 1735: NaN or Inf loss detected! Skipping batch.
2026-05-08 04:08:42,104 - __main__ - ERROR -   Batch 1736: NaN or Inf loss detected! Skipping batch.
2026-05-08 04:08:42,176 - __main__ - ERROR -   Batch 1737: NaN or Inf loss detected! Skipping batch.
2026-05-08 04:08:42,248 - __main__ - ERROR -   Batch 1738: NaN or Inf loss detected! Skipping batch.
2026-05-08 04:08:42,320 - __main__ - ERROR -   Batch 1739: NaN or Inf loss detected! Skipping batch.
2026-05-08 04:08:42,392 - __main__ - ERROR -   Batch 1740: NaN or Inf loss detected! Skipping batch.
2026-05-08 04:08:42,464 - __main__ - ERROR -   Batch 1741: NaN or Inf loss detected! Skipping batch.
2026-05-08 04:08:42,535 - __main__ - ERROR -   Batch 1742: NaN or Inf loss detected! Skipping batch.
2026-05-08 04:08:42,607 - __main__ - ERROR -   Batch 1743: NaN or Inf loss detected! Skipping batch.
2026-05-08 04:08:42,679 - __main__ - ERROR -   Batch 1744: NaN or Inf loss detected! Skipping batch.
2026-05-08 04:08:42,750 - __main__ - ERROR -   Batch 1745: NaN or Inf loss detected! Skipping batch.
2026-05-08 04:08:42,822 - __main__ - ERROR -   Batch 1746: NaN or Inf loss detected! Skipping batch.
2026-05-08 04:08:42,894 - __main__ - ERROR -   Batch 1747: NaN or Inf loss detected! Skipping batch.
2026-05-08 04:08:42,966 - __main__ - ERROR -   Batch 1748: NaN or Inf loss detected! Skipping batch.
2026-05-08 04:08:43,038 - __main__ - ERROR -   Batch 1749: NaN or Inf loss detected! Skipping batch.
2026-05-08 04:08:43,110 - __main__ - ERROR -   Batch 1750: NaN or Inf loss detected! Skipping batch.
2026-05-08 04:08:43,182 - __main__ - ERROR -   Batch 1751: NaN or Inf loss detected! Skipping batch.
2026-05-08 04:08:43,254 - __main__ - ERROR -   Batch 1752: NaN or Inf loss detected! Skipping batch.
2026-05-08 04:08:43,326 - __main__ - ERROR -   Batch 1753: NaN or Inf loss detected! Skipping batch.
2026-05-08 04:08:43,398 - __main__ - ERROR -   Batch 1754: NaN or Inf loss detected! Skipping batch.
2026-05-08 04:08:43,470 - __main__ - ERROR -   Batch 1755: NaN or Inf loss detected! Skipping batch.
2026-05-08 04:08:43,542 - __main__ - ERROR -   Batch 1756: NaN or Inf loss detected! Skipping batch.
2026-05-08 04:08:43,614 - __main__ - ERROR -   Batch 1757: NaN or Inf loss detected! Skipping batch.
2026-05-08 04:08:43,685 - __main__ - ERROR -   Batch 1758: NaN or Inf loss detected! Skipping batch.
2026-05-08 04:08:43,757 - __main__ - ERROR -   Batch 1759: NaN or Inf loss detected! Skipping batch.
2026-05-08 04:08:43,829 - __main__ - ERROR -   Batch 1760: NaN or Inf loss detected! Skipping batch.
2026-05-08 04:08:43,893 - __main__ - ERROR -   Batch 1761: NaN or Inf loss detected! Skipping batch.
2026-05-08 04:08:43,964 - __main__ - ERROR -   Batch 1762: NaN or Inf loss detected! Skipping batch.
2026-05-08 04:08:44,035 - __main__ - ERROR -   Batch 1763: NaN or Inf loss detected! Skipping batch.
2026-05-08 04:08:44,107 - __main__ - ERROR -   Batch 1764: NaN or Inf loss detected! Skipping batch.
2026-05-08 04:08:44,178 - __main__ - ERROR -   Batch 1765: NaN or Inf loss detected! Skipping batch.
2026-05-08 04:08:44,250 - __main__ - ERROR -   Batch 1766: NaN or Inf loss detected! Skipping batch.
2026-05-08 04:08:44,315 - __main__ - ERROR -   Batch 1767: NaN or Inf loss detected! Skipping batch.
2026-05-08 04:08:44,386 - __main__ - ERROR -   Batch 1768: NaN or Inf loss detected! Skipping batch.
2026-05-08 04:08:44,457 - __main__ - ERROR -   Batch 1769: NaN or Inf loss detected! Skipping batch.
2026-05-08 04:08:44,522 - __main__ - ERROR -   Batch 1770: NaN or Inf loss detected! Skipping batch.
2026-05-08 04:08:44,587 - __main__ - ERROR -   Batch 1771: NaN or Inf loss detected! Skipping batch.
2026-05-08 04:08:44,657 - __main__ - ERROR -   Batch 1772: NaN or Inf loss detected! Skipping batch.
2026-05-08 04:08:44,728 - __main__ - ERROR -   Batch 1773: NaN or Inf loss detected! Skipping batch.
2026-05-08 04:08:44,800 - __main__ - ERROR -   Batch 1774: NaN or Inf loss detected! Skipping batch.
2026-05-08 04:08:44,872 - __main__ - ERROR -   Batch 1775: NaN or Inf loss detected! Skipping batch.
2026-05-08 04:08:44,943 - __main__ - ERROR -   Batch 1776: NaN or Inf loss detected! Skipping batch.
2026-05-08 04:08:45,015 - __main__ - ERROR -   Batch 1777: NaN or Inf loss detected! Skipping batch.
2026-05-08 04:08:45,086 - __main__ - ERROR -   Batch 1778: NaN or Inf loss detected! Skipping batch.
2026-05-08 04:08:45,157 - __main__ - ERROR -   Batch 1779: NaN or Inf loss detected! Skipping batch.
2026-05-08 04:08:45,229 - __main__ - ERROR -   Batch 1780: NaN or Inf loss detected! Skipping batch.
2026-05-08 04:08:45,300 - __main__ - ERROR -   Batch 1781: NaN or Inf loss detected! Skipping batch.
2026-05-08 04:08:45,372 - __main__ - ERROR -   Batch 1782: NaN or Inf loss detected! Skipping batch.
2026-05-08 04:08:45,444 - __main__ - ERROR -   Batch 1783: NaN or Inf loss detected! Skipping batch.
2026-05-08 04:08:45,516 - __main__ - ERROR -   Batch 1784: NaN or Inf loss detected! Skipping batch.
2026-05-08 04:08:45,588 - __main__ - ERROR -   Batch 1785: NaN or Inf loss detected! Skipping batch.
2026-05-08 04:08:45,660 - __main__ - ERROR -   Batch 1786: NaN or Inf loss detected! Skipping batch.
2026-05-08 04:08:45,732 - __main__ - ERROR -   Batch 1787: NaN or Inf loss detected! Skipping batch.
2026-05-08 04:08:45,803 - __main__ - ERROR -   Batch 1788: NaN or Inf loss detected! Skipping batch.
2026-05-08 04:08:45,875 - __main__ - ERROR -   Batch 1789: NaN or Inf loss detected! Skipping batch.
2026-05-08 04:08:45,946 - __main__ - ERROR -   Batch 1790: NaN or Inf loss detected! Skipping batch.
2026-05-08 04:08:46,018 - __main__ - ERROR -   Batch 1791: NaN or Inf loss detected! Skipping batch.
2026-05-08 04:08:46,090 - __main__ - ERROR -   Batch 1792: NaN or Inf loss detected! Skipping batch.
2026-05-08 04:08:46,162 - __main__ - ERROR -   Batch 1793: NaN or Inf loss detected! Skipping batch.
2026-05-08 04:08:46,233 - __main__ - ERROR -   Batch 1794: NaN or Inf loss detected! Skipping batch.
2026-05-08 04:08:46,305 - __main__ - ERROR -   Batch 1795: NaN or Inf loss detected! Skipping batch.
2026-05-08 04:08:46,665 - __main__ - ERROR -   Batch 1796: NaN or Inf loss detected! Skipping batch.
2026-05-08 04:08:46,736 - __main__ - ERROR -   Batch 1797: NaN or Inf loss detected! Skipping batch.
2026-05-08 04:08:46,801 - __main__ - ERROR -   Batch 1798: NaN or Inf loss detected! Skipping batch.
2026-05-08 04:08:46,872 - __main__ - ERROR -   Batch 1799: NaN or Inf loss detected! Skipping batch.
2026-05-08 04:08:46,943 - __main__ - ERROR -   Batch 1800: NaN or Inf loss detected! Skipping batch.
2026-05-08 04:08:47,015 - __main__ - ERROR -   Batch 1801: NaN or Inf loss detected! Skipping batch.
2026-05-08 04:08:47,086 - __main__ - ERROR -   Batch 1802: NaN or Inf loss detected! Skipping batch.
2026-05-08 04:08:47,152 - __main__ - ERROR -   Batch 1803: NaN or Inf loss detected! Skipping batch.
2026-05-08 04:08:47,224 - __main__ - ERROR -   Batch 1804: NaN or Inf loss detected! Skipping batch.
2026-05-08 04:08:47,295 - __main__ - ERROR -   Batch 1805: NaN or Inf loss detected! Skipping batch.
2026-05-08 04:08:47,367 - __main__ - ERROR -   Batch 1806: NaN or Inf loss detected! Skipping batch.
2026-05-08 04:08:47,438 - __main__ - ERROR -   Batch 1807: NaN or Inf loss detected! Skipping batch.
2026-05-08 04:08:47,509 - __main__ - ERROR -   Batch 1808: NaN or Inf loss detected! Skipping batch.
2026-05-08 04:08:47,581 - __main__ - ERROR -   Batch 1809: NaN or Inf loss detected! Skipping batch.
2026-05-08 04:08:47,653 - __main__ - ERROR -   Batch 1810: NaN or Inf loss detected! Skipping batch.
2026-05-08 04:08:47,725 - __main__ - ERROR -   Batch 1811: NaN or Inf loss detected! Skipping batch.
2026-05-08 04:08:47,797 - __main__ - ERROR -   Batch 1812: NaN or Inf loss detected! Skipping batch.
2026-05-08 04:08:47,867 - __main__ - ERROR -   Batch 1813: NaN or Inf loss detected! Skipping batch.
2026-05-08 04:08:47,936 - __main__ - ERROR -   Batch 1814: NaN or Inf loss detected! Skipping batch.
2026-05-08 04:08:48,007 - __main__ - ERROR -   Batch 1815: NaN or Inf loss detected! Skipping batch.
2026-05-08 04:08:48,077 - __main__ - ERROR -   Batch 1816: NaN or Inf loss detected! Skipping batch.
2026-05-08 04:08:48,147 - __main__ - ERROR -   Batch 1817: NaN or Inf loss detected! Skipping batch.
2026-05-08 04:08:48,217 - __main__ - ERROR -   Batch 1818: NaN or Inf loss detected! Skipping batch.
2026-05-08 04:08:48,287 - __main__ - ERROR -   Batch 1819: NaN or Inf loss detected! Skipping batch.
2026-05-08 04:08:48,357 - __main__ - ERROR -   Batch 1820: NaN or Inf loss detected! Skipping batch.
2026-05-08 04:08:48,426 - __main__ - ERROR -   Batch 1821: NaN or Inf loss detected! Skipping batch.
2026-05-08 04:08:48,496 - __main__ - ERROR -   Batch 1822: NaN or Inf loss detected! Skipping batch.
2026-05-08 04:08:48,567 - __main__ - ERROR -   Batch 1823: NaN or Inf loss detected! Skipping batch.
2026-05-08 04:08:48,631 - __main__ - ERROR -   Batch 1824: NaN or Inf loss detected! Skipping batch.
2026-05-08 04:08:48,703 - __main__ - ERROR -   Batch 1825: NaN or Inf loss detected! Skipping batch.
2026-05-08 04:08:48,773 - __main__ - ERROR -   Batch 1826: NaN or Inf loss detected! Skipping batch.
2026-05-08 04:08:48,845 - __main__ - ERROR -   Batch 1827: NaN or Inf loss detected! Skipping batch.
2026-05-08 04:08:48,916 - __main__ - ERROR -   Batch 1828: NaN or Inf loss detected! Skipping batch.
2026-05-08 04:08:48,987 - __main__ - ERROR -   Batch 1829: NaN or Inf loss detected! Skipping batch.
2026-05-08 04:08:49,058 - __main__ - ERROR -   Batch 1830: NaN or Inf loss detected! Skipping batch.
2026-05-08 04:08:49,130 - __main__ - ERROR -   Batch 1831: NaN or Inf loss detected! Skipping batch.
2026-05-08 04:08:49,202 - __main__ - ERROR -   Batch 1832: NaN or Inf loss detected! Skipping batch.
2026-05-08 04:08:49,273 - __main__ - ERROR -   Batch 1833: NaN or Inf loss detected! Skipping batch.
2026-05-08 04:08:49,346 - __main__ - ERROR -   Batch 1834: NaN or Inf loss detected! Skipping batch.
2026-05-08 04:08:49,417 - __main__ - ERROR -   Batch 1835: NaN or Inf loss detected! Skipping batch.
2026-05-08 04:08:49,488 - __main__ - ERROR -   Batch 1836: NaN or Inf loss detected! Skipping batch.
2026-05-08 04:08:49,552 - __main__ - ERROR -   Batch 1837: NaN or Inf loss detected! Skipping batch.
2026-05-08 04:08:49,623 - __main__ - ERROR -   Batch 1838: NaN or Inf loss detected! Skipping batch.
2026-05-08 04:08:49,694 - __main__ - ERROR -   Batch 1839: NaN or Inf loss detected! Skipping batch.
2026-05-08 04:08:49,765 - __main__ - ERROR -   Batch 1840: NaN or Inf loss detected! Skipping batch.
2026-05-08 04:08:49,836 - __main__ - ERROR -   Batch 1841: NaN or Inf loss detected! Skipping batch.
2026-05-08 04:08:49,908 - __main__ - ERROR -   Batch 1842: NaN or Inf loss detected! Skipping batch.
2026-05-08 04:08:49,973 - __main__ - ERROR -   Batch 1843: NaN or Inf loss detected! Skipping batch.
2026-05-08 04:08:50,044 - __main__ - ERROR -   Batch 1844: NaN or Inf loss detected! Skipping batch.
2026-05-08 04:08:50,117 - __main__ - ERROR -   Batch 1845: NaN or Inf loss detected! Skipping batch.
2026-05-08 04:08:50,188 - __main__ - ERROR -   Batch 1846: NaN or Inf loss detected! Skipping batch.
2026-05-08 04:08:50,260 - __main__ - ERROR -   Batch 1847: NaN or Inf loss detected! Skipping batch.
2026-05-08 04:08:50,331 - __main__ - ERROR -   Batch 1848: NaN or Inf loss detected! Skipping batch.
2026-05-08 04:08:50,402 - __main__ - ERROR -   Batch 1849: NaN or Inf loss detected! Skipping batch.
2026-05-08 04:08:50,466 - __main__ - ERROR -   Batch 1850: NaN or Inf loss detected! Skipping batch.
2026-05-08 04:08:50,538 - __main__ - ERROR -   Batch 1851: NaN or Inf loss detected! Skipping batch.
2026-05-08 04:08:50,609 - __main__ - ERROR -   Batch 1852: NaN or Inf loss detected! Skipping batch.
2026-05-08 04:08:50,680 - __main__ - ERROR -   Batch 1853: NaN or Inf loss detected! Skipping batch.
2026-05-08 04:08:50,752 - __main__ - ERROR -   Batch 1854: NaN or Inf loss detected! Skipping batch.
2026-05-08 04:08:50,824 - __main__ - ERROR -   Batch 1855: NaN or Inf loss detected! Skipping batch.
2026-05-08 04:08:50,895 - __main__ - ERROR -   Batch 1856: NaN or Inf loss detected! Skipping batch.
2026-05-08 04:08:50,960 - __main__ - ERROR -   Batch 1857: NaN or Inf loss detected! Skipping batch.
2026-05-08 04:08:51,032 - __main__ - ERROR -   Batch 1858: NaN or Inf loss detected! Skipping batch.
2026-05-08 04:08:51,097 - __main__ - ERROR -   Batch 1859: NaN or Inf loss detected! Skipping batch.
2026-05-08 04:08:51,169 - __main__ - ERROR -   Batch 1860: NaN or Inf loss detected! Skipping batch.
2026-05-08 04:08:51,240 - __main__ - ERROR -   Batch 1861: NaN or Inf loss detected! Skipping batch.
2026-05-08 04:08:51,311 - __main__ - ERROR -   Batch 1862: NaN or Inf loss detected! Skipping batch.
2026-05-08 04:08:51,382 - __main__ - ERROR -   Batch 1863: NaN or Inf loss detected! Skipping batch.
2026-05-08 04:08:51,455 - __main__ - ERROR -   Batch 1864: NaN or Inf loss detected! Skipping batch.
2026-05-08 04:08:51,526 - __main__ - ERROR -   Batch 1865: NaN or Inf loss detected! Skipping batch.
2026-05-08 04:08:51,598 - __main__ - ERROR -   Batch 1866: NaN or Inf loss detected! Skipping batch.
2026-05-08 04:08:51,670 - __main__ - ERROR -   Batch 1867: NaN or Inf loss detected! Skipping batch.
2026-05-08 04:08:51,742 - __main__ - ERROR -   Batch 1868: NaN or Inf loss detected! Skipping batch.
2026-05-08 04:08:51,813 - __main__ - ERROR -   Batch 1869: NaN or Inf loss detected! Skipping batch.
2026-05-08 04:08:51,884 - __main__ - ERROR -   Batch 1870: NaN or Inf loss detected! Skipping batch.
2026-05-08 04:08:51,956 - __main__ - ERROR -   Batch 1871: NaN or Inf loss detected! Skipping batch.
2026-05-08 04:08:52,021 - __main__ - ERROR -   Batch 1872: NaN or Inf loss detected! Skipping batch.
2026-05-08 04:08:52,093 - __main__ - ERROR -   Batch 1873: NaN or Inf loss detected! Skipping batch.
2026-05-08 04:08:52,164 - __main__ - ERROR -   Batch 1874: NaN or Inf loss detected! Skipping batch.
2026-05-08 04:08:52,236 - __main__ - ERROR -   Batch 1875: NaN or Inf loss detected! Skipping batch.
2026-05-08 04:08:52,307 - __main__ - ERROR -   Batch 1876: NaN or Inf loss detected! Skipping batch.
2026-05-08 04:08:52,378 - __main__ - ERROR -   Batch 1877: NaN or Inf loss detected! Skipping batch.
2026-05-08 04:08:52,449 - __main__ - ERROR -   Batch 1878: NaN or Inf loss detected! Skipping batch.
2026-05-08 04:08:52,522 - __main__ - ERROR -   Batch 1879: NaN or Inf loss detected! Skipping batch.
2026-05-08 04:08:52,593 - __main__ - ERROR -   Batch 1880: NaN or Inf loss detected! Skipping batch.
2026-05-08 04:08:52,665 - __main__ - ERROR -   Batch 1881: NaN or Inf loss detected! Skipping batch.
2026-05-08 04:08:52,737 - __main__ - ERROR -   Batch 1882: NaN or Inf loss detected! Skipping batch.
2026-05-08 04:08:52,809 - __main__ - ERROR -   Batch 1883: NaN or Inf loss detected! Skipping batch.
2026-05-08 04:08:52,874 - __main__ - ERROR -   Batch 1884: NaN or Inf loss detected! Skipping batch.
2026-05-08 04:08:52,945 - __main__ - ERROR -   Batch 1885: NaN or Inf loss detected! Skipping batch.
2026-05-08 04:08:53,015 - __main__ - ERROR -   Batch 1886: NaN or Inf loss detected! Skipping batch.
2026-05-08 04:08:53,086 - __main__ - ERROR -   Batch 1887: NaN or Inf loss detected! Skipping batch.
2026-05-08 04:08:53,158 - __main__ - ERROR -   Batch 1888: NaN or Inf loss detected! Skipping batch.
2026-05-08 04:08:53,230 - __main__ - ERROR -   Batch 1889: NaN or Inf loss detected! Skipping batch.
2026-05-08 04:08:53,301 - __main__ - ERROR -   Batch 1890: NaN or Inf loss detected! Skipping batch.
2026-05-08 04:08:53,374 - __main__ - ERROR -   Batch 1891: NaN or Inf loss detected! Skipping batch.
2026-05-08 04:08:53,439 - __main__ - ERROR -   Batch 1892: NaN or Inf loss detected! Skipping batch.
2026-05-08 04:08:53,511 - __main__ - ERROR -   Batch 1893: NaN or Inf loss detected! Skipping batch.
2026-05-08 04:08:53,582 - __main__ - ERROR -   Batch 1894: NaN or Inf loss detected! Skipping batch.
2026-05-08 04:08:53,653 - __main__ - ERROR -   Batch 1895: NaN or Inf loss detected! Skipping batch.
2026-05-08 04:08:53,725 - __main__ - ERROR -   Batch 1896: NaN or Inf loss detected! Skipping batch.
2026-05-08 04:08:53,784 - __main__ - ERROR -   Batch 1897: NaN or Inf loss detected! Skipping batch.
2026-05-08 04:08:53,855 - __main__ - ERROR -   Batch 1898: NaN or Inf loss detected! Skipping batch.
2026-05-08 04:08:53,927 - __main__ - ERROR -   Batch 1899: NaN or Inf loss detected! Skipping batch.
2026-05-08 04:08:53,998 - __main__ - ERROR -   Batch 1900: NaN or Inf loss detected! Skipping batch.
2026-05-08 04:08:54,069 - __main__ - ERROR -   Batch 1901: NaN or Inf loss detected! Skipping batch.
2026-05-08 04:08:54,134 - __main__ - ERROR -   Batch 1902: NaN or Inf loss detected! Skipping batch.
2026-05-08 04:08:54,206 - __main__ - ERROR -   Batch 1903: NaN or Inf loss detected! Skipping batch.
2026-05-08 04:08:54,551 - __main__ - ERROR -   Batch 1904: NaN or Inf loss detected! Skipping batch.
2026-05-08 04:08:54,624 - __main__ - ERROR -   Batch 1905: NaN or Inf loss detected! Skipping batch.
2026-05-08 04:08:54,683 - __main__ - ERROR -   Batch 1906: NaN or Inf loss detected! Skipping batch.
2026-05-08 04:08:54,754 - __main__ - ERROR -   Batch 1907: NaN or Inf loss detected! Skipping batch.
2026-05-08 04:08:54,825 - __main__ - ERROR -   Batch 1908: NaN or Inf loss detected! Skipping batch.
2026-05-08 04:08:54,898 - __main__ - ERROR -   Batch 1909: NaN or Inf loss detected! Skipping batch.
2026-05-08 04:08:54,968 - __main__ - ERROR -   Batch 1910: NaN or Inf loss detected! Skipping batch.
2026-05-08 04:08:55,040 - __main__ - ERROR -   Batch 1911: NaN or Inf loss detected! Skipping batch.
2026-05-08 04:08:55,111 - __main__ - ERROR -   Batch 1912: NaN or Inf loss detected! Skipping batch.
2026-05-08 04:08:55,183 - __main__ - ERROR -   Batch 1913: NaN or Inf loss detected! Skipping batch.
2026-05-08 04:08:55,255 - __main__ - ERROR -   Batch 1914: NaN or Inf loss detected! Skipping batch.
2026-05-08 04:08:55,327 - __main__ - ERROR -   Batch 1915: NaN or Inf loss detected! Skipping batch.
2026-05-08 04:08:55,393 - __main__ - ERROR -   Batch 1916: NaN or Inf loss detected! Skipping batch.
2026-05-08 04:08:55,465 - __main__ - ERROR -   Batch 1917: NaN or Inf loss detected! Skipping batch.
2026-05-08 04:08:55,536 - __main__ - ERROR -   Batch 1918: NaN or Inf loss detected! Skipping batch.
2026-05-08 04:08:55,607 - __main__ - ERROR -   Batch 1919: NaN or Inf loss detected! Skipping batch.
2026-05-08 04:08:55,679 - __main__ - ERROR -   Batch 1920: NaN or Inf loss detected! Skipping batch.
2026-05-08 04:08:55,750 - __main__ - ERROR -   Batch 1921: NaN or Inf loss detected! Skipping batch.
2026-05-08 04:08:55,821 - __main__ - ERROR -   Batch 1922: NaN or Inf loss detected! Skipping batch.
2026-05-08 04:08:55,893 - __main__ - ERROR -   Batch 1923: NaN or Inf loss detected! Skipping batch.
2026-05-08 04:08:55,964 - __main__ - ERROR -   Batch 1924: NaN or Inf loss detected! Skipping batch.
2026-05-08 04:08:56,030 - __main__ - ERROR -   Batch 1925: NaN or Inf loss detected! Skipping batch.
2026-05-08 04:08:56,102 - __main__ - ERROR -   Batch 1926: NaN or Inf loss detected! Skipping batch.
2026-05-08 04:08:56,173 - __main__ - ERROR -   Batch 1927: NaN or Inf loss detected! Skipping batch.
2026-05-08 04:08:56,245 - __main__ - ERROR -   Batch 1928: NaN or Inf loss detected! Skipping batch.
2026-05-08 04:08:56,316 - __main__ - ERROR -   Batch 1929: NaN or Inf loss detected! Skipping batch.
2026-05-08 04:08:56,387 - __main__ - ERROR -   Batch 1930: NaN or Inf loss detected! Skipping batch.
2026-05-08 04:08:56,460 - __main__ - ERROR -   Batch 1931: NaN or Inf loss detected! Skipping batch.
2026-05-08 04:08:56,531 - __main__ - ERROR -   Batch 1932: NaN or Inf loss detected! Skipping batch.
2026-05-08 04:08:56,602 - __main__ - ERROR -   Batch 1933: NaN or Inf loss detected! Skipping batch.
2026-05-08 04:08:56,673 - __main__ - ERROR -   Batch 1934: NaN or Inf loss detected! Skipping batch.
2026-05-08 04:08:56,745 - __main__ - ERROR -   Batch 1935: NaN or Inf loss detected! Skipping batch.
2026-05-08 04:08:56,816 - __main__ - ERROR -   Batch 1936: NaN or Inf loss detected! Skipping batch.
2026-05-08 04:08:56,886 - __main__ - ERROR -   Batch 1937: NaN or Inf loss detected! Skipping batch.
2026-05-08 04:08:56,957 - __main__ - ERROR -   Batch 1938: NaN or Inf loss detected! Skipping batch.
2026-05-08 04:08:57,028 - __main__ - ERROR -   Batch 1939: NaN or Inf loss detected! Skipping batch.
2026-05-08 04:08:57,099 - __main__ - ERROR -   Batch 1940: NaN or Inf loss detected! Skipping batch.
2026-05-08 04:08:57,170 - __main__ - ERROR -   Batch 1941: NaN or Inf loss detected! Skipping batch.
2026-05-08 04:08:57,241 - __main__ - ERROR -   Batch 1942: NaN or Inf loss detected! Skipping batch.
2026-05-08 04:08:57,312 - __main__ - ERROR -   Batch 1943: NaN or Inf loss detected! Skipping batch.
2026-05-08 04:08:57,384 - __main__ - ERROR -   Batch 1944: NaN or Inf loss detected! Skipping batch.
2026-05-08 04:08:57,454 - __main__ - ERROR -   Batch 1945: NaN or Inf loss detected! Skipping batch.
2026-05-08 04:08:57,525 - __main__ - ERROR -   Batch 1946: NaN or Inf loss detected! Skipping batch.
2026-05-08 04:08:57,590 - __main__ - ERROR -   Batch 1947: NaN or Inf loss detected! Skipping batch.
2026-05-08 04:08:57,661 - __main__ - ERROR -   Batch 1948: NaN or Inf loss detected! Skipping batch.
2026-05-08 04:08:57,731 - __main__ - ERROR -   Batch 1949: NaN or Inf loss detected! Skipping batch.
2026-05-08 04:08:57,803 - __main__ - ERROR -   Batch 1950: NaN or Inf loss detected! Skipping batch.
2026-05-08 04:08:57,874 - __main__ - ERROR -   Batch 1951: NaN or Inf loss detected! Skipping batch.
2026-05-08 04:08:57,946 - __main__ - ERROR -   Batch 1952: NaN or Inf loss detected! Skipping batch.
2026-05-08 04:08:58,016 - __main__ - ERROR -   Batch 1953: NaN or Inf loss detected! Skipping batch.
2026-05-08 04:08:58,086 - __main__ - ERROR -   Batch 1954: NaN or Inf loss detected! Skipping batch.
2026-05-08 04:08:58,158 - __main__ - ERROR -   Batch 1955: NaN or Inf loss detected! Skipping batch.
2026-05-08 04:08:58,229 - __main__ - ERROR -   Batch 1956: NaN or Inf loss detected! Skipping batch.
2026-05-08 04:08:58,299 - __main__ - ERROR -   Batch 1957: NaN or Inf loss detected! Skipping batch.
2026-05-08 04:08:58,363 - __main__ - ERROR -   Batch 1958: NaN or Inf loss detected! Skipping batch.
2026-05-08 04:08:58,434 - __main__ - ERROR -   Batch 1959: NaN or Inf loss detected! Skipping batch.
2026-05-08 04:08:58,505 - __main__ - ERROR -   Batch 1960: NaN or Inf loss detected! Skipping batch.
2026-05-08 04:08:58,577 - __main__ - ERROR -   Batch 1961: NaN or Inf loss detected! Skipping batch.
2026-05-08 04:08:58,647 - __main__ - ERROR -   Batch 1962: NaN or Inf loss detected! Skipping batch.
2026-05-08 04:08:58,716 - __main__ - ERROR -   Batch 1963: NaN or Inf loss detected! Skipping batch.
2026-05-08 04:08:58,786 - __main__ - ERROR -   Batch 1964: NaN or Inf loss detected! Skipping batch.
2026-05-08 04:08:58,857 - __main__ - ERROR -   Batch 1965: NaN or Inf loss detected! Skipping batch.
2026-05-08 04:08:58,929 - __main__ - ERROR -   Batch 1966: NaN or Inf loss detected! Skipping batch.
2026-05-08 04:08:59,001 - __main__ - ERROR -   Batch 1967: NaN or Inf loss detected! Skipping batch.
2026-05-08 04:08:59,072 - __main__ - ERROR -   Batch 1968: NaN or Inf loss detected! Skipping batch.
2026-05-08 04:08:59,144 - __main__ - ERROR -   Batch 1969: NaN or Inf loss detected! Skipping batch.
2026-05-08 04:08:59,216 - __main__ - ERROR -   Batch 1970: NaN or Inf loss detected! Skipping batch.
2026-05-08 04:08:59,287 - __main__ - ERROR -   Batch 1971: NaN or Inf loss detected! Skipping batch.
2026-05-08 04:08:59,359 - __main__ - ERROR -   Batch 1972: NaN or Inf loss detected! Skipping batch.
2026-05-08 04:08:59,430 - __main__ - ERROR -   Batch 1973: NaN or Inf loss detected! Skipping batch.
2026-05-08 04:08:59,503 - __main__ - ERROR -   Batch 1974: NaN or Inf loss detected! Skipping batch.
2026-05-08 04:08:59,574 - __main__ - ERROR -   Batch 1975: NaN or Inf loss detected! Skipping batch.
2026-05-08 04:08:59,646 - __main__ - ERROR -   Batch 1976: NaN or Inf loss detected! Skipping batch.
2026-05-08 04:08:59,717 - __main__ - ERROR -   Batch 1977: NaN or Inf loss detected! Skipping batch.
2026-05-08 04:08:59,789 - __main__ - ERROR -   Batch 1978: NaN or Inf loss detected! Skipping batch.
2026-05-08 04:08:59,861 - __main__ - ERROR -   Batch 1979: NaN or Inf loss detected! Skipping batch.
2026-05-08 04:08:59,920 - __main__ - ERROR -   Batch 1980: NaN or Inf loss detected! Skipping batch.
2026-05-08 04:08:59,991 - __main__ - ERROR -   Batch 1981: NaN or Inf loss detected! Skipping batch.
2026-05-08 04:09:00,062 - __main__ - ERROR -   Batch 1982: NaN or Inf loss detected! Skipping batch.
2026-05-08 04:09:00,133 - __main__ - ERROR -   Batch 1983: NaN or Inf loss detected! Skipping batch.
2026-05-08 04:09:00,204 - __main__ - ERROR -   Batch 1984: NaN or Inf loss detected! Skipping batch.
2026-05-08 04:09:00,269 - __main__ - ERROR -   Batch 1985: NaN or Inf loss detected! Skipping batch.
2026-05-08 04:09:00,341 - __main__ - ERROR -   Batch 1986: NaN or Inf loss detected! Skipping batch.
2026-05-08 04:09:00,412 - __main__ - ERROR -   Batch 1987: NaN or Inf loss detected! Skipping batch.
2026-05-08 04:09:00,484 - __main__ - ERROR -   Batch 1988: NaN or Inf loss detected! Skipping batch.
2026-05-08 04:09:00,549 - __main__ - ERROR -   Batch 1989: NaN or Inf loss detected! Skipping batch.
2026-05-08 04:09:00,619 - __main__ - ERROR -   Batch 1990: NaN or Inf loss detected! Skipping batch.
2026-05-08 04:09:00,690 - __main__ - ERROR -   Batch 1991: NaN or Inf loss detected! Skipping batch.
2026-05-08 04:09:00,761 - __main__ - ERROR -   Batch 1992: NaN or Inf loss detected! Skipping batch.
2026-05-08 04:09:00,832 - __main__ - ERROR -   Batch 1993: NaN or Inf loss detected! Skipping batch.
2026-05-08 04:09:00,904 - __main__ - ERROR -   Batch 1994: NaN or Inf loss detected! Skipping batch.
2026-05-08 04:09:00,976 - __main__ - ERROR -   Batch 1995: NaN or Inf loss detected! Skipping batch.
2026-05-08 04:09:01,047 - __main__ - ERROR -   Batch 1996: NaN or Inf loss detected! Skipping batch.
2026-05-08 04:09:01,118 - __main__ - ERROR -   Batch 1997: NaN or Inf loss detected! Skipping batch.
2026-05-08 04:09:01,190 - __main__ - ERROR -   Batch 1998: NaN or Inf loss detected! Skipping batch.
2026-05-08 04:09:01,261 - __main__ - ERROR -   Batch 1999: NaN or Inf loss detected! Skipping batch.
2026-05-08 04:09:01,333 - __main__ - ERROR -   Batch 2000: NaN or Inf loss detected! Skipping batch.
2026-05-08 04:09:01,405 - __main__ - ERROR -   Batch 2001: NaN or Inf loss detected! Skipping batch.
2026-05-08 04:09:01,470 - __main__ - ERROR -   Batch 2002: NaN or Inf loss detected! Skipping batch.
2026-05-08 04:09:01,540 - __main__ - ERROR -   Batch 2003: NaN or Inf loss detected! Skipping batch.
2026-05-08 04:09:01,611 - __main__ - ERROR -   Batch 2004: NaN or Inf loss detected! Skipping batch.
2026-05-08 04:09:01,682 - __main__ - ERROR -   Batch 2005: NaN or Inf loss detected! Skipping batch.
2026-05-08 04:09:01,753 - __main__ - ERROR -   Batch 2006: NaN or Inf loss detected! Skipping batch.
2026-05-08 04:09:01,818 - __main__ - ERROR -   Batch 2007: NaN or Inf loss detected! Skipping batch.
2026-05-08 04:09:02,163 - __main__ - ERROR -   Batch 2008: NaN or Inf loss detected! Skipping batch.
2026-05-08 04:09:02,230 - __main__ - ERROR -   Batch 2009: NaN or Inf loss detected! Skipping batch.
2026-05-08 04:09:02,301 - __main__ - ERROR -   Batch 2010: NaN or Inf loss detected! Skipping batch.
2026-05-08 04:09:02,372 - __main__ - ERROR -   Batch 2011: NaN or Inf loss detected! Skipping batch.
2026-05-08 04:09:02,443 - __main__ - ERROR -   Batch 2012: NaN or Inf loss detected! Skipping batch.
2026-05-08 04:09:02,508 - __main__ - ERROR -   Batch 2013: NaN or Inf loss detected! Skipping batch.
2026-05-08 04:09:02,579 - __main__ - ERROR -   Batch 2014: NaN or Inf loss detected! Skipping batch.
2026-05-08 04:09:02,644 - __main__ - ERROR -   Batch 2015: NaN or Inf loss detected! Skipping batch.
2026-05-08 04:09:02,716 - __main__ - ERROR -   Batch 2016: NaN or Inf loss detected! Skipping batch.
2026-05-08 04:09:02,776 - __main__ - ERROR -   Batch 2017: NaN or Inf loss detected! Skipping batch.
2026-05-08 04:09:02,847 - __main__ - ERROR -   Batch 2018: NaN or Inf loss detected! Skipping batch.
2026-05-08 04:09:02,911 - __main__ - ERROR -   Batch 2019: NaN or Inf loss detected! Skipping batch.
2026-05-08 04:09:02,982 - __main__ - ERROR -   Batch 2020: NaN or Inf loss detected! Skipping batch.
2026-05-08 04:09:03,047 - __main__ - ERROR -   Batch 2021: NaN or Inf loss detected! Skipping batch.
2026-05-08 04:09:03,118 - __main__ - ERROR -   Batch 2022: NaN or Inf loss detected! Skipping batch.
2026-05-08 04:09:03,189 - __main__ - ERROR -   Batch 2023: NaN or Inf loss detected! Skipping batch.
2026-05-08 04:09:03,254 - __main__ - ERROR -   Batch 2024: NaN or Inf loss detected! Skipping batch.
2026-05-08 04:09:03,325 - __main__ - ERROR -   Batch 2025: NaN or Inf loss detected! Skipping batch.
2026-05-08 04:09:03,395 - __main__ - ERROR -   Batch 2026: NaN or Inf loss detected! Skipping batch.
2026-05-08 04:09:03,467 - __main__ - ERROR -   Batch 2027: NaN or Inf loss detected! Skipping batch.
2026-05-08 04:09:03,538 - __main__ - ERROR -   Batch 2028: NaN or Inf loss detected! Skipping batch.
2026-05-08 04:09:03,610 - __main__ - ERROR -   Batch 2029: NaN or Inf loss detected! Skipping batch.
2026-05-08 04:09:03,682 - __main__ - ERROR -   Batch 2030: NaN or Inf loss detected! Skipping batch.
2026-05-08 04:09:03,752 - __main__ - ERROR -   Batch 2031: NaN or Inf loss detected! Skipping batch.
2026-05-08 04:09:03,822 - __main__ - ERROR -   Batch 2032: NaN or Inf loss detected! Skipping batch.
2026-05-08 04:09:03,892 - __main__ - ERROR -   Batch 2033: NaN or Inf loss detected! Skipping batch.
2026-05-08 04:09:03,961 - __main__ - ERROR -   Batch 2034: NaN or Inf loss detected! Skipping batch.
2026-05-08 04:09:04,031 - __main__ - ERROR -   Batch 2035: NaN or Inf loss detected! Skipping batch.
2026-05-08 04:09:04,101 - __main__ - ERROR -   Batch 2036: NaN or Inf loss detected! Skipping batch.
2026-05-08 04:09:04,171 - __main__ - ERROR -   Batch 2037: NaN or Inf loss detected! Skipping batch.
2026-05-08 04:09:04,241 - __main__ - ERROR -   Batch 2038: NaN or Inf loss detected! Skipping batch.
2026-05-08 04:09:04,311 - __main__ - ERROR -   Batch 2039: NaN or Inf loss detected! Skipping batch.
2026-05-08 04:09:04,381 - __main__ - ERROR -   Batch 2040: NaN or Inf loss detected! Skipping batch.
2026-05-08 04:09:04,451 - __main__ - ERROR -   Batch 2041: NaN or Inf loss detected! Skipping batch.
2026-05-08 04:09:04,521 - __main__ - ERROR -   Batch 2042: NaN or Inf loss detected! Skipping batch.
2026-05-08 04:09:04,590 - __main__ - ERROR -   Batch 2043: NaN or Inf loss detected! Skipping batch.
2026-05-08 04:09:04,660 - __main__ - ERROR -   Batch 2044: NaN or Inf loss detected! Skipping batch.
2026-05-08 04:09:04,730 - __main__ - ERROR -   Batch 2045: NaN or Inf loss detected! Skipping batch.
2026-05-08 04:09:04,800 - __main__ - ERROR -   Batch 2046: NaN or Inf loss detected! Skipping batch.
2026-05-08 04:09:04,870 - __main__ - ERROR -   Batch 2047: NaN or Inf loss detected! Skipping batch.
2026-05-08 04:09:04,939 - __main__ - ERROR -   Batch 2048: NaN or Inf loss detected! Skipping batch.
2026-05-08 04:09:05,009 - __main__ - ERROR -   Batch 2049: NaN or Inf loss detected! Skipping batch.
2026-05-08 04:09:05,079 - __main__ - ERROR -   Batch 2050: NaN or Inf loss detected! Skipping batch.
2026-05-08 04:09:05,149 - __main__ - ERROR -   Batch 2051: NaN or Inf loss detected! Skipping batch.
2026-05-08 04:09:05,219 - __main__ - ERROR -   Batch 2052: NaN or Inf loss detected! Skipping batch.
2026-05-08 04:09:05,289 - __main__ - ERROR -   Batch 2053: NaN or Inf loss detected! Skipping batch.
2026-05-08 04:09:05,359 - __main__ - ERROR -   Batch 2054: NaN or Inf loss detected! Skipping batch.
2026-05-08 04:09:05,429 - __main__ - ERROR -   Batch 2055: NaN or Inf loss detected! Skipping batch.
2026-05-08 04:09:05,499 - __main__ - ERROR -   Batch 2056: NaN or Inf loss detected! Skipping batch.
2026-05-08 04:09:05,564 - __main__ - ERROR -   Batch 2057: NaN or Inf loss detected! Skipping batch.
2026-05-08 04:09:05,629 - __main__ - ERROR -   Batch 2058: NaN or Inf loss detected! Skipping batch.
2026-05-08 04:09:05,699 - __main__ - ERROR -   Batch 2059: NaN or Inf loss detected! Skipping batch.
2026-05-08 04:09:05,770 - __main__ - ERROR -   Batch 2060: NaN or Inf loss detected! Skipping batch.
2026-05-08 04:09:05,841 - __main__ - ERROR -   Batch 2061: NaN or Inf loss detected! Skipping batch.
2026-05-08 04:09:05,912 - __main__ - ERROR -   Batch 2062: NaN or Inf loss detected! Skipping batch.
2026-05-08 04:09:05,984 - __main__ - ERROR -   Batch 2063: NaN or Inf loss detected! Skipping batch.
2026-05-08 04:09:06,056 - __main__ - ERROR -   Batch 2064: NaN or Inf loss detected! Skipping batch.
2026-05-08 04:09:06,128 - __main__ - ERROR -   Batch 2065: NaN or Inf loss detected! Skipping batch.
2026-05-08 04:09:06,200 - __main__ - ERROR -   Batch 2066: NaN or Inf loss detected! Skipping batch.
2026-05-08 04:09:06,272 - __main__ - ERROR -   Batch 2067: NaN or Inf loss detected! Skipping batch.
2026-05-08 04:09:06,343 - __main__ - ERROR -   Batch 2068: NaN or Inf loss detected! Skipping batch.
2026-05-08 04:09:06,414 - __main__ - ERROR -   Batch 2069: NaN or Inf loss detected! Skipping batch.
2026-05-08 04:09:06,485 - __main__ - ERROR -   Batch 2070: NaN or Inf loss detected! Skipping batch.
2026-05-08 04:09:06,556 - __main__ - ERROR -   Batch 2071: NaN or Inf loss detected! Skipping batch.
2026-05-08 04:09:06,628 - __main__ - ERROR -   Batch 2072: NaN or Inf loss detected! Skipping batch.
2026-05-08 04:09:06,692 - __main__ - ERROR -   Batch 2073: NaN or Inf loss detected! Skipping batch.
2026-05-08 04:09:06,763 - __main__ - ERROR -   Batch 2074: NaN or Inf loss detected! Skipping batch.
2026-05-08 04:09:06,834 - __main__ - ERROR -   Batch 2075: NaN or Inf loss detected! Skipping batch.
2026-05-08 04:09:06,898 - __main__ - ERROR -   Batch 2076: NaN or Inf loss detected! Skipping batch.
2026-05-08 04:09:06,957 - __main__ - ERROR -   Batch 2077: NaN or Inf loss detected! Skipping batch.
2026-05-08 04:09:07,028 - __main__ - ERROR -   Batch 2078: NaN or Inf loss detected! Skipping batch.
2026-05-08 04:09:07,098 - __main__ - ERROR -   Batch 2079: NaN or Inf loss detected! Skipping batch.
2026-05-08 04:09:07,170 - __main__ - ERROR -   Batch 2080: NaN or Inf loss detected! Skipping batch.
2026-05-08 04:09:07,241 - __main__ - ERROR -   Batch 2081: NaN or Inf loss detected! Skipping batch.
2026-05-08 04:09:07,312 - __main__ - ERROR -   Batch 2082: NaN or Inf loss detected! Skipping batch.
2026-05-08 04:09:07,383 - __main__ - ERROR -   Batch 2083: NaN or Inf loss detected! Skipping batch.
2026-05-08 04:09:07,455 - __main__ - ERROR -   Batch 2084: NaN or Inf loss detected! Skipping batch.
2026-05-08 04:09:07,527 - __main__ - ERROR -   Batch 2085: NaN or Inf loss detected! Skipping batch.
2026-05-08 04:09:07,599 - __main__ - ERROR -   Batch 2086: NaN or Inf loss detected! Skipping batch.
2026-05-08 04:09:07,671 - __main__ - ERROR -   Batch 2087: NaN or Inf loss detected! Skipping batch.
2026-05-08 04:09:07,743 - __main__ - ERROR -   Batch 2088: NaN or Inf loss detected! Skipping batch.
2026-05-08 04:09:07,815 - __main__ - ERROR -   Batch 2089: NaN or Inf loss detected! Skipping batch.
2026-05-08 04:09:07,887 - __main__ - ERROR -   Batch 2090: NaN or Inf loss detected! Skipping batch.
2026-05-08 04:09:07,958 - __main__ - ERROR -   Batch 2091: NaN or Inf loss detected! Skipping batch.
2026-05-08 04:09:08,030 - __main__ - ERROR -   Batch 2092: NaN or Inf loss detected! Skipping batch.
2026-05-08 04:09:08,101 - __main__ - ERROR -   Batch 2093: NaN or Inf loss detected! Skipping batch.
2026-05-08 04:09:08,173 - __main__ - ERROR -   Batch 2094: NaN or Inf loss detected! Skipping batch.
2026-05-08 04:09:08,201 - __main__ - ERROR -   Batch 2095: NaN or Inf loss detected! Skipping batch.
2026-05-08 04:09:08,304 - __main__ - INFO - Epoch 3 complete in 153.81s | avg_loss=0.0000 | batches: 0 succeeded, 2095 skipped (OOM/NaN)
2026-05-08 04:09:08,304 - __main__ - WARNING -   WARNING: 100.0% of batches were skipped this epoch!
2026-05-08 04:09:08,306 - __main__ - INFO -   Loss trend: 0.0000 → 0.0000 (+0.0000) ↑ diverging
2026-05-08 04:09:08,306 - __main__ - INFO - Train Loss: 0.0000
2026-05-08 04:09:08,306 - __main__ - INFO - Evaluating on dev set...
2026-05-08 04:09:08,307 - __main__ - INFO - Starting evaluation on 462 samples
Evaluating:   0%|          | 0/58 [00:00<?, ?it/s]Evaluating:   2%|▏         | 1/58 [00:00<00:17,  3.22it/s]Evaluating:   5%|▌         | 3/58 [00:00<00:06,  8.14it/s]Evaluating:   9%|▊         | 5/58 [00:00<00:04, 10.91it/s]Evaluating:  12%|█▏        | 7/58 [00:00<00:03, 12.83it/s]Evaluating:  16%|█▌        | 9/58 [00:00<00:03, 14.24it/s]2026-05-08 04:09:09,156 - __main__ - INFO -   Evaluation progress: 10/58 batches (11.78 batches/s)
Evaluating:  19%|█▉        | 11/58 [00:00<00:03, 14.79it/s]Evaluating:  22%|██▏       | 13/58 [00:01<00:03, 14.95it/s]Evaluating:  26%|██▌       | 15/58 [00:01<00:02, 15.28it/s]Evaluating:  29%|██▉       | 17/58 [00:01<00:02, 15.74it/s]Evaluating:  33%|███▎      | 19/58 [00:01<00:02, 16.08it/s]2026-05-08 04:09:09,774 - __main__ - INFO -   Evaluation progress: 20/58 batches (13.63 batches/s)
Evaluating:  36%|███▌      | 21/58 [00:01<00:02, 16.29it/s]Evaluating:  40%|███▉      | 23/58 [00:01<00:02, 16.44it/s]Evaluating:  43%|████▎     | 25/58 [00:01<00:02, 16.09it/s]Evaluating:  47%|████▋     | 27/58 [00:01<00:01, 15.82it/s]Evaluating:  50%|█████     | 29/58 [00:02<00:01, 15.66it/s]2026-05-08 04:09:10,405 - __main__ - INFO -   Evaluation progress: 30/58 batches (14.30 batches/s)
Evaluating:  53%|█████▎    | 31/58 [00:02<00:01, 15.52it/s]Evaluating:  57%|█████▋    | 33/58 [00:02<00:01, 15.44it/s]Evaluating:  60%|██████    | 35/58 [00:02<00:01, 15.39it/s]Evaluating:  64%|██████▍   | 37/58 [00:02<00:01, 15.37it/s]Evaluating:  67%|██████▋   | 39/58 [00:02<00:01, 15.34it/s]2026-05-08 04:09:11,059 - __main__ - INFO -   Evaluation progress: 40/58 batches (14.53 batches/s)
Evaluating:  71%|███████   | 41/58 [00:02<00:01, 15.32it/s]Evaluating:  74%|███████▍  | 43/58 [00:02<00:00, 15.31it/s]Evaluating:  78%|███████▊  | 45/58 [00:03<00:00, 15.30it/s]Evaluating:  81%|████████  | 47/58 [00:03<00:00, 15.30it/s]Evaluating:  84%|████████▍ | 49/58 [00:03<00:00, 15.30it/s]2026-05-08 04:09:11,714 - __main__ - INFO -   Evaluation progress: 50/58 batches (14.68 batches/s)
Evaluating:  88%|████████▊ | 51/58 [00:03<00:00, 15.29it/s]Evaluating:  91%|█████████▏| 53/58 [00:03<00:00, 15.31it/s]Evaluating:  95%|█████████▍| 55/58 [00:03<00:00, 15.32it/s]Evaluating:  98%|█████████▊| 57/58 [00:03<00:00, 15.32it/s]                                                           2026-05-08 04:09:12,297 - __main__ - INFO -   Prediction sample (first 20):
2026-05-08 04:09:12,297 - __main__ - INFO -     Predicted: [0, 0, 0, 0, 0, 0, 0, 0, 0, 0, 0, 0, 0, 0, 0, 0, 0, 0, 0, 0]
2026-05-08 04:09:12,297 - __main__ - INFO -     Gold:      [3, 4, 4, 13, 12, 12, 11, 10, 10, 9, 8, 10, 11, 11, 12, 11, 10, 9, 10, 10]
2026-05-08 04:09:12,298 - __main__ - INFO -     Abs error: [3, 4, 4, 13, 12, 12, 11, 10, 10, 9, 8, 10, 11, 11, 12, 11, 10, 9, 10, 10] (mean=9.50)
2026-05-08 04:09:12,298 - __main__ - INFO -   Per-position accuracy (top 10 classes):
2026-05-08 04:09:12,298 - __main__ - INFO -     Position  3: 0.000 accuracy (1 samples)
2026-05-08 04:09:12,298 - __main__ - INFO -     Position  4: 0.000 accuracy (2 samples)
2026-05-08 04:09:12,298 - __main__ - INFO -     Position  7: 0.000 accuracy (1 samples)
2026-05-08 04:09:12,298 - __main__ - INFO -     Position  8: 0.000 accuracy (3 samples)
2026-05-08 04:09:12,298 - __main__ - INFO -     Position  9: 0.000 accuracy (17 samples)
2026-05-08 04:09:12,298 - __main__ - INFO - Evaluation complete in 3.99s
2026-05-08 04:09:12,298 - __main__ - INFO -   Loss: nan, Accuracy: 0.0000, Precision: 0.0000, Recall: 0.0000, F1: 0.0000
2026-05-08 04:09:12,299 - __main__ - INFO - Dev Loss: nan
2026-05-08 04:09:12,299 - __main__ - INFO - Dev Accuracy: 0.0000
2026-05-08 04:09:12,299 - __main__ - INFO -   No improvement for 3 epochs
2026-05-08 04:09:12,299 - __main__ - INFO -   Early stopping triggered after 3 epochs!
2026-05-08 04:09:13,558 - __main__ - INFO - Saved checkpoint to /scratch/user/s4901673/ircbert_runs/checkpoints/checkpoint_epoch_3.pt
2026-05-08 04:09:13,558 - __main__ - INFO - Training complete in 479.03s!
2026-05-08 04:09:13,558 - __main__ - INFO - Best F1: 0.0000 at epoch 0
2026-05-08 04:09:13,558 - __main__ - INFO - ================================================================================
2026-05-08 04:09:13,558 - __main__ - INFO - Done!
2026-05-08 04:09:13,558 - __main__ - INFO - ================================================================================
2026-05-08 04:09:13,559 - __main__ - INFO - Log file: /scratch/user/s4901673/ircbert_runs/logs/train_20260508_040017.log
