================================================
 Learning Signal Validation
================================================
 Log file:    logs/learning_signal_20260518_192715.log
 Checkpoints: /scratch/user/s4901673/ircbert_runs/checkpoints_maxdist50
 Data:        /home/s4901673/workspace/irc-disentanglement-bert-pytorch/data (full train/dev/test)
 max_dist:    50
 test_end:    NONE (process ALL messages)
================================================
=== Setting up environment ===

=== Training on full dataset (max_dist=50, all messages) ===

2026-05-18 19:27:32,457 - __main__ - INFO - ================================================================================
2026-05-18 19:27:32,457 - __main__ - INFO - IRC Conversation Disentanglement Training
2026-05-18 19:27:32,457 - __main__ - INFO - ================================================================================
2026-05-18 19:27:32,457 - __main__ - INFO - --- System Diagnostics ---
2026-05-18 19:27:32,457 - __main__ - INFO - OS: Linux 5.14.0-611.54.1.el9_7.x86_64
2026-05-18 19:27:32,457 - __main__ - INFO - Python: 3.10.20
2026-05-18 19:27:32,458 - __main__ - INFO - RAM: 2003.13 GB total, 1949.67 GB available
2026-05-18 19:27:32,475 - __main__ - INFO - GPU 0: NVIDIA L40
2026-05-18 19:27:32,475 - __main__ - INFO -   Total Memory: 45460 MB
2026-05-18 19:27:32,475 - __main__ - INFO -   Compute Capability: 8.9
2026-05-18 19:27:32,475 - __main__ - INFO - --------------------------
2026-05-18 19:27:32,475 - __main__ - INFO - Mode: train
2026-05-18 19:27:32,475 - __main__ - INFO - Device: cuda
2026-05-18 19:27:32,475 - __main__ - INFO - Model: microsoft/deberta-v3-base
2026-05-18 19:27:32,475 - __main__ - INFO - Batch size: 16
2026-05-18 19:27:32,475 - __main__ - INFO - Learning rate: 5e-05
2026-05-18 19:27:32,475 - __main__ - INFO - Epochs: 10
2026-05-18 19:27:32,475 - __main__ - INFO - Max dist: 50
2026-05-18 19:27:32,475 - __main__ - INFO - Max length: 128
2026-05-18 19:27:32,475 - __main__ - INFO - Output dir: /scratch/user/s4901673/ircbert_runs/checkpoints_maxdist50
2026-05-18 19:27:32,475 - __main__ - INFO - Using device: cuda
2026-05-18 19:27:32,476 - __main__ - INFO - Loading tokenizer: microsoft/deberta-v3-base
2026-05-18 19:27:32,743 - httpx - INFO - HTTP Request: HEAD https://huggingface.co/microsoft/deberta-v3-base/resolve/main/config.json "HTTP/1.1 307 Temporary Redirect"
2026-05-18 19:27:32,749 - httpx - INFO - HTTP Request: HEAD https://huggingface.co/api/resolve-cache/models/microsoft/deberta-v3-base/8ccc9b6f36199bec6961081d44eb72fb3f7353f3/config.json "HTTP/1.1 200 OK"
2026-05-18 19:27:32,984 - httpx - INFO - HTTP Request: HEAD https://huggingface.co/microsoft/deberta-v3-base/resolve/main/tokenizer_config.json "HTTP/1.1 307 Temporary Redirect"
2026-05-18 19:27:32,990 - httpx - INFO - HTTP Request: HEAD https://huggingface.co/api/resolve-cache/models/microsoft/deberta-v3-base/8ccc9b6f36199bec6961081d44eb72fb3f7353f3/tokenizer_config.json "HTTP/1.1 200 OK"
2026-05-18 19:27:33,217 - httpx - INFO - HTTP Request: GET https://huggingface.co/api/models/microsoft/deberta-v3-base/tree/main/additional_chat_templates?recursive=false&expand=false "HTTP/1.1 404 Not Found"
2026-05-18 19:27:33,448 - httpx - INFO - HTTP Request: GET https://huggingface.co/api/models/microsoft/deberta-v3-base/tree/main?recursive=true&expand=false "HTTP/1.1 200 OK"
2026-05-18 19:27:33,929 - httpx - INFO - HTTP Request: GET https://huggingface.co/api/models/microsoft/deberta-v3-base "HTTP/1.1 200 OK"
2026-05-18 19:27:33,933 - __main__ - INFO - Tokenizer loaded: DebertaV2Tokenizer
2026-05-18 19:27:33,933 - __main__ - INFO - Creating dataloaders...
2026-05-18 19:27:33,968 - __main__ - INFO - Loading 153 train files...
2026-05-18 19:27:33,968 - data_loader - INFO - Initializing IRCDisentanglementDataset with 153 files
2026-05-18 19:27:33,969 - data_loader - INFO -   max_dist=50, max_length=128, skip_labels=False
2026-05-18 19:27:33,969 - data_loader - INFO -   test_start=0, test_end=1000000
2026-05-18 19:27:33,970 - data_loader - INFO - Loading conversation from /home/s4901673/workspace/irc-disentanglement-bert-pytorch/data/train/2004-12-25.train-c.ascii.txt
2026-05-18 19:27:33,971 - data_loader - INFO -   Read 1500 lines from ASCII file
2026-05-18 19:27:33,975 - data_loader - INFO -   Parsed 1500 messages, found 94 unique users
2026-05-18 19:27:34,145 - data_loader - INFO -   Loaded 382 gold links from annotation file
2026-05-18 19:27:34,145 - data_loader - INFO -   Conversation '2004-12-25.train-c' loaded in 0.18s
2026-05-18 19:27:34,148 - data_loader - INFO -   Creating samples for 2004-12-25.train-c: messages 0 to 1500 (limited)
2026-05-18 19:27:34,158 - data_loader - INFO -   Created 0 samples for 2004-12-25.train-c
2026-05-18 19:27:34,158 - data_loader - INFO -   File 1/153: 2004-12-25.train-c - 1500 messages, 0 total samples so far
2026-05-18 19:27:34,158 - data_loader - INFO - Loading conversation from /home/s4901673/workspace/irc-disentanglement-bert-pytorch/data/train/2005-02-06.train-c.ascii.txt
2026-05-18 19:27:34,159 - data_loader - INFO -   Read 1500 lines from ASCII file
2026-05-18 19:27:34,163 - data_loader - INFO -   Parsed 1500 messages, found 70 unique users
2026-05-18 19:27:34,303 - data_loader - INFO -   Loaded 346 gold links from annotation file
2026-05-18 19:27:34,303 - data_loader - INFO -   Conversation '2005-02-06.train-c' loaded in 0.14s
2026-05-18 19:27:34,303 - data_loader - INFO -   Creating samples for 2005-02-06.train-c: messages 0 to 1500 (limited)
2026-05-18 19:27:34,313 - data_loader - INFO -   Created 0 samples for 2005-02-06.train-c
2026-05-18 19:27:34,313 - data_loader - INFO -   File 2/153: 2005-02-06.train-c - 1500 messages, 0 total samples so far
2026-05-18 19:27:34,313 - data_loader - INFO - Loading conversation from /home/s4901673/workspace/irc-disentanglement-bert-pytorch/data/train/2005-02-08.train-a.ascii.txt
2026-05-18 19:27:34,314 - data_loader - INFO -   Read 1246 lines from ASCII file
2026-05-18 19:27:34,317 - data_loader - INFO -   Parsed 1246 messages, found 71 unique users
2026-05-18 19:27:34,412 - data_loader - INFO -   Loaded 214 gold links from annotation file
2026-05-18 19:27:34,412 - data_loader - INFO -   Conversation '2005-02-08.train-a' loaded in 0.10s
2026-05-18 19:27:34,413 - data_loader - INFO -   Creating samples for 2005-02-08.train-a: messages 0 to 1246 (limited)
2026-05-18 19:27:34,420 - data_loader - INFO -   Created 0 samples for 2005-02-08.train-a
2026-05-18 19:27:34,420 - data_loader - INFO -   File 3/153: 2005-02-08.train-a - 1246 messages, 0 total samples so far
2026-05-18 19:27:34,420 - data_loader - INFO - Loading conversation from /home/s4901673/workspace/irc-disentanglement-bert-pytorch/data/train/2005-02-27.train-c.ascii.txt
2026-05-18 19:27:34,421 - data_loader - INFO -   Read 1500 lines from ASCII file
2026-05-18 19:27:34,425 - data_loader - INFO -   Parsed 1500 messages, found 74 unique users
2026-05-18 19:27:34,576 - data_loader - INFO -   Loaded 355 gold links from annotation file
2026-05-18 19:27:34,576 - data_loader - INFO -   Conversation '2005-02-27.train-c' loaded in 0.16s
2026-05-18 19:27:34,576 - data_loader - INFO -   Creating samples for 2005-02-27.train-c: messages 0 to 1500 (limited)
2026-05-18 19:27:34,586 - data_loader - INFO -   Created 0 samples for 2005-02-27.train-c
2026-05-18 19:27:34,586 - data_loader - INFO -   File 4/153: 2005-02-27.train-c - 1500 messages, 0 total samples so far
2026-05-18 19:27:34,586 - data_loader - INFO - Loading conversation from /home/s4901673/workspace/irc-disentanglement-bert-pytorch/data/train/2005-05-14.train-c.ascii.txt
2026-05-18 19:27:34,587 - data_loader - INFO -   Read 1500 lines from ASCII file
2026-05-18 19:27:34,591 - data_loader - INFO -   Parsed 1500 messages, found 85 unique users
2026-05-18 19:27:34,757 - data_loader - INFO -   Loaded 370 gold links from annotation file
2026-05-18 19:27:34,757 - data_loader - INFO -   Conversation '2005-05-14.train-c' loaded in 0.17s
2026-05-18 19:27:34,757 - data_loader - INFO -   Creating samples for 2005-05-14.train-c: messages 0 to 1500 (limited)
2026-05-18 19:27:34,767 - data_loader - INFO -   Created 0 samples for 2005-05-14.train-c
2026-05-18 19:27:34,767 - data_loader - INFO -   File 5/153: 2005-05-14.train-c - 1500 messages, 0 total samples so far
2026-05-18 19:27:34,767 - data_loader - INFO - Loading conversation from /home/s4901673/workspace/irc-disentanglement-bert-pytorch/data/train/2005-05-19.train-a.ascii.txt
2026-05-18 19:27:34,768 - data_loader - INFO -   Read 1191 lines from ASCII file
2026-05-18 19:27:34,771 - data_loader - INFO -   Parsed 1191 messages, found 68 unique users
2026-05-18 19:27:34,871 - data_loader - INFO -   Loaded 165 gold links from annotation file
2026-05-18 19:27:34,871 - data_loader - INFO -   Conversation '2005-05-19.train-a' loaded in 0.10s
2026-05-18 19:27:34,871 - data_loader - INFO -   Creating samples for 2005-05-19.train-a: messages 0 to 1191 (limited)
2026-05-18 19:27:34,878 - data_loader - INFO -   Created 0 samples for 2005-05-19.train-a
2026-05-18 19:27:34,879 - data_loader - INFO -   File 6/153: 2005-05-19.train-a - 1191 messages, 0 total samples so far
2026-05-18 19:27:34,879 - data_loader - INFO - Loading conversation from /home/s4901673/workspace/irc-disentanglement-bert-pytorch/data/train/2005-06-06.train-c.ascii.txt
2026-05-18 19:27:34,880 - data_loader - INFO -   Read 1500 lines from ASCII file
2026-05-18 19:27:34,996 - data_loader - INFO -   Parsed 1500 messages, found 97 unique users
2026-05-18 19:27:35,169 - data_loader - INFO -   Loaded 388 gold links from annotation file
2026-05-18 19:27:35,169 - data_loader - INFO -   Conversation '2005-06-06.train-c' loaded in 0.29s
2026-05-18 19:27:35,170 - data_loader - INFO -   Creating samples for 2005-06-06.train-c: messages 0 to 1500 (limited)
2026-05-18 19:27:35,179 - data_loader - INFO -   Created 0 samples for 2005-06-06.train-c
2026-05-18 19:27:35,179 - data_loader - INFO -   File 7/153: 2005-06-06.train-c - 1500 messages, 0 total samples so far
2026-05-18 19:27:35,180 - data_loader - INFO - Loading conversation from /home/s4901673/workspace/irc-disentanglement-bert-pytorch/data/train/2005-06-12.train-c.ascii.txt
2026-05-18 19:27:35,181 - data_loader - INFO -   Read 1500 lines from ASCII file
2026-05-18 19:27:35,185 - data_loader - INFO -   Parsed 1500 messages, found 93 unique users
2026-05-18 19:27:35,381 - data_loader - INFO -   Loaded 371 gold links from annotation file
2026-05-18 19:27:35,381 - data_loader - INFO -   Conversation '2005-06-12.train-c' loaded in 0.20s
2026-05-18 19:27:35,381 - data_loader - INFO -   Creating samples for 2005-06-12.train-c: messages 0 to 1500 (limited)
2026-05-18 19:27:35,392 - data_loader - INFO -   Created 0 samples for 2005-06-12.train-c
2026-05-18 19:27:35,392 - data_loader - INFO -   File 8/153: 2005-06-12.train-c - 1500 messages, 0 total samples so far
2026-05-18 19:27:35,392 - data_loader - INFO - Loading conversation from /home/s4901673/workspace/irc-disentanglement-bert-pytorch/data/train/2005-06-16.train-c.ascii.txt
2026-05-18 19:27:35,393 - data_loader - INFO -   Read 1500 lines from ASCII file
2026-05-18 19:27:35,397 - data_loader - INFO -   Parsed 1500 messages, found 90 unique users
2026-05-18 19:27:35,575 - data_loader - INFO -   Loaded 388 gold links from annotation file
2026-05-18 19:27:35,575 - data_loader - INFO -   Conversation '2005-06-16.train-c' loaded in 0.18s
2026-05-18 19:27:35,575 - data_loader - INFO -   Creating samples for 2005-06-16.train-c: messages 0 to 1500 (limited)
2026-05-18 19:27:35,585 - data_loader - INFO -   Created 0 samples for 2005-06-16.train-c
2026-05-18 19:27:35,585 - data_loader - INFO -   File 9/153: 2005-06-16.train-c - 1500 messages, 0 total samples so far
2026-05-18 19:27:35,585 - data_loader - INFO - Loading conversation from /home/s4901673/workspace/irc-disentanglement-bert-pytorch/data/train/2005-06-20.train-a.ascii.txt
2026-05-18 19:27:35,586 - data_loader - INFO -   Read 1457 lines from ASCII file
2026-05-18 19:27:35,590 - data_loader - INFO -   Parsed 1457 messages, found 77 unique users
2026-05-18 19:27:35,734 - data_loader - INFO -   Loaded 326 gold links from annotation file
2026-05-18 19:27:35,734 - data_loader - INFO -   Conversation '2005-06-20.train-a' loaded in 0.15s
2026-05-18 19:27:35,734 - data_loader - INFO -   Creating samples for 2005-06-20.train-a: messages 0 to 1457 (limited)
2026-05-18 19:27:35,744 - data_loader - INFO -   Created 0 samples for 2005-06-20.train-a
2026-05-18 19:27:35,744 - data_loader - INFO -   File 10/153: 2005-06-20.train-a - 1457 messages, 0 total samples so far
2026-05-18 19:27:35,744 - data_loader - INFO - Loading conversation from /home/s4901673/workspace/irc-disentanglement-bert-pytorch/data/train/2005-07-25.train-a.ascii.txt
2026-05-18 19:27:35,745 - data_loader - INFO -   Read 1283 lines from ASCII file
2026-05-18 19:27:35,749 - data_loader - INFO -   Parsed 1283 messages, found 88 unique users
2026-05-18 19:27:35,896 - data_loader - INFO -   Loaded 217 gold links from annotation file
2026-05-18 19:27:35,896 - data_loader - INFO -   Conversation '2005-07-25.train-a' loaded in 0.15s
2026-05-18 19:27:35,896 - data_loader - INFO -   Creating samples for 2005-07-25.train-a: messages 0 to 1283 (limited)
2026-05-18 19:27:35,904 - data_loader - INFO -   Created 0 samples for 2005-07-25.train-a
2026-05-18 19:27:35,904 - data_loader - INFO -   File 11/153: 2005-07-25.train-a - 1283 messages, 0 total samples so far
2026-05-18 19:27:35,904 - data_loader - INFO - Loading conversation from /home/s4901673/workspace/irc-disentanglement-bert-pytorch/data/train/2005-07-29.train-c.ascii.txt
2026-05-18 19:27:35,905 - data_loader - INFO -   Read 1500 lines from ASCII file
2026-05-18 19:27:35,909 - data_loader - INFO -   Parsed 1500 messages, found 84 unique users
2026-05-18 19:27:36,087 - data_loader - INFO -   Loaded 396 gold links from annotation file
2026-05-18 19:27:36,087 - data_loader - INFO -   Conversation '2005-07-29.train-c' loaded in 0.18s
2026-05-18 19:27:36,087 - data_loader - INFO -   Creating samples for 2005-07-29.train-c: messages 0 to 1500 (limited)
2026-05-18 19:27:36,097 - data_loader - INFO -   Created 0 samples for 2005-07-29.train-c
2026-05-18 19:27:36,097 - data_loader - INFO -   File 12/153: 2005-07-29.train-c - 1500 messages, 0 total samples so far
2026-05-18 19:27:36,097 - data_loader - INFO - Loading conversation from /home/s4901673/workspace/irc-disentanglement-bert-pytorch/data/train/2005-09-26.train-c.ascii.txt
2026-05-18 19:27:36,098 - data_loader - INFO -   Read 1500 lines from ASCII file
2026-05-18 19:27:36,102 - data_loader - INFO -   Parsed 1500 messages, found 114 unique users
2026-05-18 19:27:36,321 - data_loader - INFO -   Loaded 403 gold links from annotation file
2026-05-18 19:27:36,321 - data_loader - INFO -   Conversation '2005-09-26.train-c' loaded in 0.22s
2026-05-18 19:27:36,321 - data_loader - INFO -   Creating samples for 2005-09-26.train-c: messages 0 to 1500 (limited)
2026-05-18 19:27:36,331 - data_loader - INFO -   Created 0 samples for 2005-09-26.train-c
2026-05-18 19:27:36,331 - data_loader - INFO -   File 13/153: 2005-09-26.train-c - 1500 messages, 0 total samples so far
2026-05-18 19:27:36,331 - data_loader - INFO - Loading conversation from /home/s4901673/workspace/irc-disentanglement-bert-pytorch/data/train/2005-10-07.train-c.ascii.txt
2026-05-18 19:27:36,332 - data_loader - INFO -   Read 1500 lines from ASCII file
2026-05-18 19:27:36,336 - data_loader - INFO -   Parsed 1500 messages, found 99 unique users
2026-05-18 19:27:36,514 - data_loader - INFO -   Loaded 375 gold links from annotation file
2026-05-18 19:27:36,514 - data_loader - INFO -   Conversation '2005-10-07.train-c' loaded in 0.18s
2026-05-18 19:27:36,514 - data_loader - INFO -   Creating samples for 2005-10-07.train-c: messages 0 to 1500 (limited)
2026-05-18 19:27:36,524 - data_loader - INFO -   Created 0 samples for 2005-10-07.train-c
2026-05-18 19:27:36,524 - data_loader - INFO -   File 14/153: 2005-10-07.train-c - 1500 messages, 0 total samples so far
2026-05-18 19:27:36,524 - data_loader - INFO - Loading conversation from /home/s4901673/workspace/irc-disentanglement-bert-pytorch/data/train/2005-10-12.train-c.ascii.txt
2026-05-18 19:27:36,525 - data_loader - INFO -   Read 1500 lines from ASCII file
2026-05-18 19:27:36,529 - data_loader - INFO -   Parsed 1500 messages, found 138 unique users
2026-05-18 19:27:36,764 - data_loader - INFO -   Loaded 370 gold links from annotation file
2026-05-18 19:27:36,764 - data_loader - INFO -   Conversation '2005-10-12.train-c' loaded in 0.24s
2026-05-18 19:27:36,764 - data_loader - INFO -   Creating samples for 2005-10-12.train-c: messages 0 to 1500 (limited)
2026-05-18 19:27:36,774 - data_loader - INFO -   Created 0 samples for 2005-10-12.train-c
2026-05-18 19:27:36,774 - data_loader - INFO -   File 15/153: 2005-10-12.train-c - 1500 messages, 0 total samples so far
2026-05-18 19:27:36,774 - data_loader - INFO - Loading conversation from /home/s4901673/workspace/irc-disentanglement-bert-pytorch/data/train/2005-12-03.train-c.ascii.txt
2026-05-18 19:27:36,775 - data_loader - INFO -   Read 1500 lines from ASCII file
2026-05-18 19:27:36,779 - data_loader - INFO -   Parsed 1500 messages, found 104 unique users
2026-05-18 19:27:36,986 - data_loader - INFO -   Loaded 387 gold links from annotation file
2026-05-18 19:27:36,986 - data_loader - INFO -   Conversation '2005-12-03.train-c' loaded in 0.21s
2026-05-18 19:27:36,986 - data_loader - INFO -   Creating samples for 2005-12-03.train-c: messages 0 to 1500 (limited)
2026-05-18 19:27:36,996 - data_loader - INFO -   Created 0 samples for 2005-12-03.train-c
2026-05-18 19:27:36,996 - data_loader - INFO -   File 16/153: 2005-12-03.train-c - 1500 messages, 0 total samples so far
2026-05-18 19:27:36,996 - data_loader - INFO - Loading conversation from /home/s4901673/workspace/irc-disentanglement-bert-pytorch/data/train/2005-12-04.train-c.ascii.txt
2026-05-18 19:27:36,997 - data_loader - INFO -   Read 1500 lines from ASCII file
2026-05-18 19:27:37,001 - data_loader - INFO -   Parsed 1500 messages, found 128 unique users
2026-05-18 19:27:37,250 - data_loader - INFO -   Loaded 399 gold links from annotation file
2026-05-18 19:27:37,250 - data_loader - INFO -   Conversation '2005-12-04.train-c' loaded in 0.25s
2026-05-18 19:27:37,250 - data_loader - INFO -   Creating samples for 2005-12-04.train-c: messages 0 to 1500 (limited)
2026-05-18 19:27:37,260 - data_loader - INFO -   Created 0 samples for 2005-12-04.train-c
2026-05-18 19:27:37,260 - data_loader - INFO -   File 17/153: 2005-12-04.train-c - 1500 messages, 0 total samples so far
2026-05-18 19:27:37,260 - data_loader - INFO - Loading conversation from /home/s4901673/workspace/irc-disentanglement-bert-pytorch/data/train/2005-12-16.train-c.ascii.txt
2026-05-18 19:27:37,261 - data_loader - INFO -   Read 1500 lines from ASCII file
2026-05-18 19:27:37,266 - data_loader - INFO -   Parsed 1500 messages, found 83 unique users
2026-05-18 19:27:37,430 - data_loader - INFO -   Loaded 371 gold links from annotation file
2026-05-18 19:27:37,430 - data_loader - INFO -   Conversation '2005-12-16.train-c' loaded in 0.17s
2026-05-18 19:27:37,431 - data_loader - INFO -   Creating samples for 2005-12-16.train-c: messages 0 to 1500 (limited)
2026-05-18 19:27:37,441 - data_loader - INFO -   Created 0 samples for 2005-12-16.train-c
2026-05-18 19:27:37,441 - data_loader - INFO -   File 18/153: 2005-12-16.train-c - 1500 messages, 0 total samples so far
2026-05-18 19:27:37,441 - data_loader - INFO - Loading conversation from /home/s4901673/workspace/irc-disentanglement-bert-pytorch/data/train/2005-12-23.train-c.ascii.txt
2026-05-18 19:27:37,442 - data_loader - INFO -   Read 1500 lines from ASCII file
2026-05-18 19:27:37,446 - data_loader - INFO -   Parsed 1500 messages, found 117 unique users
2026-05-18 19:27:37,660 - data_loader - INFO -   Loaded 380 gold links from annotation file
2026-05-18 19:27:37,661 - data_loader - INFO -   Conversation '2005-12-23.train-c' loaded in 0.22s
2026-05-18 19:27:37,661 - data_loader - INFO -   Creating samples for 2005-12-23.train-c: messages 0 to 1500 (limited)
2026-05-18 19:27:37,670 - data_loader - INFO -   Created 0 samples for 2005-12-23.train-c
2026-05-18 19:27:37,670 - data_loader - INFO -   File 19/153: 2005-12-23.train-c - 1500 messages, 0 total samples so far
2026-05-18 19:27:37,671 - data_loader - INFO - Loading conversation from /home/s4901673/workspace/irc-disentanglement-bert-pytorch/data/train/2006-01-02.train-c.ascii.txt
2026-05-18 19:27:37,672 - data_loader - INFO -   Read 1500 lines from ASCII file
2026-05-18 19:27:37,676 - data_loader - INFO -   Parsed 1500 messages, found 120 unique users
2026-05-18 19:27:37,912 - data_loader - INFO -   Loaded 371 gold links from annotation file
2026-05-18 19:27:37,912 - data_loader - INFO -   Conversation '2006-01-02.train-c' loaded in 0.24s
2026-05-18 19:27:37,912 - data_loader - INFO -   Creating samples for 2006-01-02.train-c: messages 0 to 1500 (limited)
2026-05-18 19:27:37,922 - data_loader - INFO -   Created 0 samples for 2006-01-02.train-c
2026-05-18 19:27:37,922 - data_loader - INFO -   File 20/153: 2006-01-02.train-c - 1500 messages, 0 total samples so far
2026-05-18 19:27:37,922 - data_loader - INFO - Loading conversation from /home/s4901673/workspace/irc-disentanglement-bert-pytorch/data/train/2006-01-12.train-c.ascii.txt
2026-05-18 19:27:37,923 - data_loader - INFO -   Read 1500 lines from ASCII file
2026-05-18 19:27:37,927 - data_loader - INFO -   Parsed 1500 messages, found 115 unique users
2026-05-18 19:27:38,145 - data_loader - INFO -   Loaded 378 gold links from annotation file
2026-05-18 19:27:38,145 - data_loader - INFO -   Conversation '2006-01-12.train-c' loaded in 0.22s
2026-05-18 19:27:38,145 - data_loader - INFO -   Creating samples for 2006-01-12.train-c: messages 0 to 1500 (limited)
2026-05-18 19:27:38,155 - data_loader - INFO -   Created 0 samples for 2006-01-12.train-c
2026-05-18 19:27:38,155 - data_loader - INFO -   File 21/153: 2006-01-12.train-c - 1500 messages, 0 total samples so far
2026-05-18 19:27:38,155 - data_loader - INFO - Loading conversation from /home/s4901673/workspace/irc-disentanglement-bert-pytorch/data/train/2006-02-20.train-c.ascii.txt
2026-05-18 19:27:38,156 - data_loader - INFO -   Read 1500 lines from ASCII file
2026-05-18 19:27:38,161 - data_loader - INFO -   Parsed 1500 messages, found 115 unique users
2026-05-18 19:27:38,379 - data_loader - INFO -   Loaded 385 gold links from annotation file
2026-05-18 19:27:38,379 - data_loader - INFO -   Conversation '2006-02-20.train-c' loaded in 0.22s
2026-05-18 19:27:38,379 - data_loader - INFO -   Creating samples for 2006-02-20.train-c: messages 0 to 1500 (limited)
2026-05-18 19:27:38,389 - data_loader - INFO -   Created 0 samples for 2006-02-20.train-c
2026-05-18 19:27:38,389 - data_loader - INFO -   File 22/153: 2006-02-20.train-c - 1500 messages, 0 total samples so far
2026-05-18 19:27:38,389 - data_loader - INFO - Loading conversation from /home/s4901673/workspace/irc-disentanglement-bert-pytorch/data/train/2006-02-24.train-a.ascii.txt
2026-05-18 19:27:38,390 - data_loader - INFO -   Read 1331 lines from ASCII file
2026-05-18 19:27:38,394 - data_loader - INFO -   Parsed 1331 messages, found 102 unique users
2026-05-18 19:27:38,574 - data_loader - INFO -   Loaded 280 gold links from annotation file
2026-05-18 19:27:38,574 - data_loader - INFO -   Conversation '2006-02-24.train-a' loaded in 0.18s
2026-05-18 19:27:38,574 - data_loader - INFO -   Creating samples for 2006-02-24.train-a: messages 0 to 1331 (limited)
2026-05-18 19:27:38,582 - data_loader - INFO -   Created 0 samples for 2006-02-24.train-a
2026-05-18 19:27:38,583 - data_loader - INFO -   File 23/153: 2006-02-24.train-a - 1331 messages, 0 total samples so far
2026-05-18 19:27:38,583 - data_loader - INFO - Loading conversation from /home/s4901673/workspace/irc-disentanglement-bert-pytorch/data/train/2006-02-28.train-c.ascii.txt
2026-05-18 19:27:38,584 - data_loader - INFO -   Read 1500 lines from ASCII file
2026-05-18 19:27:38,588 - data_loader - INFO -   Parsed 1500 messages, found 137 unique users
2026-05-18 19:27:38,848 - data_loader - INFO -   Loaded 380 gold links from annotation file
2026-05-18 19:27:38,848 - data_loader - INFO -   Conversation '2006-02-28.train-c' loaded in 0.27s
2026-05-18 19:27:38,848 - data_loader - INFO -   Creating samples for 2006-02-28.train-c: messages 0 to 1500 (limited)
2026-05-18 19:27:38,858 - data_loader - INFO -   Created 0 samples for 2006-02-28.train-c
2026-05-18 19:27:38,858 - data_loader - INFO -   File 24/153: 2006-02-28.train-c - 1500 messages, 0 total samples so far
2026-05-18 19:27:38,858 - data_loader - INFO - Loading conversation from /home/s4901673/workspace/irc-disentanglement-bert-pytorch/data/train/2006-03-05.train-c.ascii.txt
2026-05-18 19:27:38,859 - data_loader - INFO -   Read 1500 lines from ASCII file
2026-05-18 19:27:38,863 - data_loader - INFO -   Parsed 1500 messages, found 130 unique users
2026-05-18 19:27:39,135 - data_loader - INFO -   Loaded 364 gold links from annotation file
2026-05-18 19:27:39,135 - data_loader - INFO -   Conversation '2006-03-05.train-c' loaded in 0.28s
2026-05-18 19:27:39,135 - data_loader - INFO -   Creating samples for 2006-03-05.train-c: messages 0 to 1500 (limited)
2026-05-18 19:27:39,145 - data_loader - INFO -   Created 0 samples for 2006-03-05.train-c
2026-05-18 19:27:39,145 - data_loader - INFO -   File 25/153: 2006-03-05.train-c - 1500 messages, 0 total samples so far
2026-05-18 19:27:39,145 - data_loader - INFO - Loading conversation from /home/s4901673/workspace/irc-disentanglement-bert-pytorch/data/train/2006-05-02.train-c.ascii.txt
2026-05-18 19:27:39,147 - data_loader - INFO -   Read 1500 lines from ASCII file
2026-05-18 19:27:39,306 - data_loader - INFO -   Parsed 1500 messages, found 124 unique users
2026-05-18 19:27:39,569 - data_loader - INFO -   Loaded 398 gold links from annotation file
2026-05-18 19:27:39,569 - data_loader - INFO -   Conversation '2006-05-02.train-c' loaded in 0.42s
2026-05-18 19:27:39,570 - data_loader - INFO -   Creating samples for 2006-05-02.train-c: messages 0 to 1500 (limited)
2026-05-18 19:27:39,580 - data_loader - INFO -   Created 0 samples for 2006-05-02.train-c
2026-05-18 19:27:39,580 - data_loader - INFO -   File 26/153: 2006-05-02.train-c - 1500 messages, 0 total samples so far
2026-05-18 19:27:39,580 - data_loader - INFO - Loading conversation from /home/s4901673/workspace/irc-disentanglement-bert-pytorch/data/train/2006-05-15.train-c.ascii.txt
2026-05-18 19:27:39,581 - data_loader - INFO -   Read 1500 lines from ASCII file
2026-05-18 19:27:39,585 - data_loader - INFO -   Parsed 1500 messages, found 101 unique users
2026-05-18 19:27:39,792 - data_loader - INFO -   Loaded 369 gold links from annotation file
2026-05-18 19:27:39,792 - data_loader - INFO -   Conversation '2006-05-15.train-c' loaded in 0.21s
2026-05-18 19:27:39,792 - data_loader - INFO -   Creating samples for 2006-05-15.train-c: messages 0 to 1500 (limited)
2026-05-18 19:27:39,802 - data_loader - INFO -   Created 0 samples for 2006-05-15.train-c
2026-05-18 19:27:39,802 - data_loader - INFO -   File 27/153: 2006-05-15.train-c - 1500 messages, 0 total samples so far
2026-05-18 19:27:39,802 - data_loader - INFO - Loading conversation from /home/s4901673/workspace/irc-disentanglement-bert-pytorch/data/train/2006-05-27.train-c.ascii.txt
2026-05-18 19:27:39,803 - data_loader - INFO -   Read 1500 lines from ASCII file
2026-05-18 19:27:39,806 - data_loader - INFO -   Parsed 1500 messages, found 117 unique users
2026-05-18 19:27:39,995 - data_loader - INFO -   Loaded 415 gold links from annotation file
2026-05-18 19:27:39,995 - data_loader - INFO -   Conversation '2006-05-27.train-c' loaded in 0.19s
2026-05-18 19:27:39,995 - data_loader - INFO -   Creating samples for 2006-05-27.train-c: messages 0 to 1500 (limited)
2026-05-18 19:27:40,004 - data_loader - INFO -   Created 0 samples for 2006-05-27.train-c
2026-05-18 19:27:40,004 - data_loader - INFO -   File 28/153: 2006-05-27.train-c - 1500 messages, 0 total samples so far
2026-05-18 19:27:40,004 - data_loader - INFO - Loading conversation from /home/s4901673/workspace/irc-disentanglement-bert-pytorch/data/train/2006-05-29.train-c.ascii.txt
2026-05-18 19:27:40,006 - data_loader - INFO -   Read 1500 lines from ASCII file
2026-05-18 19:27:40,009 - data_loader - INFO -   Parsed 1500 messages, found 115 unique users
2026-05-18 19:27:40,226 - data_loader - INFO -   Loaded 371 gold links from annotation file
2026-05-18 19:27:40,226 - data_loader - INFO -   Conversation '2006-05-29.train-c' loaded in 0.22s
2026-05-18 19:27:40,226 - data_loader - INFO -   Creating samples for 2006-05-29.train-c: messages 0 to 1500 (limited)
2026-05-18 19:27:40,235 - data_loader - INFO -   Created 0 samples for 2006-05-29.train-c
2026-05-18 19:27:40,235 - data_loader - INFO -   File 29/153: 2006-05-29.train-c - 1500 messages, 0 total samples so far
2026-05-18 19:27:40,235 - data_loader - INFO - Loading conversation from /home/s4901673/workspace/irc-disentanglement-bert-pytorch/data/train/2006-06-01.train-a.ascii.txt
2026-05-18 19:27:40,237 - data_loader - INFO -   Read 2165 lines from ASCII file
2026-05-18 19:27:40,242 - data_loader - INFO -   Parsed 2165 messages, found 223 unique users
2026-05-18 19:27:40,861 - data_loader - INFO -   Loaded 844 gold links from annotation file
2026-05-18 19:27:40,861 - data_loader - INFO -   Conversation '2006-06-01.train-a' loaded in 0.63s
2026-05-18 19:27:40,861 - data_loader - INFO -   Creating samples for 2006-06-01.train-a: messages 0 to 2165 (limited)
2026-05-18 19:27:40,876 - data_loader - INFO -   Created 0 samples for 2006-06-01.train-a
2026-05-18 19:27:40,876 - data_loader - INFO -   File 30/153: 2006-06-01.train-a - 2165 messages, 0 total samples so far
2026-05-18 19:27:40,876 - data_loader - INFO - Loading conversation from /home/s4901673/workspace/irc-disentanglement-bert-pytorch/data/train/2006-06-05.train-a.ascii.txt
2026-05-18 19:27:40,877 - data_loader - INFO -   Read 1753 lines from ASCII file
2026-05-18 19:27:40,882 - data_loader - INFO -   Parsed 1753 messages, found 135 unique users
2026-05-18 19:27:41,194 - data_loader - INFO -   Loaded 582 gold links from annotation file
2026-05-18 19:27:41,194 - data_loader - INFO -   Conversation '2006-06-05.train-a' loaded in 0.32s
2026-05-18 19:27:41,194 - data_loader - INFO -   Creating samples for 2006-06-05.train-a: messages 0 to 1753 (limited)
2026-05-18 19:27:41,206 - data_loader - INFO -   Created 0 samples for 2006-06-05.train-a
2026-05-18 19:27:41,206 - data_loader - INFO -   File 31/153: 2006-06-05.train-a - 1753 messages, 0 total samples so far
2026-05-18 19:27:41,206 - data_loader - INFO - Loading conversation from /home/s4901673/workspace/irc-disentanglement-bert-pytorch/data/train/2006-06-08.train-c.ascii.txt
2026-05-18 19:27:41,207 - data_loader - INFO -   Read 1500 lines from ASCII file
2026-05-18 19:27:41,211 - data_loader - INFO -   Parsed 1500 messages, found 110 unique users
2026-05-18 19:27:41,429 - data_loader - INFO -   Loaded 385 gold links from annotation file
2026-05-18 19:27:41,429 - data_loader - INFO -   Conversation '2006-06-08.train-c' loaded in 0.22s
2026-05-18 19:27:41,429 - data_loader - INFO -   Creating samples for 2006-06-08.train-c: messages 0 to 1500 (limited)
2026-05-18 19:27:41,439 - data_loader - INFO -   Created 0 samples for 2006-06-08.train-c
2026-05-18 19:27:41,439 - data_loader - INFO -   File 32/153: 2006-06-08.train-c - 1500 messages, 0 total samples so far
2026-05-18 19:27:41,439 - data_loader - INFO - Loading conversation from /home/s4901673/workspace/irc-disentanglement-bert-pytorch/data/train/2006-06-21.train-c.ascii.txt
2026-05-18 19:27:41,440 - data_loader - INFO -   Read 1500 lines from ASCII file
2026-05-18 19:27:41,443 - data_loader - INFO -   Parsed 1500 messages, found 145 unique users
2026-05-18 19:27:41,721 - data_loader - INFO -   Loaded 385 gold links from annotation file
2026-05-18 19:27:41,721 - data_loader - INFO -   Conversation '2006-06-21.train-c' loaded in 0.28s
2026-05-18 19:27:41,721 - data_loader - INFO -   Creating samples for 2006-06-21.train-c: messages 0 to 1500 (limited)
2026-05-18 19:27:41,731 - data_loader - INFO -   Created 0 samples for 2006-06-21.train-c
2026-05-18 19:27:41,731 - data_loader - INFO -   File 33/153: 2006-06-21.train-c - 1500 messages, 0 total samples so far
2026-05-18 19:27:41,731 - data_loader - INFO - Loading conversation from /home/s4901673/workspace/irc-disentanglement-bert-pytorch/data/train/2006-06-28.train-c.ascii.txt
2026-05-18 19:27:41,732 - data_loader - INFO -   Read 1500 lines from ASCII file
2026-05-18 19:27:41,736 - data_loader - INFO -   Parsed 1500 messages, found 127 unique users
2026-05-18 19:27:41,960 - data_loader - INFO -   Loaded 392 gold links from annotation file
2026-05-18 19:27:41,960 - data_loader - INFO -   Conversation '2006-06-28.train-c' loaded in 0.23s
2026-05-18 19:27:41,960 - data_loader - INFO -   Creating samples for 2006-06-28.train-c: messages 0 to 1500 (limited)
2026-05-18 19:27:41,969 - data_loader - INFO -   Created 0 samples for 2006-06-28.train-c
2026-05-18 19:27:41,969 - data_loader - INFO -   File 34/153: 2006-06-28.train-c - 1500 messages, 0 total samples so far
2026-05-18 19:27:41,970 - data_loader - INFO - Loading conversation from /home/s4901673/workspace/irc-disentanglement-bert-pytorch/data/train/2006-07-01.train-c.ascii.txt
2026-05-18 19:27:41,971 - data_loader - INFO -   Read 1500 lines from ASCII file
2026-05-18 19:27:41,975 - data_loader - INFO -   Parsed 1500 messages, found 107 unique users
2026-05-18 19:27:42,168 - data_loader - INFO -   Loaded 379 gold links from annotation file
2026-05-18 19:27:42,168 - data_loader - INFO -   Conversation '2006-07-01.train-c' loaded in 0.20s
2026-05-18 19:27:42,168 - data_loader - INFO -   Creating samples for 2006-07-01.train-c: messages 0 to 1500 (limited)
2026-05-18 19:27:42,177 - data_loader - INFO -   Created 0 samples for 2006-07-01.train-c
2026-05-18 19:27:42,177 - data_loader - INFO -   File 35/153: 2006-07-01.train-c - 1500 messages, 0 total samples so far
2026-05-18 19:27:42,178 - data_loader - INFO - Loading conversation from /home/s4901673/workspace/irc-disentanglement-bert-pytorch/data/train/2006-08-06.train-c.ascii.txt
2026-05-18 19:27:42,179 - data_loader - INFO -   Read 1500 lines from ASCII file
2026-05-18 19:27:42,183 - data_loader - INFO -   Parsed 1500 messages, found 116 unique users
2026-05-18 19:27:42,423 - data_loader - INFO -   Loaded 407 gold links from annotation file
2026-05-18 19:27:42,423 - data_loader - INFO -   Conversation '2006-08-06.train-c' loaded in 0.25s
2026-05-18 19:27:42,423 - data_loader - INFO -   Creating samples for 2006-08-06.train-c: messages 0 to 1500 (limited)
2026-05-18 19:27:42,433 - data_loader - INFO -   Created 0 samples for 2006-08-06.train-c
2026-05-18 19:27:42,433 - data_loader - INFO -   File 36/153: 2006-08-06.train-c - 1500 messages, 0 total samples so far
2026-05-18 19:27:42,433 - data_loader - INFO - Loading conversation from /home/s4901673/workspace/irc-disentanglement-bert-pytorch/data/train/2006-08-11.train-c.ascii.txt
2026-05-18 19:27:42,434 - data_loader - INFO -   Read 1500 lines from ASCII file
2026-05-18 19:27:42,437 - data_loader - INFO -   Parsed 1500 messages, found 88 unique users
2026-05-18 19:27:42,624 - data_loader - INFO -   Loaded 394 gold links from annotation file
2026-05-18 19:27:42,624 - data_loader - INFO -   Conversation '2006-08-11.train-c' loaded in 0.19s
2026-05-18 19:27:42,624 - data_loader - INFO -   Creating samples for 2006-08-11.train-c: messages 0 to 1500 (limited)
2026-05-18 19:27:42,634 - data_loader - INFO -   Created 0 samples for 2006-08-11.train-c
2026-05-18 19:27:42,634 - data_loader - INFO -   File 37/153: 2006-08-11.train-c - 1500 messages, 0 total samples so far
2026-05-18 19:27:42,634 - data_loader - INFO - Loading conversation from /home/s4901673/workspace/irc-disentanglement-bert-pytorch/data/train/2006-08-13.train-c.ascii.txt
2026-05-18 19:27:42,635 - data_loader - INFO -   Read 1500 lines from ASCII file
2026-05-18 19:27:42,639 - data_loader - INFO -   Parsed 1500 messages, found 84 unique users
2026-05-18 19:27:42,810 - data_loader - INFO -   Loaded 385 gold links from annotation file
2026-05-18 19:27:42,810 - data_loader - INFO -   Conversation '2006-08-13.train-c' loaded in 0.18s
2026-05-18 19:27:42,810 - data_loader - INFO -   Creating samples for 2006-08-13.train-c: messages 0 to 1500 (limited)
2026-05-18 19:27:42,820 - data_loader - INFO -   Created 0 samples for 2006-08-13.train-c
2026-05-18 19:27:42,820 - data_loader - INFO -   File 38/153: 2006-08-13.train-c - 1500 messages, 0 total samples so far
2026-05-18 19:27:42,820 - data_loader - INFO - Loading conversation from /home/s4901673/workspace/irc-disentanglement-bert-pytorch/data/train/2006-08-15.train-c.ascii.txt
2026-05-18 19:27:42,821 - data_loader - INFO -   Read 1500 lines from ASCII file
2026-05-18 19:27:42,825 - data_loader - INFO -   Parsed 1500 messages, found 106 unique users
2026-05-18 19:27:43,038 - data_loader - INFO -   Loaded 393 gold links from annotation file
2026-05-18 19:27:43,038 - data_loader - INFO -   Conversation '2006-08-15.train-c' loaded in 0.22s
2026-05-18 19:27:43,038 - data_loader - INFO -   Creating samples for 2006-08-15.train-c: messages 0 to 1500 (limited)
2026-05-18 19:27:43,048 - data_loader - INFO -   Created 0 samples for 2006-08-15.train-c
2026-05-18 19:27:43,048 - data_loader - INFO -   File 39/153: 2006-08-15.train-c - 1500 messages, 0 total samples so far
2026-05-18 19:27:43,048 - data_loader - INFO - Loading conversation from /home/s4901673/workspace/irc-disentanglement-bert-pytorch/data/train/2006-08-23.train-a.ascii.txt
2026-05-18 19:27:43,049 - data_loader - INFO -   Read 1673 lines from ASCII file
2026-05-18 19:27:43,054 - data_loader - INFO -   Parsed 1673 messages, found 148 unique users
2026-05-18 19:27:43,379 - data_loader - INFO -   Loaded 475 gold links from annotation file
2026-05-18 19:27:43,379 - data_loader - INFO -   Conversation '2006-08-23.train-a' loaded in 0.33s
2026-05-18 19:27:43,379 - data_loader - INFO -   Creating samples for 2006-08-23.train-a: messages 0 to 1673 (limited)
2026-05-18 19:27:43,391 - data_loader - INFO -   Created 0 samples for 2006-08-23.train-a
2026-05-18 19:27:43,391 - data_loader - INFO -   File 40/153: 2006-08-23.train-a - 1673 messages, 0 total samples so far
2026-05-18 19:27:43,391 - data_loader - INFO - Loading conversation from /home/s4901673/workspace/irc-disentanglement-bert-pytorch/data/train/2006-09-13.train-c.ascii.txt
2026-05-18 19:27:43,392 - data_loader - INFO -   Read 1500 lines from ASCII file
2026-05-18 19:27:43,396 - data_loader - INFO -   Parsed 1500 messages, found 98 unique users
2026-05-18 19:27:43,586 - data_loader - INFO -   Loaded 388 gold links from annotation file
2026-05-18 19:27:43,586 - data_loader - INFO -   Conversation '2006-09-13.train-c' loaded in 0.20s
2026-05-18 19:27:43,586 - data_loader - INFO -   Creating samples for 2006-09-13.train-c: messages 0 to 1500 (limited)
2026-05-18 19:27:43,596 - data_loader - INFO -   Created 0 samples for 2006-09-13.train-c
2026-05-18 19:27:43,596 - data_loader - INFO -   File 41/153: 2006-09-13.train-c - 1500 messages, 0 total samples so far
2026-05-18 19:27:43,596 - data_loader - INFO - Loading conversation from /home/s4901673/workspace/irc-disentanglement-bert-pytorch/data/train/2006-09-24.train-c.ascii.txt
2026-05-18 19:27:43,597 - data_loader - INFO -   Read 1500 lines from ASCII file
2026-05-18 19:27:43,601 - data_loader - INFO -   Parsed 1500 messages, found 114 unique users
2026-05-18 19:27:43,823 - data_loader - INFO -   Loaded 417 gold links from annotation file
2026-05-18 19:27:43,823 - data_loader - INFO -   Conversation '2006-09-24.train-c' loaded in 0.23s
2026-05-18 19:27:43,823 - data_loader - INFO -   Creating samples for 2006-09-24.train-c: messages 0 to 1500 (limited)
2026-05-18 19:27:43,833 - data_loader - INFO -   Created 0 samples for 2006-09-24.train-c
2026-05-18 19:27:43,833 - data_loader - INFO -   File 42/153: 2006-09-24.train-c - 1500 messages, 0 total samples so far
2026-05-18 19:27:43,833 - data_loader - INFO - Loading conversation from /home/s4901673/workspace/irc-disentanglement-bert-pytorch/data/train/2006-11-01.train-c.ascii.txt
2026-05-18 19:27:43,834 - data_loader - INFO -   Read 1500 lines from ASCII file
2026-05-18 19:27:43,838 - data_loader - INFO -   Parsed 1500 messages, found 126 unique users
2026-05-18 19:27:44,071 - data_loader - INFO -   Loaded 383 gold links from annotation file
2026-05-18 19:27:44,071 - data_loader - INFO -   Conversation '2006-11-01.train-c' loaded in 0.24s
2026-05-18 19:27:44,072 - data_loader - INFO -   Creating samples for 2006-11-01.train-c: messages 0 to 1500 (limited)
2026-05-18 19:27:44,081 - data_loader - INFO -   Created 0 samples for 2006-11-01.train-c
2026-05-18 19:27:44,081 - data_loader - INFO -   File 43/153: 2006-11-01.train-c - 1500 messages, 0 total samples so far
2026-05-18 19:27:44,082 - data_loader - INFO - Loading conversation from /home/s4901673/workspace/irc-disentanglement-bert-pytorch/data/train/2006-12-06.train-c.ascii.txt
2026-05-18 19:27:44,083 - data_loader - INFO -   Read 1500 lines from ASCII file
2026-05-18 19:27:44,086 - data_loader - INFO -   Parsed 1500 messages, found 110 unique users
2026-05-18 19:27:44,283 - data_loader - INFO -   Loaded 404 gold links from annotation file
2026-05-18 19:27:44,283 - data_loader - INFO -   Conversation '2006-12-06.train-c' loaded in 0.20s
2026-05-18 19:27:44,283 - data_loader - INFO -   Creating samples for 2006-12-06.train-c: messages 0 to 1500 (limited)
2026-05-18 19:27:44,293 - data_loader - INFO -   Created 0 samples for 2006-12-06.train-c
2026-05-18 19:27:44,293 - data_loader - INFO -   File 44/153: 2006-12-06.train-c - 1500 messages, 0 total samples so far
2026-05-18 19:27:44,293 - data_loader - INFO - Loading conversation from /home/s4901673/workspace/irc-disentanglement-bert-pytorch/data/train/2006-12-10.train-a.ascii.txt
2026-05-18 19:27:44,294 - data_loader - INFO -   Read 1681 lines from ASCII file
2026-05-18 19:27:44,298 - data_loader - INFO -   Parsed 1681 messages, found 147 unique users
2026-05-18 19:27:44,604 - data_loader - INFO -   Loaded 561 gold links from annotation file
2026-05-18 19:27:44,604 - data_loader - INFO -   Conversation '2006-12-10.train-a' loaded in 0.31s
2026-05-18 19:27:44,604 - data_loader - INFO -   Creating samples for 2006-12-10.train-a: messages 0 to 1681 (limited)
2026-05-18 19:27:44,615 - data_loader - INFO -   Created 0 samples for 2006-12-10.train-a
2026-05-18 19:27:44,615 - data_loader - INFO -   File 45/153: 2006-12-10.train-a - 1681 messages, 0 total samples so far
2026-05-18 19:27:44,615 - data_loader - INFO - Loading conversation from /home/s4901673/workspace/irc-disentanglement-bert-pytorch/data/train/2006-12-20.train-c.ascii.txt
2026-05-18 19:27:44,616 - data_loader - INFO -   Read 1500 lines from ASCII file
2026-05-18 19:27:44,620 - data_loader - INFO -   Parsed 1500 messages, found 115 unique users
2026-05-18 19:27:44,849 - data_loader - INFO -   Loaded 383 gold links from annotation file
2026-05-18 19:27:44,849 - data_loader - INFO -   Conversation '2006-12-20.train-c' loaded in 0.23s
2026-05-18 19:27:44,849 - data_loader - INFO -   Creating samples for 2006-12-20.train-c: messages 0 to 1500 (limited)
2026-05-18 19:27:44,858 - data_loader - INFO -   Created 0 samples for 2006-12-20.train-c
2026-05-18 19:27:44,858 - data_loader - INFO -   File 46/153: 2006-12-20.train-c - 1500 messages, 0 total samples so far
2026-05-18 19:27:44,858 - data_loader - INFO - Loading conversation from /home/s4901673/workspace/irc-disentanglement-bert-pytorch/data/train/2007-01-12.train-c.ascii.txt
2026-05-18 19:27:44,859 - data_loader - INFO -   Read 1500 lines from ASCII file
2026-05-18 19:27:44,863 - data_loader - INFO -   Parsed 1500 messages, found 113 unique users
2026-05-18 19:27:45,091 - data_loader - INFO -   Loaded 407 gold links from annotation file
2026-05-18 19:27:45,091 - data_loader - INFO -   Conversation '2007-01-12.train-c' loaded in 0.23s
2026-05-18 19:27:45,091 - data_loader - INFO -   Creating samples for 2007-01-12.train-c: messages 0 to 1500 (limited)
2026-05-18 19:27:45,100 - data_loader - INFO -   Created 0 samples for 2007-01-12.train-c
2026-05-18 19:27:45,100 - data_loader - INFO -   File 47/153: 2007-01-12.train-c - 1500 messages, 0 total samples so far
2026-05-18 19:27:45,100 - data_loader - INFO - Loading conversation from /home/s4901673/workspace/irc-disentanglement-bert-pytorch/data/train/2007-01-19.train-a.ascii.txt
2026-05-18 19:27:45,102 - data_loader - INFO -   Read 1740 lines from ASCII file
2026-05-18 19:27:45,303 - data_loader - INFO -   Parsed 1740 messages, found 102 unique users
2026-05-18 19:27:45,552 - data_loader - INFO -   Loaded 540 gold links from annotation file
2026-05-18 19:27:45,552 - data_loader - INFO -   Conversation '2007-01-19.train-a' loaded in 0.45s
2026-05-18 19:27:45,552 - data_loader - INFO -   Creating samples for 2007-01-19.train-a: messages 0 to 1740 (limited)
2026-05-18 19:27:45,564 - data_loader - INFO -   Created 0 samples for 2007-01-19.train-a
2026-05-18 19:27:45,564 - data_loader - INFO -   File 48/153: 2007-01-19.train-a - 1740 messages, 0 total samples so far
2026-05-18 19:27:45,564 - data_loader - INFO - Loading conversation from /home/s4901673/workspace/irc-disentanglement-bert-pytorch/data/train/2007-01-21.train-c.ascii.txt
2026-05-18 19:27:45,566 - data_loader - INFO -   Read 1500 lines from ASCII file
2026-05-18 19:27:45,569 - data_loader - INFO -   Parsed 1500 messages, found 127 unique users
2026-05-18 19:27:45,838 - data_loader - INFO -   Loaded 379 gold links from annotation file
2026-05-18 19:27:45,838 - data_loader - INFO -   Conversation '2007-01-21.train-c' loaded in 0.27s
2026-05-18 19:27:45,838 - data_loader - INFO -   Creating samples for 2007-01-21.train-c: messages 0 to 1500 (limited)
2026-05-18 19:27:45,847 - data_loader - INFO -   Created 0 samples for 2007-01-21.train-c
2026-05-18 19:27:45,847 - data_loader - INFO -   File 49/153: 2007-01-21.train-c - 1500 messages, 0 total samples so far
2026-05-18 19:27:45,847 - data_loader - INFO - Loading conversation from /home/s4901673/workspace/irc-disentanglement-bert-pytorch/data/train/2007-01-29.train-c.ascii.txt
2026-05-18 19:27:45,848 - data_loader - INFO -   Read 1500 lines from ASCII file
2026-05-18 19:27:45,852 - data_loader - INFO -   Parsed 1500 messages, found 115 unique users
2026-05-18 19:27:46,093 - data_loader - INFO -   Loaded 389 gold links from annotation file
2026-05-18 19:27:46,093 - data_loader - INFO -   Conversation '2007-01-29.train-c' loaded in 0.25s
2026-05-18 19:27:46,093 - data_loader - INFO -   Creating samples for 2007-01-29.train-c: messages 0 to 1500 (limited)
2026-05-18 19:27:46,103 - data_loader - INFO -   Created 0 samples for 2007-01-29.train-c
2026-05-18 19:27:46,103 - data_loader - INFO -   File 50/153: 2007-01-29.train-c - 1500 messages, 0 total samples so far
2026-05-18 19:27:46,103 - data_loader - INFO - Loading conversation from /home/s4901673/workspace/irc-disentanglement-bert-pytorch/data/train/2007-02-06.train-c.ascii.txt
2026-05-18 19:27:46,104 - data_loader - INFO -   Read 1500 lines from ASCII file
2026-05-18 19:27:46,108 - data_loader - INFO -   Parsed 1500 messages, found 131 unique users
2026-05-18 19:27:46,376 - data_loader - INFO -   Loaded 387 gold links from annotation file
2026-05-18 19:27:46,376 - data_loader - INFO -   Conversation '2007-02-06.train-c' loaded in 0.27s
2026-05-18 19:27:46,376 - data_loader - INFO -   Creating samples for 2007-02-06.train-c: messages 0 to 1500 (limited)
2026-05-18 19:27:46,385 - data_loader - INFO -   Created 0 samples for 2007-02-06.train-c
2026-05-18 19:27:46,385 - data_loader - INFO -   File 51/153: 2007-02-06.train-c - 1500 messages, 0 total samples so far
2026-05-18 19:27:46,385 - data_loader - INFO - Loading conversation from /home/s4901673/workspace/irc-disentanglement-bert-pytorch/data/train/2007-02-07.train-c.ascii.txt
2026-05-18 19:27:46,387 - data_loader - INFO -   Read 1500 lines from ASCII file
2026-05-18 19:27:46,390 - data_loader - INFO -   Parsed 1500 messages, found 112 unique users
2026-05-18 19:27:46,615 - data_loader - INFO -   Loaded 369 gold links from annotation file
2026-05-18 19:27:46,615 - data_loader - INFO -   Conversation '2007-02-07.train-c' loaded in 0.23s
2026-05-18 19:27:46,615 - data_loader - INFO -   Creating samples for 2007-02-07.train-c: messages 0 to 1500 (limited)
2026-05-18 19:27:46,625 - data_loader - INFO -   Created 0 samples for 2007-02-07.train-c
2026-05-18 19:27:46,625 - data_loader - INFO -   File 52/153: 2007-02-07.train-c - 1500 messages, 0 total samples so far
2026-05-18 19:27:46,625 - data_loader - INFO - Loading conversation from /home/s4901673/workspace/irc-disentanglement-bert-pytorch/data/train/2007-02-15.train-c.ascii.txt
2026-05-18 19:27:46,626 - data_loader - INFO -   Read 1500 lines from ASCII file
2026-05-18 19:27:46,630 - data_loader - INFO -   Parsed 1500 messages, found 121 unique users
2026-05-18 19:27:46,866 - data_loader - INFO -   Loaded 414 gold links from annotation file
2026-05-18 19:27:46,866 - data_loader - INFO -   Conversation '2007-02-15.train-c' loaded in 0.24s
2026-05-18 19:27:46,866 - data_loader - INFO -   Creating samples for 2007-02-15.train-c: messages 0 to 1500 (limited)
2026-05-18 19:27:46,875 - data_loader - INFO -   Created 0 samples for 2007-02-15.train-c
2026-05-18 19:27:46,876 - data_loader - INFO -   File 53/153: 2007-02-15.train-c - 1500 messages, 0 total samples so far
2026-05-18 19:27:46,876 - data_loader - INFO - Loading conversation from /home/s4901673/workspace/irc-disentanglement-bert-pytorch/data/train/2007-06-01.train-c.ascii.txt
2026-05-18 19:27:46,877 - data_loader - INFO -   Read 1500 lines from ASCII file
2026-05-18 19:27:46,881 - data_loader - INFO -   Parsed 1500 messages, found 93 unique users
2026-05-18 19:27:47,064 - data_loader - INFO -   Loaded 394 gold links from annotation file
2026-05-18 19:27:47,064 - data_loader - INFO -   Conversation '2007-06-01.train-c' loaded in 0.19s
2026-05-18 19:27:47,064 - data_loader - INFO -   Creating samples for 2007-06-01.train-c: messages 0 to 1500 (limited)
2026-05-18 19:27:47,074 - data_loader - INFO -   Created 0 samples for 2007-06-01.train-c
2026-05-18 19:27:47,074 - data_loader - INFO -   File 54/153: 2007-06-01.train-c - 1500 messages, 0 total samples so far
2026-05-18 19:27:47,074 - data_loader - INFO - Loading conversation from /home/s4901673/workspace/irc-disentanglement-bert-pytorch/data/train/2007-06-04.train-a.ascii.txt
2026-05-18 19:27:47,075 - data_loader - INFO -   Read 1910 lines from ASCII file
2026-05-18 19:27:47,080 - data_loader - INFO -   Parsed 1910 messages, found 152 unique users
2026-05-18 19:27:47,448 - data_loader - INFO -   Loaded 763 gold links from annotation file
2026-05-18 19:27:47,448 - data_loader - INFO -   Conversation '2007-06-04.train-a' loaded in 0.37s
2026-05-18 19:27:47,448 - data_loader - INFO -   Creating samples for 2007-06-04.train-a: messages 0 to 1910 (limited)
2026-05-18 19:27:47,460 - data_loader - INFO -   Created 0 samples for 2007-06-04.train-a
2026-05-18 19:27:47,460 - data_loader - INFO -   File 55/153: 2007-06-04.train-a - 1910 messages, 0 total samples so far
2026-05-18 19:27:47,461 - data_loader - INFO - Loading conversation from /home/s4901673/workspace/irc-disentanglement-bert-pytorch/data/train/2007-06-17.train-a.ascii.txt
2026-05-18 19:27:47,462 - data_loader - INFO -   Read 1764 lines from ASCII file
2026-05-18 19:27:47,466 - data_loader - INFO -   Parsed 1764 messages, found 146 unique users
2026-05-18 19:27:47,781 - data_loader - INFO -   Loaded 585 gold links from annotation file
2026-05-18 19:27:47,781 - data_loader - INFO -   Conversation '2007-06-17.train-a' loaded in 0.32s
2026-05-18 19:27:47,782 - data_loader - INFO -   Creating samples for 2007-06-17.train-a: messages 0 to 1764 (limited)
2026-05-18 19:27:47,793 - data_loader - INFO -   Created 0 samples for 2007-06-17.train-a
2026-05-18 19:27:47,793 - data_loader - INFO -   File 56/153: 2007-06-17.train-a - 1764 messages, 0 total samples so far
2026-05-18 19:27:47,793 - data_loader - INFO - Loading conversation from /home/s4901673/workspace/irc-disentanglement-bert-pytorch/data/train/2007-07-03.train-a.ascii.txt
2026-05-18 19:27:47,794 - data_loader - INFO -   Read 1800 lines from ASCII file
2026-05-18 19:27:47,798 - data_loader - INFO -   Parsed 1800 messages, found 138 unique users
2026-05-18 19:27:48,093 - data_loader - INFO -   Loaded 625 gold links from annotation file
2026-05-18 19:27:48,093 - data_loader - INFO -   Conversation '2007-07-03.train-a' loaded in 0.30s
2026-05-18 19:27:48,093 - data_loader - INFO -   Creating samples for 2007-07-03.train-a: messages 0 to 1800 (limited)
2026-05-18 19:27:48,105 - data_loader - INFO -   Created 0 samples for 2007-07-03.train-a
2026-05-18 19:27:48,105 - data_loader - INFO -   File 57/153: 2007-07-03.train-a - 1800 messages, 0 total samples so far
2026-05-18 19:27:48,105 - data_loader - INFO - Loading conversation from /home/s4901673/workspace/irc-disentanglement-bert-pytorch/data/train/2007-08-19.train-a.ascii.txt
2026-05-18 19:27:48,106 - data_loader - INFO -   Read 1708 lines from ASCII file
2026-05-18 19:27:48,111 - data_loader - INFO -   Parsed 1708 messages, found 134 unique users
2026-05-18 19:27:48,388 - data_loader - INFO -   Loaded 581 gold links from annotation file
2026-05-18 19:27:48,388 - data_loader - INFO -   Conversation '2007-08-19.train-a' loaded in 0.28s
2026-05-18 19:27:48,389 - data_loader - INFO -   Creating samples for 2007-08-19.train-a: messages 0 to 1708 (limited)
2026-05-18 19:27:48,399 - data_loader - INFO -   Created 0 samples for 2007-08-19.train-a
2026-05-18 19:27:48,400 - data_loader - INFO -   File 58/153: 2007-08-19.train-a - 1708 messages, 0 total samples so far
2026-05-18 19:27:48,400 - data_loader - INFO - Loading conversation from /home/s4901673/workspace/irc-disentanglement-bert-pytorch/data/train/2007-08-22.train-c.ascii.txt
2026-05-18 19:27:48,401 - data_loader - INFO -   Read 1500 lines from ASCII file
2026-05-18 19:27:48,404 - data_loader - INFO -   Parsed 1500 messages, found 96 unique users
2026-05-18 19:27:48,595 - data_loader - INFO -   Loaded 409 gold links from annotation file
2026-05-18 19:27:48,595 - data_loader - INFO -   Conversation '2007-08-22.train-c' loaded in 0.20s
2026-05-18 19:27:48,595 - data_loader - INFO -   Creating samples for 2007-08-22.train-c: messages 0 to 1500 (limited)
2026-05-18 19:27:48,604 - data_loader - INFO -   Created 0 samples for 2007-08-22.train-c
2026-05-18 19:27:48,605 - data_loader - INFO -   File 59/153: 2007-08-22.train-c - 1500 messages, 0 total samples so far
2026-05-18 19:27:48,605 - data_loader - INFO - Loading conversation from /home/s4901673/workspace/irc-disentanglement-bert-pytorch/data/train/2007-08-24.train-c.ascii.txt
2026-05-18 19:27:48,606 - data_loader - INFO -   Read 1500 lines from ASCII file
2026-05-18 19:27:48,610 - data_loader - INFO -   Parsed 1500 messages, found 103 unique users
2026-05-18 19:27:48,802 - data_loader - INFO -   Loaded 414 gold links from annotation file
2026-05-18 19:27:48,802 - data_loader - INFO -   Conversation '2007-08-24.train-c' loaded in 0.20s
2026-05-18 19:27:48,802 - data_loader - INFO -   Creating samples for 2007-08-24.train-c: messages 0 to 1500 (limited)
2026-05-18 19:27:48,812 - data_loader - INFO -   Created 0 samples for 2007-08-24.train-c
2026-05-18 19:27:48,812 - data_loader - INFO -   File 60/153: 2007-08-24.train-c - 1500 messages, 0 total samples so far
2026-05-18 19:27:48,812 - data_loader - INFO - Loading conversation from /home/s4901673/workspace/irc-disentanglement-bert-pytorch/data/train/2007-09-07.train-a.ascii.txt
2026-05-18 19:27:48,813 - data_loader - INFO -   Read 1759 lines from ASCII file
2026-05-18 19:27:48,817 - data_loader - INFO -   Parsed 1759 messages, found 149 unique users
2026-05-18 19:27:49,143 - data_loader - INFO -   Loaded 591 gold links from annotation file
2026-05-18 19:27:49,143 - data_loader - INFO -   Conversation '2007-09-07.train-a' loaded in 0.33s
2026-05-18 19:27:49,144 - data_loader - INFO -   Creating samples for 2007-09-07.train-a: messages 0 to 1759 (limited)
2026-05-18 19:27:49,155 - data_loader - INFO -   Created 0 samples for 2007-09-07.train-a
2026-05-18 19:27:49,155 - data_loader - INFO -   File 61/153: 2007-09-07.train-a - 1759 messages, 0 total samples so far
2026-05-18 19:27:49,155 - data_loader - INFO - Loading conversation from /home/s4901673/workspace/irc-disentanglement-bert-pytorch/data/train/2007-10-24.train-c.ascii.txt
2026-05-18 19:27:49,156 - data_loader - INFO -   Read 1500 lines from ASCII file
2026-05-18 19:27:49,160 - data_loader - INFO -   Parsed 1500 messages, found 206 unique users
2026-05-18 19:27:49,686 - data_loader - INFO -   Loaded 380 gold links from annotation file
2026-05-18 19:27:49,686 - data_loader - INFO -   Conversation '2007-10-24.train-c' loaded in 0.53s
2026-05-18 19:27:49,686 - data_loader - INFO -   Creating samples for 2007-10-24.train-c: messages 0 to 1500 (limited)
2026-05-18 19:27:49,697 - data_loader - INFO -   Created 0 samples for 2007-10-24.train-c
2026-05-18 19:27:49,697 - data_loader - INFO -   File 62/153: 2007-10-24.train-c - 1500 messages, 0 total samples so far
2026-05-18 19:27:49,697 - data_loader - INFO - Loading conversation from /home/s4901673/workspace/irc-disentanglement-bert-pytorch/data/train/2007-12-17.train-a.ascii.txt
2026-05-18 19:27:49,698 - data_loader - INFO -   Read 1650 lines from ASCII file
2026-05-18 19:27:49,703 - data_loader - INFO -   Parsed 1650 messages, found 170 unique users
2026-05-18 19:27:50,186 - data_loader - INFO -   Loaded 472 gold links from annotation file
2026-05-18 19:27:50,186 - data_loader - INFO -   Conversation '2007-12-17.train-a' loaded in 0.49s
2026-05-18 19:27:50,186 - data_loader - INFO -   Creating samples for 2007-12-17.train-a: messages 0 to 1650 (limited)
2026-05-18 19:27:50,198 - data_loader - INFO -   Created 0 samples for 2007-12-17.train-a
2026-05-18 19:27:50,198 - data_loader - INFO -   File 63/153: 2007-12-17.train-a - 1650 messages, 0 total samples so far
2026-05-18 19:27:50,198 - data_loader - INFO - Loading conversation from /home/s4901673/workspace/irc-disentanglement-bert-pytorch/data/train/2008-01-02.train-c.ascii.txt
2026-05-18 19:27:50,199 - data_loader - INFO -   Read 1500 lines from ASCII file
2026-05-18 19:27:50,203 - data_loader - INFO -   Parsed 1500 messages, found 159 unique users
2026-05-18 19:27:50,588 - data_loader - INFO -   Loaded 342 gold links from annotation file
2026-05-18 19:27:50,588 - data_loader - INFO -   Conversation '2008-01-02.train-c' loaded in 0.39s
2026-05-18 19:27:50,588 - data_loader - INFO -   Creating samples for 2008-01-02.train-c: messages 0 to 1500 (limited)
2026-05-18 19:27:50,599 - data_loader - INFO -   Created 0 samples for 2008-01-02.train-c
2026-05-18 19:27:50,599 - data_loader - INFO -   File 64/153: 2008-01-02.train-c - 1500 messages, 0 total samples so far
2026-05-18 19:27:50,599 - data_loader - INFO - Loading conversation from /home/s4901673/workspace/irc-disentanglement-bert-pytorch/data/train/2008-01-03.train-c.ascii.txt
2026-05-18 19:27:50,600 - data_loader - INFO -   Read 1500 lines from ASCII file
2026-05-18 19:27:50,604 - data_loader - INFO -   Parsed 1500 messages, found 180 unique users
2026-05-18 19:27:51,054 - data_loader - INFO -   Loaded 364 gold links from annotation file
2026-05-18 19:27:51,055 - data_loader - INFO -   Conversation '2008-01-03.train-c' loaded in 0.46s
2026-05-18 19:27:51,055 - data_loader - INFO -   Creating samples for 2008-01-03.train-c: messages 0 to 1500 (limited)
2026-05-18 19:27:51,066 - data_loader - INFO -   Created 0 samples for 2008-01-03.train-c
2026-05-18 19:27:51,066 - data_loader - INFO -   File 65/153: 2008-01-03.train-c - 1500 messages, 0 total samples so far
2026-05-18 19:27:51,066 - data_loader - INFO - Loading conversation from /home/s4901673/workspace/irc-disentanglement-bert-pytorch/data/train/2008-02-07.train-c.ascii.txt
2026-05-18 19:27:51,067 - data_loader - INFO -   Read 1500 lines from ASCII file
2026-05-18 19:27:51,071 - data_loader - INFO -   Parsed 1500 messages, found 193 unique users
2026-05-18 19:27:51,568 - data_loader - INFO -   Loaded 352 gold links from annotation file
2026-05-18 19:27:51,568 - data_loader - INFO -   Conversation '2008-02-07.train-c' loaded in 0.50s
2026-05-18 19:27:51,568 - data_loader - INFO -   Creating samples for 2008-02-07.train-c: messages 0 to 1500 (limited)
2026-05-18 19:27:51,579 - data_loader - INFO -   Created 0 samples for 2008-02-07.train-c
2026-05-18 19:27:51,579 - data_loader - INFO -   File 66/153: 2008-02-07.train-c - 1500 messages, 0 total samples so far
2026-05-18 19:27:51,579 - data_loader - INFO - Loading conversation from /home/s4901673/workspace/irc-disentanglement-bert-pytorch/data/train/2008-02-14.train-c.ascii.txt
2026-05-18 19:27:51,580 - data_loader - INFO -   Read 1500 lines from ASCII file
2026-05-18 19:27:51,584 - data_loader - INFO -   Parsed 1500 messages, found 197 unique users
2026-05-18 19:27:52,106 - data_loader - INFO -   Loaded 365 gold links from annotation file
2026-05-18 19:27:52,106 - data_loader - INFO -   Conversation '2008-02-14.train-c' loaded in 0.53s
2026-05-18 19:27:52,106 - data_loader - INFO -   Creating samples for 2008-02-14.train-c: messages 0 to 1500 (limited)
2026-05-18 19:27:52,117 - data_loader - INFO -   Created 0 samples for 2008-02-14.train-c
2026-05-18 19:27:52,117 - data_loader - INFO -   File 67/153: 2008-02-14.train-c - 1500 messages, 0 total samples so far
2026-05-18 19:27:52,117 - data_loader - INFO - Loading conversation from /home/s4901673/workspace/irc-disentanglement-bert-pytorch/data/train/2008-03-01.train-c.ascii.txt
2026-05-18 19:27:52,118 - data_loader - INFO -   Read 1500 lines from ASCII file
2026-05-18 19:27:52,122 - data_loader - INFO -   Parsed 1500 messages, found 127 unique users
2026-05-18 19:27:52,471 - data_loader - INFO -   Loaded 374 gold links from annotation file
2026-05-18 19:27:52,471 - data_loader - INFO -   Conversation '2008-03-01.train-c' loaded in 0.35s
2026-05-18 19:27:52,471 - data_loader - INFO -   Creating samples for 2008-03-01.train-c: messages 0 to 1500 (limited)
2026-05-18 19:27:52,482 - data_loader - INFO -   Created 0 samples for 2008-03-01.train-c
2026-05-18 19:27:52,482 - data_loader - INFO -   File 68/153: 2008-03-01.train-c - 1500 messages, 0 total samples so far
2026-05-18 19:27:52,482 - data_loader - INFO - Loading conversation from /home/s4901673/workspace/irc-disentanglement-bert-pytorch/data/train/2008-04-20.train-a.ascii.txt
2026-05-18 19:27:52,483 - data_loader - INFO -   Read 1378 lines from ASCII file
2026-05-18 19:27:52,487 - data_loader - INFO -   Parsed 1378 messages, found 132 unique users
2026-05-18 19:27:52,787 - data_loader - INFO -   Loaded 265 gold links from annotation file
2026-05-18 19:27:52,787 - data_loader - INFO -   Conversation '2008-04-20.train-a' loaded in 0.30s
2026-05-18 19:27:52,787 - data_loader - INFO -   Creating samples for 2008-04-20.train-a: messages 0 to 1378 (limited)
2026-05-18 19:27:52,797 - data_loader - INFO -   Created 0 samples for 2008-04-20.train-a
2026-05-18 19:27:52,797 - data_loader - INFO -   File 69/153: 2008-04-20.train-a - 1378 messages, 0 total samples so far
2026-05-18 19:27:52,797 - data_loader - INFO - Loading conversation from /home/s4901673/workspace/irc-disentanglement-bert-pytorch/data/train/2008-04-27.train-a.ascii.txt
2026-05-18 19:27:52,798 - data_loader - INFO -   Read 1979 lines from ASCII file
2026-05-18 19:27:52,803 - data_loader - INFO -   Parsed 1979 messages, found 179 unique users
2026-05-18 19:27:53,406 - data_loader - INFO -   Loaded 755 gold links from annotation file
2026-05-18 19:27:53,406 - data_loader - INFO -   Conversation '2008-04-27.train-a' loaded in 0.61s
2026-05-18 19:27:53,406 - data_loader - INFO -   Creating samples for 2008-04-27.train-a: messages 0 to 1979 (limited)
2026-05-18 19:27:53,421 - data_loader - INFO -   Created 0 samples for 2008-04-27.train-a
2026-05-18 19:27:53,421 - data_loader - INFO -   File 70/153: 2008-04-27.train-a - 1979 messages, 0 total samples so far
2026-05-18 19:27:53,421 - data_loader - INFO - Loading conversation from /home/s4901673/workspace/irc-disentanglement-bert-pytorch/data/train/2008-04-30.train-a.ascii.txt
2026-05-18 19:27:53,423 - data_loader - INFO -   Read 1699 lines from ASCII file
2026-05-18 19:27:53,427 - data_loader - INFO -   Parsed 1699 messages, found 172 unique users
2026-05-18 19:27:53,955 - data_loader - INFO -   Loaded 483 gold links from annotation file
2026-05-18 19:27:53,955 - data_loader - INFO -   Conversation '2008-04-30.train-a' loaded in 0.53s
2026-05-18 19:27:53,955 - data_loader - INFO -   Creating samples for 2008-04-30.train-a: messages 0 to 1699 (limited)
2026-05-18 19:27:53,967 - data_loader - INFO -   Created 0 samples for 2008-04-30.train-a
2026-05-18 19:27:53,968 - data_loader - INFO -   File 71/153: 2008-04-30.train-a - 1699 messages, 0 total samples so far
2026-05-18 19:27:53,968 - data_loader - INFO - Loading conversation from /home/s4901673/workspace/irc-disentanglement-bert-pytorch/data/train/2008-05-24.train-c.ascii.txt
2026-05-18 19:27:53,969 - data_loader - INFO -   Read 1500 lines from ASCII file
2026-05-18 19:27:53,973 - data_loader - INFO -   Parsed 1500 messages, found 147 unique users
2026-05-18 19:27:54,330 - data_loader - INFO -   Loaded 369 gold links from annotation file
2026-05-18 19:27:54,330 - data_loader - INFO -   Conversation '2008-05-24.train-c' loaded in 0.36s
2026-05-18 19:27:54,330 - data_loader - INFO -   Creating samples for 2008-05-24.train-c: messages 0 to 1500 (limited)
2026-05-18 19:27:54,341 - data_loader - INFO -   Created 0 samples for 2008-05-24.train-c
2026-05-18 19:27:54,341 - data_loader - INFO -   File 72/153: 2008-05-24.train-c - 1500 messages, 0 total samples so far
2026-05-18 19:27:54,341 - data_loader - INFO - Loading conversation from /home/s4901673/workspace/irc-disentanglement-bert-pytorch/data/train/2008-06-03.train-a.ascii.txt
2026-05-18 19:27:54,343 - data_loader - INFO -   Read 1436 lines from ASCII file
2026-05-18 19:27:54,347 - data_loader - INFO -   Parsed 1436 messages, found 140 unique users
2026-05-18 19:27:54,693 - data_loader - INFO -   Loaded 310 gold links from annotation file
2026-05-18 19:27:54,693 - data_loader - INFO -   Conversation '2008-06-03.train-a' loaded in 0.35s
2026-05-18 19:27:54,693 - data_loader - INFO -   Creating samples for 2008-06-03.train-a: messages 0 to 1436 (limited)
2026-05-18 19:27:54,703 - data_loader - INFO -   Created 0 samples for 2008-06-03.train-a
2026-05-18 19:27:54,703 - data_loader - INFO -   File 73/153: 2008-06-03.train-a - 1436 messages, 0 total samples so far
2026-05-18 19:27:54,703 - data_loader - INFO - Loading conversation from /home/s4901673/workspace/irc-disentanglement-bert-pytorch/data/train/2008-07-03.train-c.ascii.txt
2026-05-18 19:27:54,705 - data_loader - INFO -   Read 1500 lines from ASCII file
2026-05-18 19:27:54,709 - data_loader - INFO -   Parsed 1500 messages, found 154 unique users
2026-05-18 19:27:55,098 - data_loader - INFO -   Loaded 344 gold links from annotation file
2026-05-18 19:27:55,098 - data_loader - INFO -   Conversation '2008-07-03.train-c' loaded in 0.39s
2026-05-18 19:27:55,098 - data_loader - INFO -   Creating samples for 2008-07-03.train-c: messages 0 to 1500 (limited)
2026-05-18 19:27:55,109 - data_loader - INFO -   Created 0 samples for 2008-07-03.train-c
2026-05-18 19:27:55,109 - data_loader - INFO -   File 74/153: 2008-07-03.train-c - 1500 messages, 0 total samples so far
2026-05-18 19:27:55,109 - data_loader - INFO - Loading conversation from /home/s4901673/workspace/irc-disentanglement-bert-pytorch/data/train/2008-10-02.train-c.ascii.txt
2026-05-18 19:27:55,110 - data_loader - INFO -   Read 1500 lines from ASCII file
2026-05-18 19:27:55,281 - data_loader - INFO -   Parsed 1500 messages, found 156 unique users
2026-05-18 19:27:55,674 - data_loader - INFO -   Loaded 364 gold links from annotation file
2026-05-18 19:27:55,674 - data_loader - INFO -   Conversation '2008-10-02.train-c' loaded in 0.57s
2026-05-18 19:27:55,674 - data_loader - INFO -   Creating samples for 2008-10-02.train-c: messages 0 to 1500 (limited)
2026-05-18 19:27:55,685 - data_loader - INFO -   Created 0 samples for 2008-10-02.train-c
2026-05-18 19:27:55,685 - data_loader - INFO -   File 75/153: 2008-10-02.train-c - 1500 messages, 0 total samples so far
2026-05-18 19:27:55,685 - data_loader - INFO - Loading conversation from /home/s4901673/workspace/irc-disentanglement-bert-pytorch/data/train/2009-01-05.train-a.ascii.txt
2026-05-18 19:27:55,686 - data_loader - INFO -   Read 1312 lines from ASCII file
2026-05-18 19:27:55,690 - data_loader - INFO -   Parsed 1312 messages, found 126 unique users
2026-05-18 19:27:55,981 - data_loader - INFO -   Loaded 211 gold links from annotation file
2026-05-18 19:27:55,981 - data_loader - INFO -   Conversation '2009-01-05.train-a' loaded in 0.30s
2026-05-18 19:27:55,981 - data_loader - INFO -   Creating samples for 2009-01-05.train-a: messages 0 to 1312 (limited)
2026-05-18 19:27:55,990 - data_loader - INFO -   Created 0 samples for 2009-01-05.train-a
2026-05-18 19:27:55,991 - data_loader - INFO -   File 76/153: 2009-01-05.train-a - 1312 messages, 0 total samples so far
2026-05-18 19:27:55,991 - data_loader - INFO - Loading conversation from /home/s4901673/workspace/irc-disentanglement-bert-pytorch/data/train/2009-03-25.train-a.ascii.txt
2026-05-18 19:27:55,992 - data_loader - INFO -   Read 1350 lines from ASCII file
2026-05-18 19:27:55,995 - data_loader - INFO -   Parsed 1350 messages, found 163 unique users
2026-05-18 19:27:56,351 - data_loader - INFO -   Loaded 242 gold links from annotation file
2026-05-18 19:27:56,351 - data_loader - INFO -   Conversation '2009-03-25.train-a' loaded in 0.36s
2026-05-18 19:27:56,351 - data_loader - INFO -   Creating samples for 2009-03-25.train-a: messages 0 to 1350 (limited)
2026-05-18 19:27:56,360 - data_loader - INFO -   Created 0 samples for 2009-03-25.train-a
2026-05-18 19:27:56,360 - data_loader - INFO -   File 77/153: 2009-03-25.train-a - 1350 messages, 0 total samples so far
2026-05-18 19:27:56,360 - data_loader - INFO - Loading conversation from /home/s4901673/workspace/irc-disentanglement-bert-pytorch/data/train/2009-05-04.train-c.ascii.txt
2026-05-18 19:27:56,362 - data_loader - INFO -   Read 1500 lines from ASCII file
2026-05-18 19:27:56,366 - data_loader - INFO -   Parsed 1500 messages, found 157 unique users
2026-05-18 19:27:56,785 - data_loader - INFO -   Loaded 368 gold links from annotation file
2026-05-18 19:27:56,785 - data_loader - INFO -   Conversation '2009-05-04.train-c' loaded in 0.42s
2026-05-18 19:27:56,785 - data_loader - INFO -   Creating samples for 2009-05-04.train-c: messages 0 to 1500 (limited)
2026-05-18 19:27:56,796 - data_loader - INFO -   Created 0 samples for 2009-05-04.train-c
2026-05-18 19:27:56,796 - data_loader - INFO -   File 78/153: 2009-05-04.train-c - 1500 messages, 0 total samples so far
2026-05-18 19:27:56,796 - data_loader - INFO - Loading conversation from /home/s4901673/workspace/irc-disentanglement-bert-pytorch/data/train/2009-05-08.train-c.ascii.txt
2026-05-18 19:27:56,797 - data_loader - INFO -   Read 1500 lines from ASCII file
2026-05-18 19:27:56,801 - data_loader - INFO -   Parsed 1500 messages, found 154 unique users
2026-05-18 19:27:57,217 - data_loader - INFO -   Loaded 339 gold links from annotation file
2026-05-18 19:27:57,217 - data_loader - INFO -   Conversation '2009-05-08.train-c' loaded in 0.42s
2026-05-18 19:27:57,218 - data_loader - INFO -   Creating samples for 2009-05-08.train-c: messages 0 to 1500 (limited)
2026-05-18 19:27:57,228 - data_loader - INFO -   Created 0 samples for 2009-05-08.train-c
2026-05-18 19:27:57,228 - data_loader - INFO -   File 79/153: 2009-05-08.train-c - 1500 messages, 0 total samples so far
2026-05-18 19:27:57,228 - data_loader - INFO - Loading conversation from /home/s4901673/workspace/irc-disentanglement-bert-pytorch/data/train/2009-07-02.train-c.ascii.txt
2026-05-18 19:27:57,230 - data_loader - INFO -   Read 1500 lines from ASCII file
2026-05-18 19:27:57,234 - data_loader - INFO -   Parsed 1500 messages, found 156 unique users
2026-05-18 19:27:57,650 - data_loader - INFO -   Loaded 376 gold links from annotation file
2026-05-18 19:27:57,650 - data_loader - INFO -   Conversation '2009-07-02.train-c' loaded in 0.42s
2026-05-18 19:27:57,650 - data_loader - INFO -   Creating samples for 2009-07-02.train-c: messages 0 to 1500 (limited)
2026-05-18 19:27:57,661 - data_loader - INFO -   Created 0 samples for 2009-07-02.train-c
2026-05-18 19:27:57,661 - data_loader - INFO -   File 80/153: 2009-07-02.train-c - 1500 messages, 0 total samples so far
2026-05-18 19:27:57,661 - data_loader - INFO - Loading conversation from /home/s4901673/workspace/irc-disentanglement-bert-pytorch/data/train/2009-11-13.train-c.ascii.txt
2026-05-18 19:27:57,662 - data_loader - INFO -   Read 1500 lines from ASCII file
2026-05-18 19:27:57,666 - data_loader - INFO -   Parsed 1500 messages, found 182 unique users
2026-05-18 19:27:58,136 - data_loader - INFO -   Loaded 349 gold links from annotation file
2026-05-18 19:27:58,136 - data_loader - INFO -   Conversation '2009-11-13.train-c' loaded in 0.47s
2026-05-18 19:27:58,136 - data_loader - INFO -   Creating samples for 2009-11-13.train-c: messages 0 to 1500 (limited)
2026-05-18 19:27:58,147 - data_loader - INFO -   Created 0 samples for 2009-11-13.train-c
2026-05-18 19:27:58,147 - data_loader - INFO -   File 81/153: 2009-11-13.train-c - 1500 messages, 0 total samples so far
2026-05-18 19:27:58,147 - data_loader - INFO - Loading conversation from /home/s4901673/workspace/irc-disentanglement-bert-pytorch/data/train/2009-12-05.train-c.ascii.txt
2026-05-18 19:27:58,149 - data_loader - INFO -   Read 1500 lines from ASCII file
2026-05-18 19:27:58,153 - data_loader - INFO -   Parsed 1500 messages, found 169 unique users
2026-05-18 19:27:58,581 - data_loader - INFO -   Loaded 355 gold links from annotation file
2026-05-18 19:27:58,582 - data_loader - INFO -   Conversation '2009-12-05.train-c' loaded in 0.43s
2026-05-18 19:27:58,582 - data_loader - INFO -   Creating samples for 2009-12-05.train-c: messages 0 to 1500 (limited)
2026-05-18 19:27:58,592 - data_loader - INFO -   Created 0 samples for 2009-12-05.train-c
2026-05-18 19:27:58,593 - data_loader - INFO -   File 82/153: 2009-12-05.train-c - 1500 messages, 0 total samples so far
2026-05-18 19:27:58,593 - data_loader - INFO - Loading conversation from /home/s4901673/workspace/irc-disentanglement-bert-pytorch/data/train/2010-01-04.train-c.ascii.txt
2026-05-18 19:27:58,594 - data_loader - INFO -   Read 1500 lines from ASCII file
2026-05-18 19:27:58,598 - data_loader - INFO -   Parsed 1500 messages, found 191 unique users
2026-05-18 19:27:59,079 - data_loader - INFO -   Loaded 354 gold links from annotation file
2026-05-18 19:27:59,079 - data_loader - INFO -   Conversation '2010-01-04.train-c' loaded in 0.49s
2026-05-18 19:27:59,079 - data_loader - INFO -   Creating samples for 2010-01-04.train-c: messages 0 to 1500 (limited)
2026-05-18 19:27:59,090 - data_loader - INFO -   Created 0 samples for 2010-01-04.train-c
2026-05-18 19:27:59,090 - data_loader - INFO -   File 83/153: 2010-01-04.train-c - 1500 messages, 0 total samples so far
2026-05-18 19:27:59,090 - data_loader - INFO - Loading conversation from /home/s4901673/workspace/irc-disentanglement-bert-pytorch/data/train/2010-02-13.train-a.ascii.txt
2026-05-18 19:27:59,091 - data_loader - INFO -   Read 1318 lines from ASCII file
2026-05-18 19:27:59,095 - data_loader - INFO -   Parsed 1318 messages, found 141 unique users
2026-05-18 19:27:59,406 - data_loader - INFO -   Loaded 218 gold links from annotation file
2026-05-18 19:27:59,407 - data_loader - INFO -   Conversation '2010-02-13.train-a' loaded in 0.32s
2026-05-18 19:27:59,407 - data_loader - INFO -   Creating samples for 2010-02-13.train-a: messages 0 to 1318 (limited)
2026-05-18 19:27:59,418 - data_loader - INFO -   Created 0 samples for 2010-02-13.train-a
2026-05-18 19:27:59,418 - data_loader - INFO -   File 84/153: 2010-02-13.train-a - 1318 messages, 0 total samples so far
2026-05-18 19:27:59,418 - data_loader - INFO - Loading conversation from /home/s4901673/workspace/irc-disentanglement-bert-pytorch/data/train/2010-03-08.train-c.ascii.txt
2026-05-18 19:27:59,419 - data_loader - INFO -   Read 1500 lines from ASCII file
2026-05-18 19:27:59,423 - data_loader - INFO -   Parsed 1500 messages, found 237 unique users
2026-05-18 19:28:00,014 - data_loader - INFO -   Loaded 363 gold links from annotation file
2026-05-18 19:28:00,014 - data_loader - INFO -   Conversation '2010-03-08.train-c' loaded in 0.60s
2026-05-18 19:28:00,014 - data_loader - INFO -   Creating samples for 2010-03-08.train-c: messages 0 to 1500 (limited)
2026-05-18 19:28:00,027 - data_loader - INFO -   Created 0 samples for 2010-03-08.train-c
2026-05-18 19:28:00,027 - data_loader - INFO -   File 85/153: 2010-03-08.train-c - 1500 messages, 0 total samples so far
2026-05-18 19:28:00,027 - data_loader - INFO - Loading conversation from /home/s4901673/workspace/irc-disentanglement-bert-pytorch/data/train/2010-03-20.train-c.ascii.txt
2026-05-18 19:28:00,028 - data_loader - INFO -   Read 1500 lines from ASCII file
2026-05-18 19:28:00,032 - data_loader - INFO -   Parsed 1500 messages, found 177 unique users
2026-05-18 19:28:00,506 - data_loader - INFO -   Loaded 375 gold links from annotation file
2026-05-18 19:28:00,506 - data_loader - INFO -   Conversation '2010-03-20.train-c' loaded in 0.48s
2026-05-18 19:28:00,506 - data_loader - INFO -   Creating samples for 2010-03-20.train-c: messages 0 to 1500 (limited)
2026-05-18 19:28:00,517 - data_loader - INFO -   Created 0 samples for 2010-03-20.train-c
2026-05-18 19:28:00,517 - data_loader - INFO -   File 86/153: 2010-03-20.train-c - 1500 messages, 0 total samples so far
2026-05-18 19:28:00,517 - data_loader - INFO - Loading conversation from /home/s4901673/workspace/irc-disentanglement-bert-pytorch/data/train/2010-04-12.train-c.ascii.txt
2026-05-18 19:28:00,518 - data_loader - INFO -   Read 1500 lines from ASCII file
2026-05-18 19:28:00,523 - data_loader - INFO -   Parsed 1500 messages, found 162 unique users
2026-05-18 19:28:00,915 - data_loader - INFO -   Loaded 344 gold links from annotation file
2026-05-18 19:28:00,915 - data_loader - INFO -   Conversation '2010-04-12.train-c' loaded in 0.40s
2026-05-18 19:28:00,916 - data_loader - INFO -   Creating samples for 2010-04-12.train-c: messages 0 to 1500 (limited)
2026-05-18 19:28:00,926 - data_loader - INFO -   Created 0 samples for 2010-04-12.train-c
2026-05-18 19:28:00,926 - data_loader - INFO -   File 87/153: 2010-04-12.train-c - 1500 messages, 0 total samples so far
2026-05-18 19:28:00,926 - data_loader - INFO - Loading conversation from /home/s4901673/workspace/irc-disentanglement-bert-pytorch/data/train/2010-05-30.train-c.ascii.txt
2026-05-18 19:28:00,928 - data_loader - INFO -   Read 1500 lines from ASCII file
2026-05-18 19:28:00,932 - data_loader - INFO -   Parsed 1500 messages, found 196 unique users
2026-05-18 19:28:01,432 - data_loader - INFO -   Loaded 345 gold links from annotation file
2026-05-18 19:28:01,432 - data_loader - INFO -   Conversation '2010-05-30.train-c' loaded in 0.51s
2026-05-18 19:28:01,432 - data_loader - INFO -   Creating samples for 2010-05-30.train-c: messages 0 to 1500 (limited)
2026-05-18 19:28:01,443 - data_loader - INFO -   Created 0 samples for 2010-05-30.train-c
2026-05-18 19:28:01,443 - data_loader - INFO -   File 88/153: 2010-05-30.train-c - 1500 messages, 0 total samples so far
2026-05-18 19:28:01,443 - data_loader - INFO - Loading conversation from /home/s4901673/workspace/irc-disentanglement-bert-pytorch/data/train/2010-06-21.train-c.ascii.txt
2026-05-18 19:28:01,444 - data_loader - INFO -   Read 1500 lines from ASCII file
2026-05-18 19:28:01,448 - data_loader - INFO -   Parsed 1500 messages, found 120 unique users
2026-05-18 19:28:01,758 - data_loader - INFO -   Loaded 356 gold links from annotation file
2026-05-18 19:28:01,758 - data_loader - INFO -   Conversation '2010-06-21.train-c' loaded in 0.32s
2026-05-18 19:28:01,759 - data_loader - INFO -   Creating samples for 2010-06-21.train-c: messages 0 to 1500 (limited)
2026-05-18 19:28:01,770 - data_loader - INFO -   Created 0 samples for 2010-06-21.train-c
2026-05-18 19:28:01,770 - data_loader - INFO -   File 89/153: 2010-06-21.train-c - 1500 messages, 0 total samples so far
2026-05-18 19:28:01,770 - data_loader - INFO - Loading conversation from /home/s4901673/workspace/irc-disentanglement-bert-pytorch/data/train/2010-08-05.train-a.ascii.txt
2026-05-18 19:28:01,771 - data_loader - INFO -   Read 1279 lines from ASCII file
2026-05-18 19:28:01,774 - data_loader - INFO -   Parsed 1279 messages, found 152 unique users
2026-05-18 19:28:02,118 - data_loader - INFO -   Loaded 227 gold links from annotation file
2026-05-18 19:28:02,118 - data_loader - INFO -   Conversation '2010-08-05.train-a' loaded in 0.35s
2026-05-18 19:28:02,118 - data_loader - INFO -   Creating samples for 2010-08-05.train-a: messages 0 to 1279 (limited)
2026-05-18 19:28:02,127 - data_loader - INFO -   Created 0 samples for 2010-08-05.train-a
2026-05-18 19:28:02,127 - data_loader - INFO -   File 90/153: 2010-08-05.train-a - 1279 messages, 0 total samples so far
2026-05-18 19:28:02,127 - data_loader - INFO - Loading conversation from /home/s4901673/workspace/irc-disentanglement-bert-pytorch/data/train/2010-08-15.train-c.ascii.txt
2026-05-18 19:28:02,128 - data_loader - INFO -   Read 1500 lines from ASCII file
2026-05-18 19:28:02,133 - data_loader - INFO -   Parsed 1500 messages, found 139 unique users
2026-05-18 19:28:02,492 - data_loader - INFO -   Loaded 346 gold links from annotation file
2026-05-18 19:28:02,492 - data_loader - INFO -   Conversation '2010-08-15.train-c' loaded in 0.37s
2026-05-18 19:28:02,493 - data_loader - INFO -   Creating samples for 2010-08-15.train-c: messages 0 to 1500 (limited)
2026-05-18 19:28:02,503 - data_loader - INFO -   Created 0 samples for 2010-08-15.train-c
2026-05-18 19:28:02,503 - data_loader - INFO -   File 91/153: 2010-08-15.train-c - 1500 messages, 0 total samples so far
2026-05-18 19:28:02,503 - data_loader - INFO - Loading conversation from /home/s4901673/workspace/irc-disentanglement-bert-pytorch/data/train/2010-08-29.train-a.ascii.txt
2026-05-18 19:28:02,505 - data_loader - INFO -   Read 1428 lines from ASCII file
2026-05-18 19:28:02,509 - data_loader - INFO -   Parsed 1428 messages, found 171 unique users
2026-05-18 19:28:02,941 - data_loader - INFO -   Loaded 329 gold links from annotation file
2026-05-18 19:28:02,941 - data_loader - INFO -   Conversation '2010-08-29.train-a' loaded in 0.44s
2026-05-18 19:28:02,941 - data_loader - INFO -   Creating samples for 2010-08-29.train-a: messages 0 to 1428 (limited)
2026-05-18 19:28:02,952 - data_loader - INFO -   Created 0 samples for 2010-08-29.train-a
2026-05-18 19:28:02,952 - data_loader - INFO -   File 92/153: 2010-08-29.train-a - 1428 messages, 0 total samples so far
2026-05-18 19:28:02,952 - data_loader - INFO - Loading conversation from /home/s4901673/workspace/irc-disentanglement-bert-pytorch/data/train/2010-10-17.train-c.ascii.txt
2026-05-18 19:28:02,953 - data_loader - INFO -   Read 1500 lines from ASCII file
2026-05-18 19:28:02,957 - data_loader - INFO -   Parsed 1500 messages, found 119 unique users
2026-05-18 19:28:03,258 - data_loader - INFO -   Loaded 350 gold links from annotation file
2026-05-18 19:28:03,258 - data_loader - INFO -   Conversation '2010-10-17.train-c' loaded in 0.31s
2026-05-18 19:28:03,259 - data_loader - INFO -   Creating samples for 2010-10-17.train-c: messages 0 to 1500 (limited)
2026-05-18 19:28:03,269 - data_loader - INFO -   Created 0 samples for 2010-10-17.train-c
2026-05-18 19:28:03,269 - data_loader - INFO -   File 93/153: 2010-10-17.train-c - 1500 messages, 0 total samples so far
2026-05-18 19:28:03,269 - data_loader - INFO - Loading conversation from /home/s4901673/workspace/irc-disentanglement-bert-pytorch/data/train/2010-10-27.train-c.ascii.txt
2026-05-18 19:28:03,271 - data_loader - INFO -   Read 1500 lines from ASCII file
2026-05-18 19:28:03,275 - data_loader - INFO -   Parsed 1500 messages, found 171 unique users
2026-05-18 19:28:03,721 - data_loader - INFO -   Loaded 359 gold links from annotation file
2026-05-18 19:28:03,721 - data_loader - INFO -   Conversation '2010-10-27.train-c' loaded in 0.45s
2026-05-18 19:28:03,722 - data_loader - INFO -   Creating samples for 2010-10-27.train-c: messages 0 to 1500 (limited)
2026-05-18 19:28:03,733 - data_loader - INFO -   Created 0 samples for 2010-10-27.train-c
2026-05-18 19:28:03,733 - data_loader - INFO -   File 94/153: 2010-10-27.train-c - 1500 messages, 0 total samples so far
2026-05-18 19:28:03,733 - data_loader - INFO - Loading conversation from /home/s4901673/workspace/irc-disentanglement-bert-pytorch/data/train/2011-02-13.train-c.ascii.txt
2026-05-18 19:28:03,734 - data_loader - INFO -   Read 1500 lines from ASCII file
2026-05-18 19:28:03,738 - data_loader - INFO -   Parsed 1500 messages, found 124 unique users
2026-05-18 19:28:04,042 - data_loader - INFO -   Loaded 340 gold links from annotation file
2026-05-18 19:28:04,042 - data_loader - INFO -   Conversation '2011-02-13.train-c' loaded in 0.31s
2026-05-18 19:28:04,042 - data_loader - INFO -   Creating samples for 2011-02-13.train-c: messages 0 to 1500 (limited)
2026-05-18 19:28:04,053 - data_loader - INFO -   Created 0 samples for 2011-02-13.train-c
2026-05-18 19:28:04,053 - data_loader - INFO -   File 95/153: 2011-02-13.train-c - 1500 messages, 0 total samples so far
2026-05-18 19:28:04,053 - data_loader - INFO - Loading conversation from /home/s4901673/workspace/irc-disentanglement-bert-pytorch/data/train/2011-02-23.train-c.ascii.txt
2026-05-18 19:28:04,055 - data_loader - INFO -   Read 1500 lines from ASCII file
2026-05-18 19:28:04,059 - data_loader - INFO -   Parsed 1500 messages, found 199 unique users
2026-05-18 19:28:04,566 - data_loader - INFO -   Loaded 365 gold links from annotation file
2026-05-18 19:28:04,566 - data_loader - INFO -   Conversation '2011-02-23.train-c' loaded in 0.51s
2026-05-18 19:28:04,566 - data_loader - INFO -   Creating samples for 2011-02-23.train-c: messages 0 to 1500 (limited)
2026-05-18 19:28:04,577 - data_loader - INFO -   Created 0 samples for 2011-02-23.train-c
2026-05-18 19:28:04,577 - data_loader - INFO -   File 96/153: 2011-02-23.train-c - 1500 messages, 0 total samples so far
2026-05-18 19:28:04,577 - data_loader - INFO - Loading conversation from /home/s4901673/workspace/irc-disentanglement-bert-pytorch/data/train/2011-03-18.train-c.ascii.txt
2026-05-18 19:28:04,578 - data_loader - INFO -   Read 1500 lines from ASCII file
2026-05-18 19:28:04,582 - data_loader - INFO -   Parsed 1500 messages, found 161 unique users
2026-05-18 19:28:04,976 - data_loader - INFO -   Loaded 369 gold links from annotation file
2026-05-18 19:28:04,976 - data_loader - INFO -   Conversation '2011-03-18.train-c' loaded in 0.40s
2026-05-18 19:28:04,976 - data_loader - INFO -   Creating samples for 2011-03-18.train-c: messages 0 to 1500 (limited)
2026-05-18 19:28:04,987 - data_loader - INFO -   Created 0 samples for 2011-03-18.train-c
2026-05-18 19:28:04,987 - data_loader - INFO -   File 97/153: 2011-03-18.train-c - 1500 messages, 0 total samples so far
2026-05-18 19:28:04,987 - data_loader - INFO - Loading conversation from /home/s4901673/workspace/irc-disentanglement-bert-pytorch/data/train/2011-04-14.train-c.ascii.txt
2026-05-18 19:28:04,988 - data_loader - INFO -   Read 1500 lines from ASCII file
2026-05-18 19:28:04,992 - data_loader - INFO -   Parsed 1500 messages, found 129 unique users
2026-05-18 19:28:05,314 - data_loader - INFO -   Loaded 363 gold links from annotation file
2026-05-18 19:28:05,314 - data_loader - INFO -   Conversation '2011-04-14.train-c' loaded in 0.33s
2026-05-18 19:28:05,314 - data_loader - INFO -   Creating samples for 2011-04-14.train-c: messages 0 to 1500 (limited)
2026-05-18 19:28:05,325 - data_loader - INFO -   Created 0 samples for 2011-04-14.train-c
2026-05-18 19:28:05,325 - data_loader - INFO -   File 98/153: 2011-04-14.train-c - 1500 messages, 0 total samples so far
2026-05-18 19:28:05,325 - data_loader - INFO - Loading conversation from /home/s4901673/workspace/irc-disentanglement-bert-pytorch/data/train/2011-04-17.train-c.ascii.txt
2026-05-18 19:28:05,327 - data_loader - INFO -   Read 1500 lines from ASCII file
2026-05-18 19:28:05,331 - data_loader - INFO -   Parsed 1500 messages, found 141 unique users
2026-05-18 19:28:05,722 - data_loader - INFO -   Loaded 361 gold links from annotation file
2026-05-18 19:28:05,722 - data_loader - INFO -   Conversation '2011-04-17.train-c' loaded in 0.40s
2026-05-18 19:28:05,722 - data_loader - INFO -   Creating samples for 2011-04-17.train-c: messages 0 to 1500 (limited)
2026-05-18 19:28:05,733 - data_loader - INFO -   Created 0 samples for 2011-04-17.train-c
2026-05-18 19:28:05,733 - data_loader - INFO -   File 99/153: 2011-04-17.train-c - 1500 messages, 0 total samples so far
2026-05-18 19:28:05,733 - data_loader - INFO - Loading conversation from /home/s4901673/workspace/irc-disentanglement-bert-pytorch/data/train/2011-04-28.train-a.ascii.txt
2026-05-18 19:28:05,734 - data_loader - INFO -   Read 1411 lines from ASCII file
2026-05-18 19:28:05,738 - data_loader - INFO -   Parsed 1411 messages, found 168 unique users
2026-05-18 19:28:06,110 - data_loader - INFO -   Loaded 270 gold links from annotation file
2026-05-18 19:28:06,111 - data_loader - INFO -   Conversation '2011-04-28.train-a' loaded in 0.38s
2026-05-18 19:28:06,111 - data_loader - INFO -   Creating samples for 2011-04-28.train-a: messages 0 to 1411 (limited)
2026-05-18 19:28:06,121 - data_loader - INFO -   Created 0 samples for 2011-04-28.train-a
2026-05-18 19:28:06,121 - data_loader - INFO -   File 100/153: 2011-04-28.train-a - 1411 messages, 0 total samples so far
2026-05-18 19:28:06,121 - data_loader - INFO - Loading conversation from /home/s4901673/workspace/irc-disentanglement-bert-pytorch/data/train/2011-08-17.train-a.ascii.txt
2026-05-18 19:28:06,122 - data_loader - INFO -   Read 1137 lines from ASCII file
2026-05-18 19:28:06,125 - data_loader - INFO -   Parsed 1137 messages, found 119 unique users
2026-05-18 19:28:06,353 - data_loader - INFO -   Loaded 90 gold links from annotation file
2026-05-18 19:28:06,353 - data_loader - INFO -   Conversation '2011-08-17.train-a' loaded in 0.23s
2026-05-18 19:28:06,353 - data_loader - INFO -   Creating samples for 2011-08-17.train-a: messages 0 to 1137 (limited)
2026-05-18 19:28:06,361 - data_loader - INFO -   Created 0 samples for 2011-08-17.train-a
2026-05-18 19:28:06,361 - data_loader - INFO -   File 101/153: 2011-08-17.train-a - 1137 messages, 0 total samples so far
2026-05-18 19:28:06,361 - data_loader - INFO - Loading conversation from /home/s4901673/workspace/irc-disentanglement-bert-pytorch/data/train/2011-08-22.train-c.ascii.txt
2026-05-18 19:28:06,362 - data_loader - INFO -   Read 1500 lines from ASCII file
2026-05-18 19:28:06,367 - data_loader - INFO -   Parsed 1500 messages, found 158 unique users
2026-05-18 19:28:06,769 - data_loader - INFO -   Loaded 349 gold links from annotation file
2026-05-18 19:28:06,769 - data_loader - INFO -   Conversation '2011-08-22.train-c' loaded in 0.41s
2026-05-18 19:28:06,769 - data_loader - INFO -   Creating samples for 2011-08-22.train-c: messages 0 to 1500 (limited)
2026-05-18 19:28:06,780 - data_loader - INFO -   Created 0 samples for 2011-08-22.train-c
2026-05-18 19:28:06,780 - data_loader - INFO -   File 102/153: 2011-08-22.train-c - 1500 messages, 0 total samples so far
2026-05-18 19:28:06,780 - data_loader - INFO - Loading conversation from /home/s4901673/workspace/irc-disentanglement-bert-pytorch/data/train/2011-11-24.train-c.ascii.txt
2026-05-18 19:28:06,781 - data_loader - INFO -   Read 1500 lines from ASCII file
2026-05-18 19:28:06,785 - data_loader - INFO -   Parsed 1500 messages, found 161 unique users
2026-05-18 19:28:07,177 - data_loader - INFO -   Loaded 361 gold links from annotation file
2026-05-18 19:28:07,177 - data_loader - INFO -   Conversation '2011-11-24.train-c' loaded in 0.40s
2026-05-18 19:28:07,177 - data_loader - INFO -   Creating samples for 2011-11-24.train-c: messages 0 to 1500 (limited)
2026-05-18 19:28:07,188 - data_loader - INFO -   Created 0 samples for 2011-11-24.train-c
2026-05-18 19:28:07,188 - data_loader - INFO -   File 103/153: 2011-11-24.train-c - 1500 messages, 0 total samples so far
2026-05-18 19:28:07,188 - data_loader - INFO - Loading conversation from /home/s4901673/workspace/irc-disentanglement-bert-pytorch/data/train/2011-12-07.train-c.ascii.txt
2026-05-18 19:28:07,189 - data_loader - INFO -   Read 1500 lines from ASCII file
2026-05-18 19:28:07,193 - data_loader - INFO -   Parsed 1500 messages, found 142 unique users
2026-05-18 19:28:07,533 - data_loader - INFO -   Loaded 369 gold links from annotation file
2026-05-18 19:28:07,533 - data_loader - INFO -   Conversation '2011-12-07.train-c' loaded in 0.35s
2026-05-18 19:28:07,534 - data_loader - INFO -   Creating samples for 2011-12-07.train-c: messages 0 to 1500 (limited)
2026-05-18 19:28:07,544 - data_loader - INFO -   Created 0 samples for 2011-12-07.train-c
2026-05-18 19:28:07,544 - data_loader - INFO -   File 104/153: 2011-12-07.train-c - 1500 messages, 0 total samples so far
2026-05-18 19:28:07,544 - data_loader - INFO - Loading conversation from /home/s4901673/workspace/irc-disentanglement-bert-pytorch/data/train/2012-02-03.train-a.ascii.txt
2026-05-18 19:28:07,545 - data_loader - INFO -   Read 1242 lines from ASCII file
2026-05-18 19:28:07,549 - data_loader - INFO -   Parsed 1242 messages, found 153 unique users
2026-05-18 19:28:07,875 - data_loader - INFO -   Loaded 167 gold links from annotation file
2026-05-18 19:28:07,875 - data_loader - INFO -   Conversation '2012-02-03.train-a' loaded in 0.33s
2026-05-18 19:28:07,875 - data_loader - INFO -   Creating samples for 2012-02-03.train-a: messages 0 to 1242 (limited)
2026-05-18 19:28:07,884 - data_loader - INFO -   Created 0 samples for 2012-02-03.train-a
2026-05-18 19:28:07,884 - data_loader - INFO -   File 105/153: 2012-02-03.train-a - 1242 messages, 0 total samples so far
2026-05-18 19:28:07,884 - data_loader - INFO - Loading conversation from /home/s4901673/workspace/irc-disentanglement-bert-pytorch/data/train/2012-03-24.train-c.ascii.txt
2026-05-18 19:28:07,885 - data_loader - INFO -   Read 1500 lines from ASCII file
2026-05-18 19:28:07,890 - data_loader - INFO -   Parsed 1500 messages, found 163 unique users
2026-05-18 19:28:08,321 - data_loader - INFO -   Loaded 342 gold links from annotation file
2026-05-18 19:28:08,321 - data_loader - INFO -   Conversation '2012-03-24.train-c' loaded in 0.44s
2026-05-18 19:28:08,321 - data_loader - INFO -   Creating samples for 2012-03-24.train-c: messages 0 to 1500 (limited)
2026-05-18 19:28:08,332 - data_loader - INFO -   Created 0 samples for 2012-03-24.train-c
2026-05-18 19:28:08,332 - data_loader - INFO -   File 106/153: 2012-03-24.train-c - 1500 messages, 0 total samples so far
2026-05-18 19:28:08,332 - data_loader - INFO - Loading conversation from /home/s4901673/workspace/irc-disentanglement-bert-pytorch/data/train/2012-05-04.train-a.ascii.txt
2026-05-18 19:28:08,333 - data_loader - INFO -   Read 1211 lines from ASCII file
2026-05-18 19:28:08,336 - data_loader - INFO -   Parsed 1211 messages, found 136 unique users
2026-05-18 19:28:08,632 - data_loader - INFO -   Loaded 154 gold links from annotation file
2026-05-18 19:28:08,632 - data_loader - INFO -   Conversation '2012-05-04.train-a' loaded in 0.30s
2026-05-18 19:28:08,632 - data_loader - INFO -   Creating samples for 2012-05-04.train-a: messages 0 to 1211 (limited)
2026-05-18 19:28:08,641 - data_loader - INFO -   Created 0 samples for 2012-05-04.train-a
2026-05-18 19:28:08,641 - data_loader - INFO -   File 107/153: 2012-05-04.train-a - 1211 messages, 0 total samples so far
2026-05-18 19:28:08,641 - data_loader - INFO - Loading conversation from /home/s4901673/workspace/irc-disentanglement-bert-pytorch/data/train/2012-05-20.train-a.ascii.txt
2026-05-18 19:28:08,642 - data_loader - INFO -   Read 1365 lines from ASCII file
2026-05-18 19:28:08,646 - data_loader - INFO -   Parsed 1365 messages, found 131 unique users
2026-05-18 19:28:08,965 - data_loader - INFO -   Loaded 288 gold links from annotation file
2026-05-18 19:28:08,965 - data_loader - INFO -   Conversation '2012-05-20.train-a' loaded in 0.32s
2026-05-18 19:28:08,965 - data_loader - INFO -   Creating samples for 2012-05-20.train-a: messages 0 to 1365 (limited)
2026-05-18 19:28:08,975 - data_loader - INFO -   Created 0 samples for 2012-05-20.train-a
2026-05-18 19:28:08,975 - data_loader - INFO -   File 108/153: 2012-05-20.train-a - 1365 messages, 0 total samples so far
2026-05-18 19:28:08,975 - data_loader - INFO - Loading conversation from /home/s4901673/workspace/irc-disentanglement-bert-pytorch/data/train/2012-06-02.train-a.ascii.txt
2026-05-18 19:28:08,977 - data_loader - INFO -   Read 1141 lines from ASCII file
2026-05-18 19:28:08,980 - data_loader - INFO -   Parsed 1141 messages, found 169 unique users
2026-05-18 19:28:09,298 - data_loader - INFO -   Loaded 115 gold links from annotation file
2026-05-18 19:28:09,298 - data_loader - INFO -   Conversation '2012-06-02.train-a' loaded in 0.32s
2026-05-18 19:28:09,298 - data_loader - INFO -   Creating samples for 2012-06-02.train-a: messages 0 to 1141 (limited)
2026-05-18 19:28:09,306 - data_loader - INFO -   Created 0 samples for 2012-06-02.train-a
2026-05-18 19:28:09,306 - data_loader - INFO -   File 109/153: 2012-06-02.train-a - 1141 messages, 0 total samples so far
2026-05-18 19:28:09,306 - data_loader - INFO - Loading conversation from /home/s4901673/workspace/irc-disentanglement-bert-pytorch/data/train/2012-06-20.train-c.ascii.txt
2026-05-18 19:28:09,307 - data_loader - INFO -   Read 1500 lines from ASCII file
2026-05-18 19:28:09,311 - data_loader - INFO -   Parsed 1500 messages, found 147 unique users
2026-05-18 19:28:09,693 - data_loader - INFO -   Loaded 372 gold links from annotation file
2026-05-18 19:28:09,694 - data_loader - INFO -   Conversation '2012-06-20.train-c' loaded in 0.39s
2026-05-18 19:28:09,694 - data_loader - INFO -   Creating samples for 2012-06-20.train-c: messages 0 to 1500 (limited)
2026-05-18 19:28:09,704 - data_loader - INFO -   Created 0 samples for 2012-06-20.train-c
2026-05-18 19:28:09,704 - data_loader - INFO -   File 110/153: 2012-06-20.train-c - 1500 messages, 0 total samples so far
2026-05-18 19:28:09,705 - data_loader - INFO - Loading conversation from /home/s4901673/workspace/irc-disentanglement-bert-pytorch/data/train/2012-11-24.train-a.ascii.txt
2026-05-18 19:28:09,706 - data_loader - INFO -   Read 1216 lines from ASCII file
2026-05-18 19:28:09,709 - data_loader - INFO -   Parsed 1216 messages, found 125 unique users
2026-05-18 19:28:09,957 - data_loader - INFO -   Loaded 154 gold links from annotation file
2026-05-18 19:28:09,957 - data_loader - INFO -   Conversation '2012-11-24.train-a' loaded in 0.25s
2026-05-18 19:28:09,958 - data_loader - INFO -   Creating samples for 2012-11-24.train-a: messages 0 to 1216 (limited)
2026-05-18 19:28:09,966 - data_loader - INFO -   Created 0 samples for 2012-11-24.train-a
2026-05-18 19:28:09,966 - data_loader - INFO -   File 111/153: 2012-11-24.train-a - 1216 messages, 0 total samples so far
2026-05-18 19:28:09,966 - data_loader - INFO - Loading conversation from /home/s4901673/workspace/irc-disentanglement-bert-pytorch/data/train/2012-11-30.train-a.ascii.txt
2026-05-18 19:28:09,968 - data_loader - INFO -   Read 1284 lines from ASCII file
2026-05-18 19:28:10,253 - data_loader - INFO -   Parsed 1284 messages, found 133 unique users
2026-05-18 19:28:10,526 - data_loader - INFO -   Loaded 207 gold links from annotation file
2026-05-18 19:28:10,526 - data_loader - INFO -   Conversation '2012-11-30.train-a' loaded in 0.56s
2026-05-18 19:28:10,526 - data_loader - INFO -   Creating samples for 2012-11-30.train-a: messages 0 to 1284 (limited)
2026-05-18 19:28:10,535 - data_loader - INFO -   Created 0 samples for 2012-11-30.train-a
2026-05-18 19:28:10,535 - data_loader - INFO -   File 112/153: 2012-11-30.train-a - 1284 messages, 0 total samples so far
2026-05-18 19:28:10,535 - data_loader - INFO - Loading conversation from /home/s4901673/workspace/irc-disentanglement-bert-pytorch/data/train/2012-12-15.train-a.ascii.txt
2026-05-18 19:28:10,537 - data_loader - INFO -   Read 1175 lines from ASCII file
2026-05-18 19:28:10,540 - data_loader - INFO -   Parsed 1175 messages, found 137 unique users
2026-05-18 19:28:10,825 - data_loader - INFO -   Loaded 127 gold links from annotation file
2026-05-18 19:28:10,825 - data_loader - INFO -   Conversation '2012-12-15.train-a' loaded in 0.29s
2026-05-18 19:28:10,825 - data_loader - INFO -   Creating samples for 2012-12-15.train-a: messages 0 to 1175 (limited)
2026-05-18 19:28:10,833 - data_loader - INFO -   Created 0 samples for 2012-12-15.train-a
2026-05-18 19:28:10,833 - data_loader - INFO -   File 113/153: 2012-12-15.train-a - 1175 messages, 0 total samples so far
2026-05-18 19:28:10,833 - data_loader - INFO - Loading conversation from /home/s4901673/workspace/irc-disentanglement-bert-pytorch/data/train/2013-01-11.train-a.ascii.txt
2026-05-18 19:28:10,835 - data_loader - INFO -   Read 1079 lines from ASCII file
2026-05-18 19:28:10,837 - data_loader - INFO -   Parsed 1079 messages, found 109 unique users
2026-05-18 19:28:11,034 - data_loader - INFO -   Loaded 54 gold links from annotation file
2026-05-18 19:28:11,035 - data_loader - INFO -   Conversation '2013-01-11.train-a' loaded in 0.20s
2026-05-18 19:28:11,035 - data_loader - INFO -   Creating samples for 2013-01-11.train-a: messages 0 to 1079 (limited)
2026-05-18 19:28:11,042 - data_loader - INFO -   Created 0 samples for 2013-01-11.train-a
2026-05-18 19:28:11,042 - data_loader - INFO -   File 114/153: 2013-01-11.train-a - 1079 messages, 0 total samples so far
2026-05-18 19:28:11,042 - data_loader - INFO - Loading conversation from /home/s4901673/workspace/irc-disentanglement-bert-pytorch/data/train/2013-01-30.train-a.ascii.txt
2026-05-18 19:28:11,043 - data_loader - INFO -   Read 1292 lines from ASCII file
2026-05-18 19:28:11,047 - data_loader - INFO -   Parsed 1292 messages, found 137 unique users
2026-05-18 19:28:11,336 - data_loader - INFO -   Loaded 255 gold links from annotation file
2026-05-18 19:28:11,336 - data_loader - INFO -   Conversation '2013-01-30.train-a' loaded in 0.29s
2026-05-18 19:28:11,336 - data_loader - INFO -   Creating samples for 2013-01-30.train-a: messages 0 to 1292 (limited)
2026-05-18 19:28:11,345 - data_loader - INFO -   Created 0 samples for 2013-01-30.train-a
2026-05-18 19:28:11,345 - data_loader - INFO -   File 115/153: 2013-01-30.train-a - 1292 messages, 0 total samples so far
2026-05-18 19:28:11,345 - data_loader - INFO - Loading conversation from /home/s4901673/workspace/irc-disentanglement-bert-pytorch/data/train/2013-02-24.train-a.ascii.txt
2026-05-18 19:28:11,347 - data_loader - INFO -   Read 1281 lines from ASCII file
2026-05-18 19:28:11,350 - data_loader - INFO -   Parsed 1281 messages, found 103 unique users
2026-05-18 19:28:11,567 - data_loader - INFO -   Loaded 227 gold links from annotation file
2026-05-18 19:28:11,567 - data_loader - INFO -   Conversation '2013-02-24.train-a' loaded in 0.22s
2026-05-18 19:28:11,567 - data_loader - INFO -   Creating samples for 2013-02-24.train-a: messages 0 to 1281 (limited)
2026-05-18 19:28:11,576 - data_loader - INFO -   Created 0 samples for 2013-02-24.train-a
2026-05-18 19:28:11,576 - data_loader - INFO -   File 116/153: 2013-02-24.train-a - 1281 messages, 0 total samples so far
2026-05-18 19:28:11,576 - data_loader - INFO - Loading conversation from /home/s4901673/workspace/irc-disentanglement-bert-pytorch/data/train/2013-05-05.train-a.ascii.txt
2026-05-18 19:28:11,577 - data_loader - INFO -   Read 1163 lines from ASCII file
2026-05-18 19:28:11,580 - data_loader - INFO -   Parsed 1163 messages, found 131 unique users
2026-05-18 19:28:11,830 - data_loader - INFO -   Loaded 130 gold links from annotation file
2026-05-18 19:28:11,830 - data_loader - INFO -   Conversation '2013-05-05.train-a' loaded in 0.25s
2026-05-18 19:28:11,830 - data_loader - INFO -   Creating samples for 2013-05-05.train-a: messages 0 to 1163 (limited)
2026-05-18 19:28:11,838 - data_loader - INFO -   Created 0 samples for 2013-05-05.train-a
2026-05-18 19:28:11,838 - data_loader - INFO -   File 117/153: 2013-05-05.train-a - 1163 messages, 0 total samples so far
2026-05-18 19:28:11,838 - data_loader - INFO - Loading conversation from /home/s4901673/workspace/irc-disentanglement-bert-pytorch/data/train/2013-05-07.train-a.ascii.txt
2026-05-18 19:28:11,840 - data_loader - INFO -   Read 1147 lines from ASCII file
2026-05-18 19:28:11,843 - data_loader - INFO -   Parsed 1147 messages, found 116 unique users
2026-05-18 19:28:12,077 - data_loader - INFO -   Loaded 127 gold links from annotation file
2026-05-18 19:28:12,078 - data_loader - INFO -   Conversation '2013-05-07.train-a' loaded in 0.24s
2026-05-18 19:28:12,078 - data_loader - INFO -   Creating samples for 2013-05-07.train-a: messages 0 to 1147 (limited)
2026-05-18 19:28:12,085 - data_loader - INFO -   Created 0 samples for 2013-05-07.train-a
2026-05-18 19:28:12,085 - data_loader - INFO -   File 118/153: 2013-05-07.train-a - 1147 messages, 0 total samples so far
2026-05-18 19:28:12,086 - data_loader - INFO - Loading conversation from /home/s4901673/workspace/irc-disentanglement-bert-pytorch/data/train/2013-05-19.train-a.ascii.txt
2026-05-18 19:28:12,087 - data_loader - INFO -   Read 1181 lines from ASCII file
2026-05-18 19:28:12,090 - data_loader - INFO -   Parsed 1181 messages, found 131 unique users
2026-05-18 19:28:12,342 - data_loader - INFO -   Loaded 127 gold links from annotation file
2026-05-18 19:28:12,342 - data_loader - INFO -   Conversation '2013-05-19.train-a' loaded in 0.26s
2026-05-18 19:28:12,342 - data_loader - INFO -   Creating samples for 2013-05-19.train-a: messages 0 to 1181 (limited)
2026-05-18 19:28:12,350 - data_loader - INFO -   Created 0 samples for 2013-05-19.train-a
2026-05-18 19:28:12,350 - data_loader - INFO -   File 119/153: 2013-05-19.train-a - 1181 messages, 0 total samples so far
2026-05-18 19:28:12,351 - data_loader - INFO - Loading conversation from /home/s4901673/workspace/irc-disentanglement-bert-pytorch/data/train/2013-05-28.train-c.ascii.txt
2026-05-18 19:28:12,352 - data_loader - INFO -   Read 1500 lines from ASCII file
2026-05-18 19:28:12,356 - data_loader - INFO -   Parsed 1500 messages, found 145 unique users
2026-05-18 19:28:12,722 - data_loader - INFO -   Loaded 353 gold links from annotation file
2026-05-18 19:28:12,722 - data_loader - INFO -   Conversation '2013-05-28.train-c' loaded in 0.37s
2026-05-18 19:28:12,723 - data_loader - INFO -   Creating samples for 2013-05-28.train-c: messages 0 to 1500 (limited)
2026-05-18 19:28:12,733 - data_loader - INFO -   Created 0 samples for 2013-05-28.train-c
2026-05-18 19:28:12,733 - data_loader - INFO -   File 120/153: 2013-05-28.train-c - 1500 messages, 0 total samples so far
2026-05-18 19:28:12,733 - data_loader - INFO - Loading conversation from /home/s4901673/workspace/irc-disentanglement-bert-pytorch/data/train/2013-07-10.train-a.ascii.txt
2026-05-18 19:28:12,735 - data_loader - INFO -   Read 1140 lines from ASCII file
2026-05-18 19:28:12,738 - data_loader - INFO -   Parsed 1140 messages, found 104 unique users
2026-05-18 19:28:12,945 - data_loader - INFO -   Loaded 107 gold links from annotation file
2026-05-18 19:28:12,945 - data_loader - INFO -   Conversation '2013-07-10.train-a' loaded in 0.21s
2026-05-18 19:28:12,946 - data_loader - INFO -   Creating samples for 2013-07-10.train-a: messages 0 to 1140 (limited)
2026-05-18 19:28:12,953 - data_loader - INFO -   Created 0 samples for 2013-07-10.train-a
2026-05-18 19:28:12,953 - data_loader - INFO -   File 121/153: 2013-07-10.train-a - 1140 messages, 0 total samples so far
2026-05-18 19:28:12,953 - data_loader - INFO - Loading conversation from /home/s4901673/workspace/irc-disentanglement-bert-pytorch/data/train/2013-07-19.train-a.ascii.txt
2026-05-18 19:28:12,954 - data_loader - INFO -   Read 1192 lines from ASCII file
2026-05-18 19:28:12,958 - data_loader - INFO -   Parsed 1192 messages, found 92 unique users
2026-05-18 19:28:13,131 - data_loader - INFO -   Loaded 130 gold links from annotation file
2026-05-18 19:28:13,131 - data_loader - INFO -   Conversation '2013-07-19.train-a' loaded in 0.18s
2026-05-18 19:28:13,131 - data_loader - INFO -   Creating samples for 2013-07-19.train-a: messages 0 to 1192 (limited)
2026-05-18 19:28:13,139 - data_loader - INFO -   Created 0 samples for 2013-07-19.train-a
2026-05-18 19:28:13,139 - data_loader - INFO -   File 122/153: 2013-07-19.train-a - 1192 messages, 0 total samples so far
2026-05-18 19:28:13,139 - data_loader - INFO - Loading conversation from /home/s4901673/workspace/irc-disentanglement-bert-pytorch/data/train/2013-08-29.train-c.ascii.txt
2026-05-18 19:28:13,141 - data_loader - INFO -   Read 1500 lines from ASCII file
2026-05-18 19:28:13,145 - data_loader - INFO -   Parsed 1500 messages, found 128 unique users
2026-05-18 19:28:13,462 - data_loader - INFO -   Loaded 358 gold links from annotation file
2026-05-18 19:28:13,462 - data_loader - INFO -   Conversation '2013-08-29.train-c' loaded in 0.32s
2026-05-18 19:28:13,462 - data_loader - INFO -   Creating samples for 2013-08-29.train-c: messages 0 to 1500 (limited)
2026-05-18 19:28:13,473 - data_loader - INFO -   Created 0 samples for 2013-08-29.train-c
2026-05-18 19:28:13,473 - data_loader - INFO -   File 123/153: 2013-08-29.train-c - 1500 messages, 0 total samples so far
2026-05-18 19:28:13,473 - data_loader - INFO - Loading conversation from /home/s4901673/workspace/irc-disentanglement-bert-pytorch/data/train/2013-08-30.train-a.ascii.txt
2026-05-18 19:28:13,474 - data_loader - INFO -   Read 1126 lines from ASCII file
2026-05-18 19:28:13,477 - data_loader - INFO -   Parsed 1126 messages, found 97 unique users
2026-05-18 19:28:13,674 - data_loader - INFO -   Loaded 95 gold links from annotation file
2026-05-18 19:28:13,674 - data_loader - INFO -   Conversation '2013-08-30.train-a' loaded in 0.20s
2026-05-18 19:28:13,674 - data_loader - INFO -   Creating samples for 2013-08-30.train-a: messages 0 to 1126 (limited)
2026-05-18 19:28:13,681 - data_loader - INFO -   Created 0 samples for 2013-08-30.train-a
2026-05-18 19:28:13,681 - data_loader - INFO -   File 124/153: 2013-08-30.train-a - 1126 messages, 0 total samples so far
2026-05-18 19:28:13,682 - data_loader - INFO - Loading conversation from /home/s4901673/workspace/irc-disentanglement-bert-pytorch/data/train/2013-09-12.train-a.ascii.txt
2026-05-18 19:28:13,683 - data_loader - INFO -   Read 1256 lines from ASCII file
2026-05-18 19:28:13,686 - data_loader - INFO -   Parsed 1256 messages, found 110 unique users
2026-05-18 19:28:13,906 - data_loader - INFO -   Loaded 216 gold links from annotation file
2026-05-18 19:28:13,906 - data_loader - INFO -   Conversation '2013-09-12.train-a' loaded in 0.22s
2026-05-18 19:28:13,906 - data_loader - INFO -   Creating samples for 2013-09-12.train-a: messages 0 to 1256 (limited)
2026-05-18 19:28:13,915 - data_loader - INFO -   Created 0 samples for 2013-09-12.train-a
2026-05-18 19:28:13,915 - data_loader - INFO -   File 125/153: 2013-09-12.train-a - 1256 messages, 0 total samples so far
2026-05-18 19:28:13,915 - data_loader - INFO - Loading conversation from /home/s4901673/workspace/irc-disentanglement-bert-pytorch/data/train/2013-09-16.train-c.ascii.txt
2026-05-18 19:28:13,916 - data_loader - INFO -   Read 1500 lines from ASCII file
2026-05-18 19:28:13,920 - data_loader - INFO -   Parsed 1500 messages, found 124 unique users
2026-05-18 19:28:14,228 - data_loader - INFO -   Loaded 360 gold links from annotation file
2026-05-18 19:28:14,228 - data_loader - INFO -   Conversation '2013-09-16.train-c' loaded in 0.31s
2026-05-18 19:28:14,228 - data_loader - INFO -   Creating samples for 2013-09-16.train-c: messages 0 to 1500 (limited)
2026-05-18 19:28:14,239 - data_loader - INFO -   Created 0 samples for 2013-09-16.train-c
2026-05-18 19:28:14,239 - data_loader - INFO -   File 126/153: 2013-09-16.train-c - 1500 messages, 0 total samples so far
2026-05-18 19:28:14,239 - data_loader - INFO - Loading conversation from /home/s4901673/workspace/irc-disentanglement-bert-pytorch/data/train/2013-10-04.train-a.ascii.txt
2026-05-18 19:28:14,240 - data_loader - INFO -   Read 1062 lines from ASCII file
2026-05-18 19:28:14,243 - data_loader - INFO -   Parsed 1062 messages, found 97 unique users
2026-05-18 19:28:14,424 - data_loader - INFO -   Loaded 39 gold links from annotation file
2026-05-18 19:28:14,425 - data_loader - INFO -   Conversation '2013-10-04.train-a' loaded in 0.19s
2026-05-18 19:28:14,425 - data_loader - INFO -   Creating samples for 2013-10-04.train-a: messages 0 to 1062 (limited)
2026-05-18 19:28:14,432 - data_loader - INFO -   Created 0 samples for 2013-10-04.train-a
2026-05-18 19:28:14,432 - data_loader - INFO -   File 127/153: 2013-10-04.train-a - 1062 messages, 0 total samples so far
2026-05-18 19:28:14,432 - data_loader - INFO - Loading conversation from /home/s4901673/workspace/irc-disentanglement-bert-pytorch/data/train/2013-10-11.train-a.ascii.txt
2026-05-18 19:28:14,433 - data_loader - INFO -   Read 1084 lines from ASCII file
2026-05-18 19:28:14,436 - data_loader - INFO -   Parsed 1084 messages, found 108 unique users
2026-05-18 19:28:14,632 - data_loader - INFO -   Loaded 61 gold links from annotation file
2026-05-18 19:28:14,632 - data_loader - INFO -   Conversation '2013-10-11.train-a' loaded in 0.20s
2026-05-18 19:28:14,632 - data_loader - INFO -   Creating samples for 2013-10-11.train-a: messages 0 to 1084 (limited)
2026-05-18 19:28:14,639 - data_loader - INFO -   Created 0 samples for 2013-10-11.train-a
2026-05-18 19:28:14,639 - data_loader - INFO -   File 128/153: 2013-10-11.train-a - 1084 messages, 0 total samples so far
2026-05-18 19:28:14,639 - data_loader - INFO - Loading conversation from /home/s4901673/workspace/irc-disentanglement-bert-pytorch/data/train/2013-10-28.train-a.ascii.txt
2026-05-18 19:28:14,640 - data_loader - INFO -   Read 1307 lines from ASCII file
2026-05-18 19:28:14,644 - data_loader - INFO -   Parsed 1307 messages, found 143 unique users
2026-05-18 19:28:14,950 - data_loader - INFO -   Loaded 226 gold links from annotation file
2026-05-18 19:28:14,950 - data_loader - INFO -   Conversation '2013-10-28.train-a' loaded in 0.31s
2026-05-18 19:28:14,950 - data_loader - INFO -   Creating samples for 2013-10-28.train-a: messages 0 to 1307 (limited)
2026-05-18 19:28:14,959 - data_loader - INFO -   Created 0 samples for 2013-10-28.train-a
2026-05-18 19:28:14,959 - data_loader - INFO -   File 129/153: 2013-10-28.train-a - 1307 messages, 0 total samples so far
2026-05-18 19:28:14,959 - data_loader - INFO - Loading conversation from /home/s4901673/workspace/irc-disentanglement-bert-pytorch/data/train/2013-12-02.train-a.ascii.txt
2026-05-18 19:28:14,960 - data_loader - INFO -   Read 1181 lines from ASCII file
2026-05-18 19:28:14,963 - data_loader - INFO -   Parsed 1181 messages, found 141 unique users
2026-05-18 19:28:15,263 - data_loader - INFO -   Loaded 132 gold links from annotation file
2026-05-18 19:28:15,263 - data_loader - INFO -   Conversation '2013-12-02.train-a' loaded in 0.30s
2026-05-18 19:28:15,263 - data_loader - INFO -   Creating samples for 2013-12-02.train-a: messages 0 to 1181 (limited)
2026-05-18 19:28:15,271 - data_loader - INFO -   Created 0 samples for 2013-12-02.train-a
2026-05-18 19:28:15,271 - data_loader - INFO -   File 130/153: 2013-12-02.train-a - 1181 messages, 0 total samples so far
2026-05-18 19:28:15,271 - data_loader - INFO - Loading conversation from /home/s4901673/workspace/irc-disentanglement-bert-pytorch/data/train/2014-01-08.train-c.ascii.txt
2026-05-18 19:28:15,272 - data_loader - INFO -   Read 1500 lines from ASCII file
2026-05-18 19:28:15,276 - data_loader - INFO -   Parsed 1500 messages, found 84 unique users
2026-05-18 19:28:15,480 - data_loader - INFO -   Loaded 389 gold links from annotation file
2026-05-18 19:28:15,480 - data_loader - INFO -   Conversation '2014-01-08.train-c' loaded in 0.21s
2026-05-18 19:28:15,480 - data_loader - INFO -   Creating samples for 2014-01-08.train-c: messages 0 to 1500 (limited)
2026-05-18 19:28:15,491 - data_loader - INFO -   Created 0 samples for 2014-01-08.train-c
2026-05-18 19:28:15,491 - data_loader - INFO -   File 131/153: 2014-01-08.train-c - 1500 messages, 0 total samples so far
2026-05-18 19:28:15,491 - data_loader - INFO - Loading conversation from /home/s4901673/workspace/irc-disentanglement-bert-pytorch/data/train/2014-08-14.train-c.ascii.txt
2026-05-18 19:28:15,492 - data_loader - INFO -   Read 1500 lines from ASCII file
2026-05-18 19:28:15,497 - data_loader - INFO -   Parsed 1500 messages, found 135 unique users
2026-05-18 19:28:15,836 - data_loader - INFO -   Loaded 370 gold links from annotation file
2026-05-18 19:28:15,836 - data_loader - INFO -   Conversation '2014-08-14.train-c' loaded in 0.34s
2026-05-18 19:28:15,836 - data_loader - INFO -   Creating samples for 2014-08-14.train-c: messages 0 to 1500 (limited)
2026-05-18 19:28:15,847 - data_loader - INFO -   Created 0 samples for 2014-08-14.train-c
2026-05-18 19:28:15,847 - data_loader - INFO -   File 132/153: 2014-08-14.train-c - 1500 messages, 0 total samples so far
2026-05-18 19:28:15,847 - data_loader - INFO - Loading conversation from /home/s4901673/workspace/irc-disentanglement-bert-pytorch/data/train/2014-09-29.train-c.ascii.txt
2026-05-18 19:28:15,848 - data_loader - INFO -   Read 1500 lines from ASCII file
2026-05-18 19:28:15,852 - data_loader - INFO -   Parsed 1500 messages, found 152 unique users
2026-05-18 19:28:16,261 - data_loader - INFO -   Loaded 370 gold links from annotation file
2026-05-18 19:28:16,261 - data_loader - INFO -   Conversation '2014-09-29.train-c' loaded in 0.41s
2026-05-18 19:28:16,262 - data_loader - INFO -   Creating samples for 2014-09-29.train-c: messages 0 to 1500 (limited)
2026-05-18 19:28:16,272 - data_loader - INFO -   Created 0 samples for 2014-09-29.train-c
2026-05-18 19:28:16,272 - data_loader - INFO -   File 133/153: 2014-09-29.train-c - 1500 messages, 0 total samples so far
2026-05-18 19:28:16,272 - data_loader - INFO - Loading conversation from /home/s4901673/workspace/irc-disentanglement-bert-pytorch/data/train/2014-12-21.train-c.ascii.txt
2026-05-18 19:28:16,273 - data_loader - INFO -   Read 1500 lines from ASCII file
2026-05-18 19:28:16,277 - data_loader - INFO -   Parsed 1500 messages, found 137 unique users
2026-05-18 19:28:16,597 - data_loader - INFO -   Loaded 366 gold links from annotation file
2026-05-18 19:28:16,597 - data_loader - INFO -   Conversation '2014-12-21.train-c' loaded in 0.33s
2026-05-18 19:28:16,598 - data_loader - INFO -   Creating samples for 2014-12-21.train-c: messages 0 to 1500 (limited)
2026-05-18 19:28:16,609 - data_loader - INFO -   Created 0 samples for 2014-12-21.train-c
2026-05-18 19:28:16,609 - data_loader - INFO -   File 134/153: 2014-12-21.train-c - 1500 messages, 0 total samples so far
2026-05-18 19:28:16,609 - data_loader - INFO - Loading conversation from /home/s4901673/workspace/irc-disentanglement-bert-pytorch/data/train/2014-12-27.train-c.ascii.txt
2026-05-18 19:28:16,610 - data_loader - INFO -   Read 1500 lines from ASCII file
2026-05-18 19:28:16,614 - data_loader - INFO -   Parsed 1500 messages, found 142 unique users
2026-05-18 19:28:16,959 - data_loader - INFO -   Loaded 370 gold links from annotation file
2026-05-18 19:28:16,959 - data_loader - INFO -   Conversation '2014-12-27.train-c' loaded in 0.35s
2026-05-18 19:28:16,959 - data_loader - INFO -   Creating samples for 2014-12-27.train-c: messages 0 to 1500 (limited)
2026-05-18 19:28:16,970 - data_loader - INFO -   Created 0 samples for 2014-12-27.train-c
2026-05-18 19:28:16,970 - data_loader - INFO -   File 135/153: 2014-12-27.train-c - 1500 messages, 0 total samples so far
2026-05-18 19:28:16,970 - data_loader - INFO - Loading conversation from /home/s4901673/workspace/irc-disentanglement-bert-pytorch/data/train/2015-01-20.train-b.ascii.txt
2026-05-18 19:28:16,972 - data_loader - INFO -   Read 1100 lines from ASCII file
2026-05-18 19:28:16,974 - data_loader - INFO -   Parsed 1100 messages, found 91 unique users
2026-05-18 19:28:17,139 - data_loader - INFO -   Loaded 74 gold links from annotation file
2026-05-18 19:28:17,139 - data_loader - INFO -   Conversation '2015-01-20.train-b' loaded in 0.17s
2026-05-18 19:28:17,139 - data_loader - INFO -   Creating samples for 2015-01-20.train-b: messages 0 to 1100 (limited)
2026-05-18 19:28:17,146 - data_loader - INFO -   Created 0 samples for 2015-01-20.train-b
2026-05-18 19:28:17,146 - data_loader - INFO -   File 136/153: 2015-01-20.train-b - 1100 messages, 0 total samples so far
2026-05-18 19:28:17,146 - data_loader - INFO - Loading conversation from /home/s4901673/workspace/irc-disentanglement-bert-pytorch/data/train/2015-02-04.train-b.ascii.txt
2026-05-18 19:28:17,148 - data_loader - INFO -   Read 1100 lines from ASCII file
2026-05-18 19:28:17,151 - data_loader - INFO -   Parsed 1100 messages, found 139 unique users
2026-05-18 19:28:17,399 - data_loader - INFO -   Loaded 69 gold links from annotation file
2026-05-18 19:28:17,399 - data_loader - INFO -   Conversation '2015-02-04.train-b' loaded in 0.25s
2026-05-18 19:28:17,399 - data_loader - INFO -   Creating samples for 2015-02-04.train-b: messages 0 to 1100 (limited)
2026-05-18 19:28:17,406 - data_loader - INFO -   Created 0 samples for 2015-02-04.train-b
2026-05-18 19:28:17,406 - data_loader - INFO -   File 137/153: 2015-02-04.train-b - 1100 messages, 0 total samples so far
2026-05-18 19:28:17,406 - data_loader - INFO - Loading conversation from /home/s4901673/workspace/irc-disentanglement-bert-pytorch/data/train/2015-04-19.train-b.ascii.txt
2026-05-18 19:28:17,408 - data_loader - INFO -   Read 1100 lines from ASCII file
2026-05-18 19:28:17,411 - data_loader - INFO -   Parsed 1100 messages, found 131 unique users
2026-05-18 19:28:17,653 - data_loader - INFO -   Loaded 75 gold links from annotation file
2026-05-18 19:28:17,654 - data_loader - INFO -   Conversation '2015-04-19.train-b' loaded in 0.25s
2026-05-18 19:28:17,654 - data_loader - INFO -   Creating samples for 2015-04-19.train-b: messages 0 to 1100 (limited)
2026-05-18 19:28:17,661 - data_loader - INFO -   Created 0 samples for 2015-04-19.train-b
2026-05-18 19:28:17,661 - data_loader - INFO -   File 138/153: 2015-04-19.train-b - 1100 messages, 0 total samples so far
2026-05-18 19:28:17,661 - data_loader - INFO - Loading conversation from /home/s4901673/workspace/irc-disentanglement-bert-pytorch/data/train/2015-05-08.train-c.ascii.txt
2026-05-18 19:28:17,663 - data_loader - INFO -   Read 1500 lines from ASCII file
2026-05-18 19:28:17,667 - data_loader - INFO -   Parsed 1500 messages, found 115 unique users
2026-05-18 19:28:17,938 - data_loader - INFO -   Loaded 367 gold links from annotation file
2026-05-18 19:28:17,938 - data_loader - INFO -   Conversation '2015-05-08.train-c' loaded in 0.28s
2026-05-18 19:28:17,938 - data_loader - INFO -   Creating samples for 2015-05-08.train-c: messages 0 to 1500 (limited)
2026-05-18 19:28:17,949 - data_loader - INFO -   Created 0 samples for 2015-05-08.train-c
2026-05-18 19:28:17,949 - data_loader - INFO -   File 139/153: 2015-05-08.train-c - 1500 messages, 0 total samples so far
2026-05-18 19:28:17,949 - data_loader - INFO - Loading conversation from /home/s4901673/workspace/irc-disentanglement-bert-pytorch/data/train/2015-06-12.train-b.ascii.txt
2026-05-18 19:28:17,950 - data_loader - INFO -   Read 1100 lines from ASCII file
2026-05-18 19:28:17,953 - data_loader - INFO -   Parsed 1100 messages, found 142 unique users
2026-05-18 19:28:18,214 - data_loader - INFO -   Loaded 74 gold links from annotation file
2026-05-18 19:28:18,214 - data_loader - INFO -   Conversation '2015-06-12.train-b' loaded in 0.26s
2026-05-18 19:28:18,214 - data_loader - INFO -   Creating samples for 2015-06-12.train-b: messages 0 to 1100 (limited)
2026-05-18 19:28:18,221 - data_loader - INFO -   Created 0 samples for 2015-06-12.train-b
2026-05-18 19:28:18,221 - data_loader - INFO -   File 140/153: 2015-06-12.train-b - 1100 messages, 0 total samples so far
2026-05-18 19:28:18,221 - data_loader - INFO - Loading conversation from /home/s4901673/workspace/irc-disentanglement-bert-pytorch/data/train/2015-08-10.train-b.ascii.txt
2026-05-18 19:28:18,223 - data_loader - INFO -   Read 1100 lines from ASCII file
2026-05-18 19:28:18,226 - data_loader - INFO -   Parsed 1100 messages, found 94 unique users
2026-05-18 19:28:18,403 - data_loader - INFO -   Loaded 69 gold links from annotation file
2026-05-18 19:28:18,403 - data_loader - INFO -   Conversation '2015-08-10.train-b' loaded in 0.18s
2026-05-18 19:28:18,403 - data_loader - INFO -   Creating samples for 2015-08-10.train-b: messages 0 to 1100 (limited)
2026-05-18 19:28:18,411 - data_loader - INFO -   Created 0 samples for 2015-08-10.train-b
2026-05-18 19:28:18,411 - data_loader - INFO -   File 141/153: 2015-08-10.train-b - 1100 messages, 0 total samples so far
2026-05-18 19:28:18,411 - data_loader - INFO - Loading conversation from /home/s4901673/workspace/irc-disentanglement-bert-pytorch/data/train/2015-09-25.train-b.ascii.txt
2026-05-18 19:28:18,412 - data_loader - INFO -   Read 1100 lines from ASCII file
2026-05-18 19:28:18,415 - data_loader - INFO -   Parsed 1100 messages, found 142 unique users
2026-05-18 19:28:18,693 - data_loader - INFO -   Loaded 75 gold links from annotation file
2026-05-18 19:28:18,693 - data_loader - INFO -   Conversation '2015-09-25.train-b' loaded in 0.28s
2026-05-18 19:28:18,693 - data_loader - INFO -   Creating samples for 2015-09-25.train-b: messages 0 to 1100 (limited)
2026-05-18 19:28:18,701 - data_loader - INFO -   Created 0 samples for 2015-09-25.train-b
2026-05-18 19:28:18,701 - data_loader - INFO -   File 142/153: 2015-09-25.train-b - 1100 messages, 0 total samples so far
2026-05-18 19:28:18,701 - data_loader - INFO - Loading conversation from /home/s4901673/workspace/irc-disentanglement-bert-pytorch/data/train/2015-10-14.train-b.ascii.txt
2026-05-18 19:28:18,702 - data_loader - INFO -   Read 1100 lines from ASCII file
2026-05-18 19:28:18,705 - data_loader - INFO -   Parsed 1100 messages, found 121 unique users
2026-05-18 19:28:18,938 - data_loader - INFO -   Loaded 70 gold links from annotation file
2026-05-18 19:28:18,938 - data_loader - INFO -   Conversation '2015-10-14.train-b' loaded in 0.24s
2026-05-18 19:28:18,938 - data_loader - INFO -   Creating samples for 2015-10-14.train-b: messages 0 to 1100 (limited)
2026-05-18 19:28:18,945 - data_loader - INFO -   Created 0 samples for 2015-10-14.train-b
2026-05-18 19:28:18,946 - data_loader - INFO -   File 143/153: 2015-10-14.train-b - 1100 messages, 0 total samples so far
2026-05-18 19:28:18,946 - data_loader - INFO - Loading conversation from /home/s4901673/workspace/irc-disentanglement-bert-pytorch/data/train/2015-10-19.train-b.ascii.txt
2026-05-18 19:28:18,947 - data_loader - INFO -   Read 1100 lines from ASCII file
2026-05-18 19:28:18,950 - data_loader - INFO -   Parsed 1100 messages, found 114 unique users
2026-05-18 19:28:19,173 - data_loader - INFO -   Loaded 71 gold links from annotation file
2026-05-18 19:28:19,173 - data_loader - INFO -   Conversation '2015-10-19.train-b' loaded in 0.23s
2026-05-18 19:28:19,173 - data_loader - INFO -   Creating samples for 2015-10-19.train-b: messages 0 to 1100 (limited)
2026-05-18 19:28:19,180 - data_loader - INFO -   Created 0 samples for 2015-10-19.train-b
2026-05-18 19:28:19,180 - data_loader - INFO -   File 144/153: 2015-10-19.train-b - 1100 messages, 0 total samples so far
2026-05-18 19:28:19,180 - data_loader - INFO - Loading conversation from /home/s4901673/workspace/irc-disentanglement-bert-pytorch/data/train/2015-11-26.train-b.ascii.txt
2026-05-18 19:28:19,181 - data_loader - INFO -   Read 1100 lines from ASCII file
2026-05-18 19:28:19,184 - data_loader - INFO -   Parsed 1100 messages, found 100 unique users
2026-05-18 19:28:19,351 - data_loader - INFO -   Loaded 66 gold links from annotation file
2026-05-18 19:28:19,351 - data_loader - INFO -   Conversation '2015-11-26.train-b' loaded in 0.17s
2026-05-18 19:28:19,351 - data_loader - INFO -   Creating samples for 2015-11-26.train-b: messages 0 to 1100 (limited)
2026-05-18 19:28:19,358 - data_loader - INFO -   Created 0 samples for 2015-11-26.train-b
2026-05-18 19:28:19,358 - data_loader - INFO -   File 145/153: 2015-11-26.train-b - 1100 messages, 0 total samples so far
2026-05-18 19:28:19,359 - data_loader - INFO - Loading conversation from /home/s4901673/workspace/irc-disentanglement-bert-pytorch/data/train/2015-12-28.train-b.ascii.txt
2026-05-18 19:28:19,360 - data_loader - INFO -   Read 1100 lines from ASCII file
2026-05-18 19:28:19,362 - data_loader - INFO -   Parsed 1100 messages, found 131 unique users
2026-05-18 19:28:19,600 - data_loader - INFO -   Loaded 72 gold links from annotation file
2026-05-18 19:28:19,600 - data_loader - INFO -   Conversation '2015-12-28.train-b' loaded in 0.24s
2026-05-18 19:28:19,600 - data_loader - INFO -   Creating samples for 2015-12-28.train-b: messages 0 to 1100 (limited)
2026-05-18 19:28:19,608 - data_loader - INFO -   Created 0 samples for 2015-12-28.train-b
2026-05-18 19:28:19,608 - data_loader - INFO -   File 146/153: 2015-12-28.train-b - 1100 messages, 0 total samples so far
2026-05-18 19:28:19,608 - data_loader - INFO - Loading conversation from /home/s4901673/workspace/irc-disentanglement-bert-pytorch/data/train/2017-02-06.train-c.ascii.txt
2026-05-18 19:28:19,609 - data_loader - INFO -   Read 1500 lines from ASCII file
2026-05-18 19:28:19,613 - data_loader - INFO -   Parsed 1500 messages, found 156 unique users
2026-05-18 19:28:20,002 - data_loader - INFO -   Loaded 388 gold links from annotation file
2026-05-18 19:28:20,002 - data_loader - INFO -   Conversation '2017-02-06.train-c' loaded in 0.39s
2026-05-18 19:28:20,002 - data_loader - INFO -   Creating samples for 2017-02-06.train-c: messages 0 to 1500 (limited)
2026-05-18 19:28:20,013 - data_loader - INFO -   Created 0 samples for 2017-02-06.train-c
2026-05-18 19:28:20,013 - data_loader - INFO -   File 147/153: 2017-02-06.train-c - 1500 messages, 0 total samples so far
2026-05-18 19:28:20,013 - data_loader - INFO - Loading conversation from /home/s4901673/workspace/irc-disentanglement-bert-pytorch/data/train/2017-03-02.train-c.ascii.txt
2026-05-18 19:28:20,014 - data_loader - INFO -   Read 1500 lines from ASCII file
2026-05-18 19:28:20,018 - data_loader - INFO -   Parsed 1500 messages, found 158 unique users
2026-05-18 19:28:20,405 - data_loader - INFO -   Loaded 363 gold links from annotation file
2026-05-18 19:28:20,405 - data_loader - INFO -   Conversation '2017-03-02.train-c' loaded in 0.39s
2026-05-18 19:28:20,405 - data_loader - INFO -   Creating samples for 2017-03-02.train-c: messages 0 to 1500 (limited)
2026-05-18 19:28:20,415 - data_loader - INFO -   Created 0 samples for 2017-03-02.train-c
2026-05-18 19:28:20,415 - data_loader - INFO -   File 148/153: 2017-03-02.train-c - 1500 messages, 0 total samples so far
2026-05-18 19:28:20,416 - data_loader - INFO - Loading conversation from /home/s4901673/workspace/irc-disentanglement-bert-pytorch/data/train/2017-03-23.train-c.ascii.txt
2026-05-18 19:28:20,417 - data_loader - INFO -   Read 1500 lines from ASCII file
2026-05-18 19:28:20,421 - data_loader - INFO -   Parsed 1500 messages, found 138 unique users
2026-05-18 19:28:20,769 - data_loader - INFO -   Loaded 375 gold links from annotation file
2026-05-18 19:28:20,769 - data_loader - INFO -   Conversation '2017-03-23.train-c' loaded in 0.35s
2026-05-18 19:28:20,769 - data_loader - INFO -   Creating samples for 2017-03-23.train-c: messages 0 to 1500 (limited)
2026-05-18 19:28:20,780 - data_loader - INFO -   Created 0 samples for 2017-03-23.train-c
2026-05-18 19:28:20,780 - data_loader - INFO -   File 149/153: 2017-03-23.train-c - 1500 messages, 0 total samples so far
2026-05-18 19:28:20,780 - data_loader - INFO - Loading conversation from /home/s4901673/workspace/irc-disentanglement-bert-pytorch/data/train/2017-05-09.train-c.ascii.txt
2026-05-18 19:28:20,781 - data_loader - INFO -   Read 1500 lines from ASCII file
2026-05-18 19:28:20,786 - data_loader - INFO -   Parsed 1500 messages, found 114 unique users
2026-05-18 19:28:21,082 - data_loader - INFO -   Loaded 347 gold links from annotation file
2026-05-18 19:28:21,082 - data_loader - INFO -   Conversation '2017-05-09.train-c' loaded in 0.30s
2026-05-18 19:28:21,083 - data_loader - INFO -   Creating samples for 2017-05-09.train-c: messages 0 to 1500 (limited)
2026-05-18 19:28:21,093 - data_loader - INFO -   Created 0 samples for 2017-05-09.train-c
2026-05-18 19:28:21,093 - data_loader - INFO -   File 150/153: 2017-05-09.train-c - 1500 messages, 0 total samples so far
2026-05-18 19:28:21,093 - data_loader - INFO - Loading conversation from /home/s4901673/workspace/irc-disentanglement-bert-pytorch/data/train/2017-07-15.train-c.ascii.txt
2026-05-18 19:28:21,094 - data_loader - INFO -   Read 1500 lines from ASCII file
2026-05-18 19:28:21,099 - data_loader - INFO -   Parsed 1500 messages, found 83 unique users
2026-05-18 19:28:21,314 - data_loader - INFO -   Loaded 350 gold links from annotation file
2026-05-18 19:28:21,314 - data_loader - INFO -   Conversation '2017-07-15.train-c' loaded in 0.22s
2026-05-18 19:28:21,314 - data_loader - INFO -   Creating samples for 2017-07-15.train-c: messages 0 to 1500 (limited)
2026-05-18 19:28:21,325 - data_loader - INFO -   Created 0 samples for 2017-07-15.train-c
2026-05-18 19:28:21,325 - data_loader - INFO -   File 151/153: 2017-07-15.train-c - 1500 messages, 0 total samples so far
2026-05-18 19:28:21,325 - data_loader - INFO - Loading conversation from /home/s4901673/workspace/irc-disentanglement-bert-pytorch/data/train/2017-09-02.train-c.ascii.txt
2026-05-18 19:28:21,326 - data_loader - INFO -   Read 1500 lines from ASCII file
2026-05-18 19:28:21,331 - data_loader - INFO -   Parsed 1500 messages, found 110 unique users
2026-05-18 19:28:21,612 - data_loader - INFO -   Loaded 365 gold links from annotation file
2026-05-18 19:28:21,612 - data_loader - INFO -   Conversation '2017-09-02.train-c' loaded in 0.29s
2026-05-18 19:28:21,613 - data_loader - INFO -   Creating samples for 2017-09-02.train-c: messages 0 to 1500 (limited)
2026-05-18 19:28:21,623 - data_loader - INFO -   Created 0 samples for 2017-09-02.train-c
2026-05-18 19:28:21,623 - data_loader - INFO -   File 152/153: 2017-09-02.train-c - 1500 messages, 0 total samples so far
2026-05-18 19:28:21,623 - data_loader - INFO - Loading conversation from /home/s4901673/workspace/irc-disentanglement-bert-pytorch/data/train/2018-02-27.train-c.ascii.txt
2026-05-18 19:28:21,625 - data_loader - INFO -   Read 1500 lines from ASCII file
2026-05-18 19:28:21,629 - data_loader - INFO -   Parsed 1500 messages, found 148 unique users
2026-05-18 19:28:21,992 - data_loader - INFO -   Loaded 375 gold links from annotation file
2026-05-18 19:28:21,992 - data_loader - INFO -   Conversation '2018-02-27.train-c' loaded in 0.37s
2026-05-18 19:28:21,992 - data_loader - INFO -   Creating samples for 2018-02-27.train-c: messages 0 to 1500 (limited)
2026-05-18 19:28:22,003 - data_loader - INFO -   Created 0 samples for 2018-02-27.train-c
2026-05-18 19:28:22,003 - data_loader - INFO -   File 153/153: 2018-02-27.train-c - 1500 messages, 0 total samples so far
2026-05-18 19:28:22,003 - data_loader - INFO - Dataset initialization complete: 0 samples from 153 conversations in 48.03s
2026-05-18 19:28:22,003 - __main__ - INFO -   Train dataset created: 0 samples
2026-05-18 19:28:22,003 - __main__ - WARNING - Train dataset is empty after filtering (no valid candidates)
2026-05-18 19:28:22,043 - __main__ - INFO - Creating model...
2026-05-18 19:28:22,515 - httpx - INFO - HTTP Request: HEAD https://huggingface.co/microsoft/deberta-v3-base/resolve/main/config.json "HTTP/1.1 307 Temporary Redirect"
2026-05-18 19:28:22,521 - httpx - INFO - HTTP Request: HEAD https://huggingface.co/api/resolve-cache/models/microsoft/deberta-v3-base/8ccc9b6f36199bec6961081d44eb72fb3f7353f3/config.json "HTTP/1.1 200 OK"
2026-05-18 19:28:23,237 - httpx - INFO - HTTP Request: HEAD https://huggingface.co/microsoft/deberta-v3-base/resolve/main/model.safetensors "HTTP/1.1 404 Not Found"
Warning: You are sending unauthenticated requests to the HF Hub. Please set a HF_TOKEN to enable higher rate limits and faster downloads.
2026-05-18 19:28:23,237 - huggingface_hub.utils._http - WARNING - Warning: You are sending unauthenticated requests to the HF Hub. Please set a HF_TOKEN to enable higher rate limits and faster downloads.
2026-05-18 19:28:23,469 - httpx - INFO - HTTP Request: GET https://huggingface.co/api/models/microsoft/deberta-v3-base "HTTP/1.1 200 OK"
Device: cuda
Model: microsoft/deberta-v3-base
Output dir: /scratch/user/s4901673/ircbert_runs/checkpoints_maxdist50
================================================================================
Loading weights:   0%|          | 0/198 [00:00<?, ?it/s]Loading weights: 100%|██████████| 198/198 [00:00<00:00, 37140.97it/s]
2026-05-18 19:28:23,722 - httpx - INFO - HTTP Request: GET https://huggingface.co/api/models/microsoft/deberta-v3-base/commits/main "HTTP/1.1 200 OK"
2026-05-18 19:28:23,971 - httpx - INFO - HTTP Request: GET https://huggingface.co/api/models/microsoft/deberta-v3-base/discussions?p=0 "HTTP/1.1 200 OK"
2026-05-18 19:28:24,229 - httpx - INFO - HTTP Request: GET https://huggingface.co/api/models/microsoft/deberta-v3-base/commits/refs%2Fpr%2F14 "HTTP/1.1 200 OK"
2026-05-18 19:28:24,461 - httpx - INFO - HTTP Request: HEAD https://huggingface.co/microsoft/deberta-v3-base/resolve/refs%2Fpr%2F14/model.safetensors.index.json "HTTP/1.1 404 Not Found"
2026-05-18 19:28:24,692 - httpx - INFO - HTTP Request: HEAD https://huggingface.co/microsoft/deberta-v3-base/resolve/refs%2Fpr%2F14/model.safetensors "HTTP/1.1 302 Found"
[transformers] [1mDebertaV2Model LOAD REPORT[0m from: microsoft/deberta-v3-base
Key                                     | Status     |  | 
----------------------------------------+------------+--+-
lm_predictions.lm_head.LayerNorm.weight | UNEXPECTED |  | 
mask_predictions.classifier.bias        | UNEXPECTED |  | 
mask_predictions.dense.weight           | UNEXPECTED |  | 
lm_predictions.lm_head.dense.weight     | UNEXPECTED |  | 
lm_predictions.lm_head.dense.bias       | UNEXPECTED |  | 
mask_predictions.dense.bias             | UNEXPECTED |  | 
mask_predictions.LayerNorm.weight       | UNEXPECTED |  | 
lm_predictions.lm_head.LayerNorm.bias   | UNEXPECTED |  | 
mask_predictions.classifier.weight      | UNEXPECTED |  | 
lm_predictions.lm_head.bias             | UNEXPECTED |  | 
mask_predictions.LayerNorm.bias         | UNEXPECTED |  | 

Notes:
- UNEXPECTED:	can be ignored when loading from different task/architecture; not ok if you expect identical arch.
2026-05-18 19:28:24,940 - httpx - INFO - HTTP Request: HEAD https://huggingface.co/microsoft/deberta-v3-base/resolve/main/config.json "HTTP/1.1 307 Temporary Redirect"
2026-05-18 19:28:24,947 - httpx - INFO - HTTP Request: HEAD https://huggingface.co/api/resolve-cache/models/microsoft/deberta-v3-base/8ccc9b6f36199bec6961081d44eb72fb3f7353f3/config.json "HTTP/1.1 200 OK"
2026-05-18 19:28:25,472 - __main__ - INFO -   Parameters: 183,832,326 trainable, 183,832,326 total
2026-05-18 19:28:25,472 - __main__ - INFO -   BERT hidden size: 768
2026-05-18 19:28:25,472 - __main__ - INFO -   Combined size: 773
2026-05-18 19:28:25,473 - __main__ - INFO - Created AdamW optimizer with lr=5e-05
2026-05-18 19:28:25,473 - __main__ - INFO - Starting training from epoch 1...
2026-05-18 19:28:25,473 - __main__ - INFO - ================================================================================
2026-05-18 19:28:25,473 - __main__ - INFO - Epoch 1/10
2026-05-18 19:28:25,473 - __main__ - INFO - --------------------------------------------------------------------------------
2026-05-18 19:28:25,714 - __main__ - INFO - Saved checkpoint to /scratch/user/s4901673/ircbert_runs/checkpoints_maxdist50/checkpoint_epoch_1.pt
2026-05-18 19:28:25,714 - __main__ - INFO - Epoch 2/10
2026-05-18 19:28:25,714 - __main__ - INFO - --------------------------------------------------------------------------------
2026-05-18 19:28:25,947 - __main__ - INFO - Saved checkpoint to /scratch/user/s4901673/ircbert_runs/checkpoints_maxdist50/checkpoint_epoch_2.pt
2026-05-18 19:28:25,947 - __main__ - INFO - Epoch 3/10
2026-05-18 19:28:25,947 - __main__ - INFO - --------------------------------------------------------------------------------
2026-05-18 19:28:26,174 - __main__ - INFO - Saved checkpoint to /scratch/user/s4901673/ircbert_runs/checkpoints_maxdist50/checkpoint_epoch_3.pt
2026-05-18 19:28:26,174 - __main__ - INFO - Epoch 4/10
2026-05-18 19:28:26,174 - __main__ - INFO - --------------------------------------------------------------------------------
2026-05-18 19:28:26,401 - __main__ - INFO - Saved checkpoint to /scratch/user/s4901673/ircbert_runs/checkpoints_maxdist50/checkpoint_epoch_4.pt
2026-05-18 19:28:26,401 - __main__ - INFO - Epoch 5/10
2026-05-18 19:28:26,401 - __main__ - INFO - --------------------------------------------------------------------------------
2026-05-18 19:28:26,618 - __main__ - INFO - Saved checkpoint to /scratch/user/s4901673/ircbert_runs/checkpoints_maxdist50/checkpoint_epoch_5.pt
2026-05-18 19:28:26,619 - __main__ - INFO - Epoch 6/10
2026-05-18 19:28:26,619 - __main__ - INFO - --------------------------------------------------------------------------------
2026-05-18 19:28:26,864 - __main__ - INFO - Saved checkpoint to /scratch/user/s4901673/ircbert_runs/checkpoints_maxdist50/checkpoint_epoch_6.pt
2026-05-18 19:28:26,864 - __main__ - INFO - Epoch 7/10
2026-05-18 19:28:26,864 - __main__ - INFO - --------------------------------------------------------------------------------
2026-05-18 19:28:27,084 - __main__ - INFO - Saved checkpoint to /scratch/user/s4901673/ircbert_runs/checkpoints_maxdist50/checkpoint_epoch_7.pt
2026-05-18 19:28:27,084 - __main__ - INFO - Epoch 8/10
2026-05-18 19:28:27,084 - __main__ - INFO - --------------------------------------------------------------------------------
2026-05-18 19:28:27,306 - __main__ - INFO - Saved checkpoint to /scratch/user/s4901673/ircbert_runs/checkpoints_maxdist50/checkpoint_epoch_8.pt
2026-05-18 19:28:27,306 - __main__ - INFO - Epoch 9/10
2026-05-18 19:28:27,307 - __main__ - INFO - --------------------------------------------------------------------------------
2026-05-18 19:28:27,550 - __main__ - INFO - Saved checkpoint to /scratch/user/s4901673/ircbert_runs/checkpoints_maxdist50/checkpoint_epoch_9.pt
2026-05-18 19:28:27,550 - __main__ - INFO - Epoch 10/10
2026-05-18 19:28:27,550 - __main__ - INFO - --------------------------------------------------------------------------------
2026-05-18 19:28:27,769 - __main__ - INFO - Saved checkpoint to /scratch/user/s4901673/ircbert_runs/checkpoints_maxdist50/checkpoint_epoch_10.pt
2026-05-18 19:28:27,770 - __main__ - INFO - Training complete in 2.30s!
2026-05-18 19:28:27,770 - __main__ - INFO - Best F1: 0.0000 at epoch 0
2026-05-18 19:28:27,770 - __main__ - INFO - ================================================================================
2026-05-18 19:28:27,770 - __main__ - INFO - Done!
2026-05-18 19:28:27,770 - __main__ - INFO - ================================================================================
2026-05-18 19:28:27,770 - __main__ - INFO - Log file: /home/s4901673/workspace/irc-disentanglement-bert-pytorch/logs/train_20260518_192732.log

=== Evaluating on DEV set ===

Checkpoint: /scratch/user/s4901673/ircbert_runs/checkpoints_maxdist50/checkpoint_epoch_10.pt
2026-05-18 19:28:36,246 - __main__ - INFO - Using device: cuda
2026-05-18 19:28:36,519 - httpx - INFO - HTTP Request: HEAD https://huggingface.co/microsoft/deberta-v3-base/resolve/main/config.json "HTTP/1.1 307 Temporary Redirect"
Warning: You are sending unauthenticated requests to the HF Hub. Please set a HF_TOKEN to enable higher rate limits and faster downloads.
2026-05-18 19:28:36,520 - huggingface_hub.utils._http - WARNING - Warning: You are sending unauthenticated requests to the HF Hub. Please set a HF_TOKEN to enable higher rate limits and faster downloads.
2026-05-18 19:28:36,526 - httpx - INFO - HTTP Request: HEAD https://huggingface.co/api/resolve-cache/models/microsoft/deberta-v3-base/8ccc9b6f36199bec6961081d44eb72fb3f7353f3/config.json "HTTP/1.1 200 OK"
2026-05-18 19:28:36,765 - httpx - INFO - HTTP Request: HEAD https://huggingface.co/microsoft/deberta-v3-base/resolve/main/tokenizer_config.json "HTTP/1.1 307 Temporary Redirect"
2026-05-18 19:28:36,771 - httpx - INFO - HTTP Request: HEAD https://huggingface.co/api/resolve-cache/models/microsoft/deberta-v3-base/8ccc9b6f36199bec6961081d44eb72fb3f7353f3/tokenizer_config.json "HTTP/1.1 200 OK"
2026-05-18 19:28:37,001 - httpx - INFO - HTTP Request: GET https://huggingface.co/api/models/microsoft/deberta-v3-base/tree/main/additional_chat_templates?recursive=false&expand=false "HTTP/1.1 404 Not Found"
2026-05-18 19:28:37,230 - httpx - INFO - HTTP Request: GET https://huggingface.co/api/models/microsoft/deberta-v3-base/tree/main?recursive=true&expand=false "HTTP/1.1 200 OK"
2026-05-18 19:28:37,703 - httpx - INFO - HTTP Request: GET https://huggingface.co/api/models/microsoft/deberta-v3-base "HTTP/1.1 200 OK"
2026-05-18 19:28:37,705 - __main__ - INFO - Loaded tokenizer: DebertaV2Tokenizer
2026-05-18 19:28:37,705 - __main__ - INFO - Loading checkpoint from /scratch/user/s4901673/ircbert_runs/checkpoints_maxdist50/checkpoint_epoch_10.pt
2026-05-18 19:28:38,357 - httpx - INFO - HTTP Request: HEAD https://huggingface.co/microsoft/deberta-v3-base/resolve/main/config.json "HTTP/1.1 307 Temporary Redirect"
2026-05-18 19:28:38,363 - httpx - INFO - HTTP Request: HEAD https://huggingface.co/api/resolve-cache/models/microsoft/deberta-v3-base/8ccc9b6f36199bec6961081d44eb72fb3f7353f3/config.json "HTTP/1.1 200 OK"
2026-05-18 19:28:39,002 - httpx - INFO - HTTP Request: HEAD https://huggingface.co/microsoft/deberta-v3-base/resolve/main/model.safetensors "HTTP/1.1 404 Not Found"
2026-05-18 19:28:39,245 - httpx - INFO - HTTP Request: GET https://huggingface.co/api/models/microsoft/deberta-v3-base "HTTP/1.1 200 OK"
Loading weights:   0%|          | 0/198 [00:00<?, ?it/s]Loading weights: 100%|██████████| 198/198 [00:00<00:00, 35957.40it/s]
2026-05-18 19:28:39,487 - httpx - INFO - HTTP Request: GET https://huggingface.co/api/models/microsoft/deberta-v3-base/commits/main "HTTP/1.1 200 OK"
2026-05-18 19:28:39,752 - httpx - INFO - HTTP Request: GET https://huggingface.co/api/models/microsoft/deberta-v3-base/discussions?p=0 "HTTP/1.1 200 OK"
2026-05-18 19:28:40,010 - httpx - INFO - HTTP Request: GET https://huggingface.co/api/models/microsoft/deberta-v3-base/commits/refs%2Fpr%2F14 "HTTP/1.1 200 OK"
2026-05-18 19:28:40,246 - httpx - INFO - HTTP Request: HEAD https://huggingface.co/microsoft/deberta-v3-base/resolve/refs%2Fpr%2F14/model.safetensors.index.json "HTTP/1.1 404 Not Found"
[transformers] [1mDebertaV2Model LOAD REPORT[0m from: microsoft/deberta-v3-base
Key                                     | Status     |  | 
----------------------------------------+------------+--+-
mask_predictions.classifier.weight      | UNEXPECTED |  | 
mask_predictions.dense.weight           | UNEXPECTED |  | 
mask_predictions.LayerNorm.weight       | UNEXPECTED |  | 
lm_predictions.lm_head.dense.bias       | UNEXPECTED |  | 
mask_predictions.LayerNorm.bias         | UNEXPECTED |  | 
lm_predictions.lm_head.LayerNorm.weight | UNEXPECTED |  | 
mask_predictions.classifier.bias        | UNEXPECTED |  | 
lm_predictions.lm_head.bias             | UNEXPECTED |  | 
lm_predictions.lm_head.LayerNorm.bias   | UNEXPECTED |  | 
lm_predictions.lm_head.dense.weight     | UNEXPECTED |  | 
mask_predictions.dense.bias             | UNEXPECTED |  | 

Notes:
- UNEXPECTED:	can be ignored when loading from different task/architecture; not ok if you expect identical arch.
2026-05-18 19:28:40,477 - httpx - INFO - HTTP Request: HEAD https://huggingface.co/microsoft/deberta-v3-base/resolve/refs%2Fpr%2F14/model.safetensors "HTTP/1.1 302 Found"
2026-05-18 19:28:40,527 - httpx - INFO - HTTP Request: HEAD https://huggingface.co/microsoft/deberta-v3-base/resolve/main/config.json "HTTP/1.1 307 Temporary Redirect"
2026-05-18 19:28:40,534 - httpx - INFO - HTTP Request: HEAD https://huggingface.co/api/resolve-cache/models/microsoft/deberta-v3-base/8ccc9b6f36199bec6961081d44eb72fb3f7353f3/config.json "HTTP/1.1 200 OK"
2026-05-18 19:28:41,266 - __main__ - INFO - Loaded checkpoint from epoch 10 (model=microsoft/deberta-v3-base)
2026-05-18 19:28:41,267 - __main__ - INFO - Loading dev dataset...
2026-05-18 19:28:41,270 - data_loader - INFO - Initializing IRCDisentanglementDataset with 10 files
2026-05-18 19:28:41,270 - data_loader - INFO -   max_dist=50, max_length=128, skip_labels=False
2026-05-18 19:28:41,271 - data_loader - INFO -   test_start=0, test_end=1000000000
2026-05-18 19:28:41,272 - data_loader - INFO - Loading conversation from /home/s4901673/workspace/irc-disentanglement-bert-pytorch/data/dev/2004-11-15_03.ascii.txt
2026-05-18 19:28:41,273 - data_loader - INFO -   Read 1250 lines from ASCII file
2026-05-18 19:28:41,276 - data_loader - INFO -   Parsed 1250 messages, found 76 unique users
2026-05-18 19:28:41,397 - data_loader - INFO -   Loaded 189 gold links from annotation file
2026-05-18 19:28:41,397 - data_loader - INFO -   Conversation '2004-11-15_03' loaded in 0.13s
2026-05-18 19:28:41,397 - data_loader - INFO -   Creating samples for 2004-11-15_03: all 1250 messages
2026-05-18 19:28:41,406 - data_loader - INFO -   Created 0 samples for 2004-11-15_03
2026-05-18 19:28:41,406 - data_loader - INFO -   File 1/10: 2004-11-15_03 - 1250 messages, 0 total samples so far
2026-05-18 19:28:41,406 - data_loader - INFO - Loading conversation from /home/s4901673/workspace/irc-disentanglement-bert-pytorch/data/dev/2005-06-27_12.ascii.txt
2026-05-18 19:28:41,407 - data_loader - INFO -   Read 1250 lines from ASCII file
2026-05-18 19:28:41,548 - data_loader - INFO -   Parsed 1250 messages, found 77 unique users
2026-05-18 19:28:41,669 - data_loader - INFO -   Loaded 182 gold links from annotation file
2026-05-18 19:28:41,669 - data_loader - INFO -   Conversation '2005-06-27_12' loaded in 0.26s
2026-05-18 19:28:41,669 - data_loader - INFO -   Creating samples for 2005-06-27_12: all 1250 messages
2026-05-18 19:28:41,677 - data_loader - INFO -   Created 0 samples for 2005-06-27_12
2026-05-18 19:28:41,678 - data_loader - INFO -   File 2/10: 2005-06-27_12 - 1250 messages, 0 total samples so far
2026-05-18 19:28:41,678 - data_loader - INFO - Loading conversation from /home/s4901673/workspace/irc-disentanglement-bert-pytorch/data/dev/2005-08-08_01.ascii.txt
2026-05-18 19:28:41,679 - data_loader - INFO -   Read 1250 lines from ASCII file
2026-05-18 19:28:41,682 - data_loader - INFO -   Parsed 1250 messages, found 95 unique users
2026-05-18 19:28:41,835 - data_loader - INFO -   Loaded 186 gold links from annotation file
2026-05-18 19:28:41,835 - data_loader - INFO -   Conversation '2005-08-08_01' loaded in 0.16s
2026-05-18 19:28:41,835 - data_loader - INFO -   Creating samples for 2005-08-08_01: all 1250 messages
2026-05-18 19:28:41,843 - data_loader - INFO -   Created 0 samples for 2005-08-08_01
2026-05-18 19:28:41,843 - data_loader - INFO -   File 3/10: 2005-08-08_01 - 1250 messages, 0 total samples so far
2026-05-18 19:28:41,843 - data_loader - INFO - Loading conversation from /home/s4901673/workspace/irc-disentanglement-bert-pytorch/data/dev/2008-12-11_11.ascii.txt
2026-05-18 19:28:41,844 - data_loader - INFO -   Read 1250 lines from ASCII file
2026-05-18 19:28:41,848 - data_loader - INFO -   Parsed 1250 messages, found 142 unique users
2026-05-18 19:28:42,139 - data_loader - INFO -   Loaded 172 gold links from annotation file
2026-05-18 19:28:42,139 - data_loader - INFO -   Conversation '2008-12-11_11' loaded in 0.30s
2026-05-18 19:28:42,139 - data_loader - INFO -   Creating samples for 2008-12-11_11: all 1250 messages
2026-05-18 19:28:42,148 - data_loader - INFO -   Created 0 samples for 2008-12-11_11
2026-05-18 19:28:42,148 - data_loader - INFO -   File 4/10: 2008-12-11_11 - 1250 messages, 0 total samples so far
2026-05-18 19:28:42,148 - data_loader - INFO - Loading conversation from /home/s4901673/workspace/irc-disentanglement-bert-pytorch/data/dev/2009-02-23_10.ascii.txt
2026-05-18 19:28:42,149 - data_loader - INFO -   Read 1250 lines from ASCII file
2026-05-18 19:28:42,153 - data_loader - INFO -   Parsed 1250 messages, found 111 unique users
2026-05-18 19:28:42,377 - data_loader - INFO -   Loaded 186 gold links from annotation file
2026-05-18 19:28:42,378 - data_loader - INFO -   Conversation '2009-02-23_10' loaded in 0.23s
2026-05-18 19:28:42,378 - data_loader - INFO -   Creating samples for 2009-02-23_10: all 1250 messages
2026-05-18 19:28:42,387 - data_loader - INFO -   Created 0 samples for 2009-02-23_10
2026-05-18 19:28:42,387 - data_loader - INFO -   File 5/10: 2009-02-23_10 - 1250 messages, 0 total samples so far
2026-05-18 19:28:42,387 - data_loader - INFO - Loading conversation from /home/s4901673/workspace/irc-disentanglement-bert-pytorch/data/dev/2009-03-03_10.ascii.txt
2026-05-18 19:28:42,388 - data_loader - INFO -   Read 1250 lines from ASCII file
2026-05-18 19:28:42,391 - data_loader - INFO -   Parsed 1250 messages, found 134 unique users
2026-05-18 19:28:42,658 - data_loader - INFO -   Loaded 188 gold links from annotation file
2026-05-18 19:28:42,659 - data_loader - INFO -   Conversation '2009-03-03_10' loaded in 0.27s
2026-05-18 19:28:42,659 - data_loader - INFO -   Creating samples for 2009-03-03_10: all 1250 messages
2026-05-18 19:28:42,668 - data_loader - INFO -   Created 0 samples for 2009-03-03_10
2026-05-18 19:28:42,668 - data_loader - INFO -   File 6/10: 2009-03-03_10 - 1250 messages, 0 total samples so far
2026-05-18 19:28:42,668 - data_loader - INFO - Loading conversation from /home/s4901673/workspace/irc-disentanglement-bert-pytorch/data/dev/2009-10-01_17.ascii.txt
2026-05-18 19:28:42,669 - data_loader - INFO -   Read 1250 lines from ASCII file
2026-05-18 19:28:42,673 - data_loader - INFO -   Parsed 1250 messages, found 166 unique users
2026-05-18 19:28:43,013 - data_loader - INFO -   Loaded 171 gold links from annotation file
2026-05-18 19:28:43,013 - data_loader - INFO -   Conversation '2009-10-01_17' loaded in 0.34s
2026-05-18 19:28:43,013 - data_loader - INFO -   Creating samples for 2009-10-01_17: all 1250 messages
2026-05-18 19:28:43,022 - data_loader - INFO -   Created 0 samples for 2009-10-01_17
2026-05-18 19:28:43,022 - data_loader - INFO -   File 7/10: 2009-10-01_17 - 1250 messages, 0 total samples so far
2026-05-18 19:28:43,022 - data_loader - INFO - Loading conversation from /home/s4901673/workspace/irc-disentanglement-bert-pytorch/data/dev/2011-05-29_19.ascii.txt
2026-05-18 19:28:43,023 - data_loader - INFO -   Read 1250 lines from ASCII file
2026-05-18 19:28:43,026 - data_loader - INFO -   Parsed 1250 messages, found 152 unique users
2026-05-18 19:28:43,340 - data_loader - INFO -   Loaded 181 gold links from annotation file
2026-05-18 19:28:43,340 - data_loader - INFO -   Conversation '2011-05-29_19' loaded in 0.32s
2026-05-18 19:28:43,340 - data_loader - INFO -   Creating samples for 2011-05-29_19: all 1250 messages
2026-05-18 19:28:43,349 - data_loader - INFO -   Created 0 samples for 2011-05-29_19
2026-05-18 19:28:43,349 - data_loader - INFO -   File 8/10: 2011-05-29_19 - 1250 messages, 0 total samples so far
2026-05-18 19:28:43,349 - data_loader - INFO - Loading conversation from /home/s4901673/workspace/irc-disentanglement-bert-pytorch/data/dev/2011-11-13_02.ascii.txt
2026-05-18 19:28:43,350 - data_loader - INFO -   Read 1250 lines from ASCII file
2026-05-18 19:28:43,354 - data_loader - INFO -   Parsed 1250 messages, found 164 unique users
2026-05-18 19:28:43,691 - data_loader - INFO -   Loaded 165 gold links from annotation file
2026-05-18 19:28:43,692 - data_loader - INFO -   Conversation '2011-11-13_02' loaded in 0.34s
2026-05-18 19:28:43,692 - data_loader - INFO -   Creating samples for 2011-11-13_02: all 1250 messages
2026-05-18 19:28:43,700 - data_loader - INFO -   Created 0 samples for 2011-11-13_02
2026-05-18 19:28:43,701 - data_loader - INFO -   File 9/10: 2011-11-13_02 - 1250 messages, 0 total samples so far
2026-05-18 19:28:43,701 - data_loader - INFO - Loading conversation from /home/s4901673/workspace/irc-disentanglement-bert-pytorch/data/dev/2016-12-19_20.ascii.txt
2026-05-18 19:28:43,702 - data_loader - INFO -   Read 1250 lines from ASCII file
2026-05-18 19:28:43,705 - data_loader - INFO -   Parsed 1250 messages, found 165 unique users
2026-05-18 19:28:44,049 - data_loader - INFO -   Loaded 176 gold links from annotation file
2026-05-18 19:28:44,049 - data_loader - INFO -   Conversation '2016-12-19_20' loaded in 0.35s
2026-05-18 19:28:44,049 - data_loader - INFO -   Creating samples for 2016-12-19_20: all 1250 messages
2026-05-18 19:28:44,058 - data_loader - INFO -   Created 0 samples for 2016-12-19_20
2026-05-18 19:28:44,058 - data_loader - INFO -   File 10/10: 2016-12-19_20 - 1250 messages, 0 total samples so far
2026-05-18 19:28:44,059 - data_loader - INFO - Dataset initialization complete: 0 samples from 10 conversations in 2.79s
2026-05-18 19:28:44,059 - __main__ - INFO - dev dataset: 0 samples
2026-05-18 19:28:44,059 - __main__ - INFO - === Pairwise Metrics (Per-Message Accuracy) ===
2026-05-18 19:28:44,060 - train - INFO - Starting evaluation on 0 samples
Evaluating: 0it [00:00, ?it/s]                              2026-05-18 19:28:44,219 - train - INFO -   COVERAGE: 0/12500 messages have predictions (0.0%)
2026-05-18 19:28:44,219 - train - INFO -     (Messages without predictions: gold parent is outside max_dist window)
2026-05-18 19:28:44,219 - train - INFO - Evaluation complete in 0.16s
2026-05-18 19:28:44,219 - train - INFO -   Loss: 0.0000, Accuracy: 0.0000, Precision: 0.0000, Recall: 0.0000, F1: 0.0000
2026-05-18 19:28:44,219 - __main__ - INFO - ================================================================================
2026-05-18 19:28:44,219 - __main__ - INFO - Evaluation Results (Multiclass Mode)
2026-05-18 19:28:44,219 - __main__ - INFO - ================================================================================
2026-05-18 19:28:44,219 - __main__ - INFO - Loss: 0.0000
2026-05-18 19:28:44,219 - __main__ - INFO - Accuracy: 0.0000
2026-05-18 19:28:44,219 - __main__ - INFO - Precision: 0.0000
2026-05-18 19:28:44,219 - __main__ - INFO - Recall: 0.0000
2026-05-18 19:28:44,219 - __main__ - INFO - F1: 0.0000
2026-05-18 19:28:44,220 - __main__ - INFO - Predicted position distribution (top 10):
2026-05-18 19:28:44,220 - __main__ - INFO - ================================================================================
2026-05-18 19:28:44,220 - __main__ - INFO - === Clustering Metrics (VI / ARI) ===
2026-05-18 19:28:44,222 - __main__ - INFO -   Loaded 494 clusters across 10 conversations
2026-05-18 19:28:44,222 - __main__ - INFO -   Per-conversation clustering metrics (0 conversations, avg coverage=0.0%):
2026-05-18 19:28:44,222 - __main__ - INFO - ================================================================================
2026-05-18 19:28:44,222 - __main__ - INFO - Clustering Evaluation Results
2026-05-18 19:28:44,222 - __main__ - INFO - ================================================================================
2026-05-18 19:28:44,222 - __main__ - INFO - ARI (Adjusted Rand Index): 0.0000
2026-05-18 19:28:44,222 - __main__ - INFO - VI  (Variation of Information): 0.0000
2026-05-18 19:28:44,222 - __main__ - INFO - Conversations evaluated: 0
2026-05-18 19:28:44,222 - __main__ - INFO - ================================================================================
2026-05-18 19:28:44,223 - __main__ - INFO - 
============================================================
2026-05-18 19:28:44,223 - __main__ - INFO - HUMAN-READABLE VALIDATION (showing 3 random conversations)
2026-05-18 19:28:44,223 - __main__ - INFO - ============================================================
2026-05-18 19:28:44,223 - __main__ - INFO - Results saved to: /home/s4901673/workspace/irc-disentanglement-bert-pytorch/logs/eval_20260518_192836.log

=== Evaluating on TEST set ===

2026-05-18 19:28:52,795 - __main__ - INFO - Using device: cuda
2026-05-18 19:28:53,051 - httpx - INFO - HTTP Request: HEAD https://huggingface.co/microsoft/deberta-v3-base/resolve/main/config.json "HTTP/1.1 307 Temporary Redirect"
2026-05-18 19:28:53,057 - httpx - INFO - HTTP Request: HEAD https://huggingface.co/api/resolve-cache/models/microsoft/deberta-v3-base/8ccc9b6f36199bec6961081d44eb72fb3f7353f3/config.json "HTTP/1.1 200 OK"
2026-05-18 19:28:53,291 - httpx - INFO - HTTP Request: HEAD https://huggingface.co/microsoft/deberta-v3-base/resolve/main/tokenizer_config.json "HTTP/1.1 307 Temporary Redirect"
Warning: You are sending unauthenticated requests to the HF Hub. Please set a HF_TOKEN to enable higher rate limits and faster downloads.
2026-05-18 19:28:53,291 - huggingface_hub.utils._http - WARNING - Warning: You are sending unauthenticated requests to the HF Hub. Please set a HF_TOKEN to enable higher rate limits and faster downloads.
2026-05-18 19:28:53,298 - httpx - INFO - HTTP Request: HEAD https://huggingface.co/api/resolve-cache/models/microsoft/deberta-v3-base/8ccc9b6f36199bec6961081d44eb72fb3f7353f3/tokenizer_config.json "HTTP/1.1 200 OK"
2026-05-18 19:28:53,531 - httpx - INFO - HTTP Request: GET https://huggingface.co/api/models/microsoft/deberta-v3-base/tree/main/additional_chat_templates?recursive=false&expand=false "HTTP/1.1 404 Not Found"
2026-05-18 19:28:53,768 - httpx - INFO - HTTP Request: GET https://huggingface.co/api/models/microsoft/deberta-v3-base/tree/main?recursive=true&expand=false "HTTP/1.1 200 OK"
2026-05-18 19:28:54,244 - httpx - INFO - HTTP Request: GET https://huggingface.co/api/models/microsoft/deberta-v3-base "HTTP/1.1 200 OK"
2026-05-18 19:28:54,248 - __main__ - INFO - Loaded tokenizer: DebertaV2Tokenizer
2026-05-18 19:28:54,248 - __main__ - INFO - Loading checkpoint from /scratch/user/s4901673/ircbert_runs/checkpoints_maxdist50/checkpoint_epoch_10.pt
2026-05-18 19:28:54,910 - httpx - INFO - HTTP Request: HEAD https://huggingface.co/microsoft/deberta-v3-base/resolve/main/config.json "HTTP/1.1 307 Temporary Redirect"
2026-05-18 19:28:54,916 - httpx - INFO - HTTP Request: HEAD https://huggingface.co/api/resolve-cache/models/microsoft/deberta-v3-base/8ccc9b6f36199bec6961081d44eb72fb3f7353f3/config.json "HTTP/1.1 200 OK"
2026-05-18 19:28:55,547 - httpx - INFO - HTTP Request: HEAD https://huggingface.co/microsoft/deberta-v3-base/resolve/main/model.safetensors "HTTP/1.1 404 Not Found"
2026-05-18 19:28:55,779 - httpx - INFO - HTTP Request: GET https://huggingface.co/api/models/microsoft/deberta-v3-base "HTTP/1.1 200 OK"
2026-05-18 19:28:56,071 - httpx - INFO - HTTP Request: GET https://huggingface.co/api/models/microsoft/deberta-v3-base/commits/main "HTTP/1.1 200 OK"
Loading weights:   0%|          | 0/198 [00:00<?, ?it/s]Loading weights: 100%|██████████| 198/198 [00:00<00:00, 34309.94it/s]
2026-05-18 19:28:56,333 - httpx - INFO - HTTP Request: GET https://huggingface.co/api/models/microsoft/deberta-v3-base/discussions?p=0 "HTTP/1.1 200 OK"
2026-05-18 19:28:56,592 - httpx - INFO - HTTP Request: GET https://huggingface.co/api/models/microsoft/deberta-v3-base/commits/refs%2Fpr%2F14 "HTTP/1.1 200 OK"
2026-05-18 19:28:56,830 - httpx - INFO - HTTP Request: HEAD https://huggingface.co/microsoft/deberta-v3-base/resolve/refs%2Fpr%2F14/model.safetensors.index.json "HTTP/1.1 404 Not Found"
[transformers] [1mDebertaV2Model LOAD REPORT[0m from: microsoft/deberta-v3-base
Key                                     | Status     |  | 
----------------------------------------+------------+--+-
mask_predictions.classifier.bias        | UNEXPECTED |  | 
mask_predictions.classifier.weight      | UNEXPECTED |  | 
mask_predictions.LayerNorm.bias         | UNEXPECTED |  | 
lm_predictions.lm_head.dense.weight     | UNEXPECTED |  | 
mask_predictions.dense.bias             | UNEXPECTED |  | 
mask_predictions.dense.weight           | UNEXPECTED |  | 
lm_predictions.lm_head.bias             | UNEXPECTED |  | 
lm_predictions.lm_head.LayerNorm.weight | UNEXPECTED |  | 
mask_predictions.LayerNorm.weight       | UNEXPECTED |  | 
lm_predictions.lm_head.LayerNorm.bias   | UNEXPECTED |  | 
lm_predictions.lm_head.dense.bias       | UNEXPECTED |  | 

Notes:
- UNEXPECTED:	can be ignored when loading from different task/architecture; not ok if you expect identical arch.
2026-05-18 19:28:57,066 - httpx - INFO - HTTP Request: HEAD https://huggingface.co/microsoft/deberta-v3-base/resolve/refs%2Fpr%2F14/model.safetensors "HTTP/1.1 302 Found"
2026-05-18 19:28:57,117 - httpx - INFO - HTTP Request: HEAD https://huggingface.co/microsoft/deberta-v3-base/resolve/main/config.json "HTTP/1.1 307 Temporary Redirect"
2026-05-18 19:28:57,128 - httpx - INFO - HTTP Request: HEAD https://huggingface.co/api/resolve-cache/models/microsoft/deberta-v3-base/8ccc9b6f36199bec6961081d44eb72fb3f7353f3/config.json "HTTP/1.1 200 OK"
2026-05-18 19:28:57,899 - __main__ - INFO - Loaded checkpoint from epoch 10 (model=microsoft/deberta-v3-base)
2026-05-18 19:28:57,900 - __main__ - INFO - Loading test dataset...
2026-05-18 19:28:57,905 - data_loader - INFO - Initializing IRCDisentanglementDataset with 10 files
2026-05-18 19:28:57,905 - data_loader - INFO -   max_dist=50, max_length=128, skip_labels=False
2026-05-18 19:28:57,906 - data_loader - INFO -   test_start=0, test_end=1000000000
2026-05-18 19:28:57,907 - data_loader - INFO - Loading conversation from /home/s4901673/workspace/irc-disentanglement-bert-pytorch/data/test/2005-07-06_14.ascii.txt
2026-05-18 19:28:57,908 - data_loader - INFO -   Read 1500 lines from ASCII file
2026-05-18 19:28:57,912 - data_loader - INFO -   Parsed 1500 messages, found 107 unique users
2026-05-18 19:28:58,110 - data_loader - INFO -   Loaded 406 gold links from annotation file
2026-05-18 19:28:58,110 - data_loader - INFO -   Conversation '2005-07-06_14' loaded in 0.20s
2026-05-18 19:28:58,110 - data_loader - INFO -   Creating samples for 2005-07-06_14: all 1500 messages
2026-05-18 19:28:58,120 - data_loader - INFO -   Created 0 samples for 2005-07-06_14
2026-05-18 19:28:58,120 - data_loader - INFO -   File 1/10: 2005-07-06_14 - 1500 messages, 0 total samples so far
2026-05-18 19:28:58,120 - data_loader - INFO - Loading conversation from /home/s4901673/workspace/irc-disentanglement-bert-pytorch/data/test/2007-01-11_12.ascii.txt
2026-05-18 19:28:58,121 - data_loader - INFO -   Read 1500 lines from ASCII file
2026-05-18 19:28:58,125 - data_loader - INFO -   Parsed 1500 messages, found 79 unique users
2026-05-18 19:28:58,267 - data_loader - INFO -   Loaded 425 gold links from annotation file
2026-05-18 19:28:58,267 - data_loader - INFO -   Conversation '2007-01-11_12' loaded in 0.15s
2026-05-18 19:28:58,268 - data_loader - INFO -   Creating samples for 2007-01-11_12: all 1500 messages
2026-05-18 19:28:58,277 - data_loader - INFO -   Created 0 samples for 2007-01-11_12
2026-05-18 19:28:58,277 - data_loader - INFO -   File 2/10: 2007-01-11_12 - 1500 messages, 0 total samples so far
2026-05-18 19:28:58,277 - data_loader - INFO - Loading conversation from /home/s4901673/workspace/irc-disentanglement-bert-pytorch/data/test/2007-12-01_03.ascii.txt
2026-05-18 19:28:58,278 - data_loader - INFO -   Read 1500 lines from ASCII file
2026-05-18 19:28:58,282 - data_loader - INFO -   Parsed 1500 messages, found 131 unique users
2026-05-18 19:28:58,596 - data_loader - INFO -   Loaded 399 gold links from annotation file
2026-05-18 19:28:58,596 - data_loader - INFO -   Conversation '2007-12-01_03' loaded in 0.32s
2026-05-18 19:28:58,596 - data_loader - INFO -   Creating samples for 2007-12-01_03: all 1500 messages
2026-05-18 19:28:58,607 - data_loader - INFO -   Created 0 samples for 2007-12-01_03
2026-05-18 19:28:58,607 - data_loader - INFO -   File 3/10: 2007-12-01_03 - 1500 messages, 0 total samples so far
2026-05-18 19:28:58,607 - data_loader - INFO - Loading conversation from /home/s4901673/workspace/irc-disentanglement-bert-pytorch/data/test/2008-07-14_18.ascii.txt
2026-05-18 19:28:58,608 - data_loader - INFO -   Read 1500 lines from ASCII file
2026-05-18 19:28:58,612 - data_loader - INFO -   Parsed 1500 messages, found 201 unique users
2026-05-18 19:28:59,096 - data_loader - INFO -   Loaded 371 gold links from annotation file
2026-05-18 19:28:59,096 - data_loader - INFO -   Conversation '2008-07-14_18' loaded in 0.49s
2026-05-18 19:28:59,096 - data_loader - INFO -   Creating samples for 2008-07-14_18: all 1500 messages
2026-05-18 19:28:59,107 - data_loader - INFO -   Created 0 samples for 2008-07-14_18
2026-05-18 19:28:59,107 - data_loader - INFO -   File 4/10: 2008-07-14_18 - 1500 messages, 0 total samples so far
2026-05-18 19:28:59,107 - data_loader - INFO - Loading conversation from /home/s4901673/workspace/irc-disentanglement-bert-pytorch/data/test/2010-08-17_18.ascii.txt
2026-05-18 19:28:59,108 - data_loader - INFO -   Read 1500 lines from ASCII file
2026-05-18 19:28:59,112 - data_loader - INFO -   Parsed 1500 messages, found 220 unique users
2026-05-18 19:28:59,697 - data_loader - INFO -   Loaded 363 gold links from annotation file
2026-05-18 19:28:59,697 - data_loader - INFO -   Conversation '2010-08-17_18' loaded in 0.59s
2026-05-18 19:28:59,697 - data_loader - INFO -   Creating samples for 2010-08-17_18: all 1500 messages
2026-05-18 19:28:59,708 - data_loader - INFO -   Created 0 samples for 2010-08-17_18
2026-05-18 19:28:59,708 - data_loader - INFO -   File 5/10: 2010-08-17_18 - 1500 messages, 0 total samples so far
2026-05-18 19:28:59,708 - data_loader - INFO - Loading conversation from /home/s4901673/workspace/irc-disentanglement-bert-pytorch/data/test/2013-09-01_02.ascii.txt
2026-05-18 19:28:59,709 - data_loader - INFO -   Read 1500 lines from ASCII file
2026-05-18 19:28:59,714 - data_loader - INFO -   Parsed 1500 messages, found 154 unique users
2026-05-18 19:29:00,099 - data_loader - INFO -   Loaded 357 gold links from annotation file
2026-05-18 19:29:00,099 - data_loader - INFO -   Conversation '2013-09-01_02' loaded in 0.39s
2026-05-18 19:29:00,099 - data_loader - INFO -   Creating samples for 2013-09-01_02: all 1500 messages
2026-05-18 19:29:00,110 - data_loader - INFO -   Created 0 samples for 2013-09-01_02
2026-05-18 19:29:00,110 - data_loader - INFO -   File 6/10: 2013-09-01_02 - 1500 messages, 0 total samples so far
2026-05-18 19:29:00,110 - data_loader - INFO - Loading conversation from /home/s4901673/workspace/irc-disentanglement-bert-pytorch/data/test/2014-06-18_13.ascii.txt
2026-05-18 19:29:00,111 - data_loader - INFO -   Read 1500 lines from ASCII file
2026-05-18 19:29:00,115 - data_loader - INFO -   Parsed 1500 messages, found 176 unique users
2026-05-18 19:29:00,542 - data_loader - INFO -   Loaded 365 gold links from annotation file
2026-05-18 19:29:00,542 - data_loader - INFO -   Conversation '2014-06-18_13' loaded in 0.43s
2026-05-18 19:29:00,542 - data_loader - INFO -   Creating samples for 2014-06-18_13: all 1500 messages
2026-05-18 19:29:00,554 - data_loader - INFO -   Created 0 samples for 2014-06-18_13
2026-05-18 19:29:00,554 - data_loader - INFO -   File 7/10: 2014-06-18_13 - 1500 messages, 0 total samples so far
2026-05-18 19:29:00,554 - data_loader - INFO - Loading conversation from /home/s4901673/workspace/irc-disentanglement-bert-pytorch/data/test/2015-03-18_05.ascii.txt
2026-05-18 19:29:00,555 - data_loader - INFO -   Read 1500 lines from ASCII file
2026-05-18 19:29:00,559 - data_loader - INFO -   Parsed 1500 messages, found 172 unique users
2026-05-18 19:29:00,982 - data_loader - INFO -   Loaded 380 gold links from annotation file
2026-05-18 19:29:00,982 - data_loader - INFO -   Conversation '2015-03-18_05' loaded in 0.43s
2026-05-18 19:29:00,982 - data_loader - INFO -   Creating samples for 2015-03-18_05: all 1500 messages
2026-05-18 19:29:00,993 - data_loader - INFO -   Created 0 samples for 2015-03-18_05
2026-05-18 19:29:00,993 - data_loader - INFO -   File 8/10: 2015-03-18_05 - 1500 messages, 0 total samples so far
2026-05-18 19:29:00,993 - data_loader - INFO - Loading conversation from /home/s4901673/workspace/irc-disentanglement-bert-pytorch/data/test/2016-02-22_17.ascii.txt
2026-05-18 19:29:00,994 - data_loader - INFO -   Read 1500 lines from ASCII file
2026-05-18 19:29:00,998 - data_loader - INFO -   Parsed 1500 messages, found 158 unique users
2026-05-18 19:29:01,378 - data_loader - INFO -   Loaded 369 gold links from annotation file
2026-05-18 19:29:01,378 - data_loader - INFO -   Conversation '2016-02-22_17' loaded in 0.39s
2026-05-18 19:29:01,379 - data_loader - INFO -   Creating samples for 2016-02-22_17: all 1500 messages
2026-05-18 19:29:01,389 - data_loader - INFO -   Created 0 samples for 2016-02-22_17
2026-05-18 19:29:01,389 - data_loader - INFO -   File 9/10: 2016-02-22_17 - 1500 messages, 0 total samples so far
2026-05-18 19:29:01,390 - data_loader - INFO - Loading conversation from /home/s4901673/workspace/irc-disentanglement-bert-pytorch/data/test/2016-06-08_07.ascii.txt
2026-05-18 19:29:01,391 - data_loader - INFO -   Read 1500 lines from ASCII file
2026-05-18 19:29:01,395 - data_loader - INFO -   Parsed 1500 messages, found 176 unique users
2026-05-18 19:29:01,829 - data_loader - INFO -   Loaded 378 gold links from annotation file
2026-05-18 19:29:01,830 - data_loader - INFO -   Conversation '2016-06-08_07' loaded in 0.44s
2026-05-18 19:29:01,830 - data_loader - INFO -   Creating samples for 2016-06-08_07: all 1500 messages
2026-05-18 19:29:01,841 - data_loader - INFO -   Created 0 samples for 2016-06-08_07
2026-05-18 19:29:01,841 - data_loader - INFO -   File 10/10: 2016-06-08_07 - 1500 messages, 0 total samples so far
2026-05-18 19:29:01,841 - data_loader - INFO - Dataset initialization complete: 0 samples from 10 conversations in 3.93s
2026-05-18 19:29:01,842 - __main__ - INFO - test dataset: 0 samples
2026-05-18 19:29:01,842 - __main__ - INFO - === Pairwise Metrics (Per-Message Accuracy) ===
2026-05-18 19:29:01,843 - train - INFO - Starting evaluation on 0 samples
Evaluating: 0it [00:00, ?it/s]                              2026-05-18 19:29:02,011 - train - INFO -   COVERAGE: 0/15000 messages have predictions (0.0%)
2026-05-18 19:29:02,012 - train - INFO -     (Messages without predictions: gold parent is outside max_dist window)
2026-05-18 19:29:02,012 - train - INFO - Evaluation complete in 0.17s
2026-05-18 19:29:02,012 - train - INFO -   Loss: 0.0000, Accuracy: 0.0000, Precision: 0.0000, Recall: 0.0000, F1: 0.0000
2026-05-18 19:29:02,012 - __main__ - INFO - ================================================================================
2026-05-18 19:29:02,012 - __main__ - INFO - Evaluation Results (Multiclass Mode)
2026-05-18 19:29:02,012 - __main__ - INFO - ================================================================================
2026-05-18 19:29:02,012 - __main__ - INFO - Loss: 0.0000
2026-05-18 19:29:02,012 - __main__ - INFO - Accuracy: 0.0000
2026-05-18 19:29:02,012 - __main__ - INFO - Precision: 0.0000
2026-05-18 19:29:02,013 - __main__ - INFO - Recall: 0.0000
2026-05-18 19:29:02,013 - __main__ - INFO - F1: 0.0000
2026-05-18 19:29:02,013 - __main__ - INFO - Predicted position distribution (top 10):
2026-05-18 19:29:02,013 - __main__ - INFO - ================================================================================
2026-05-18 19:29:02,013 - __main__ - INFO - === Clustering Metrics (VI / ARI) ===
2026-05-18 19:29:02,016 - __main__ - INFO -   Loaded 961 clusters across 10 conversations
2026-05-18 19:29:02,016 - __main__ - INFO -   Per-conversation clustering metrics (0 conversations, avg coverage=0.0%):
2026-05-18 19:29:02,017 - __main__ - INFO - ================================================================================
2026-05-18 19:29:02,017 - __main__ - INFO - Clustering Evaluation Results
2026-05-18 19:29:02,017 - __main__ - INFO - ================================================================================
2026-05-18 19:29:02,017 - __main__ - INFO - ARI (Adjusted Rand Index): 0.0000
2026-05-18 19:29:02,017 - __main__ - INFO - VI  (Variation of Information): 0.0000
2026-05-18 19:29:02,017 - __main__ - INFO - Conversations evaluated: 0
2026-05-18 19:29:02,017 - __main__ - INFO - ================================================================================
2026-05-18 19:29:02,017 - __main__ - INFO - 
============================================================
2026-05-18 19:29:02,017 - __main__ - INFO - HUMAN-READABLE VALIDATION (showing 3 random conversations)
2026-05-18 19:29:02,017 - __main__ - INFO - ============================================================
2026-05-18 19:29:02,017 - __main__ - INFO - Results saved to: /home/s4901673/workspace/irc-disentanglement-bert-pytorch/logs/eval_20260518_192852.log

================================================
 Done!
 Log:        logs/learning_signal_20260518_192715.log
 Checkpoints: /scratch/user/s4901673/ircbert_runs/checkpoints_maxdist50
================================================
