================================================
 Learning Signal Validation
================================================
 Log file:    logs/learning_signal_20260518_190346.log
 Checkpoints: /scratch/user/s4901673/ircbert_runs/checkpoints_maxdist15
 Data:        /home/s4901673/workspace/irc-disentanglement-bert-pytorch/data (full train/dev/test)
 max_dist:    15
 test_end:    156 (1/8 of ~1250 msgs per file)
================================================
=== Setting up environment ===

=== Training on full dataset (max_dist=15, test_end=156) ===

2026-05-18 19:04:04,381 - __main__ - INFO - ================================================================================
2026-05-18 19:04:04,382 - __main__ - INFO - IRC Conversation Disentanglement Training
2026-05-18 19:04:04,382 - __main__ - INFO - ================================================================================
2026-05-18 19:04:04,382 - __main__ - INFO - --- System Diagnostics ---
2026-05-18 19:04:04,382 - __main__ - INFO - OS: Linux 5.14.0-611.54.1.el9_7.x86_64
2026-05-18 19:04:04,382 - __main__ - INFO - Python: 3.10.20
2026-05-18 19:04:04,382 - __main__ - INFO - RAM: 2003.13 GB total, 1953.72 GB available
2026-05-18 19:04:04,399 - __main__ - INFO - GPU 0: NVIDIA L40
2026-05-18 19:04:04,399 - __main__ - INFO -   Total Memory: 45460 MB
2026-05-18 19:04:04,399 - __main__ - INFO -   Compute Capability: 8.9
2026-05-18 19:04:04,399 - __main__ - INFO - --------------------------
2026-05-18 19:04:04,399 - __main__ - INFO - Mode: train
2026-05-18 19:04:04,399 - __main__ - INFO - Device: cuda
2026-05-18 19:04:04,399 - __main__ - INFO - Model: microsoft/deberta-v3-base
2026-05-18 19:04:04,399 - __main__ - INFO - Batch size: 16
2026-05-18 19:04:04,400 - __main__ - INFO - Learning rate: 5e-05
2026-05-18 19:04:04,400 - __main__ - INFO - Epochs: 10
2026-05-18 19:04:04,400 - __main__ - INFO - Max dist: 15
2026-05-18 19:04:04,400 - __main__ - INFO - Max length: 128
2026-05-18 19:04:04,400 - __main__ - INFO - Output dir: /scratch/user/s4901673/ircbert_runs/checkpoints_maxdist15
2026-05-18 19:04:04,400 - __main__ - INFO - Using device: cuda
2026-05-18 19:04:04,400 - __main__ - INFO - Loading tokenizer: microsoft/deberta-v3-base
2026-05-18 19:04:04,653 - httpx - INFO - HTTP Request: HEAD https://huggingface.co/microsoft/deberta-v3-base/resolve/main/config.json "HTTP/1.1 307 Temporary Redirect"
2026-05-18 19:04:04,659 - httpx - INFO - HTTP Request: HEAD https://huggingface.co/api/resolve-cache/models/microsoft/deberta-v3-base/8ccc9b6f36199bec6961081d44eb72fb3f7353f3/config.json "HTTP/1.1 200 OK"
2026-05-18 19:04:04,907 - httpx - INFO - HTTP Request: HEAD https://huggingface.co/microsoft/deberta-v3-base/resolve/main/tokenizer_config.json "HTTP/1.1 307 Temporary Redirect"
Warning: You are sending unauthenticated requests to the HF Hub. Please set a HF_TOKEN to enable higher rate limits and faster downloads.
2026-05-18 19:04:04,908 - huggingface_hub.utils._http - WARNING - Warning: You are sending unauthenticated requests to the HF Hub. Please set a HF_TOKEN to enable higher rate limits and faster downloads.
2026-05-18 19:04:04,914 - httpx - INFO - HTTP Request: HEAD https://huggingface.co/api/resolve-cache/models/microsoft/deberta-v3-base/8ccc9b6f36199bec6961081d44eb72fb3f7353f3/tokenizer_config.json "HTTP/1.1 200 OK"
2026-05-18 19:04:05,153 - httpx - INFO - HTTP Request: GET https://huggingface.co/api/models/microsoft/deberta-v3-base/tree/main/additional_chat_templates?recursive=false&expand=false "HTTP/1.1 404 Not Found"
2026-05-18 19:04:05,395 - httpx - INFO - HTTP Request: GET https://huggingface.co/api/models/microsoft/deberta-v3-base/tree/main?recursive=true&expand=false "HTTP/1.1 200 OK"
2026-05-18 19:04:05,876 - httpx - INFO - HTTP Request: GET https://huggingface.co/api/models/microsoft/deberta-v3-base "HTTP/1.1 200 OK"
2026-05-18 19:04:05,878 - __main__ - INFO - Tokenizer loaded: DebertaV2Tokenizer
2026-05-18 19:04:05,878 - __main__ - INFO - Creating dataloaders...
2026-05-18 19:04:05,908 - __main__ - INFO - Loading 153 train files...
2026-05-18 19:04:05,908 - data_loader - INFO - Initializing IRCDisentanglementDataset with 153 files
2026-05-18 19:04:05,908 - data_loader - INFO -   max_dist=15, max_length=128, skip_labels=False
2026-05-18 19:04:05,908 - data_loader - INFO -   test_start=0, test_end=156
2026-05-18 19:04:05,909 - data_loader - INFO - Loading conversation from /home/s4901673/workspace/irc-disentanglement-bert-pytorch/data/train/2004-12-25.train-c.ascii.txt
2026-05-18 19:04:05,910 - data_loader - INFO -   Read 1500 lines from ASCII file
2026-05-18 19:04:05,914 - data_loader - INFO -   Parsed 1500 messages, found 94 unique users
2026-05-18 19:04:06,093 - data_loader - INFO -   Loaded 382 gold links from annotation file
2026-05-18 19:04:06,093 - data_loader - INFO -   Conversation '2004-12-25.train-c' loaded in 0.18s
2026-05-18 19:04:06,093 - data_loader - INFO -   Creating samples for 2004-12-25.train-c: messages 0 to 156 (limited)
2026-05-18 19:04:06,094 - data_loader - INFO -   Created 0 samples for 2004-12-25.train-c
2026-05-18 19:04:06,094 - data_loader - INFO -   File 1/153: 2004-12-25.train-c - 1500 messages, 0 total samples so far
2026-05-18 19:04:06,094 - data_loader - INFO - Loading conversation from /home/s4901673/workspace/irc-disentanglement-bert-pytorch/data/train/2005-02-06.train-c.ascii.txt
2026-05-18 19:04:06,095 - data_loader - INFO -   Read 1500 lines from ASCII file
2026-05-18 19:04:06,099 - data_loader - INFO -   Parsed 1500 messages, found 70 unique users
2026-05-18 19:04:06,245 - data_loader - INFO -   Loaded 346 gold links from annotation file
2026-05-18 19:04:06,245 - data_loader - INFO -   Conversation '2005-02-06.train-c' loaded in 0.15s
2026-05-18 19:04:06,245 - data_loader - INFO -   Creating samples for 2005-02-06.train-c: messages 0 to 156 (limited)
2026-05-18 19:04:06,246 - data_loader - INFO -   Created 0 samples for 2005-02-06.train-c
2026-05-18 19:04:06,246 - data_loader - INFO -   File 2/153: 2005-02-06.train-c - 1500 messages, 0 total samples so far
2026-05-18 19:04:06,246 - data_loader - INFO - Loading conversation from /home/s4901673/workspace/irc-disentanglement-bert-pytorch/data/train/2005-02-08.train-a.ascii.txt
2026-05-18 19:04:06,247 - data_loader - INFO -   Read 1246 lines from ASCII file
2026-05-18 19:04:06,250 - data_loader - INFO -   Parsed 1246 messages, found 71 unique users
2026-05-18 19:04:06,349 - data_loader - INFO -   Loaded 214 gold links from annotation file
2026-05-18 19:04:06,349 - data_loader - INFO -   Conversation '2005-02-08.train-a' loaded in 0.10s
2026-05-18 19:04:06,350 - data_loader - INFO -   Creating samples for 2005-02-08.train-a: messages 0 to 156 (limited)
2026-05-18 19:04:06,350 - data_loader - INFO -   Created 0 samples for 2005-02-08.train-a
2026-05-18 19:04:06,350 - data_loader - INFO -   File 3/153: 2005-02-08.train-a - 1246 messages, 0 total samples so far
2026-05-18 19:04:06,350 - data_loader - INFO - Loading conversation from /home/s4901673/workspace/irc-disentanglement-bert-pytorch/data/train/2005-02-27.train-c.ascii.txt
2026-05-18 19:04:06,351 - data_loader - INFO -   Read 1500 lines from ASCII file
2026-05-18 19:04:06,355 - data_loader - INFO -   Parsed 1500 messages, found 74 unique users
2026-05-18 19:04:06,512 - data_loader - INFO -   Loaded 355 gold links from annotation file
2026-05-18 19:04:06,512 - data_loader - INFO -   Conversation '2005-02-27.train-c' loaded in 0.16s
2026-05-18 19:04:06,512 - data_loader - INFO -   Creating samples for 2005-02-27.train-c: messages 0 to 156 (limited)
2026-05-18 19:04:06,513 - data_loader - INFO -   Created 0 samples for 2005-02-27.train-c
2026-05-18 19:04:06,513 - data_loader - INFO -   File 4/153: 2005-02-27.train-c - 1500 messages, 0 total samples so far
2026-05-18 19:04:06,513 - data_loader - INFO - Loading conversation from /home/s4901673/workspace/irc-disentanglement-bert-pytorch/data/train/2005-05-14.train-c.ascii.txt
2026-05-18 19:04:06,514 - data_loader - INFO -   Read 1500 lines from ASCII file
2026-05-18 19:04:06,518 - data_loader - INFO -   Parsed 1500 messages, found 85 unique users
2026-05-18 19:04:06,690 - data_loader - INFO -   Loaded 370 gold links from annotation file
2026-05-18 19:04:06,691 - data_loader - INFO -   Conversation '2005-05-14.train-c' loaded in 0.18s
2026-05-18 19:04:06,691 - data_loader - INFO -   Creating samples for 2005-05-14.train-c: messages 0 to 156 (limited)
2026-05-18 19:04:06,691 - data_loader - INFO -   Created 0 samples for 2005-05-14.train-c
2026-05-18 19:04:06,691 - data_loader - INFO -   File 5/153: 2005-05-14.train-c - 1500 messages, 0 total samples so far
2026-05-18 19:04:06,691 - data_loader - INFO - Loading conversation from /home/s4901673/workspace/irc-disentanglement-bert-pytorch/data/train/2005-05-19.train-a.ascii.txt
2026-05-18 19:04:06,692 - data_loader - INFO -   Read 1191 lines from ASCII file
2026-05-18 19:04:06,695 - data_loader - INFO -   Parsed 1191 messages, found 68 unique users
2026-05-18 19:04:06,800 - data_loader - INFO -   Loaded 165 gold links from annotation file
2026-05-18 19:04:06,800 - data_loader - INFO -   Conversation '2005-05-19.train-a' loaded in 0.11s
2026-05-18 19:04:06,800 - data_loader - INFO -   Creating samples for 2005-05-19.train-a: messages 0 to 156 (limited)
2026-05-18 19:04:06,801 - data_loader - INFO -   Created 0 samples for 2005-05-19.train-a
2026-05-18 19:04:06,801 - data_loader - INFO -   File 6/153: 2005-05-19.train-a - 1191 messages, 0 total samples so far
2026-05-18 19:04:06,801 - data_loader - INFO - Loading conversation from /home/s4901673/workspace/irc-disentanglement-bert-pytorch/data/train/2005-06-06.train-c.ascii.txt
2026-05-18 19:04:06,802 - data_loader - INFO -   Read 1500 lines from ASCII file
2026-05-18 19:04:06,920 - data_loader - INFO -   Parsed 1500 messages, found 97 unique users
2026-05-18 19:04:07,105 - data_loader - INFO -   Loaded 388 gold links from annotation file
2026-05-18 19:04:07,105 - data_loader - INFO -   Conversation '2005-06-06.train-c' loaded in 0.30s
2026-05-18 19:04:07,106 - data_loader - INFO -   Creating samples for 2005-06-06.train-c: messages 0 to 156 (limited)
2026-05-18 19:04:07,106 - data_loader - INFO -   Created 0 samples for 2005-06-06.train-c
2026-05-18 19:04:07,106 - data_loader - INFO -   File 7/153: 2005-06-06.train-c - 1500 messages, 0 total samples so far
2026-05-18 19:04:07,106 - data_loader - INFO - Loading conversation from /home/s4901673/workspace/irc-disentanglement-bert-pytorch/data/train/2005-06-12.train-c.ascii.txt
2026-05-18 19:04:07,108 - data_loader - INFO -   Read 1500 lines from ASCII file
2026-05-18 19:04:07,112 - data_loader - INFO -   Parsed 1500 messages, found 93 unique users
2026-05-18 19:04:07,314 - data_loader - INFO -   Loaded 371 gold links from annotation file
2026-05-18 19:04:07,314 - data_loader - INFO -   Conversation '2005-06-12.train-c' loaded in 0.21s
2026-05-18 19:04:07,314 - data_loader - INFO -   Creating samples for 2005-06-12.train-c: messages 0 to 156 (limited)
2026-05-18 19:04:07,314 - data_loader - INFO -   Created 0 samples for 2005-06-12.train-c
2026-05-18 19:04:07,314 - data_loader - INFO -   File 8/153: 2005-06-12.train-c - 1500 messages, 0 total samples so far
2026-05-18 19:04:07,315 - data_loader - INFO - Loading conversation from /home/s4901673/workspace/irc-disentanglement-bert-pytorch/data/train/2005-06-16.train-c.ascii.txt
2026-05-18 19:04:07,316 - data_loader - INFO -   Read 1500 lines from ASCII file
2026-05-18 19:04:07,320 - data_loader - INFO -   Parsed 1500 messages, found 90 unique users
2026-05-18 19:04:07,494 - data_loader - INFO -   Loaded 388 gold links from annotation file
2026-05-18 19:04:07,494 - data_loader - INFO -   Conversation '2005-06-16.train-c' loaded in 0.18s
2026-05-18 19:04:07,494 - data_loader - INFO -   Creating samples for 2005-06-16.train-c: messages 0 to 156 (limited)
2026-05-18 19:04:07,494 - data_loader - INFO -   Created 0 samples for 2005-06-16.train-c
2026-05-18 19:04:07,494 - data_loader - INFO -   File 9/153: 2005-06-16.train-c - 1500 messages, 0 total samples so far
2026-05-18 19:04:07,494 - data_loader - INFO - Loading conversation from /home/s4901673/workspace/irc-disentanglement-bert-pytorch/data/train/2005-06-20.train-a.ascii.txt
2026-05-18 19:04:07,496 - data_loader - INFO -   Read 1457 lines from ASCII file
2026-05-18 19:04:07,499 - data_loader - INFO -   Parsed 1457 messages, found 77 unique users
2026-05-18 19:04:07,649 - data_loader - INFO -   Loaded 326 gold links from annotation file
2026-05-18 19:04:07,649 - data_loader - INFO -   Conversation '2005-06-20.train-a' loaded in 0.15s
2026-05-18 19:04:07,649 - data_loader - INFO -   Creating samples for 2005-06-20.train-a: messages 0 to 156 (limited)
2026-05-18 19:04:07,650 - data_loader - INFO -   Created 0 samples for 2005-06-20.train-a
2026-05-18 19:04:07,650 - data_loader - INFO -   File 10/153: 2005-06-20.train-a - 1457 messages, 0 total samples so far
2026-05-18 19:04:07,650 - data_loader - INFO - Loading conversation from /home/s4901673/workspace/irc-disentanglement-bert-pytorch/data/train/2005-07-25.train-a.ascii.txt
2026-05-18 19:04:07,651 - data_loader - INFO -   Read 1283 lines from ASCII file
2026-05-18 19:04:07,654 - data_loader - INFO -   Parsed 1283 messages, found 88 unique users
2026-05-18 19:04:07,798 - data_loader - INFO -   Loaded 217 gold links from annotation file
2026-05-18 19:04:07,799 - data_loader - INFO -   Conversation '2005-07-25.train-a' loaded in 0.15s
2026-05-18 19:04:07,799 - data_loader - INFO -   Creating samples for 2005-07-25.train-a: messages 0 to 156 (limited)
2026-05-18 19:04:07,799 - data_loader - INFO -   Created 0 samples for 2005-07-25.train-a
2026-05-18 19:04:07,799 - data_loader - INFO -   File 11/153: 2005-07-25.train-a - 1283 messages, 0 total samples so far
2026-05-18 19:04:07,799 - data_loader - INFO - Loading conversation from /home/s4901673/workspace/irc-disentanglement-bert-pytorch/data/train/2005-07-29.train-c.ascii.txt
2026-05-18 19:04:07,801 - data_loader - INFO -   Read 1500 lines from ASCII file
2026-05-18 19:04:07,804 - data_loader - INFO -   Parsed 1500 messages, found 84 unique users
2026-05-18 19:04:07,976 - data_loader - INFO -   Loaded 396 gold links from annotation file
2026-05-18 19:04:07,976 - data_loader - INFO -   Conversation '2005-07-29.train-c' loaded in 0.18s
2026-05-18 19:04:07,977 - data_loader - INFO -   Creating samples for 2005-07-29.train-c: messages 0 to 156 (limited)
2026-05-18 19:04:07,977 - data_loader - INFO -   Created 0 samples for 2005-07-29.train-c
2026-05-18 19:04:07,977 - data_loader - INFO -   File 12/153: 2005-07-29.train-c - 1500 messages, 0 total samples so far
2026-05-18 19:04:07,977 - data_loader - INFO - Loading conversation from /home/s4901673/workspace/irc-disentanglement-bert-pytorch/data/train/2005-09-26.train-c.ascii.txt
2026-05-18 19:04:07,978 - data_loader - INFO -   Read 1500 lines from ASCII file
2026-05-18 19:04:07,982 - data_loader - INFO -   Parsed 1500 messages, found 114 unique users
2026-05-18 19:04:08,208 - data_loader - INFO -   Loaded 403 gold links from annotation file
2026-05-18 19:04:08,209 - data_loader - INFO -   Conversation '2005-09-26.train-c' loaded in 0.23s
2026-05-18 19:04:08,209 - data_loader - INFO -   Creating samples for 2005-09-26.train-c: messages 0 to 156 (limited)
2026-05-18 19:04:08,209 - data_loader - INFO -   Created 0 samples for 2005-09-26.train-c
2026-05-18 19:04:08,209 - data_loader - INFO -   File 13/153: 2005-09-26.train-c - 1500 messages, 0 total samples so far
2026-05-18 19:04:08,209 - data_loader - INFO - Loading conversation from /home/s4901673/workspace/irc-disentanglement-bert-pytorch/data/train/2005-10-07.train-c.ascii.txt
2026-05-18 19:04:08,210 - data_loader - INFO -   Read 1500 lines from ASCII file
2026-05-18 19:04:08,214 - data_loader - INFO -   Parsed 1500 messages, found 99 unique users
2026-05-18 19:04:08,402 - data_loader - INFO -   Loaded 375 gold links from annotation file
2026-05-18 19:04:08,402 - data_loader - INFO -   Conversation '2005-10-07.train-c' loaded in 0.19s
2026-05-18 19:04:08,402 - data_loader - INFO -   Creating samples for 2005-10-07.train-c: messages 0 to 156 (limited)
2026-05-18 19:04:08,403 - data_loader - INFO -   Created 0 samples for 2005-10-07.train-c
2026-05-18 19:04:08,403 - data_loader - INFO -   File 14/153: 2005-10-07.train-c - 1500 messages, 0 total samples so far
2026-05-18 19:04:08,403 - data_loader - INFO - Loading conversation from /home/s4901673/workspace/irc-disentanglement-bert-pytorch/data/train/2005-10-12.train-c.ascii.txt
2026-05-18 19:04:08,404 - data_loader - INFO -   Read 1500 lines from ASCII file
2026-05-18 19:04:08,408 - data_loader - INFO -   Parsed 1500 messages, found 138 unique users
2026-05-18 19:04:08,654 - data_loader - INFO -   Loaded 370 gold links from annotation file
2026-05-18 19:04:08,654 - data_loader - INFO -   Conversation '2005-10-12.train-c' loaded in 0.25s
2026-05-18 19:04:08,654 - data_loader - INFO -   Creating samples for 2005-10-12.train-c: messages 0 to 156 (limited)
2026-05-18 19:04:08,654 - data_loader - INFO -   Created 0 samples for 2005-10-12.train-c
2026-05-18 19:04:08,654 - data_loader - INFO -   File 15/153: 2005-10-12.train-c - 1500 messages, 0 total samples so far
2026-05-18 19:04:08,654 - data_loader - INFO - Loading conversation from /home/s4901673/workspace/irc-disentanglement-bert-pytorch/data/train/2005-12-03.train-c.ascii.txt
2026-05-18 19:04:08,656 - data_loader - INFO -   Read 1500 lines from ASCII file
2026-05-18 19:04:08,659 - data_loader - INFO -   Parsed 1500 messages, found 104 unique users
2026-05-18 19:04:08,863 - data_loader - INFO -   Loaded 387 gold links from annotation file
2026-05-18 19:04:08,863 - data_loader - INFO -   Conversation '2005-12-03.train-c' loaded in 0.21s
2026-05-18 19:04:08,864 - data_loader - INFO -   Creating samples for 2005-12-03.train-c: messages 0 to 156 (limited)
2026-05-18 19:04:08,864 - data_loader - INFO -   Created 0 samples for 2005-12-03.train-c
2026-05-18 19:04:08,864 - data_loader - INFO -   File 16/153: 2005-12-03.train-c - 1500 messages, 0 total samples so far
2026-05-18 19:04:08,864 - data_loader - INFO - Loading conversation from /home/s4901673/workspace/irc-disentanglement-bert-pytorch/data/train/2005-12-04.train-c.ascii.txt
2026-05-18 19:04:08,865 - data_loader - INFO -   Read 1500 lines from ASCII file
2026-05-18 19:04:08,869 - data_loader - INFO -   Parsed 1500 messages, found 128 unique users
2026-05-18 19:04:09,119 - data_loader - INFO -   Loaded 399 gold links from annotation file
2026-05-18 19:04:09,119 - data_loader - INFO -   Conversation '2005-12-04.train-c' loaded in 0.25s
2026-05-18 19:04:09,119 - data_loader - INFO -   Creating samples for 2005-12-04.train-c: messages 0 to 156 (limited)
2026-05-18 19:04:09,120 - data_loader - INFO -   Created 0 samples for 2005-12-04.train-c
2026-05-18 19:04:09,120 - data_loader - INFO -   File 17/153: 2005-12-04.train-c - 1500 messages, 0 total samples so far
2026-05-18 19:04:09,120 - data_loader - INFO - Loading conversation from /home/s4901673/workspace/irc-disentanglement-bert-pytorch/data/train/2005-12-16.train-c.ascii.txt
2026-05-18 19:04:09,121 - data_loader - INFO -   Read 1500 lines from ASCII file
2026-05-18 19:04:09,125 - data_loader - INFO -   Parsed 1500 messages, found 83 unique users
2026-05-18 19:04:09,296 - data_loader - INFO -   Loaded 371 gold links from annotation file
2026-05-18 19:04:09,296 - data_loader - INFO -   Conversation '2005-12-16.train-c' loaded in 0.18s
2026-05-18 19:04:09,296 - data_loader - INFO -   Creating samples for 2005-12-16.train-c: messages 0 to 156 (limited)
2026-05-18 19:04:09,297 - data_loader - INFO -   Created 0 samples for 2005-12-16.train-c
2026-05-18 19:04:09,297 - data_loader - INFO -   File 18/153: 2005-12-16.train-c - 1500 messages, 0 total samples so far
2026-05-18 19:04:09,297 - data_loader - INFO - Loading conversation from /home/s4901673/workspace/irc-disentanglement-bert-pytorch/data/train/2005-12-23.train-c.ascii.txt
2026-05-18 19:04:09,298 - data_loader - INFO -   Read 1500 lines from ASCII file
2026-05-18 19:04:09,302 - data_loader - INFO -   Parsed 1500 messages, found 117 unique users
2026-05-18 19:04:09,519 - data_loader - INFO -   Loaded 380 gold links from annotation file
2026-05-18 19:04:09,519 - data_loader - INFO -   Conversation '2005-12-23.train-c' loaded in 0.22s
2026-05-18 19:04:09,519 - data_loader - INFO -   Creating samples for 2005-12-23.train-c: messages 0 to 156 (limited)
2026-05-18 19:04:09,520 - data_loader - INFO -   Created 0 samples for 2005-12-23.train-c
2026-05-18 19:04:09,520 - data_loader - INFO -   File 19/153: 2005-12-23.train-c - 1500 messages, 0 total samples so far
2026-05-18 19:04:09,520 - data_loader - INFO - Loading conversation from /home/s4901673/workspace/irc-disentanglement-bert-pytorch/data/train/2006-01-02.train-c.ascii.txt
2026-05-18 19:04:09,521 - data_loader - INFO -   Read 1500 lines from ASCII file
2026-05-18 19:04:09,525 - data_loader - INFO -   Parsed 1500 messages, found 120 unique users
2026-05-18 19:04:09,781 - data_loader - INFO -   Loaded 371 gold links from annotation file
2026-05-18 19:04:09,781 - data_loader - INFO -   Conversation '2006-01-02.train-c' loaded in 0.26s
2026-05-18 19:04:09,781 - data_loader - INFO -   Creating samples for 2006-01-02.train-c: messages 0 to 156 (limited)
2026-05-18 19:04:09,781 - data_loader - INFO -   Created 0 samples for 2006-01-02.train-c
2026-05-18 19:04:09,781 - data_loader - INFO -   File 20/153: 2006-01-02.train-c - 1500 messages, 0 total samples so far
2026-05-18 19:04:09,781 - data_loader - INFO - Loading conversation from /home/s4901673/workspace/irc-disentanglement-bert-pytorch/data/train/2006-01-12.train-c.ascii.txt
2026-05-18 19:04:09,783 - data_loader - INFO -   Read 1500 lines from ASCII file
2026-05-18 19:04:09,786 - data_loader - INFO -   Parsed 1500 messages, found 115 unique users
2026-05-18 19:04:10,018 - data_loader - INFO -   Loaded 378 gold links from annotation file
2026-05-18 19:04:10,018 - data_loader - INFO -   Conversation '2006-01-12.train-c' loaded in 0.24s
2026-05-18 19:04:10,019 - data_loader - INFO -   Creating samples for 2006-01-12.train-c: messages 0 to 156 (limited)
2026-05-18 19:04:10,019 - data_loader - INFO -   Created 0 samples for 2006-01-12.train-c
2026-05-18 19:04:10,019 - data_loader - INFO -   File 21/153: 2006-01-12.train-c - 1500 messages, 0 total samples so far
2026-05-18 19:04:10,019 - data_loader - INFO - Loading conversation from /home/s4901673/workspace/irc-disentanglement-bert-pytorch/data/train/2006-02-20.train-c.ascii.txt
2026-05-18 19:04:10,020 - data_loader - INFO -   Read 1500 lines from ASCII file
2026-05-18 19:04:10,024 - data_loader - INFO -   Parsed 1500 messages, found 115 unique users
2026-05-18 19:04:10,245 - data_loader - INFO -   Loaded 385 gold links from annotation file
2026-05-18 19:04:10,245 - data_loader - INFO -   Conversation '2006-02-20.train-c' loaded in 0.23s
2026-05-18 19:04:10,246 - data_loader - INFO -   Creating samples for 2006-02-20.train-c: messages 0 to 156 (limited)
2026-05-18 19:04:10,246 - data_loader - INFO -   Created 0 samples for 2006-02-20.train-c
2026-05-18 19:04:10,246 - data_loader - INFO -   File 22/153: 2006-02-20.train-c - 1500 messages, 0 total samples so far
2026-05-18 19:04:10,246 - data_loader - INFO - Loading conversation from /home/s4901673/workspace/irc-disentanglement-bert-pytorch/data/train/2006-02-24.train-a.ascii.txt
2026-05-18 19:04:10,247 - data_loader - INFO -   Read 1331 lines from ASCII file
2026-05-18 19:04:10,251 - data_loader - INFO -   Parsed 1331 messages, found 102 unique users
2026-05-18 19:04:10,448 - data_loader - INFO -   Loaded 280 gold links from annotation file
2026-05-18 19:04:10,448 - data_loader - INFO -   Conversation '2006-02-24.train-a' loaded in 0.20s
2026-05-18 19:04:10,448 - data_loader - INFO -   Creating samples for 2006-02-24.train-a: messages 0 to 156 (limited)
2026-05-18 19:04:10,448 - data_loader - INFO -   Created 0 samples for 2006-02-24.train-a
2026-05-18 19:04:10,449 - data_loader - INFO -   File 23/153: 2006-02-24.train-a - 1331 messages, 0 total samples so far
2026-05-18 19:04:10,449 - data_loader - INFO - Loading conversation from /home/s4901673/workspace/irc-disentanglement-bert-pytorch/data/train/2006-02-28.train-c.ascii.txt
2026-05-18 19:04:10,450 - data_loader - INFO -   Read 1500 lines from ASCII file
2026-05-18 19:04:10,453 - data_loader - INFO -   Parsed 1500 messages, found 137 unique users
2026-05-18 19:04:10,714 - data_loader - INFO -   Loaded 380 gold links from annotation file
2026-05-18 19:04:10,714 - data_loader - INFO -   Conversation '2006-02-28.train-c' loaded in 0.27s
2026-05-18 19:04:10,715 - data_loader - INFO -   Creating samples for 2006-02-28.train-c: messages 0 to 156 (limited)
2026-05-18 19:04:10,715 - data_loader - INFO -   Created 0 samples for 2006-02-28.train-c
2026-05-18 19:04:10,715 - data_loader - INFO -   File 24/153: 2006-02-28.train-c - 1500 messages, 0 total samples so far
2026-05-18 19:04:10,715 - data_loader - INFO - Loading conversation from /home/s4901673/workspace/irc-disentanglement-bert-pytorch/data/train/2006-03-05.train-c.ascii.txt
2026-05-18 19:04:10,716 - data_loader - INFO -   Read 1500 lines from ASCII file
2026-05-18 19:04:10,721 - data_loader - INFO -   Parsed 1500 messages, found 130 unique users
2026-05-18 19:04:11,004 - data_loader - INFO -   Loaded 364 gold links from annotation file
2026-05-18 19:04:11,004 - data_loader - INFO -   Conversation '2006-03-05.train-c' loaded in 0.29s
2026-05-18 19:04:11,004 - data_loader - INFO -   Creating samples for 2006-03-05.train-c: messages 0 to 156 (limited)
2026-05-18 19:04:11,004 - data_loader - INFO -   Created 0 samples for 2006-03-05.train-c
2026-05-18 19:04:11,004 - data_loader - INFO -   File 25/153: 2006-03-05.train-c - 1500 messages, 0 total samples so far
2026-05-18 19:04:11,004 - data_loader - INFO - Loading conversation from /home/s4901673/workspace/irc-disentanglement-bert-pytorch/data/train/2006-05-02.train-c.ascii.txt
2026-05-18 19:04:11,006 - data_loader - INFO -   Read 1500 lines from ASCII file
2026-05-18 19:04:11,162 - data_loader - INFO -   Parsed 1500 messages, found 124 unique users
2026-05-18 19:04:11,430 - data_loader - INFO -   Loaded 398 gold links from annotation file
2026-05-18 19:04:11,430 - data_loader - INFO -   Conversation '2006-05-02.train-c' loaded in 0.43s
2026-05-18 19:04:11,431 - data_loader - INFO -   Creating samples for 2006-05-02.train-c: messages 0 to 156 (limited)
2026-05-18 19:04:11,431 - data_loader - INFO -   Created 0 samples for 2006-05-02.train-c
2026-05-18 19:04:11,431 - data_loader - INFO -   File 26/153: 2006-05-02.train-c - 1500 messages, 0 total samples so far
2026-05-18 19:04:11,431 - data_loader - INFO - Loading conversation from /home/s4901673/workspace/irc-disentanglement-bert-pytorch/data/train/2006-05-15.train-c.ascii.txt
2026-05-18 19:04:11,433 - data_loader - INFO -   Read 1500 lines from ASCII file
2026-05-18 19:04:11,436 - data_loader - INFO -   Parsed 1500 messages, found 101 unique users
2026-05-18 19:04:11,649 - data_loader - INFO -   Loaded 369 gold links from annotation file
2026-05-18 19:04:11,649 - data_loader - INFO -   Conversation '2006-05-15.train-c' loaded in 0.22s
2026-05-18 19:04:11,649 - data_loader - INFO -   Creating samples for 2006-05-15.train-c: messages 0 to 156 (limited)
2026-05-18 19:04:11,649 - data_loader - INFO -   Created 0 samples for 2006-05-15.train-c
2026-05-18 19:04:11,650 - data_loader - INFO -   File 27/153: 2006-05-15.train-c - 1500 messages, 0 total samples so far
2026-05-18 19:04:11,650 - data_loader - INFO - Loading conversation from /home/s4901673/workspace/irc-disentanglement-bert-pytorch/data/train/2006-05-27.train-c.ascii.txt
2026-05-18 19:04:11,651 - data_loader - INFO -   Read 1500 lines from ASCII file
2026-05-18 19:04:11,654 - data_loader - INFO -   Parsed 1500 messages, found 117 unique users
2026-05-18 19:04:11,847 - data_loader - INFO -   Loaded 415 gold links from annotation file
2026-05-18 19:04:11,847 - data_loader - INFO -   Conversation '2006-05-27.train-c' loaded in 0.20s
2026-05-18 19:04:11,847 - data_loader - INFO -   Creating samples for 2006-05-27.train-c: messages 0 to 156 (limited)
2026-05-18 19:04:11,848 - data_loader - INFO -   Created 0 samples for 2006-05-27.train-c
2026-05-18 19:04:11,848 - data_loader - INFO -   File 28/153: 2006-05-27.train-c - 1500 messages, 0 total samples so far
2026-05-18 19:04:11,848 - data_loader - INFO - Loading conversation from /home/s4901673/workspace/irc-disentanglement-bert-pytorch/data/train/2006-05-29.train-c.ascii.txt
2026-05-18 19:04:11,849 - data_loader - INFO -   Read 1500 lines from ASCII file
2026-05-18 19:04:11,853 - data_loader - INFO -   Parsed 1500 messages, found 115 unique users
2026-05-18 19:04:12,068 - data_loader - INFO -   Loaded 371 gold links from annotation file
2026-05-18 19:04:12,068 - data_loader - INFO -   Conversation '2006-05-29.train-c' loaded in 0.22s
2026-05-18 19:04:12,068 - data_loader - INFO -   Creating samples for 2006-05-29.train-c: messages 0 to 156 (limited)
2026-05-18 19:04:12,069 - data_loader - INFO -   Created 0 samples for 2006-05-29.train-c
2026-05-18 19:04:12,069 - data_loader - INFO -   File 29/153: 2006-05-29.train-c - 1500 messages, 0 total samples so far
2026-05-18 19:04:12,069 - data_loader - INFO - Loading conversation from /home/s4901673/workspace/irc-disentanglement-bert-pytorch/data/train/2006-06-01.train-a.ascii.txt
2026-05-18 19:04:12,070 - data_loader - INFO -   Read 2165 lines from ASCII file
2026-05-18 19:04:12,076 - data_loader - INFO -   Parsed 2165 messages, found 223 unique users
2026-05-18 19:04:12,691 - data_loader - INFO -   Loaded 844 gold links from annotation file
2026-05-18 19:04:12,691 - data_loader - INFO -   Conversation '2006-06-01.train-a' loaded in 0.62s
2026-05-18 19:04:12,691 - data_loader - INFO -   Creating samples for 2006-06-01.train-a: messages 0 to 156 (limited)
2026-05-18 19:04:12,691 - data_loader - INFO -   Created 0 samples for 2006-06-01.train-a
2026-05-18 19:04:12,691 - data_loader - INFO -   File 30/153: 2006-06-01.train-a - 2165 messages, 0 total samples so far
2026-05-18 19:04:12,691 - data_loader - INFO - Loading conversation from /home/s4901673/workspace/irc-disentanglement-bert-pytorch/data/train/2006-06-05.train-a.ascii.txt
2026-05-18 19:04:12,693 - data_loader - INFO -   Read 1753 lines from ASCII file
2026-05-18 19:04:12,697 - data_loader - INFO -   Parsed 1753 messages, found 135 unique users
2026-05-18 19:04:13,015 - data_loader - INFO -   Loaded 582 gold links from annotation file
2026-05-18 19:04:13,015 - data_loader - INFO -   Conversation '2006-06-05.train-a' loaded in 0.32s
2026-05-18 19:04:13,015 - data_loader - INFO -   Creating samples for 2006-06-05.train-a: messages 0 to 156 (limited)
2026-05-18 19:04:13,016 - data_loader - INFO -   Created 0 samples for 2006-06-05.train-a
2026-05-18 19:04:13,016 - data_loader - INFO -   File 31/153: 2006-06-05.train-a - 1753 messages, 0 total samples so far
2026-05-18 19:04:13,016 - data_loader - INFO - Loading conversation from /home/s4901673/workspace/irc-disentanglement-bert-pytorch/data/train/2006-06-08.train-c.ascii.txt
2026-05-18 19:04:13,017 - data_loader - INFO -   Read 1500 lines from ASCII file
2026-05-18 19:04:13,021 - data_loader - INFO -   Parsed 1500 messages, found 110 unique users
2026-05-18 19:04:13,247 - data_loader - INFO -   Loaded 385 gold links from annotation file
2026-05-18 19:04:13,247 - data_loader - INFO -   Conversation '2006-06-08.train-c' loaded in 0.23s
2026-05-18 19:04:13,247 - data_loader - INFO -   Creating samples for 2006-06-08.train-c: messages 0 to 156 (limited)
2026-05-18 19:04:13,248 - data_loader - INFO -   Created 0 samples for 2006-06-08.train-c
2026-05-18 19:04:13,248 - data_loader - INFO -   File 32/153: 2006-06-08.train-c - 1500 messages, 0 total samples so far
2026-05-18 19:04:13,248 - data_loader - INFO - Loading conversation from /home/s4901673/workspace/irc-disentanglement-bert-pytorch/data/train/2006-06-21.train-c.ascii.txt
2026-05-18 19:04:13,249 - data_loader - INFO -   Read 1500 lines from ASCII file
2026-05-18 19:04:13,253 - data_loader - INFO -   Parsed 1500 messages, found 145 unique users
2026-05-18 19:04:13,526 - data_loader - INFO -   Loaded 385 gold links from annotation file
2026-05-18 19:04:13,526 - data_loader - INFO -   Conversation '2006-06-21.train-c' loaded in 0.28s
2026-05-18 19:04:13,527 - data_loader - INFO -   Creating samples for 2006-06-21.train-c: messages 0 to 156 (limited)
2026-05-18 19:04:13,527 - data_loader - INFO -   Created 0 samples for 2006-06-21.train-c
2026-05-18 19:04:13,527 - data_loader - INFO -   File 33/153: 2006-06-21.train-c - 1500 messages, 0 total samples so far
2026-05-18 19:04:13,527 - data_loader - INFO - Loading conversation from /home/s4901673/workspace/irc-disentanglement-bert-pytorch/data/train/2006-06-28.train-c.ascii.txt
2026-05-18 19:04:13,528 - data_loader - INFO -   Read 1500 lines from ASCII file
2026-05-18 19:04:13,532 - data_loader - INFO -   Parsed 1500 messages, found 127 unique users
2026-05-18 19:04:13,762 - data_loader - INFO -   Loaded 392 gold links from annotation file
2026-05-18 19:04:13,762 - data_loader - INFO -   Conversation '2006-06-28.train-c' loaded in 0.23s
2026-05-18 19:04:13,762 - data_loader - INFO -   Creating samples for 2006-06-28.train-c: messages 0 to 156 (limited)
2026-05-18 19:04:13,762 - data_loader - INFO -   Created 0 samples for 2006-06-28.train-c
2026-05-18 19:04:13,763 - data_loader - INFO -   File 34/153: 2006-06-28.train-c - 1500 messages, 0 total samples so far
2026-05-18 19:04:13,763 - data_loader - INFO - Loading conversation from /home/s4901673/workspace/irc-disentanglement-bert-pytorch/data/train/2006-07-01.train-c.ascii.txt
2026-05-18 19:04:13,764 - data_loader - INFO -   Read 1500 lines from ASCII file
2026-05-18 19:04:13,768 - data_loader - INFO -   Parsed 1500 messages, found 107 unique users
2026-05-18 19:04:13,978 - data_loader - INFO -   Loaded 379 gold links from annotation file
2026-05-18 19:04:13,978 - data_loader - INFO -   Conversation '2006-07-01.train-c' loaded in 0.22s
2026-05-18 19:04:13,978 - data_loader - INFO -   Creating samples for 2006-07-01.train-c: messages 0 to 156 (limited)
2026-05-18 19:04:13,979 - data_loader - INFO -   Created 0 samples for 2006-07-01.train-c
2026-05-18 19:04:13,979 - data_loader - INFO -   File 35/153: 2006-07-01.train-c - 1500 messages, 0 total samples so far
2026-05-18 19:04:13,979 - data_loader - INFO - Loading conversation from /home/s4901673/workspace/irc-disentanglement-bert-pytorch/data/train/2006-08-06.train-c.ascii.txt
2026-05-18 19:04:13,980 - data_loader - INFO -   Read 1500 lines from ASCII file
2026-05-18 19:04:13,984 - data_loader - INFO -   Parsed 1500 messages, found 116 unique users
2026-05-18 19:04:14,248 - data_loader - INFO -   Loaded 407 gold links from annotation file
2026-05-18 19:04:14,248 - data_loader - INFO -   Conversation '2006-08-06.train-c' loaded in 0.27s
2026-05-18 19:04:14,248 - data_loader - INFO -   Creating samples for 2006-08-06.train-c: messages 0 to 156 (limited)
2026-05-18 19:04:14,249 - data_loader - INFO -   Created 0 samples for 2006-08-06.train-c
2026-05-18 19:04:14,249 - data_loader - INFO -   File 36/153: 2006-08-06.train-c - 1500 messages, 0 total samples so far
2026-05-18 19:04:14,249 - data_loader - INFO - Loading conversation from /home/s4901673/workspace/irc-disentanglement-bert-pytorch/data/train/2006-08-11.train-c.ascii.txt
2026-05-18 19:04:14,250 - data_loader - INFO -   Read 1500 lines from ASCII file
2026-05-18 19:04:14,254 - data_loader - INFO -   Parsed 1500 messages, found 88 unique users
2026-05-18 19:04:14,452 - data_loader - INFO -   Loaded 394 gold links from annotation file
2026-05-18 19:04:14,452 - data_loader - INFO -   Conversation '2006-08-11.train-c' loaded in 0.20s
2026-05-18 19:04:14,453 - data_loader - INFO -   Creating samples for 2006-08-11.train-c: messages 0 to 156 (limited)
2026-05-18 19:04:14,453 - data_loader - INFO -   Created 0 samples for 2006-08-11.train-c
2026-05-18 19:04:14,453 - data_loader - INFO -   File 37/153: 2006-08-11.train-c - 1500 messages, 0 total samples so far
2026-05-18 19:04:14,453 - data_loader - INFO - Loading conversation from /home/s4901673/workspace/irc-disentanglement-bert-pytorch/data/train/2006-08-13.train-c.ascii.txt
2026-05-18 19:04:14,454 - data_loader - INFO -   Read 1500 lines from ASCII file
2026-05-18 19:04:14,458 - data_loader - INFO -   Parsed 1500 messages, found 84 unique users
2026-05-18 19:04:14,635 - data_loader - INFO -   Loaded 385 gold links from annotation file
2026-05-18 19:04:14,635 - data_loader - INFO -   Conversation '2006-08-13.train-c' loaded in 0.18s
2026-05-18 19:04:14,635 - data_loader - INFO -   Creating samples for 2006-08-13.train-c: messages 0 to 156 (limited)
2026-05-18 19:04:14,635 - data_loader - INFO -   Created 0 samples for 2006-08-13.train-c
2026-05-18 19:04:14,635 - data_loader - INFO -   File 38/153: 2006-08-13.train-c - 1500 messages, 0 total samples so far
2026-05-18 19:04:14,635 - data_loader - INFO - Loading conversation from /home/s4901673/workspace/irc-disentanglement-bert-pytorch/data/train/2006-08-15.train-c.ascii.txt
2026-05-18 19:04:14,637 - data_loader - INFO -   Read 1500 lines from ASCII file
2026-05-18 19:04:14,641 - data_loader - INFO -   Parsed 1500 messages, found 106 unique users
2026-05-18 19:04:14,862 - data_loader - INFO -   Loaded 393 gold links from annotation file
2026-05-18 19:04:14,862 - data_loader - INFO -   Conversation '2006-08-15.train-c' loaded in 0.23s
2026-05-18 19:04:14,863 - data_loader - INFO -   Creating samples for 2006-08-15.train-c: messages 0 to 156 (limited)
2026-05-18 19:04:14,863 - data_loader - INFO -   Created 0 samples for 2006-08-15.train-c
2026-05-18 19:04:14,863 - data_loader - INFO -   File 39/153: 2006-08-15.train-c - 1500 messages, 0 total samples so far
2026-05-18 19:04:14,863 - data_loader - INFO - Loading conversation from /home/s4901673/workspace/irc-disentanglement-bert-pytorch/data/train/2006-08-23.train-a.ascii.txt
2026-05-18 19:04:14,864 - data_loader - INFO -   Read 1673 lines from ASCII file
2026-05-18 19:04:14,869 - data_loader - INFO -   Parsed 1673 messages, found 148 unique users
2026-05-18 19:04:15,228 - data_loader - INFO -   Loaded 475 gold links from annotation file
2026-05-18 19:04:15,228 - data_loader - INFO -   Conversation '2006-08-23.train-a' loaded in 0.36s
2026-05-18 19:04:15,228 - data_loader - INFO -   Creating samples for 2006-08-23.train-a: messages 0 to 156 (limited)
2026-05-18 19:04:15,229 - data_loader - INFO -   Created 0 samples for 2006-08-23.train-a
2026-05-18 19:04:15,229 - data_loader - INFO -   File 40/153: 2006-08-23.train-a - 1673 messages, 0 total samples so far
2026-05-18 19:04:15,229 - data_loader - INFO - Loading conversation from /home/s4901673/workspace/irc-disentanglement-bert-pytorch/data/train/2006-09-13.train-c.ascii.txt
2026-05-18 19:04:15,230 - data_loader - INFO -   Read 1500 lines from ASCII file
2026-05-18 19:04:15,234 - data_loader - INFO -   Parsed 1500 messages, found 98 unique users
2026-05-18 19:04:15,421 - data_loader - INFO -   Loaded 388 gold links from annotation file
2026-05-18 19:04:15,421 - data_loader - INFO -   Conversation '2006-09-13.train-c' loaded in 0.19s
2026-05-18 19:04:15,421 - data_loader - INFO -   Creating samples for 2006-09-13.train-c: messages 0 to 156 (limited)
2026-05-18 19:04:15,421 - data_loader - INFO -   Created 0 samples for 2006-09-13.train-c
2026-05-18 19:04:15,421 - data_loader - INFO -   File 41/153: 2006-09-13.train-c - 1500 messages, 0 total samples so far
2026-05-18 19:04:15,422 - data_loader - INFO - Loading conversation from /home/s4901673/workspace/irc-disentanglement-bert-pytorch/data/train/2006-09-24.train-c.ascii.txt
2026-05-18 19:04:15,423 - data_loader - INFO -   Read 1500 lines from ASCII file
2026-05-18 19:04:15,427 - data_loader - INFO -   Parsed 1500 messages, found 114 unique users
2026-05-18 19:04:15,659 - data_loader - INFO -   Loaded 417 gold links from annotation file
2026-05-18 19:04:15,659 - data_loader - INFO -   Conversation '2006-09-24.train-c' loaded in 0.24s
2026-05-18 19:04:15,659 - data_loader - INFO -   Creating samples for 2006-09-24.train-c: messages 0 to 156 (limited)
2026-05-18 19:04:15,659 - data_loader - INFO -   Created 0 samples for 2006-09-24.train-c
2026-05-18 19:04:15,659 - data_loader - INFO -   File 42/153: 2006-09-24.train-c - 1500 messages, 0 total samples so far
2026-05-18 19:04:15,660 - data_loader - INFO - Loading conversation from /home/s4901673/workspace/irc-disentanglement-bert-pytorch/data/train/2006-11-01.train-c.ascii.txt
2026-05-18 19:04:15,661 - data_loader - INFO -   Read 1500 lines from ASCII file
2026-05-18 19:04:15,664 - data_loader - INFO -   Parsed 1500 messages, found 126 unique users
2026-05-18 19:04:15,900 - data_loader - INFO -   Loaded 383 gold links from annotation file
2026-05-18 19:04:15,900 - data_loader - INFO -   Conversation '2006-11-01.train-c' loaded in 0.24s
2026-05-18 19:04:15,900 - data_loader - INFO -   Creating samples for 2006-11-01.train-c: messages 0 to 156 (limited)
2026-05-18 19:04:15,900 - data_loader - INFO -   Created 0 samples for 2006-11-01.train-c
2026-05-18 19:04:15,900 - data_loader - INFO -   File 43/153: 2006-11-01.train-c - 1500 messages, 0 total samples so far
2026-05-18 19:04:15,901 - data_loader - INFO - Loading conversation from /home/s4901673/workspace/irc-disentanglement-bert-pytorch/data/train/2006-12-06.train-c.ascii.txt
2026-05-18 19:04:15,902 - data_loader - INFO -   Read 1500 lines from ASCII file
2026-05-18 19:04:15,906 - data_loader - INFO -   Parsed 1500 messages, found 110 unique users
2026-05-18 19:04:16,103 - data_loader - INFO -   Loaded 404 gold links from annotation file
2026-05-18 19:04:16,103 - data_loader - INFO -   Conversation '2006-12-06.train-c' loaded in 0.20s
2026-05-18 19:04:16,103 - data_loader - INFO -   Creating samples for 2006-12-06.train-c: messages 0 to 156 (limited)
2026-05-18 19:04:16,103 - data_loader - INFO -   Created 0 samples for 2006-12-06.train-c
2026-05-18 19:04:16,104 - data_loader - INFO -   File 44/153: 2006-12-06.train-c - 1500 messages, 0 total samples so far
2026-05-18 19:04:16,104 - data_loader - INFO - Loading conversation from /home/s4901673/workspace/irc-disentanglement-bert-pytorch/data/train/2006-12-10.train-a.ascii.txt
2026-05-18 19:04:16,105 - data_loader - INFO -   Read 1681 lines from ASCII file
2026-05-18 19:04:16,109 - data_loader - INFO -   Parsed 1681 messages, found 147 unique users
2026-05-18 19:04:16,403 - data_loader - INFO -   Loaded 561 gold links from annotation file
2026-05-18 19:04:16,403 - data_loader - INFO -   Conversation '2006-12-10.train-a' loaded in 0.30s
2026-05-18 19:04:16,403 - data_loader - INFO -   Creating samples for 2006-12-10.train-a: messages 0 to 156 (limited)
2026-05-18 19:04:16,403 - data_loader - INFO -   Created 0 samples for 2006-12-10.train-a
2026-05-18 19:04:16,403 - data_loader - INFO -   File 45/153: 2006-12-10.train-a - 1681 messages, 0 total samples so far
2026-05-18 19:04:16,403 - data_loader - INFO - Loading conversation from /home/s4901673/workspace/irc-disentanglement-bert-pytorch/data/train/2006-12-20.train-c.ascii.txt
2026-05-18 19:04:16,405 - data_loader - INFO -   Read 1500 lines from ASCII file
2026-05-18 19:04:16,408 - data_loader - INFO -   Parsed 1500 messages, found 115 unique users
2026-05-18 19:04:16,632 - data_loader - INFO -   Loaded 383 gold links from annotation file
2026-05-18 19:04:16,632 - data_loader - INFO -   Conversation '2006-12-20.train-c' loaded in 0.23s
2026-05-18 19:04:16,632 - data_loader - INFO -   Creating samples for 2006-12-20.train-c: messages 0 to 156 (limited)
2026-05-18 19:04:16,633 - data_loader - INFO -   Created 0 samples for 2006-12-20.train-c
2026-05-18 19:04:16,633 - data_loader - INFO -   File 46/153: 2006-12-20.train-c - 1500 messages, 0 total samples so far
2026-05-18 19:04:16,633 - data_loader - INFO - Loading conversation from /home/s4901673/workspace/irc-disentanglement-bert-pytorch/data/train/2007-01-12.train-c.ascii.txt
2026-05-18 19:04:16,634 - data_loader - INFO -   Read 1500 lines from ASCII file
2026-05-18 19:04:16,638 - data_loader - INFO -   Parsed 1500 messages, found 113 unique users
2026-05-18 19:04:16,881 - data_loader - INFO -   Loaded 407 gold links from annotation file
2026-05-18 19:04:16,881 - data_loader - INFO -   Conversation '2007-01-12.train-c' loaded in 0.25s
2026-05-18 19:04:16,881 - data_loader - INFO -   Creating samples for 2007-01-12.train-c: messages 0 to 156 (limited)
2026-05-18 19:04:16,881 - data_loader - INFO -   Created 0 samples for 2007-01-12.train-c
2026-05-18 19:04:16,881 - data_loader - INFO -   File 47/153: 2007-01-12.train-c - 1500 messages, 0 total samples so far
2026-05-18 19:04:16,881 - data_loader - INFO - Loading conversation from /home/s4901673/workspace/irc-disentanglement-bert-pytorch/data/train/2007-01-19.train-a.ascii.txt
2026-05-18 19:04:16,883 - data_loader - INFO -   Read 1740 lines from ASCII file
2026-05-18 19:04:17,076 - data_loader - INFO -   Parsed 1740 messages, found 102 unique users
2026-05-18 19:04:17,341 - data_loader - INFO -   Loaded 540 gold links from annotation file
2026-05-18 19:04:17,341 - data_loader - INFO -   Conversation '2007-01-19.train-a' loaded in 0.46s
2026-05-18 19:04:17,341 - data_loader - INFO -   Creating samples for 2007-01-19.train-a: messages 0 to 156 (limited)
2026-05-18 19:04:17,342 - data_loader - INFO -   Created 0 samples for 2007-01-19.train-a
2026-05-18 19:04:17,342 - data_loader - INFO -   File 48/153: 2007-01-19.train-a - 1740 messages, 0 total samples so far
2026-05-18 19:04:17,342 - data_loader - INFO - Loading conversation from /home/s4901673/workspace/irc-disentanglement-bert-pytorch/data/train/2007-01-21.train-c.ascii.txt
2026-05-18 19:04:17,343 - data_loader - INFO -   Read 1500 lines from ASCII file
2026-05-18 19:04:17,347 - data_loader - INFO -   Parsed 1500 messages, found 127 unique users
2026-05-18 19:04:17,598 - data_loader - INFO -   Loaded 379 gold links from annotation file
2026-05-18 19:04:17,598 - data_loader - INFO -   Conversation '2007-01-21.train-c' loaded in 0.26s
2026-05-18 19:04:17,598 - data_loader - INFO -   Creating samples for 2007-01-21.train-c: messages 0 to 156 (limited)
2026-05-18 19:04:17,598 - data_loader - INFO -   Created 0 samples for 2007-01-21.train-c
2026-05-18 19:04:17,598 - data_loader - INFO -   File 49/153: 2007-01-21.train-c - 1500 messages, 0 total samples so far
2026-05-18 19:04:17,598 - data_loader - INFO - Loading conversation from /home/s4901673/workspace/irc-disentanglement-bert-pytorch/data/train/2007-01-29.train-c.ascii.txt
2026-05-18 19:04:17,600 - data_loader - INFO -   Read 1500 lines from ASCII file
2026-05-18 19:04:17,604 - data_loader - INFO -   Parsed 1500 messages, found 115 unique users
2026-05-18 19:04:17,831 - data_loader - INFO -   Loaded 389 gold links from annotation file
2026-05-18 19:04:17,831 - data_loader - INFO -   Conversation '2007-01-29.train-c' loaded in 0.23s
2026-05-18 19:04:17,831 - data_loader - INFO -   Creating samples for 2007-01-29.train-c: messages 0 to 156 (limited)
2026-05-18 19:04:17,832 - data_loader - INFO -   Created 0 samples for 2007-01-29.train-c
2026-05-18 19:04:17,832 - data_loader - INFO -   File 50/153: 2007-01-29.train-c - 1500 messages, 0 total samples so far
2026-05-18 19:04:17,832 - data_loader - INFO - Loading conversation from /home/s4901673/workspace/irc-disentanglement-bert-pytorch/data/train/2007-02-06.train-c.ascii.txt
2026-05-18 19:04:17,833 - data_loader - INFO -   Read 1500 lines from ASCII file
2026-05-18 19:04:17,837 - data_loader - INFO -   Parsed 1500 messages, found 131 unique users
2026-05-18 19:04:18,090 - data_loader - INFO -   Loaded 387 gold links from annotation file
2026-05-18 19:04:18,090 - data_loader - INFO -   Conversation '2007-02-06.train-c' loaded in 0.26s
2026-05-18 19:04:18,090 - data_loader - INFO -   Creating samples for 2007-02-06.train-c: messages 0 to 156 (limited)
2026-05-18 19:04:18,091 - data_loader - INFO -   Created 0 samples for 2007-02-06.train-c
2026-05-18 19:04:18,091 - data_loader - INFO -   File 51/153: 2007-02-06.train-c - 1500 messages, 0 total samples so far
2026-05-18 19:04:18,091 - data_loader - INFO - Loading conversation from /home/s4901673/workspace/irc-disentanglement-bert-pytorch/data/train/2007-02-07.train-c.ascii.txt
2026-05-18 19:04:18,092 - data_loader - INFO -   Read 1500 lines from ASCII file
2026-05-18 19:04:18,096 - data_loader - INFO -   Parsed 1500 messages, found 112 unique users
2026-05-18 19:04:18,317 - data_loader - INFO -   Loaded 369 gold links from annotation file
2026-05-18 19:04:18,317 - data_loader - INFO -   Conversation '2007-02-07.train-c' loaded in 0.23s
2026-05-18 19:04:18,317 - data_loader - INFO -   Creating samples for 2007-02-07.train-c: messages 0 to 156 (limited)
2026-05-18 19:04:18,317 - data_loader - INFO -   Created 0 samples for 2007-02-07.train-c
2026-05-18 19:04:18,317 - data_loader - INFO -   File 52/153: 2007-02-07.train-c - 1500 messages, 0 total samples so far
2026-05-18 19:04:18,318 - data_loader - INFO - Loading conversation from /home/s4901673/workspace/irc-disentanglement-bert-pytorch/data/train/2007-02-15.train-c.ascii.txt
2026-05-18 19:04:18,319 - data_loader - INFO -   Read 1500 lines from ASCII file
2026-05-18 19:04:18,323 - data_loader - INFO -   Parsed 1500 messages, found 121 unique users
2026-05-18 19:04:18,553 - data_loader - INFO -   Loaded 414 gold links from annotation file
2026-05-18 19:04:18,553 - data_loader - INFO -   Conversation '2007-02-15.train-c' loaded in 0.24s
2026-05-18 19:04:18,553 - data_loader - INFO -   Creating samples for 2007-02-15.train-c: messages 0 to 156 (limited)
2026-05-18 19:04:18,554 - data_loader - INFO -   Created 0 samples for 2007-02-15.train-c
2026-05-18 19:04:18,554 - data_loader - INFO -   File 53/153: 2007-02-15.train-c - 1500 messages, 0 total samples so far
2026-05-18 19:04:18,554 - data_loader - INFO - Loading conversation from /home/s4901673/workspace/irc-disentanglement-bert-pytorch/data/train/2007-06-01.train-c.ascii.txt
2026-05-18 19:04:18,555 - data_loader - INFO -   Read 1500 lines from ASCII file
2026-05-18 19:04:18,559 - data_loader - INFO -   Parsed 1500 messages, found 93 unique users
2026-05-18 19:04:18,739 - data_loader - INFO -   Loaded 394 gold links from annotation file
2026-05-18 19:04:18,739 - data_loader - INFO -   Conversation '2007-06-01.train-c' loaded in 0.19s
2026-05-18 19:04:18,740 - data_loader - INFO -   Creating samples for 2007-06-01.train-c: messages 0 to 156 (limited)
2026-05-18 19:04:18,740 - data_loader - INFO -   Created 0 samples for 2007-06-01.train-c
2026-05-18 19:04:18,740 - data_loader - INFO -   File 54/153: 2007-06-01.train-c - 1500 messages, 0 total samples so far
2026-05-18 19:04:18,740 - data_loader - INFO - Loading conversation from /home/s4901673/workspace/irc-disentanglement-bert-pytorch/data/train/2007-06-04.train-a.ascii.txt
2026-05-18 19:04:18,742 - data_loader - INFO -   Read 1910 lines from ASCII file
2026-05-18 19:04:18,746 - data_loader - INFO -   Parsed 1910 messages, found 152 unique users
2026-05-18 19:04:19,139 - data_loader - INFO -   Loaded 763 gold links from annotation file
2026-05-18 19:04:19,139 - data_loader - INFO -   Conversation '2007-06-04.train-a' loaded in 0.40s
2026-05-18 19:04:19,139 - data_loader - INFO -   Creating samples for 2007-06-04.train-a: messages 0 to 156 (limited)
2026-05-18 19:04:19,140 - data_loader - INFO -   Created 0 samples for 2007-06-04.train-a
2026-05-18 19:04:19,140 - data_loader - INFO -   File 55/153: 2007-06-04.train-a - 1910 messages, 0 total samples so far
2026-05-18 19:04:19,140 - data_loader - INFO - Loading conversation from /home/s4901673/workspace/irc-disentanglement-bert-pytorch/data/train/2007-06-17.train-a.ascii.txt
2026-05-18 19:04:19,141 - data_loader - INFO -   Read 1764 lines from ASCII file
2026-05-18 19:04:19,146 - data_loader - INFO -   Parsed 1764 messages, found 146 unique users
2026-05-18 19:04:19,455 - data_loader - INFO -   Loaded 585 gold links from annotation file
2026-05-18 19:04:19,456 - data_loader - INFO -   Conversation '2007-06-17.train-a' loaded in 0.32s
2026-05-18 19:04:19,456 - data_loader - INFO -   Creating samples for 2007-06-17.train-a: messages 0 to 156 (limited)
2026-05-18 19:04:19,456 - data_loader - INFO -   Created 0 samples for 2007-06-17.train-a
2026-05-18 19:04:19,456 - data_loader - INFO -   File 56/153: 2007-06-17.train-a - 1764 messages, 0 total samples so far
2026-05-18 19:04:19,456 - data_loader - INFO - Loading conversation from /home/s4901673/workspace/irc-disentanglement-bert-pytorch/data/train/2007-07-03.train-a.ascii.txt
2026-05-18 19:04:19,458 - data_loader - INFO -   Read 1800 lines from ASCII file
2026-05-18 19:04:19,462 - data_loader - INFO -   Parsed 1800 messages, found 138 unique users
2026-05-18 19:04:19,769 - data_loader - INFO -   Loaded 625 gold links from annotation file
2026-05-18 19:04:19,769 - data_loader - INFO -   Conversation '2007-07-03.train-a' loaded in 0.31s
2026-05-18 19:04:19,770 - data_loader - INFO -   Creating samples for 2007-07-03.train-a: messages 0 to 156 (limited)
2026-05-18 19:04:19,770 - data_loader - INFO -   Created 0 samples for 2007-07-03.train-a
2026-05-18 19:04:19,770 - data_loader - INFO -   File 57/153: 2007-07-03.train-a - 1800 messages, 0 total samples so far
2026-05-18 19:04:19,770 - data_loader - INFO - Loading conversation from /home/s4901673/workspace/irc-disentanglement-bert-pytorch/data/train/2007-08-19.train-a.ascii.txt
2026-05-18 19:04:19,771 - data_loader - INFO -   Read 1708 lines from ASCII file
2026-05-18 19:04:19,776 - data_loader - INFO -   Parsed 1708 messages, found 134 unique users
2026-05-18 19:04:20,066 - data_loader - INFO -   Loaded 581 gold links from annotation file
2026-05-18 19:04:20,066 - data_loader - INFO -   Conversation '2007-08-19.train-a' loaded in 0.30s
2026-05-18 19:04:20,067 - data_loader - INFO -   Creating samples for 2007-08-19.train-a: messages 0 to 156 (limited)
2026-05-18 19:04:20,067 - data_loader - INFO -   Created 0 samples for 2007-08-19.train-a
2026-05-18 19:04:20,067 - data_loader - INFO -   File 58/153: 2007-08-19.train-a - 1708 messages, 0 total samples so far
2026-05-18 19:04:20,067 - data_loader - INFO - Loading conversation from /home/s4901673/workspace/irc-disentanglement-bert-pytorch/data/train/2007-08-22.train-c.ascii.txt
2026-05-18 19:04:20,068 - data_loader - INFO -   Read 1500 lines from ASCII file
2026-05-18 19:04:20,072 - data_loader - INFO -   Parsed 1500 messages, found 96 unique users
2026-05-18 19:04:20,259 - data_loader - INFO -   Loaded 409 gold links from annotation file
2026-05-18 19:04:20,259 - data_loader - INFO -   Conversation '2007-08-22.train-c' loaded in 0.19s
2026-05-18 19:04:20,259 - data_loader - INFO -   Creating samples for 2007-08-22.train-c: messages 0 to 156 (limited)
2026-05-18 19:04:20,259 - data_loader - INFO -   Created 0 samples for 2007-08-22.train-c
2026-05-18 19:04:20,260 - data_loader - INFO -   File 59/153: 2007-08-22.train-c - 1500 messages, 0 total samples so far
2026-05-18 19:04:20,260 - data_loader - INFO - Loading conversation from /home/s4901673/workspace/irc-disentanglement-bert-pytorch/data/train/2007-08-24.train-c.ascii.txt
2026-05-18 19:04:20,261 - data_loader - INFO -   Read 1500 lines from ASCII file
2026-05-18 19:04:20,265 - data_loader - INFO -   Parsed 1500 messages, found 103 unique users
2026-05-18 19:04:20,461 - data_loader - INFO -   Loaded 414 gold links from annotation file
2026-05-18 19:04:20,462 - data_loader - INFO -   Conversation '2007-08-24.train-c' loaded in 0.20s
2026-05-18 19:04:20,462 - data_loader - INFO -   Creating samples for 2007-08-24.train-c: messages 0 to 156 (limited)
2026-05-18 19:04:20,462 - data_loader - INFO -   Created 0 samples for 2007-08-24.train-c
2026-05-18 19:04:20,462 - data_loader - INFO -   File 60/153: 2007-08-24.train-c - 1500 messages, 0 total samples so far
2026-05-18 19:04:20,462 - data_loader - INFO - Loading conversation from /home/s4901673/workspace/irc-disentanglement-bert-pytorch/data/train/2007-09-07.train-a.ascii.txt
2026-05-18 19:04:20,464 - data_loader - INFO -   Read 1759 lines from ASCII file
2026-05-18 19:04:20,468 - data_loader - INFO -   Parsed 1759 messages, found 149 unique users
2026-05-18 19:04:20,794 - data_loader - INFO -   Loaded 591 gold links from annotation file
2026-05-18 19:04:20,794 - data_loader - INFO -   Conversation '2007-09-07.train-a' loaded in 0.33s
2026-05-18 19:04:20,794 - data_loader - INFO -   Creating samples for 2007-09-07.train-a: messages 0 to 156 (limited)
2026-05-18 19:04:20,794 - data_loader - INFO -   Created 0 samples for 2007-09-07.train-a
2026-05-18 19:04:20,794 - data_loader - INFO -   File 61/153: 2007-09-07.train-a - 1759 messages, 0 total samples so far
2026-05-18 19:04:20,795 - data_loader - INFO - Loading conversation from /home/s4901673/workspace/irc-disentanglement-bert-pytorch/data/train/2007-10-24.train-c.ascii.txt
2026-05-18 19:04:20,796 - data_loader - INFO -   Read 1500 lines from ASCII file
2026-05-18 19:04:20,800 - data_loader - INFO -   Parsed 1500 messages, found 206 unique users
2026-05-18 19:04:21,346 - data_loader - INFO -   Loaded 380 gold links from annotation file
2026-05-18 19:04:21,346 - data_loader - INFO -   Conversation '2007-10-24.train-c' loaded in 0.55s
2026-05-18 19:04:21,346 - data_loader - INFO -   Creating samples for 2007-10-24.train-c: messages 0 to 156 (limited)
2026-05-18 19:04:21,346 - data_loader - INFO -   Created 0 samples for 2007-10-24.train-c
2026-05-18 19:04:21,346 - data_loader - INFO -   File 62/153: 2007-10-24.train-c - 1500 messages, 0 total samples so far
2026-05-18 19:04:21,346 - data_loader - INFO - Loading conversation from /home/s4901673/workspace/irc-disentanglement-bert-pytorch/data/train/2007-12-17.train-a.ascii.txt
2026-05-18 19:04:21,348 - data_loader - INFO -   Read 1650 lines from ASCII file
2026-05-18 19:04:21,352 - data_loader - INFO -   Parsed 1650 messages, found 170 unique users
2026-05-18 19:04:21,870 - data_loader - INFO -   Loaded 472 gold links from annotation file
2026-05-18 19:04:21,870 - data_loader - INFO -   Conversation '2007-12-17.train-a' loaded in 0.52s
2026-05-18 19:04:21,870 - data_loader - INFO -   Creating samples for 2007-12-17.train-a: messages 0 to 156 (limited)
2026-05-18 19:04:21,871 - data_loader - INFO -   Created 0 samples for 2007-12-17.train-a
2026-05-18 19:04:21,871 - data_loader - INFO -   File 63/153: 2007-12-17.train-a - 1650 messages, 0 total samples so far
2026-05-18 19:04:21,871 - data_loader - INFO - Loading conversation from /home/s4901673/workspace/irc-disentanglement-bert-pytorch/data/train/2008-01-02.train-c.ascii.txt
2026-05-18 19:04:21,872 - data_loader - INFO -   Read 1500 lines from ASCII file
2026-05-18 19:04:21,876 - data_loader - INFO -   Parsed 1500 messages, found 159 unique users
2026-05-18 19:04:22,276 - data_loader - INFO -   Loaded 342 gold links from annotation file
2026-05-18 19:04:22,276 - data_loader - INFO -   Conversation '2008-01-02.train-c' loaded in 0.41s
2026-05-18 19:04:22,276 - data_loader - INFO -   Creating samples for 2008-01-02.train-c: messages 0 to 156 (limited)
2026-05-18 19:04:22,277 - data_loader - INFO -   Created 0 samples for 2008-01-02.train-c
2026-05-18 19:04:22,277 - data_loader - INFO -   File 64/153: 2008-01-02.train-c - 1500 messages, 0 total samples so far
2026-05-18 19:04:22,277 - data_loader - INFO - Loading conversation from /home/s4901673/workspace/irc-disentanglement-bert-pytorch/data/train/2008-01-03.train-c.ascii.txt
2026-05-18 19:04:22,278 - data_loader - INFO -   Read 1500 lines from ASCII file
2026-05-18 19:04:22,283 - data_loader - INFO -   Parsed 1500 messages, found 180 unique users
2026-05-18 19:04:22,774 - data_loader - INFO -   Loaded 364 gold links from annotation file
2026-05-18 19:04:22,774 - data_loader - INFO -   Conversation '2008-01-03.train-c' loaded in 0.50s
2026-05-18 19:04:22,774 - data_loader - INFO -   Creating samples for 2008-01-03.train-c: messages 0 to 156 (limited)
2026-05-18 19:04:22,774 - data_loader - INFO -   Created 0 samples for 2008-01-03.train-c
2026-05-18 19:04:22,774 - data_loader - INFO -   File 65/153: 2008-01-03.train-c - 1500 messages, 0 total samples so far
2026-05-18 19:04:22,774 - data_loader - INFO - Loading conversation from /home/s4901673/workspace/irc-disentanglement-bert-pytorch/data/train/2008-02-07.train-c.ascii.txt
2026-05-18 19:04:22,776 - data_loader - INFO -   Read 1500 lines from ASCII file
2026-05-18 19:04:22,780 - data_loader - INFO -   Parsed 1500 messages, found 193 unique users
2026-05-18 19:04:23,324 - data_loader - INFO -   Loaded 352 gold links from annotation file
2026-05-18 19:04:23,324 - data_loader - INFO -   Conversation '2008-02-07.train-c' loaded in 0.55s
2026-05-18 19:04:23,324 - data_loader - INFO -   Creating samples for 2008-02-07.train-c: messages 0 to 156 (limited)
2026-05-18 19:04:23,325 - data_loader - INFO -   Created 0 samples for 2008-02-07.train-c
2026-05-18 19:04:23,325 - data_loader - INFO -   File 66/153: 2008-02-07.train-c - 1500 messages, 0 total samples so far
2026-05-18 19:04:23,325 - data_loader - INFO - Loading conversation from /home/s4901673/workspace/irc-disentanglement-bert-pytorch/data/train/2008-02-14.train-c.ascii.txt
2026-05-18 19:04:23,326 - data_loader - INFO -   Read 1500 lines from ASCII file
2026-05-18 19:04:23,330 - data_loader - INFO -   Parsed 1500 messages, found 197 unique users
2026-05-18 19:04:23,869 - data_loader - INFO -   Loaded 365 gold links from annotation file
2026-05-18 19:04:23,870 - data_loader - INFO -   Conversation '2008-02-14.train-c' loaded in 0.54s
2026-05-18 19:04:23,870 - data_loader - INFO -   Creating samples for 2008-02-14.train-c: messages 0 to 156 (limited)
2026-05-18 19:04:23,870 - data_loader - INFO -   Created 0 samples for 2008-02-14.train-c
2026-05-18 19:04:23,870 - data_loader - INFO -   File 67/153: 2008-02-14.train-c - 1500 messages, 0 total samples so far
2026-05-18 19:04:23,870 - data_loader - INFO - Loading conversation from /home/s4901673/workspace/irc-disentanglement-bert-pytorch/data/train/2008-03-01.train-c.ascii.txt
2026-05-18 19:04:23,872 - data_loader - INFO -   Read 1500 lines from ASCII file
2026-05-18 19:04:23,876 - data_loader - INFO -   Parsed 1500 messages, found 127 unique users
2026-05-18 19:04:24,234 - data_loader - INFO -   Loaded 374 gold links from annotation file
2026-05-18 19:04:24,234 - data_loader - INFO -   Conversation '2008-03-01.train-c' loaded in 0.36s
2026-05-18 19:04:24,234 - data_loader - INFO -   Creating samples for 2008-03-01.train-c: messages 0 to 156 (limited)
2026-05-18 19:04:24,235 - data_loader - INFO -   Created 0 samples for 2008-03-01.train-c
2026-05-18 19:04:24,235 - data_loader - INFO -   File 68/153: 2008-03-01.train-c - 1500 messages, 0 total samples so far
2026-05-18 19:04:24,235 - data_loader - INFO - Loading conversation from /home/s4901673/workspace/irc-disentanglement-bert-pytorch/data/train/2008-04-20.train-a.ascii.txt
2026-05-18 19:04:24,236 - data_loader - INFO -   Read 1378 lines from ASCII file
2026-05-18 19:04:24,240 - data_loader - INFO -   Parsed 1378 messages, found 132 unique users
2026-05-18 19:04:24,540 - data_loader - INFO -   Loaded 265 gold links from annotation file
2026-05-18 19:04:24,540 - data_loader - INFO -   Conversation '2008-04-20.train-a' loaded in 0.30s
2026-05-18 19:04:24,540 - data_loader - INFO -   Creating samples for 2008-04-20.train-a: messages 0 to 156 (limited)
2026-05-18 19:04:24,540 - data_loader - INFO -   Created 0 samples for 2008-04-20.train-a
2026-05-18 19:04:24,540 - data_loader - INFO -   File 69/153: 2008-04-20.train-a - 1378 messages, 0 total samples so far
2026-05-18 19:04:24,540 - data_loader - INFO - Loading conversation from /home/s4901673/workspace/irc-disentanglement-bert-pytorch/data/train/2008-04-27.train-a.ascii.txt
2026-05-18 19:04:24,542 - data_loader - INFO -   Read 1979 lines from ASCII file
2026-05-18 19:04:24,547 - data_loader - INFO -   Parsed 1979 messages, found 179 unique users
2026-05-18 19:04:25,171 - data_loader - INFO -   Loaded 755 gold links from annotation file
2026-05-18 19:04:25,171 - data_loader - INFO -   Conversation '2008-04-27.train-a' loaded in 0.63s
2026-05-18 19:04:25,171 - data_loader - INFO -   Creating samples for 2008-04-27.train-a: messages 0 to 156 (limited)
2026-05-18 19:04:25,172 - data_loader - INFO -   Created 0 samples for 2008-04-27.train-a
2026-05-18 19:04:25,172 - data_loader - INFO -   File 70/153: 2008-04-27.train-a - 1979 messages, 0 total samples so far
2026-05-18 19:04:25,172 - data_loader - INFO - Loading conversation from /home/s4901673/workspace/irc-disentanglement-bert-pytorch/data/train/2008-04-30.train-a.ascii.txt
2026-05-18 19:04:25,173 - data_loader - INFO -   Read 1699 lines from ASCII file
2026-05-18 19:04:25,178 - data_loader - INFO -   Parsed 1699 messages, found 172 unique users
2026-05-18 19:04:25,737 - data_loader - INFO -   Loaded 483 gold links from annotation file
2026-05-18 19:04:25,737 - data_loader - INFO -   Conversation '2008-04-30.train-a' loaded in 0.56s
2026-05-18 19:04:25,737 - data_loader - INFO -   Creating samples for 2008-04-30.train-a: messages 0 to 156 (limited)
2026-05-18 19:04:25,737 - data_loader - INFO -   Created 0 samples for 2008-04-30.train-a
2026-05-18 19:04:25,738 - data_loader - INFO -   File 71/153: 2008-04-30.train-a - 1699 messages, 0 total samples so far
2026-05-18 19:04:25,738 - data_loader - INFO - Loading conversation from /home/s4901673/workspace/irc-disentanglement-bert-pytorch/data/train/2008-05-24.train-c.ascii.txt
2026-05-18 19:04:25,739 - data_loader - INFO -   Read 1500 lines from ASCII file
2026-05-18 19:04:25,743 - data_loader - INFO -   Parsed 1500 messages, found 147 unique users
2026-05-18 19:04:26,116 - data_loader - INFO -   Loaded 369 gold links from annotation file
2026-05-18 19:04:26,116 - data_loader - INFO -   Conversation '2008-05-24.train-c' loaded in 0.38s
2026-05-18 19:04:26,116 - data_loader - INFO -   Creating samples for 2008-05-24.train-c: messages 0 to 156 (limited)
2026-05-18 19:04:26,116 - data_loader - INFO -   Created 0 samples for 2008-05-24.train-c
2026-05-18 19:04:26,116 - data_loader - INFO -   File 72/153: 2008-05-24.train-c - 1500 messages, 0 total samples so far
2026-05-18 19:04:26,116 - data_loader - INFO - Loading conversation from /home/s4901673/workspace/irc-disentanglement-bert-pytorch/data/train/2008-06-03.train-a.ascii.txt
2026-05-18 19:04:26,118 - data_loader - INFO -   Read 1436 lines from ASCII file
2026-05-18 19:04:26,122 - data_loader - INFO -   Parsed 1436 messages, found 140 unique users
2026-05-18 19:04:26,497 - data_loader - INFO -   Loaded 310 gold links from annotation file
2026-05-18 19:04:26,497 - data_loader - INFO -   Conversation '2008-06-03.train-a' loaded in 0.38s
2026-05-18 19:04:26,498 - data_loader - INFO -   Creating samples for 2008-06-03.train-a: messages 0 to 156 (limited)
2026-05-18 19:04:26,498 - data_loader - INFO -   Created 0 samples for 2008-06-03.train-a
2026-05-18 19:04:26,498 - data_loader - INFO -   File 73/153: 2008-06-03.train-a - 1436 messages, 0 total samples so far
2026-05-18 19:04:26,498 - data_loader - INFO - Loading conversation from /home/s4901673/workspace/irc-disentanglement-bert-pytorch/data/train/2008-07-03.train-c.ascii.txt
2026-05-18 19:04:26,499 - data_loader - INFO -   Read 1500 lines from ASCII file
2026-05-18 19:04:26,504 - data_loader - INFO -   Parsed 1500 messages, found 154 unique users
2026-05-18 19:04:26,900 - data_loader - INFO -   Loaded 344 gold links from annotation file
2026-05-18 19:04:26,900 - data_loader - INFO -   Conversation '2008-07-03.train-c' loaded in 0.40s
2026-05-18 19:04:26,900 - data_loader - INFO -   Creating samples for 2008-07-03.train-c: messages 0 to 156 (limited)
2026-05-18 19:04:26,901 - data_loader - INFO -   Created 0 samples for 2008-07-03.train-c
2026-05-18 19:04:26,901 - data_loader - INFO -   File 74/153: 2008-07-03.train-c - 1500 messages, 0 total samples so far
2026-05-18 19:04:26,901 - data_loader - INFO - Loading conversation from /home/s4901673/workspace/irc-disentanglement-bert-pytorch/data/train/2008-10-02.train-c.ascii.txt
2026-05-18 19:04:26,902 - data_loader - INFO -   Read 1500 lines from ASCII file
2026-05-18 19:04:27,075 - data_loader - INFO -   Parsed 1500 messages, found 156 unique users
2026-05-18 19:04:27,475 - data_loader - INFO -   Loaded 364 gold links from annotation file
2026-05-18 19:04:27,475 - data_loader - INFO -   Conversation '2008-10-02.train-c' loaded in 0.57s
2026-05-18 19:04:27,475 - data_loader - INFO -   Creating samples for 2008-10-02.train-c: messages 0 to 156 (limited)
2026-05-18 19:04:27,475 - data_loader - INFO -   Created 0 samples for 2008-10-02.train-c
2026-05-18 19:04:27,475 - data_loader - INFO -   File 75/153: 2008-10-02.train-c - 1500 messages, 0 total samples so far
2026-05-18 19:04:27,475 - data_loader - INFO - Loading conversation from /home/s4901673/workspace/irc-disentanglement-bert-pytorch/data/train/2009-01-05.train-a.ascii.txt
2026-05-18 19:04:27,477 - data_loader - INFO -   Read 1312 lines from ASCII file
2026-05-18 19:04:27,481 - data_loader - INFO -   Parsed 1312 messages, found 126 unique users
2026-05-18 19:04:27,773 - data_loader - INFO -   Loaded 211 gold links from annotation file
2026-05-18 19:04:27,773 - data_loader - INFO -   Conversation '2009-01-05.train-a' loaded in 0.30s
2026-05-18 19:04:27,773 - data_loader - INFO -   Creating samples for 2009-01-05.train-a: messages 0 to 156 (limited)
2026-05-18 19:04:27,773 - data_loader - INFO -   Created 0 samples for 2009-01-05.train-a
2026-05-18 19:04:27,774 - data_loader - INFO -   File 76/153: 2009-01-05.train-a - 1312 messages, 0 total samples so far
2026-05-18 19:04:27,774 - data_loader - INFO - Loading conversation from /home/s4901673/workspace/irc-disentanglement-bert-pytorch/data/train/2009-03-25.train-a.ascii.txt
2026-05-18 19:04:27,775 - data_loader - INFO -   Read 1350 lines from ASCII file
2026-05-18 19:04:27,778 - data_loader - INFO -   Parsed 1350 messages, found 163 unique users
2026-05-18 19:04:28,143 - data_loader - INFO -   Loaded 242 gold links from annotation file
2026-05-18 19:04:28,143 - data_loader - INFO -   Conversation '2009-03-25.train-a' loaded in 0.37s
2026-05-18 19:04:28,143 - data_loader - INFO -   Creating samples for 2009-03-25.train-a: messages 0 to 156 (limited)
2026-05-18 19:04:28,143 - data_loader - INFO -   Created 0 samples for 2009-03-25.train-a
2026-05-18 19:04:28,143 - data_loader - INFO -   File 77/153: 2009-03-25.train-a - 1350 messages, 0 total samples so far
2026-05-18 19:04:28,143 - data_loader - INFO - Loading conversation from /home/s4901673/workspace/irc-disentanglement-bert-pytorch/data/train/2009-05-04.train-c.ascii.txt
2026-05-18 19:04:28,145 - data_loader - INFO -   Read 1500 lines from ASCII file
2026-05-18 19:04:28,149 - data_loader - INFO -   Parsed 1500 messages, found 157 unique users
2026-05-18 19:04:28,557 - data_loader - INFO -   Loaded 368 gold links from annotation file
2026-05-18 19:04:28,557 - data_loader - INFO -   Conversation '2009-05-04.train-c' loaded in 0.41s
2026-05-18 19:04:28,557 - data_loader - INFO -   Creating samples for 2009-05-04.train-c: messages 0 to 156 (limited)
2026-05-18 19:04:28,558 - data_loader - INFO -   Created 0 samples for 2009-05-04.train-c
2026-05-18 19:04:28,558 - data_loader - INFO -   File 78/153: 2009-05-04.train-c - 1500 messages, 0 total samples so far
2026-05-18 19:04:28,558 - data_loader - INFO - Loading conversation from /home/s4901673/workspace/irc-disentanglement-bert-pytorch/data/train/2009-05-08.train-c.ascii.txt
2026-05-18 19:04:28,559 - data_loader - INFO -   Read 1500 lines from ASCII file
2026-05-18 19:04:28,563 - data_loader - INFO -   Parsed 1500 messages, found 154 unique users
2026-05-18 19:04:28,986 - data_loader - INFO -   Loaded 339 gold links from annotation file
2026-05-18 19:04:28,986 - data_loader - INFO -   Conversation '2009-05-08.train-c' loaded in 0.43s
2026-05-18 19:04:28,986 - data_loader - INFO -   Creating samples for 2009-05-08.train-c: messages 0 to 156 (limited)
2026-05-18 19:04:28,987 - data_loader - INFO -   Created 0 samples for 2009-05-08.train-c
2026-05-18 19:04:28,987 - data_loader - INFO -   File 79/153: 2009-05-08.train-c - 1500 messages, 0 total samples so far
2026-05-18 19:04:28,987 - data_loader - INFO - Loading conversation from /home/s4901673/workspace/irc-disentanglement-bert-pytorch/data/train/2009-07-02.train-c.ascii.txt
2026-05-18 19:04:28,988 - data_loader - INFO -   Read 1500 lines from ASCII file
2026-05-18 19:04:28,992 - data_loader - INFO -   Parsed 1500 messages, found 156 unique users
2026-05-18 19:04:29,433 - data_loader - INFO -   Loaded 376 gold links from annotation file
2026-05-18 19:04:29,433 - data_loader - INFO -   Conversation '2009-07-02.train-c' loaded in 0.45s
2026-05-18 19:04:29,434 - data_loader - INFO -   Creating samples for 2009-07-02.train-c: messages 0 to 156 (limited)
2026-05-18 19:04:29,434 - data_loader - INFO -   Created 0 samples for 2009-07-02.train-c
2026-05-18 19:04:29,434 - data_loader - INFO -   File 80/153: 2009-07-02.train-c - 1500 messages, 0 total samples so far
2026-05-18 19:04:29,434 - data_loader - INFO - Loading conversation from /home/s4901673/workspace/irc-disentanglement-bert-pytorch/data/train/2009-11-13.train-c.ascii.txt
2026-05-18 19:04:29,435 - data_loader - INFO -   Read 1500 lines from ASCII file
2026-05-18 19:04:29,439 - data_loader - INFO -   Parsed 1500 messages, found 182 unique users
2026-05-18 19:04:29,883 - data_loader - INFO -   Loaded 349 gold links from annotation file
2026-05-18 19:04:29,883 - data_loader - INFO -   Conversation '2009-11-13.train-c' loaded in 0.45s
2026-05-18 19:04:29,883 - data_loader - INFO -   Creating samples for 2009-11-13.train-c: messages 0 to 156 (limited)
2026-05-18 19:04:29,884 - data_loader - INFO -   Created 0 samples for 2009-11-13.train-c
2026-05-18 19:04:29,884 - data_loader - INFO -   File 81/153: 2009-11-13.train-c - 1500 messages, 0 total samples so far
2026-05-18 19:04:29,884 - data_loader - INFO - Loading conversation from /home/s4901673/workspace/irc-disentanglement-bert-pytorch/data/train/2009-12-05.train-c.ascii.txt
2026-05-18 19:04:29,885 - data_loader - INFO -   Read 1500 lines from ASCII file
2026-05-18 19:04:29,889 - data_loader - INFO -   Parsed 1500 messages, found 169 unique users
2026-05-18 19:04:30,326 - data_loader - INFO -   Loaded 355 gold links from annotation file
2026-05-18 19:04:30,326 - data_loader - INFO -   Conversation '2009-12-05.train-c' loaded in 0.44s
2026-05-18 19:04:30,326 - data_loader - INFO -   Creating samples for 2009-12-05.train-c: messages 0 to 156 (limited)
2026-05-18 19:04:30,327 - data_loader - INFO -   Created 0 samples for 2009-12-05.train-c
2026-05-18 19:04:30,327 - data_loader - INFO -   File 82/153: 2009-12-05.train-c - 1500 messages, 0 total samples so far
2026-05-18 19:04:30,327 - data_loader - INFO - Loading conversation from /home/s4901673/workspace/irc-disentanglement-bert-pytorch/data/train/2010-01-04.train-c.ascii.txt
2026-05-18 19:04:30,328 - data_loader - INFO -   Read 1500 lines from ASCII file
2026-05-18 19:04:30,332 - data_loader - INFO -   Parsed 1500 messages, found 191 unique users
2026-05-18 19:04:30,841 - data_loader - INFO -   Loaded 354 gold links from annotation file
2026-05-18 19:04:30,841 - data_loader - INFO -   Conversation '2010-01-04.train-c' loaded in 0.51s
2026-05-18 19:04:30,841 - data_loader - INFO -   Creating samples for 2010-01-04.train-c: messages 0 to 156 (limited)
2026-05-18 19:04:30,841 - data_loader - INFO -   Created 0 samples for 2010-01-04.train-c
2026-05-18 19:04:30,842 - data_loader - INFO -   File 83/153: 2010-01-04.train-c - 1500 messages, 0 total samples so far
2026-05-18 19:04:30,842 - data_loader - INFO - Loading conversation from /home/s4901673/workspace/irc-disentanglement-bert-pytorch/data/train/2010-02-13.train-a.ascii.txt
2026-05-18 19:04:30,843 - data_loader - INFO -   Read 1318 lines from ASCII file
2026-05-18 19:04:30,847 - data_loader - INFO -   Parsed 1318 messages, found 141 unique users
2026-05-18 19:04:31,168 - data_loader - INFO -   Loaded 218 gold links from annotation file
2026-05-18 19:04:31,168 - data_loader - INFO -   Conversation '2010-02-13.train-a' loaded in 0.33s
2026-05-18 19:04:31,169 - data_loader - INFO -   Creating samples for 2010-02-13.train-a: messages 0 to 156 (limited)
2026-05-18 19:04:31,169 - data_loader - INFO -   Created 0 samples for 2010-02-13.train-a
2026-05-18 19:04:31,169 - data_loader - INFO -   File 84/153: 2010-02-13.train-a - 1318 messages, 0 total samples so far
2026-05-18 19:04:31,169 - data_loader - INFO - Loading conversation from /home/s4901673/workspace/irc-disentanglement-bert-pytorch/data/train/2010-03-08.train-c.ascii.txt
2026-05-18 19:04:31,170 - data_loader - INFO -   Read 1500 lines from ASCII file
2026-05-18 19:04:31,174 - data_loader - INFO -   Parsed 1500 messages, found 237 unique users
2026-05-18 19:04:31,815 - data_loader - INFO -   Loaded 363 gold links from annotation file
2026-05-18 19:04:31,816 - data_loader - INFO -   Conversation '2010-03-08.train-c' loaded in 0.65s
2026-05-18 19:04:31,816 - data_loader - INFO -   Creating samples for 2010-03-08.train-c: messages 0 to 156 (limited)
2026-05-18 19:04:31,816 - data_loader - INFO -   Created 0 samples for 2010-03-08.train-c
2026-05-18 19:04:31,816 - data_loader - INFO -   File 85/153: 2010-03-08.train-c - 1500 messages, 0 total samples so far
2026-05-18 19:04:31,816 - data_loader - INFO - Loading conversation from /home/s4901673/workspace/irc-disentanglement-bert-pytorch/data/train/2010-03-20.train-c.ascii.txt
2026-05-18 19:04:31,817 - data_loader - INFO -   Read 1500 lines from ASCII file
2026-05-18 19:04:31,822 - data_loader - INFO -   Parsed 1500 messages, found 177 unique users
2026-05-18 19:04:32,309 - data_loader - INFO -   Loaded 375 gold links from annotation file
2026-05-18 19:04:32,309 - data_loader - INFO -   Conversation '2010-03-20.train-c' loaded in 0.49s
2026-05-18 19:04:32,309 - data_loader - INFO -   Creating samples for 2010-03-20.train-c: messages 0 to 156 (limited)
2026-05-18 19:04:32,310 - data_loader - INFO -   Created 0 samples for 2010-03-20.train-c
2026-05-18 19:04:32,310 - data_loader - INFO -   File 86/153: 2010-03-20.train-c - 1500 messages, 0 total samples so far
2026-05-18 19:04:32,310 - data_loader - INFO - Loading conversation from /home/s4901673/workspace/irc-disentanglement-bert-pytorch/data/train/2010-04-12.train-c.ascii.txt
2026-05-18 19:04:32,311 - data_loader - INFO -   Read 1500 lines from ASCII file
2026-05-18 19:04:32,315 - data_loader - INFO -   Parsed 1500 messages, found 162 unique users
2026-05-18 19:04:32,721 - data_loader - INFO -   Loaded 344 gold links from annotation file
2026-05-18 19:04:32,721 - data_loader - INFO -   Conversation '2010-04-12.train-c' loaded in 0.41s
2026-05-18 19:04:32,721 - data_loader - INFO -   Creating samples for 2010-04-12.train-c: messages 0 to 156 (limited)
2026-05-18 19:04:32,721 - data_loader - INFO -   Created 0 samples for 2010-04-12.train-c
2026-05-18 19:04:32,721 - data_loader - INFO -   File 87/153: 2010-04-12.train-c - 1500 messages, 0 total samples so far
2026-05-18 19:04:32,722 - data_loader - INFO - Loading conversation from /home/s4901673/workspace/irc-disentanglement-bert-pytorch/data/train/2010-05-30.train-c.ascii.txt
2026-05-18 19:04:32,723 - data_loader - INFO -   Read 1500 lines from ASCII file
2026-05-18 19:04:32,727 - data_loader - INFO -   Parsed 1500 messages, found 196 unique users
2026-05-18 19:04:33,259 - data_loader - INFO -   Loaded 345 gold links from annotation file
2026-05-18 19:04:33,259 - data_loader - INFO -   Conversation '2010-05-30.train-c' loaded in 0.54s
2026-05-18 19:04:33,259 - data_loader - INFO -   Creating samples for 2010-05-30.train-c: messages 0 to 156 (limited)
2026-05-18 19:04:33,260 - data_loader - INFO -   Created 0 samples for 2010-05-30.train-c
2026-05-18 19:04:33,260 - data_loader - INFO -   File 88/153: 2010-05-30.train-c - 1500 messages, 0 total samples so far
2026-05-18 19:04:33,260 - data_loader - INFO - Loading conversation from /home/s4901673/workspace/irc-disentanglement-bert-pytorch/data/train/2010-06-21.train-c.ascii.txt
2026-05-18 19:04:33,261 - data_loader - INFO -   Read 1500 lines from ASCII file
2026-05-18 19:04:33,265 - data_loader - INFO -   Parsed 1500 messages, found 120 unique users
2026-05-18 19:04:33,583 - data_loader - INFO -   Loaded 356 gold links from annotation file
2026-05-18 19:04:33,584 - data_loader - INFO -   Conversation '2010-06-21.train-c' loaded in 0.32s
2026-05-18 19:04:33,584 - data_loader - INFO -   Creating samples for 2010-06-21.train-c: messages 0 to 156 (limited)
2026-05-18 19:04:33,585 - data_loader - INFO -   Created 0 samples for 2010-06-21.train-c
2026-05-18 19:04:33,585 - data_loader - INFO -   File 89/153: 2010-06-21.train-c - 1500 messages, 0 total samples so far
2026-05-18 19:04:33,585 - data_loader - INFO - Loading conversation from /home/s4901673/workspace/irc-disentanglement-bert-pytorch/data/train/2010-08-05.train-a.ascii.txt
2026-05-18 19:04:33,586 - data_loader - INFO -   Read 1279 lines from ASCII file
2026-05-18 19:04:33,590 - data_loader - INFO -   Parsed 1279 messages, found 152 unique users
2026-05-18 19:04:33,946 - data_loader - INFO -   Loaded 227 gold links from annotation file
2026-05-18 19:04:33,946 - data_loader - INFO -   Conversation '2010-08-05.train-a' loaded in 0.36s
2026-05-18 19:04:33,946 - data_loader - INFO -   Creating samples for 2010-08-05.train-a: messages 0 to 156 (limited)
2026-05-18 19:04:33,947 - data_loader - INFO -   Created 0 samples for 2010-08-05.train-a
2026-05-18 19:04:33,947 - data_loader - INFO -   File 90/153: 2010-08-05.train-a - 1279 messages, 0 total samples so far
2026-05-18 19:04:33,947 - data_loader - INFO - Loading conversation from /home/s4901673/workspace/irc-disentanglement-bert-pytorch/data/train/2010-08-15.train-c.ascii.txt
2026-05-18 19:04:33,948 - data_loader - INFO -   Read 1500 lines from ASCII file
2026-05-18 19:04:33,953 - data_loader - INFO -   Parsed 1500 messages, found 139 unique users
2026-05-18 19:04:34,331 - data_loader - INFO -   Loaded 346 gold links from annotation file
2026-05-18 19:04:34,331 - data_loader - INFO -   Conversation '2010-08-15.train-c' loaded in 0.38s
2026-05-18 19:04:34,331 - data_loader - INFO -   Creating samples for 2010-08-15.train-c: messages 0 to 156 (limited)
2026-05-18 19:04:34,331 - data_loader - INFO -   Created 0 samples for 2010-08-15.train-c
2026-05-18 19:04:34,331 - data_loader - INFO -   File 91/153: 2010-08-15.train-c - 1500 messages, 0 total samples so far
2026-05-18 19:04:34,331 - data_loader - INFO - Loading conversation from /home/s4901673/workspace/irc-disentanglement-bert-pytorch/data/train/2010-08-29.train-a.ascii.txt
2026-05-18 19:04:34,333 - data_loader - INFO -   Read 1428 lines from ASCII file
2026-05-18 19:04:34,337 - data_loader - INFO -   Parsed 1428 messages, found 171 unique users
2026-05-18 19:04:34,788 - data_loader - INFO -   Loaded 329 gold links from annotation file
2026-05-18 19:04:34,788 - data_loader - INFO -   Conversation '2010-08-29.train-a' loaded in 0.46s
2026-05-18 19:04:34,788 - data_loader - INFO -   Creating samples for 2010-08-29.train-a: messages 0 to 156 (limited)
2026-05-18 19:04:34,788 - data_loader - INFO -   Created 0 samples for 2010-08-29.train-a
2026-05-18 19:04:34,788 - data_loader - INFO -   File 92/153: 2010-08-29.train-a - 1428 messages, 0 total samples so far
2026-05-18 19:04:34,788 - data_loader - INFO - Loading conversation from /home/s4901673/workspace/irc-disentanglement-bert-pytorch/data/train/2010-10-17.train-c.ascii.txt
2026-05-18 19:04:34,790 - data_loader - INFO -   Read 1500 lines from ASCII file
2026-05-18 19:04:34,794 - data_loader - INFO -   Parsed 1500 messages, found 119 unique users
2026-05-18 19:04:35,126 - data_loader - INFO -   Loaded 350 gold links from annotation file
2026-05-18 19:04:35,126 - data_loader - INFO -   Conversation '2010-10-17.train-c' loaded in 0.34s
2026-05-18 19:04:35,126 - data_loader - INFO -   Creating samples for 2010-10-17.train-c: messages 0 to 156 (limited)
2026-05-18 19:04:35,127 - data_loader - INFO -   Created 0 samples for 2010-10-17.train-c
2026-05-18 19:04:35,127 - data_loader - INFO -   File 93/153: 2010-10-17.train-c - 1500 messages, 0 total samples so far
2026-05-18 19:04:35,127 - data_loader - INFO - Loading conversation from /home/s4901673/workspace/irc-disentanglement-bert-pytorch/data/train/2010-10-27.train-c.ascii.txt
2026-05-18 19:04:35,128 - data_loader - INFO -   Read 1500 lines from ASCII file
2026-05-18 19:04:35,132 - data_loader - INFO -   Parsed 1500 messages, found 171 unique users
2026-05-18 19:04:35,597 - data_loader - INFO -   Loaded 359 gold links from annotation file
2026-05-18 19:04:35,597 - data_loader - INFO -   Conversation '2010-10-27.train-c' loaded in 0.47s
2026-05-18 19:04:35,597 - data_loader - INFO -   Creating samples for 2010-10-27.train-c: messages 0 to 156 (limited)
2026-05-18 19:04:35,597 - data_loader - INFO -   Created 0 samples for 2010-10-27.train-c
2026-05-18 19:04:35,597 - data_loader - INFO -   File 94/153: 2010-10-27.train-c - 1500 messages, 0 total samples so far
2026-05-18 19:04:35,598 - data_loader - INFO - Loading conversation from /home/s4901673/workspace/irc-disentanglement-bert-pytorch/data/train/2011-02-13.train-c.ascii.txt
2026-05-18 19:04:35,599 - data_loader - INFO -   Read 1500 lines from ASCII file
2026-05-18 19:04:35,603 - data_loader - INFO -   Parsed 1500 messages, found 124 unique users
2026-05-18 19:04:35,917 - data_loader - INFO -   Loaded 340 gold links from annotation file
2026-05-18 19:04:35,917 - data_loader - INFO -   Conversation '2011-02-13.train-c' loaded in 0.32s
2026-05-18 19:04:35,917 - data_loader - INFO -   Creating samples for 2011-02-13.train-c: messages 0 to 156 (limited)
2026-05-18 19:04:35,917 - data_loader - INFO -   Created 0 samples for 2011-02-13.train-c
2026-05-18 19:04:35,918 - data_loader - INFO -   File 95/153: 2011-02-13.train-c - 1500 messages, 0 total samples so far
2026-05-18 19:04:35,918 - data_loader - INFO - Loading conversation from /home/s4901673/workspace/irc-disentanglement-bert-pytorch/data/train/2011-02-23.train-c.ascii.txt
2026-05-18 19:04:35,919 - data_loader - INFO -   Read 1500 lines from ASCII file
2026-05-18 19:04:35,923 - data_loader - INFO -   Parsed 1500 messages, found 199 unique users
2026-05-18 19:04:36,440 - data_loader - INFO -   Loaded 365 gold links from annotation file
2026-05-18 19:04:36,440 - data_loader - INFO -   Conversation '2011-02-23.train-c' loaded in 0.52s
2026-05-18 19:04:36,440 - data_loader - INFO -   Creating samples for 2011-02-23.train-c: messages 0 to 156 (limited)
2026-05-18 19:04:36,441 - data_loader - INFO -   Created 0 samples for 2011-02-23.train-c
2026-05-18 19:04:36,441 - data_loader - INFO -   File 96/153: 2011-02-23.train-c - 1500 messages, 0 total samples so far
2026-05-18 19:04:36,441 - data_loader - INFO - Loading conversation from /home/s4901673/workspace/irc-disentanglement-bert-pytorch/data/train/2011-03-18.train-c.ascii.txt
2026-05-18 19:04:36,442 - data_loader - INFO -   Read 1500 lines from ASCII file
2026-05-18 19:04:36,447 - data_loader - INFO -   Parsed 1500 messages, found 161 unique users
2026-05-18 19:04:36,854 - data_loader - INFO -   Loaded 369 gold links from annotation file
2026-05-18 19:04:36,854 - data_loader - INFO -   Conversation '2011-03-18.train-c' loaded in 0.41s
2026-05-18 19:04:36,854 - data_loader - INFO -   Creating samples for 2011-03-18.train-c: messages 0 to 156 (limited)
2026-05-18 19:04:36,854 - data_loader - INFO -   Created 0 samples for 2011-03-18.train-c
2026-05-18 19:04:36,854 - data_loader - INFO -   File 97/153: 2011-03-18.train-c - 1500 messages, 0 total samples so far
2026-05-18 19:04:36,855 - data_loader - INFO - Loading conversation from /home/s4901673/workspace/irc-disentanglement-bert-pytorch/data/train/2011-04-14.train-c.ascii.txt
2026-05-18 19:04:36,856 - data_loader - INFO -   Read 1500 lines from ASCII file
2026-05-18 19:04:36,860 - data_loader - INFO -   Parsed 1500 messages, found 129 unique users
2026-05-18 19:04:37,193 - data_loader - INFO -   Loaded 363 gold links from annotation file
2026-05-18 19:04:37,193 - data_loader - INFO -   Conversation '2011-04-14.train-c' loaded in 0.34s
2026-05-18 19:04:37,193 - data_loader - INFO -   Creating samples for 2011-04-14.train-c: messages 0 to 156 (limited)
2026-05-18 19:04:37,193 - data_loader - INFO -   Created 0 samples for 2011-04-14.train-c
2026-05-18 19:04:37,193 - data_loader - INFO -   File 98/153: 2011-04-14.train-c - 1500 messages, 0 total samples so far
2026-05-18 19:04:37,194 - data_loader - INFO - Loading conversation from /home/s4901673/workspace/irc-disentanglement-bert-pytorch/data/train/2011-04-17.train-c.ascii.txt
2026-05-18 19:04:37,195 - data_loader - INFO -   Read 1500 lines from ASCII file
2026-05-18 19:04:37,199 - data_loader - INFO -   Parsed 1500 messages, found 141 unique users
2026-05-18 19:04:37,574 - data_loader - INFO -   Loaded 361 gold links from annotation file
2026-05-18 19:04:37,574 - data_loader - INFO -   Conversation '2011-04-17.train-c' loaded in 0.38s
2026-05-18 19:04:37,574 - data_loader - INFO -   Creating samples for 2011-04-17.train-c: messages 0 to 156 (limited)
2026-05-18 19:04:37,574 - data_loader - INFO -   Created 0 samples for 2011-04-17.train-c
2026-05-18 19:04:37,574 - data_loader - INFO -   File 99/153: 2011-04-17.train-c - 1500 messages, 0 total samples so far
2026-05-18 19:04:37,575 - data_loader - INFO - Loading conversation from /home/s4901673/workspace/irc-disentanglement-bert-pytorch/data/train/2011-04-28.train-a.ascii.txt
2026-05-18 19:04:37,576 - data_loader - INFO -   Read 1411 lines from ASCII file
2026-05-18 19:04:37,580 - data_loader - INFO -   Parsed 1411 messages, found 168 unique users
2026-05-18 19:04:37,971 - data_loader - INFO -   Loaded 270 gold links from annotation file
2026-05-18 19:04:37,972 - data_loader - INFO -   Conversation '2011-04-28.train-a' loaded in 0.40s
2026-05-18 19:04:37,972 - data_loader - INFO -   Creating samples for 2011-04-28.train-a: messages 0 to 156 (limited)
2026-05-18 19:04:37,972 - data_loader - INFO -   Created 0 samples for 2011-04-28.train-a
2026-05-18 19:04:37,972 - data_loader - INFO -   File 100/153: 2011-04-28.train-a - 1411 messages, 0 total samples so far
2026-05-18 19:04:37,972 - data_loader - INFO - Loading conversation from /home/s4901673/workspace/irc-disentanglement-bert-pytorch/data/train/2011-08-17.train-a.ascii.txt
2026-05-18 19:04:37,974 - data_loader - INFO -   Read 1137 lines from ASCII file
2026-05-18 19:04:37,977 - data_loader - INFO -   Parsed 1137 messages, found 119 unique users
2026-05-18 19:04:38,215 - data_loader - INFO -   Loaded 90 gold links from annotation file
2026-05-18 19:04:38,215 - data_loader - INFO -   Conversation '2011-08-17.train-a' loaded in 0.24s
2026-05-18 19:04:38,215 - data_loader - INFO -   Creating samples for 2011-08-17.train-a: messages 0 to 156 (limited)
2026-05-18 19:04:38,216 - data_loader - INFO -   Created 0 samples for 2011-08-17.train-a
2026-05-18 19:04:38,216 - data_loader - INFO -   File 101/153: 2011-08-17.train-a - 1137 messages, 0 total samples so far
2026-05-18 19:04:38,216 - data_loader - INFO - Loading conversation from /home/s4901673/workspace/irc-disentanglement-bert-pytorch/data/train/2011-08-22.train-c.ascii.txt
2026-05-18 19:04:38,217 - data_loader - INFO -   Read 1500 lines from ASCII file
2026-05-18 19:04:38,221 - data_loader - INFO -   Parsed 1500 messages, found 158 unique users
2026-05-18 19:04:38,636 - data_loader - INFO -   Loaded 349 gold links from annotation file
2026-05-18 19:04:38,636 - data_loader - INFO -   Conversation '2011-08-22.train-c' loaded in 0.42s
2026-05-18 19:04:38,636 - data_loader - INFO -   Creating samples for 2011-08-22.train-c: messages 0 to 156 (limited)
2026-05-18 19:04:38,636 - data_loader - INFO -   Created 0 samples for 2011-08-22.train-c
2026-05-18 19:04:38,636 - data_loader - INFO -   File 102/153: 2011-08-22.train-c - 1500 messages, 0 total samples so far
2026-05-18 19:04:38,636 - data_loader - INFO - Loading conversation from /home/s4901673/workspace/irc-disentanglement-bert-pytorch/data/train/2011-11-24.train-c.ascii.txt
2026-05-18 19:04:38,638 - data_loader - INFO -   Read 1500 lines from ASCII file
2026-05-18 19:04:38,642 - data_loader - INFO -   Parsed 1500 messages, found 161 unique users
2026-05-18 19:04:39,049 - data_loader - INFO -   Loaded 361 gold links from annotation file
2026-05-18 19:04:39,049 - data_loader - INFO -   Conversation '2011-11-24.train-c' loaded in 0.41s
2026-05-18 19:04:39,049 - data_loader - INFO -   Creating samples for 2011-11-24.train-c: messages 0 to 156 (limited)
2026-05-18 19:04:39,050 - data_loader - INFO -   Created 0 samples for 2011-11-24.train-c
2026-05-18 19:04:39,050 - data_loader - INFO -   File 103/153: 2011-11-24.train-c - 1500 messages, 0 total samples so far
2026-05-18 19:04:39,050 - data_loader - INFO - Loading conversation from /home/s4901673/workspace/irc-disentanglement-bert-pytorch/data/train/2011-12-07.train-c.ascii.txt
2026-05-18 19:04:39,051 - data_loader - INFO -   Read 1500 lines from ASCII file
2026-05-18 19:04:39,055 - data_loader - INFO -   Parsed 1500 messages, found 142 unique users
2026-05-18 19:04:39,407 - data_loader - INFO -   Loaded 369 gold links from annotation file
2026-05-18 19:04:39,407 - data_loader - INFO -   Conversation '2011-12-07.train-c' loaded in 0.36s
2026-05-18 19:04:39,407 - data_loader - INFO -   Creating samples for 2011-12-07.train-c: messages 0 to 156 (limited)
2026-05-18 19:04:39,408 - data_loader - INFO -   Created 0 samples for 2011-12-07.train-c
2026-05-18 19:04:39,408 - data_loader - INFO -   File 104/153: 2011-12-07.train-c - 1500 messages, 0 total samples so far
2026-05-18 19:04:39,408 - data_loader - INFO - Loading conversation from /home/s4901673/workspace/irc-disentanglement-bert-pytorch/data/train/2012-02-03.train-a.ascii.txt
2026-05-18 19:04:39,409 - data_loader - INFO -   Read 1242 lines from ASCII file
2026-05-18 19:04:39,412 - data_loader - INFO -   Parsed 1242 messages, found 153 unique users
2026-05-18 19:04:39,761 - data_loader - INFO -   Loaded 167 gold links from annotation file
2026-05-18 19:04:39,761 - data_loader - INFO -   Conversation '2012-02-03.train-a' loaded in 0.35s
2026-05-18 19:04:39,762 - data_loader - INFO -   Creating samples for 2012-02-03.train-a: messages 0 to 156 (limited)
2026-05-18 19:04:39,762 - data_loader - INFO -   Created 0 samples for 2012-02-03.train-a
2026-05-18 19:04:39,762 - data_loader - INFO -   File 105/153: 2012-02-03.train-a - 1242 messages, 0 total samples so far
2026-05-18 19:04:39,762 - data_loader - INFO - Loading conversation from /home/s4901673/workspace/irc-disentanglement-bert-pytorch/data/train/2012-03-24.train-c.ascii.txt
2026-05-18 19:04:39,764 - data_loader - INFO -   Read 1500 lines from ASCII file
2026-05-18 19:04:39,768 - data_loader - INFO -   Parsed 1500 messages, found 163 unique users
2026-05-18 19:04:40,205 - data_loader - INFO -   Loaded 342 gold links from annotation file
2026-05-18 19:04:40,205 - data_loader - INFO -   Conversation '2012-03-24.train-c' loaded in 0.44s
2026-05-18 19:04:40,205 - data_loader - INFO -   Creating samples for 2012-03-24.train-c: messages 0 to 156 (limited)
2026-05-18 19:04:40,205 - data_loader - INFO -   Created 0 samples for 2012-03-24.train-c
2026-05-18 19:04:40,206 - data_loader - INFO -   File 106/153: 2012-03-24.train-c - 1500 messages, 0 total samples so far
2026-05-18 19:04:40,206 - data_loader - INFO - Loading conversation from /home/s4901673/workspace/irc-disentanglement-bert-pytorch/data/train/2012-05-04.train-a.ascii.txt
2026-05-18 19:04:40,207 - data_loader - INFO -   Read 1211 lines from ASCII file
2026-05-18 19:04:40,210 - data_loader - INFO -   Parsed 1211 messages, found 136 unique users
2026-05-18 19:04:40,505 - data_loader - INFO -   Loaded 154 gold links from annotation file
2026-05-18 19:04:40,505 - data_loader - INFO -   Conversation '2012-05-04.train-a' loaded in 0.30s
2026-05-18 19:04:40,505 - data_loader - INFO -   Creating samples for 2012-05-04.train-a: messages 0 to 156 (limited)
2026-05-18 19:04:40,506 - data_loader - INFO -   Created 0 samples for 2012-05-04.train-a
2026-05-18 19:04:40,506 - data_loader - INFO -   File 107/153: 2012-05-04.train-a - 1211 messages, 0 total samples so far
2026-05-18 19:04:40,506 - data_loader - INFO - Loading conversation from /home/s4901673/workspace/irc-disentanglement-bert-pytorch/data/train/2012-05-20.train-a.ascii.txt
2026-05-18 19:04:40,507 - data_loader - INFO -   Read 1365 lines from ASCII file
2026-05-18 19:04:40,511 - data_loader - INFO -   Parsed 1365 messages, found 131 unique users
2026-05-18 19:04:40,851 - data_loader - INFO -   Loaded 288 gold links from annotation file
2026-05-18 19:04:40,851 - data_loader - INFO -   Conversation '2012-05-20.train-a' loaded in 0.34s
2026-05-18 19:04:40,851 - data_loader - INFO -   Creating samples for 2012-05-20.train-a: messages 0 to 156 (limited)
2026-05-18 19:04:40,851 - data_loader - INFO -   Created 0 samples for 2012-05-20.train-a
2026-05-18 19:04:40,851 - data_loader - INFO -   File 108/153: 2012-05-20.train-a - 1365 messages, 0 total samples so far
2026-05-18 19:04:40,851 - data_loader - INFO - Loading conversation from /home/s4901673/workspace/irc-disentanglement-bert-pytorch/data/train/2012-06-02.train-a.ascii.txt
2026-05-18 19:04:40,853 - data_loader - INFO -   Read 1141 lines from ASCII file
2026-05-18 19:04:40,856 - data_loader - INFO -   Parsed 1141 messages, found 169 unique users
2026-05-18 19:04:41,187 - data_loader - INFO -   Loaded 115 gold links from annotation file
2026-05-18 19:04:41,187 - data_loader - INFO -   Conversation '2012-06-02.train-a' loaded in 0.34s
2026-05-18 19:04:41,188 - data_loader - INFO -   Creating samples for 2012-06-02.train-a: messages 0 to 156 (limited)
2026-05-18 19:04:41,188 - data_loader - INFO -   Created 0 samples for 2012-06-02.train-a
2026-05-18 19:04:41,188 - data_loader - INFO -   File 109/153: 2012-06-02.train-a - 1141 messages, 0 total samples so far
2026-05-18 19:04:41,188 - data_loader - INFO - Loading conversation from /home/s4901673/workspace/irc-disentanglement-bert-pytorch/data/train/2012-06-20.train-c.ascii.txt
2026-05-18 19:04:41,189 - data_loader - INFO -   Read 1500 lines from ASCII file
2026-05-18 19:04:41,194 - data_loader - INFO -   Parsed 1500 messages, found 147 unique users
2026-05-18 19:04:41,593 - data_loader - INFO -   Loaded 372 gold links from annotation file
2026-05-18 19:04:41,593 - data_loader - INFO -   Conversation '2012-06-20.train-c' loaded in 0.41s
2026-05-18 19:04:41,593 - data_loader - INFO -   Creating samples for 2012-06-20.train-c: messages 0 to 156 (limited)
2026-05-18 19:04:41,594 - data_loader - INFO -   Created 0 samples for 2012-06-20.train-c
2026-05-18 19:04:41,594 - data_loader - INFO -   File 110/153: 2012-06-20.train-c - 1500 messages, 0 total samples so far
2026-05-18 19:04:41,594 - data_loader - INFO - Loading conversation from /home/s4901673/workspace/irc-disentanglement-bert-pytorch/data/train/2012-11-24.train-a.ascii.txt
2026-05-18 19:04:41,595 - data_loader - INFO -   Read 1216 lines from ASCII file
2026-05-18 19:04:41,598 - data_loader - INFO -   Parsed 1216 messages, found 125 unique users
2026-05-18 19:04:41,865 - data_loader - INFO -   Loaded 154 gold links from annotation file
2026-05-18 19:04:41,865 - data_loader - INFO -   Conversation '2012-11-24.train-a' loaded in 0.27s
2026-05-18 19:04:41,865 - data_loader - INFO -   Creating samples for 2012-11-24.train-a: messages 0 to 156 (limited)
2026-05-18 19:04:41,866 - data_loader - INFO -   Created 0 samples for 2012-11-24.train-a
2026-05-18 19:04:41,866 - data_loader - INFO -   File 111/153: 2012-11-24.train-a - 1216 messages, 0 total samples so far
2026-05-18 19:04:41,866 - data_loader - INFO - Loading conversation from /home/s4901673/workspace/irc-disentanglement-bert-pytorch/data/train/2012-11-30.train-a.ascii.txt
2026-05-18 19:04:41,867 - data_loader - INFO -   Read 1284 lines from ASCII file
2026-05-18 19:04:42,143 - data_loader - INFO -   Parsed 1284 messages, found 133 unique users
2026-05-18 19:04:42,434 - data_loader - INFO -   Loaded 207 gold links from annotation file
2026-05-18 19:04:42,434 - data_loader - INFO -   Conversation '2012-11-30.train-a' loaded in 0.57s
2026-05-18 19:04:42,434 - data_loader - INFO -   Creating samples for 2012-11-30.train-a: messages 0 to 156 (limited)
2026-05-18 19:04:42,435 - data_loader - INFO -   Created 0 samples for 2012-11-30.train-a
2026-05-18 19:04:42,435 - data_loader - INFO -   File 112/153: 2012-11-30.train-a - 1284 messages, 0 total samples so far
2026-05-18 19:04:42,435 - data_loader - INFO - Loading conversation from /home/s4901673/workspace/irc-disentanglement-bert-pytorch/data/train/2012-12-15.train-a.ascii.txt
2026-05-18 19:04:42,436 - data_loader - INFO -   Read 1175 lines from ASCII file
2026-05-18 19:04:42,439 - data_loader - INFO -   Parsed 1175 messages, found 137 unique users
2026-05-18 19:04:42,734 - data_loader - INFO -   Loaded 127 gold links from annotation file
2026-05-18 19:04:42,734 - data_loader - INFO -   Conversation '2012-12-15.train-a' loaded in 0.30s
2026-05-18 19:04:42,734 - data_loader - INFO -   Creating samples for 2012-12-15.train-a: messages 0 to 156 (limited)
2026-05-18 19:04:42,735 - data_loader - INFO -   Created 0 samples for 2012-12-15.train-a
2026-05-18 19:04:42,735 - data_loader - INFO -   File 113/153: 2012-12-15.train-a - 1175 messages, 0 total samples so far
2026-05-18 19:04:42,735 - data_loader - INFO - Loading conversation from /home/s4901673/workspace/irc-disentanglement-bert-pytorch/data/train/2013-01-11.train-a.ascii.txt
2026-05-18 19:04:42,736 - data_loader - INFO -   Read 1079 lines from ASCII file
2026-05-18 19:04:42,739 - data_loader - INFO -   Parsed 1079 messages, found 109 unique users
2026-05-18 19:04:42,943 - data_loader - INFO -   Loaded 54 gold links from annotation file
2026-05-18 19:04:42,943 - data_loader - INFO -   Conversation '2013-01-11.train-a' loaded in 0.21s
2026-05-18 19:04:42,943 - data_loader - INFO -   Creating samples for 2013-01-11.train-a: messages 0 to 156 (limited)
2026-05-18 19:04:42,944 - data_loader - INFO -   Created 0 samples for 2013-01-11.train-a
2026-05-18 19:04:42,944 - data_loader - INFO -   File 114/153: 2013-01-11.train-a - 1079 messages, 0 total samples so far
2026-05-18 19:04:42,944 - data_loader - INFO - Loading conversation from /home/s4901673/workspace/irc-disentanglement-bert-pytorch/data/train/2013-01-30.train-a.ascii.txt
2026-05-18 19:04:42,945 - data_loader - INFO -   Read 1292 lines from ASCII file
2026-05-18 19:04:42,949 - data_loader - INFO -   Parsed 1292 messages, found 137 unique users
2026-05-18 19:04:43,245 - data_loader - INFO -   Loaded 255 gold links from annotation file
2026-05-18 19:04:43,245 - data_loader - INFO -   Conversation '2013-01-30.train-a' loaded in 0.30s
2026-05-18 19:04:43,245 - data_loader - INFO -   Creating samples for 2013-01-30.train-a: messages 0 to 156 (limited)
2026-05-18 19:04:43,245 - data_loader - INFO -   Created 0 samples for 2013-01-30.train-a
2026-05-18 19:04:43,245 - data_loader - INFO -   File 115/153: 2013-01-30.train-a - 1292 messages, 0 total samples so far
2026-05-18 19:04:43,245 - data_loader - INFO - Loading conversation from /home/s4901673/workspace/irc-disentanglement-bert-pytorch/data/train/2013-02-24.train-a.ascii.txt
2026-05-18 19:04:43,247 - data_loader - INFO -   Read 1281 lines from ASCII file
2026-05-18 19:04:43,250 - data_loader - INFO -   Parsed 1281 messages, found 103 unique users
2026-05-18 19:04:43,477 - data_loader - INFO -   Loaded 227 gold links from annotation file
2026-05-18 19:04:43,477 - data_loader - INFO -   Conversation '2013-02-24.train-a' loaded in 0.23s
2026-05-18 19:04:43,477 - data_loader - INFO -   Creating samples for 2013-02-24.train-a: messages 0 to 156 (limited)
2026-05-18 19:04:43,478 - data_loader - INFO -   Created 0 samples for 2013-02-24.train-a
2026-05-18 19:04:43,478 - data_loader - INFO -   File 116/153: 2013-02-24.train-a - 1281 messages, 0 total samples so far
2026-05-18 19:04:43,478 - data_loader - INFO - Loading conversation from /home/s4901673/workspace/irc-disentanglement-bert-pytorch/data/train/2013-05-05.train-a.ascii.txt
2026-05-18 19:04:43,479 - data_loader - INFO -   Read 1163 lines from ASCII file
2026-05-18 19:04:43,482 - data_loader - INFO -   Parsed 1163 messages, found 131 unique users
2026-05-18 19:04:43,742 - data_loader - INFO -   Loaded 130 gold links from annotation file
2026-05-18 19:04:43,742 - data_loader - INFO -   Conversation '2013-05-05.train-a' loaded in 0.26s
2026-05-18 19:04:43,742 - data_loader - INFO -   Creating samples for 2013-05-05.train-a: messages 0 to 156 (limited)
2026-05-18 19:04:43,743 - data_loader - INFO -   Created 0 samples for 2013-05-05.train-a
2026-05-18 19:04:43,743 - data_loader - INFO -   File 117/153: 2013-05-05.train-a - 1163 messages, 0 total samples so far
2026-05-18 19:04:43,743 - data_loader - INFO - Loading conversation from /home/s4901673/workspace/irc-disentanglement-bert-pytorch/data/train/2013-05-07.train-a.ascii.txt
2026-05-18 19:04:43,744 - data_loader - INFO -   Read 1147 lines from ASCII file
2026-05-18 19:04:43,747 - data_loader - INFO -   Parsed 1147 messages, found 116 unique users
2026-05-18 19:04:43,992 - data_loader - INFO -   Loaded 127 gold links from annotation file
2026-05-18 19:04:43,992 - data_loader - INFO -   Conversation '2013-05-07.train-a' loaded in 0.25s
2026-05-18 19:04:43,992 - data_loader - INFO -   Creating samples for 2013-05-07.train-a: messages 0 to 156 (limited)
2026-05-18 19:04:43,992 - data_loader - INFO -   Created 0 samples for 2013-05-07.train-a
2026-05-18 19:04:43,992 - data_loader - INFO -   File 118/153: 2013-05-07.train-a - 1147 messages, 0 total samples so far
2026-05-18 19:04:43,992 - data_loader - INFO - Loading conversation from /home/s4901673/workspace/irc-disentanglement-bert-pytorch/data/train/2013-05-19.train-a.ascii.txt
2026-05-18 19:04:43,993 - data_loader - INFO -   Read 1181 lines from ASCII file
2026-05-18 19:04:43,996 - data_loader - INFO -   Parsed 1181 messages, found 131 unique users
2026-05-18 19:04:44,264 - data_loader - INFO -   Loaded 127 gold links from annotation file
2026-05-18 19:04:44,264 - data_loader - INFO -   Conversation '2013-05-19.train-a' loaded in 0.27s
2026-05-18 19:04:44,264 - data_loader - INFO -   Creating samples for 2013-05-19.train-a: messages 0 to 156 (limited)
2026-05-18 19:04:44,264 - data_loader - INFO -   Created 0 samples for 2013-05-19.train-a
2026-05-18 19:04:44,264 - data_loader - INFO -   File 119/153: 2013-05-19.train-a - 1181 messages, 0 total samples so far
2026-05-18 19:04:44,264 - data_loader - INFO - Loading conversation from /home/s4901673/workspace/irc-disentanglement-bert-pytorch/data/train/2013-05-28.train-c.ascii.txt
2026-05-18 19:04:44,266 - data_loader - INFO -   Read 1500 lines from ASCII file
2026-05-18 19:04:44,270 - data_loader - INFO -   Parsed 1500 messages, found 145 unique users
2026-05-18 19:04:44,651 - data_loader - INFO -   Loaded 353 gold links from annotation file
2026-05-18 19:04:44,651 - data_loader - INFO -   Conversation '2013-05-28.train-c' loaded in 0.39s
2026-05-18 19:04:44,651 - data_loader - INFO -   Creating samples for 2013-05-28.train-c: messages 0 to 156 (limited)
2026-05-18 19:04:44,652 - data_loader - INFO -   Created 0 samples for 2013-05-28.train-c
2026-05-18 19:04:44,652 - data_loader - INFO -   File 120/153: 2013-05-28.train-c - 1500 messages, 0 total samples so far
2026-05-18 19:04:44,652 - data_loader - INFO - Loading conversation from /home/s4901673/workspace/irc-disentanglement-bert-pytorch/data/train/2013-07-10.train-a.ascii.txt
2026-05-18 19:04:44,653 - data_loader - INFO -   Read 1140 lines from ASCII file
2026-05-18 19:04:44,656 - data_loader - INFO -   Parsed 1140 messages, found 104 unique users
2026-05-18 19:04:44,872 - data_loader - INFO -   Loaded 107 gold links from annotation file
2026-05-18 19:04:44,872 - data_loader - INFO -   Conversation '2013-07-10.train-a' loaded in 0.22s
2026-05-18 19:04:44,872 - data_loader - INFO -   Creating samples for 2013-07-10.train-a: messages 0 to 156 (limited)
2026-05-18 19:04:44,873 - data_loader - INFO -   Created 0 samples for 2013-07-10.train-a
2026-05-18 19:04:44,873 - data_loader - INFO -   File 121/153: 2013-07-10.train-a - 1140 messages, 0 total samples so far
2026-05-18 19:04:44,873 - data_loader - INFO - Loading conversation from /home/s4901673/workspace/irc-disentanglement-bert-pytorch/data/train/2013-07-19.train-a.ascii.txt
2026-05-18 19:04:44,874 - data_loader - INFO -   Read 1192 lines from ASCII file
2026-05-18 19:04:44,877 - data_loader - INFO -   Parsed 1192 messages, found 92 unique users
2026-05-18 19:04:45,063 - data_loader - INFO -   Loaded 130 gold links from annotation file
2026-05-18 19:04:45,063 - data_loader - INFO -   Conversation '2013-07-19.train-a' loaded in 0.19s
2026-05-18 19:04:45,063 - data_loader - INFO -   Creating samples for 2013-07-19.train-a: messages 0 to 156 (limited)
2026-05-18 19:04:45,063 - data_loader - INFO -   Created 0 samples for 2013-07-19.train-a
2026-05-18 19:04:45,063 - data_loader - INFO -   File 122/153: 2013-07-19.train-a - 1192 messages, 0 total samples so far
2026-05-18 19:04:45,063 - data_loader - INFO - Loading conversation from /home/s4901673/workspace/irc-disentanglement-bert-pytorch/data/train/2013-08-29.train-c.ascii.txt
2026-05-18 19:04:45,065 - data_loader - INFO -   Read 1500 lines from ASCII file
2026-05-18 19:04:45,069 - data_loader - INFO -   Parsed 1500 messages, found 128 unique users
2026-05-18 19:04:45,392 - data_loader - INFO -   Loaded 358 gold links from annotation file
2026-05-18 19:04:45,392 - data_loader - INFO -   Conversation '2013-08-29.train-c' loaded in 0.33s
2026-05-18 19:04:45,392 - data_loader - INFO -   Creating samples for 2013-08-29.train-c: messages 0 to 156 (limited)
2026-05-18 19:04:45,393 - data_loader - INFO -   Created 0 samples for 2013-08-29.train-c
2026-05-18 19:04:45,393 - data_loader - INFO -   File 123/153: 2013-08-29.train-c - 1500 messages, 0 total samples so far
2026-05-18 19:04:45,393 - data_loader - INFO - Loading conversation from /home/s4901673/workspace/irc-disentanglement-bert-pytorch/data/train/2013-08-30.train-a.ascii.txt
2026-05-18 19:04:45,394 - data_loader - INFO -   Read 1126 lines from ASCII file
2026-05-18 19:04:45,397 - data_loader - INFO -   Parsed 1126 messages, found 97 unique users
2026-05-18 19:04:45,597 - data_loader - INFO -   Loaded 95 gold links from annotation file
2026-05-18 19:04:45,597 - data_loader - INFO -   Conversation '2013-08-30.train-a' loaded in 0.20s
2026-05-18 19:04:45,597 - data_loader - INFO -   Creating samples for 2013-08-30.train-a: messages 0 to 156 (limited)
2026-05-18 19:04:45,597 - data_loader - INFO -   Created 0 samples for 2013-08-30.train-a
2026-05-18 19:04:45,597 - data_loader - INFO -   File 124/153: 2013-08-30.train-a - 1126 messages, 0 total samples so far
2026-05-18 19:04:45,598 - data_loader - INFO - Loading conversation from /home/s4901673/workspace/irc-disentanglement-bert-pytorch/data/train/2013-09-12.train-a.ascii.txt
2026-05-18 19:04:45,599 - data_loader - INFO -   Read 1256 lines from ASCII file
2026-05-18 19:04:45,602 - data_loader - INFO -   Parsed 1256 messages, found 110 unique users
2026-05-18 19:04:45,831 - data_loader - INFO -   Loaded 216 gold links from annotation file
2026-05-18 19:04:45,831 - data_loader - INFO -   Conversation '2013-09-12.train-a' loaded in 0.23s
2026-05-18 19:04:45,831 - data_loader - INFO -   Creating samples for 2013-09-12.train-a: messages 0 to 156 (limited)
2026-05-18 19:04:45,832 - data_loader - INFO -   Created 0 samples for 2013-09-12.train-a
2026-05-18 19:04:45,832 - data_loader - INFO -   File 125/153: 2013-09-12.train-a - 1256 messages, 0 total samples so far
2026-05-18 19:04:45,832 - data_loader - INFO - Loading conversation from /home/s4901673/workspace/irc-disentanglement-bert-pytorch/data/train/2013-09-16.train-c.ascii.txt
2026-05-18 19:04:45,833 - data_loader - INFO -   Read 1500 lines from ASCII file
2026-05-18 19:04:45,837 - data_loader - INFO -   Parsed 1500 messages, found 124 unique users
2026-05-18 19:04:46,158 - data_loader - INFO -   Loaded 360 gold links from annotation file
2026-05-18 19:04:46,158 - data_loader - INFO -   Conversation '2013-09-16.train-c' loaded in 0.33s
2026-05-18 19:04:46,158 - data_loader - INFO -   Creating samples for 2013-09-16.train-c: messages 0 to 156 (limited)
2026-05-18 19:04:46,159 - data_loader - INFO -   Created 0 samples for 2013-09-16.train-c
2026-05-18 19:04:46,159 - data_loader - INFO -   File 126/153: 2013-09-16.train-c - 1500 messages, 0 total samples so far
2026-05-18 19:04:46,159 - data_loader - INFO - Loading conversation from /home/s4901673/workspace/irc-disentanglement-bert-pytorch/data/train/2013-10-04.train-a.ascii.txt
2026-05-18 19:04:46,160 - data_loader - INFO -   Read 1062 lines from ASCII file
2026-05-18 19:04:46,163 - data_loader - INFO -   Parsed 1062 messages, found 97 unique users
2026-05-18 19:04:46,344 - data_loader - INFO -   Loaded 39 gold links from annotation file
2026-05-18 19:04:46,344 - data_loader - INFO -   Conversation '2013-10-04.train-a' loaded in 0.19s
2026-05-18 19:04:46,344 - data_loader - INFO -   Creating samples for 2013-10-04.train-a: messages 0 to 156 (limited)
2026-05-18 19:04:46,345 - data_loader - INFO -   Created 0 samples for 2013-10-04.train-a
2026-05-18 19:04:46,345 - data_loader - INFO -   File 127/153: 2013-10-04.train-a - 1062 messages, 0 total samples so far
2026-05-18 19:04:46,345 - data_loader - INFO - Loading conversation from /home/s4901673/workspace/irc-disentanglement-bert-pytorch/data/train/2013-10-11.train-a.ascii.txt
2026-05-18 19:04:46,346 - data_loader - INFO -   Read 1084 lines from ASCII file
2026-05-18 19:04:46,349 - data_loader - INFO -   Parsed 1084 messages, found 108 unique users
2026-05-18 19:04:46,560 - data_loader - INFO -   Loaded 61 gold links from annotation file
2026-05-18 19:04:46,560 - data_loader - INFO -   Conversation '2013-10-11.train-a' loaded in 0.22s
2026-05-18 19:04:46,560 - data_loader - INFO -   Creating samples for 2013-10-11.train-a: messages 0 to 156 (limited)
2026-05-18 19:04:46,561 - data_loader - INFO -   Created 0 samples for 2013-10-11.train-a
2026-05-18 19:04:46,561 - data_loader - INFO -   File 128/153: 2013-10-11.train-a - 1084 messages, 0 total samples so far
2026-05-18 19:04:46,561 - data_loader - INFO - Loading conversation from /home/s4901673/workspace/irc-disentanglement-bert-pytorch/data/train/2013-10-28.train-a.ascii.txt
2026-05-18 19:04:46,562 - data_loader - INFO -   Read 1307 lines from ASCII file
2026-05-18 19:04:46,565 - data_loader - INFO -   Parsed 1307 messages, found 143 unique users
2026-05-18 19:04:46,890 - data_loader - INFO -   Loaded 226 gold links from annotation file
2026-05-18 19:04:46,890 - data_loader - INFO -   Conversation '2013-10-28.train-a' loaded in 0.33s
2026-05-18 19:04:46,890 - data_loader - INFO -   Creating samples for 2013-10-28.train-a: messages 0 to 156 (limited)
2026-05-18 19:04:46,891 - data_loader - INFO -   Created 0 samples for 2013-10-28.train-a
2026-05-18 19:04:46,891 - data_loader - INFO -   File 129/153: 2013-10-28.train-a - 1307 messages, 0 total samples so far
2026-05-18 19:04:46,891 - data_loader - INFO - Loading conversation from /home/s4901673/workspace/irc-disentanglement-bert-pytorch/data/train/2013-12-02.train-a.ascii.txt
2026-05-18 19:04:46,892 - data_loader - INFO -   Read 1181 lines from ASCII file
2026-05-18 19:04:46,895 - data_loader - INFO -   Parsed 1181 messages, found 141 unique users
2026-05-18 19:04:47,205 - data_loader - INFO -   Loaded 132 gold links from annotation file
2026-05-18 19:04:47,205 - data_loader - INFO -   Conversation '2013-12-02.train-a' loaded in 0.31s
2026-05-18 19:04:47,205 - data_loader - INFO -   Creating samples for 2013-12-02.train-a: messages 0 to 156 (limited)
2026-05-18 19:04:47,206 - data_loader - INFO -   Created 0 samples for 2013-12-02.train-a
2026-05-18 19:04:47,206 - data_loader - INFO -   File 130/153: 2013-12-02.train-a - 1181 messages, 0 total samples so far
2026-05-18 19:04:47,206 - data_loader - INFO - Loading conversation from /home/s4901673/workspace/irc-disentanglement-bert-pytorch/data/train/2014-01-08.train-c.ascii.txt
2026-05-18 19:04:47,207 - data_loader - INFO -   Read 1500 lines from ASCII file
2026-05-18 19:04:47,212 - data_loader - INFO -   Parsed 1500 messages, found 84 unique users
2026-05-18 19:04:47,427 - data_loader - INFO -   Loaded 389 gold links from annotation file
2026-05-18 19:04:47,427 - data_loader - INFO -   Conversation '2014-01-08.train-c' loaded in 0.22s
2026-05-18 19:04:47,428 - data_loader - INFO -   Creating samples for 2014-01-08.train-c: messages 0 to 156 (limited)
2026-05-18 19:04:47,428 - data_loader - INFO -   Created 0 samples for 2014-01-08.train-c
2026-05-18 19:04:47,428 - data_loader - INFO -   File 131/153: 2014-01-08.train-c - 1500 messages, 0 total samples so far
2026-05-18 19:04:47,428 - data_loader - INFO - Loading conversation from /home/s4901673/workspace/irc-disentanglement-bert-pytorch/data/train/2014-08-14.train-c.ascii.txt
2026-05-18 19:04:47,429 - data_loader - INFO -   Read 1500 lines from ASCII file
2026-05-18 19:04:47,433 - data_loader - INFO -   Parsed 1500 messages, found 135 unique users
2026-05-18 19:04:47,799 - data_loader - INFO -   Loaded 370 gold links from annotation file
2026-05-18 19:04:47,800 - data_loader - INFO -   Conversation '2014-08-14.train-c' loaded in 0.37s
2026-05-18 19:04:47,800 - data_loader - INFO -   Creating samples for 2014-08-14.train-c: messages 0 to 156 (limited)
2026-05-18 19:04:47,800 - data_loader - INFO -   Created 0 samples for 2014-08-14.train-c
2026-05-18 19:04:47,800 - data_loader - INFO -   File 132/153: 2014-08-14.train-c - 1500 messages, 0 total samples so far
2026-05-18 19:04:47,800 - data_loader - INFO - Loading conversation from /home/s4901673/workspace/irc-disentanglement-bert-pytorch/data/train/2014-09-29.train-c.ascii.txt
2026-05-18 19:04:47,801 - data_loader - INFO -   Read 1500 lines from ASCII file
2026-05-18 19:04:47,805 - data_loader - INFO -   Parsed 1500 messages, found 152 unique users
2026-05-18 19:04:48,221 - data_loader - INFO -   Loaded 370 gold links from annotation file
2026-05-18 19:04:48,221 - data_loader - INFO -   Conversation '2014-09-29.train-c' loaded in 0.42s
2026-05-18 19:04:48,222 - data_loader - INFO -   Creating samples for 2014-09-29.train-c: messages 0 to 156 (limited)
2026-05-18 19:04:48,222 - data_loader - INFO -   Created 0 samples for 2014-09-29.train-c
2026-05-18 19:04:48,222 - data_loader - INFO -   File 133/153: 2014-09-29.train-c - 1500 messages, 0 total samples so far
2026-05-18 19:04:48,222 - data_loader - INFO - Loading conversation from /home/s4901673/workspace/irc-disentanglement-bert-pytorch/data/train/2014-12-21.train-c.ascii.txt
2026-05-18 19:04:48,223 - data_loader - INFO -   Read 1500 lines from ASCII file
2026-05-18 19:04:48,228 - data_loader - INFO -   Parsed 1500 messages, found 137 unique users
2026-05-18 19:04:48,575 - data_loader - INFO -   Loaded 366 gold links from annotation file
2026-05-18 19:04:48,575 - data_loader - INFO -   Conversation '2014-12-21.train-c' loaded in 0.35s
2026-05-18 19:04:48,575 - data_loader - INFO -   Creating samples for 2014-12-21.train-c: messages 0 to 156 (limited)
2026-05-18 19:04:48,576 - data_loader - INFO -   Created 0 samples for 2014-12-21.train-c
2026-05-18 19:04:48,576 - data_loader - INFO -   File 134/153: 2014-12-21.train-c - 1500 messages, 0 total samples so far
2026-05-18 19:04:48,576 - data_loader - INFO - Loading conversation from /home/s4901673/workspace/irc-disentanglement-bert-pytorch/data/train/2014-12-27.train-c.ascii.txt
2026-05-18 19:04:48,577 - data_loader - INFO -   Read 1500 lines from ASCII file
2026-05-18 19:04:48,581 - data_loader - INFO -   Parsed 1500 messages, found 142 unique users
2026-05-18 19:04:48,953 - data_loader - INFO -   Loaded 370 gold links from annotation file
2026-05-18 19:04:48,953 - data_loader - INFO -   Conversation '2014-12-27.train-c' loaded in 0.38s
2026-05-18 19:04:48,953 - data_loader - INFO -   Creating samples for 2014-12-27.train-c: messages 0 to 156 (limited)
2026-05-18 19:04:48,954 - data_loader - INFO -   Created 0 samples for 2014-12-27.train-c
2026-05-18 19:04:48,954 - data_loader - INFO -   File 135/153: 2014-12-27.train-c - 1500 messages, 0 total samples so far
2026-05-18 19:04:48,954 - data_loader - INFO - Loading conversation from /home/s4901673/workspace/irc-disentanglement-bert-pytorch/data/train/2015-01-20.train-b.ascii.txt
2026-05-18 19:04:48,955 - data_loader - INFO -   Read 1100 lines from ASCII file
2026-05-18 19:04:48,958 - data_loader - INFO -   Parsed 1100 messages, found 91 unique users
2026-05-18 19:04:49,128 - data_loader - INFO -   Loaded 74 gold links from annotation file
2026-05-18 19:04:49,128 - data_loader - INFO -   Conversation '2015-01-20.train-b' loaded in 0.17s
2026-05-18 19:04:49,128 - data_loader - INFO -   Creating samples for 2015-01-20.train-b: messages 0 to 156 (limited)
2026-05-18 19:04:49,128 - data_loader - INFO -   Created 0 samples for 2015-01-20.train-b
2026-05-18 19:04:49,128 - data_loader - INFO -   File 136/153: 2015-01-20.train-b - 1100 messages, 0 total samples so far
2026-05-18 19:04:49,128 - data_loader - INFO - Loading conversation from /home/s4901673/workspace/irc-disentanglement-bert-pytorch/data/train/2015-02-04.train-b.ascii.txt
2026-05-18 19:04:49,130 - data_loader - INFO -   Read 1100 lines from ASCII file
2026-05-18 19:04:49,133 - data_loader - INFO -   Parsed 1100 messages, found 139 unique users
2026-05-18 19:04:49,388 - data_loader - INFO -   Loaded 69 gold links from annotation file
2026-05-18 19:04:49,388 - data_loader - INFO -   Conversation '2015-02-04.train-b' loaded in 0.26s
2026-05-18 19:04:49,388 - data_loader - INFO -   Creating samples for 2015-02-04.train-b: messages 0 to 156 (limited)
2026-05-18 19:04:49,388 - data_loader - INFO -   Created 0 samples for 2015-02-04.train-b
2026-05-18 19:04:49,388 - data_loader - INFO -   File 137/153: 2015-02-04.train-b - 1100 messages, 0 total samples so far
2026-05-18 19:04:49,388 - data_loader - INFO - Loading conversation from /home/s4901673/workspace/irc-disentanglement-bert-pytorch/data/train/2015-04-19.train-b.ascii.txt
2026-05-18 19:04:49,390 - data_loader - INFO -   Read 1100 lines from ASCII file
2026-05-18 19:04:49,392 - data_loader - INFO -   Parsed 1100 messages, found 131 unique users
2026-05-18 19:04:49,646 - data_loader - INFO -   Loaded 75 gold links from annotation file
2026-05-18 19:04:49,647 - data_loader - INFO -   Conversation '2015-04-19.train-b' loaded in 0.26s
2026-05-18 19:04:49,647 - data_loader - INFO -   Creating samples for 2015-04-19.train-b: messages 0 to 156 (limited)
2026-05-18 19:04:49,647 - data_loader - INFO -   Created 0 samples for 2015-04-19.train-b
2026-05-18 19:04:49,647 - data_loader - INFO -   File 138/153: 2015-04-19.train-b - 1100 messages, 0 total samples so far
2026-05-18 19:04:49,647 - data_loader - INFO - Loading conversation from /home/s4901673/workspace/irc-disentanglement-bert-pytorch/data/train/2015-05-08.train-c.ascii.txt
2026-05-18 19:04:49,649 - data_loader - INFO -   Read 1500 lines from ASCII file
2026-05-18 19:04:49,653 - data_loader - INFO -   Parsed 1500 messages, found 115 unique users
2026-05-18 19:04:49,941 - data_loader - INFO -   Loaded 367 gold links from annotation file
2026-05-18 19:04:49,941 - data_loader - INFO -   Conversation '2015-05-08.train-c' loaded in 0.29s
2026-05-18 19:04:49,941 - data_loader - INFO -   Creating samples for 2015-05-08.train-c: messages 0 to 156 (limited)
2026-05-18 19:04:49,942 - data_loader - INFO -   Created 0 samples for 2015-05-08.train-c
2026-05-18 19:04:49,942 - data_loader - INFO -   File 139/153: 2015-05-08.train-c - 1500 messages, 0 total samples so far
2026-05-18 19:04:49,942 - data_loader - INFO - Loading conversation from /home/s4901673/workspace/irc-disentanglement-bert-pytorch/data/train/2015-06-12.train-b.ascii.txt
2026-05-18 19:04:49,943 - data_loader - INFO -   Read 1100 lines from ASCII file
2026-05-18 19:04:49,946 - data_loader - INFO -   Parsed 1100 messages, found 142 unique users
2026-05-18 19:04:50,212 - data_loader - INFO -   Loaded 74 gold links from annotation file
2026-05-18 19:04:50,212 - data_loader - INFO -   Conversation '2015-06-12.train-b' loaded in 0.27s
2026-05-18 19:04:50,212 - data_loader - INFO -   Creating samples for 2015-06-12.train-b: messages 0 to 156 (limited)
2026-05-18 19:04:50,212 - data_loader - INFO -   Created 0 samples for 2015-06-12.train-b
2026-05-18 19:04:50,212 - data_loader - INFO -   File 140/153: 2015-06-12.train-b - 1100 messages, 0 total samples so far
2026-05-18 19:04:50,212 - data_loader - INFO - Loading conversation from /home/s4901673/workspace/irc-disentanglement-bert-pytorch/data/train/2015-08-10.train-b.ascii.txt
2026-05-18 19:04:50,214 - data_loader - INFO -   Read 1100 lines from ASCII file
2026-05-18 19:04:50,217 - data_loader - INFO -   Parsed 1100 messages, found 94 unique users
2026-05-18 19:04:50,400 - data_loader - INFO -   Loaded 69 gold links from annotation file
2026-05-18 19:04:50,400 - data_loader - INFO -   Conversation '2015-08-10.train-b' loaded in 0.19s
2026-05-18 19:04:50,400 - data_loader - INFO -   Creating samples for 2015-08-10.train-b: messages 0 to 156 (limited)
2026-05-18 19:04:50,400 - data_loader - INFO -   Created 0 samples for 2015-08-10.train-b
2026-05-18 19:04:50,400 - data_loader - INFO -   File 141/153: 2015-08-10.train-b - 1100 messages, 0 total samples so far
2026-05-18 19:04:50,401 - data_loader - INFO - Loading conversation from /home/s4901673/workspace/irc-disentanglement-bert-pytorch/data/train/2015-09-25.train-b.ascii.txt
2026-05-18 19:04:50,402 - data_loader - INFO -   Read 1100 lines from ASCII file
2026-05-18 19:04:50,405 - data_loader - INFO -   Parsed 1100 messages, found 142 unique users
2026-05-18 19:04:50,694 - data_loader - INFO -   Loaded 75 gold links from annotation file
2026-05-18 19:04:50,694 - data_loader - INFO -   Conversation '2015-09-25.train-b' loaded in 0.29s
2026-05-18 19:04:50,695 - data_loader - INFO -   Creating samples for 2015-09-25.train-b: messages 0 to 156 (limited)
2026-05-18 19:04:50,695 - data_loader - INFO -   Created 0 samples for 2015-09-25.train-b
2026-05-18 19:04:50,695 - data_loader - INFO -   File 142/153: 2015-09-25.train-b - 1100 messages, 0 total samples so far
2026-05-18 19:04:50,695 - data_loader - INFO - Loading conversation from /home/s4901673/workspace/irc-disentanglement-bert-pytorch/data/train/2015-10-14.train-b.ascii.txt
2026-05-18 19:04:50,696 - data_loader - INFO -   Read 1100 lines from ASCII file
2026-05-18 19:04:50,699 - data_loader - INFO -   Parsed 1100 messages, found 121 unique users
2026-05-18 19:04:50,930 - data_loader - INFO -   Loaded 70 gold links from annotation file
2026-05-18 19:04:50,930 - data_loader - INFO -   Conversation '2015-10-14.train-b' loaded in 0.23s
2026-05-18 19:04:50,930 - data_loader - INFO -   Creating samples for 2015-10-14.train-b: messages 0 to 156 (limited)
2026-05-18 19:04:50,930 - data_loader - INFO -   Created 0 samples for 2015-10-14.train-b
2026-05-18 19:04:50,930 - data_loader - INFO -   File 143/153: 2015-10-14.train-b - 1100 messages, 0 total samples so far
2026-05-18 19:04:50,930 - data_loader - INFO - Loading conversation from /home/s4901673/workspace/irc-disentanglement-bert-pytorch/data/train/2015-10-19.train-b.ascii.txt
2026-05-18 19:04:50,931 - data_loader - INFO -   Read 1100 lines from ASCII file
2026-05-18 19:04:50,935 - data_loader - INFO -   Parsed 1100 messages, found 114 unique users
2026-05-18 19:04:51,150 - data_loader - INFO -   Loaded 71 gold links from annotation file
2026-05-18 19:04:51,150 - data_loader - INFO -   Conversation '2015-10-19.train-b' loaded in 0.22s
2026-05-18 19:04:51,150 - data_loader - INFO -   Creating samples for 2015-10-19.train-b: messages 0 to 156 (limited)
2026-05-18 19:04:51,151 - data_loader - INFO -   Created 0 samples for 2015-10-19.train-b
2026-05-18 19:04:51,151 - data_loader - INFO -   File 144/153: 2015-10-19.train-b - 1100 messages, 0 total samples so far
2026-05-18 19:04:51,151 - data_loader - INFO - Loading conversation from /home/s4901673/workspace/irc-disentanglement-bert-pytorch/data/train/2015-11-26.train-b.ascii.txt
2026-05-18 19:04:51,152 - data_loader - INFO -   Read 1100 lines from ASCII file
2026-05-18 19:04:51,155 - data_loader - INFO -   Parsed 1100 messages, found 100 unique users
2026-05-18 19:04:51,329 - data_loader - INFO -   Loaded 66 gold links from annotation file
2026-05-18 19:04:51,329 - data_loader - INFO -   Conversation '2015-11-26.train-b' loaded in 0.18s
2026-05-18 19:04:51,329 - data_loader - INFO -   Creating samples for 2015-11-26.train-b: messages 0 to 156 (limited)
2026-05-18 19:04:51,330 - data_loader - INFO -   Created 0 samples for 2015-11-26.train-b
2026-05-18 19:04:51,330 - data_loader - INFO -   File 145/153: 2015-11-26.train-b - 1100 messages, 0 total samples so far
2026-05-18 19:04:51,330 - data_loader - INFO - Loading conversation from /home/s4901673/workspace/irc-disentanglement-bert-pytorch/data/train/2015-12-28.train-b.ascii.txt
2026-05-18 19:04:51,331 - data_loader - INFO -   Read 1100 lines from ASCII file
2026-05-18 19:04:51,334 - data_loader - INFO -   Parsed 1100 messages, found 131 unique users
2026-05-18 19:04:51,582 - data_loader - INFO -   Loaded 72 gold links from annotation file
2026-05-18 19:04:51,582 - data_loader - INFO -   Conversation '2015-12-28.train-b' loaded in 0.25s
2026-05-18 19:04:51,582 - data_loader - INFO -   Creating samples for 2015-12-28.train-b: messages 0 to 156 (limited)
2026-05-18 19:04:51,583 - data_loader - INFO -   Created 0 samples for 2015-12-28.train-b
2026-05-18 19:04:51,583 - data_loader - INFO -   File 146/153: 2015-12-28.train-b - 1100 messages, 0 total samples so far
2026-05-18 19:04:51,583 - data_loader - INFO - Loading conversation from /home/s4901673/workspace/irc-disentanglement-bert-pytorch/data/train/2017-02-06.train-c.ascii.txt
2026-05-18 19:04:51,584 - data_loader - INFO -   Read 1500 lines from ASCII file
2026-05-18 19:04:51,588 - data_loader - INFO -   Parsed 1500 messages, found 156 unique users
2026-05-18 19:04:51,991 - data_loader - INFO -   Loaded 388 gold links from annotation file
2026-05-18 19:04:51,991 - data_loader - INFO -   Conversation '2017-02-06.train-c' loaded in 0.41s
2026-05-18 19:04:51,991 - data_loader - INFO -   Creating samples for 2017-02-06.train-c: messages 0 to 156 (limited)
2026-05-18 19:04:51,992 - data_loader - INFO -   Created 0 samples for 2017-02-06.train-c
2026-05-18 19:04:51,992 - data_loader - INFO -   File 147/153: 2017-02-06.train-c - 1500 messages, 0 total samples so far
2026-05-18 19:04:51,992 - data_loader - INFO - Loading conversation from /home/s4901673/workspace/irc-disentanglement-bert-pytorch/data/train/2017-03-02.train-c.ascii.txt
2026-05-18 19:04:51,993 - data_loader - INFO -   Read 1500 lines from ASCII file
2026-05-18 19:04:51,997 - data_loader - INFO -   Parsed 1500 messages, found 158 unique users
2026-05-18 19:04:52,400 - data_loader - INFO -   Loaded 363 gold links from annotation file
2026-05-18 19:04:52,400 - data_loader - INFO -   Conversation '2017-03-02.train-c' loaded in 0.41s
2026-05-18 19:04:52,400 - data_loader - INFO -   Creating samples for 2017-03-02.train-c: messages 0 to 156 (limited)
2026-05-18 19:04:52,401 - data_loader - INFO -   Created 0 samples for 2017-03-02.train-c
2026-05-18 19:04:52,401 - data_loader - INFO -   File 148/153: 2017-03-02.train-c - 1500 messages, 0 total samples so far
2026-05-18 19:04:52,401 - data_loader - INFO - Loading conversation from /home/s4901673/workspace/irc-disentanglement-bert-pytorch/data/train/2017-03-23.train-c.ascii.txt
2026-05-18 19:04:52,403 - data_loader - INFO -   Read 1500 lines from ASCII file
2026-05-18 19:04:52,406 - data_loader - INFO -   Parsed 1500 messages, found 138 unique users
2026-05-18 19:04:52,758 - data_loader - INFO -   Loaded 375 gold links from annotation file
2026-05-18 19:04:52,758 - data_loader - INFO -   Conversation '2017-03-23.train-c' loaded in 0.36s
2026-05-18 19:04:52,758 - data_loader - INFO -   Creating samples for 2017-03-23.train-c: messages 0 to 156 (limited)
2026-05-18 19:04:52,759 - data_loader - INFO -   Created 0 samples for 2017-03-23.train-c
2026-05-18 19:04:52,759 - data_loader - INFO -   File 149/153: 2017-03-23.train-c - 1500 messages, 0 total samples so far
2026-05-18 19:04:52,759 - data_loader - INFO - Loading conversation from /home/s4901673/workspace/irc-disentanglement-bert-pytorch/data/train/2017-05-09.train-c.ascii.txt
2026-05-18 19:04:52,760 - data_loader - INFO -   Read 1500 lines from ASCII file
2026-05-18 19:04:52,765 - data_loader - INFO -   Parsed 1500 messages, found 114 unique users
2026-05-18 19:04:53,056 - data_loader - INFO -   Loaded 347 gold links from annotation file
2026-05-18 19:04:53,056 - data_loader - INFO -   Conversation '2017-05-09.train-c' loaded in 0.30s
2026-05-18 19:04:53,057 - data_loader - INFO -   Creating samples for 2017-05-09.train-c: messages 0 to 156 (limited)
2026-05-18 19:04:53,057 - data_loader - INFO -   Created 0 samples for 2017-05-09.train-c
2026-05-18 19:04:53,057 - data_loader - INFO -   File 150/153: 2017-05-09.train-c - 1500 messages, 0 total samples so far
2026-05-18 19:04:53,057 - data_loader - INFO - Loading conversation from /home/s4901673/workspace/irc-disentanglement-bert-pytorch/data/train/2017-07-15.train-c.ascii.txt
2026-05-18 19:04:53,058 - data_loader - INFO -   Read 1500 lines from ASCII file
2026-05-18 19:04:53,062 - data_loader - INFO -   Parsed 1500 messages, found 83 unique users
2026-05-18 19:04:53,286 - data_loader - INFO -   Loaded 350 gold links from annotation file
2026-05-18 19:04:53,286 - data_loader - INFO -   Conversation '2017-07-15.train-c' loaded in 0.23s
2026-05-18 19:04:53,286 - data_loader - INFO -   Creating samples for 2017-07-15.train-c: messages 0 to 156 (limited)
2026-05-18 19:04:53,287 - data_loader - INFO -   Created 0 samples for 2017-07-15.train-c
2026-05-18 19:04:53,287 - data_loader - INFO -   File 151/153: 2017-07-15.train-c - 1500 messages, 0 total samples so far
2026-05-18 19:04:53,287 - data_loader - INFO - Loading conversation from /home/s4901673/workspace/irc-disentanglement-bert-pytorch/data/train/2017-09-02.train-c.ascii.txt
2026-05-18 19:04:53,288 - data_loader - INFO -   Read 1500 lines from ASCII file
2026-05-18 19:04:53,292 - data_loader - INFO -   Parsed 1500 messages, found 110 unique users
2026-05-18 19:04:53,602 - data_loader - INFO -   Loaded 365 gold links from annotation file
2026-05-18 19:04:53,602 - data_loader - INFO -   Conversation '2017-09-02.train-c' loaded in 0.32s
2026-05-18 19:04:53,602 - data_loader - INFO -   Creating samples for 2017-09-02.train-c: messages 0 to 156 (limited)
2026-05-18 19:04:53,603 - data_loader - INFO -   Created 0 samples for 2017-09-02.train-c
2026-05-18 19:04:53,603 - data_loader - INFO -   File 152/153: 2017-09-02.train-c - 1500 messages, 0 total samples so far
2026-05-18 19:04:53,603 - data_loader - INFO - Loading conversation from /home/s4901673/workspace/irc-disentanglement-bert-pytorch/data/train/2018-02-27.train-c.ascii.txt
2026-05-18 19:04:53,604 - data_loader - INFO -   Read 1500 lines from ASCII file
2026-05-18 19:04:53,608 - data_loader - INFO -   Parsed 1500 messages, found 148 unique users
2026-05-18 19:04:53,999 - data_loader - INFO -   Loaded 375 gold links from annotation file
2026-05-18 19:04:53,999 - data_loader - INFO -   Conversation '2018-02-27.train-c' loaded in 0.40s
2026-05-18 19:04:53,999 - data_loader - INFO -   Creating samples for 2018-02-27.train-c: messages 0 to 156 (limited)
2026-05-18 19:04:53,999 - data_loader - INFO -   Created 0 samples for 2018-02-27.train-c
2026-05-18 19:04:54,000 - data_loader - INFO -   File 153/153: 2018-02-27.train-c - 1500 messages, 0 total samples so far
2026-05-18 19:04:54,000 - data_loader - INFO - Dataset initialization complete: 0 samples from 153 conversations in 48.09s
2026-05-18 19:04:54,000 - __main__ - INFO -   Train dataset created: 0 samples
2026-05-18 19:04:54,000 - __main__ - WARNING - Train dataset is empty after filtering (no valid candidates)
2026-05-18 19:04:54,082 - __main__ - INFO - Creating model...
2026-05-18 19:04:55,578 - httpx - INFO - HTTP Request: HEAD https://huggingface.co/microsoft/deberta-v3-base/resolve/main/config.json "HTTP/1.1 307 Temporary Redirect"
2026-05-18 19:04:55,584 - httpx - INFO - HTTP Request: HEAD https://huggingface.co/api/resolve-cache/models/microsoft/deberta-v3-base/8ccc9b6f36199bec6961081d44eb72fb3f7353f3/config.json "HTTP/1.1 200 OK"
2026-05-18 19:04:56,230 - httpx - INFO - HTTP Request: HEAD https://huggingface.co/microsoft/deberta-v3-base/resolve/main/model.safetensors "HTTP/1.1 404 Not Found"
2026-05-18 19:04:56,473 - httpx - INFO - HTTP Request: GET https://huggingface.co/api/models/microsoft/deberta-v3-base "HTTP/1.1 200 OK"
Device: cuda
Model: microsoft/deberta-v3-base
Output dir: /scratch/user/s4901673/ircbert_runs/checkpoints_maxdist15
================================================================================
Loading weights:   0%|          | 0/198 [00:00<?, ?it/s]Loading weights: 100%|██████████| 198/198 [00:00<00:00, 36328.62it/s]
2026-05-18 19:04:56,720 - httpx - INFO - HTTP Request: GET https://huggingface.co/api/models/microsoft/deberta-v3-base/commits/main "HTTP/1.1 200 OK"
2026-05-18 19:04:56,971 - httpx - INFO - HTTP Request: GET https://huggingface.co/api/models/microsoft/deberta-v3-base/discussions?p=0 "HTTP/1.1 200 OK"
2026-05-18 19:04:57,250 - httpx - INFO - HTTP Request: GET https://huggingface.co/api/models/microsoft/deberta-v3-base/commits/refs%2Fpr%2F14 "HTTP/1.1 200 OK"
[transformers] [1mDebertaV2Model LOAD REPORT[0m from: microsoft/deberta-v3-base
Key                                     | Status     |  | 
----------------------------------------+------------+--+-
mask_predictions.classifier.bias        | UNEXPECTED |  | 
mask_predictions.LayerNorm.weight       | UNEXPECTED |  | 
mask_predictions.dense.bias             | UNEXPECTED |  | 
mask_predictions.LayerNorm.bias         | UNEXPECTED |  | 
lm_predictions.lm_head.LayerNorm.bias   | UNEXPECTED |  | 
mask_predictions.classifier.weight      | UNEXPECTED |  | 
mask_predictions.dense.weight           | UNEXPECTED |  | 
lm_predictions.lm_head.dense.bias       | UNEXPECTED |  | 
lm_predictions.lm_head.dense.weight     | UNEXPECTED |  | 
lm_predictions.lm_head.bias             | UNEXPECTED |  | 
lm_predictions.lm_head.LayerNorm.weight | UNEXPECTED |  | 

Notes:
- UNEXPECTED:	can be ignored when loading from different task/architecture; not ok if you expect identical arch.
2026-05-18 19:04:57,490 - httpx - INFO - HTTP Request: HEAD https://huggingface.co/microsoft/deberta-v3-base/resolve/refs%2Fpr%2F14/model.safetensors.index.json "HTTP/1.1 404 Not Found"
2026-05-18 19:04:57,717 - httpx - INFO - HTTP Request: HEAD https://huggingface.co/microsoft/deberta-v3-base/resolve/refs%2Fpr%2F14/model.safetensors "HTTP/1.1 302 Found"
2026-05-18 19:04:58,428 - httpx - INFO - HTTP Request: HEAD https://huggingface.co/microsoft/deberta-v3-base/resolve/main/config.json "HTTP/1.1 307 Temporary Redirect"
2026-05-18 19:04:58,435 - httpx - INFO - HTTP Request: HEAD https://huggingface.co/api/resolve-cache/models/microsoft/deberta-v3-base/8ccc9b6f36199bec6961081d44eb72fb3f7353f3/config.json "HTTP/1.1 200 OK"
2026-05-18 19:04:58,971 - __main__ - INFO -   Parameters: 183,832,326 trainable, 183,832,326 total
2026-05-18 19:04:58,971 - __main__ - INFO -   BERT hidden size: 768
2026-05-18 19:04:58,971 - __main__ - INFO -   Combined size: 773
2026-05-18 19:04:58,972 - __main__ - INFO - Created AdamW optimizer with lr=5e-05
2026-05-18 19:04:58,972 - __main__ - INFO - Starting training from epoch 1...
2026-05-18 19:04:58,972 - __main__ - INFO - ================================================================================
2026-05-18 19:04:58,972 - __main__ - INFO - Epoch 1/10
2026-05-18 19:04:58,972 - __main__ - INFO - --------------------------------------------------------------------------------
2026-05-18 19:04:59,208 - __main__ - INFO - Saved checkpoint to /scratch/user/s4901673/ircbert_runs/checkpoints_maxdist15/checkpoint_epoch_1.pt
2026-05-18 19:04:59,208 - __main__ - INFO - Epoch 2/10
2026-05-18 19:04:59,209 - __main__ - INFO - --------------------------------------------------------------------------------
2026-05-18 19:04:59,432 - __main__ - INFO - Saved checkpoint to /scratch/user/s4901673/ircbert_runs/checkpoints_maxdist15/checkpoint_epoch_2.pt
2026-05-18 19:04:59,432 - __main__ - INFO - Epoch 3/10
2026-05-18 19:04:59,432 - __main__ - INFO - --------------------------------------------------------------------------------
2026-05-18 19:04:59,662 - __main__ - INFO - Saved checkpoint to /scratch/user/s4901673/ircbert_runs/checkpoints_maxdist15/checkpoint_epoch_3.pt
2026-05-18 19:04:59,662 - __main__ - INFO - Epoch 4/10
2026-05-18 19:04:59,662 - __main__ - INFO - --------------------------------------------------------------------------------
2026-05-18 19:04:59,886 - __main__ - INFO - Saved checkpoint to /scratch/user/s4901673/ircbert_runs/checkpoints_maxdist15/checkpoint_epoch_4.pt
2026-05-18 19:04:59,887 - __main__ - INFO - Epoch 5/10
2026-05-18 19:04:59,887 - __main__ - INFO - --------------------------------------------------------------------------------
2026-05-18 19:05:00,115 - __main__ - INFO - Saved checkpoint to /scratch/user/s4901673/ircbert_runs/checkpoints_maxdist15/checkpoint_epoch_5.pt
2026-05-18 19:05:00,115 - __main__ - INFO - Epoch 6/10
2026-05-18 19:05:00,115 - __main__ - INFO - --------------------------------------------------------------------------------
2026-05-18 19:05:00,355 - __main__ - INFO - Saved checkpoint to /scratch/user/s4901673/ircbert_runs/checkpoints_maxdist15/checkpoint_epoch_6.pt
2026-05-18 19:05:00,356 - __main__ - INFO - Epoch 7/10
2026-05-18 19:05:00,356 - __main__ - INFO - --------------------------------------------------------------------------------
2026-05-18 19:05:00,583 - __main__ - INFO - Saved checkpoint to /scratch/user/s4901673/ircbert_runs/checkpoints_maxdist15/checkpoint_epoch_7.pt
2026-05-18 19:05:00,583 - __main__ - INFO - Epoch 8/10
2026-05-18 19:05:00,583 - __main__ - INFO - --------------------------------------------------------------------------------
2026-05-18 19:05:00,814 - __main__ - INFO - Saved checkpoint to /scratch/user/s4901673/ircbert_runs/checkpoints_maxdist15/checkpoint_epoch_8.pt
2026-05-18 19:05:00,814 - __main__ - INFO - Epoch 9/10
2026-05-18 19:05:00,814 - __main__ - INFO - --------------------------------------------------------------------------------
2026-05-18 19:05:01,061 - __main__ - INFO - Saved checkpoint to /scratch/user/s4901673/ircbert_runs/checkpoints_maxdist15/checkpoint_epoch_9.pt
2026-05-18 19:05:01,061 - __main__ - INFO - Epoch 10/10
2026-05-18 19:05:01,061 - __main__ - INFO - --------------------------------------------------------------------------------
2026-05-18 19:05:01,285 - __main__ - INFO - Saved checkpoint to /scratch/user/s4901673/ircbert_runs/checkpoints_maxdist15/checkpoint_epoch_10.pt
2026-05-18 19:05:01,286 - __main__ - INFO - Training complete in 2.31s!
2026-05-18 19:05:01,286 - __main__ - INFO - Best F1: 0.0000 at epoch 0
2026-05-18 19:05:01,286 - __main__ - INFO - ================================================================================
2026-05-18 19:05:01,286 - __main__ - INFO - Done!
2026-05-18 19:05:01,286 - __main__ - INFO - ================================================================================
2026-05-18 19:05:01,286 - __main__ - INFO - Log file: /home/s4901673/workspace/irc-disentanglement-bert-pytorch/logs/train_20260518_190404.log

=== Evaluating on DEV set ===

Checkpoint: /scratch/user/s4901673/ircbert_runs/checkpoints_maxdist15/checkpoint_epoch_10.pt
2026-05-18 19:05:09,649 - __main__ - INFO - Using device: cuda
2026-05-18 19:05:09,900 - httpx - INFO - HTTP Request: HEAD https://huggingface.co/microsoft/deberta-v3-base/resolve/main/config.json "HTTP/1.1 307 Temporary Redirect"
2026-05-18 19:05:09,906 - httpx - INFO - HTTP Request: HEAD https://huggingface.co/api/resolve-cache/models/microsoft/deberta-v3-base/8ccc9b6f36199bec6961081d44eb72fb3f7353f3/config.json "HTTP/1.1 200 OK"
2026-05-18 19:05:10,150 - httpx - INFO - HTTP Request: HEAD https://huggingface.co/microsoft/deberta-v3-base/resolve/main/tokenizer_config.json "HTTP/1.1 307 Temporary Redirect"
Warning: You are sending unauthenticated requests to the HF Hub. Please set a HF_TOKEN to enable higher rate limits and faster downloads.
2026-05-18 19:05:10,150 - huggingface_hub.utils._http - WARNING - Warning: You are sending unauthenticated requests to the HF Hub. Please set a HF_TOKEN to enable higher rate limits and faster downloads.
2026-05-18 19:05:10,156 - httpx - INFO - HTTP Request: HEAD https://huggingface.co/api/resolve-cache/models/microsoft/deberta-v3-base/8ccc9b6f36199bec6961081d44eb72fb3f7353f3/tokenizer_config.json "HTTP/1.1 200 OK"
2026-05-18 19:05:10,396 - httpx - INFO - HTTP Request: GET https://huggingface.co/api/models/microsoft/deberta-v3-base/tree/main/additional_chat_templates?recursive=false&expand=false "HTTP/1.1 404 Not Found"
2026-05-18 19:05:10,643 - httpx - INFO - HTTP Request: GET https://huggingface.co/api/models/microsoft/deberta-v3-base/tree/main?recursive=true&expand=false "HTTP/1.1 200 OK"
2026-05-18 19:05:11,126 - httpx - INFO - HTTP Request: GET https://huggingface.co/api/models/microsoft/deberta-v3-base "HTTP/1.1 200 OK"
2026-05-18 19:05:11,129 - __main__ - INFO - Loaded tokenizer: DebertaV2Tokenizer
2026-05-18 19:05:11,129 - __main__ - INFO - Loading checkpoint from /scratch/user/s4901673/ircbert_runs/checkpoints_maxdist15/checkpoint_epoch_10.pt
2026-05-18 19:05:11,802 - httpx - INFO - HTTP Request: HEAD https://huggingface.co/microsoft/deberta-v3-base/resolve/main/config.json "HTTP/1.1 307 Temporary Redirect"
2026-05-18 19:05:11,808 - httpx - INFO - HTTP Request: HEAD https://huggingface.co/api/resolve-cache/models/microsoft/deberta-v3-base/8ccc9b6f36199bec6961081d44eb72fb3f7353f3/config.json "HTTP/1.1 200 OK"
2026-05-18 19:05:12,436 - httpx - INFO - HTTP Request: HEAD https://huggingface.co/microsoft/deberta-v3-base/resolve/main/model.safetensors "HTTP/1.1 404 Not Found"
2026-05-18 19:05:12,667 - httpx - INFO - HTTP Request: GET https://huggingface.co/api/models/microsoft/deberta-v3-base "HTTP/1.1 200 OK"
Loading weights:   0%|          | 0/198 [00:00<?, ?it/s]Loading weights: 100%|██████████| 198/198 [00:00<00:00, 33210.92it/s]
2026-05-18 19:05:12,911 - httpx - INFO - HTTP Request: GET https://huggingface.co/api/models/microsoft/deberta-v3-base/commits/main "HTTP/1.1 200 OK"
2026-05-18 19:05:13,159 - httpx - INFO - HTTP Request: GET https://huggingface.co/api/models/microsoft/deberta-v3-base/discussions?p=0 "HTTP/1.1 200 OK"
2026-05-18 19:05:13,412 - httpx - INFO - HTTP Request: GET https://huggingface.co/api/models/microsoft/deberta-v3-base/commits/refs%2Fpr%2F14 "HTTP/1.1 200 OK"
2026-05-18 19:05:13,649 - httpx - INFO - HTTP Request: HEAD https://huggingface.co/microsoft/deberta-v3-base/resolve/refs%2Fpr%2F14/model.safetensors.index.json "HTTP/1.1 404 Not Found"
[transformers] [1mDebertaV2Model LOAD REPORT[0m from: microsoft/deberta-v3-base
Key                                     | Status     |  | 
----------------------------------------+------------+--+-
lm_predictions.lm_head.LayerNorm.bias   | UNEXPECTED |  | 
lm_predictions.lm_head.dense.bias       | UNEXPECTED |  | 
lm_predictions.lm_head.dense.weight     | UNEXPECTED |  | 
mask_predictions.classifier.bias        | UNEXPECTED |  | 
mask_predictions.LayerNorm.bias         | UNEXPECTED |  | 
mask_predictions.LayerNorm.weight       | UNEXPECTED |  | 
lm_predictions.lm_head.LayerNorm.weight | UNEXPECTED |  | 
mask_predictions.dense.weight           | UNEXPECTED |  | 
mask_predictions.dense.bias             | UNEXPECTED |  | 
mask_predictions.classifier.weight      | UNEXPECTED |  | 
lm_predictions.lm_head.bias             | UNEXPECTED |  | 

Notes:
- UNEXPECTED:	can be ignored when loading from different task/architecture; not ok if you expect identical arch.
2026-05-18 19:05:13,876 - httpx - INFO - HTTP Request: HEAD https://huggingface.co/microsoft/deberta-v3-base/resolve/refs%2Fpr%2F14/model.safetensors "HTTP/1.1 302 Found"
2026-05-18 19:05:15,282 - httpx - INFO - HTTP Request: HEAD https://huggingface.co/microsoft/deberta-v3-base/resolve/main/config.json "HTTP/1.1 307 Temporary Redirect"
2026-05-18 19:05:15,288 - httpx - INFO - HTTP Request: HEAD https://huggingface.co/api/resolve-cache/models/microsoft/deberta-v3-base/8ccc9b6f36199bec6961081d44eb72fb3f7353f3/config.json "HTTP/1.1 200 OK"
2026-05-18 19:05:16,070 - __main__ - INFO - Loaded checkpoint from epoch 10 (model=microsoft/deberta-v3-base)
2026-05-18 19:05:16,071 - __main__ - INFO - Loading dev dataset...
2026-05-18 19:05:16,075 - data_loader - INFO - Initializing IRCDisentanglementDataset with 10 files
2026-05-18 19:05:16,075 - data_loader - INFO -   max_dist=15, max_length=128, skip_labels=False
2026-05-18 19:05:16,078 - data_loader - INFO -   test_start=0, test_end=1000000000
2026-05-18 19:05:16,079 - data_loader - INFO - Loading conversation from /home/s4901673/workspace/irc-disentanglement-bert-pytorch/data/dev/2004-11-15_03.ascii.txt
2026-05-18 19:05:16,080 - data_loader - INFO -   Read 1250 lines from ASCII file
2026-05-18 19:05:16,083 - data_loader - INFO -   Parsed 1250 messages, found 76 unique users
2026-05-18 19:05:16,208 - data_loader - INFO -   Loaded 189 gold links from annotation file
2026-05-18 19:05:16,208 - data_loader - INFO -   Conversation '2004-11-15_03' loaded in 0.13s
2026-05-18 19:05:16,208 - data_loader - INFO -   Creating samples for 2004-11-15_03: all 1250 messages
2026-05-18 19:05:16,211 - data_loader - INFO -   Created 0 samples for 2004-11-15_03
2026-05-18 19:05:16,211 - data_loader - INFO -   File 1/10: 2004-11-15_03 - 1250 messages, 0 total samples so far
2026-05-18 19:05:16,211 - data_loader - INFO - Loading conversation from /home/s4901673/workspace/irc-disentanglement-bert-pytorch/data/dev/2005-06-27_12.ascii.txt
2026-05-18 19:05:16,212 - data_loader - INFO -   Read 1250 lines from ASCII file
2026-05-18 19:05:16,355 - data_loader - INFO -   Parsed 1250 messages, found 77 unique users
2026-05-18 19:05:16,478 - data_loader - INFO -   Loaded 182 gold links from annotation file
2026-05-18 19:05:16,478 - data_loader - INFO -   Conversation '2005-06-27_12' loaded in 0.27s
2026-05-18 19:05:16,479 - data_loader - INFO -   Creating samples for 2005-06-27_12: all 1250 messages
2026-05-18 19:05:16,481 - data_loader - INFO -   Created 0 samples for 2005-06-27_12
2026-05-18 19:05:16,481 - data_loader - INFO -   File 2/10: 2005-06-27_12 - 1250 messages, 0 total samples so far
2026-05-18 19:05:16,481 - data_loader - INFO - Loading conversation from /home/s4901673/workspace/irc-disentanglement-bert-pytorch/data/dev/2005-08-08_01.ascii.txt
2026-05-18 19:05:16,483 - data_loader - INFO -   Read 1250 lines from ASCII file
2026-05-18 19:05:16,486 - data_loader - INFO -   Parsed 1250 messages, found 95 unique users
2026-05-18 19:05:16,644 - data_loader - INFO -   Loaded 186 gold links from annotation file
2026-05-18 19:05:16,644 - data_loader - INFO -   Conversation '2005-08-08_01' loaded in 0.16s
2026-05-18 19:05:16,644 - data_loader - INFO -   Creating samples for 2005-08-08_01: all 1250 messages
2026-05-18 19:05:16,647 - data_loader - INFO -   Created 0 samples for 2005-08-08_01
2026-05-18 19:05:16,647 - data_loader - INFO -   File 3/10: 2005-08-08_01 - 1250 messages, 0 total samples so far
2026-05-18 19:05:16,647 - data_loader - INFO - Loading conversation from /home/s4901673/workspace/irc-disentanglement-bert-pytorch/data/dev/2008-12-11_11.ascii.txt
2026-05-18 19:05:16,648 - data_loader - INFO -   Read 1250 lines from ASCII file
2026-05-18 19:05:16,652 - data_loader - INFO -   Parsed 1250 messages, found 142 unique users
2026-05-18 19:05:16,951 - data_loader - INFO -   Loaded 172 gold links from annotation file
2026-05-18 19:05:16,951 - data_loader - INFO -   Conversation '2008-12-11_11' loaded in 0.30s
2026-05-18 19:05:16,951 - data_loader - INFO -   Creating samples for 2008-12-11_11: all 1250 messages
2026-05-18 19:05:16,954 - data_loader - INFO -   Created 0 samples for 2008-12-11_11
2026-05-18 19:05:16,954 - data_loader - INFO -   File 4/10: 2008-12-11_11 - 1250 messages, 0 total samples so far
2026-05-18 19:05:16,954 - data_loader - INFO - Loading conversation from /home/s4901673/workspace/irc-disentanglement-bert-pytorch/data/dev/2009-02-23_10.ascii.txt
2026-05-18 19:05:16,955 - data_loader - INFO -   Read 1250 lines from ASCII file
2026-05-18 19:05:16,959 - data_loader - INFO -   Parsed 1250 messages, found 111 unique users
2026-05-18 19:05:17,186 - data_loader - INFO -   Loaded 186 gold links from annotation file
2026-05-18 19:05:17,186 - data_loader - INFO -   Conversation '2009-02-23_10' loaded in 0.23s
2026-05-18 19:05:17,186 - data_loader - INFO -   Creating samples for 2009-02-23_10: all 1250 messages
2026-05-18 19:05:17,189 - data_loader - INFO -   Created 0 samples for 2009-02-23_10
2026-05-18 19:05:17,189 - data_loader - INFO -   File 5/10: 2009-02-23_10 - 1250 messages, 0 total samples so far
2026-05-18 19:05:17,189 - data_loader - INFO - Loading conversation from /home/s4901673/workspace/irc-disentanglement-bert-pytorch/data/dev/2009-03-03_10.ascii.txt
2026-05-18 19:05:17,190 - data_loader - INFO -   Read 1250 lines from ASCII file
2026-05-18 19:05:17,193 - data_loader - INFO -   Parsed 1250 messages, found 134 unique users
2026-05-18 19:05:17,471 - data_loader - INFO -   Loaded 188 gold links from annotation file
2026-05-18 19:05:17,472 - data_loader - INFO -   Conversation '2009-03-03_10' loaded in 0.28s
2026-05-18 19:05:17,472 - data_loader - INFO -   Creating samples for 2009-03-03_10: all 1250 messages
2026-05-18 19:05:17,475 - data_loader - INFO -   Created 0 samples for 2009-03-03_10
2026-05-18 19:05:17,475 - data_loader - INFO -   File 6/10: 2009-03-03_10 - 1250 messages, 0 total samples so far
2026-05-18 19:05:17,475 - data_loader - INFO - Loading conversation from /home/s4901673/workspace/irc-disentanglement-bert-pytorch/data/dev/2009-10-01_17.ascii.txt
2026-05-18 19:05:17,476 - data_loader - INFO -   Read 1250 lines from ASCII file
2026-05-18 19:05:17,480 - data_loader - INFO -   Parsed 1250 messages, found 166 unique users
2026-05-18 19:05:17,855 - data_loader - INFO -   Loaded 171 gold links from annotation file
2026-05-18 19:05:17,855 - data_loader - INFO -   Conversation '2009-10-01_17' loaded in 0.38s
2026-05-18 19:05:17,855 - data_loader - INFO -   Creating samples for 2009-10-01_17: all 1250 messages
2026-05-18 19:05:17,858 - data_loader - INFO -   Created 0 samples for 2009-10-01_17
2026-05-18 19:05:17,858 - data_loader - INFO -   File 7/10: 2009-10-01_17 - 1250 messages, 0 total samples so far
2026-05-18 19:05:17,858 - data_loader - INFO - Loading conversation from /home/s4901673/workspace/irc-disentanglement-bert-pytorch/data/dev/2011-05-29_19.ascii.txt
2026-05-18 19:05:17,860 - data_loader - INFO -   Read 1250 lines from ASCII file
2026-05-18 19:05:17,863 - data_loader - INFO -   Parsed 1250 messages, found 152 unique users
2026-05-18 19:05:18,208 - data_loader - INFO -   Loaded 181 gold links from annotation file
2026-05-18 19:05:18,208 - data_loader - INFO -   Conversation '2011-05-29_19' loaded in 0.35s
2026-05-18 19:05:18,208 - data_loader - INFO -   Creating samples for 2011-05-29_19: all 1250 messages
2026-05-18 19:05:18,211 - data_loader - INFO -   Created 0 samples for 2011-05-29_19
2026-05-18 19:05:18,211 - data_loader - INFO -   File 8/10: 2011-05-29_19 - 1250 messages, 0 total samples so far
2026-05-18 19:05:18,211 - data_loader - INFO - Loading conversation from /home/s4901673/workspace/irc-disentanglement-bert-pytorch/data/dev/2011-11-13_02.ascii.txt
2026-05-18 19:05:18,212 - data_loader - INFO -   Read 1250 lines from ASCII file
2026-05-18 19:05:18,216 - data_loader - INFO -   Parsed 1250 messages, found 164 unique users
2026-05-18 19:05:18,589 - data_loader - INFO -   Loaded 165 gold links from annotation file
2026-05-18 19:05:18,589 - data_loader - INFO -   Conversation '2011-11-13_02' loaded in 0.38s
2026-05-18 19:05:18,589 - data_loader - INFO -   Creating samples for 2011-11-13_02: all 1250 messages
2026-05-18 19:05:18,592 - data_loader - INFO -   Created 0 samples for 2011-11-13_02
2026-05-18 19:05:18,592 - data_loader - INFO -   File 9/10: 2011-11-13_02 - 1250 messages, 0 total samples so far
2026-05-18 19:05:18,592 - data_loader - INFO - Loading conversation from /home/s4901673/workspace/irc-disentanglement-bert-pytorch/data/dev/2016-12-19_20.ascii.txt
2026-05-18 19:05:18,593 - data_loader - INFO -   Read 1250 lines from ASCII file
2026-05-18 19:05:18,597 - data_loader - INFO -   Parsed 1250 messages, found 165 unique users
2026-05-18 19:05:18,960 - data_loader - INFO -   Loaded 176 gold links from annotation file
2026-05-18 19:05:18,961 - data_loader - INFO -   Conversation '2016-12-19_20' loaded in 0.37s
2026-05-18 19:05:18,961 - data_loader - INFO -   Creating samples for 2016-12-19_20: all 1250 messages
2026-05-18 19:05:18,964 - data_loader - INFO -   Created 0 samples for 2016-12-19_20
2026-05-18 19:05:18,964 - data_loader - INFO -   File 10/10: 2016-12-19_20 - 1250 messages, 0 total samples so far
2026-05-18 19:05:18,964 - data_loader - INFO - Dataset initialization complete: 0 samples from 10 conversations in 2.89s
2026-05-18 19:05:18,964 - __main__ - INFO - dev dataset: 0 samples
2026-05-18 19:05:18,964 - __main__ - INFO - === Pairwise Metrics (Per-Message Accuracy) ===
2026-05-18 19:05:18,965 - train - INFO - Starting evaluation on 0 samples
Evaluating: 0it [00:00, ?it/s]                              2026-05-18 19:05:19,129 - train - INFO -   COVERAGE: 0/12500 messages have predictions (0.0%)
2026-05-18 19:05:19,130 - train - INFO -     (Messages without predictions: gold parent is outside max_dist window)
2026-05-18 19:05:19,130 - train - INFO - Evaluation complete in 0.16s
2026-05-18 19:05:19,130 - train - INFO -   Loss: 0.0000, Accuracy: 0.0000, Precision: 0.0000, Recall: 0.0000, F1: 0.0000
2026-05-18 19:05:19,130 - __main__ - INFO - ================================================================================
2026-05-18 19:05:19,130 - __main__ - INFO - Evaluation Results (Multiclass Mode)
2026-05-18 19:05:19,130 - __main__ - INFO - ================================================================================
2026-05-18 19:05:19,130 - __main__ - INFO - Loss: 0.0000
2026-05-18 19:05:19,130 - __main__ - INFO - Accuracy: 0.0000
2026-05-18 19:05:19,130 - __main__ - INFO - Precision: 0.0000
2026-05-18 19:05:19,130 - __main__ - INFO - Recall: 0.0000
2026-05-18 19:05:19,130 - __main__ - INFO - F1: 0.0000
2026-05-18 19:05:19,130 - __main__ - INFO - Predicted position distribution (top 10):
2026-05-18 19:05:19,131 - __main__ - INFO - ================================================================================
2026-05-18 19:05:19,131 - __main__ - INFO - === Clustering Metrics (VI / ARI) ===
2026-05-18 19:05:19,133 - __main__ - INFO -   Loaded 494 clusters across 10 conversations
2026-05-18 19:05:19,133 - __main__ - INFO -   Per-conversation clustering metrics (0 conversations, avg coverage=0.0%):
2026-05-18 19:05:19,133 - __main__ - INFO - ================================================================================
2026-05-18 19:05:19,133 - __main__ - INFO - Clustering Evaluation Results
2026-05-18 19:05:19,133 - __main__ - INFO - ================================================================================
2026-05-18 19:05:19,133 - __main__ - INFO - ARI (Adjusted Rand Index): 0.0000
2026-05-18 19:05:19,133 - __main__ - INFO - VI  (Variation of Information): 0.0000
2026-05-18 19:05:19,133 - __main__ - INFO - Conversations evaluated: 0
2026-05-18 19:05:19,133 - __main__ - INFO - ================================================================================
2026-05-18 19:05:19,134 - __main__ - INFO - 
============================================================
2026-05-18 19:05:19,134 - __main__ - INFO - HUMAN-READABLE VALIDATION (showing 3 random conversations)
2026-05-18 19:05:19,134 - __main__ - INFO - ============================================================
2026-05-18 19:05:19,134 - __main__ - INFO - Results saved to: /home/s4901673/workspace/irc-disentanglement-bert-pytorch/logs/eval_20260518_190509.log

=== Evaluating on TEST set ===

2026-05-18 19:05:27,572 - __main__ - INFO - Using device: cuda
2026-05-18 19:05:27,815 - httpx - INFO - HTTP Request: HEAD https://huggingface.co/microsoft/deberta-v3-base/resolve/main/config.json "HTTP/1.1 307 Temporary Redirect"
Warning: You are sending unauthenticated requests to the HF Hub. Please set a HF_TOKEN to enable higher rate limits and faster downloads.
2026-05-18 19:05:27,816 - huggingface_hub.utils._http - WARNING - Warning: You are sending unauthenticated requests to the HF Hub. Please set a HF_TOKEN to enable higher rate limits and faster downloads.
2026-05-18 19:05:27,822 - httpx - INFO - HTTP Request: HEAD https://huggingface.co/api/resolve-cache/models/microsoft/deberta-v3-base/8ccc9b6f36199bec6961081d44eb72fb3f7353f3/config.json "HTTP/1.1 200 OK"
2026-05-18 19:05:28,060 - httpx - INFO - HTTP Request: HEAD https://huggingface.co/microsoft/deberta-v3-base/resolve/main/tokenizer_config.json "HTTP/1.1 307 Temporary Redirect"
2026-05-18 19:05:28,067 - httpx - INFO - HTTP Request: HEAD https://huggingface.co/api/resolve-cache/models/microsoft/deberta-v3-base/8ccc9b6f36199bec6961081d44eb72fb3f7353f3/tokenizer_config.json "HTTP/1.1 200 OK"
2026-05-18 19:05:28,306 - httpx - INFO - HTTP Request: GET https://huggingface.co/api/models/microsoft/deberta-v3-base/tree/main/additional_chat_templates?recursive=false&expand=false "HTTP/1.1 404 Not Found"
2026-05-18 19:05:28,537 - httpx - INFO - HTTP Request: GET https://huggingface.co/api/models/microsoft/deberta-v3-base/tree/main?recursive=true&expand=false "HTTP/1.1 200 OK"
2026-05-18 19:05:29,025 - httpx - INFO - HTTP Request: GET https://huggingface.co/api/models/microsoft/deberta-v3-base "HTTP/1.1 200 OK"
2026-05-18 19:05:29,027 - __main__ - INFO - Loaded tokenizer: DebertaV2Tokenizer
2026-05-18 19:05:29,027 - __main__ - INFO - Loading checkpoint from /scratch/user/s4901673/ircbert_runs/checkpoints_maxdist15/checkpoint_epoch_10.pt
2026-05-18 19:05:29,708 - httpx - INFO - HTTP Request: HEAD https://huggingface.co/microsoft/deberta-v3-base/resolve/main/config.json "HTTP/1.1 307 Temporary Redirect"
2026-05-18 19:05:29,715 - httpx - INFO - HTTP Request: HEAD https://huggingface.co/api/resolve-cache/models/microsoft/deberta-v3-base/8ccc9b6f36199bec6961081d44eb72fb3f7353f3/config.json "HTTP/1.1 200 OK"
2026-05-18 19:05:30,339 - httpx - INFO - HTTP Request: HEAD https://huggingface.co/microsoft/deberta-v3-base/resolve/main/model.safetensors "HTTP/1.1 404 Not Found"
2026-05-18 19:05:30,582 - httpx - INFO - HTTP Request: GET https://huggingface.co/api/models/microsoft/deberta-v3-base "HTTP/1.1 200 OK"
Loading weights:   0%|          | 0/198 [00:00<?, ?it/s]Loading weights: 100%|██████████| 198/198 [00:00<00:00, 35208.89it/s]
2026-05-18 19:05:30,836 - httpx - INFO - HTTP Request: GET https://huggingface.co/api/models/microsoft/deberta-v3-base/commits/main "HTTP/1.1 200 OK"
2026-05-18 19:05:31,084 - httpx - INFO - HTTP Request: GET https://huggingface.co/api/models/microsoft/deberta-v3-base/discussions?p=0 "HTTP/1.1 200 OK"
2026-05-18 19:05:31,324 - httpx - INFO - HTTP Request: GET https://huggingface.co/api/models/microsoft/deberta-v3-base/commits/refs%2Fpr%2F14 "HTTP/1.1 200 OK"
2026-05-18 19:05:31,561 - httpx - INFO - HTTP Request: HEAD https://huggingface.co/microsoft/deberta-v3-base/resolve/refs%2Fpr%2F14/model.safetensors.index.json "HTTP/1.1 404 Not Found"
[transformers] [1mDebertaV2Model LOAD REPORT[0m from: microsoft/deberta-v3-base
Key                                     | Status     |  | 
----------------------------------------+------------+--+-
mask_predictions.classifier.weight      | UNEXPECTED |  | 
mask_predictions.classifier.bias        | UNEXPECTED |  | 
lm_predictions.lm_head.LayerNorm.weight | UNEXPECTED |  | 
lm_predictions.lm_head.LayerNorm.bias   | UNEXPECTED |  | 
lm_predictions.lm_head.bias             | UNEXPECTED |  | 
mask_predictions.LayerNorm.weight       | UNEXPECTED |  | 
lm_predictions.lm_head.dense.bias       | UNEXPECTED |  | 
mask_predictions.dense.weight           | UNEXPECTED |  | 
mask_predictions.LayerNorm.bias         | UNEXPECTED |  | 
lm_predictions.lm_head.dense.weight     | UNEXPECTED |  | 
mask_predictions.dense.bias             | UNEXPECTED |  | 

Notes:
- UNEXPECTED:	can be ignored when loading from different task/architecture; not ok if you expect identical arch.
2026-05-18 19:05:31,792 - httpx - INFO - HTTP Request: HEAD https://huggingface.co/microsoft/deberta-v3-base/resolve/refs%2Fpr%2F14/model.safetensors "HTTP/1.1 302 Found"
2026-05-18 19:05:32,574 - httpx - INFO - HTTP Request: HEAD https://huggingface.co/microsoft/deberta-v3-base/resolve/main/config.json "HTTP/1.1 307 Temporary Redirect"
2026-05-18 19:05:32,581 - httpx - INFO - HTTP Request: HEAD https://huggingface.co/api/resolve-cache/models/microsoft/deberta-v3-base/8ccc9b6f36199bec6961081d44eb72fb3f7353f3/config.json "HTTP/1.1 200 OK"
2026-05-18 19:05:33,358 - __main__ - INFO - Loaded checkpoint from epoch 10 (model=microsoft/deberta-v3-base)
2026-05-18 19:05:33,359 - __main__ - INFO - Loading test dataset...
2026-05-18 19:05:33,363 - data_loader - INFO - Initializing IRCDisentanglementDataset with 10 files
2026-05-18 19:05:33,363 - data_loader - INFO -   max_dist=15, max_length=128, skip_labels=False
2026-05-18 19:05:33,366 - data_loader - INFO -   test_start=0, test_end=1000000000
2026-05-18 19:05:33,367 - data_loader - INFO - Loading conversation from /home/s4901673/workspace/irc-disentanglement-bert-pytorch/data/test/2005-07-06_14.ascii.txt
2026-05-18 19:05:33,368 - data_loader - INFO -   Read 1500 lines from ASCII file
2026-05-18 19:05:33,372 - data_loader - INFO -   Parsed 1500 messages, found 107 unique users
2026-05-18 19:05:33,584 - data_loader - INFO -   Loaded 406 gold links from annotation file
2026-05-18 19:05:33,584 - data_loader - INFO -   Conversation '2005-07-06_14' loaded in 0.22s
2026-05-18 19:05:33,584 - data_loader - INFO -   Creating samples for 2005-07-06_14: all 1500 messages
2026-05-18 19:05:33,588 - data_loader - INFO -   Created 0 samples for 2005-07-06_14
2026-05-18 19:05:33,588 - data_loader - INFO -   File 1/10: 2005-07-06_14 - 1500 messages, 0 total samples so far
2026-05-18 19:05:33,588 - data_loader - INFO - Loading conversation from /home/s4901673/workspace/irc-disentanglement-bert-pytorch/data/test/2007-01-11_12.ascii.txt
2026-05-18 19:05:33,589 - data_loader - INFO -   Read 1500 lines from ASCII file
2026-05-18 19:05:33,729 - data_loader - INFO -   Parsed 1500 messages, found 79 unique users
2026-05-18 19:05:33,875 - data_loader - INFO -   Loaded 425 gold links from annotation file
2026-05-18 19:05:33,875 - data_loader - INFO -   Conversation '2007-01-11_12' loaded in 0.29s
2026-05-18 19:05:33,875 - data_loader - INFO -   Creating samples for 2007-01-11_12: all 1500 messages
2026-05-18 19:05:33,878 - data_loader - INFO -   Created 0 samples for 2007-01-11_12
2026-05-18 19:05:33,878 - data_loader - INFO -   File 2/10: 2007-01-11_12 - 1500 messages, 0 total samples so far
2026-05-18 19:05:33,878 - data_loader - INFO - Loading conversation from /home/s4901673/workspace/irc-disentanglement-bert-pytorch/data/test/2007-12-01_03.ascii.txt
2026-05-18 19:05:33,880 - data_loader - INFO -   Read 1500 lines from ASCII file
2026-05-18 19:05:33,884 - data_loader - INFO -   Parsed 1500 messages, found 131 unique users
2026-05-18 19:05:34,213 - data_loader - INFO -   Loaded 399 gold links from annotation file
2026-05-18 19:05:34,213 - data_loader - INFO -   Conversation '2007-12-01_03' loaded in 0.33s
2026-05-18 19:05:34,213 - data_loader - INFO -   Creating samples for 2007-12-01_03: all 1500 messages
2026-05-18 19:05:34,217 - data_loader - INFO -   Created 0 samples for 2007-12-01_03
2026-05-18 19:05:34,217 - data_loader - INFO -   File 3/10: 2007-12-01_03 - 1500 messages, 0 total samples so far
2026-05-18 19:05:34,217 - data_loader - INFO - Loading conversation from /home/s4901673/workspace/irc-disentanglement-bert-pytorch/data/test/2008-07-14_18.ascii.txt
2026-05-18 19:05:34,219 - data_loader - INFO -   Read 1500 lines from ASCII file
2026-05-18 19:05:34,223 - data_loader - INFO -   Parsed 1500 messages, found 201 unique users
2026-05-18 19:05:34,721 - data_loader - INFO -   Loaded 371 gold links from annotation file
2026-05-18 19:05:34,721 - data_loader - INFO -   Conversation '2008-07-14_18' loaded in 0.50s
2026-05-18 19:05:34,721 - data_loader - INFO -   Creating samples for 2008-07-14_18: all 1500 messages
2026-05-18 19:05:34,725 - data_loader - INFO -   Created 0 samples for 2008-07-14_18
2026-05-18 19:05:34,725 - data_loader - INFO -   File 4/10: 2008-07-14_18 - 1500 messages, 0 total samples so far
2026-05-18 19:05:34,725 - data_loader - INFO - Loading conversation from /home/s4901673/workspace/irc-disentanglement-bert-pytorch/data/test/2010-08-17_18.ascii.txt
2026-05-18 19:05:34,726 - data_loader - INFO -   Read 1500 lines from ASCII file
2026-05-18 19:05:34,730 - data_loader - INFO -   Parsed 1500 messages, found 220 unique users
2026-05-18 19:05:35,317 - data_loader - INFO -   Loaded 363 gold links from annotation file
2026-05-18 19:05:35,317 - data_loader - INFO -   Conversation '2010-08-17_18' loaded in 0.59s
2026-05-18 19:05:35,317 - data_loader - INFO -   Creating samples for 2010-08-17_18: all 1500 messages
2026-05-18 19:05:35,320 - data_loader - INFO -   Created 0 samples for 2010-08-17_18
2026-05-18 19:05:35,321 - data_loader - INFO -   File 5/10: 2010-08-17_18 - 1500 messages, 0 total samples so far
2026-05-18 19:05:35,321 - data_loader - INFO - Loading conversation from /home/s4901673/workspace/irc-disentanglement-bert-pytorch/data/test/2013-09-01_02.ascii.txt
2026-05-18 19:05:35,322 - data_loader - INFO -   Read 1500 lines from ASCII file
2026-05-18 19:05:35,326 - data_loader - INFO -   Parsed 1500 messages, found 154 unique users
2026-05-18 19:05:35,719 - data_loader - INFO -   Loaded 357 gold links from annotation file
2026-05-18 19:05:35,719 - data_loader - INFO -   Conversation '2013-09-01_02' loaded in 0.40s
2026-05-18 19:05:35,719 - data_loader - INFO -   Creating samples for 2013-09-01_02: all 1500 messages
2026-05-18 19:05:35,723 - data_loader - INFO -   Created 0 samples for 2013-09-01_02
2026-05-18 19:05:35,723 - data_loader - INFO -   File 6/10: 2013-09-01_02 - 1500 messages, 0 total samples so far
2026-05-18 19:05:35,723 - data_loader - INFO - Loading conversation from /home/s4901673/workspace/irc-disentanglement-bert-pytorch/data/test/2014-06-18_13.ascii.txt
2026-05-18 19:05:35,724 - data_loader - INFO -   Read 1500 lines from ASCII file
2026-05-18 19:05:35,728 - data_loader - INFO -   Parsed 1500 messages, found 176 unique users
2026-05-18 19:05:36,154 - data_loader - INFO -   Loaded 365 gold links from annotation file
2026-05-18 19:05:36,154 - data_loader - INFO -   Conversation '2014-06-18_13' loaded in 0.43s
2026-05-18 19:05:36,154 - data_loader - INFO -   Creating samples for 2014-06-18_13: all 1500 messages
2026-05-18 19:05:36,158 - data_loader - INFO -   Created 0 samples for 2014-06-18_13
2026-05-18 19:05:36,158 - data_loader - INFO -   File 7/10: 2014-06-18_13 - 1500 messages, 0 total samples so far
2026-05-18 19:05:36,158 - data_loader - INFO - Loading conversation from /home/s4901673/workspace/irc-disentanglement-bert-pytorch/data/test/2015-03-18_05.ascii.txt
2026-05-18 19:05:36,159 - data_loader - INFO -   Read 1500 lines from ASCII file
2026-05-18 19:05:36,163 - data_loader - INFO -   Parsed 1500 messages, found 172 unique users
2026-05-18 19:05:36,601 - data_loader - INFO -   Loaded 380 gold links from annotation file
2026-05-18 19:05:36,601 - data_loader - INFO -   Conversation '2015-03-18_05' loaded in 0.44s
2026-05-18 19:05:36,601 - data_loader - INFO -   Creating samples for 2015-03-18_05: all 1500 messages
2026-05-18 19:05:36,604 - data_loader - INFO -   Created 0 samples for 2015-03-18_05
2026-05-18 19:05:36,605 - data_loader - INFO -   File 8/10: 2015-03-18_05 - 1500 messages, 0 total samples so far
2026-05-18 19:05:36,605 - data_loader - INFO - Loading conversation from /home/s4901673/workspace/irc-disentanglement-bert-pytorch/data/test/2016-02-22_17.ascii.txt
2026-05-18 19:05:36,606 - data_loader - INFO -   Read 1500 lines from ASCII file
2026-05-18 19:05:36,610 - data_loader - INFO -   Parsed 1500 messages, found 158 unique users
2026-05-18 19:05:36,998 - data_loader - INFO -   Loaded 369 gold links from annotation file
2026-05-18 19:05:36,998 - data_loader - INFO -   Conversation '2016-02-22_17' loaded in 0.39s
2026-05-18 19:05:36,999 - data_loader - INFO -   Creating samples for 2016-02-22_17: all 1500 messages
2026-05-18 19:05:37,003 - data_loader - INFO -   Created 0 samples for 2016-02-22_17
2026-05-18 19:05:37,003 - data_loader - INFO -   File 9/10: 2016-02-22_17 - 1500 messages, 0 total samples so far
2026-05-18 19:05:37,003 - data_loader - INFO - Loading conversation from /home/s4901673/workspace/irc-disentanglement-bert-pytorch/data/test/2016-06-08_07.ascii.txt
2026-05-18 19:05:37,004 - data_loader - INFO -   Read 1500 lines from ASCII file
2026-05-18 19:05:37,008 - data_loader - INFO -   Parsed 1500 messages, found 176 unique users
2026-05-18 19:05:37,447 - data_loader - INFO -   Loaded 378 gold links from annotation file
2026-05-18 19:05:37,448 - data_loader - INFO -   Conversation '2016-06-08_07' loaded in 0.44s
2026-05-18 19:05:37,448 - data_loader - INFO -   Creating samples for 2016-06-08_07: all 1500 messages
2026-05-18 19:05:37,451 - data_loader - INFO -   Created 0 samples for 2016-06-08_07
2026-05-18 19:05:37,451 - data_loader - INFO -   File 10/10: 2016-06-08_07 - 1500 messages, 0 total samples so far
2026-05-18 19:05:37,452 - data_loader - INFO - Dataset initialization complete: 0 samples from 10 conversations in 4.08s
2026-05-18 19:05:37,452 - __main__ - INFO - test dataset: 0 samples
2026-05-18 19:05:37,452 - __main__ - INFO - === Pairwise Metrics (Per-Message Accuracy) ===
2026-05-18 19:05:37,453 - train - INFO - Starting evaluation on 0 samples
Evaluating: 0it [00:00, ?it/s]                              2026-05-18 19:05:37,616 - train - INFO -   COVERAGE: 0/15000 messages have predictions (0.0%)
2026-05-18 19:05:37,617 - train - INFO -     (Messages without predictions: gold parent is outside max_dist window)
2026-05-18 19:05:37,617 - train - INFO - Evaluation complete in 0.16s
2026-05-18 19:05:37,617 - train - INFO -   Loss: 0.0000, Accuracy: 0.0000, Precision: 0.0000, Recall: 0.0000, F1: 0.0000
2026-05-18 19:05:37,617 - __main__ - INFO - ================================================================================
2026-05-18 19:05:37,617 - __main__ - INFO - Evaluation Results (Multiclass Mode)
2026-05-18 19:05:37,617 - __main__ - INFO - ================================================================================
2026-05-18 19:05:37,617 - __main__ - INFO - Loss: 0.0000
2026-05-18 19:05:37,617 - __main__ - INFO - Accuracy: 0.0000
2026-05-18 19:05:37,617 - __main__ - INFO - Precision: 0.0000
2026-05-18 19:05:37,617 - __main__ - INFO - Recall: 0.0000
2026-05-18 19:05:37,617 - __main__ - INFO - F1: 0.0000
2026-05-18 19:05:37,617 - __main__ - INFO - Predicted position distribution (top 10):
2026-05-18 19:05:37,617 - __main__ - INFO - ================================================================================
2026-05-18 19:05:37,618 - __main__ - INFO - === Clustering Metrics (VI / ARI) ===
2026-05-18 19:05:37,621 - __main__ - INFO -   Loaded 961 clusters across 10 conversations
2026-05-18 19:05:37,621 - __main__ - INFO -   Per-conversation clustering metrics (0 conversations, avg coverage=0.0%):
2026-05-18 19:05:37,621 - __main__ - INFO - ================================================================================
2026-05-18 19:05:37,621 - __main__ - INFO - Clustering Evaluation Results
2026-05-18 19:05:37,621 - __main__ - INFO - ================================================================================
2026-05-18 19:05:37,621 - __main__ - INFO - ARI (Adjusted Rand Index): 0.0000
2026-05-18 19:05:37,622 - __main__ - INFO - VI  (Variation of Information): 0.0000
2026-05-18 19:05:37,622 - __main__ - INFO - Conversations evaluated: 0
2026-05-18 19:05:37,622 - __main__ - INFO - ================================================================================
2026-05-18 19:05:37,622 - __main__ - INFO - 
============================================================
2026-05-18 19:05:37,622 - __main__ - INFO - HUMAN-READABLE VALIDATION (showing 3 random conversations)
2026-05-18 19:05:37,622 - __main__ - INFO - ============================================================
2026-05-18 19:05:37,622 - __main__ - INFO - Results saved to: /home/s4901673/workspace/irc-disentanglement-bert-pytorch/logs/eval_20260518_190527.log

================================================
 Done!
 Log:        logs/learning_signal_20260518_190346.log
 Checkpoints: /scratch/user/s4901673/ircbert_runs/checkpoints_maxdist15
================================================
