2026-05-18 20:36:32,643 - __main__ - INFO - Using device: cuda
2026-05-18 20:36:32,894 - httpx - INFO - HTTP Request: HEAD https://huggingface.co/microsoft/deberta-v3-base/resolve/main/config.json "HTTP/1.1 307 Temporary Redirect"
2026-05-18 20:36:32,894 - huggingface_hub.utils._http - WARNING - Warning: You are sending unauthenticated requests to the HF Hub. Please set a HF_TOKEN to enable higher rate limits and faster downloads.
2026-05-18 20:36:32,901 - httpx - INFO - HTTP Request: HEAD https://huggingface.co/api/resolve-cache/models/microsoft/deberta-v3-base/8ccc9b6f36199bec6961081d44eb72fb3f7353f3/config.json "HTTP/1.1 200 OK"
2026-05-18 20:36:33,138 - httpx - INFO - HTTP Request: HEAD https://huggingface.co/microsoft/deberta-v3-base/resolve/main/tokenizer_config.json "HTTP/1.1 307 Temporary Redirect"
2026-05-18 20:36:33,145 - httpx - INFO - HTTP Request: HEAD https://huggingface.co/api/resolve-cache/models/microsoft/deberta-v3-base/8ccc9b6f36199bec6961081d44eb72fb3f7353f3/tokenizer_config.json "HTTP/1.1 200 OK"
2026-05-18 20:36:33,385 - httpx - INFO - HTTP Request: GET https://huggingface.co/api/models/microsoft/deberta-v3-base/tree/main/additional_chat_templates?recursive=false&expand=false "HTTP/1.1 404 Not Found"
2026-05-18 20:36:33,627 - httpx - INFO - HTTP Request: GET https://huggingface.co/api/models/microsoft/deberta-v3-base/tree/main?recursive=true&expand=false "HTTP/1.1 200 OK"
2026-05-18 20:36:34,107 - httpx - INFO - HTTP Request: GET https://huggingface.co/api/models/microsoft/deberta-v3-base "HTTP/1.1 200 OK"
2026-05-18 20:36:34,109 - __main__ - INFO - Loaded tokenizer: DebertaV2Tokenizer
2026-05-18 20:36:34,109 - __main__ - INFO - Loading checkpoint from /scratch/user/s4901673/ircbert_runs/checkpoints_maxdist50/checkpoint_epoch_10.pt
2026-05-18 20:36:34,785 - httpx - INFO - HTTP Request: HEAD https://huggingface.co/microsoft/deberta-v3-base/resolve/main/config.json "HTTP/1.1 307 Temporary Redirect"
2026-05-18 20:36:34,792 - httpx - INFO - HTTP Request: HEAD https://huggingface.co/api/resolve-cache/models/microsoft/deberta-v3-base/8ccc9b6f36199bec6961081d44eb72fb3f7353f3/config.json "HTTP/1.1 200 OK"
2026-05-18 20:36:35,460 - httpx - INFO - HTTP Request: HEAD https://huggingface.co/microsoft/deberta-v3-base/resolve/main/model.safetensors "HTTP/1.1 404 Not Found"
2026-05-18 20:36:35,691 - httpx - INFO - HTTP Request: GET https://huggingface.co/api/models/microsoft/deberta-v3-base "HTTP/1.1 200 OK"
2026-05-18 20:36:35,994 - httpx - INFO - HTTP Request: GET https://huggingface.co/api/models/microsoft/deberta-v3-base/commits/main "HTTP/1.1 200 OK"
2026-05-18 20:36:36,260 - httpx - INFO - HTTP Request: GET https://huggingface.co/api/models/microsoft/deberta-v3-base/discussions?p=0 "HTTP/1.1 200 OK"
2026-05-18 20:36:36,522 - httpx - INFO - HTTP Request: GET https://huggingface.co/api/models/microsoft/deberta-v3-base/commits/refs%2Fpr%2F14 "HTTP/1.1 200 OK"
2026-05-18 20:36:36,754 - httpx - INFO - HTTP Request: HEAD https://huggingface.co/microsoft/deberta-v3-base/resolve/refs%2Fpr%2F14/model.safetensors.index.json "HTTP/1.1 404 Not Found"
2026-05-18 20:36:36,997 - httpx - INFO - HTTP Request: HEAD https://huggingface.co/microsoft/deberta-v3-base/resolve/refs%2Fpr%2F14/model.safetensors "HTTP/1.1 302 Found"
2026-05-18 20:36:36,998 - httpx - INFO - HTTP Request: HEAD https://huggingface.co/microsoft/deberta-v3-base/resolve/main/config.json "HTTP/1.1 307 Temporary Redirect"
2026-05-18 20:36:37,005 - httpx - INFO - HTTP Request: HEAD https://huggingface.co/api/resolve-cache/models/microsoft/deberta-v3-base/8ccc9b6f36199bec6961081d44eb72fb3f7353f3/config.json "HTTP/1.1 200 OK"
2026-05-18 20:36:37,814 - __main__ - INFO - Loaded checkpoint from epoch 10 (model=microsoft/deberta-v3-base)
2026-05-18 20:36:37,815 - __main__ - INFO - Loading test dataset...
2026-05-18 20:36:37,818 - data_loader - INFO - Initializing IRCDisentanglementDataset with 10 files
2026-05-18 20:36:37,818 - data_loader - INFO -   max_dist=50, max_length=128, skip_labels=False
2026-05-18 20:36:37,821 - data_loader - INFO -   test_start=0, test_end=1000000000
2026-05-18 20:36:37,822 - data_loader - INFO - Loading conversation from /home/s4901673/workspace/irc-disentanglement-bert-pytorch/data/test/2005-07-06_14.ascii.txt
2026-05-18 20:36:37,823 - data_loader - INFO -   Read 1500 lines from ASCII file
2026-05-18 20:36:37,827 - data_loader - INFO -   Parsed 1500 messages, found 107 unique users
2026-05-18 20:36:38,037 - data_loader - INFO -   Loaded 500 gold links from annotation file
2026-05-18 20:36:38,037 - data_loader - INFO -   Conversation '2005-07-06_14' loaded in 0.22s
2026-05-18 20:36:38,037 - data_loader - INFO -   Creating samples for 2005-07-06_14: all 1500 messages
2026-05-18 20:36:38,044 - data_loader - INFO -   LABEL CHECK [2005-07-06_14 sample #0]: gold_parent_idx=36, gold_msg_idx=993, C=42, msg_i_idx=1000, candidate_range=[951, 998]
2026-05-18 20:36:38,044 - data_loader - INFO -   LABEL CHECK [2005-07-06_14 sample #1]: gold_parent_idx=40, gold_msg_idx=1000, C=42, msg_i_idx=1002, candidate_range=[953, 1001]
2026-05-18 20:36:38,044 - data_loader - INFO -   LABEL CHECK [2005-07-06_14 sample #2]: gold_parent_idx=38, gold_msg_idx=998, C=42, msg_i_idx=1003, candidate_range=[955, 1002]
2026-05-18 20:36:38,096 - data_loader - INFO -   Created 342 samples for 2005-07-06_14
2026-05-18 20:36:38,096 - data_loader - INFO -   File 1/10: 2005-07-06_14 - 1500 messages, 342 total samples so far
2026-05-18 20:36:38,096 - data_loader - INFO - Loading conversation from /home/s4901673/workspace/irc-disentanglement-bert-pytorch/data/test/2007-01-11_12.ascii.txt
2026-05-18 20:36:38,098 - data_loader - INFO -   Read 1500 lines from ASCII file
2026-05-18 20:36:38,102 - data_loader - INFO -   Parsed 1500 messages, found 79 unique users
2026-05-18 20:36:38,256 - data_loader - INFO -   Loaded 500 gold links from annotation file
2026-05-18 20:36:38,256 - data_loader - INFO -   Conversation '2007-01-11_12' loaded in 0.16s
2026-05-18 20:36:38,256 - data_loader - INFO -   Creating samples for 2007-01-11_12: all 1500 messages
2026-05-18 20:36:38,262 - data_loader - INFO -   LABEL CHECK [2007-01-11_12 sample #342]: gold_parent_idx=25, gold_msg_idx=992, C=29, msg_i_idx=1002, candidate_range=[953, 1000]
2026-05-18 20:36:38,262 - data_loader - INFO -   LABEL CHECK [2007-01-11_12 sample #343]: gold_parent_idx=27, gold_msg_idx=1000, C=29, msg_i_idx=1003, candidate_range=[954, 1002]
2026-05-18 20:36:38,262 - data_loader - INFO -   LABEL CHECK [2007-01-11_12 sample #344]: gold_parent_idx=26, gold_msg_idx=1002, C=28, msg_i_idx=1005, candidate_range=[959, 1003]
2026-05-18 20:36:38,306 - data_loader - INFO -   Created 312 samples for 2007-01-11_12
2026-05-18 20:36:38,306 - data_loader - INFO -   File 2/10: 2007-01-11_12 - 1500 messages, 654 total samples so far
2026-05-18 20:36:38,306 - data_loader - INFO - Loading conversation from /home/s4901673/workspace/irc-disentanglement-bert-pytorch/data/test/2007-12-01_03.ascii.txt
2026-05-18 20:36:38,307 - data_loader - INFO -   Read 1500 lines from ASCII file
2026-05-18 20:36:38,311 - data_loader - INFO -   Parsed 1500 messages, found 131 unique users
2026-05-18 20:36:38,662 - data_loader - INFO -   Loaded 500 gold links from annotation file
2026-05-18 20:36:38,662 - data_loader - INFO -   Conversation '2007-12-01_03' loaded in 0.36s
2026-05-18 20:36:38,662 - data_loader - INFO -   Creating samples for 2007-12-01_03: all 1500 messages
2026-05-18 20:36:38,669 - data_loader - INFO -   LABEL CHECK [2007-12-01_03 sample #654]: gold_parent_idx=45, gold_msg_idx=999, C=48, msg_i_idx=1002, candidate_range=[953, 1001]
2026-05-18 20:36:38,669 - data_loader - INFO -   LABEL CHECK [2007-12-01_03 sample #655]: gold_parent_idx=46, gold_msg_idx=1002, C=47, msg_i_idx=1004, candidate_range=[955, 1002]
2026-05-18 20:36:38,670 - data_loader - INFO -   LABEL CHECK [2007-12-01_03 sample #656]: gold_parent_idx=46, gold_msg_idx=1004, C=47, msg_i_idx=1005, candidate_range=[956, 1004]
2026-05-18 20:36:38,749 - data_loader - INFO -   Created 426 samples for 2007-12-01_03
2026-05-18 20:36:38,749 - data_loader - INFO -   File 3/10: 2007-12-01_03 - 1500 messages, 1080 total samples so far
2026-05-18 20:36:38,749 - data_loader - INFO - Loading conversation from /home/s4901673/workspace/irc-disentanglement-bert-pytorch/data/test/2008-07-14_18.ascii.txt
2026-05-18 20:36:38,751 - data_loader - INFO -   Read 1500 lines from ASCII file
2026-05-18 20:36:38,755 - data_loader - INFO -   Parsed 1500 messages, found 201 unique users
2026-05-18 20:36:39,275 - data_loader - INFO -   Loaded 500 gold links from annotation file
2026-05-18 20:36:39,276 - data_loader - INFO -   Conversation '2008-07-14_18' loaded in 0.53s
2026-05-18 20:36:39,276 - data_loader - INFO -   Creating samples for 2008-07-14_18: all 1500 messages
2026-05-18 20:36:39,282 - data_loader - INFO -   LABEL CHECK [2008-07-14_18 sample #1080]: gold_parent_idx=33, gold_msg_idx=985, C=49, msg_i_idx=1001, candidate_range=[952, 1000]
2026-05-18 20:36:39,283 - data_loader - INFO -   LABEL CHECK [2008-07-14_18 sample #1081]: gold_parent_idx=47, gold_msg_idx=1000, C=49, msg_i_idx=1002, candidate_range=[953, 1001]
2026-05-18 20:36:39,283 - data_loader - INFO -   LABEL CHECK [2008-07-14_18 sample #1082]: gold_parent_idx=47, gold_msg_idx=1002, C=48, msg_i_idx=1004, candidate_range=[955, 1002]
2026-05-18 20:36:39,359 - data_loader - INFO -   Created 406 samples for 2008-07-14_18
2026-05-18 20:36:39,359 - data_loader - INFO -   File 4/10: 2008-07-14_18 - 1500 messages, 1486 total samples so far
2026-05-18 20:36:39,359 - data_loader - INFO - Loading conversation from /home/s4901673/workspace/irc-disentanglement-bert-pytorch/data/test/2010-08-17_18.ascii.txt
2026-05-18 20:36:39,361 - data_loader - INFO -   Read 1500 lines from ASCII file
2026-05-18 20:36:39,365 - data_loader - INFO -   Parsed 1500 messages, found 220 unique users
2026-05-18 20:36:40,050 - data_loader - INFO -   Loaded 500 gold links from annotation file
2026-05-18 20:36:40,050 - data_loader - INFO -   Conversation '2010-08-17_18' loaded in 0.69s
2026-05-18 20:36:40,050 - data_loader - INFO -   Creating samples for 2010-08-17_18: all 1500 messages
2026-05-18 20:36:40,057 - data_loader - INFO -   LABEL CHECK [2010-08-17_18 sample #1486]: gold_parent_idx=33, gold_msg_idx=985, C=48, msg_i_idx=1000, candidate_range=[951, 999]
2026-05-18 20:36:40,057 - data_loader - INFO -   LABEL CHECK [2010-08-17_18 sample #1487]: gold_parent_idx=46, gold_msg_idx=999, C=48, msg_i_idx=1001, candidate_range=[952, 1000]
2026-05-18 20:36:40,058 - data_loader - INFO -   LABEL CHECK [2010-08-17_18 sample #1488]: gold_parent_idx=46, gold_msg_idx=1000, C=48, msg_i_idx=1002, candidate_range=[953, 1001]
2026-05-18 20:36:40,145 - data_loader - INFO -   Created 408 samples for 2010-08-17_18
2026-05-18 20:36:40,145 - data_loader - INFO -   File 5/10: 2010-08-17_18 - 1500 messages, 1894 total samples so far
2026-05-18 20:36:40,145 - data_loader - INFO - Loading conversation from /home/s4901673/workspace/irc-disentanglement-bert-pytorch/data/test/2013-09-01_02.ascii.txt
2026-05-18 20:36:40,147 - data_loader - INFO -   Read 1500 lines from ASCII file
2026-05-18 20:36:40,151 - data_loader - INFO -   Parsed 1500 messages, found 154 unique users
2026-05-18 20:36:40,566 - data_loader - INFO -   Loaded 500 gold links from annotation file
2026-05-18 20:36:40,566 - data_loader - INFO -   Conversation '2013-09-01_02' loaded in 0.42s
2026-05-18 20:36:40,566 - data_loader - INFO -   Creating samples for 2013-09-01_02: all 1500 messages
2026-05-18 20:36:40,573 - data_loader - INFO -   LABEL CHECK [2013-09-01_02 sample #1894]: gold_parent_idx=47, gold_msg_idx=999, C=48, msg_i_idx=1000, candidate_range=[951, 999]
2026-05-18 20:36:40,573 - data_loader - INFO -   LABEL CHECK [2013-09-01_02 sample #1895]: gold_parent_idx=44, gold_msg_idx=997, C=48, msg_i_idx=1001, candidate_range=[952, 1000]
2026-05-18 20:36:40,573 - data_loader - INFO -   LABEL CHECK [2013-09-01_02 sample #1896]: gold_parent_idx=47, gold_msg_idx=1001, C=48, msg_i_idx=1002, candidate_range=[953, 1001]
2026-05-18 20:36:40,660 - data_loader - INFO -   Created 434 samples for 2013-09-01_02
2026-05-18 20:36:40,660 - data_loader - INFO -   File 6/10: 2013-09-01_02 - 1500 messages, 2328 total samples so far
2026-05-18 20:36:40,660 - data_loader - INFO - Loading conversation from /home/s4901673/workspace/irc-disentanglement-bert-pytorch/data/test/2014-06-18_13.ascii.txt
2026-05-18 20:36:40,661 - data_loader - INFO -   Read 1500 lines from ASCII file
2026-05-18 20:36:40,666 - data_loader - INFO -   Parsed 1500 messages, found 176 unique users
2026-05-18 20:36:41,123 - data_loader - INFO -   Loaded 500 gold links from annotation file
2026-05-18 20:36:41,123 - data_loader - INFO -   Conversation '2014-06-18_13' loaded in 0.46s
2026-05-18 20:36:41,124 - data_loader - INFO -   Creating samples for 2014-06-18_13: all 1500 messages
2026-05-18 20:36:41,130 - data_loader - INFO -   LABEL CHECK [2014-06-18_13 sample #2328]: gold_parent_idx=35, gold_msg_idx=996, C=39, msg_i_idx=1003, candidate_range=[954, 1001]
2026-05-18 20:36:41,131 - data_loader - INFO -   LABEL CHECK [2014-06-18_13 sample #2329]: gold_parent_idx=38, gold_msg_idx=1003, C=39, msg_i_idx=1004, candidate_range=[955, 1003]
2026-05-18 20:36:41,131 - data_loader - INFO -   LABEL CHECK [2014-06-18_13 sample #2330]: gold_parent_idx=38, gold_msg_idx=1005, C=39, msg_i_idx=1006, candidate_range=[958, 1005]
2026-05-18 20:36:41,209 - data_loader - INFO -   Created 417 samples for 2014-06-18_13
2026-05-18 20:36:41,210 - data_loader - INFO -   File 7/10: 2014-06-18_13 - 1500 messages, 2745 total samples so far
2026-05-18 20:36:41,210 - data_loader - INFO - Loading conversation from /home/s4901673/workspace/irc-disentanglement-bert-pytorch/data/test/2015-03-18_05.ascii.txt
2026-05-18 20:36:41,211 - data_loader - INFO -   Read 1500 lines from ASCII file
2026-05-18 20:36:41,215 - data_loader - INFO -   Parsed 1500 messages, found 172 unique users
2026-05-18 20:36:41,668 - data_loader - INFO -   Loaded 500 gold links from annotation file
2026-05-18 20:36:41,669 - data_loader - INFO -   Conversation '2015-03-18_05' loaded in 0.46s
2026-05-18 20:36:41,669 - data_loader - INFO -   Creating samples for 2015-03-18_05: all 1500 messages
2026-05-18 20:36:41,675 - data_loader - INFO -   LABEL CHECK [2015-03-18_05 sample #2745]: gold_parent_idx=42, gold_msg_idx=995, C=46, msg_i_idx=1000, candidate_range=[951, 999]
2026-05-18 20:36:41,676 - data_loader - INFO -   LABEL CHECK [2015-03-18_05 sample #2746]: gold_parent_idx=45, gold_msg_idx=1000, C=46, msg_i_idx=1001, candidate_range=[952, 1000]
2026-05-18 20:36:41,676 - data_loader - INFO -   LABEL CHECK [2015-03-18_05 sample #2747]: gold_parent_idx=45, gold_msg_idx=1001, C=46, msg_i_idx=1002, candidate_range=[953, 1001]
2026-05-18 20:36:41,755 - data_loader - INFO -   Created 414 samples for 2015-03-18_05
2026-05-18 20:36:41,755 - data_loader - INFO -   File 8/10: 2015-03-18_05 - 1500 messages, 3159 total samples so far
2026-05-18 20:36:41,755 - data_loader - INFO - Loading conversation from /home/s4901673/workspace/irc-disentanglement-bert-pytorch/data/test/2016-02-22_17.ascii.txt
2026-05-18 20:36:41,757 - data_loader - INFO -   Read 1500 lines from ASCII file
2026-05-18 20:36:41,761 - data_loader - INFO -   Parsed 1500 messages, found 158 unique users
2026-05-18 20:36:42,161 - data_loader - INFO -   Loaded 500 gold links from annotation file
2026-05-18 20:36:42,161 - data_loader - INFO -   Conversation '2016-02-22_17' loaded in 0.41s
2026-05-18 20:36:42,161 - data_loader - INFO -   Creating samples for 2016-02-22_17: all 1500 messages
2026-05-18 20:36:42,168 - data_loader - INFO -   LABEL CHECK [2016-02-22_17 sample #3159]: gold_parent_idx=47, gold_msg_idx=999, C=48, msg_i_idx=1000, candidate_range=[951, 999]
2026-05-18 20:36:42,168 - data_loader - INFO -   LABEL CHECK [2016-02-22_17 sample #3160]: gold_parent_idx=47, gold_msg_idx=1000, C=48, msg_i_idx=1001, candidate_range=[952, 1000]
2026-05-18 20:36:42,169 - data_loader - INFO -   LABEL CHECK [2016-02-22_17 sample #3161]: gold_parent_idx=46, gold_msg_idx=1003, C=47, msg_i_idx=1004, candidate_range=[955, 1003]
2026-05-18 20:36:42,248 - data_loader - INFO -   Created 444 samples for 2016-02-22_17
2026-05-18 20:36:42,248 - data_loader - INFO -   File 9/10: 2016-02-22_17 - 1500 messages, 3603 total samples so far
2026-05-18 20:36:42,249 - data_loader - INFO - Loading conversation from /home/s4901673/workspace/irc-disentanglement-bert-pytorch/data/test/2016-06-08_07.ascii.txt
2026-05-18 20:36:42,250 - data_loader - INFO -   Read 1500 lines from ASCII file
2026-05-18 20:36:42,254 - data_loader - INFO -   Parsed 1500 messages, found 176 unique users
2026-05-18 20:36:42,717 - data_loader - INFO -   Loaded 500 gold links from annotation file
2026-05-18 20:36:42,717 - data_loader - INFO -   Conversation '2016-06-08_07' loaded in 0.47s
2026-05-18 20:36:42,717 - data_loader - INFO -   Creating samples for 2016-06-08_07: all 1500 messages
2026-05-18 20:36:42,723 - data_loader - INFO -   LABEL CHECK [2016-06-08_07 sample #3603]: gold_parent_idx=47, gold_msg_idx=999, C=48, msg_i_idx=1000, candidate_range=[951, 999]
2026-05-18 20:36:42,724 - data_loader - INFO -   LABEL CHECK [2016-06-08_07 sample #3604]: gold_parent_idx=47, gold_msg_idx=1000, C=48, msg_i_idx=1001, candidate_range=[952, 1000]
2026-05-18 20:36:42,724 - data_loader - INFO -   LABEL CHECK [2016-06-08_07 sample #3605]: gold_parent_idx=41, gold_msg_idx=995, C=48, msg_i_idx=1002, candidate_range=[953, 1001]
2026-05-18 20:36:42,797 - data_loader - INFO -   Created 396 samples for 2016-06-08_07
2026-05-18 20:36:42,797 - data_loader - INFO -   File 10/10: 2016-06-08_07 - 1500 messages, 3999 total samples so far
2026-05-18 20:36:42,797 - data_loader - INFO - Dataset initialization complete: 3999 samples from 10 conversations in 4.98s
2026-05-18 20:36:42,797 - __main__ - INFO - test dataset: 3999 samples
2026-05-18 20:36:42,797 - __main__ - INFO - === Pairwise Metrics (Per-Message Accuracy) ===
2026-05-18 20:36:42,798 - train - INFO - Starting evaluation on 3999 samples
2026-05-18 20:36:47,606 - train - INFO -   Evaluation progress: 10/250 batches (2.08 batches/s)
2026-05-18 20:36:51,399 - train - INFO -   Evaluation progress: 20/250 batches (2.33 batches/s)
2026-05-18 20:36:55,082 - train - INFO -   Evaluation progress: 30/250 batches (2.44 batches/s)
2026-05-18 20:36:58,534 - train - INFO -   Evaluation progress: 40/250 batches (2.54 batches/s)
2026-05-18 20:37:03,159 - train - INFO -   Evaluation progress: 50/250 batches (2.46 batches/s)
2026-05-18 20:37:07,795 - train - INFO -   Evaluation progress: 60/250 batches (2.40 batches/s)
2026-05-18 20:37:12,394 - train - INFO -   Evaluation progress: 70/250 batches (2.37 batches/s)
2026-05-18 20:37:17,094 - train - INFO -   Evaluation progress: 80/250 batches (2.33 batches/s)
2026-05-18 20:37:21,773 - train - INFO -   Evaluation progress: 90/250 batches (2.31 batches/s)
2026-05-18 20:37:26,428 - train - INFO -   Evaluation progress: 100/250 batches (2.29 batches/s)
2026-05-18 20:37:31,110 - train - INFO -   Evaluation progress: 110/250 batches (2.28 batches/s)
2026-05-18 20:37:35,807 - train - INFO -   Evaluation progress: 120/250 batches (2.26 batches/s)
2026-05-18 20:37:40,488 - train - INFO -   Evaluation progress: 130/250 batches (2.25 batches/s)
2026-05-18 20:37:45,146 - train - INFO -   Evaluation progress: 140/250 batches (2.25 batches/s)
2026-05-18 20:37:49,778 - train - INFO -   Evaluation progress: 150/250 batches (2.24 batches/s)
2026-05-18 20:37:54,340 - train - INFO -   Evaluation progress: 160/250 batches (2.24 batches/s)
2026-05-18 20:37:59,080 - train - INFO -   Evaluation progress: 170/250 batches (2.23 batches/s)
2026-05-18 20:38:03,705 - train - INFO -   Evaluation progress: 180/250 batches (2.22 batches/s)
2026-05-18 20:38:08,399 - train - INFO -   Evaluation progress: 190/250 batches (2.22 batches/s)
2026-05-18 20:38:13,040 - train - INFO -   Evaluation progress: 200/250 batches (2.22 batches/s)
2026-05-18 20:38:17,781 - train - INFO -   Evaluation progress: 210/250 batches (2.21 batches/s)
2026-05-18 20:38:22,535 - train - INFO -   Evaluation progress: 220/250 batches (2.21 batches/s)
2026-05-18 20:38:27,157 - train - INFO -   Evaluation progress: 230/250 batches (2.20 batches/s)
2026-05-18 20:38:31,731 - train - INFO -   Evaluation progress: 240/250 batches (2.20 batches/s)
2026-05-18 20:38:36,391 - train - INFO -   Evaluation progress: 250/250 batches (2.20 batches/s)
2026-05-18 20:38:36,485 - train - INFO -   BASELINE: 'Predict last candidate (position 48)' accuracy: 0.0540
2026-05-18 20:38:36,485 - train - INFO -     (If this is >0.8, the model may be exploiting positional shortcuts)
2026-05-18 20:38:36,486 - train - INFO -   Gold label distribution (ALL 48 active positions):
2026-05-18 20:38:36,486 - train - INFO -     Position 46:   526 (13.2%)
2026-05-18 20:38:36,486 - train - INFO -     Position 45:   499 (12.5%)
2026-05-18 20:38:36,486 - train - INFO -     Position 47:   453 (11.3%)
2026-05-18 20:38:36,486 - train - INFO -     Position 44:   404 (10.1%)
2026-05-18 20:38:36,486 - train - INFO -     Position 43:   316 (7.9%)
2026-05-18 20:38:36,486 - train - INFO -     Position 42:   234 (5.9%)
2026-05-18 20:38:36,486 - train - INFO -     Position 48:   216 (5.4%)
2026-05-18 20:38:36,486 - train - INFO -     Position 41:   156 (3.9%)
2026-05-18 20:38:36,486 - train - INFO -     Position 37:   107 (2.7%)
2026-05-18 20:38:36,486 - train - INFO -     Position 40:   104 (2.6%)
2026-05-18 20:38:36,486 - train - INFO -     Position 38:   102 (2.6%)
2026-05-18 20:38:36,487 - train - INFO -     Position 39:    97 (2.4%)
2026-05-18 20:38:36,487 - train - INFO -     Position 35:    88 (2.2%)
2026-05-18 20:38:36,487 - train - INFO -     Position 36:    86 (2.2%)
2026-05-18 20:38:36,487 - train - INFO -     Position 34:    82 (2.1%)
2026-05-18 20:38:36,487 - train - INFO -     Position 33:    76 (1.9%)
2026-05-18 20:38:36,487 - train - INFO -     Position 32:    73 (1.8%)
2026-05-18 20:38:36,487 - train - INFO -     Position 30:    47 (1.2%)
2026-05-18 20:38:36,487 - train - INFO -     Position 31:    46 (1.2%)
2026-05-18 20:38:36,487 - train - INFO -     Position 29:    45 (1.1%)
2026-05-18 20:38:36,487 - train - INFO -     Position 27:    34 (0.9%)
2026-05-18 20:38:36,487 - train - INFO -     Position 28:    31 (0.8%)
2026-05-18 20:38:36,487 - train - INFO -     Position 26:    23 (0.6%)
2026-05-18 20:38:36,487 - train - INFO -     Position 25:    16 (0.4%)
2026-05-18 20:38:36,487 - train - INFO -     Position 24:    15 (0.4%)
2026-05-18 20:38:36,487 - train - INFO -     Position 22:    13 (0.3%)
2026-05-18 20:38:36,487 - train - INFO -     Position 23:    13 (0.3%)
2026-05-18 20:38:36,487 - train - INFO -     Position 21:    12 (0.3%)
2026-05-18 20:38:36,488 - train - INFO -     Position 14:    11 (0.3%)
2026-05-18 20:38:36,488 - train - INFO -     Position 19:     9 (0.2%)
2026-05-18 20:38:36,488 - train - INFO -     Position 18:     9 (0.2%)
2026-05-18 20:38:36,488 - train - INFO -     Position 16:     8 (0.2%)
2026-05-18 20:38:36,488 - train - INFO -     Position 13:     8 (0.2%)
2026-05-18 20:38:36,488 - train - INFO -     Position 20:     5 (0.1%)
2026-05-18 20:38:36,488 - train - INFO -     Position 17:     5 (0.1%)
2026-05-18 20:38:36,488 - train - INFO -     Position 11:     4 (0.1%)
2026-05-18 20:38:36,488 - train - INFO -     Position  2:     4 (0.1%)
2026-05-18 20:38:36,488 - train - INFO -     Position 15:     3 (0.1%)
2026-05-18 20:38:36,488 - train - INFO -     Position  6:     3 (0.1%)
2026-05-18 20:38:36,488 - train - INFO -     Position 12:     3 (0.1%)
2026-05-18 20:38:36,488 - train - INFO -     Position  1:     2 (0.1%)
2026-05-18 20:38:36,488 - train - INFO -     Position  7:     2 (0.1%)
2026-05-18 20:38:36,488 - train - INFO -     Position  5:     2 (0.1%)
2026-05-18 20:38:36,488 - train - INFO -     Position  0:     2 (0.1%)
2026-05-18 20:38:36,489 - train - INFO -     Position 10:     2 (0.1%)
2026-05-18 20:38:36,489 - train - INFO -     Position  4:     1 (0.0%)
2026-05-18 20:38:36,489 - train - INFO -     Position  8:     1 (0.0%)
2026-05-18 20:38:36,489 - train - INFO -     Position  3:     1 (0.0%)
2026-05-18 20:38:36,489 - train - INFO -   BASELINE: 'Always predict position 46 (most common)' accuracy: 0.1315
2026-05-18 20:38:36,489 - train - INFO -     (Position 46 has 526/3999 = 13.2% of gold labels)
2026-05-18 20:38:36,489 - train - INFO -   RECENCY CHECK: 29.9% of gold labels are in positions 46-49 (last 4 of 50)
2026-05-18 20:38:36,489 - train - INFO -     (If >80%%, the task is dominated by recency bias — model may be shortcutting)
2026-05-18 20:38:36,489 - train - INFO -   COVERAGE: 3999/15000 messages have predictions (26.7%)
2026-05-18 20:38:36,489 - train - INFO -     (Messages without predictions: gold parent is outside max_dist window)
2026-05-18 20:38:36,489 - train - INFO -   Prediction sample (first 20):
2026-05-18 20:38:36,490 - train - INFO -     Predicted: [39, 37, 36, 16, 34, 33, 32, 31, 30, 29, 28, 28, 27, 26, 5, 24, 4, 3, 2, 32]
2026-05-18 20:38:36,490 - train - INFO -     Gold:      [36, 40, 38, 42, 42, 42, 42, 41, 41, 42, 33, 43, 43, 40, 42, 43, 30, 42, 43, 40]
2026-05-18 20:38:36,490 - train - INFO -     Abs error: [3, 3, 2, 26, 8, 9, 10, 10, 11, 13, 5, 15, 16, 14, 37, 19, 26, 39, 41, 8] (mean=15.75)
2026-05-18 20:38:36,490 - train - INFO -   Per-position accuracy (all 49 positions):
2026-05-18 20:38:36,490 - train - INFO -     Position  0: 0.000 accuracy (2 samples)
2026-05-18 20:38:36,490 - train - INFO -     Position  1: 0.000 accuracy (2 samples)
2026-05-18 20:38:36,490 - train - INFO -     Position  2: 0.000 accuracy (4 samples)
2026-05-18 20:38:36,491 - train - INFO -     Position  3: 0.000 accuracy (1 samples)
2026-05-18 20:38:36,491 - train - INFO -     Position  4: 0.000 accuracy (1 samples)
2026-05-18 20:38:36,491 - train - INFO -     Position  5: 0.000 accuracy (2 samples)
2026-05-18 20:38:36,491 - train - INFO -     Position  6: 0.000 accuracy (3 samples)
2026-05-18 20:38:36,491 - train - INFO -     Position  7: 0.500 accuracy (2 samples)
2026-05-18 20:38:36,491 - train - INFO -     Position  8: 0.000 accuracy (1 samples)
2026-05-18 20:38:36,492 - train - INFO -     Position 10: 0.000 accuracy (2 samples)
2026-05-18 20:38:36,492 - train - INFO -     Position 11: 0.000 accuracy (4 samples)
2026-05-18 20:38:36,492 - train - INFO -     Position 12: 0.000 accuracy (3 samples)
2026-05-18 20:38:36,492 - train - INFO -     Position 13: 0.000 accuracy (8 samples)
2026-05-18 20:38:36,492 - train - INFO -     Position 14: 0.091 accuracy (11 samples)
2026-05-18 20:38:36,492 - train - INFO -     Position 15: 0.333 accuracy (3 samples)
2026-05-18 20:38:36,493 - train - INFO -     Position 16: 0.000 accuracy (8 samples)
2026-05-18 20:38:36,493 - train - INFO -     Position 17: 0.000 accuracy (5 samples)
2026-05-18 20:38:36,493 - train - INFO -     Position 18: 0.111 accuracy (9 samples)
2026-05-18 20:38:36,493 - train - INFO -     Position 19: 0.000 accuracy (9 samples)
2026-05-18 20:38:36,493 - train - INFO -     Position 20: 0.000 accuracy (5 samples)
2026-05-18 20:38:36,494 - train - INFO -     Position 21: 0.000 accuracy (12 samples)
2026-05-18 20:38:36,494 - train - INFO -     Position 22: 0.000 accuracy (13 samples)
2026-05-18 20:38:36,494 - train - INFO -     Position 23: 0.000 accuracy (13 samples)
2026-05-18 20:38:36,494 - train - INFO -     Position 24: 0.067 accuracy (15 samples)
2026-05-18 20:38:36,494 - train - INFO -     Position 25: 0.000 accuracy (16 samples)
2026-05-18 20:38:36,494 - train - INFO -     Position 26: 0.043 accuracy (23 samples)
2026-05-18 20:38:36,495 - train - INFO -     Position 27: 0.029 accuracy (34 samples)
2026-05-18 20:38:36,495 - train - INFO -     Position 28: 0.000 accuracy (31 samples)
2026-05-18 20:38:36,495 - train - INFO -     Position 29: 0.000 accuracy (45 samples)
2026-05-18 20:38:36,495 - train - INFO -     Position 30: 0.000 accuracy (47 samples)
2026-05-18 20:38:36,495 - train - INFO -     Position 31: 0.000 accuracy (46 samples)
2026-05-18 20:38:36,495 - train - INFO -     Position 32: 0.014 accuracy (73 samples)
2026-05-18 20:38:36,496 - train - INFO -     Position 33: 0.000 accuracy (76 samples)
2026-05-18 20:38:36,496 - train - INFO -     Position 34: 0.012 accuracy (82 samples)
2026-05-18 20:38:36,496 - train - INFO -     Position 35: 0.011 accuracy (88 samples)
2026-05-18 20:38:36,496 - train - INFO -     Position 36: 0.000 accuracy (86 samples)
2026-05-18 20:38:36,496 - train - INFO -     Position 37: 0.009 accuracy (107 samples)
2026-05-18 20:38:36,496 - train - INFO -     Position 38: 0.000 accuracy (102 samples)
2026-05-18 20:38:36,497 - train - INFO -     Position 39: 0.010 accuracy (97 samples)
2026-05-18 20:38:36,497 - train - INFO -     Position 40: 0.038 accuracy (104 samples)
2026-05-18 20:38:36,497 - train - INFO -     Position 41: 0.013 accuracy (156 samples)
2026-05-18 20:38:36,497 - train - INFO -     Position 42: 0.009 accuracy (234 samples)
2026-05-18 20:38:36,497 - train - INFO -     Position 43: 0.006 accuracy (316 samples)
2026-05-18 20:38:36,498 - train - INFO -     Position 44: 0.012 accuracy (404 samples)
2026-05-18 20:38:36,498 - train - INFO -     Position 45: 0.008 accuracy (499 samples)
2026-05-18 20:38:36,498 - train - INFO -     Position 46: 0.006 accuracy (526 samples)
2026-05-18 20:38:36,498 - train - INFO -     Position 47: 0.004 accuracy (453 samples)
2026-05-18 20:38:36,498 - train - INFO -     Position 48: 0.014 accuracy (216 samples)
2026-05-18 20:38:36,498 - train - INFO - Evaluation complete in 113.70s
2026-05-18 20:38:36,498 - train - INFO -   Loss: 3.8236, Accuracy: 0.0098, Precision: 0.0267, Recall: 0.0274, F1: 0.0078
2026-05-18 20:38:36,499 - __main__ - INFO - ================================================================================
2026-05-18 20:38:36,499 - __main__ - INFO - Evaluation Results (Multiclass Mode)
2026-05-18 20:38:36,499 - __main__ - INFO - ================================================================================
2026-05-18 20:38:36,499 - __main__ - INFO - Loss: 3.8236
2026-05-18 20:38:36,499 - __main__ - INFO - Accuracy: 0.0098
2026-05-18 20:38:36,499 - __main__ - INFO - Precision: 0.0267
2026-05-18 20:38:36,499 - __main__ - INFO - Recall: 0.0274
2026-05-18 20:38:36,499 - __main__ - INFO - F1: 0.0078
2026-05-18 20:38:36,500 - __main__ - INFO - Predicted position distribution (top 10):
2026-05-18 20:38:36,500 - __main__ - INFO -   Position 2: 159 samples (4.0%)
2026-05-18 20:38:36,500 - __main__ - INFO -   Position 0: 155 samples (3.9%)
2026-05-18 20:38:36,500 - __main__ - INFO -   Position 1: 145 samples (3.6%)
2026-05-18 20:38:36,500 - __main__ - INFO -   Position 3: 139 samples (3.5%)
2026-05-18 20:38:36,500 - __main__ - INFO -   Position 4: 137 samples (3.4%)
2026-05-18 20:38:36,500 - __main__ - INFO -   Position 8: 131 samples (3.3%)
2026-05-18 20:38:36,500 - __main__ - INFO -   Position 7: 127 samples (3.2%)
2026-05-18 20:38:36,500 - __main__ - INFO -   Position 6: 127 samples (3.2%)
2026-05-18 20:38:36,500 - __main__ - INFO -   Position 5: 124 samples (3.1%)
2026-05-18 20:38:36,501 - __main__ - INFO -   Position 9: 115 samples (2.9%)
2026-05-18 20:38:36,501 - __main__ - INFO - ================================================================================
2026-05-18 20:38:36,501 - __main__ - INFO - === Clustering Metrics (VI / ARI) ===
2026-05-18 20:38:36,504 - __main__ - INFO -   Loaded 961 clusters across 10 conversations
2026-05-18 20:38:36,518 - __main__ - INFO -   Per-conversation clustering metrics (10 conversations, avg coverage=81.3%):
2026-05-18 20:38:36,518 - __main__ - INFO -     2016-02-22_17: ARI=0.3306, VI=2.6976 (54 gold clusters, 5 pred clusters, 449/500 msgs covered = 89.8%)
2026-05-18 20:38:36,519 - __main__ - INFO -     2015-03-18_05: ARI=0.2360, VI=3.1877 (85 gold clusters, 7 pred clusters, 421/500 msgs covered = 84.2%)
2026-05-18 20:38:36,519 - __main__ - INFO -     2008-07-14_18: ARI=0.1985, VI=3.6340 (82 gold clusters, 9 pred clusters, 415/500 msgs covered = 83.0%)
2026-05-18 20:38:36,519 - __main__ - INFO -     2013-09-01_02: ARI=0.1649, VI=3.4560 (63 gold clusters, 10 pred clusters, 444/500 msgs covered = 88.8%)
2026-05-18 20:38:36,519 - __main__ - INFO -     2016-06-08_07: ARI=0.1294, VI=3.8600 (105 gold clusters, 5 pred clusters, 401/500 msgs covered = 80.2%)
2026-05-18 20:38:36,519 - __main__ - INFO -     2010-08-17_18: ARI=0.1007, VI=3.8815 (93 gold clusters, 7 pred clusters, 415/500 msgs covered = 83.0%)
2026-05-18 20:38:36,519 - __main__ - INFO -     2007-01-11_12: ARI=0.0357, VI=3.1369 (183 gold clusters, 5 pred clusters, 317/500 msgs covered = 63.4%)
2026-05-18 20:38:36,519 - __main__ - INFO -     2014-06-18_13: ARI=0.0034, VI=4.2598 (77 gold clusters, 4 pred clusters, 421/500 msgs covered = 84.2%)
2026-05-18 20:38:36,519 - __main__ - INFO -     2005-07-06_14: ARI=0.0014, VI=4.3440 (155 gold clusters, 3 pred clusters, 345/500 msgs covered = 69.0%)
2026-05-18 20:38:36,519 - __main__ - INFO -     2007-12-01_03: ARI=-0.0027, VI=4.1282 (64 gold clusters, 9 pred clusters, 435/500 msgs covered = 87.0%)
2026-05-18 20:38:36,519 - __main__ - INFO - ================================================================================
2026-05-18 20:38:36,519 - __main__ - INFO - Clustering Evaluation Results
2026-05-18 20:38:36,520 - __main__ - INFO - ================================================================================
2026-05-18 20:38:36,520 - __main__ - INFO - ARI (Adjusted Rand Index): 0.1198
2026-05-18 20:38:36,520 - __main__ - INFO - VI  (Variation of Information): 3.6586
2026-05-18 20:38:36,520 - __main__ - INFO - Conversations evaluated: 10
2026-05-18 20:38:36,520 - __main__ - INFO - ================================================================================
2026-05-18 20:38:36,524 - __main__ - INFO - 
============================================================
2026-05-18 20:38:36,525 - __main__ - INFO - HUMAN-READABLE VALIDATION (showing 3 random conversations)
2026-05-18 20:38:36,525 - __main__ - INFO - ============================================================
2026-05-18 20:38:36,526 - __main__ - INFO - 
============================================================
Conversation: 2007-01-11_12
============================================================

GOLD THREADS:
  Thread 1:
    [1157] Enverex: "What would I need to install to get the kernel source files in "/lib/modules/2.6..."
    [1210] Enverex: "Do I need to install anything other than kernel-source and kernel-headers to com..."
    [1236] Enverex: "If I add a module to /lib/modules/whatever how do I update the system to see it?..."
    [1241] Jowi: "Enverex, modprobe/insmod ?"
    [1242] Enverex: "Jowi, I just said it's not seen because you have to update the mod database firs..."
    [1246] Enverex: "So much for ever getting help in here :/"
    [1249] Jowi: "Enverex, module-assistant update I believe (but not sure)"
    [1250] somerville32: "!support | Enverex"
    [1251] ubotu: "Enverex: For your support options, see http://www.ubuntu.com/support"
    [1258] Enverex: "Jowi, Doesn't exist"
    [1266] Enverex: "somerville32, er, yeah... thanks"
    [1271] Jowi: "Enverex, then go with update-modules"
    [1273] Enverex: "Jowi, It seems to exit quietly and instantly"
    [1275] Enverex: "Jowi, It also says its depreciated"
    [1281] Jowi: "Enverex, oh. that's news to me"
    [1282] Jowi: "I wonder what the replacement is..."
    [1284] Enverex: "When I try and compile the driver itself I get...."
    [1286] Enverex: "make -C /lib/modules/2.6.17-10-generic/source O=/lib/modules/2.6.17-10-generic/b..."
    [1287] Enverex: "make: *** /lib/modules/2.6.17-10-generic/source: No such file or directory. Stop..."
    [1293] Jowi: "!info modules-assistant"
    [1295] ubotu: "Package modules-assistant does not exist in any distro I know"
    [1299] Jowi: "!info module-assistant"
    [1302] ubotu: "module-assistant: tool to make module package creation easier. In component univ..."
    [1335] Enverex: "Jowi, still doesn't work, the module is there but it's still not seeing it. Unde..."
    [1339] Jowi: "Enverex, I'm lost. I used "sudo update-modules" in the past that worked. there's..."
    [1342] Enverex: "Jowi, It's diving me mad. The source wont compile that it comes with so I can't ..."
    [1343] Enverex: "root@Alpha:~/src/a828-install# find /lib/modules/2.6.17-10-generic/ -iname a828...."
    [1344] Enverex: "/lib/modules/2.6.17-10-generic/kernel/drivers/misc/a828.ko"
    [1346] Jowi: "Enverex, you think depmod -a is needed?"
    [1348] Enverex: "Jowi, That worked, thanks"
    [1349] Jowi: "pure luck from my part Enverex"
    [1350] Enverex: "Jowi, But it doesn't work because the module is for the wrong kernel, heh"
    [1352] Jowi: "ouch"
    [1353] Enverex: "I just need to find out why the source wont compile :("
    [1430] Jowi: "Enverex, did you try the installer?"
    [1431] Enverex: "Jowi, For what?"
    [1432] Jowi: "Enverex, a828"
    [1434] Enverex: "Jowi, Yeah, it fails because you have to be using one of the exact versions it l..."
    [1435] Enverex: "Jowi, I managed to get it to start compiling but it looks for kernel functions t..."
    [1436] Jowi: "Enverex, ah. any more details in the log?"
    [1442] Jowi: "Enverex, should be /tmp/a828-install.log"
    [1443] Enverex: "Jowi, ... oh, for the automated install you mean? No that fails outright because..."
    [1444] Enverex: "Jowi, and if you do it manually it doesn't work anyway becayse the mod doesn't m..."
    [1447] Enverex: "Jowi, compile log"
    [1448] Enverex: "make -C /usr/src/linux-headers-2.6.17-10-generic/ O=./ SUBDIRS=`pwd`"
    [1449] Enverex: "make[1] : Entering directory `/usr/src/linux-headers-2.6.17-10-generic'"
    [1450] Enverex: "  LD      /home/enverex/src/a828-install/built-in.o"
    [1451] Enverex: "  CC [M]   /home/enverex/src/a828-install/aver/osdep.o"
    [1452] Enverex: "  CC [M]   /home/enverex/src/a828-install/a828-core.o"
    [1453] Enverex: "  CC [M]   /home/enverex/src/a828-install/aver/osdep_usb.o"
    [1454] Enverex: "  CC [M]   /home/enverex/src/a828-install/aver/osdep_dvb.o"
    [1455] Enverex: "/home/enverex/src/a828-install/aver/osdep_dvb.c:88:20: error: dvbdev.h: No such ..."
    [1456] Jowi: "Enverex, hmmm. ok. they say they welcome feedback regarding the module so maybe ..."
    [1457] Enverex: "/home/enverex/src/a828-install/aver/osdep_dvb.c:89:19: error: demux.h: No such f..."
    [1458] Enverex: "/home/enverex/src/a828-install/aver/osdep_dvb.c:90:23: error: dvb_demux.h: No su..."
    [1461] Enverex: "/home/enverex/src/a828-install/aver/osdep_dvb.c:92:24: error: dvb_filter.h: No s..."
    [1462] Enverex: "/home/enverex/src/a828-install/aver/osdep_dvb.c:93:21: error: dvb_net.h: No such..."
    [1466] barnabas: "couldn't you use pastebin for ur log?"
    [1493] Enverex: "Sorry about that"
  Thread 2:
    [1039] cableroy_: "where can i remove gnome-sessions manual? my gnome wont start correctly"
  Thread 3:
    [1013] Dormot: "for the chmod, what otehr command do i need to granat permission a  folder"
    [1017] Vich: "chmod +r folder"
    [1018] Dormot: "oh ok"
    [1019] Vich: "or a number"
    [1021] Jowi: "!chmod | Dormot"
    [1022] ubotu: "Dormot: The files and directories on an Ubuntu system are organized according to..."
    [1024] Vich: "!ubotu | Jowi"
    [1025] ubotu: "Jowi: I am ubotu, all-knowing infobot. You can browse my brain at http://bots.ub..."
    [1026] Vich: ":p"
    [1031] Vich: "!ubotu | grep yourself by the throat"
    [1032] ubotu: "grep yourself by the throat: I am ubotu, all-knowing infobot. You can browse my ..."
    [1035] Vich: "!ubotu | The following paragraph is fiction, any resemblence to persons alive or..."
    [1036] ubotu: "The following paragraph is fiction, any resemblence to persons alive or dead is ..."
    [1048] Vich: "you'd think that ubotu would ignore nicknames in those queries that have spaces ..."
    [1049] Vich: "considering that nicknames can't have spaces"
    [1056] Vich: "!xorg | Vich, you silly person! Here's what I know about xorg"
    [1057] ubotu: "Vich, you silly person! Here's what I know about xorg: The X Window System is th..."
    [1069] Dormot: "ok, i messed up, now i cant access mu stuff, im gettin permission denied"
    [1070] Vich: "wow"
    [1071] Vich: "how'd you do that Dormot ?"
    [1072] Dormot: "i tried chmod -rwx /home"
    [1075] Dormot: "then i cant access anything"
    [1076] Vich: "that was not wise"
    [1078] Vich: "yeah"
    [1080] Vich: "since you removed read, write and execute"
    [1082] Dormot: "can i fix it"
    [1084] Vich: "yeah"
    [1085] Dormot: "how lol"
    [1086] Vich: "sudo chmod +rwx /home"
    [1087] Dormot: "i cant access terminal"
    [1088] Vich: "why not?"
    [1089] Dormot: "try diff account?"
    [1092] Vich: "I suppose"
    [1094] Dormot: "k"
    [1095] Vich: "but I don't like the fact you can't access terminal"
    [1098] Vich: "that doesn't sound good"
    [1110] Dormot: "goddamn it"
    [1111] Dormot: "i broke it"
    [1113] Dormot: "i cant access anything"
    [1118] Dormot: "not a single account"
    [1131] Vich: "Dormot, can you explain exactly what you did"
    [1135] Dormot: "Vich gimme 1 sec i can acces terminal again"
    [1140] Dormot: "Vich ow do i fix it"
    [1142] Vich: "sudo chmod +rwx /home"
    [1143] Dormot: "Vich its like in safe mode"
    [1159] Vich: "Dormot, if you want to apply it to subfolders and such"
    [1160] Vich: "sudo chmod -R +rwx /home"
    [1161] Vich: "the -R bit means recursive"
    [1162] Dormot: "Vich whats the command for global permission"
    [1163] Vich: "I don't think there is one"
    [1165] Vich: "but"
    [1167] Dormot: "like something with 777"
    [1168] Vich: "777"
    [1169] Vich: "is all access to everything"
    [1170] un_operateur: "Dormot, chmod a+rwx /path/to/file"
    [1171] Vich: "if you want to give read access to everyone"
    [1172] Vich: "but only write access to others"
    [1174] Vich: "er"
    [1175] Vich: "write access to owner"
    [1177] Dormot: "so if /home is the problem then chmod +rwx /home will fix it?"
    [1179] Vich: "possibly"
    [1180] mneptok: "Dormot: no"
    [1181] Vich: "I don't know exactly what your problem is"
    [1184] Dormot: "i blocked access to my /home folder"
    [1185] Vich: "a = all?"
    [1186] mneptok: "Dormot: what are you trying to do?"
    [1187] Vich: "you want a+rwx"
    [1188] Vich: "possibly"
    [1189] Dormot: "giving permission to access /home"
    [1191] Dormot: "cause i cant even log in in my account"
    [1192] Vich: "I'm actually more used to the octal form of permissions"
    [1193] Vich: "lol"
    [1194] mneptok: "Dormot: ls -l /home"
    [1196] Dormot: "ok"
    [1197] mneptok: "Dormot: what does that say?"
    [1206] Dormot: "mneptok its says all diff account names with drwxr-xr--26 <account name>"
    [1207] mneptok: "Dormot: for *your* accounts home dir?"
    [1208] mneptok: "*account's"
    [1213] Dormot: "mneptok yea"
    [1218] Dormot: "mneptok is it fixed like that?"
    [1219] mneptok: "Dormot: what does the line for your home dir say? paste it."
    [1222] Dormot: "cant, im on diff pc"
    [1224] mneptok: "Dormot: then tell me what the perms and owners are"
    [1225] Dormot: "mneptok ill type it"
    [1229] Dormot: "mneptok it says for my main account drwxr-xr-r venom1588 venom1588 4096 ..."
    [1235] Dormot: "from the console, how do i go back to log in menu or resart pc"
    [1247] Dormot: "whats the command to restart PC?"
    [1257] mneptok: "Dormot: still here, stand by"
    [1260] Dormot: "mneptok ywa"
    [1292] Dormot: "mneptok u there"
    [1314] mneptok: "Dormot: sudo chmod -R 600 /home/demon1588 && chmod -R -x+X /home/demon1588/*"
    [1317] mneptok: "Dormot: oops"
    [1318] mneptok: "Dormot: sudo chmod -R 600 /home/demon1588 && sudo chmod -R -x+X /home/demon1588/..."
    [1320] mneptok: "there we go"
    [1326] Dormot: "mneptok ok"
    [1329] Dormot: "mneptok YES ITS FIXED"
    [1330] Dormot: "mneptok ty alot"
    [1332] Dormot: "mneptok ok 1 more question"
    [1333] Dormot: "mneptok i want to add a directory named hlds_1"
    [1334] Dormot: "mneptok how do i do that"
    [1338] Dormot: "i want to add a dir for running steam on my pc named hlds_1 how do i do that"
    [1356] Dormot: "anyone how to create a new dir to install steam (halflife)"
    [1361] mneptok: "Dormot: why do you need to add a dir in /home ?"
    [1363] Dormot: "mneptok its not in /home but in the previous folder where i can run steam as a d..."
    [1367] mneptok: "Dormot: the Steam server daemon will need to run as a user. i suggest you either..."
    [1368] Dormot: "mneptok check out http://www.japje.nl/linux-steam-and-cs16-install-guide"
    [1370] Dormot: "mneptok thats where im gettin my info"
    [1374] mneptok: "Dormot: "Ok, Lets get started.Go to your homedir and lets make a new dir for the..."
    [1377] Dormot: "mneptok how do i make the Dir, tahts my question"
    [1378] mneptok: "Dormot: it wants you to create that folder in your own home"
    [1379] mneptok: "Dormot: it wants you to create that folder *******in your own home*******"
    [1383] Dormot: "mneptok i tried mkdir but it didnt work, unless i got mkdir /home/hlds_1?"
    [1386] Dormot: "mneptok cause i need root to make dirs"
    [1387] mneptok: "Dormot: /home/hlds_1 *****is not in your home dir*****"
    [1391] mneptok: "Dormot: what is your home directory?"
    [1392] Dormot: "mneptok i think venom1588"
    [1397] mneptok: "Dormot: so, if those instructions are telling you to create a dir in your home ...."
    [1398] Dormot: "mneptok oh i see, the folder is there i was just looking in the wrong place"
    [1413] mneptok: "Dormot: ;)"
    [1417] Dormot: "mneptok i got it"
  Thread 4:
    [1002] un_operateur: "fabio__|,  what does fdisk -l give you?"
    [1005] Vich: "don't fall for it fabio__|"
    [1006] fabio__|: "un_operateur: nothing listed at all."
    [1007] Vich: "fdisk formats your disk"
    [1008] Vich: "OH NO"
    [1009] Vich: "did you sudo it?"
    [1010] lupine_85: "...no it doesn't.... :D"
    [1012] Vich: ":p"
    [1033] fabio__|: "un_operateur: i'm on a ubuntu desktop in live mode, i'm trying to understand if ..."
    [1038] un_operateur: "fabio__|, oh, errm, I think you need the alternate CD to do this -- you might ne..."
    [1045] fabio__|: "un_operateur: but actually i'm not trying to "install" ubuntu :) i'm just trying..."
    [1051] un_operateur: "fabio__|, errm, I'm not too sure how this would work"
    [1054] fabio__|: "un_operateur: i will NOT install ubuntu with "ubuntu desktop", i'm just using "u..."
    [1055] un_operateur: "fabio__|, and i definitely think you might need a better "recovery cd" like knop..."
    [1058] un_operateur: "fabio__|, yes, i got you the first time :)"
    [1067] fabio__|: "un_operateur: i have knoppix cd, but i think that is better to know if the pre-c..."
    [1081] un_operateur: "fabio__|, i  really don't know too much about this, i've found knoppix to deal w..."
    [1090] fabio__|: "un_operateur: ok thanks very much, i will try to look for some docs about ubuntu..."
    [1099] un_operateur: "fabio__|, best you try docs on a more general scale .. not specific to ubuntu or..."
    [1105] fabio__|: "un_operateur: yes, but that machine have just that disks in scsi/raid1, so i nee..."
    [1144] un_operateur: "fabio__|, again, i dunno how it ought to work -- whatever floats your boat, ubun..."
    [1195] fabio__|: "thank you to all, i go to have lunch break"
    [1199] Vich: "!lunch | fabio__|"
    [1200] Vich: "NOTHING FOR LUNCH EH?"
    [1201] ubotu: "Sorry, I don't know anything about lunch - try searching on http://bots.ubuntuli..."
    [1202] Vich: "lol"
  Thread 5:
    [1020] jordo23: "un_operateur: do I just copy paste the 12 lines under point 8?"
    [1023] jordo23: "un_operateur: In fstab?"
    [1028] un_operateur: "jordo23, almost .. but you need to substitute $CHROOT32 for the location you use..."
    [1043] jordo23: "un_operateur: so replace "$CHROOT32" with /var/chroot/?"
    [1044] un_operateur: "jordo23, yep :)"
    [1046] jordo23: "un_operateur: What about line 11 (media)"
    [1047] un_operateur: "jordo23, well, you'll need to compile your own lines for whatever you have in me..."
    [1050] jordo23: "un_operateur: I'll worry about that later..."
    [1062] jordo23: "un_operateur: Did that look right? Also, can I put these lines anywhere in the f..."
    [1063] un_operateur: "jordo23, looks good so far"
    [1065] un_operateur: "jordo23, best put at the end .."
    [1132] jordo23: "un_operateur: On step ten....where should this script reside?"
    [1138] jordo23: "un_operateur: and what should I name it?"
    [1150] un_operateur: "jordo23, place it in /usr/bin ."
    [1151] jordo23: "un_operateur: what should it be named?"
    [1154] un_operateur: "jordo23, call it err .. launch32.sh"
    [1173] jordo23: "un_operateur: Okay...done.....now what..."
    [1182] un_operateur: "jordo23, errm, well .. i think you are ready to test fire -- try -- launch32.sh ..."
    [1190] jordo23: "un_operateur: as normal user?"
    [1198] un_operateur: "jordo23, as normal user .. yep .. outside chroot"
    [1211] un_operateur: "jordo23,  what does this command give you?  which launch32.sh"
    [1215] jordo23: "un_operateur: what do you mean?"
    [1216] un_operateur: "jordo23, type the command out -- which launch32.sh"
    [1221] jordo23: "un_operateur: /usr/bin/launch32.sh"
    [1223] jordo23: "un_operateur: nothing opens graphically.."
    [1226] un_operateur: "jordo23, yes, just testing to see if you had the right command -- try this-- /us..."
    [1234] un_operateur: "jordo23, hmm .. that's odd, i can't really place my finger on the cause there --..."
    [1243] jordo23: "un_operateur: seems that makes Konq load, but then crashes right away..."
    [1244] jordo23: "un_operateur: a ton of terminal output too..."
    [1259] un_operateur: "jordo23, ouch, ok, !pastebin please .. if you can't paste all --- try the comman..."
    [1263] jordo23: "un_operateur: already there...one sec"
    [1268] jordo23: "http://kubuntu.pastebin.com/856648"
    [1270] jordo23: "un_operateur http://kubuntu.pastebin.com/856648"
    [1296] jordo23: "un_operateur: make any sense?"
    [1305] un_operateur: "jordo23, it doesnt look worrying ,.. i just think you need a reboot"
    [1306] jordo23: "un_operateur: okay....brb"
    [1336] jordo23: "un_operateur: Ok.....what's the exact command again....I rebooted..."
    [1341] jordo23: "un_operateur: same thing happened with dchroot -d konqueror"
    [1364] jordo23: "un_operateur: still there?"
    [1385] un_operateur: "jordo23, i'm back, went to get a coffee"
    [1388] un_operateur: "jordo23, same exact thing eh?"
    [1390] jordo23: "un_operateur: okay.....same thing happened....its like Konq wants to open but th..."
    [1401] un_operateur: "jordo23, it's a KDE thing .. i don't really know much about KDE .. errm, can you..."
    [1403] jordo23: "un_operateur: what was the link to that second page you sent me?"
    [1411] un_operateur: "jordo23, errm, ok .. this should get you to the chrooted terminal - sudo dchroot..."
    [1416] un_operateur: "jordo23, once at the terminal -- aptitude install firefox"
    [1418] un_operateur: "jordo23, then, outside the chroot -- dchroot -d "firefox""
    [1420] jordo23: "un_operateur: with quotes?"
    [1422] un_operateur: "jordo23, yep"
    [1423] un_operateur: "jordo23, I need to do something quick .. be back in a few minutes ok"
    [1426] jordo23: "un_operateur: that opened firefox..."
    [1427] jordo23: "un_operateur: thanks...will be here..."
    [1494] un_operateur: "jordo23, i'm back"
    [1496] jordo23: "un_operateur: me too...see my messages..."

PREDICTED THREADS:
  Thread 1:
    [987] un_operateur: "fabio__|, what are you trying to do?"
    [1003] Vich: "ubuntu christian edition?"
    [1005] Vich: "don't fall for it fabio__|"
    [1006] fabio__|: "un_operateur: nothing listed at all."
    [1007] Vich: "fdisk formats your disk"
    [1008] Vich: "OH NO"
    [1009] Vich: "did you sudo it?"
    [1010] lupine_85: "...no it doesn't.... :D"
    [1012] Vich: ":p"
    [1013] Dormot: "for the chmod, what otehr command do i need to granat permission a  folder"
    [1017] Vich: "chmod +r folder"
    [1018] Dormot: "oh ok"
    [1019] Vich: "or a number"
    [1020] jordo23: "un_operateur: do I just copy paste the 12 lines under point 8?"
    [1021] Jowi: "!chmod | Dormot"
    [1022] ubotu: "Dormot: The files and directories on an Ubuntu system are organized according to..."
    [1023] jordo23: "un_operateur: In fstab?"
    [1024] Vich: "!ubotu | Jowi"
    [1025] ubotu: "Jowi: I am ubotu, all-knowing infobot. You can browse my brain at http://bots.ub..."
    [1026] Vich: ":p"
    [1031] Vich: "!ubotu | grep yourself by the throat"
    [1032] ubotu: "grep yourself by the throat: I am ubotu, all-knowing infobot. You can browse my ..."
    [1033] fabio__|: "un_operateur: i'm on a ubuntu desktop in live mode, i'm trying to understand if ..."
    [1035] Vich: "!ubotu | The following paragraph is fiction, any resemblence to persons alive or..."
    [1036] ubotu: "The following paragraph is fiction, any resemblence to persons alive or dead is ..."
    [1044] un_operateur: "jordo23, yep :)"
    [1045] fabio__|: "un_operateur: but actually i'm not trying to "install" ubuntu :) i'm just trying..."
    [1047] un_operateur: "jordo23, well, you'll need to compile your own lines for whatever you have in me..."
    [1048] Vich: "you'd think that ubotu would ignore nicknames in those queries that have spaces ..."
    [1049] Vich: "considering that nicknames can't have spaces"
    [1050] jordo23: "un_operateur: I'll worry about that later..."
    [1051] un_operateur: "fabio__|, errm, I'm not too sure how this would work"
    [1054] fabio__|: "un_operateur: i will NOT install ubuntu with "ubuntu desktop", i'm just using "u..."
    [1055] un_operateur: "fabio__|, and i definitely think you might need a better "recovery cd" like knop..."
    [1056] Vich: "!xorg | Vich, you silly person! Here's what I know about xorg"
    [1057] ubotu: "Vich, you silly person! Here's what I know about xorg: The X Window System is th..."
    [1058] un_operateur: "fabio__|, yes, i got you the first time :)"
    [1062] jordo23: "un_operateur: Did that look right? Also, can I put these lines anywhere in the f..."
    [1065] un_operateur: "jordo23, best put at the end .."
    [1067] fabio__|: "un_operateur: i have knoppix cd, but i think that is better to know if the pre-c..."
    [1069] Dormot: "ok, i messed up, now i cant access mu stuff, im gettin permission denied"
  Thread 2:
    [990] christopher_l: "Hello all, my new keyboard won't work, here's some information: http://pastie.ca..."
    [1002] un_operateur: "fabio__|,  what does fdisk -l give you?"
    [1028] un_operateur: "jordo23, almost .. but you need to substitute $CHROOT32 for the location you use..."
    [1038] un_operateur: "fabio__|, oh, errm, I think you need the alternate CD to do this -- you might ne..."
  Thread 3:
    [1000] Vich: "http://www.whatwouldjesusdownload.com"
    [1043] jordo23: "un_operateur: so replace "$CHROOT32" with /var/chroot/?"
    [1046] jordo23: "un_operateur: What about line 11 (media)"
    [1063] un_operateur: "jordo23, looks good so far"
    [1070] Vich: "wow"
    [1071] Vich: "how'd you do that Dormot ?"
    [1072] Dormot: "i tried chmod -rwx /home"
    [1073] Jowi: "selah, both tools are good. I prefer cfdisk."
    [1075] Dormot: "then i cant access anything"
    [1076] Vich: "that was not wise"
    [1078] Vich: "yeah"
    [1079] selah: "Jowi, any particular reason?"
    [1080] Vich: "since you removed read, write and execute"
    [1081] un_operateur: "fabio__|, i  really don't know too much about this, i've found knoppix to deal w..."
    [1082] Dormot: "can i fix it"
    [1084] Vich: "yeah"
    [1085] Dormot: "how lol"
    [1086] Vich: "sudo chmod +rwx /home"
    [1087] Dormot: "i cant access terminal"
    [1088] Vich: "why not?"
    [1089] Dormot: "try diff account?"
    [1090] fabio__|: "un_operateur: ok thanks very much, i will try to look for some docs about ubuntu..."
    [1092] Vich: "I suppose"
    [1093] Jowi: "selah, I get a better overview with cfdisk and the options that i have."
    [1094] Dormot: "k"
    [1095] Vich: "but I don't like the fact you can't access terminal"
    [1097] selah: "Jowi, ah. Thanks."
    [1098] Vich: "that doesn't sound good"
    [1099] un_operateur: "fabio__|, best you try docs on a more general scale .. not specific to ubuntu or..."
    [1102] ubotu: "un_operateur, are you french? If so read this: Allez a #ubuntu-fr ou #kubuntu-fr..."
    [1105] fabio__|: "un_operateur: yes, but that machine have just that disks in scsi/raid1, so i nee..."
    [1106] un_operateur: "Vich, merci mais je ne suis pas francais"
    [1107] Vich: "lol"
    [1110] Dormot: "goddamn it"
    [1111] Dormot: "i broke it"
    [1113] Dormot: "i cant access anything"
    [1115] Vich: "mai je suis parle francais"
    [1117] Vich: "er"
    [1118] Dormot: "not a single account"
    [1119] Vich: "je parle francais"
    [1122] Vich: "not I am speak french"
    [1123] Vich: ":S"
    [1124] Vich: "it's been too long"
    [1126] Vich: "mon petit chat et formidable!"
    [1129] Vich: "il mange toujours avec mon a table"
    [1130] Vich: "or whatever"
    [1131] Vich: "Dormot, can you explain exactly what you did"
    [1135] Dormot: "Vich gimme 1 sec i can acces terminal again"
    [1136] Vich: "faeryNatsuki,  #kopete"
    [1137] Jowi: "selah, you can't run gparted in a terminal"
    [1138] jordo23: "un_operateur: and what should I name it?"
    [1139] Vich: "lol"
    [1140] Dormot: "Vich ow do i fix it"
    [1142] Vich: "sudo chmod +rwx /home"
    [1143] Dormot: "Vich its like in safe mode"
    [1144] un_operateur: "fabio__|, again, i dunno how it ought to work -- whatever floats your boat, ubun..."
    [1146] selah: "Jowi, good point."
    [1149] kleftisx_: "hello how can i change between languages? what keys i use (ex for windows Alt+Sh..."
    [1150] un_operateur: "jordo23, place it in /usr/bin ."
    [1151] jordo23: "un_operateur: what should it be named?"
    [1152] Jowi: "selah, and I'm not sure if gparted can change the flags (never tried it)"
    [1153] faeryNatsuki: "thanks Vich"
    [1154] un_operateur: "jordo23, call it err .. launch32.sh"
    [1158] selah: "Jowi, better point! I'll research it."
    [1159] Vich: "Dormot, if you want to apply it to subfolders and such"
    [1160] Vich: "sudo chmod -R +rwx /home"
    [1161] Vich: "the -R bit means recursive"
    [1162] Dormot: "Vich whats the command for global permission"
    [1163] Vich: "I don't think there is one"
    [1165] Vich: "but"
    [1167] Dormot: "like something with 777"
    [1168] Vich: "777"
    [1169] Vich: "is all access to everything"
    [1170] un_operateur: "Dormot, chmod a+rwx /path/to/file"
    [1171] Vich: "if you want to give read access to everyone"
    [1172] Vich: "but only write access to others"
    [1173] jordo23: "un_operateur: Okay...done.....now what..."
    [1174] Vich: "er"
    [1175] Vich: "write access to owner"
    [1177] Dormot: "so if /home is the problem then chmod +rwx /home will fix it?"
    [1179] Vich: "possibly"
    [1180] mneptok: "Dormot: no"
    [1181] Vich: "I don't know exactly what your problem is"
    [1182] un_operateur: "jordo23, errm, well .. i think you are ready to test fire -- try -- launch32.sh ..."
    [1184] Dormot: "i blocked access to my /home folder"
    [1185] Vich: "a = all?"
    [1186] mneptok: "Dormot: what are you trying to do?"
    [1187] Vich: "you want a+rwx"
    [1188] Vich: "possibly"
    [1189] Dormot: "giving permission to access /home"
    [1190] jordo23: "un_operateur: as normal user?"
    [1191] Dormot: "cause i cant even log in in my account"
    [1192] Vich: "I'm actually more used to the octal form of permissions"
    [1193] Vich: "lol"
    [1194] mneptok: "Dormot: ls -l /home"
    [1196] Dormot: "ok"
    [1197] mneptok: "Dormot: what does that say?"
    [1198] un_operateur: "jordo23, as normal user .. yep .. outside chroot"
    [1199] Vich: "!lunch | fabio__|"
    [1200] Vich: "NOTHING FOR LUNCH EH?"
    [1201] ubotu: "Sorry, I don't know anything about lunch - try searching on http://bots.ubuntuli..."
    [1202] Vich: "lol"
    [1206] Dormot: "mneptok its says all diff account names with drwxr-xr--26 <account name>"
    [1207] mneptok: "Dormot: for *your* accounts home dir?"
    [1208] mneptok: "*account's"
    [1211] un_operateur: "jordo23,  what does this command give you?  which launch32.sh"
    [1213] Dormot: "mneptok yea"
    [1215] jordo23: "un_operateur: what do you mean?"
    [1216] un_operateur: "jordo23, type the command out -- which launch32.sh"
    [1218] Dormot: "mneptok is it fixed like that?"
    [1219] mneptok: "Dormot: what does the line for your home dir say? paste it."
    [1221] jordo23: "un_operateur: /usr/bin/launch32.sh"
    [1222] Dormot: "cant, im on diff pc"
    [1223] jordo23: "un_operateur: nothing opens graphically.."
    [1224] mneptok: "Dormot: then tell me what the perms and owners are"
    [1225] Dormot: "mneptok ill type it"
    [1226] un_operateur: "jordo23, yes, just testing to see if you had the right command -- try this-- /us..."
    [1229] Dormot: "mneptok it says for my main account drwxr-xr-r venom1588 venom1588 4096 ..."
    [1234] un_operateur: "jordo23, hmm .. that's odd, i can't really place my finger on the cause there --..."
    [1235] Dormot: "from the console, how do i go back to log in menu or resart pc"
    [1236] Enverex: "If I add a module to /lib/modules/whatever how do I update the system to see it?..."
    [1241] Jowi: "Enverex, modprobe/insmod ?"
    [1242] Enverex: "Jowi, I just said it's not seen because you have to update the mod database firs..."
    [1243] jordo23: "un_operateur: seems that makes Konq load, but then crashes right away..."
    [1244] jordo23: "un_operateur: a ton of terminal output too..."
    [1246] Enverex: "So much for ever getting help in here :/"
    [1247] Dormot: "whats the command to restart PC?"
    [1249] Jowi: "Enverex, module-assistant update I believe (but not sure)"
    [1250] somerville32: "!support | Enverex"
    [1251] ubotu: "Enverex: For your support options, see http://www.ubuntu.com/support"
    [1253] gaubong: "faeryNatsuki: gyArch"
    [1257] mneptok: "Dormot: still here, stand by"
    [1258] Enverex: "Jowi, Doesn't exist"
    [1259] un_operateur: "jordo23, ouch, ok, !pastebin please .. if you can't paste all --- try the comman..."
    [1260] Dormot: "mneptok ywa"
    [1263] jordo23: "un_operateur: already there...one sec"
    [1265] twiztr: "And ideas?"
    [1266] Enverex: "somerville32, er, yeah... thanks"
    [1268] jordo23: "http://kubuntu.pastebin.com/856648"
    [1269] zxccvb: "my sound does not work totally..suddenly about a week back..any help or past exp..."
    [1270] jordo23: "un_operateur http://kubuntu.pastebin.com/856648"
    [1271] Jowi: "Enverex, then go with update-modules"
    [1272] zxccvb: "i am a newbie..switched from windwos..pls help"
    [1273] Enverex: "Jowi, It seems to exit quietly and instantly"
    [1275] Enverex: "Jowi, It also says its depreciated"
    [1278] ubotu: "Allez a #ubuntu-fr ou #kubuntu-fr pour de l'aide et de la discussion en francais..."
    [1281] Jowi: "Enverex, oh. that's news to me"
    [1282] Jowi: "I wonder what the replacement is..."
    [1283] zxccvb: "how come i dont get any help..pls with sound"
    [1284] Enverex: "When I try and compile the driver itself I get...."
    [1285] zxccvb: "plssssssss"
    [1286] Enverex: "make -C /lib/modules/2.6.17-10-generic/source O=/lib/modules/2.6.17-10-generic/b..."
    [1287] Enverex: "make: *** /lib/modules/2.6.17-10-generic/source: No such file or directory. Stop..."
    [1292] Dormot: "mneptok u there"
    [1293] Jowi: "!info modules-assistant"
    [1294] twiztr: "So, no ideas then..."
    [1295] ubotu: "Package modules-assistant does not exist in any distro I know"
    [1296] jordo23: "un_operateur: make any sense?"
    [1299] Jowi: "!info module-assistant"
    [1300] zxccvb: "what the hell is the problem with ppl...no helpful folks out there?"
    [1302] ubotu: "module-assistant: tool to make module package creation easier. In component univ..."
    [1303] Jessica: "exit"
    [1305] un_operateur: "jordo23, it doesnt look worrying ,.. i just think you need a reboot"
    [1306] jordo23: "un_operateur: okay....brb"
    [1309] zxccvb: "ppllllllllllllllllllllllllllllllllssssssssssssssssssssssssssssssssssssssssss"
    [1310] Jowi: "zxccvb, if you describe your problem properly and still don't get a reply maybe ..."
    [1311] XiXaQ: "I mean, I'd like to change the Ubuntu logo with something else. Is it possible?"
    [1313] zxccvb: "okay...my problem is that i have absolutely no sound from my comp and i am prett..."
    [1314] mneptok: "Dormot: sudo chmod -R 600 /home/demon1588 && chmod -R -x+X /home/demon1588/*"
    [1315] Jowi: "zxccvb, in the meantime. did you check the sound troubleshooting guide?"
    [1317] mneptok: "Dormot: oops"
    [1318] mneptok: "Dormot: sudo chmod -R 600 /home/demon1588 && sudo chmod -R -x+X /home/demon1588/..."
    [1320] mneptok: "there we go"
    [1322] Jowi: "!sound | zxccvb"
    [1323] ubotu: "zxccvb: If you're having problems with sound, first ensure ALSA is selected, by ..."
    [1326] Dormot: "mneptok ok"
    [1329] Dormot: "mneptok YES ITS FIXED"
    [1330] Dormot: "mneptok ty alot"
    [1331] hotti: "hmm, i have problems with sound too, when using flash in 32bit firefox i cannot ..."
    [1332] Dormot: "mneptok ok 1 more question"
    [1333] Dormot: "mneptok i want to add a directory named hlds_1"
    [1334] Dormot: "mneptok how do i do that"
    [1336] jordo23: "un_operateur: Ok.....what's the exact command again....I rebooted..."
    [1338] Dormot: "i want to add a dir for running steam on my pc named hlds_1 how do i do that"
    [1339] Jowi: "Enverex, I'm lost. I used "sudo update-modules" in the past that worked. there's..."
    [1341] jordo23: "un_operateur: same thing happened with dchroot -d konqueror"
    [1342] Enverex: "Jowi, It's diving me mad. The source wont compile that it comes with so I can't ..."
    [1343] Enverex: "root@Alpha:~/src/a828-install# find /lib/modules/2.6.17-10-generic/ -iname a828...."
    [1344] Enverex: "/lib/modules/2.6.17-10-generic/kernel/drivers/misc/a828.ko"
    [1346] Jowi: "Enverex, you think depmod -a is needed?"
    [1348] Enverex: "Jowi, That worked, thanks"
    [1349] Jowi: "pure luck from my part Enverex"
    [1350] Enverex: "Jowi, But it doesn't work because the module is for the wrong kernel, heh"
    [1352] Jowi: "ouch"
    [1353] Enverex: "I just need to find out why the source wont compile :("
    [1356] Dormot: "anyone how to create a new dir to install steam (halflife)"
    [1361] mneptok: "Dormot: why do you need to add a dir in /home ?"
    [1363] Dormot: "mneptok its not in /home but in the previous folder where i can run steam as a d..."
    [1364] jordo23: "un_operateur: still there?"
    [1367] mneptok: "Dormot: the Steam server daemon will need to run as a user. i suggest you either..."
    [1368] Dormot: "mneptok check out http://www.japje.nl/linux-steam-and-cs16-install-guide"
    [1370] Dormot: "mneptok thats where im gettin my info"
    [1374] mneptok: "Dormot: "Ok, Lets get started.Go to your homedir and lets make a new dir for the..."
    [1377] Dormot: "mneptok how do i make the Dir, tahts my question"
    [1378] mneptok: "Dormot: it wants you to create that folder in your own home"
    [1379] mneptok: "Dormot: it wants you to create that folder *******in your own home*******"
    [1383] Dormot: "mneptok i tried mkdir but it didnt work, unless i got mkdir /home/hlds_1?"
    [1384] twiztr: "16.2mb proggy d/led in 24 sec"
    [1385] un_operateur: "jordo23, i'm back, went to get a coffee"
    [1386] Dormot: "mneptok cause i need root to make dirs"
    [1387] mneptok: "Dormot: /home/hlds_1 *****is not in your home dir*****"
    [1388] un_operateur: "jordo23, same exact thing eh?"
    [1389] twiztr: "so... throwing a shoe at a cable modem will get it from 18kpbs to ~700kbps"
    [1390] jordo23: "un_operateur: okay.....same thing happened....its like Konq wants to open but th..."
    [1391] mneptok: "Dormot: what is your home directory?"
    [1392] Dormot: "mneptok i think venom1588"
    [1397] mneptok: "Dormot: so, if those instructions are telling you to create a dir in your home ...."
    [1398] Dormot: "mneptok oh i see, the folder is there i was just looking in the wrong place"
    [1401] un_operateur: "jordo23, it's a KDE thing .. i don't really know much about KDE .. errm, can you..."
    [1403] jordo23: "un_operateur: what was the link to that second page you sent me?"
    [1411] un_operateur: "jordo23, errm, ok .. this should get you to the chrooted terminal - sudo dchroot..."
    [1413] mneptok: "Dormot: ;)"
    [1414] PhibreOptix: "Well I gotta figure it out"
    [1415] PhibreOptix: "Or none of my friends are gonna change from windows to Ubuntu >.<"
    [1416] un_operateur: "jordo23, once at the terminal -- aptitude install firefox"
    [1417] Dormot: "mneptok i got it"
    [1418] un_operateur: "jordo23, then, outside the chroot -- dchroot -d "firefox""
    [1419] barnabas: "yeah my install freezes like that also"
    [1420] jordo23: "un_operateur: with quotes?"
    [1422] un_operateur: "jordo23, yep"
    [1423] un_operateur: "jordo23, I need to do something quick .. be back in a few minutes ok"
    [1426] jordo23: "un_operateur: that opened firefox..."
    [1427] jordo23: "un_operateur: thanks...will be here..."
    [1431] Enverex: "Jowi, For what?"
    [1432] Jowi: "Enverex, a828"
    [1434] Enverex: "Jowi, Yeah, it fails because you have to be using one of the exact versions it l..."
    [1435] Enverex: "Jowi, I managed to get it to start compiling but it looks for kernel functions t..."
    [1436] Jowi: "Enverex, ah. any more details in the log?"
    [1442] Jowi: "Enverex, should be /tmp/a828-install.log"
    [1443] Enverex: "Jowi, ... oh, for the automated install you mean? No that fails outright because..."
    [1444] Enverex: "Jowi, and if you do it manually it doesn't work anyway becayse the mod doesn't m..."
    [1447] Enverex: "Jowi, compile log"
    [1448] Enverex: "make -C /usr/src/linux-headers-2.6.17-10-generic/ O=./ SUBDIRS=`pwd`"
    [1449] Enverex: "make[1] : Entering directory `/usr/src/linux-headers-2.6.17-10-generic'"
    [1450] Enverex: "  LD      /home/enverex/src/a828-install/built-in.o"
    [1451] Enverex: "  CC [M]   /home/enverex/src/a828-install/aver/osdep.o"
    [1452] Enverex: "  CC [M]   /home/enverex/src/a828-install/a828-core.o"
    [1453] Enverex: "  CC [M]   /home/enverex/src/a828-install/aver/osdep_usb.o"
    [1454] Enverex: "  CC [M]   /home/enverex/src/a828-install/aver/osdep_dvb.o"
    [1455] Enverex: "/home/enverex/src/a828-install/aver/osdep_dvb.c:88:20: error: dvbdev.h: No such ..."
    [1457] Enverex: "/home/enverex/src/a828-install/aver/osdep_dvb.c:89:19: error: demux.h: No such f..."
    [1458] Enverex: "/home/enverex/src/a828-install/aver/osdep_dvb.c:90:23: error: dvb_demux.h: No su..."
    [1461] Enverex: "/home/enverex/src/a828-install/aver/osdep_dvb.c:92:24: error: dvb_filter.h: No s..."
    [1462] Enverex: "/home/enverex/src/a828-install/aver/osdep_dvb.c:93:21: error: dvb_net.h: No such..."
    [1466] barnabas: "couldn't you use pastebin for ur log?"
    [1469] barnabas: "xmms"
    [1470] NET||abuse: "xmms is discontinues as i've been told"
    [1471] NET||abuse: "it's a dead project, so i suppose what can i use instead now?"
    [1475] Music_Shuffle: "!audio"
    [1476] ubotu: "Sorry, I don't know anything about audio - try searching on http://bots.ubuntuli..."
    [1477] Music_Shuffle: "!banshee"
    [1478] ubotu: "Audio (Ogg, MP3...) players: Banshee, Beep Media Player, Quod Libet, Rhythmbox, ..."
    [1480] NET||abuse: "installing banshee to see what that's about"
  Thread 4:
    [1409] PhibreOptix: "Anybody know how to stop ubuntu from freezing when you leave it idle?"
    [1412] jordo23: "PhibreOptix: that used to happen when I ran dapper.....never figured that one ou..."
    [1456] Jowi: "Enverex, hmmm. ok. they say they welcome feedback regarding the module so maybe ..."
  Thread 5:
    [1465] pebblestone: "Hi, I have a question. I'm using Intel-based Mac. When I build some program usin..."
    [1487] Music_Shuffle: "Pick any NET||abuse"
    [1493] Enverex: "Sorry about that"
    [1496] jordo23: "un_operateur: me too...see my messages..."
    [1498] lupine_85: "!pt"
    [1499] ubotu: "Por favor use #ubuntu-br  ou #ubuntu-pt  para ajuda em portugus. Obrigada."

Thread count: Gold=183, Predicted=5
2026-05-18 20:38:36,527 - __main__ - INFO - 
============================================================
2026-05-18 20:38:36,527 - __main__ - INFO - DEBUG PREDICTED PAIRS for 2007-01-11_12
2026-05-18 20:38:36,527 - __main__ - INFO - ============================================================
2026-05-18 20:38:36,527 - __main__ - INFO - Idx    Child  ChildSpk     PredPar  PredSpk      GoldPar  GoldSpk      Match  P(self)  P(pred)  P(gold)  Text
2026-05-18 20:38:36,540 - __main__ - INFO - 399    1084   Vich         1043     jordo23      1082     Dormot       NO     0.0000   0.0292   0.0263   yeah
2026-05-18 20:38:36,549 - __main__ - INFO - 354    1019   Vich         987      un_operateur 1017     Vich         NO     0.0000   0.0311   0.0270   or a number
2026-05-18 20:38:36,558 - __main__ - INFO - 482    1199   Vich         1151     jordo23      1195     fabio__|     NO     0.0000   0.0254   0.0239   !lunch | fabio__|
2026-05-18 20:38:36,565 - __main__ - INFO - 467    1182   un_operateur 1138     jordo23      1173     jordo23      NO     0.0000   0.0286   0.0275   jordo23, errm, well .. i think you are ready to test fire --
2026-05-18 20:38:36,572 - __main__ - INFO - 456    1169   Vich         1138     jordo23      1168     Vich         NO     0.0000   0.0295   0.0269   is all access to everything
2026-05-18 20:38:36,580 - __main__ - INFO - 413    1102   ubotu        1079     selah        1101     Vich         NO     0.0000   0.0272   0.0268   un_operateur, are you french? If so read this: Allez a #ubun
2026-05-18 20:38:36,587 - __main__ - INFO - 394    1078   Vich         1043     jordo23      1075     Dormot       NO     0.0000   0.0300   0.0271   yeah
2026-05-18 20:38:36,594 - __main__ - INFO - 621    1435   Enverex      1397     mneptok      1434     Enverex      NO     0.0000   0.0343   0.0330   Jowi, I managed to get it to start compiling but it looks fo
2026-05-18 20:38:36,602 - __main__ - INFO - 386    1067   fabio__|     1020     jordo23      1055     un_operateur NO     0.0000   0.0289   0.0279   un_operateur: i have knoppix cd, but i think that is better 
2026-05-18 20:38:36,610 - __main__ - INFO - 644    1475   Music_Shuffle 1436     Jowi         1468     NET||abuse   NO     0.0000   0.0308   0.0292   !audio
2026-05-18 20:38:36,611 - __main__ - INFO - 
============================================================
Conversation: 2005-07-06_14
============================================================

GOLD THREADS:
  Thread 1:
    [1000] jonbusby: "well no, their java applet windows. I'm running firefox with sun-j2rel.5 java vm"
    [1002] holycow: "okay, what site?"
    [1013] jonbusby: "hmmm hang on"
    [1014] jonbusby: "may have solved this"
    [1015] jonbusby: "brb"
  Thread 2:
    [1003] rob^: "heh"
  Thread 3:
    [1001] xliu: "how to disable the updator when gnome startup?"
  Thread 4:
    [1004] SYSTEM: "=== stig_ [~stig@dsl-121-26.oeke.tiscali.no]  has joined #ubuntu"
  Thread 5:
    [1005] stig_: "how can I get access to my NTFS files from ubuntu? (fresh newbie asking) :)"
    [1006] holycow: "stig_, unfortunately for now it requires a bit of work"
    [1007] holycow: "a: you will only be able to read the ntfs files"
    [1008] holycow: "b) you wont be able to write to an ntfs partition"
    [1009] stig_: "I only need to read from it :)"
    [1010] holycow: "ms keeps ntfs info secret, and any interim support for write has essentially dis..."
    [1011] holycow: "okay"
    [1012] holycow: "then"
    [1016] holycow: "1. you need to find your ntfs partition with sudo fdisk -l"
    [1018] holycow: "2. you need to create a folder in say /media to wher eyou will mount to the ntfs..."
    [1019] holycow: "3. you need to add info about the partition to your /etc/fstab"
    [1020] jonbusby: "stig_ the ubuntuguide.org is really good on this"
    [1021] holycow: "i'll paste a sample that i use"
    [1022] holycow: "oh i don't have the line on this system"
    [1023] stig_: "holycow: I think I made it it point 3... but dont know how I do that"
    [1024] holycow: "google for fstab mount ntfs ... you will get lots of examples of the entry"
    [1025] holycow: "the 4. sudo mount /media/ntfs"
    [1026] stig_: "ok, thanks"
    [1028] holycow: "then 5. you can browse to /metdia/ntfs and read the files from there"
    [1029] holycow: "i presume in the future some outomount feature will be available, not sure"
    [1031] holycow: "stig_, google step 3 then :) you will need to reaserch a bit, i don't intend on ..."
    [1068] AfroDude: "dosen't Ubuntu support read/write to NTFS disks?"
    [1069] holycow: "read yes"
    [1070] holycow: "write no"
    [1072] holycow: "no linux distro properly supports ntfs writes"
    [1074] AfroDude: "how/where can I reach it?"
    [1075] holycow: "ntfs is proprietary and undocumented, and the project that used the windows dlls..."
    [1076] holycow: "reach what?"
    [1077] AfroDude: "a disk with NTFS file system. Tried /dev/hd1, but couldn't open it :/"
    [1078] holycow: "let me paste instructions i just gave to anothe guy 2 minutes ago"
    [1079] holycow: "holycow 1. you need to find your ntfs partition with sudo fdisk -l"
    [1080] holycow: "holycow 2. you need to create a folder in say /media to wher eyou will mount to ..."
    [1081] holycow: "holycow 3. you need to add info about the partition to your /etc/fstab"
    [1082] holycow: "google step 3, i dont have sample line here"
    [1083] holycow: "holycow the 4. sudo mount /media/ntfs"
    [1084] holycow: "holycow then 5. you can browse to /metdia/ntfs and read the files from there"
    [1086] AfroDude: "ok, thanks"

PREDICTED THREADS:
  Thread 1:
    [975] enrico: "sktrdie: esd is a server, alsa is the driver."
    [1006] holycow: "stig_, unfortunately for now it requires a bit of work"
    [1018] holycow: "2. you need to create a folder in say /media to wher eyou will mount to the ntfs..."
    [1020] jonbusby: "stig_ the ubuntuguide.org is really good on this"
    [1021] holycow: "i'll paste a sample that i use"
    [1022] holycow: "oh i don't have the line on this system"
  Thread 2:
    [996] _Grunt_: "hello, does anyone know what is the best way to uninstall enemy territory?"
    [1000] jonbusby: "well no, their java applet windows. I'm running firefox with sun-j2rel.5 java vm"
    [1002] holycow: "okay, what site?"
    [1003] rob^: "heh"
    [1007] holycow: "a: you will only be able to read the ntfs files"
    [1008] holycow: "b) you wont be able to write to an ntfs partition"
    [1009] stig_: "I only need to read from it :)"
    [1010] holycow: "ms keeps ntfs info secret, and any interim support for write has essentially dis..."
    [1011] holycow: "okay"
    [1012] holycow: "then"
    [1013] jonbusby: "hmmm hang on"
    [1014] jonbusby: "may have solved this"
    [1015] jonbusby: "brb"
    [1016] holycow: "1. you need to find your ntfs partition with sudo fdisk -l"
    [1019] holycow: "3. you need to add info about the partition to your /etc/fstab"
    [1023] stig_: "holycow: I think I made it it point 3... but dont know how I do that"
    [1024] holycow: "google for fstab mount ntfs ... you will get lots of examples of the entry"
    [1025] holycow: "the 4. sudo mount /media/ntfs"
    [1026] stig_: "ok, thanks"
    [1028] holycow: "then 5. you can browse to /metdia/ntfs and read the files from there"
    [1029] holycow: "i presume in the future some outomount feature will be available, not sure"
    [1031] holycow: "stig_, google step 3 then :) you will need to reaserch a bit, i don't intend on ..."
    [1034] holycow: "no, i have tons of those, run ubuntu just fine"
    [1035] holycow: "how new is it?"
    [1036] holycow: "maybe they have changed the chipset again"
    [1041] [noobuntu]: "chips are SIS SI7012 with CMI 9761 mixer"
    [1045] Shufla: "Dreco: find <dir> -name <fname>"
    [1046] [noobuntu]: "Dreco, try locate <filename>"
    [1048] Dreco: "thank you"
    [1049] Tomcat_: "Dreco: There's also a "Search for file" in the "Places" menu."
    [1052] Dreco: "I am trying to find out where wine dumps its fake.windows installation files ?"
    [1053] Dreco: "or where I can find fake.windows"
    [1054] Shorty`: "~/"
    [1055] mjr: "Dreco, .wine/fake_windows by default, I think"
    [1056] Shorty`: ";)"
    [1058] Dreco: "no wine folder under root"
    [1059] holycow: "not root"
    [1060] holycow: "in your /home/user dir"
    [1062] holycow: "open up nautilus, do edit preferences"
    [1063] holycow: "check of 'show hidden files'"
    [1064] holycow: "then when you open up your home folder from places you will see a .wine dir ther..."
    [1065] holycow: "everything is in there, including windows apps you install"
    [1069] holycow: "read yes"
    [1070] holycow: "write no"
    [1072] holycow: "no linux distro properly supports ntfs writes"
    [1073] Dreco: "thank you"
    [1074] AfroDude: "how/where can I reach it?"
    [1075] holycow: "ntfs is proprietary and undocumented, and the project that used the windows dlls..."
    [1076] holycow: "reach what?"
    [1077] AfroDude: "a disk with NTFS file system. Tried /dev/hd1, but couldn't open it :/"
    [1078] holycow: "let me paste instructions i just gave to anothe guy 2 minutes ago"
    [1079] holycow: "holycow 1. you need to find your ntfs partition with sudo fdisk -l"
    [1080] holycow: "holycow 2. you need to create a folder in say /media to wher eyou will mount to ..."
    [1081] holycow: "holycow 3. you need to add info about the partition to your /etc/fstab"
    [1082] holycow: "google step 3, i dont have sample line here"
    [1083] holycow: "holycow the 4. sudo mount /media/ntfs"
    [1084] holycow: "holycow then 5. you can browse to /metdia/ntfs and read the files from there"
    [1086] AfroDude: "ok, thanks"
    [1087] holycow: "amnesia, not until breezy is release"
    [1088] holycow: "d"
    [1089] holycow: ">_>"
    [1092] amnesia: "holycow: oh well, I don't use breezy just upgraded the things needed for NM and ..."
    [1093] amnesia: "but I will upgrade after the exams :)"
    [1094] holycow: "if you want to play with that stuff, maybe run breezy as a separate instance? th..."
    [1096] amnesia: "no thanks, I can repair most of that"
    [1098] holycow: "cool, whatever"
    [1099] amnesia: "I'm just not sure I need to configure the interfaces for hal, since NM says I ha..."
    [1107] Albaraha: "why doesn't gnome reload firefox on the startup?"
    [1108] holycow: "what do you mean on startup?"
    [1109] holycow: "sounds like the question answers it self"
    [1111] LinuxNewbie: "how can i download the latest version of samba?"
    [1112] holycow: "sudo apt-get install samba"
    [1113] LinuxNewbie: "that will install the latest?"
    [1115] Albaraha: "holycow, whenever I start the desktop it starts gnome-terminal and xchat automat..."
    [1116] holycow: "the latest that counts ... you will have a lot of reading/research to do to get ..."
    [1117] Albaraha: "but that doesn't happen with firefox"
    [1119] holycow: "of course"
    [1120] holycow: "you don't have it in your session"
    [1121] holycow: "system / preferences / sessions"
    [1122] LinuxNewbie: "ok now"
    [1123] LinuxNewbie: "in samba you can create usernames?"
    [1124] LinuxNewbie: "for students"
    [1127] holycow: "yes, but i'm not a samba expert, i avoid it like the plague, i want no windows c..."
    [1129] mcquaid: "if compiling something and make fails due to lack of harddrive space is there a ..."
    [1131] Albaraha: "There is no application in the list, while I have xchat and gnome-terminal loadi..."
    [1132] LinuxNewbie: "i can only see that you can create shared foldr"
    [1133] LinuxNewbie: "there is no usernames"
    [1134] holycow: "LinuxNewbie, you are heavily underestimating how much work your getting your sel..."
    [1135] holycow: "first this is the wrong channel to ask"
    [1136] holycow: "second start buying books :)"
    [1138] LinuxNewbie: "linux books are not very popular in our country"
    [1139] LinuxNewbie: "usually windows is the prefered OS around here"
    [1140] LinuxNewbie: "could you suggest a chanel"
    [1141] holycow: "#samba?"
    [1142] holycow: "-_-"
    [1143] LinuxNewbie: "ok"
    [1148] Prottie: "LinuxNewbie: didnt you download the pdf I gave you the link too?"
    [1149] Prottie: "that explains samba very well"
    [1154] delire: "LinuxNewbie: create a new 'yahoo' account"
    [1156] LinuxNewbie: "found it"
    [1157] LinuxNewbie: "thx"
    [1162] thomas__: "sorry my english..."
    [1163] delire: "thomas__: try 'apt-cache search wma xmms' and see if it turns up"
    [1164] thomas__: "ok"
    [1165] delire: "thomas__: and make sure you 'apt-get update' first!"
    [1167] LinuxNewbie: "in the synaptic manager"
    [1168] delire: "or yes, use synaptic ;)"
    [1170] thomas__: "hehe"
    [1171] delire: "thomas__: synaptic is just a good GUI to the same commands.."
    [1172] LinuxNewbie: "ah?"
    [1173] LinuxNewbie: "im here right now"
    [1174] LinuxNewbie: "there is so many"
    [1175] LinuxNewbie: "like in communication"
    [1176] thomas__: "okay... I updated and now I can see the package... thank you.."
    [1177] LinuxNewbie: "base platform"
    [1178] LinuxNewbie: "so i need to update them all?"
    [1179] delire: "thomas__: anytime"
    [1180] thomas__: ":)"
    [1182] SYSTEM: "=== delire notes that 'updating' really means grabbing a list of all the debian ..."
    [1184] delire: "CarlFK i use ipmasq"
    [1185] LinuxNewbie: "talking about respository"
    [1186] LinuxNewbie: "ive change that when i went to a site"
    [1188] LinuxNewbie: "then ive execute the command that has a update"
    [1189] LinuxNewbie: "and upgrade"
    [1190] LinuxNewbie: "is that the same in the synaptic manager"
    [1192] holycow: "yep"
    [1194] delire: "LinuxNewbie: yep, synaptic and/kpackage are interfaces to the apt and dpkg suite..."
    [1197] LinuxNewbie: "ic"
    [1198] delire: "n0cturnal: usually /usr/src/linux-$(uname -r)"
    [1199] LinuxNewbie: "so i dont need to use the sudo"
    [1200] delire: "n0cturnal: ls /usr/src and see if it's there."
    [1202] LinuxNewbie: "just go there if i need some updating"
    [1203] CarlFK: "oh oh.. I am intalling Hoary to a toshiba 4600 laptop - it just "finished" and I..."
    [1205] CarlFK: "and the it isn't responding to keyboard"
    [1206] delire: "LinuxNewbie: use synaptic if you're more comfortable with it. think of it as a b..."
    [1207] n0cturnal: "yah... contains only "rpm""
    [1208] delire: "CarlFK: ctrl-alt-F1 and login. then we'll look at some logs"
    [1209] delire: "narkceh: do you really need root? you can just 'sudo <command>'"
    [1211] LinuxNewbie: "ok tnx a lot you guys!"
    [1212] delire: "narkceh: if you really do need root just 'sudo passwd root' and create an accoun..."
    [1213] LinuxNewbie: "have a nice day or evening =)"
    [1214] delire: "LinuxNewbie: you too!"
    [1218] delire: "Albaraha: try an 'apt-get update && dpkg --configure -a' to fix this problem"
    [1219] narkceh: "delire: sudo apt-get -f install && apt-get install build-essential libncurses5-d..."
    [1220] delire: "thomas__: hehe there is actually this book i think. there are really good books ..."
    [1222] holycow: "LinuxNewbie, welcome to linux anywhoo, give it time, it will start to make sense..."
    [1223] delire: "narkceh: you need the second sudo in there ;)"
    [1224] narkceh: "delire: dammit :DDDD"
    [1225] mjr: "kanichEEE, /boot/grub/menu.lst, change the default entry"
    [1226] narkceh: "delire: thank you :P"
    [1228] thomas__: "Yes... I have looked a lot at thease oreilly books... but there is so many ? I d..."
    [1229] n0cturnal: "farkit"
    [1231] n0cturnal: "i think ima have to put winblows back on"
    [1232] narkceh: "delire: im into debian all the time cannot use sudo."
    [1233] kanichEEE: "mjr to what?"
    [1234] Albaraha: "delire, http://paste.ubuntulinux.nl/357"
    [1238] joachim: "delire, that just shows an index"
    [1239] CarlFK: "delire -i dont think you understand "isn't responding to keyboard" ;)"
    [1240] joachim: "with a link to apache2-default/"
    [1241] mjr: "kanichEEE, to whatever your windows entry is?"
    [1243] kanichEEE: "you mean hda1?"
    [1244] CarlFK: "ctrl-alt-F1 did nothing"
    [1245] delire: "CarlFK: ahah, hehe sorry. just a moment"
    [1247] Vjaz: "I wanted to try 2.6.12 on my Hoary system, but I ran into trouble. First it woul..."
    [1248] mjr: "kanichEEE, no, the number of the menu entry, starting with 0"
    [1249] delire: "Albaraha: hmm, a bit of a tangle there... try an 'apt-get -f install' and pase t..."
    [1250] kanichEEE: "Oh..."
    [1251] kanichEEE: "Got it lol"
    [1252] delire: "Vjaz: always wait a couple of months before trying out a new kernel ;)"
    [1253] Vjaz: "delire: Hehhe. Yeah, that's a good idea. :-)"
    [1254] delire: "Vjaz: i have had problems here also, and i've been compiling kernels since v2.1"
    [1255] Vjaz: "delire, There was an infrared driver patch that I really wanted in 2.6.12."
    [1256] Albaraha: "delire, http://paste.ubuntulinux.nl/358"
    [1258] delire: "Albaraha: good work. choose Y to that."
    [1260] delire: "Albaraha: we'll fix up splashy afterwards"
    [1262] Vjaz: "delire, Yeah, I'm no stranger to compiling my own kernel. It seems to me that Ub..."
    [1263] delire: "Vjaz: i wanted some new bluetooth and Asus stuff.."
    [1265] delire: "Vjaz: it is a little. i think the best approach with Ubuntu is let the maintaine..."
    [1267] thomas__: "does ubuntu install nvidia drivers on default ? or do I have to install them mys..."
    [1268] Albaraha: "delire_phone, done"
    [1269] mjr: "thomas__, it doesn't install the proprietary drivers, but it does make it easy"
    [1271] Vjaz: "delire, Yeah. I might wait until Breezy I guess. I think I'll need to do a BIOS ..."
    [1272] icaro: "hi delire_phone :D"
    [1275] thomas__: "okay :)"
    [1276] thomas__: "hi"
    [1277] mjr: "thomas__, see eg. http://ubuntuforums.org/archive/index.php/t-21111.html"
    [1279] CarlFK: "delire - it does respond to the power button - displays "entering rl 0" and shut..."
    [1281] mjr: "(I just googled for it, there might be better instructions, but seems simple eno..."
    [1282] thomas__: "mjr, okay... I check it out... thanks :D"
    [1284] Arago: "Someone can help me for install "FreePops" on hoary ?"
    [1292] berkes: "I bought a SMC card, that is supposed to work out of the box with the prism45 in..."
    [1293] berkes: "firmware and all should be right."
    [1294] delire: "Vjaz: well given the Ubuntu release cycle, you won't have to wait for long.. ano..."
    [1297] berkes: "It is detected, the leds are all happy and stuff"
    [1298] delire: "Albaraha: ok, now type 'apt-cache show splashy' and note the dependencies. where..."
    [1299] Vjaz: "narkceh, because you're trying to open /etc/modules as a regular user. what you'..."
    [1300] berkes: "however, iwconfig gives me a "NOT READY!""
    [1301] delire: "CarlFK: is this an install or the LiveCD? sorry lost you in the scrollback"
    [1303] CarlFK: "narkceh - either the "enter password" is being >> to something you don't have ri..."
    [1304] CarlFK: "delire - install"
    [1305] delire: "CarlFK: do you have another Linux box around? perhaps you can ssh into it"
    [1306] Vjaz: "delire, Yeah, it's nice. I can't use my infrared before that though, but I haven..."
    [1307] delire: "CarlFK: CarlFK: also note the other boot options"
    [1308] Albaraha: "delire, http://www.ubuntuforums.org/showthread.php?t=41709"
    [1309] narkceh: "Vjaz: ok, thanks. got it."
    [1310] CarlFK: "delire - I did istnall oppenssh-server, and if I boot to (rescue) I can start it..."
    [1311] Albaraha: "Replaces: usplash, debsplash-utils"
    [1312] Albaraha: "Depends: libc6 (>= 2.3.2.ds1-21), libdirectfb-0.9-20, libglib2.0-0 (>= 2.6.0)"
    [1313] Albaraha: "Conflicts: usplash, debsplash-utils"
    [1314] delire: "Vjaz: well i'm going to wait a month or so. i run debian on this lappie"
    [1315] CarlFK: "delire - but if I let it boot, no ssh"
    [1316] Vjaz: "narkceh, I do the same thing all the time. It's a bit non-intuitive I guess, but..."
    [1317] berkes: "so, qnyone on wireless with a prism45 ?"
    [1318] delire: "CarlFK: right, well the thing to check is 'cat /etc/X11/Xorg.0.log | grep EE' to..."
    [1322] Vjaz: "delire, Ok. It probably is a good idea to wait a while to see that there are no ..."
    [1325] narkceh: "Vjaz: yeah, this ubuntu is pretty new for me for example I allways forget sudo w..."
    [1327] CarlFK: "delire - (WW) TRIDENT(0): config file hsync range 28-49kHz not within DDC hsync ..."
    [1328] delire: "Albaraha: if you are feeling risky, you can install that lib framebuffer stuff t..."
    [1330] delire: "Albaraha: also, it can sometimes be worth an apt-get upgrade to bring packages u..."
    [1331] Albaraha: "delire, http://paste.ubuntulinux.nl/359"
    [1332] delire: "CarlFK: that doesn't look to brutal. is that all? no 'EE'?"
    [1335] CarlFK: "delire - (EE) Synaptics Touchpad no synaptics touchpad detected and no repeater ..."
    [1337] Albaraha: "I don't think it's risky to force it to be installed since it says: splashy: Dep..."
    [1338] delire: "CarlFK: hmm, that looks like the culprit"
    [1339] CarlFK: "but I don't have a touchpad.. I have the nub in the keyboard"
    [1340] CarlFK: "delire that would cause it to lock up?"
    [1341] delire: "CarlFK: read the lines after these. see where X breaks"
    [1342] delire: "Albaraha: give it a shot."
    [1344] CarlFK: "delire - http://paste.ubuntulinux.nl/360"
    [1348] delire: "CarlFK: weird. have you customised this install in anyway?"
    [1350] delire: "CarlFK: 'fixed' font support is fairly native."
    [1358] delire: "CarlFK: in the worst case you can comment out the line in /etc/X11/xorg.conf tha..."
    [1359] delire: "AfroDude: yes"
    [1360] corza: "AfroDude:"
    [1361] corza: "AfroDude: dont worry about making a new partition.. i found a tutorial somewhere..."
    [1362] delire: "AfroDude: vfat as fat16 is known in linux. it will then be writeable from both s..."
    [1363] delire: "corza: yes, but NTFS is generally not writeable.."
    [1364] Deanodriver: "i thought it was also fat32"
    [1366] Juhaz: "it is"
    [1367] corza: "delire: i can write"
    [1368] delire: "Deanodriver: sorry, you are right. my bad. fat16 == fat fat32 == vfat"
    [1370] PTK: "corza, really?!"
    [1371] CarlFK: "delire - I aptgeted  cvs build-essential nmap screen libgtk1.2-dev sox autoconf ..."
    [1372] corza: "delire: wait no i cant lol.. just read"
    [1373] delire: "corza: awesome. many can't"
    [1374] delire: "corza: hehe.."
    [1375] CarlFK: "delire - but havn't done anything yet"
    [1376] corza: "delire: nvm dont get excited lol"
    [1377] AfroDude: "ok. What command/program do I need to create a partition of a unused space on th..."
    [1378] delire: "CarlFK: i would tell the people in the ubuntu-dev channel (that's the name i thi..."
    [1379] corza: "Does anyone here play Guild Wars?"
    [1382] delire: "corza: nope"
    [1383] delire: "CarlFK: have you used Linux before?"
    [1384] CarlFK: "yup"
    [1385] delire: "CarlFK: which flavour?"
    [1386] CarlFK: "all of them ;)"
    [1387] delire: "berkes: sadly not, i use a Centrino here."
    [1388] delire: "CarlFK: hehe. do you have another Ubuntu install around?"
    [1389] CarlFK: "delire - I made this: https://wiki.ubuntu.com/LocalNetInstall"
    [1391] berkes: "delire, what module does that one use?"
    [1392] CarlFK: "delire - I got a small fleat of them"
    [1393] delire: "CarlFK: you wrote that page or you used that installation method?"
    [1394] CarlFK: "(only 4 or 5 really...)"
    [1395] CarlFK: "wrote"
    [1397] CarlFK: "but I have only started doing X in the last 6 months"
    [1401] CarlFK: "about 2 weeks ago I found a bug in the installer (both hoary and breezy) - appar..."
    [1402] AfroDude: "anyone know what command/program I need to create a new partition of an unused s..."
    [1405] narkceh: "hmh, should there be some command like gstream-properties or gstreamer-propertie..."
    [1409] goldfish_: "phaedrus44: no"
    [1410] goldfish_: "phaedrus44: apt-get install ndiswrapper-utils"
    [1411] phaedrus44: "uh...."
    [1413] phaedrus44: "need the wireless card before i can do apt-get"
    [1414] phaedrus44: "lol"
    [1415] delire: "berkes: 'modprobe -l | grep prism'"
    [1416] phaedrus44: "no other connection devices"
    [1417] goldfish_: "phaedrus44: ah"
    [1419] phaedrus44: "hard to install manually?"
    [1421] goldfish_: "dont think so"
    [1422] delire: "phaedrus44: 'dpkg -l | grep ndis' see if you have it installed already"
    [1423] goldfish_: "phaedrus44: there is a howto on the wiki to install manually"
    [1426] delire: "CarlFK: well i would try the CD method. netinstalls are often a bit hairy."
    [1429] FLD: "3dac"
    [1432] berkes: "delire, my prism is loaded properly"
    [1433] delire: "FLD: many many have. see the BinaryDriverHowto on the wiki"
    [1434] FLD: "k"
    [1436] delire: "berkes: can you 'sudo iwconfig'?"
    [1437] FLD: "delire are you sure about Ati PCIE"
    [1438] delire: "wizo: samba"
    [1439] wizo: "is that the only way?"
    [1440] wizo: "=s"
    [1441] delire: "FLD: oh, didn't see the E at the end ;)"
    [1443] delire: "wizo: no you can ftp"
    [1444] FLD: "yeah you try screw me"
    [1446] FLD: ">:("
    [1447] delire: "Albaraha: what worked in the end?"
    [1448] wizo: "oo lala"
    [1449] wizo: "which method is easier?"
    [1450] Albaraha: "delire, splashy"
    [1451] delire: "FLD: hehe"
    [1452] phaedrus44: "i dont think i have it already because i just installed ubuntu"
    [1453] delire: "Albaraha: an older version?"
    [1454] FLD: "im not eaven sure does atis own driver support it"
    [1455] FLD: "they dont tell it :<"
    [1456] delire: "FLD: hmm.."
    [1457] FLD: ":/"
    [1459] Albaraha: "I've forced installing splashy"
    [1460] FLD: "hmm mayby i try find finnish customer support for ati"
    [1461] FLD: "phone"
    [1463] delire: "Albaraha: ok, yeah i didn't think that would be too much of a problem"
    [1464] mindmedic: "wizo, samba is pretty easy"
    [1465] wizo: "hmm ok thx"
    [1467] wizo: "i`ll give it a go now"
    [1468] mindmedic: "install samba and use shares-admin"
    [1469] delire: "FLD: yep, give them a call."
    [1470] FLD: "YEAP i will"
    [1471] wizo: "thx"
    [1472] mindmedic: "bye"
    [1473] FLD: "and i will tell what i feel about them"
    [1475] delire: "mindmedic: yep, good call. shares-admin is the way to go."
    [1477] Juhaz: "hah, if they do happen to have a customer support, do you really expect the dron..."
    [1480] wizo: "supp"
    [1483] delire: "FLD: hehe yep. tell them you'll buy an NVIDIA card if they don't help."
    [1485] Nige: "how are we :)"
    [1486] mindmedic: "be sure to name each of your shares"
    [1487] wizo: "err, shares?"
    [1488] FLD: "delire haha i must first find number"
    [1489] delire: "Nige: we're good. don't know about the others"
    [1490] mindmedic: "if you dont you get a corrupted samba.conf"
    [1491] wizo: "=s"
    [1493] Nige: "oh well it all good"
    [1494] wizo: "care to er, tell me more about the ``shares``"
    [1495] Nige: "i am stuck with wireless networking"
    [1496] Nige: ":("
    [1497] Nige: "and its driving me crazy!!!"
    [1499] iLLf8d: "heh"
  Thread 3:
    [1201] markuman: "someone here has a radeon all in wonder ???"
    [1227] delire: "narkceh: np ;)"
    [1235] delire: "joachim: what about just http://localhost"
    [1236] delire: "narkceh: yeah a bit weird at first .."

Thread count: Gold=155, Predicted=3
2026-05-18 20:38:36,613 - __main__ - INFO - 
============================================================
2026-05-18 20:38:36,613 - __main__ - INFO - DEBUG PREDICTED PAIRS for 2005-07-06_14
2026-05-18 20:38:36,613 - __main__ - INFO - ============================================================
2026-05-18 20:38:36,613 - __main__ - INFO - Idx    Child  ChildSpk     PredPar  PredSpk      GoldPar  GoldSpk      Match  P(self)  P(pred)  P(gold)  Text
2026-05-18 20:38:36,621 - __main__ - INFO - 327    1480   wizo         1475     delire       1479     mindmedic    NO     0.0000   0.0252   0.0229   supp
2026-05-18 20:38:36,629 - __main__ - INFO - 57     1081   holycow      1052     Dreco        1080     holycow      NO     0.0000   0.0290   0.0254   holycow 3. you need to add info about the partition to your 
2026-05-18 20:38:36,638 - __main__ - INFO - 12     1015   jonbusby     996      _Grunt_      1014     jonbusby     NO     0.0000   0.0235   0.0214   brb
2026-05-18 20:38:36,646 - __main__ - INFO - 140    1208   delire       1176     thomas__     1205     CarlFK       NO     0.0000   0.0268   0.0263   CarlFK: ctrl-alt-F1 and login. then we'll look at some logs
2026-05-18 20:38:36,653 - __main__ - INFO - 125    1186   LinuxNewbie  1171     delire       1185     LinuxNewbie  NO     0.0000   0.0309   0.0278   ive change that when i went to a site
2026-05-18 20:38:36,659 - __main__ - INFO - 114    1173   LinuxNewbie  1129     mcquaid      1172     LinuxNewbie  NO     0.0000   0.0319   0.0295   im here right now
2026-05-18 20:38:36,666 - __main__ - INFO - 71     1107   Albaraha     1070     holycow      1106     Albaraha     NO     0.0000   0.0292   0.0268   why doesn't gnome reload firefox on the startup?
2026-05-18 20:38:36,673 - __main__ - INFO - 52     1076   holycow      1052     Dreco        1074     AfroDude     NO     0.0000   0.0306   0.0295   reach what?
2026-05-18 20:38:36,681 - __main__ - INFO - 279    1414   phaedrus44   1388     delire       1413     phaedrus44   NO     0.0000   0.0272   0.0238   lol
2026-05-18 20:38:36,688 - __main__ - INFO - 44     1064   holycow      1023     stig_        1063     holycow      NO     0.0000   0.0291   0.0259   then when you open up your home folder from places you will 
2026-05-18 20:38:36,689 - __main__ - INFO - 
============================================================
Conversation: 2010-08-17_18
============================================================

GOLD THREADS:
  Thread 1:
    [1219] blackMatrix_NY: "hi everyone, is /home/blackMatrix_NY/.profile the place where you set command al..."
    [1221] yanick_: "blackMatrix_NY, .bashrc"
    [1223] blackMatrix_NY: "yanic_: what's the difference between .bashrc and .profile ?"
    [1224] blackMatrix_NY: "yanick_: what's the difference between .bashrc and .profile ?"
    [1226] guest__: "blackMatrix_NY or .bash_bashrc .bash_profile .bashrc .profile   or if you want s..."
    [1227] juboba: "BlackBinary: bashrc is called when opening a terminal"
    [1228] prince_jammys: "blackMatrix_NY: the former gets sourced everytime you start an interactive shell..."
    [1229] juboba: "profile only when you login"
    [1232] yanick_: "blackMatrix_NY, .profile includes .bashrc."
    [1259] blackMatrix_NY: "guest__. bash_bashrc .bash_profile .bashrc .profile ... are they all found in ub..."
    [1261] prince_jammys: "blackMatrix_NY: ''ls -a /etc/skel''"
    [1265] blackMatrix_NY: "yanick_: thanks I see the call to .bashrc in .profile"
    [1267] guest__: "blackMatrix_NY they are all used by bash if found   none of them are self genera..."
    [1269] guest__: "blackMatrix_NY so.  any one of them will work.   man bash for more info"
    [1271] blackMatrix_NY: "ah, that clears up more dust. thanks prince_jammys: guest__: yanick_"
  Thread 2:
    [1109] yanick_: "Seveas-train, ...hmm... if my memory is mostly free, then I would like to know w..."
    [1115] yanick_: "I have a core 2 duo with 4GB of RAM, Netbeans ans Chrome is open, but yet simply..."
    [1119] yanick_: "top is not reporting the same thing as system-monitor"
    [1151] yanick_: "I just closed every application exception system-monitor and x-chat... still 2GB..."
    [1153] yashi-: "yashi-: ps -aux"
    [1155] yashi-: "yanick_: ps -aux"
    [1159] yanick_: "yashi-, "Please wait while the system is lagging trying to open web browser....""
    [1164] yanick_: "yashi-, http://pastie.org/1098161"
    [1167] yanick_: "yashi-, http://pastie.org/1098162"
    [1170] yashi-: "yanick_: looks ok, its practically the same here."
    [1172] yanick_: "yashi-, ubuntu uses 2GB or RAM being idle??"
    [1177] yanick_: "yashi-, that's when I close everything that is running, if I have Chrome and Net..."
    [1183] yashi-: "yanick_: hmm afaik the linux ram management is different it isnt really using it..."
    [1189] Spaztic_One: "Just throwing this out there, but with firefox, dwarf fortress, and several misc..."
    [1190] yashi-: "yanick_: http://pastie.org/1098165"
    [1191] yanick_: "yashi-, that's what everyone tell me, however why, then, my hard drive is ALWAYS..."
    [1194] yashi-: "yanick_: well it is curious that it uses the swap partition :/ that shouldnt be ..."
    [1200] yanick_: "yashi-, yep. On stackoverflow.com, I have been suggested to do : "sudo sysctl -w..."
    [1206] yashi-: "yanick_: actually ive no clue :P i never had that problem"
    [1210] yashi-: "yanick_: but imo its a ugly solution..it doesnt solve the real problem ...ubuntu..."
    [1217] yanick_: "yashi-, I chose Ubuntu especially so I don't have to hack my way around kernel i..."
    [1218] younder: "yanick_, lol. good luck. Never been there myself"
    [1222] yashi-: "yanick_: me neither. the point is your ram isnt even used 100% but linux is usin..."
    [1225] yanick_: "yashi-, or the RAM gets used really really fast, and I have to close everything ..."
  Thread 3:
    [1386] Nikie: "Ocean, thanks a lot for your help ! I'm online now....Am able to connect to wire..."
  Thread 4:
    [1000] amanita_: "Spaztic_One: if you are in a terminal sudo apt-get install htop then run htop"
    [1002] amanita_: "spaztic_one: it will help you to kill processess."
    [1008] Spaztic_One: "So, I need to get htop to be able to list running processes to kill them?"
    [1012] guest__: "Spaztic_One no.    there are several ways to list processes"
    [1014] candrea: "Spaztic_One: not necessarily, you can also just use "killall teamviewer""
    [1021] guest__: "Spaztic_One if you know the name of an app you want to kill just run    killall ..."
    [1022] Spaztic_One: "What is one that lists processes because it can't find a process called teamview..."
    [1023] Spaztic_One: "and ps only lists two items"
    [1027] guest__: "Spaztic_One "ps ax""
    [1029] candrea: "Spaztic_One: ps x"
    [1031] candrea: "Spaztic_One: or, since you can't use the mouse: ps x | less"
    [1032] Spaztic_One: "thanks, was just about to ask how to only display one page at a time"
    [1036] guest__: "Spaztic_One heh.  you can scroll up in the terminal too..."
    [1044] candrea: "Spaztic_One: once you have found the pid of the process (the number in the leftm..."
    [1048] Spaztic_One: "candrea, can't scroll when the mouse doesn't work, or at least I don't know how ..."
    [1051] candrea: "Spaztic_One: if you're using less, just use the arrows of the keyboard"
    [1053] guest__: "Spaztic_One page-up  button   or maybe   shift+page-up"
    [1054] yashi-: "Spaztic_One: just put |less behind the command"
    [1055] guest__: "s/button/key/"
    [1058] oCean_: "Spaztic_One: or, just search for a pattern: ps axuw | grep team"
    [1059] Spaztic_One: "I was talking about scrolling when not in |less"
    [1061] guest__: "Spaztic_One me too"
    [1065] Spaztic_One: "but either way, pkill teamviewer and pkill <pid> didn't nuke the program"
    [1067] candrea: "Spaztic_One: use "kill -9 <pid>""
    [1070] Spaztic_One: "HUZZAH!"
    [1071] Spaztic_One: "Thanks guys"
    [1078] candrea: "Spaztic_One: glad to know that your problem is solved :)"
    [1079] Spaztic_One: "Yup"
    [1087] Spaztic_One: "In retrospect, it probably would have been easier to simply ask how to locate/id..."
  Thread 5:
    [1030] luist: "how do i install python-pykickstart on my ubuntu 10.04??"
    [1033] guest__: "luist apt-get install <blah>     if you have the package you can use   dpkg -i <..."
    [1035] luist: "guest__: its not in the repos and i dont have the package"
    [1038] guest__: "luist then find the package and go from there."
    [1039] luist: "guest__: where can i find it? any deb package is ok?"
    [1045] guest__: "luist where... python.org ???   any .deb ok... no.  use one that is compatable w..."
    [1050] guest__: "luist dpkg will warn you if there are dependancy issues.   and you can take acti..."
    [1064] luist: "guest__: python.org wont give me this package :P"
    [1069] oCean_: "luist: why would you need it? Whoever told you you need it, can't they provide t..."
    [1077] luist: "oCean_: ill take a better look... i need it to build a livecd image to install m..."

PREDICTED THREADS:
  Thread 1:
    [956] candrea: "BrixSat: do you want it to run when you boot the computer, or when you log in in..."
    [1000] amanita_: "Spaztic_One: if you are in a terminal sudo apt-get install htop then run htop"
    [1002] amanita_: "spaztic_one: it will help you to kill processess."
    [1003] reggi: "pierre_: do you know if you have the drivers for your video card installed?"
  Thread 2:
    [957] BrixSat: "thanks guest__"
    [1001] guest__: "need ?     hmmm      we don't need computers at all."
    [1006] pierre_: "and drivers are installed for everything"
  Thread 3:
    [988] bobo123: "Spaztic_One: yeah normal terminal window works fine allso"
    [1004] pierre_: "yeah"
    [1005] pierre_: "regular movies works etc"
    [1007] reggi: "just youtube in full screen doesn't work pierre_?"
    [1008] Spaztic_One: "So, I need to get htop to be able to list running processes to kill them?"
    [1009] pierre_: "ANY streamed video via browser"
    [1011] pierre_: "works on normal but not fullscreen"
    [1012] guest__: "Spaztic_One no.    there are several ways to list processes"
    [1013] reggi: "pierre_: is this a new installation of ubuntu?"
    [1014] candrea: "Spaztic_One: not necessarily, you can also just use "killall teamviewer""
    [1015] pierre_: "reggi: didnt work on my old one either"
    [1016] pierre_: "reggi: ive had the installation for 3-4 months tho"
    [1018] reggi: "pierre_: which browser are you using?"
    [1020] pierre_: "firefox"
    [1021] guest__: "Spaztic_One if you know the name of an app you want to kill just run    killall ..."
    [1022] Spaztic_One: "What is one that lists processes because it can't find a process called teamview..."
    [1023] Spaztic_One: "and ps only lists two items"
    [1024] reggi: "pierre_: do you have chromium?"
    [1025] pierre_: "nah getting it"
    [1026] pierre_: "brb"
    [1027] guest__: "Spaztic_One "ps ax""
    [1028] reggi: "pierre_: ok"
    [1029] candrea: "Spaztic_One: ps x"
    [1030] luist: "how do i install python-pykickstart on my ubuntu 10.04??"
    [1031] candrea: "Spaztic_One: or, since you can't use the mouse: ps x | less"
    [1032] Spaztic_One: "thanks, was just about to ask how to only display one page at a time"
    [1033] guest__: "luist apt-get install <blah>     if you have the package you can use   dpkg -i <..."
    [1035] luist: "guest__: its not in the repos and i dont have the package"
    [1036] guest__: "Spaztic_One heh.  you can scroll up in the terminal too..."
    [1038] guest__: "luist then find the package and go from there."
    [1039] luist: "guest__: where can i find it? any deb package is ok?"
    [1041] MiketheMagiCat: "	MiketheMagiCat	program anywhere on the computer, or in my files. I also tried l..."
    [1043] maitrey: "<maitrey> <maitrey> thanks"
    [1044] candrea: "Spaztic_One: once you have found the pid of the process (the number in the leftm..."
    [1045] guest__: "luist where... python.org ???   any .deb ok... no.  use one that is compatable w..."
    [1048] Spaztic_One: "candrea, can't scroll when the mouse doesn't work, or at least I don't know how ..."
    [1049] pgpkeys: "when update-grub is run from packages like linux-image"
    [1050] guest__: "luist dpkg will warn you if there are dependancy issues.   and you can take acti..."
    [1051] candrea: "Spaztic_One: if you're using less, just use the arrows of the keyboard"
    [1052] pgpkeys: "i get the errors right after cryptsetup runs (even though I'm not using an encry..."
    [1053] guest__: "Spaztic_One page-up  button   or maybe   shift+page-up"
    [1054] yashi-: "Spaztic_One: just put |less behind the command"
    [1055] guest__: "s/button/key/"
    [1057] pgpkeys: "it looks like its occuring right after cryptsetup adds the information to the in..."
    [1058] oCean_: "Spaztic_One: or, just search for a pattern: ps axuw | grep team"
    [1059] Spaztic_One: "I was talking about scrolling when not in |less"
    [1060] jacob_: "anyone willing to help me with something?"
    [1061] guest__: "Spaztic_One me too"
    [1062] pgpkeys: "Please ask SICCO questions :) Specific, Informative, Concise, Complete, and On-T..."
    [1063] oCean_: "jacob_: just ask your question in the channel please"
    [1064] luist: "guest__: python.org wont give me this package :P"
    [1065] Spaztic_One: "but either way, pkill teamviewer and pkill <pid> didn't nuke the program"
    [1066] pgpkeys: "damn. thought i'd disabled that trigger permenantly"
    [1067] candrea: "Spaztic_One: use "kill -9 <pid>""
    [1069] oCean_: "luist: why would you need it? Whoever told you you need it, can't they provide t..."
    [1070] Spaztic_One: "HUZZAH!"
    [1071] Spaztic_One: "Thanks guys"
    [1072] yashi-: "jacob_: what do you mean? auto mount doesnt work? or doesnt ubuntu detect it?"
    [1073] jacob_: "ubuntu seems to detect it, the auto mount does not work"
    [1075] Pici: "!br | insigne_"
    [1076] ubottu: "insigne_: Entre em #ubuntu-br usando /join #ubuntu-br para ajuda em portugues. O..."
    [1077] luist: "oCean_: ill take a better look... i need it to build a livecd image to install m..."
    [1078] candrea: "Spaztic_One: glad to know that your problem is solved :)"
    [1079] Spaztic_One: "Yup"
    [1080] yashi-: "jacob_: so you can mount it manually?"
    [1081] jacob_: "i beleive i have been told to try this but it didnt work"
    [1083] jacob_: "i was on Linux forums, i can give you the link if you wish"
    [1085] yashi-: "jacob_: you can see all harddrives which ubuntu found via sudo fdisk -l"
    [1086] IdleOne: "rowan_: ask and someone will help if they can"
    [1087] Spaztic_One: "In retrospect, it probably would have been easier to simply ask how to locate/id..."
    [1088] yashi-: "jacob_: then try sudo mount /dev/harddrive name(something like sdc1) /add the fo..."
    [1089] xangua: "jkiv: not a good idea install packages from other distros"
    [1091] jacob_: "Okay i will try this and report back"
    [1093] jkiv: "xangua, trying to do http://ubuntuforums.org/showthread.php?t=1404156 on 9.04.  ..."
    [1094] scampbell: "guest__: it won't eject if the mount is in use, it works fine for me from manual..."
    [1097] yashi-: "guest__: use umount instead of eject :/"
    [1098] rowan_: "but you can't stop them*"
    [1099] jacob_: "so i should do something like this?"
    [1100] jacob_: "jacob@jacob-laptop:~$ sudo mount /dev/sda3/media"
    [1101] guest__: "scampbell hmmm   i have to use umount because eject complains about blah not bei..."
    [1102] xangua: "jkiv: just extract the deb and install it, make sure to first remove openoffice ..."
    [1104] guest__: "yashi- pfft    yeah   umount and then manually open the tray"
    [1105] uberj: "djbeenie_: the more you use it the easeir it becomes"
    [1106] rowan_: "i have a network drive being shared by windows network and today when i sign in ..."
    [1107] djbeenie_: "lol"
    [1108] rowan_: "apparently this bug was meant to be solved by the latest update"
    [1110] rowan_: "i checked and i have them all"
    [1111] scampbell: "guest__: Hmm, I just mounted a dvd to /mnt and ejected it. guess I'm of no use :..."
    [1112] rowan_: "any ideas guys?"
    [1113] jkiv: "xangua, doing so failed.  I'm trying to revert.  apt-get, for some reason, wants..."
    [1115] yanick_: "I have a core 2 duo with 4GB of RAM, Netbeans ans Chrome is open, but yet simply..."
    [1116] yashi-: "jacob_: are you sure it is sda3? sda is the name of the hard drive the numbers b..."
    [1117] djbeenie_: "is there a way to re-start alsa, this was easy to do in gentoo.  /etc/init.d/als..."
    [1118] rowan_: "i have a network drive being shared by windows network and today when i sign in ..."
    [1119] yanick_: "top is not reporting the same thing as system-monitor"
    [1120] jacob_: "it might be just sdb"
    [1121] guest__: "yashi- yeah  sda is usually the boot device"
    [1122] yashi-: "jacob_: type sudo fdisk -l it lists all devices you have"
    [1123] jacob_: "Yeah it must be /dev/sdb because its the only 500gb there"
    [1124] guest__: "there ya go"
    [1125] yashi-: "jacob_: ok now you have to mount the device for example sudo mount /dev/sdb1 /me..."
    [1127] yashi-: "there has to be a folder in media called sdb1"
    [1128] pierre_: "reggi: even tho i have the browser on the TV screen not the laptop"
    [1129] guest__: "sdb if it's not partitioned"
    [1130] jacob_: "its not partitioned"
    [1131] djbeenie_: "anyone know how to restart alsa?"
    [1132] yashi-: "jacob_: you should do that before mounting it"
    [1133] jkiv: "xanga, got it. I was in the dir with the .deb... Doing a wildcard openoffice* ha..."
    [1134] guest__: "yashi- do what before mounting it ???"
    [1135] jacob_: "Why? and this is what i get, : jacob@jacob-laptop:~$ sudo mount /dev/sdb/media/s..."
    [1136] rowan_: "Help Me Please"
    [1137] rowan_: "i have a network drive being shared by windows network and today when i sign in ..."
    [1139] guest__: "heh jacob_ missing a space between device and mountpoint"
    [1140] yashi-: "jacob_: you have to put a blank between the /dev/sdb<->and the mount folder"
    [1141] jimbo: "jacob_: /dev/sdb is the device.  /dev/sdb1 is the first partition on the device...."
    [1142] guest__: "jimbo no   wrong.  you only mount file systems.   you don't mount partitions"
    [1144] jimbo: "Also guys I don't think it's beneficial to name mountpoints after partition name..."
    [1145] jimbo: "guest__: fair enough"
    [1146] jimbo: "but filesystems exist on partitions"
    [1147] guest__: "jimbo you can have a file system without a partition"
    [1149] xangua: "!repeat > rowan_"
    [1150] ubottu: "rowan_, please see my private message"
    [1151] yanick_: "I just closed every application exception system-monitor and x-chat... still 2GB..."
    [1152] rowan_: "i cannot see it"
    [1153] yashi-: "yashi-: ps -aux"
    [1154] guest__: "jimbo on this computer for example.  my root file system is on /dev/sda   there ..."
  Thread 4:
    [1114] jimbo: "I wish to make an empty .deb package that simply brings in other packages as dep..."
    [1155] yashi-: "yanick_: ps -aux"
    [1156] jacob_: "so how should it be? could u correct it so i can copy paste just so i know im do..."
    [1157] rowan_: "how do i view them in xchat"
    [1158] rowan_: "?"
    [1159] yanick_: "yashi-, "Please wait while the system is lagging trying to open web browser....""
    [1160] guest__: "jacob_ for q in sda5 sda4 sda3 sda2 sda1 sda ;do mount /dev/$q /mnt ;done"
    [1161] guest__: "err"
    [1162] rowan_: "how do i view private messages in xchat"
    [1163] guest__: "jacob_ for q in sdb5 sdb4 sdb3 sdb2 sdb1 sdb ;do mount /dev/$q /mnt ;done"
    [1164] yanick_: "yashi-, http://pastie.org/1098161"
    [1166] guest__: "jacob_ sorry   was thinking sda  not sdb   but you get the idea.   that will mou..."
    [1167] yanick_: "yashi-, http://pastie.org/1098162"
    [1169] jacob_: "Im sorry but i dont understand where to start or stop copy pasting on that  =/"
    [1171] jacob_: "Lol very novice ubuntuer"
    [1172] yanick_: "yashi-, ubuntu uses 2GB or RAM being idle??"
    [1173] guest__: "jacob_   heh  the whole line execpt your nickname"
    [1174] guest__: "jacob_   for q in sdb5 sdb4 sdb3 sdb2 sdb1 sdb ;do sudo mount /dev/$q /mnt ;done"
    [1175] rowan_: "Guys i'm a noob i dont know how to view private messages in xchat"
    [1177] yanick_: "yashi-, that's when I close everything that is running, if I have Chrome and Net..."
    [1178] rowan_: "b5 sdb4 sdb3 sdb2 sdb1 sdb ;do sudo mount /dev/$q /mnt ;done"
    [1180] IdleOne: "rowan_: you should have a tab at the bottom or maybe on the left side of the win..."
    [1182] IdleOne: "s/the/that"
    [1183] yashi-: "yanick_: hmm afaik the linux ram management is different it isnt really using it..."
    [1184] jacob_: "i get this"
    [1185] jacob_: "jacob@jacob-laptop:~$ for q in sda5 sda4 sda3 sda2 sda1 sdb ;do mount /dev/$q /m..."
    [1186] jacob_: "mount: only root can do that"
    [1187] jacob_: "mount: only root can do that"
    [1188] FloodBot3: "jacob_: Please don't flood, use http://paste.ubuntu.com to paste, don't use Ente..."
    [1189] Spaztic_One: "Just throwing this out there, but with firefox, dwarf fortress, and several misc..."
    [1190] yashi-: "yanick_: http://pastie.org/1098165"
    [1191] yanick_: "yashi-, that's what everyone tell me, however why, then, my hard drive is ALWAYS..."
    [1193] jacob_: "http://paste.ubuntu.com/479505/ this is what i get"
    [1194] yashi-: "yanick_: well it is curious that it uses the swap partition :/ that shouldnt be ..."
    [1196] IdleOne: "!br"
    [1197] ubottu: "Entre em #ubuntu-br usando /join #ubuntu-br para ajuda em portugues. Obrigado."
    [1200] yanick_: "yashi-, yep. On stackoverflow.com, I have been suggested to do : "sudo sysctl -w..."
    [1202] svm_invictvs-: "Control+Alt+Backspace, right?"
    [1203] IdleOne: "alt-sysrq-k"
    [1204] Pici: "OpenSourceCode: Is there a question there?  Maverick discussion belongs in #ubun..."
    [1205] yanick_: "svm_invictvs-, sudo service stop gdm ?"
    [1206] yashi-: "yanick_: actually ive no clue :P i never had that problem"
    [1207] OpenSourceCode: "I'm just saying."
    [1208] guest__: "ffr <<< for Q in sd{j..b}{8..1} sd{j..b} ;do sudo mount /dev/$Q /mnt ;done >>> m..."
    [1209] jacob_: "can anyone help me with the problem?"
    [1210] yashi-: "yanick_: but imo its a ugly solution..it doesnt solve the real problem ...ubuntu..."
    [1213] guest__: "!wow"
    [1214] ubottu: "Information about games on Ubuntu can be found at https://help.ubuntu.com/commun..."
    [1215] IdleOne: "younder: ##winehq"
    [1216] younder: "thx"
    [1217] yanick_: "yashi-, I chose Ubuntu especially so I don't have to hack my way around kernel i..."
    [1218] younder: "yanick_, lol. good luck. Never been there myself"
    [1220] jacob_: "yashi- guest__ isnt responding could u help me again?"
    [1221] yanick_: "blackMatrix_NY, .bashrc"
    [1222] yashi-: "yanick_: me neither. the point is your ram isnt even used 100% but linux is usin..."
    [1223] blackMatrix_NY: "yanic_: what's the difference between .bashrc and .profile ?"
    [1224] blackMatrix_NY: "yanick_: what's the difference between .bashrc and .profile ?"
    [1225] yanick_: "yashi-, or the RAM gets used really really fast, and I have to close everything ..."
    [1226] guest__: "blackMatrix_NY or .bash_bashrc .bash_profile .bashrc .profile   or if you want s..."
    [1227] juboba: "BlackBinary: bashrc is called when opening a terminal"
    [1228] prince_jammys: "blackMatrix_NY: the former gets sourced everytime you start an interactive shell..."
    [1229] juboba: "profile only when you login"
    [1231] jacob_: "Anyone going to help me?"
    [1232] yanick_: "blackMatrix_NY, .profile includes .bashrc."
    [1233] juboba: "jacob_: what's your problem?"
    [1234] svm_invictvs-: "yanick_: How am I supposed to do that without a terminal?"
    [1235] yanick_: "svm_invictvs-, CTRL+T opens a terminal :)"
    [1236] svm_invictvs-: "how do you switch to a terminal in Ubunto?"
    [1238] svm_invictvs-: "yanick_: Fromt he login screen?"
    [1239] yanick_: "svm_invictvs-, CTRL+ALT+F1...F6 to select a terminal"
    [1240] jacob_: "i am trying to manually mount my external had drive , guest__ was previously hel..."
    [1241] juboba: "svm_invictvs-: CTRL ALT FX , where X in 1...12"
    [1242] yanick_: "CTRL+ALT+F7 to switch to a graphical one"
    [1243] svm_invictvs-: "Didn't work, weird."
    [1244] svm_invictvs-: "Okay"
    [1245] jacob_: "the external hard drive wont mount itself"
    [1246] svm_invictvs-: "well"
    [1247] guest__: "ffr <<< for Q in sd{j..b}{8..1} sd{j..b} ;do sudo mount /dev/$Q /mnt ;done >>> m..."
    [1248] yanick_: "svm_invictvs-, sorry, CTRL+ALT+T"
    [1249] guest__: "                                 ^"
    [1252] guest__: "jacob_ and the command "mount" will list what mounted."
    [1253] jacob_: "guest__ for that i i get this http://ubuntu.pastebin.com/4JHwYRHT"
    [1255] yashi-: "jacob_: http://ubuntuforums.org/showthread.php?t=283131"
    [1257] younder: "need mathML and the math symbols"
    [1258] thune3: "jacob_: mounting 7 drives on /mnt directory will succeed but won't function (onl..."
    [1259] blackMatrix_NY: "guest__. bash_bashrc .bash_profile .bashrc .profile ... are they all found in ub..."
    [1260] guest__: "jacob_ and mount shows what ?"
    [1261] prince_jammys: "blackMatrix_NY: ''ls -a /etc/skel''"
    [1262] jacob_: "moutn shows this http://ubuntu.pastebin.com/BzqVsAX7"
    [1263] abhijit: "!mount | jacob_"
    [1264] ubottu: "jacob_: mount is used to attach devices to directories. See also https://help.ub..."
    [1265] blackMatrix_NY: "yanick_: thanks I see the call to .bashrc in .profile"
    [1266] yashi-: "jacob_: could you paste youre sudo fdisk -l?"
    [1267] guest__: "blackMatrix_NY they are all used by bash if found   none of them are self genera..."
    [1269] guest__: "blackMatrix_NY so.  any one of them will work.   man bash for more info"
    [1270] jacob_: "yashi- http://ubuntu.pastebin.com/EdwzsxMa"
    [1271] blackMatrix_NY: "ah, that clears up more dust. thanks prince_jammys: guest__: yanick_"
    [1272] iceroot: "cached: emacs has a gui without using the x-server imo"
    [1273] iceroot: "cached: and of course you dont want a gui or a gui text editor on a server"
    [1274] cached: "iceroot: why not? for x forwarding?"
    [1275] iceroot: "cached: not a text-editor"
    [1276] iceroot: "cached: vimtutor"
    [1277] guest__: "jacob_ line 16   sdb1 is mounted in /media   fuse"
    [1278] yashi-: "jacob_: your external drive got a (working) partition ->sdb1"
    [1279] cached: "iceroot: as for emacs, sudo apt-get install emacs gives me this beaut: "After th..."
    [1281] jacob_: "My external hard drive is only sdb i thought"
    [1282] guest__: "yashi- working is questionable  but yes it's mounted."
    [1283] iceroot: "cached: sudo apt-get install vim"
    [1284] jacob_: "it isnt partitioned is it?"
    [1285] phillyj: "i had just installed some updates and restarted it"
    [1286] guest__: "jacob_ it is partitioned.  who did it, we don't know."
    [1287] yashi-: "guest__: (working) ;)"
    [1288] phillyj: "any ideas?"
    [1290] guest__: "yashi- heh   yeah working....    like i should be..."
    [1291] jacob_: "So how can i mount it so i can use it on linux then?"
    [1293] guest__: "jacob_ open your file manager and navigate to  /media/A6BA8F35BA8F00D3"
    [1294] cached: "iceroot: i'm fully aware of and have used vim, nano, pico. heck, i even used ed ..."
    [1295] jacob_: "Done"
    [1296] jacob_: "thats my windows partition"
    [1297] mneptok: "Aiya: if you don't know how SSH works, you should probably not be providing shel..."
    [1298] yashi-: "guest__: thats sda1 not sdb1"
    [1299] Aiya: "mneptok"
    [1300] mneptok: "Aiya: it's like saying "I have a new jet aircraft. Can someone tell me where the..."
    [1301] yashi-: "jacob_: sudo mount /dev/sdb1 /home/jacob/usbdrive"
    [1303] Aiya: "mneptok  : Im willing to learn.I just need some tutorial to make it"
    [1304] mneptok: "Aiya: learn *before* you give access."
    [1306] yashi-: "jacob_: that would mount it if you create the folder /home/jacob/usbdrive first"
    [1308] Aiya: "mneptok  : How?"
    [1310] jacob_: "okay ill give it a shot"
    [1311] frefrejojo: "during the make i've this error:"
    [1312] Physicsloser: "jacob you will help me?"
    [1313] frefrejojo: "gcc  -g -O2  -L/usr/lib -Wl,-Bsymbolic-functions -L/usr/local/lib -o gnuplot_x11..."
    [1314] frefrejojo: "/usr/bin/ld: i386 architecture of input file `getcolor_x11.o' is incompatible wi..."
    [1315] jacob_: "i really cant help u man lol"
    [1316] frefrejojo: "it's weird seems like i've 32bits version of the lib x11"
    [1317] frefrejojo: "can someone help me with this issue"
    [1318] Pici: "frefrejojo: Is there a reason why you're installing gnuplot from source and not ..."
    [1319] yashi-: "jacob_: did it work? to create the folder you can type: mkdir /home/jacob/usbdri..."
    [1320] jacob_: "yahi- i get this http://ubuntu.pastebin.com/t4BTsFyY"
  Thread 5:
    [1138] Typh: "Is there any way to fix the bug where clicks constantly go "through" the title b..."
    [1170] yashi-: "yanick_: looks ok, its practically the same here."

Thread count: Gold=93, Predicted=7
2026-05-18 20:38:36,690 - __main__ - INFO - 
============================================================
2026-05-18 20:38:36,690 - __main__ - INFO - DEBUG PREDICTED PAIRS for 2010-08-17_18
2026-05-18 20:38:36,690 - __main__ - INFO - ============================================================
2026-05-18 20:38:36,690 - __main__ - INFO - Idx    Child  ChildSpk     PredPar  PredSpk      GoldPar  GoldSpk      Match  P(self)  P(pred)  P(gold)  Text
2026-05-18 20:38:36,701 - __main__ - INFO - 1813   1397   aeon-ltd     1356     Ober7        1396     nitze        NO     0.0000   0.0216   0.0201   nitze: uhhh. your already here?
2026-05-18 20:38:36,711 - __main__ - INFO - 1543   1067   candrea      1018     reggi        1065     Spaztic_One  NO     0.0000   0.0215   0.0200   Spaztic_One: use "kill -9 <pid>"
2026-05-18 20:38:36,721 - __main__ - INFO - 1498   1013   reggi        1012     guest__      1011     pierre_      NO     0.0000   0.0221   0.0198   pierre_: is this a new installation of ubuntu?
2026-05-18 20:38:36,731 - __main__ - INFO - 1865   1459   cdm10        1424     arifovic     1458     wng-         NO     0.0000   0.0221   0.0203   wng-: http://ignatz.brinkster.net/cimages/cheader01.jpg
2026-05-18 20:38:36,742 - __main__ - INFO - 1626   1166   guest__      1155     yashi-       1163     guest__      NO     0.0000   0.0213   0.0198   jacob_ sorry   was thinking sda  not sdb   but you get the i
2026-05-18 20:38:36,752 - __main__ - INFO - 1611   1150   ubottu       1105     uberj        1148     rowan_       NO     0.0000   0.0219   0.0197   rowan_, please see my private message
2026-05-18 20:38:36,762 - __main__ - INFO - 1600   1136   rowan_       1105     uberj        1118     rowan_       NO     0.0000   0.0228   0.0200   Help Me Please
2026-05-18 20:38:36,771 - __main__ - INFO - 1557   1085   yashi-       1059     Spaztic_One  1068     jacob_       NO     0.0000   0.0215   0.0204   jacob_: you can see all harddrives which ubuntu found via su
2026-05-18 20:38:36,780 - __main__ - INFO - 1863   1457   ubottu       1424     arifovic     1454     wng-         NO     0.0000   0.0220   0.0217   To replicate your packages selection on another machine (or 
2026-05-18 20:38:36,790 - __main__ - INFO - 1538   1062   pgpkeys      1018     reggi        1060     jacob_       NO     0.0000   0.0214   0.0198   Please ask SICCO questions :) Specific, Informative, Concise
2026-05-18 20:38:36,790 - __main__ - INFO - Results saved to: /home/s4901673/workspace/irc-disentanglement-bert-pytorch/logs/eval_20260518_203632.log
