2026-05-18 21:19:54,622 - __main__ - INFO - ================================================================================
2026-05-18 21:19:54,622 - __main__ - INFO - IRC Conversation Disentanglement Training
2026-05-18 21:19:54,623 - __main__ - INFO - ================================================================================
2026-05-18 21:19:54,623 - __main__ - INFO - --- System Diagnostics ---
2026-05-18 21:19:54,623 - __main__ - INFO - OS: Linux 5.14.0-611.54.1.el9_7.x86_64
2026-05-18 21:19:54,623 - __main__ - INFO - Python: 3.10.20
2026-05-18 21:19:54,623 - __main__ - INFO - RAM: 2003.11 GB total, 1937.26 GB available
2026-05-18 21:19:54,639 - __main__ - INFO - GPU 0: NVIDIA A100 80GB PCIe MIG 1g.10gb
2026-05-18 21:19:54,639 - __main__ - INFO -   Total Memory: 9728 MB
2026-05-18 21:19:54,639 - __main__ - INFO -   Compute Capability: 8.0
2026-05-18 21:19:54,639 - __main__ - INFO - --------------------------
2026-05-18 21:19:54,639 - __main__ - INFO - Mode: train
2026-05-18 21:19:54,639 - __main__ - INFO - Device: cuda
2026-05-18 21:19:54,639 - __main__ - INFO - Model: microsoft/deberta-v3-base
2026-05-18 21:19:54,639 - __main__ - INFO - Batch size: 4
2026-05-18 21:19:54,639 - __main__ - INFO - Learning rate: 5e-05
2026-05-18 21:19:54,639 - __main__ - INFO - Epochs: 10
2026-05-18 21:19:54,639 - __main__ - INFO - Max dist: 50
2026-05-18 21:19:54,639 - __main__ - INFO - Max length: 96
2026-05-18 21:19:54,639 - __main__ - INFO - Output dir: /scratch/user/s4901673/ircbert_runs/checkpoints_maxdist50
2026-05-18 21:19:54,639 - __main__ - INFO - Using device: cuda
2026-05-18 21:19:54,639 - __main__ - INFO - Loading tokenizer: microsoft/deberta-v3-base
2026-05-18 21:19:54,888 - httpx - INFO - HTTP Request: HEAD https://huggingface.co/microsoft/deberta-v3-base/resolve/main/config.json "HTTP/1.1 307 Temporary Redirect"
2026-05-18 21:19:54,889 - huggingface_hub.utils._http - WARNING - Warning: You are sending unauthenticated requests to the HF Hub. Please set a HF_TOKEN to enable higher rate limits and faster downloads.
2026-05-18 21:19:54,894 - httpx - INFO - HTTP Request: HEAD https://huggingface.co/api/resolve-cache/models/microsoft/deberta-v3-base/8ccc9b6f36199bec6961081d44eb72fb3f7353f3/config.json "HTTP/1.1 200 OK"
2026-05-18 21:19:55,132 - httpx - INFO - HTTP Request: HEAD https://huggingface.co/microsoft/deberta-v3-base/resolve/main/tokenizer_config.json "HTTP/1.1 307 Temporary Redirect"
2026-05-18 21:19:55,137 - httpx - INFO - HTTP Request: HEAD https://huggingface.co/api/resolve-cache/models/microsoft/deberta-v3-base/8ccc9b6f36199bec6961081d44eb72fb3f7353f3/tokenizer_config.json "HTTP/1.1 200 OK"
2026-05-18 21:19:55,380 - httpx - INFO - HTTP Request: GET https://huggingface.co/api/models/microsoft/deberta-v3-base/tree/main/additional_chat_templates?recursive=false&expand=false "HTTP/1.1 404 Not Found"
2026-05-18 21:19:55,619 - httpx - INFO - HTTP Request: GET https://huggingface.co/api/models/microsoft/deberta-v3-base/tree/main?recursive=true&expand=false "HTTP/1.1 200 OK"
2026-05-18 21:19:56,113 - httpx - INFO - HTTP Request: GET https://huggingface.co/api/models/microsoft/deberta-v3-base "HTTP/1.1 200 OK"
2026-05-18 21:19:56,116 - __main__ - INFO - Tokenizer loaded: DebertaV2Tokenizer
2026-05-18 21:19:56,116 - __main__ - INFO - Creating dataloaders...
2026-05-18 21:19:56,151 - __main__ - INFO - Loading 153 train files...
2026-05-18 21:19:56,151 - data_loader - INFO - Initializing IRCDisentanglementDataset with 153 files
2026-05-18 21:19:56,151 - data_loader - INFO -   max_dist=50, max_length=96, skip_labels=False
2026-05-18 21:19:56,151 - data_loader - INFO -   test_start=0, test_end=1000000
2026-05-18 21:19:56,152 - data_loader - INFO - Loading conversation from /home/s4901673/workspace/irc-disentanglement-bert-pytorch/data/train/2004-12-25.train-c.ascii.txt
2026-05-18 21:19:56,153 - data_loader - INFO -   Read 1500 lines from ASCII file
2026-05-18 21:19:56,157 - data_loader - INFO -   Parsed 1500 messages, found 94 unique users
2026-05-18 21:19:56,328 - data_loader - INFO -   Loaded 500 gold links from annotation file
2026-05-18 21:19:56,328 - data_loader - INFO -   Conversation '2004-12-25.train-c' loaded in 0.18s
2026-05-18 21:19:56,328 - data_loader - INFO -   Creating samples for 2004-12-25.train-c: messages 0 to 1500 (limited)
2026-05-18 21:19:56,334 - data_loader - INFO -   LABEL CHECK [2004-12-25.train-c sample #0]: gold_parent_idx=23, gold_msg_idx=1000, C=24, msg_i_idx=1009, candidate_range=[960, 1000]
2026-05-18 21:19:56,334 - data_loader - INFO -   LABEL CHECK [2004-12-25.train-c sample #1]: gold_parent_idx=21, gold_msg_idx=1020, C=22, msg_i_idx=1021, candidate_range=[977, 1020]
2026-05-18 21:19:56,335 - data_loader - INFO -   LABEL CHECK [2004-12-25.train-c sample #2]: gold_parent_idx=22, gold_msg_idx=1021, C=23, msg_i_idx=1022, candidate_range=[977, 1021]
2026-05-18 21:19:56,385 - data_loader - INFO -   Created 326 samples for 2004-12-25.train-c
2026-05-18 21:19:56,386 - data_loader - INFO -   File 1/153: 2004-12-25.train-c - 1500 messages, 326 total samples so far
2026-05-18 21:19:56,386 - data_loader - INFO - Loading conversation from /home/s4901673/workspace/irc-disentanglement-bert-pytorch/data/train/2005-02-06.train-c.ascii.txt
2026-05-18 21:19:56,387 - data_loader - INFO -   Read 1500 lines from ASCII file
2026-05-18 21:19:56,391 - data_loader - INFO -   Parsed 1500 messages, found 70 unique users
2026-05-18 21:19:56,535 - data_loader - INFO -   Loaded 500 gold links from annotation file
2026-05-18 21:19:56,536 - data_loader - INFO -   Conversation '2005-02-06.train-c' loaded in 0.15s
2026-05-18 21:19:56,536 - data_loader - INFO -   Creating samples for 2005-02-06.train-c: messages 0 to 1500 (limited)
2026-05-18 21:19:56,543 - data_loader - INFO -   LABEL CHECK [2005-02-06.train-c sample #326]: gold_parent_idx=42, gold_msg_idx=998, C=44, msg_i_idx=1000, candidate_range=[951, 999]
2026-05-18 21:19:56,543 - data_loader - INFO -   LABEL CHECK [2005-02-06.train-c sample #327]: gold_parent_idx=41, gold_msg_idx=998, C=44, msg_i_idx=1001, candidate_range=[952, 1000]
2026-05-18 21:19:56,543 - data_loader - INFO -   LABEL CHECK [2005-02-06.train-c sample #328]: gold_parent_idx=40, gold_msg_idx=998, C=44, msg_i_idx=1002, candidate_range=[953, 1001]
2026-05-18 21:19:56,611 - data_loader - INFO -   Created 400 samples for 2005-02-06.train-c
2026-05-18 21:19:56,611 - data_loader - INFO -   File 2/153: 2005-02-06.train-c - 1500 messages, 726 total samples so far
2026-05-18 21:19:56,611 - data_loader - INFO - Loading conversation from /home/s4901673/workspace/irc-disentanglement-bert-pytorch/data/train/2005-02-08.train-a.ascii.txt
2026-05-18 21:19:56,613 - data_loader - INFO -   Read 1246 lines from ASCII file
2026-05-18 21:19:56,616 - data_loader - INFO -   Parsed 1246 messages, found 71 unique users
2026-05-18 21:19:56,711 - data_loader - INFO -   Loaded 246 gold links from annotation file
2026-05-18 21:19:56,711 - data_loader - INFO -   Conversation '2005-02-08.train-a' loaded in 0.10s
2026-05-18 21:19:56,711 - data_loader - INFO -   Creating samples for 2005-02-08.train-a: messages 0 to 1246 (limited)
2026-05-18 21:19:56,717 - data_loader - INFO -   LABEL CHECK [2005-02-08.train-a sample #726]: gold_parent_idx=27, gold_msg_idx=993, C=33, msg_i_idx=1000, candidate_range=[951, 999]
2026-05-18 21:19:56,717 - data_loader - INFO -   LABEL CHECK [2005-02-08.train-a sample #727]: gold_parent_idx=28, gold_msg_idx=996, C=33, msg_i_idx=1001, candidate_range=[953, 1000]
2026-05-18 21:19:56,718 - data_loader - INFO -   LABEL CHECK [2005-02-08.train-a sample #728]: gold_parent_idx=33, gold_msg_idx=1001, C=34, msg_i_idx=1002, candidate_range=[953, 1001]
2026-05-18 21:19:56,737 - data_loader - INFO -   Created 161 samples for 2005-02-08.train-a
2026-05-18 21:19:56,737 - data_loader - INFO -   File 3/153: 2005-02-08.train-a - 1246 messages, 887 total samples so far
2026-05-18 21:19:56,737 - data_loader - INFO - Loading conversation from /home/s4901673/workspace/irc-disentanglement-bert-pytorch/data/train/2005-02-27.train-c.ascii.txt
2026-05-18 21:19:56,739 - data_loader - INFO -   Read 1500 lines from ASCII file
2026-05-18 21:19:56,742 - data_loader - INFO -   Parsed 1500 messages, found 74 unique users
2026-05-18 21:19:56,899 - data_loader - INFO -   Loaded 500 gold links from annotation file
2026-05-18 21:19:56,900 - data_loader - INFO -   Conversation '2005-02-27.train-c' loaded in 0.16s
2026-05-18 21:19:56,900 - data_loader - INFO -   Creating samples for 2005-02-27.train-c: messages 0 to 1500 (limited)
2026-05-18 21:19:56,906 - data_loader - INFO -   LABEL CHECK [2005-02-27.train-c sample #887]: gold_parent_idx=20, gold_msg_idx=972, C=45, msg_i_idx=1000, candidate_range=[951, 999]
2026-05-18 21:19:56,906 - data_loader - INFO -   LABEL CHECK [2005-02-27.train-c sample #888]: gold_parent_idx=43, gold_msg_idx=999, C=45, msg_i_idx=1001, candidate_range=[952, 1000]
2026-05-18 21:19:56,907 - data_loader - INFO -   LABEL CHECK [2005-02-27.train-c sample #889]: gold_parent_idx=44, gold_msg_idx=1002, C=45, msg_i_idx=1003, candidate_range=[954, 1002]
2026-05-18 21:19:56,980 - data_loader - INFO -   Created 384 samples for 2005-02-27.train-c
2026-05-18 21:19:56,980 - data_loader - INFO -   File 4/153: 2005-02-27.train-c - 1500 messages, 1271 total samples so far
2026-05-18 21:19:56,980 - data_loader - INFO - Loading conversation from /home/s4901673/workspace/irc-disentanglement-bert-pytorch/data/train/2005-05-14.train-c.ascii.txt
2026-05-18 21:19:56,982 - data_loader - INFO -   Read 1500 lines from ASCII file
2026-05-18 21:19:56,986 - data_loader - INFO -   Parsed 1500 messages, found 85 unique users
2026-05-18 21:19:57,159 - data_loader - INFO -   Loaded 500 gold links from annotation file
2026-05-18 21:19:57,159 - data_loader - INFO -   Conversation '2005-05-14.train-c' loaded in 0.18s
2026-05-18 21:19:57,159 - data_loader - INFO -   Creating samples for 2005-05-14.train-c: messages 0 to 1500 (limited)
2026-05-18 21:19:57,165 - data_loader - INFO -   LABEL CHECK [2005-05-14.train-c sample #1271]: gold_parent_idx=35, gold_msg_idx=999, C=36, msg_i_idx=1000, candidate_range=[951, 999]
2026-05-18 21:19:57,166 - data_loader - INFO -   LABEL CHECK [2005-05-14.train-c sample #1272]: gold_parent_idx=34, gold_msg_idx=999, C=36, msg_i_idx=1001, candidate_range=[952, 1000]
2026-05-18 21:19:57,166 - data_loader - INFO -   LABEL CHECK [2005-05-14.train-c sample #1273]: gold_parent_idx=33, gold_msg_idx=999, C=36, msg_i_idx=1002, candidate_range=[953, 1001]
2026-05-18 21:19:57,350 - data_loader - INFO -   Created 351 samples for 2005-05-14.train-c
2026-05-18 21:19:57,350 - data_loader - INFO -   File 5/153: 2005-05-14.train-c - 1500 messages, 1622 total samples so far
2026-05-18 21:19:57,350 - data_loader - INFO - Loading conversation from /home/s4901673/workspace/irc-disentanglement-bert-pytorch/data/train/2005-05-19.train-a.ascii.txt
2026-05-18 21:19:57,352 - data_loader - INFO -   Read 1191 lines from ASCII file
2026-05-18 21:19:57,355 - data_loader - INFO -   Parsed 1191 messages, found 68 unique users
2026-05-18 21:19:57,455 - data_loader - INFO -   Loaded 191 gold links from annotation file
2026-05-18 21:19:57,455 - data_loader - INFO -   Conversation '2005-05-19.train-a' loaded in 0.10s
2026-05-18 21:19:57,455 - data_loader - INFO -   Creating samples for 2005-05-19.train-a: messages 0 to 1191 (limited)
2026-05-18 21:19:57,461 - data_loader - INFO -   LABEL CHECK [2005-05-19.train-a sample #1622]: gold_parent_idx=43, gold_msg_idx=999, C=44, msg_i_idx=1000, candidate_range=[951, 999]
2026-05-18 21:19:57,461 - data_loader - INFO -   LABEL CHECK [2005-05-19.train-a sample #1623]: gold_parent_idx=43, gold_msg_idx=1000, C=44, msg_i_idx=1001, candidate_range=[952, 1000]
2026-05-18 21:19:57,462 - data_loader - INFO -   LABEL CHECK [2005-05-19.train-a sample #1624]: gold_parent_idx=43, gold_msg_idx=1001, C=44, msg_i_idx=1002, candidate_range=[953, 1001]
2026-05-18 21:19:57,479 - data_loader - INFO -   Created 129 samples for 2005-05-19.train-a
2026-05-18 21:19:57,479 - data_loader - INFO -   File 6/153: 2005-05-19.train-a - 1191 messages, 1751 total samples so far
2026-05-18 21:19:57,479 - data_loader - INFO - Loading conversation from /home/s4901673/workspace/irc-disentanglement-bert-pytorch/data/train/2005-06-06.train-c.ascii.txt
2026-05-18 21:19:57,481 - data_loader - INFO -   Read 1500 lines from ASCII file
2026-05-18 21:19:57,484 - data_loader - INFO -   Parsed 1500 messages, found 97 unique users
2026-05-18 21:19:57,663 - data_loader - INFO -   Loaded 500 gold links from annotation file
2026-05-18 21:19:57,663 - data_loader - INFO -   Conversation '2005-06-06.train-c' loaded in 0.18s
2026-05-18 21:19:57,663 - data_loader - INFO -   Creating samples for 2005-06-06.train-c: messages 0 to 1500 (limited)
2026-05-18 21:19:57,669 - data_loader - INFO -   LABEL CHECK [2005-06-06.train-c sample #1751]: gold_parent_idx=36, gold_msg_idx=999, C=37, msg_i_idx=1000, candidate_range=[951, 999]
2026-05-18 21:19:57,669 - data_loader - INFO -   LABEL CHECK [2005-06-06.train-c sample #1752]: gold_parent_idx=36, gold_msg_idx=1000, C=37, msg_i_idx=1001, candidate_range=[952, 1000]
2026-05-18 21:19:57,670 - data_loader - INFO -   LABEL CHECK [2005-06-06.train-c sample #1753]: gold_parent_idx=35, gold_msg_idx=1003, C=36, msg_i_idx=1004, candidate_range=[955, 1003]
2026-05-18 21:19:57,718 - data_loader - INFO -   Created 329 samples for 2005-06-06.train-c
2026-05-18 21:19:57,718 - data_loader - INFO -   File 7/153: 2005-06-06.train-c - 1500 messages, 2080 total samples so far
2026-05-18 21:19:57,718 - data_loader - INFO - Loading conversation from /home/s4901673/workspace/irc-disentanglement-bert-pytorch/data/train/2005-06-12.train-c.ascii.txt
2026-05-18 21:19:57,720 - data_loader - INFO -   Read 1500 lines from ASCII file
2026-05-18 21:19:57,724 - data_loader - INFO -   Parsed 1500 messages, found 93 unique users
2026-05-18 21:19:57,917 - data_loader - INFO -   Loaded 500 gold links from annotation file
2026-05-18 21:19:57,918 - data_loader - INFO -   Conversation '2005-06-12.train-c' loaded in 0.20s
2026-05-18 21:19:57,918 - data_loader - INFO -   Creating samples for 2005-06-12.train-c: messages 0 to 1500 (limited)
2026-05-18 21:19:57,924 - data_loader - INFO -   LABEL CHECK [2005-06-12.train-c sample #2080]: gold_parent_idx=38, gold_msg_idx=997, C=41, msg_i_idx=1000, candidate_range=[951, 999]
2026-05-18 21:19:57,924 - data_loader - INFO -   LABEL CHECK [2005-06-12.train-c sample #2081]: gold_parent_idx=3, gold_msg_idx=959, C=41, msg_i_idx=1003, candidate_range=[954, 1002]
2026-05-18 21:19:57,924 - data_loader - INFO -   LABEL CHECK [2005-06-12.train-c sample #2082]: gold_parent_idx=26, gold_msg_idx=987, C=41, msg_i_idx=1004, candidate_range=[957, 1003]
2026-05-18 21:19:57,979 - data_loader - INFO -   Created 376 samples for 2005-06-12.train-c
2026-05-18 21:19:57,979 - data_loader - INFO -   File 8/153: 2005-06-12.train-c - 1500 messages, 2456 total samples so far
2026-05-18 21:19:57,979 - data_loader - INFO - Loading conversation from /home/s4901673/workspace/irc-disentanglement-bert-pytorch/data/train/2005-06-16.train-c.ascii.txt
2026-05-18 21:19:57,981 - data_loader - INFO -   Read 1500 lines from ASCII file
2026-05-18 21:19:57,985 - data_loader - INFO -   Parsed 1500 messages, found 90 unique users
2026-05-18 21:19:58,166 - data_loader - INFO -   Loaded 500 gold links from annotation file
2026-05-18 21:19:58,166 - data_loader - INFO -   Conversation '2005-06-16.train-c' loaded in 0.19s
2026-05-18 21:19:58,166 - data_loader - INFO -   Creating samples for 2005-06-16.train-c: messages 0 to 1500 (limited)
2026-05-18 21:19:58,172 - data_loader - INFO -   LABEL CHECK [2005-06-16.train-c sample #2456]: gold_parent_idx=34, gold_msg_idx=995, C=39, msg_i_idx=1000, candidate_range=[951, 999]
2026-05-18 21:19:58,172 - data_loader - INFO -   LABEL CHECK [2005-06-16.train-c sample #2457]: gold_parent_idx=37, gold_msg_idx=999, C=39, msg_i_idx=1001, candidate_range=[953, 1000]
2026-05-18 21:19:58,172 - data_loader - INFO -   LABEL CHECK [2005-06-16.train-c sample #2458]: gold_parent_idx=27, gold_msg_idx=988, C=40, msg_i_idx=1002, candidate_range=[953, 1001]
2026-05-18 21:19:58,236 - data_loader - INFO -   Created 398 samples for 2005-06-16.train-c
2026-05-18 21:19:58,236 - data_loader - INFO -   File 9/153: 2005-06-16.train-c - 1500 messages, 2854 total samples so far
2026-05-18 21:19:58,236 - data_loader - INFO - Loading conversation from /home/s4901673/workspace/irc-disentanglement-bert-pytorch/data/train/2005-06-20.train-a.ascii.txt
2026-05-18 21:19:58,237 - data_loader - INFO -   Read 1457 lines from ASCII file
2026-05-18 21:19:58,241 - data_loader - INFO -   Parsed 1457 messages, found 77 unique users
2026-05-18 21:19:58,391 - data_loader - INFO -   Loaded 457 gold links from annotation file
2026-05-18 21:19:58,391 - data_loader - INFO -   Conversation '2005-06-20.train-a' loaded in 0.16s
2026-05-18 21:19:58,391 - data_loader - INFO -   Creating samples for 2005-06-20.train-a: messages 0 to 1457 (limited)
2026-05-18 21:19:58,398 - data_loader - INFO -   LABEL CHECK [2005-06-20.train-a sample #2854]: gold_parent_idx=29, gold_msg_idx=990, C=36, msg_i_idx=1000, candidate_range=[951, 996]
2026-05-18 21:19:58,398 - data_loader - INFO -   LABEL CHECK [2005-06-20.train-a sample #2855]: gold_parent_idx=32, gold_msg_idx=996, C=35, msg_i_idx=1003, candidate_range=[954, 1001]
2026-05-18 21:19:58,398 - data_loader - INFO -   LABEL CHECK [2005-06-20.train-a sample #2856]: gold_parent_idx=32, gold_msg_idx=1001, C=34, msg_i_idx=1005, candidate_range=[956, 1003]
2026-05-18 21:19:58,446 - data_loader - INFO -   Created 330 samples for 2005-06-20.train-a
2026-05-18 21:19:58,446 - data_loader - INFO -   File 10/153: 2005-06-20.train-a - 1457 messages, 3184 total samples so far
2026-05-18 21:19:58,446 - data_loader - INFO - Loading conversation from /home/s4901673/workspace/irc-disentanglement-bert-pytorch/data/train/2005-07-25.train-a.ascii.txt
2026-05-18 21:19:58,448 - data_loader - INFO -   Read 1283 lines from ASCII file
2026-05-18 21:19:58,451 - data_loader - INFO -   Parsed 1283 messages, found 88 unique users
2026-05-18 21:19:58,592 - data_loader - INFO -   Loaded 283 gold links from annotation file
2026-05-18 21:19:58,593 - data_loader - INFO -   Conversation '2005-07-25.train-a' loaded in 0.15s
2026-05-18 21:19:58,593 - data_loader - INFO -   Creating samples for 2005-07-25.train-a: messages 0 to 1283 (limited)
2026-05-18 21:19:58,598 - data_loader - INFO -   LABEL CHECK [2005-07-25.train-a sample #3184]: gold_parent_idx=18, gold_msg_idx=998, C=19, msg_i_idx=1000, candidate_range=[952, 998]
2026-05-18 21:19:58,599 - data_loader - INFO -   LABEL CHECK [2005-07-25.train-a sample #3185]: gold_parent_idx=18, gold_msg_idx=1000, C=21, msg_i_idx=1004, candidate_range=[956, 1003]
2026-05-18 21:19:58,599 - data_loader - INFO -   LABEL CHECK [2005-07-25.train-a sample #3186]: gold_parent_idx=20, gold_msg_idx=1003, C=22, msg_i_idx=1005, candidate_range=[956, 1004]
2026-05-18 21:19:58,622 - data_loader - INFO -   Created 175 samples for 2005-07-25.train-a
2026-05-18 21:19:58,623 - data_loader - INFO -   File 11/153: 2005-07-25.train-a - 1283 messages, 3359 total samples so far
2026-05-18 21:19:58,623 - data_loader - INFO - Loading conversation from /home/s4901673/workspace/irc-disentanglement-bert-pytorch/data/train/2005-07-29.train-c.ascii.txt
2026-05-18 21:19:58,624 - data_loader - INFO -   Read 1500 lines from ASCII file
2026-05-18 21:19:58,628 - data_loader - INFO -   Parsed 1500 messages, found 84 unique users
2026-05-18 21:19:58,794 - data_loader - INFO -   Loaded 500 gold links from annotation file
2026-05-18 21:19:58,794 - data_loader - INFO -   Conversation '2005-07-29.train-c' loaded in 0.17s
2026-05-18 21:19:58,794 - data_loader - INFO -   Creating samples for 2005-07-29.train-c: messages 0 to 1500 (limited)
2026-05-18 21:19:58,800 - data_loader - INFO -   LABEL CHECK [2005-07-29.train-c sample #3359]: gold_parent_idx=39, gold_msg_idx=998, C=41, msg_i_idx=1000, candidate_range=[951, 999]
2026-05-18 21:19:58,801 - data_loader - INFO -   LABEL CHECK [2005-07-29.train-c sample #3360]: gold_parent_idx=37, gold_msg_idx=997, C=41, msg_i_idx=1001, candidate_range=[952, 1000]
2026-05-18 21:19:58,801 - data_loader - INFO -   LABEL CHECK [2005-07-29.train-c sample #3361]: gold_parent_idx=39, gold_msg_idx=1001, C=41, msg_i_idx=1003, candidate_range=[954, 1002]
2026-05-18 21:19:58,854 - data_loader - INFO -   Created 344 samples for 2005-07-29.train-c
2026-05-18 21:19:58,854 - data_loader - INFO -   File 12/153: 2005-07-29.train-c - 1500 messages, 3703 total samples so far
2026-05-18 21:19:58,854 - data_loader - INFO - Loading conversation from /home/s4901673/workspace/irc-disentanglement-bert-pytorch/data/train/2005-09-26.train-c.ascii.txt
2026-05-18 21:19:58,855 - data_loader - INFO -   Read 1500 lines from ASCII file
2026-05-18 21:19:58,859 - data_loader - INFO -   Parsed 1500 messages, found 114 unique users
2026-05-18 21:19:59,081 - data_loader - INFO -   Loaded 500 gold links from annotation file
2026-05-18 21:19:59,081 - data_loader - INFO -   Conversation '2005-09-26.train-c' loaded in 0.23s
2026-05-18 21:19:59,081 - data_loader - INFO -   Creating samples for 2005-09-26.train-c: messages 0 to 1500 (limited)
2026-05-18 21:19:59,087 - data_loader - INFO -   LABEL CHECK [2005-09-26.train-c sample #3703]: gold_parent_idx=40, gold_msg_idx=998, C=42, msg_i_idx=1000, candidate_range=[951, 999]
2026-05-18 21:19:59,088 - data_loader - INFO -   LABEL CHECK [2005-09-26.train-c sample #3704]: gold_parent_idx=38, gold_msg_idx=997, C=42, msg_i_idx=1001, candidate_range=[954, 1000]
2026-05-18 21:19:59,088 - data_loader - INFO -   LABEL CHECK [2005-09-26.train-c sample #3705]: gold_parent_idx=42, gold_msg_idx=1001, C=43, msg_i_idx=1002, candidate_range=[954, 1001]
2026-05-18 21:19:59,148 - data_loader - INFO -   Created 380 samples for 2005-09-26.train-c
2026-05-18 21:19:59,148 - data_loader - INFO -   File 13/153: 2005-09-26.train-c - 1500 messages, 4083 total samples so far
2026-05-18 21:19:59,148 - data_loader - INFO - Loading conversation from /home/s4901673/workspace/irc-disentanglement-bert-pytorch/data/train/2005-10-07.train-c.ascii.txt
2026-05-18 21:19:59,150 - data_loader - INFO -   Read 1500 lines from ASCII file
2026-05-18 21:19:59,154 - data_loader - INFO -   Parsed 1500 messages, found 99 unique users
2026-05-18 21:19:59,331 - data_loader - INFO -   Loaded 500 gold links from annotation file
2026-05-18 21:19:59,331 - data_loader - INFO -   Conversation '2005-10-07.train-c' loaded in 0.18s
2026-05-18 21:19:59,331 - data_loader - INFO -   Creating samples for 2005-10-07.train-c: messages 0 to 1500 (limited)
2026-05-18 21:19:59,337 - data_loader - INFO -   LABEL CHECK [2005-10-07.train-c sample #4083]: gold_parent_idx=32, gold_msg_idx=997, C=35, msg_i_idx=1000, candidate_range=[951, 999]
2026-05-18 21:19:59,338 - data_loader - INFO -   LABEL CHECK [2005-10-07.train-c sample #4084]: gold_parent_idx=32, gold_msg_idx=998, C=35, msg_i_idx=1001, candidate_range=[952, 1000]
2026-05-18 21:19:59,338 - data_loader - INFO -   LABEL CHECK [2005-10-07.train-c sample #4085]: gold_parent_idx=30, gold_msg_idx=997, C=35, msg_i_idx=1002, candidate_range=[954, 1001]
2026-05-18 21:19:59,386 - data_loader - INFO -   Created 342 samples for 2005-10-07.train-c
2026-05-18 21:19:59,386 - data_loader - INFO -   File 14/153: 2005-10-07.train-c - 1500 messages, 4425 total samples so far
2026-05-18 21:19:59,386 - data_loader - INFO - Loading conversation from /home/s4901673/workspace/irc-disentanglement-bert-pytorch/data/train/2005-10-12.train-c.ascii.txt
2026-05-18 21:19:59,388 - data_loader - INFO -   Read 1500 lines from ASCII file
2026-05-18 21:19:59,392 - data_loader - INFO -   Parsed 1500 messages, found 138 unique users
2026-05-18 21:19:59,630 - data_loader - INFO -   Loaded 500 gold links from annotation file
2026-05-18 21:19:59,631 - data_loader - INFO -   Conversation '2005-10-12.train-c' loaded in 0.24s
2026-05-18 21:19:59,631 - data_loader - INFO -   Creating samples for 2005-10-12.train-c: messages 0 to 1500 (limited)
2026-05-18 21:19:59,636 - data_loader - INFO -   LABEL CHECK [2005-10-12.train-c sample #4425]: gold_parent_idx=23, gold_msg_idx=994, C=29, msg_i_idx=1000, candidate_range=[952, 999]
2026-05-18 21:19:59,637 - data_loader - INFO -   LABEL CHECK [2005-10-12.train-c sample #4426]: gold_parent_idx=23, gold_msg_idx=994, C=30, msg_i_idx=1001, candidate_range=[952, 1000]
2026-05-18 21:19:59,637 - data_loader - INFO -   LABEL CHECK [2005-10-12.train-c sample #4427]: gold_parent_idx=28, gold_msg_idx=1000, C=30, msg_i_idx=1002, candidate_range=[954, 1001]
2026-05-18 21:19:59,686 - data_loader - INFO -   Created 358 samples for 2005-10-12.train-c
2026-05-18 21:19:59,686 - data_loader - INFO -   File 15/153: 2005-10-12.train-c - 1500 messages, 4783 total samples so far
2026-05-18 21:19:59,686 - data_loader - INFO - Loading conversation from /home/s4901673/workspace/irc-disentanglement-bert-pytorch/data/train/2005-12-03.train-c.ascii.txt
2026-05-18 21:19:59,688 - data_loader - INFO -   Read 1500 lines from ASCII file
2026-05-18 21:19:59,691 - data_loader - INFO -   Parsed 1500 messages, found 104 unique users
2026-05-18 21:19:59,886 - data_loader - INFO -   Loaded 500 gold links from annotation file
2026-05-18 21:19:59,886 - data_loader - INFO -   Conversation '2005-12-03.train-c' loaded in 0.20s
2026-05-18 21:19:59,886 - data_loader - INFO -   Creating samples for 2005-12-03.train-c: messages 0 to 1500 (limited)
2026-05-18 21:19:59,892 - data_loader - INFO -   LABEL CHECK [2005-12-03.train-c sample #4783]: gold_parent_idx=39, gold_msg_idx=1000, C=40, msg_i_idx=1001, candidate_range=[952, 1000]
2026-05-18 21:19:59,892 - data_loader - INFO -   LABEL CHECK [2005-12-03.train-c sample #4784]: gold_parent_idx=34, gold_msg_idx=995, C=40, msg_i_idx=1002, candidate_range=[953, 1001]
2026-05-18 21:19:59,893 - data_loader - INFO -   LABEL CHECK [2005-12-03.train-c sample #4785]: gold_parent_idx=28, gold_msg_idx=990, C=40, msg_i_idx=1005, candidate_range=[956, 1003]
2026-05-18 21:19:59,939 - data_loader - INFO -   Created 334 samples for 2005-12-03.train-c
2026-05-18 21:19:59,940 - data_loader - INFO -   File 16/153: 2005-12-03.train-c - 1500 messages, 5117 total samples so far
2026-05-18 21:19:59,940 - data_loader - INFO - Loading conversation from /home/s4901673/workspace/irc-disentanglement-bert-pytorch/data/train/2005-12-04.train-c.ascii.txt
2026-05-18 21:19:59,941 - data_loader - INFO -   Read 1500 lines from ASCII file
2026-05-18 21:19:59,945 - data_loader - INFO -   Parsed 1500 messages, found 128 unique users
2026-05-18 21:20:00,184 - data_loader - INFO -   Loaded 500 gold links from annotation file
2026-05-18 21:20:00,184 - data_loader - INFO -   Conversation '2005-12-04.train-c' loaded in 0.24s
2026-05-18 21:20:00,184 - data_loader - INFO -   Creating samples for 2005-12-04.train-c: messages 0 to 1500 (limited)
2026-05-18 21:20:00,191 - data_loader - INFO -   LABEL CHECK [2005-12-04.train-c sample #5117]: gold_parent_idx=41, gold_msg_idx=998, C=43, msg_i_idx=1000, candidate_range=[951, 999]
2026-05-18 21:20:00,192 - data_loader - INFO -   LABEL CHECK [2005-12-04.train-c sample #5118]: gold_parent_idx=31, gold_msg_idx=985, C=43, msg_i_idx=1001, candidate_range=[952, 1000]
2026-05-18 21:20:00,192 - data_loader - INFO -   LABEL CHECK [2005-12-04.train-c sample #5119]: gold_parent_idx=33, gold_msg_idx=990, C=43, msg_i_idx=1002, candidate_range=[953, 1001]
2026-05-18 21:20:00,239 - data_loader - INFO -   Created 308 samples for 2005-12-04.train-c
2026-05-18 21:20:00,239 - data_loader - INFO -   File 17/153: 2005-12-04.train-c - 1500 messages, 5425 total samples so far
2026-05-18 21:20:00,239 - data_loader - INFO - Loading conversation from /home/s4901673/workspace/irc-disentanglement-bert-pytorch/data/train/2005-12-16.train-c.ascii.txt
2026-05-18 21:20:00,241 - data_loader - INFO -   Read 1500 lines from ASCII file
2026-05-18 21:20:00,245 - data_loader - INFO -   Parsed 1500 messages, found 83 unique users
2026-05-18 21:20:00,425 - data_loader - INFO -   Loaded 500 gold links from annotation file
2026-05-18 21:20:00,425 - data_loader - INFO -   Conversation '2005-12-16.train-c' loaded in 0.19s
2026-05-18 21:20:00,425 - data_loader - INFO -   Creating samples for 2005-12-16.train-c: messages 0 to 1500 (limited)
2026-05-18 21:20:00,432 - data_loader - INFO -   LABEL CHECK [2005-12-16.train-c sample #5425]: gold_parent_idx=40, gold_msg_idx=994, C=46, msg_i_idx=1000, candidate_range=[951, 999]
2026-05-18 21:20:00,432 - data_loader - INFO -   LABEL CHECK [2005-12-16.train-c sample #5426]: gold_parent_idx=37, gold_msg_idx=992, C=46, msg_i_idx=1001, candidate_range=[952, 1000]
2026-05-18 21:20:00,432 - data_loader - INFO -   LABEL CHECK [2005-12-16.train-c sample #5427]: gold_parent_idx=43, gold_msg_idx=999, C=46, msg_i_idx=1002, candidate_range=[953, 1001]
2026-05-18 21:20:00,499 - data_loader - INFO -   Created 408 samples for 2005-12-16.train-c
2026-05-18 21:20:00,499 - data_loader - INFO -   File 18/153: 2005-12-16.train-c - 1500 messages, 5833 total samples so far
2026-05-18 21:20:00,499 - data_loader - INFO - Loading conversation from /home/s4901673/workspace/irc-disentanglement-bert-pytorch/data/train/2005-12-23.train-c.ascii.txt
2026-05-18 21:20:00,500 - data_loader - INFO -   Read 1500 lines from ASCII file
2026-05-18 21:20:00,504 - data_loader - INFO -   Parsed 1500 messages, found 117 unique users
2026-05-18 21:20:00,714 - data_loader - INFO -   Loaded 500 gold links from annotation file
2026-05-18 21:20:00,714 - data_loader - INFO -   Conversation '2005-12-23.train-c' loaded in 0.22s
2026-05-18 21:20:00,714 - data_loader - INFO -   Creating samples for 2005-12-23.train-c: messages 0 to 1500 (limited)
2026-05-18 21:20:00,720 - data_loader - INFO -   LABEL CHECK [2005-12-23.train-c sample #5833]: gold_parent_idx=43, gold_msg_idx=999, C=44, msg_i_idx=1000, candidate_range=[951, 999]
2026-05-18 21:20:00,720 - data_loader - INFO -   LABEL CHECK [2005-12-23.train-c sample #5834]: gold_parent_idx=37, gold_msg_idx=994, C=44, msg_i_idx=1001, candidate_range=[953, 1000]
2026-05-18 21:20:00,721 - data_loader - INFO -   LABEL CHECK [2005-12-23.train-c sample #5835]: gold_parent_idx=34, gold_msg_idx=991, C=45, msg_i_idx=1002, candidate_range=[953, 1001]
2026-05-18 21:20:00,770 - data_loader - INFO -   Created 330 samples for 2005-12-23.train-c
2026-05-18 21:20:00,770 - data_loader - INFO -   File 19/153: 2005-12-23.train-c - 1500 messages, 6163 total samples so far
2026-05-18 21:20:00,770 - data_loader - INFO - Loading conversation from /home/s4901673/workspace/irc-disentanglement-bert-pytorch/data/train/2006-01-02.train-c.ascii.txt
2026-05-18 21:20:00,772 - data_loader - INFO -   Read 1500 lines from ASCII file
2026-05-18 21:20:00,775 - data_loader - INFO -   Parsed 1500 messages, found 120 unique users
2026-05-18 21:20:01,013 - data_loader - INFO -   Loaded 500 gold links from annotation file
2026-05-18 21:20:01,013 - data_loader - INFO -   Conversation '2006-01-02.train-c' loaded in 0.24s
2026-05-18 21:20:01,013 - data_loader - INFO -   Creating samples for 2006-01-02.train-c: messages 0 to 1500 (limited)
2026-05-18 21:20:01,019 - data_loader - INFO -   LABEL CHECK [2006-01-02.train-c sample #6163]: gold_parent_idx=34, gold_msg_idx=993, C=38, msg_i_idx=1000, candidate_range=[951, 998]
2026-05-18 21:20:01,019 - data_loader - INFO -   LABEL CHECK [2006-01-02.train-c sample #6164]: gold_parent_idx=36, gold_msg_idx=998, C=39, msg_i_idx=1002, candidate_range=[953, 1001]
2026-05-18 21:20:01,020 - data_loader - INFO -   LABEL CHECK [2006-01-02.train-c sample #6165]: gold_parent_idx=36, gold_msg_idx=1000, C=39, msg_i_idx=1003, candidate_range=[954, 1002]
2026-05-18 21:20:01,071 - data_loader - INFO -   Created 321 samples for 2006-01-02.train-c
2026-05-18 21:20:01,071 - data_loader - INFO -   File 20/153: 2006-01-02.train-c - 1500 messages, 6484 total samples so far
2026-05-18 21:20:01,071 - data_loader - INFO - Loading conversation from /home/s4901673/workspace/irc-disentanglement-bert-pytorch/data/train/2006-01-12.train-c.ascii.txt
2026-05-18 21:20:01,073 - data_loader - INFO -   Read 1500 lines from ASCII file
2026-05-18 21:20:01,256 - data_loader - INFO -   Parsed 1500 messages, found 115 unique users
2026-05-18 21:20:01,494 - data_loader - INFO -   Loaded 500 gold links from annotation file
2026-05-18 21:20:01,494 - data_loader - INFO -   Conversation '2006-01-12.train-c' loaded in 0.42s
2026-05-18 21:20:01,494 - data_loader - INFO -   Creating samples for 2006-01-12.train-c: messages 0 to 1500 (limited)
2026-05-18 21:20:01,501 - data_loader - INFO -   LABEL CHECK [2006-01-12.train-c sample #6484]: gold_parent_idx=22, gold_msg_idx=979, C=41, msg_i_idx=1000, candidate_range=[952, 999]
2026-05-18 21:20:01,502 - data_loader - INFO -   LABEL CHECK [2006-01-12.train-c sample #6485]: gold_parent_idx=30, gold_msg_idx=988, C=42, msg_i_idx=1001, candidate_range=[952, 1000]
2026-05-18 21:20:01,502 - data_loader - INFO -   LABEL CHECK [2006-01-12.train-c sample #6486]: gold_parent_idx=25, gold_msg_idx=985, C=41, msg_i_idx=1003, candidate_range=[954, 1001]
2026-05-18 21:20:01,572 - data_loader - INFO -   Created 367 samples for 2006-01-12.train-c
2026-05-18 21:20:01,573 - data_loader - INFO -   File 21/153: 2006-01-12.train-c - 1500 messages, 6851 total samples so far
2026-05-18 21:20:01,573 - data_loader - INFO - Loading conversation from /home/s4901673/workspace/irc-disentanglement-bert-pytorch/data/train/2006-02-20.train-c.ascii.txt
2026-05-18 21:20:01,574 - data_loader - INFO -   Read 1500 lines from ASCII file
2026-05-18 21:20:01,578 - data_loader - INFO -   Parsed 1500 messages, found 115 unique users
2026-05-18 21:20:01,799 - data_loader - INFO -   Loaded 500 gold links from annotation file
2026-05-18 21:20:01,799 - data_loader - INFO -   Conversation '2006-02-20.train-c' loaded in 0.23s
2026-05-18 21:20:01,799 - data_loader - INFO -   Creating samples for 2006-02-20.train-c: messages 0 to 1500 (limited)
2026-05-18 21:20:01,805 - data_loader - INFO -   LABEL CHECK [2006-02-20.train-c sample #6851]: gold_parent_idx=37, gold_msg_idx=997, C=39, msg_i_idx=1001, candidate_range=[952, 1000]
2026-05-18 21:20:01,805 - data_loader - INFO -   LABEL CHECK [2006-02-20.train-c sample #6852]: gold_parent_idx=38, gold_msg_idx=1001, C=39, msg_i_idx=1002, candidate_range=[954, 1001]
2026-05-18 21:20:01,805 - data_loader - INFO -   LABEL CHECK [2006-02-20.train-c sample #6853]: gold_parent_idx=27, gold_msg_idx=987, C=40, msg_i_idx=1003, candidate_range=[954, 1002]
2026-05-18 21:20:01,851 - data_loader - INFO -   Created 326 samples for 2006-02-20.train-c
2026-05-18 21:20:01,851 - data_loader - INFO -   File 22/153: 2006-02-20.train-c - 1500 messages, 7177 total samples so far
2026-05-18 21:20:01,851 - data_loader - INFO - Loading conversation from /home/s4901673/workspace/irc-disentanglement-bert-pytorch/data/train/2006-02-24.train-a.ascii.txt
2026-05-18 21:20:01,853 - data_loader - INFO -   Read 1331 lines from ASCII file
2026-05-18 21:20:01,856 - data_loader - INFO -   Parsed 1331 messages, found 102 unique users
2026-05-18 21:20:02,038 - data_loader - INFO -   Loaded 331 gold links from annotation file
2026-05-18 21:20:02,038 - data_loader - INFO -   Conversation '2006-02-24.train-a' loaded in 0.19s
2026-05-18 21:20:02,038 - data_loader - INFO -   Creating samples for 2006-02-24.train-a: messages 0 to 1331 (limited)
2026-05-18 21:20:02,044 - data_loader - INFO -   LABEL CHECK [2006-02-24.train-a sample #7177]: gold_parent_idx=36, gold_msg_idx=996, C=39, msg_i_idx=1000, candidate_range=[951, 999]
2026-05-18 21:20:02,045 - data_loader - INFO -   LABEL CHECK [2006-02-24.train-a sample #7178]: gold_parent_idx=36, gold_msg_idx=999, C=38, msg_i_idx=1002, candidate_range=[953, 1000]
2026-05-18 21:20:02,045 - data_loader - INFO -   LABEL CHECK [2006-02-24.train-a sample #7179]: gold_parent_idx=35, gold_msg_idx=1000, C=38, msg_i_idx=1004, candidate_range=[955, 1003]
2026-05-18 21:20:02,080 - data_loader - INFO -   Created 217 samples for 2006-02-24.train-a
2026-05-18 21:20:02,080 - data_loader - INFO -   File 23/153: 2006-02-24.train-a - 1331 messages, 7394 total samples so far
2026-05-18 21:20:02,080 - data_loader - INFO - Loading conversation from /home/s4901673/workspace/irc-disentanglement-bert-pytorch/data/train/2006-02-28.train-c.ascii.txt
2026-05-18 21:20:02,082 - data_loader - INFO -   Read 1500 lines from ASCII file
2026-05-18 21:20:02,086 - data_loader - INFO -   Parsed 1500 messages, found 137 unique users
2026-05-18 21:20:02,349 - data_loader - INFO -   Loaded 500 gold links from annotation file
2026-05-18 21:20:02,349 - data_loader - INFO -   Conversation '2006-02-28.train-c' loaded in 0.27s
2026-05-18 21:20:02,350 - data_loader - INFO -   Creating samples for 2006-02-28.train-c: messages 0 to 1500 (limited)
2026-05-18 21:20:02,356 - data_loader - INFO -   LABEL CHECK [2006-02-28.train-c sample #7394]: gold_parent_idx=15, gold_msg_idx=975, C=36, msg_i_idx=1000, candidate_range=[951, 999]
2026-05-18 21:20:02,356 - data_loader - INFO -   LABEL CHECK [2006-02-28.train-c sample #7395]: gold_parent_idx=34, gold_msg_idx=999, C=36, msg_i_idx=1001, candidate_range=[953, 1000]
2026-05-18 21:20:02,356 - data_loader - INFO -   LABEL CHECK [2006-02-28.train-c sample #7396]: gold_parent_idx=14, gold_msg_idx=975, C=37, msg_i_idx=1002, candidate_range=[953, 1001]
2026-05-18 21:20:02,399 - data_loader - INFO -   Created 288 samples for 2006-02-28.train-c
2026-05-18 21:20:02,399 - data_loader - INFO -   File 24/153: 2006-02-28.train-c - 1500 messages, 7682 total samples so far
2026-05-18 21:20:02,399 - data_loader - INFO - Loading conversation from /home/s4901673/workspace/irc-disentanglement-bert-pytorch/data/train/2006-03-05.train-c.ascii.txt
2026-05-18 21:20:02,401 - data_loader - INFO -   Read 1500 lines from ASCII file
2026-05-18 21:20:02,405 - data_loader - INFO -   Parsed 1500 messages, found 130 unique users
2026-05-18 21:20:02,688 - data_loader - INFO -   Loaded 500 gold links from annotation file
2026-05-18 21:20:02,688 - data_loader - INFO -   Conversation '2006-03-05.train-c' loaded in 0.29s
2026-05-18 21:20:02,688 - data_loader - INFO -   Creating samples for 2006-03-05.train-c: messages 0 to 1500 (limited)
2026-05-18 21:20:02,694 - data_loader - INFO -   LABEL CHECK [2006-03-05.train-c sample #7682]: gold_parent_idx=33, gold_msg_idx=997, C=35, msg_i_idx=1000, candidate_range=[951, 999]
2026-05-18 21:20:02,695 - data_loader - INFO -   LABEL CHECK [2006-03-05.train-c sample #7683]: gold_parent_idx=35, gold_msg_idx=1001, C=36, msg_i_idx=1002, candidate_range=[954, 1001]
2026-05-18 21:20:02,695 - data_loader - INFO -   LABEL CHECK [2006-03-05.train-c sample #7684]: gold_parent_idx=35, gold_msg_idx=1001, C=37, msg_i_idx=1003, candidate_range=[954, 1002]
2026-05-18 21:20:02,753 - data_loader - INFO -   Created 359 samples for 2006-03-05.train-c
2026-05-18 21:20:02,753 - data_loader - INFO -   File 25/153: 2006-03-05.train-c - 1500 messages, 8041 total samples so far
2026-05-18 21:20:02,753 - data_loader - INFO - Loading conversation from /home/s4901673/workspace/irc-disentanglement-bert-pytorch/data/train/2006-05-02.train-c.ascii.txt
2026-05-18 21:20:02,755 - data_loader - INFO -   Read 1500 lines from ASCII file
2026-05-18 21:20:02,758 - data_loader - INFO -   Parsed 1500 messages, found 124 unique users
2026-05-18 21:20:03,021 - data_loader - INFO -   Loaded 500 gold links from annotation file
2026-05-18 21:20:03,021 - data_loader - INFO -   Conversation '2006-05-02.train-c' loaded in 0.27s
2026-05-18 21:20:03,021 - data_loader - INFO -   Creating samples for 2006-05-02.train-c: messages 0 to 1500 (limited)
2026-05-18 21:20:03,028 - data_loader - INFO -   LABEL CHECK [2006-05-02.train-c sample #8041]: gold_parent_idx=38, gold_msg_idx=996, C=42, msg_i_idx=1000, candidate_range=[951, 999]
2026-05-18 21:20:03,028 - data_loader - INFO -   LABEL CHECK [2006-05-02.train-c sample #8042]: gold_parent_idx=34, gold_msg_idx=992, C=42, msg_i_idx=1001, candidate_range=[953, 1000]
2026-05-18 21:20:03,028 - data_loader - INFO -   LABEL CHECK [2006-05-02.train-c sample #8043]: gold_parent_idx=41, gold_msg_idx=1000, C=43, msg_i_idx=1002, candidate_range=[953, 1001]
2026-05-18 21:20:03,072 - data_loader - INFO -   Created 306 samples for 2006-05-02.train-c
2026-05-18 21:20:03,072 - data_loader - INFO -   File 26/153: 2006-05-02.train-c - 1500 messages, 8347 total samples so far
2026-05-18 21:20:03,072 - data_loader - INFO - Loading conversation from /home/s4901673/workspace/irc-disentanglement-bert-pytorch/data/train/2006-05-15.train-c.ascii.txt
2026-05-18 21:20:03,074 - data_loader - INFO -   Read 1500 lines from ASCII file
2026-05-18 21:20:03,077 - data_loader - INFO -   Parsed 1500 messages, found 101 unique users
2026-05-18 21:20:03,284 - data_loader - INFO -   Loaded 500 gold links from annotation file
2026-05-18 21:20:03,284 - data_loader - INFO -   Conversation '2006-05-15.train-c' loaded in 0.21s
2026-05-18 21:20:03,284 - data_loader - INFO -   Creating samples for 2006-05-15.train-c: messages 0 to 1500 (limited)
2026-05-18 21:20:03,290 - data_loader - INFO -   LABEL CHECK [2006-05-15.train-c sample #8347]: gold_parent_idx=43, gold_msg_idx=999, C=44, msg_i_idx=1001, candidate_range=[952, 999]
2026-05-18 21:20:03,291 - data_loader - INFO -   LABEL CHECK [2006-05-15.train-c sample #8348]: gold_parent_idx=40, gold_msg_idx=996, C=44, msg_i_idx=1002, candidate_range=[954, 1001]
2026-05-18 21:20:03,291 - data_loader - INFO -   LABEL CHECK [2006-05-15.train-c sample #8349]: gold_parent_idx=28, gold_msg_idx=985, C=45, msg_i_idx=1004, candidate_range=[955, 1003]
2026-05-18 21:20:03,337 - data_loader - INFO -   Created 298 samples for 2006-05-15.train-c
2026-05-18 21:20:03,337 - data_loader - INFO -   File 27/153: 2006-05-15.train-c - 1500 messages, 8645 total samples so far
2026-05-18 21:20:03,337 - data_loader - INFO - Loading conversation from /home/s4901673/workspace/irc-disentanglement-bert-pytorch/data/train/2006-05-27.train-c.ascii.txt
2026-05-18 21:20:03,338 - data_loader - INFO -   Read 1500 lines from ASCII file
2026-05-18 21:20:03,342 - data_loader - INFO -   Parsed 1500 messages, found 117 unique users
2026-05-18 21:20:03,531 - data_loader - INFO -   Loaded 500 gold links from annotation file
2026-05-18 21:20:03,532 - data_loader - INFO -   Conversation '2006-05-27.train-c' loaded in 0.19s
2026-05-18 21:20:03,532 - data_loader - INFO -   Creating samples for 2006-05-27.train-c: messages 0 to 1500 (limited)
2026-05-18 21:20:03,537 - data_loader - INFO -   LABEL CHECK [2006-05-27.train-c sample #8645]: gold_parent_idx=35, gold_msg_idx=998, C=37, msg_i_idx=1000, candidate_range=[954, 999]
2026-05-18 21:20:03,537 - data_loader - INFO -   LABEL CHECK [2006-05-27.train-c sample #8646]: gold_parent_idx=36, gold_msg_idx=999, C=38, msg_i_idx=1001, candidate_range=[954, 1000]
2026-05-18 21:20:03,538 - data_loader - INFO -   LABEL CHECK [2006-05-27.train-c sample #8647]: gold_parent_idx=34, gold_msg_idx=998, C=38, msg_i_idx=1004, candidate_range=[955, 1001]
2026-05-18 21:20:03,567 - data_loader - INFO -   Created 234 samples for 2006-05-27.train-c
2026-05-18 21:20:03,567 - data_loader - INFO -   File 28/153: 2006-05-27.train-c - 1500 messages, 8879 total samples so far
2026-05-18 21:20:03,567 - data_loader - INFO - Loading conversation from /home/s4901673/workspace/irc-disentanglement-bert-pytorch/data/train/2006-05-29.train-c.ascii.txt
2026-05-18 21:20:03,569 - data_loader - INFO -   Read 1500 lines from ASCII file
2026-05-18 21:20:03,572 - data_loader - INFO -   Parsed 1500 messages, found 115 unique users
2026-05-18 21:20:03,787 - data_loader - INFO -   Loaded 500 gold links from annotation file
2026-05-18 21:20:03,787 - data_loader - INFO -   Conversation '2006-05-29.train-c' loaded in 0.22s
2026-05-18 21:20:03,787 - data_loader - INFO -   Creating samples for 2006-05-29.train-c: messages 0 to 1500 (limited)
2026-05-18 21:20:03,794 - data_loader - INFO -   LABEL CHECK [2006-05-29.train-c sample #8879]: gold_parent_idx=32, gold_msg_idx=997, C=35, msg_i_idx=1001, candidate_range=[952, 999]
2026-05-18 21:20:03,795 - data_loader - INFO -   LABEL CHECK [2006-05-29.train-c sample #8880]: gold_parent_idx=34, gold_msg_idx=1001, C=35, msg_i_idx=1002, candidate_range=[953, 1001]
2026-05-18 21:20:03,795 - data_loader - INFO -   LABEL CHECK [2006-05-29.train-c sample #8881]: gold_parent_idx=33, gold_msg_idx=1001, C=35, msg_i_idx=1003, candidate_range=[954, 1002]
2026-05-18 21:20:03,840 - data_loader - INFO -   Created 285 samples for 2006-05-29.train-c
2026-05-18 21:20:03,840 - data_loader - INFO -   File 29/153: 2006-05-29.train-c - 1500 messages, 9164 total samples so far
2026-05-18 21:20:03,840 - data_loader - INFO - Loading conversation from /home/s4901673/workspace/irc-disentanglement-bert-pytorch/data/train/2006-06-01.train-a.ascii.txt
2026-05-18 21:20:03,842 - data_loader - INFO -   Read 2165 lines from ASCII file
2026-05-18 21:20:03,847 - data_loader - INFO -   Parsed 2165 messages, found 223 unique users
2026-05-18 21:20:04,435 - data_loader - INFO -   Loaded 1165 gold links from annotation file
2026-05-18 21:20:04,435 - data_loader - INFO -   Conversation '2006-06-01.train-a' loaded in 0.60s
2026-05-18 21:20:04,435 - data_loader - INFO -   Creating samples for 2006-06-01.train-a: messages 0 to 2165 (limited)
2026-05-18 21:20:04,441 - data_loader - INFO -   LABEL CHECK [2006-06-01.train-a sample #9164]: gold_parent_idx=38, gold_msg_idx=997, C=42, msg_i_idx=1001, candidate_range=[953, 1000]
2026-05-18 21:20:04,441 - data_loader - INFO -   LABEL CHECK [2006-06-01.train-a sample #9165]: gold_parent_idx=38, gold_msg_idx=997, C=43, msg_i_idx=1002, candidate_range=[953, 1001]
2026-05-18 21:20:04,442 - data_loader - INFO -   LABEL CHECK [2006-06-01.train-a sample #9166]: gold_parent_idx=37, gold_msg_idx=997, C=43, msg_i_idx=1003, candidate_range=[954, 1002]
2026-05-18 21:20:04,555 - data_loader - INFO -   Created 757 samples for 2006-06-01.train-a
2026-05-18 21:20:04,555 - data_loader - INFO -   File 30/153: 2006-06-01.train-a - 2165 messages, 9921 total samples so far
2026-05-18 21:20:04,555 - data_loader - INFO - Loading conversation from /home/s4901673/workspace/irc-disentanglement-bert-pytorch/data/train/2006-06-05.train-a.ascii.txt
2026-05-18 21:20:04,557 - data_loader - INFO -   Read 1753 lines from ASCII file
2026-05-18 21:20:04,561 - data_loader - INFO -   Parsed 1753 messages, found 135 unique users
2026-05-18 21:20:04,871 - data_loader - INFO -   Loaded 753 gold links from annotation file
2026-05-18 21:20:04,871 - data_loader - INFO -   Conversation '2006-06-05.train-a' loaded in 0.32s
2026-05-18 21:20:04,871 - data_loader - INFO -   Creating samples for 2006-06-05.train-a: messages 0 to 1753 (limited)
2026-05-18 21:20:04,877 - data_loader - INFO -   LABEL CHECK [2006-06-05.train-a sample #9921]: gold_parent_idx=34, gold_msg_idx=995, C=37, msg_i_idx=1000, candidate_range=[951, 999]
2026-05-18 21:20:04,877 - data_loader - INFO -   LABEL CHECK [2006-06-05.train-a sample #9922]: gold_parent_idx=34, gold_msg_idx=999, C=36, msg_i_idx=1002, candidate_range=[953, 1000]
2026-05-18 21:20:04,878 - data_loader - INFO -   LABEL CHECK [2006-06-05.train-a sample #9923]: gold_parent_idx=34, gold_msg_idx=1000, C=36, msg_i_idx=1003, candidate_range=[954, 1002]
2026-05-18 21:20:04,963 - data_loader - INFO -   Created 503 samples for 2006-06-05.train-a
2026-05-18 21:20:04,963 - data_loader - INFO -   File 31/153: 2006-06-05.train-a - 1753 messages, 10424 total samples so far
2026-05-18 21:20:04,963 - data_loader - INFO - Loading conversation from /home/s4901673/workspace/irc-disentanglement-bert-pytorch/data/train/2006-06-08.train-c.ascii.txt
2026-05-18 21:20:04,965 - data_loader - INFO -   Read 1500 lines from ASCII file
2026-05-18 21:20:04,968 - data_loader - INFO -   Parsed 1500 messages, found 110 unique users
2026-05-18 21:20:05,186 - data_loader - INFO -   Loaded 500 gold links from annotation file
2026-05-18 21:20:05,187 - data_loader - INFO -   Conversation '2006-06-08.train-c' loaded in 0.22s
2026-05-18 21:20:05,187 - data_loader - INFO -   Creating samples for 2006-06-08.train-c: messages 0 to 1500 (limited)
2026-05-18 21:20:05,193 - data_loader - INFO -   LABEL CHECK [2006-06-08.train-c sample #10424]: gold_parent_idx=3, gold_msg_idx=961, C=32, msg_i_idx=1005, candidate_range=[956, 1003]
2026-05-18 21:20:05,193 - data_loader - INFO -   LABEL CHECK [2006-06-08.train-c sample #10425]: gold_parent_idx=29, gold_msg_idx=1003, C=31, msg_i_idx=1008, candidate_range=[960, 1005]
2026-05-18 21:20:05,193 - data_loader - INFO -   LABEL CHECK [2006-06-08.train-c sample #10426]: gold_parent_idx=25, gold_msg_idx=1012, C=28, msg_i_idx=1018, candidate_range=[970, 1017]
2026-05-18 21:20:05,244 - data_loader - INFO -   Created 357 samples for 2006-06-08.train-c
2026-05-18 21:20:05,244 - data_loader - INFO -   File 32/153: 2006-06-08.train-c - 1500 messages, 10781 total samples so far
2026-05-18 21:20:05,245 - data_loader - INFO - Loading conversation from /home/s4901673/workspace/irc-disentanglement-bert-pytorch/data/train/2006-06-21.train-c.ascii.txt
2026-05-18 21:20:05,246 - data_loader - INFO -   Read 1500 lines from ASCII file
2026-05-18 21:20:05,249 - data_loader - INFO -   Parsed 1500 messages, found 145 unique users
2026-05-18 21:20:05,511 - data_loader - INFO -   Loaded 500 gold links from annotation file
2026-05-18 21:20:05,511 - data_loader - INFO -   Conversation '2006-06-21.train-c' loaded in 0.27s
2026-05-18 21:20:05,511 - data_loader - INFO -   Creating samples for 2006-06-21.train-c: messages 0 to 1500 (limited)
2026-05-18 21:20:05,517 - data_loader - INFO -   LABEL CHECK [2006-06-21.train-c sample #10781]: gold_parent_idx=29, gold_msg_idx=999, C=30, msg_i_idx=1001, candidate_range=[952, 999]
2026-05-18 21:20:05,518 - data_loader - INFO -   LABEL CHECK [2006-06-21.train-c sample #10782]: gold_parent_idx=28, gold_msg_idx=999, C=30, msg_i_idx=1002, candidate_range=[953, 1001]
2026-05-18 21:20:05,518 - data_loader - INFO -   LABEL CHECK [2006-06-21.train-c sample #10783]: gold_parent_idx=28, gold_msg_idx=1007, C=29, msg_i_idx=1008, candidate_range=[959, 1007]
2026-05-18 21:20:05,555 - data_loader - INFO -   Created 242 samples for 2006-06-21.train-c
2026-05-18 21:20:05,555 - data_loader - INFO -   File 33/153: 2006-06-21.train-c - 1500 messages, 11023 total samples so far
2026-05-18 21:20:05,555 - data_loader - INFO - Loading conversation from /home/s4901673/workspace/irc-disentanglement-bert-pytorch/data/train/2006-06-28.train-c.ascii.txt
2026-05-18 21:20:05,556 - data_loader - INFO -   Read 1500 lines from ASCII file
2026-05-18 21:20:05,560 - data_loader - INFO -   Parsed 1500 messages, found 127 unique users
2026-05-18 21:20:05,796 - data_loader - INFO -   Loaded 500 gold links from annotation file
2026-05-18 21:20:05,796 - data_loader - INFO -   Conversation '2006-06-28.train-c' loaded in 0.24s
2026-05-18 21:20:05,796 - data_loader - INFO -   Creating samples for 2006-06-28.train-c: messages 0 to 1500 (limited)
2026-05-18 21:20:05,802 - data_loader - INFO -   LABEL CHECK [2006-06-28.train-c sample #11023]: gold_parent_idx=32, gold_msg_idx=1004, C=33, msg_i_idx=1005, candidate_range=[956, 1004]
2026-05-18 21:20:05,802 - data_loader - INFO -   LABEL CHECK [2006-06-28.train-c sample #11024]: gold_parent_idx=30, gold_msg_idx=1003, C=33, msg_i_idx=1006, candidate_range=[957, 1005]
2026-05-18 21:20:05,802 - data_loader - INFO -   LABEL CHECK [2006-06-28.train-c sample #11025]: gold_parent_idx=29, gold_msg_idx=1003, C=33, msg_i_idx=1007, candidate_range=[958, 1006]
2026-05-18 21:20:05,842 - data_loader - INFO -   Created 282 samples for 2006-06-28.train-c
2026-05-18 21:20:05,842 - data_loader - INFO -   File 34/153: 2006-06-28.train-c - 1500 messages, 11305 total samples so far
2026-05-18 21:20:05,842 - data_loader - INFO - Loading conversation from /home/s4901673/workspace/irc-disentanglement-bert-pytorch/data/train/2006-07-01.train-c.ascii.txt
2026-05-18 21:20:05,843 - data_loader - INFO -   Read 1500 lines from ASCII file
2026-05-18 21:20:05,847 - data_loader - INFO -   Parsed 1500 messages, found 107 unique users
2026-05-18 21:20:06,041 - data_loader - INFO -   Loaded 500 gold links from annotation file
2026-05-18 21:20:06,041 - data_loader - INFO -   Conversation '2006-07-01.train-c' loaded in 0.20s
2026-05-18 21:20:06,041 - data_loader - INFO -   Creating samples for 2006-07-01.train-c: messages 0 to 1500 (limited)
2026-05-18 21:20:06,046 - data_loader - INFO -   LABEL CHECK [2006-07-01.train-c sample #11305]: gold_parent_idx=36, gold_msg_idx=992, C=44, msg_i_idx=1000, candidate_range=[951, 999]
2026-05-18 21:20:06,047 - data_loader - INFO -   LABEL CHECK [2006-07-01.train-c sample #11306]: gold_parent_idx=35, gold_msg_idx=993, C=44, msg_i_idx=1002, candidate_range=[953, 1001]
2026-05-18 21:20:06,047 - data_loader - INFO -   LABEL CHECK [2006-07-01.train-c sample #11307]: gold_parent_idx=43, gold_msg_idx=1002, C=44, msg_i_idx=1003, candidate_range=[954, 1002]
2026-05-18 21:20:06,099 - data_loader - INFO -   Created 336 samples for 2006-07-01.train-c
2026-05-18 21:20:06,099 - data_loader - INFO -   File 35/153: 2006-07-01.train-c - 1500 messages, 11641 total samples so far
2026-05-18 21:20:06,099 - data_loader - INFO - Loading conversation from /home/s4901673/workspace/irc-disentanglement-bert-pytorch/data/train/2006-08-06.train-c.ascii.txt
2026-05-18 21:20:06,101 - data_loader - INFO -   Read 1500 lines from ASCII file
2026-05-18 21:20:06,104 - data_loader - INFO -   Parsed 1500 messages, found 116 unique users
2026-05-18 21:20:06,344 - data_loader - INFO -   Loaded 500 gold links from annotation file
2026-05-18 21:20:06,344 - data_loader - INFO -   Conversation '2006-08-06.train-c' loaded in 0.25s
2026-05-18 21:20:06,344 - data_loader - INFO -   Creating samples for 2006-08-06.train-c: messages 0 to 1500 (limited)
2026-05-18 21:20:06,351 - data_loader - INFO -   LABEL CHECK [2006-08-06.train-c sample #11641]: gold_parent_idx=31, gold_msg_idx=995, C=35, msg_i_idx=1001, candidate_range=[952, 999]
2026-05-18 21:20:06,352 - data_loader - INFO -   LABEL CHECK [2006-08-06.train-c sample #11642]: gold_parent_idx=33, gold_msg_idx=999, C=35, msg_i_idx=1002, candidate_range=[953, 1001]
2026-05-18 21:20:06,352 - data_loader - INFO -   LABEL CHECK [2006-08-06.train-c sample #11643]: gold_parent_idx=29, gold_msg_idx=995, C=35, msg_i_idx=1003, candidate_range=[954, 1002]
2026-05-18 21:20:06,408 - data_loader - INFO -   Created 309 samples for 2006-08-06.train-c
2026-05-18 21:20:06,408 - data_loader - INFO -   File 36/153: 2006-08-06.train-c - 1500 messages, 11950 total samples so far
2026-05-18 21:20:06,408 - data_loader - INFO - Loading conversation from /home/s4901673/workspace/irc-disentanglement-bert-pytorch/data/train/2006-08-11.train-c.ascii.txt
2026-05-18 21:20:06,410 - data_loader - INFO -   Read 1500 lines from ASCII file
2026-05-18 21:20:06,414 - data_loader - INFO -   Parsed 1500 messages, found 88 unique users
2026-05-18 21:20:06,610 - data_loader - INFO -   Loaded 500 gold links from annotation file
2026-05-18 21:20:06,610 - data_loader - INFO -   Conversation '2006-08-11.train-c' loaded in 0.20s
2026-05-18 21:20:06,610 - data_loader - INFO -   Creating samples for 2006-08-11.train-c: messages 0 to 1500 (limited)
2026-05-18 21:20:06,616 - data_loader - INFO -   LABEL CHECK [2006-08-11.train-c sample #11950]: gold_parent_idx=36, gold_msg_idx=994, C=42, msg_i_idx=1000, candidate_range=[951, 999]
2026-05-18 21:20:06,616 - data_loader - INFO -   LABEL CHECK [2006-08-11.train-c sample #11951]: gold_parent_idx=37, gold_msg_idx=996, C=42, msg_i_idx=1001, candidate_range=[952, 1000]
2026-05-18 21:20:06,616 - data_loader - INFO -   LABEL CHECK [2006-08-11.train-c sample #11952]: gold_parent_idx=36, gold_msg_idx=996, C=42, msg_i_idx=1002, candidate_range=[953, 1001]
2026-05-18 21:20:06,682 - data_loader - INFO -   Created 375 samples for 2006-08-11.train-c
2026-05-18 21:20:06,682 - data_loader - INFO -   File 37/153: 2006-08-11.train-c - 1500 messages, 12325 total samples so far
2026-05-18 21:20:06,682 - data_loader - INFO - Loading conversation from /home/s4901673/workspace/irc-disentanglement-bert-pytorch/data/train/2006-08-13.train-c.ascii.txt
2026-05-18 21:20:06,684 - data_loader - INFO -   Read 1500 lines from ASCII file
2026-05-18 21:20:06,688 - data_loader - INFO -   Parsed 1500 messages, found 84 unique users
2026-05-18 21:20:06,857 - data_loader - INFO -   Loaded 500 gold links from annotation file
2026-05-18 21:20:06,857 - data_loader - INFO -   Conversation '2006-08-13.train-c' loaded in 0.18s
2026-05-18 21:20:06,858 - data_loader - INFO -   Creating samples for 2006-08-13.train-c: messages 0 to 1500 (limited)
2026-05-18 21:20:06,864 - data_loader - INFO -   LABEL CHECK [2006-08-13.train-c sample #12325]: gold_parent_idx=37, gold_msg_idx=994, C=42, msg_i_idx=1000, candidate_range=[951, 998]
2026-05-18 21:20:06,864 - data_loader - INFO -   LABEL CHECK [2006-08-13.train-c sample #12326]: gold_parent_idx=41, gold_msg_idx=1000, C=42, msg_i_idx=1001, candidate_range=[952, 1000]
2026-05-18 21:20:06,864 - data_loader - INFO -   LABEL CHECK [2006-08-13.train-c sample #12327]: gold_parent_idx=36, gold_msg_idx=995, C=42, msg_i_idx=1002, candidate_range=[953, 1001]
2026-05-18 21:20:07,139 - data_loader - INFO -   Created 324 samples for 2006-08-13.train-c
2026-05-18 21:20:07,139 - data_loader - INFO -   File 38/153: 2006-08-13.train-c - 1500 messages, 12649 total samples so far
2026-05-18 21:20:07,139 - data_loader - INFO - Loading conversation from /home/s4901673/workspace/irc-disentanglement-bert-pytorch/data/train/2006-08-15.train-c.ascii.txt
2026-05-18 21:20:07,141 - data_loader - INFO -   Read 1500 lines from ASCII file
2026-05-18 21:20:07,145 - data_loader - INFO -   Parsed 1500 messages, found 106 unique users
2026-05-18 21:20:07,361 - data_loader - INFO -   Loaded 500 gold links from annotation file
2026-05-18 21:20:07,361 - data_loader - INFO -   Conversation '2006-08-15.train-c' loaded in 0.22s
2026-05-18 21:20:07,361 - data_loader - INFO -   Creating samples for 2006-08-15.train-c: messages 0 to 1500 (limited)
2026-05-18 21:20:07,368 - data_loader - INFO -   LABEL CHECK [2006-08-15.train-c sample #12649]: gold_parent_idx=38, gold_msg_idx=997, C=41, msg_i_idx=1000, candidate_range=[951, 999]
2026-05-18 21:20:07,368 - data_loader - INFO -   LABEL CHECK [2006-08-15.train-c sample #12650]: gold_parent_idx=39, gold_msg_idx=999, C=41, msg_i_idx=1001, candidate_range=[952, 1000]
2026-05-18 21:20:07,368 - data_loader - INFO -   LABEL CHECK [2006-08-15.train-c sample #12651]: gold_parent_idx=31, gold_msg_idx=992, C=41, msg_i_idx=1002, candidate_range=[953, 1001]
2026-05-18 21:20:07,425 - data_loader - INFO -   Created 355 samples for 2006-08-15.train-c
2026-05-18 21:20:07,425 - data_loader - INFO -   File 39/153: 2006-08-15.train-c - 1500 messages, 13004 total samples so far
2026-05-18 21:20:07,425 - data_loader - INFO - Loading conversation from /home/s4901673/workspace/irc-disentanglement-bert-pytorch/data/train/2006-08-23.train-a.ascii.txt
2026-05-18 21:20:07,427 - data_loader - INFO -   Read 1673 lines from ASCII file
2026-05-18 21:20:07,431 - data_loader - INFO -   Parsed 1673 messages, found 148 unique users
2026-05-18 21:20:07,763 - data_loader - INFO -   Loaded 673 gold links from annotation file
2026-05-18 21:20:07,763 - data_loader - INFO -   Conversation '2006-08-23.train-a' loaded in 0.34s
2026-05-18 21:20:07,763 - data_loader - INFO -   Creating samples for 2006-08-23.train-a: messages 0 to 1673 (limited)
2026-05-18 21:20:07,769 - data_loader - INFO -   LABEL CHECK [2006-08-23.train-a sample #13004]: gold_parent_idx=41, gold_msg_idx=997, C=45, msg_i_idx=1001, candidate_range=[953, 1000]
2026-05-18 21:20:07,770 - data_loader - INFO -   LABEL CHECK [2006-08-23.train-a sample #13005]: gold_parent_idx=41, gold_msg_idx=997, C=46, msg_i_idx=1002, candidate_range=[953, 1001]
2026-05-18 21:20:07,770 - data_loader - INFO -   LABEL CHECK [2006-08-23.train-a sample #13006]: gold_parent_idx=40, gold_msg_idx=997, C=46, msg_i_idx=1003, candidate_range=[955, 1002]
2026-05-18 21:20:07,839 - data_loader - INFO -   Created 463 samples for 2006-08-23.train-a
2026-05-18 21:20:07,839 - data_loader - INFO -   File 40/153: 2006-08-23.train-a - 1673 messages, 13467 total samples so far
2026-05-18 21:20:07,839 - data_loader - INFO - Loading conversation from /home/s4901673/workspace/irc-disentanglement-bert-pytorch/data/train/2006-09-13.train-c.ascii.txt
2026-05-18 21:20:07,840 - data_loader - INFO -   Read 1500 lines from ASCII file
2026-05-18 21:20:07,844 - data_loader - INFO -   Parsed 1500 messages, found 98 unique users
2026-05-18 21:20:08,027 - data_loader - INFO -   Loaded 500 gold links from annotation file
2026-05-18 21:20:08,027 - data_loader - INFO -   Conversation '2006-09-13.train-c' loaded in 0.19s
2026-05-18 21:20:08,027 - data_loader - INFO -   Creating samples for 2006-09-13.train-c: messages 0 to 1500 (limited)
2026-05-18 21:20:08,033 - data_loader - INFO -   LABEL CHECK [2006-09-13.train-c sample #13467]: gold_parent_idx=41, gold_msg_idx=999, C=42, msg_i_idx=1000, candidate_range=[951, 999]
2026-05-18 21:20:08,033 - data_loader - INFO -   LABEL CHECK [2006-09-13.train-c sample #13468]: gold_parent_idx=39, gold_msg_idx=999, C=42, msg_i_idx=1002, candidate_range=[953, 1001]
2026-05-18 21:20:08,033 - data_loader - INFO -   LABEL CHECK [2006-09-13.train-c sample #13469]: gold_parent_idx=39, gold_msg_idx=1000, C=42, msg_i_idx=1003, candidate_range=[954, 1002]
2026-05-18 21:20:08,083 - data_loader - INFO -   Created 343 samples for 2006-09-13.train-c
2026-05-18 21:20:08,083 - data_loader - INFO -   File 41/153: 2006-09-13.train-c - 1500 messages, 13810 total samples so far
2026-05-18 21:20:08,083 - data_loader - INFO - Loading conversation from /home/s4901673/workspace/irc-disentanglement-bert-pytorch/data/train/2006-09-24.train-c.ascii.txt
2026-05-18 21:20:08,085 - data_loader - INFO -   Read 1500 lines from ASCII file
2026-05-18 21:20:08,088 - data_loader - INFO -   Parsed 1500 messages, found 114 unique users
2026-05-18 21:20:08,304 - data_loader - INFO -   Loaded 500 gold links from annotation file
2026-05-18 21:20:08,305 - data_loader - INFO -   Conversation '2006-09-24.train-c' loaded in 0.22s
2026-05-18 21:20:08,305 - data_loader - INFO -   Creating samples for 2006-09-24.train-c: messages 0 to 1500 (limited)
2026-05-18 21:20:08,311 - data_loader - INFO -   LABEL CHECK [2006-09-24.train-c sample #13810]: gold_parent_idx=20, gold_msg_idx=973, C=39, msg_i_idx=1000, candidate_range=[951, 999]
2026-05-18 21:20:08,311 - data_loader - INFO -   LABEL CHECK [2006-09-24.train-c sample #13811]: gold_parent_idx=30, gold_msg_idx=992, C=38, msg_i_idx=1002, candidate_range=[953, 1000]
2026-05-18 21:20:08,312 - data_loader - INFO -   LABEL CHECK [2006-09-24.train-c sample #13812]: gold_parent_idx=29, gold_msg_idx=993, C=37, msg_i_idx=1004, candidate_range=[955, 1002]
2026-05-18 21:20:08,357 - data_loader - INFO -   Created 306 samples for 2006-09-24.train-c
2026-05-18 21:20:08,357 - data_loader - INFO -   File 42/153: 2006-09-24.train-c - 1500 messages, 14116 total samples so far
2026-05-18 21:20:08,357 - data_loader - INFO - Loading conversation from /home/s4901673/workspace/irc-disentanglement-bert-pytorch/data/train/2006-11-01.train-c.ascii.txt
2026-05-18 21:20:08,359 - data_loader - INFO -   Read 1500 lines from ASCII file
2026-05-18 21:20:08,362 - data_loader - INFO -   Parsed 1500 messages, found 126 unique users
2026-05-18 21:20:08,582 - data_loader - INFO -   Loaded 500 gold links from annotation file
2026-05-18 21:20:08,582 - data_loader - INFO -   Conversation '2006-11-01.train-c' loaded in 0.23s
2026-05-18 21:20:08,583 - data_loader - INFO -   Creating samples for 2006-11-01.train-c: messages 0 to 1500 (limited)
2026-05-18 21:20:08,588 - data_loader - INFO -   LABEL CHECK [2006-11-01.train-c sample #14116]: gold_parent_idx=30, gold_msg_idx=996, C=33, msg_i_idx=1000, candidate_range=[952, 999]
2026-05-18 21:20:08,588 - data_loader - INFO -   LABEL CHECK [2006-11-01.train-c sample #14117]: gold_parent_idx=32, gold_msg_idx=999, C=34, msg_i_idx=1001, candidate_range=[952, 1000]
2026-05-18 21:20:08,589 - data_loader - INFO -   LABEL CHECK [2006-11-01.train-c sample #14118]: gold_parent_idx=32, gold_msg_idx=1001, C=33, msg_i_idx=1004, candidate_range=[955, 1001]
2026-05-18 21:20:08,628 - data_loader - INFO -   Created 276 samples for 2006-11-01.train-c
2026-05-18 21:20:08,628 - data_loader - INFO -   File 43/153: 2006-11-01.train-c - 1500 messages, 14392 total samples so far
2026-05-18 21:20:08,628 - data_loader - INFO - Loading conversation from /home/s4901673/workspace/irc-disentanglement-bert-pytorch/data/train/2006-12-06.train-c.ascii.txt
2026-05-18 21:20:08,629 - data_loader - INFO -   Read 1500 lines from ASCII file
2026-05-18 21:20:08,633 - data_loader - INFO -   Parsed 1500 messages, found 110 unique users
2026-05-18 21:20:08,815 - data_loader - INFO -   Loaded 500 gold links from annotation file
2026-05-18 21:20:08,815 - data_loader - INFO -   Conversation '2006-12-06.train-c' loaded in 0.19s
2026-05-18 21:20:08,815 - data_loader - INFO -   Creating samples for 2006-12-06.train-c: messages 0 to 1500 (limited)
2026-05-18 21:20:08,821 - data_loader - INFO -   LABEL CHECK [2006-12-06.train-c sample #14392]: gold_parent_idx=33, gold_msg_idx=998, C=35, msg_i_idx=1002, candidate_range=[954, 1001]
2026-05-18 21:20:08,821 - data_loader - INFO -   LABEL CHECK [2006-12-06.train-c sample #14393]: gold_parent_idx=28, gold_msg_idx=994, C=36, msg_i_idx=1004, candidate_range=[958, 1003]
2026-05-18 21:20:08,821 - data_loader - INFO -   LABEL CHECK [2006-12-06.train-c sample #14394]: gold_parent_idx=36, gold_msg_idx=1004, C=37, msg_i_idx=1005, candidate_range=[958, 1004]
2026-05-18 21:20:08,860 - data_loader - INFO -   Created 286 samples for 2006-12-06.train-c
2026-05-18 21:20:08,860 - data_loader - INFO -   File 44/153: 2006-12-06.train-c - 1500 messages, 14678 total samples so far
2026-05-18 21:20:08,860 - data_loader - INFO - Loading conversation from /home/s4901673/workspace/irc-disentanglement-bert-pytorch/data/train/2006-12-10.train-a.ascii.txt
2026-05-18 21:20:08,862 - data_loader - INFO -   Read 1681 lines from ASCII file
2026-05-18 21:20:08,866 - data_loader - INFO -   Parsed 1681 messages, found 147 unique users
2026-05-18 21:20:09,160 - data_loader - INFO -   Loaded 681 gold links from annotation file
2026-05-18 21:20:09,160 - data_loader - INFO -   Conversation '2006-12-10.train-a' loaded in 0.30s
2026-05-18 21:20:09,160 - data_loader - INFO -   Creating samples for 2006-12-10.train-a: messages 0 to 1681 (limited)
2026-05-18 21:20:09,166 - data_loader - INFO -   LABEL CHECK [2006-12-10.train-a sample #14678]: gold_parent_idx=30, gold_msg_idx=997, C=32, msg_i_idx=1000, candidate_range=[952, 998]
2026-05-18 21:20:09,166 - data_loader - INFO -   LABEL CHECK [2006-12-10.train-a sample #14679]: gold_parent_idx=29, gold_msg_idx=996, C=33, msg_i_idx=1001, candidate_range=[952, 1000]
2026-05-18 21:20:09,166 - data_loader - INFO -   LABEL CHECK [2006-12-10.train-a sample #14680]: gold_parent_idx=31, gold_msg_idx=1000, C=33, msg_i_idx=1002, candidate_range=[954, 1001]
2026-05-18 21:20:09,224 - data_loader - INFO -   Created 399 samples for 2006-12-10.train-a
2026-05-18 21:20:09,224 - data_loader - INFO -   File 45/153: 2006-12-10.train-a - 1681 messages, 15077 total samples so far
2026-05-18 21:20:09,224 - data_loader - INFO - Loading conversation from /home/s4901673/workspace/irc-disentanglement-bert-pytorch/data/train/2006-12-20.train-c.ascii.txt
2026-05-18 21:20:09,226 - data_loader - INFO -   Read 1500 lines from ASCII file
2026-05-18 21:20:09,229 - data_loader - INFO -   Parsed 1500 messages, found 115 unique users
2026-05-18 21:20:09,444 - data_loader - INFO -   Loaded 500 gold links from annotation file
2026-05-18 21:20:09,444 - data_loader - INFO -   Conversation '2006-12-20.train-c' loaded in 0.22s
2026-05-18 21:20:09,445 - data_loader - INFO -   Creating samples for 2006-12-20.train-c: messages 0 to 1500 (limited)
2026-05-18 21:20:09,450 - data_loader - INFO -   LABEL CHECK [2006-12-20.train-c sample #15077]: gold_parent_idx=23, gold_msg_idx=998, C=24, msg_i_idx=1000, candidate_range=[951, 998]
2026-05-18 21:20:09,450 - data_loader - INFO -   LABEL CHECK [2006-12-20.train-c sample #15078]: gold_parent_idx=23, gold_msg_idx=1001, C=24, msg_i_idx=1002, candidate_range=[953, 1001]
2026-05-18 21:20:09,451 - data_loader - INFO -   LABEL CHECK [2006-12-20.train-c sample #15079]: gold_parent_idx=22, gold_msg_idx=1001, C=24, msg_i_idx=1003, candidate_range=[954, 1002]
2026-05-18 21:20:09,499 - data_loader - INFO -   Created 326 samples for 2006-12-20.train-c
2026-05-18 21:20:09,499 - data_loader - INFO -   File 46/153: 2006-12-20.train-c - 1500 messages, 15403 total samples so far
2026-05-18 21:20:09,499 - data_loader - INFO - Loading conversation from /home/s4901673/workspace/irc-disentanglement-bert-pytorch/data/train/2007-01-12.train-c.ascii.txt
2026-05-18 21:20:09,501 - data_loader - INFO -   Read 1500 lines from ASCII file
2026-05-18 21:20:09,505 - data_loader - INFO -   Parsed 1500 messages, found 113 unique users
2026-05-18 21:20:09,732 - data_loader - INFO -   Loaded 500 gold links from annotation file
2026-05-18 21:20:09,732 - data_loader - INFO -   Conversation '2007-01-12.train-c' loaded in 0.23s
2026-05-18 21:20:09,732 - data_loader - INFO -   Creating samples for 2007-01-12.train-c: messages 0 to 1500 (limited)
2026-05-18 21:20:09,738 - data_loader - INFO -   LABEL CHECK [2007-01-12.train-c sample #15403]: gold_parent_idx=30, gold_msg_idx=998, C=32, msg_i_idx=1000, candidate_range=[951, 999]
2026-05-18 21:20:09,738 - data_loader - INFO -   LABEL CHECK [2007-01-12.train-c sample #15404]: gold_parent_idx=27, gold_msg_idx=996, C=32, msg_i_idx=1001, candidate_range=[952, 1000]
2026-05-18 21:20:09,738 - data_loader - INFO -   LABEL CHECK [2007-01-12.train-c sample #15405]: gold_parent_idx=30, gold_msg_idx=1001, C=31, msg_i_idx=1003, candidate_range=[954, 1001]
2026-05-18 21:20:09,780 - data_loader - INFO -   Created 270 samples for 2007-01-12.train-c
2026-05-18 21:20:09,780 - data_loader - INFO -   File 47/153: 2007-01-12.train-c - 1500 messages, 15673 total samples so far
2026-05-18 21:20:09,780 - data_loader - INFO - Loading conversation from /home/s4901673/workspace/irc-disentanglement-bert-pytorch/data/train/2007-01-19.train-a.ascii.txt
2026-05-18 21:20:09,782 - data_loader - INFO -   Read 1740 lines from ASCII file
2026-05-18 21:20:09,786 - data_loader - INFO -   Parsed 1740 messages, found 102 unique users
2026-05-18 21:20:10,033 - data_loader - INFO -   Loaded 740 gold links from annotation file
2026-05-18 21:20:10,033 - data_loader - INFO -   Conversation '2007-01-19.train-a' loaded in 0.25s
2026-05-18 21:20:10,033 - data_loader - INFO -   Creating samples for 2007-01-19.train-a: messages 0 to 1740 (limited)
2026-05-18 21:20:10,039 - data_loader - INFO -   LABEL CHECK [2007-01-19.train-a sample #15673]: gold_parent_idx=37, gold_msg_idx=993, C=42, msg_i_idx=1000, candidate_range=[951, 999]
2026-05-18 21:20:10,039 - data_loader - INFO -   LABEL CHECK [2007-01-19.train-a sample #15674]: gold_parent_idx=31, gold_msg_idx=987, C=42, msg_i_idx=1001, candidate_range=[952, 1000]
2026-05-18 21:20:10,040 - data_loader - INFO -   LABEL CHECK [2007-01-19.train-a sample #15675]: gold_parent_idx=35, gold_msg_idx=993, C=42, msg_i_idx=1002, candidate_range=[953, 1001]
2026-05-18 21:20:10,134 - data_loader - INFO -   Created 563 samples for 2007-01-19.train-a
2026-05-18 21:20:10,134 - data_loader - INFO -   File 48/153: 2007-01-19.train-a - 1740 messages, 16236 total samples so far
2026-05-18 21:20:10,134 - data_loader - INFO - Loading conversation from /home/s4901673/workspace/irc-disentanglement-bert-pytorch/data/train/2007-01-21.train-c.ascii.txt
2026-05-18 21:20:10,136 - data_loader - INFO -   Read 1500 lines from ASCII file
2026-05-18 21:20:10,140 - data_loader - INFO -   Parsed 1500 messages, found 127 unique users
2026-05-18 21:20:10,384 - data_loader - INFO -   Loaded 500 gold links from annotation file
2026-05-18 21:20:10,384 - data_loader - INFO -   Conversation '2007-01-21.train-c' loaded in 0.25s
2026-05-18 21:20:10,384 - data_loader - INFO -   Creating samples for 2007-01-21.train-c: messages 0 to 1500 (limited)
2026-05-18 21:20:10,390 - data_loader - INFO -   LABEL CHECK [2007-01-21.train-c sample #16236]: gold_parent_idx=30, gold_msg_idx=989, C=39, msg_i_idx=1001, candidate_range=[952, 999]
2026-05-18 21:20:10,390 - data_loader - INFO -   LABEL CHECK [2007-01-21.train-c sample #16237]: gold_parent_idx=36, gold_msg_idx=998, C=39, msg_i_idx=1002, candidate_range=[953, 1001]
2026-05-18 21:20:10,390 - data_loader - INFO -   LABEL CHECK [2007-01-21.train-c sample #16238]: gold_parent_idx=32, gold_msg_idx=995, C=39, msg_i_idx=1003, candidate_range=[954, 1002]
2026-05-18 21:20:10,429 - data_loader - INFO -   Created 258 samples for 2007-01-21.train-c
2026-05-18 21:20:10,429 - data_loader - INFO -   File 49/153: 2007-01-21.train-c - 1500 messages, 16494 total samples so far
2026-05-18 21:20:10,430 - data_loader - INFO - Loading conversation from /home/s4901673/workspace/irc-disentanglement-bert-pytorch/data/train/2007-01-29.train-c.ascii.txt
2026-05-18 21:20:10,432 - data_loader - INFO -   Read 1500 lines from ASCII file
2026-05-18 21:20:10,435 - data_loader - INFO -   Parsed 1500 messages, found 115 unique users
2026-05-18 21:20:10,674 - data_loader - INFO -   Loaded 500 gold links from annotation file
2026-05-18 21:20:10,674 - data_loader - INFO -   Conversation '2007-01-29.train-c' loaded in 0.24s
2026-05-18 21:20:10,674 - data_loader - INFO -   Creating samples for 2007-01-29.train-c: messages 0 to 1500 (limited)
2026-05-18 21:20:10,680 - data_loader - INFO -   LABEL CHECK [2007-01-29.train-c sample #16494]: gold_parent_idx=37, gold_msg_idx=997, C=39, msg_i_idx=1000, candidate_range=[951, 999]
2026-05-18 21:20:10,680 - data_loader - INFO -   LABEL CHECK [2007-01-29.train-c sample #16495]: gold_parent_idx=36, gold_msg_idx=997, C=39, msg_i_idx=1001, candidate_range=[952, 1000]
2026-05-18 21:20:10,681 - data_loader - INFO -   LABEL CHECK [2007-01-29.train-c sample #16496]: gold_parent_idx=30, gold_msg_idx=992, C=39, msg_i_idx=1002, candidate_range=[953, 1001]
2026-05-18 21:20:10,743 - data_loader - INFO -   Created 331 samples for 2007-01-29.train-c
2026-05-18 21:20:10,743 - data_loader - INFO -   File 50/153: 2007-01-29.train-c - 1500 messages, 16825 total samples so far
2026-05-18 21:20:10,743 - data_loader - INFO - Loading conversation from /home/s4901673/workspace/irc-disentanglement-bert-pytorch/data/train/2007-02-06.train-c.ascii.txt
2026-05-18 21:20:10,745 - data_loader - INFO -   Read 1500 lines from ASCII file
2026-05-18 21:20:10,748 - data_loader - INFO -   Parsed 1500 messages, found 131 unique users
2026-05-18 21:20:11,023 - data_loader - INFO -   Loaded 500 gold links from annotation file
2026-05-18 21:20:11,024 - data_loader - INFO -   Conversation '2007-02-06.train-c' loaded in 0.28s
2026-05-18 21:20:11,024 - data_loader - INFO -   Creating samples for 2007-02-06.train-c: messages 0 to 1500 (limited)
2026-05-18 21:20:11,029 - data_loader - INFO -   LABEL CHECK [2007-02-06.train-c sample #16825]: gold_parent_idx=23, gold_msg_idx=994, C=29, msg_i_idx=1002, candidate_range=[953, 1000]
2026-05-18 21:20:11,030 - data_loader - INFO -   LABEL CHECK [2007-02-06.train-c sample #16826]: gold_parent_idx=27, gold_msg_idx=1000, C=29, msg_i_idx=1003, candidate_range=[956, 1002]
2026-05-18 21:20:11,030 - data_loader - INFO -   LABEL CHECK [2007-02-06.train-c sample #16827]: gold_parent_idx=28, gold_msg_idx=1003, C=30, msg_i_idx=1007, candidate_range=[958, 1004]
2026-05-18 21:20:11,070 - data_loader - INFO -   Created 262 samples for 2007-02-06.train-c
2026-05-18 21:20:11,070 - data_loader - INFO -   File 51/153: 2007-02-06.train-c - 1500 messages, 17087 total samples so far
2026-05-18 21:20:11,070 - data_loader - INFO - Loading conversation from /home/s4901673/workspace/irc-disentanglement-bert-pytorch/data/train/2007-02-07.train-c.ascii.txt
2026-05-18 21:20:11,072 - data_loader - INFO -   Read 1500 lines from ASCII file
2026-05-18 21:20:11,075 - data_loader - INFO -   Parsed 1500 messages, found 112 unique users
2026-05-18 21:20:11,286 - data_loader - INFO -   Loaded 500 gold links from annotation file
2026-05-18 21:20:11,287 - data_loader - INFO -   Conversation '2007-02-07.train-c' loaded in 0.22s
2026-05-18 21:20:11,287 - data_loader - INFO -   Creating samples for 2007-02-07.train-c: messages 0 to 1500 (limited)
2026-05-18 21:20:11,292 - data_loader - INFO -   LABEL CHECK [2007-02-07.train-c sample #17087]: gold_parent_idx=40, gold_msg_idx=999, C=41, msg_i_idx=1000, candidate_range=[952, 999]
2026-05-18 21:20:11,293 - data_loader - INFO -   LABEL CHECK [2007-02-07.train-c sample #17088]: gold_parent_idx=41, gold_msg_idx=1000, C=42, msg_i_idx=1001, candidate_range=[952, 1000]
2026-05-18 21:20:11,293 - data_loader - INFO -   LABEL CHECK [2007-02-07.train-c sample #17089]: gold_parent_idx=40, gold_msg_idx=1000, C=42, msg_i_idx=1002, candidate_range=[954, 1001]
2026-05-18 21:20:11,351 - data_loader - INFO -   Created 345 samples for 2007-02-07.train-c
2026-05-18 21:20:11,351 - data_loader - INFO -   File 52/153: 2007-02-07.train-c - 1500 messages, 17432 total samples so far
2026-05-18 21:20:11,351 - data_loader - INFO - Loading conversation from /home/s4901673/workspace/irc-disentanglement-bert-pytorch/data/train/2007-02-15.train-c.ascii.txt
2026-05-18 21:20:11,352 - data_loader - INFO -   Read 1500 lines from ASCII file
2026-05-18 21:20:11,356 - data_loader - INFO -   Parsed 1500 messages, found 121 unique users
2026-05-18 21:20:11,594 - data_loader - INFO -   Loaded 500 gold links from annotation file
2026-05-18 21:20:11,594 - data_loader - INFO -   Conversation '2007-02-15.train-c' loaded in 0.24s
2026-05-18 21:20:11,594 - data_loader - INFO -   Creating samples for 2007-02-15.train-c: messages 0 to 1500 (limited)
2026-05-18 21:20:11,600 - data_loader - INFO -   LABEL CHECK [2007-02-15.train-c sample #17432]: gold_parent_idx=35, gold_msg_idx=998, C=36, msg_i_idx=1000, candidate_range=[951, 998]
2026-05-18 21:20:11,601 - data_loader - INFO -   LABEL CHECK [2007-02-15.train-c sample #17433]: gold_parent_idx=28, gold_msg_idx=989, C=36, msg_i_idx=1001, candidate_range=[952, 1000]
2026-05-18 21:20:11,601 - data_loader - INFO -   LABEL CHECK [2007-02-15.train-c sample #17434]: gold_parent_idx=32, gold_msg_idx=996, C=36, msg_i_idx=1003, candidate_range=[954, 1001]
2026-05-18 21:20:11,636 - data_loader - INFO -   Created 253 samples for 2007-02-15.train-c
2026-05-18 21:20:11,636 - data_loader - INFO -   File 53/153: 2007-02-15.train-c - 1500 messages, 17685 total samples so far
2026-05-18 21:20:11,636 - data_loader - INFO - Loading conversation from /home/s4901673/workspace/irc-disentanglement-bert-pytorch/data/train/2007-06-01.train-c.ascii.txt
2026-05-18 21:20:11,638 - data_loader - INFO -   Read 1500 lines from ASCII file
2026-05-18 21:20:11,641 - data_loader - INFO -   Parsed 1500 messages, found 93 unique users
2026-05-18 21:20:11,816 - data_loader - INFO -   Loaded 500 gold links from annotation file
2026-05-18 21:20:11,816 - data_loader - INFO -   Conversation '2007-06-01.train-c' loaded in 0.18s
2026-05-18 21:20:11,817 - data_loader - INFO -   Creating samples for 2007-06-01.train-c: messages 0 to 1500 (limited)
2026-05-18 21:20:11,822 - data_loader - INFO -   LABEL CHECK [2007-06-01.train-c sample #17685]: gold_parent_idx=25, gold_msg_idx=981, C=43, msg_i_idx=1001, candidate_range=[952, 1000]
2026-05-18 21:20:11,823 - data_loader - INFO -   LABEL CHECK [2007-06-01.train-c sample #17686]: gold_parent_idx=41, gold_msg_idx=1001, C=42, msg_i_idx=1003, candidate_range=[955, 1001]
2026-05-18 21:20:11,823 - data_loader - INFO -   LABEL CHECK [2007-06-01.train-c sample #17687]: gold_parent_idx=27, gold_msg_idx=988, C=42, msg_i_idx=1006, candidate_range=[957, 1005]
2026-05-18 21:20:11,876 - data_loader - INFO -   Created 325 samples for 2007-06-01.train-c
2026-05-18 21:20:11,876 - data_loader - INFO -   File 54/153: 2007-06-01.train-c - 1500 messages, 18010 total samples so far
2026-05-18 21:20:11,877 - data_loader - INFO - Loading conversation from /home/s4901673/workspace/irc-disentanglement-bert-pytorch/data/train/2007-06-04.train-a.ascii.txt
2026-05-18 21:20:11,879 - data_loader - INFO -   Read 1910 lines from ASCII file
2026-05-18 21:20:11,883 - data_loader - INFO -   Parsed 1910 messages, found 152 unique users
2026-05-18 21:20:12,242 - data_loader - INFO -   Loaded 910 gold links from annotation file
2026-05-18 21:20:12,242 - data_loader - INFO -   Conversation '2007-06-04.train-a' loaded in 0.37s
2026-05-18 21:20:12,242 - data_loader - INFO -   Creating samples for 2007-06-04.train-a: messages 0 to 1910 (limited)
2026-05-18 21:20:12,248 - data_loader - INFO -   LABEL CHECK [2007-06-04.train-a sample #18010]: gold_parent_idx=36, gold_msg_idx=999, C=37, msg_i_idx=1000, candidate_range=[951, 999]
2026-05-18 21:20:12,248 - data_loader - INFO -   LABEL CHECK [2007-06-04.train-a sample #18011]: gold_parent_idx=35, gold_msg_idx=999, C=37, msg_i_idx=1001, candidate_range=[952, 1000]
2026-05-18 21:20:12,248 - data_loader - INFO -   LABEL CHECK [2007-06-04.train-a sample #18012]: gold_parent_idx=31, gold_msg_idx=994, C=37, msg_i_idx=1002, candidate_range=[954, 1001]
2026-05-18 21:20:12,330 - data_loader - INFO -   Created 538 samples for 2007-06-04.train-a
2026-05-18 21:20:12,330 - data_loader - INFO -   File 55/153: 2007-06-04.train-a - 1910 messages, 18548 total samples so far
2026-05-18 21:20:12,330 - data_loader - INFO - Loading conversation from /home/s4901673/workspace/irc-disentanglement-bert-pytorch/data/train/2007-06-17.train-a.ascii.txt
2026-05-18 21:20:12,332 - data_loader - INFO -   Read 1764 lines from ASCII file
2026-05-18 21:20:12,337 - data_loader - INFO -   Parsed 1764 messages, found 146 unique users
2026-05-18 21:20:12,647 - data_loader - INFO -   Loaded 764 gold links from annotation file
2026-05-18 21:20:12,647 - data_loader - INFO -   Conversation '2007-06-17.train-a' loaded in 0.32s
2026-05-18 21:20:12,648 - data_loader - INFO -   Creating samples for 2007-06-17.train-a: messages 0 to 1764 (limited)
2026-05-18 21:20:12,653 - data_loader - INFO -   LABEL CHECK [2007-06-17.train-a sample #18548]: gold_parent_idx=25, gold_msg_idx=992, C=31, msg_i_idx=1000, candidate_range=[951, 998]
2026-05-18 21:20:12,653 - data_loader - INFO -   LABEL CHECK [2007-06-17.train-a sample #18549]: gold_parent_idx=29, gold_msg_idx=998, C=31, msg_i_idx=1001, candidate_range=[952, 1000]
2026-05-18 21:20:12,654 - data_loader - INFO -   LABEL CHECK [2007-06-17.train-a sample #18550]: gold_parent_idx=27, gold_msg_idx=997, C=31, msg_i_idx=1002, candidate_range=[953, 1001]
2026-05-18 21:20:12,719 - data_loader - INFO -   Created 474 samples for 2007-06-17.train-a
2026-05-18 21:20:12,719 - data_loader - INFO -   File 56/153: 2007-06-17.train-a - 1764 messages, 19022 total samples so far
2026-05-18 21:20:12,719 - data_loader - INFO - Loading conversation from /home/s4901673/workspace/irc-disentanglement-bert-pytorch/data/train/2007-07-03.train-a.ascii.txt
2026-05-18 21:20:12,721 - data_loader - INFO -   Read 1800 lines from ASCII file
2026-05-18 21:20:12,726 - data_loader - INFO -   Parsed 1800 messages, found 138 unique users
2026-05-18 21:20:13,025 - data_loader - INFO -   Loaded 800 gold links from annotation file
2026-05-18 21:20:13,025 - data_loader - INFO -   Conversation '2007-07-03.train-a' loaded in 0.31s
2026-05-18 21:20:13,025 - data_loader - INFO -   Creating samples for 2007-07-03.train-a: messages 0 to 1800 (limited)
2026-05-18 21:20:13,031 - data_loader - INFO -   LABEL CHECK [2007-07-03.train-a sample #19022]: gold_parent_idx=28, gold_msg_idx=995, C=32, msg_i_idx=1000, candidate_range=[951, 999]
2026-05-18 21:20:13,031 - data_loader - INFO -   LABEL CHECK [2007-07-03.train-a sample #19023]: gold_parent_idx=27, gold_msg_idx=995, C=32, msg_i_idx=1002, candidate_range=[954, 1000]
2026-05-18 21:20:13,031 - data_loader - INFO -   LABEL CHECK [2007-07-03.train-a sample #19024]: gold_parent_idx=31, gold_msg_idx=1002, C=32, msg_i_idx=1005, candidate_range=[956, 1002]
2026-05-18 21:20:13,098 - data_loader - INFO -   Created 477 samples for 2007-07-03.train-a
2026-05-18 21:20:13,098 - data_loader - INFO -   File 57/153: 2007-07-03.train-a - 1800 messages, 19499 total samples so far
2026-05-18 21:20:13,098 - data_loader - INFO - Loading conversation from /home/s4901673/workspace/irc-disentanglement-bert-pytorch/data/train/2007-08-19.train-a.ascii.txt
2026-05-18 21:20:13,100 - data_loader - INFO -   Read 1708 lines from ASCII file
2026-05-18 21:20:13,104 - data_loader - INFO -   Parsed 1708 messages, found 134 unique users
2026-05-18 21:20:13,381 - data_loader - INFO -   Loaded 708 gold links from annotation file
2026-05-18 21:20:13,381 - data_loader - INFO -   Conversation '2007-08-19.train-a' loaded in 0.28s
2026-05-18 21:20:13,381 - data_loader - INFO -   Creating samples for 2007-08-19.train-a: messages 0 to 1708 (limited)
2026-05-18 21:20:13,387 - data_loader - INFO -   LABEL CHECK [2007-08-19.train-a sample #19499]: gold_parent_idx=36, gold_msg_idx=998, C=38, msg_i_idx=1000, candidate_range=[951, 999]
2026-05-18 21:20:13,387 - data_loader - INFO -   LABEL CHECK [2007-08-19.train-a sample #19500]: gold_parent_idx=36, gold_msg_idx=1000, C=38, msg_i_idx=1002, candidate_range=[953, 1001]
2026-05-18 21:20:13,387 - data_loader - INFO -   LABEL CHECK [2007-08-19.train-a sample #19501]: gold_parent_idx=37, gold_msg_idx=1002, C=38, msg_i_idx=1003, candidate_range=[955, 1002]
2026-05-18 21:20:13,453 - data_loader - INFO -   Created 420 samples for 2007-08-19.train-a
2026-05-18 21:20:13,453 - data_loader - INFO -   File 58/153: 2007-08-19.train-a - 1708 messages, 19919 total samples so far
2026-05-18 21:20:13,453 - data_loader - INFO - Loading conversation from /home/s4901673/workspace/irc-disentanglement-bert-pytorch/data/train/2007-08-22.train-c.ascii.txt
2026-05-18 21:20:13,455 - data_loader - INFO -   Read 1500 lines from ASCII file
2026-05-18 21:20:13,667 - data_loader - INFO -   Parsed 1500 messages, found 96 unique users
2026-05-18 21:20:13,862 - data_loader - INFO -   Loaded 500 gold links from annotation file
2026-05-18 21:20:13,862 - data_loader - INFO -   Conversation '2007-08-22.train-c' loaded in 0.41s
2026-05-18 21:20:13,862 - data_loader - INFO -   Creating samples for 2007-08-22.train-c: messages 0 to 1500 (limited)
2026-05-18 21:20:13,868 - data_loader - INFO -   LABEL CHECK [2007-08-22.train-c sample #19919]: gold_parent_idx=35, gold_msg_idx=996, C=38, msg_i_idx=1001, candidate_range=[952, 999]
2026-05-18 21:20:13,869 - data_loader - INFO -   LABEL CHECK [2007-08-22.train-c sample #19920]: gold_parent_idx=34, gold_msg_idx=996, C=38, msg_i_idx=1002, candidate_range=[953, 1001]
2026-05-18 21:20:13,869 - data_loader - INFO -   LABEL CHECK [2007-08-22.train-c sample #19921]: gold_parent_idx=35, gold_msg_idx=999, C=38, msg_i_idx=1003, candidate_range=[954, 1002]
2026-05-18 21:20:13,923 - data_loader - INFO -   Created 342 samples for 2007-08-22.train-c
2026-05-18 21:20:13,923 - data_loader - INFO -   File 59/153: 2007-08-22.train-c - 1500 messages, 20261 total samples so far
2026-05-18 21:20:13,923 - data_loader - INFO - Loading conversation from /home/s4901673/workspace/irc-disentanglement-bert-pytorch/data/train/2007-08-24.train-c.ascii.txt
2026-05-18 21:20:13,924 - data_loader - INFO -   Read 1500 lines from ASCII file
2026-05-18 21:20:13,928 - data_loader - INFO -   Parsed 1500 messages, found 103 unique users
2026-05-18 21:20:14,137 - data_loader - INFO -   Loaded 500 gold links from annotation file
2026-05-18 21:20:14,138 - data_loader - INFO -   Conversation '2007-08-24.train-c' loaded in 0.21s
2026-05-18 21:20:14,138 - data_loader - INFO -   Creating samples for 2007-08-24.train-c: messages 0 to 1500 (limited)
2026-05-18 21:20:14,144 - data_loader - INFO -   LABEL CHECK [2007-08-24.train-c sample #20261]: gold_parent_idx=25, gold_msg_idx=990, C=34, msg_i_idx=1001, candidate_range=[952, 1000]
2026-05-18 21:20:14,144 - data_loader - INFO -   LABEL CHECK [2007-08-24.train-c sample #20262]: gold_parent_idx=33, gold_msg_idx=1001, C=34, msg_i_idx=1002, candidate_range=[955, 1001]
2026-05-18 21:20:14,144 - data_loader - INFO -   LABEL CHECK [2007-08-24.train-c sample #20263]: gold_parent_idx=31, gold_msg_idx=999, C=35, msg_i_idx=1003, candidate_range=[955, 1002]
2026-05-18 21:20:14,192 - data_loader - INFO -   Created 316 samples for 2007-08-24.train-c
2026-05-18 21:20:14,192 - data_loader - INFO -   File 60/153: 2007-08-24.train-c - 1500 messages, 20577 total samples so far
2026-05-18 21:20:14,192 - data_loader - INFO - Loading conversation from /home/s4901673/workspace/irc-disentanglement-bert-pytorch/data/train/2007-09-07.train-a.ascii.txt
2026-05-18 21:20:14,194 - data_loader - INFO -   Read 1759 lines from ASCII file
2026-05-18 21:20:14,198 - data_loader - INFO -   Parsed 1759 messages, found 149 unique users
2026-05-18 21:20:14,542 - data_loader - INFO -   Loaded 759 gold links from annotation file
2026-05-18 21:20:14,542 - data_loader - INFO -   Conversation '2007-09-07.train-a' loaded in 0.35s
2026-05-18 21:20:14,542 - data_loader - INFO -   Creating samples for 2007-09-07.train-a: messages 0 to 1759 (limited)
2026-05-18 21:20:14,548 - data_loader - INFO -   LABEL CHECK [2007-09-07.train-a sample #20577]: gold_parent_idx=28, gold_msg_idx=993, C=35, msg_i_idx=1001, candidate_range=[952, 1000]
2026-05-18 21:20:14,548 - data_loader - INFO -   LABEL CHECK [2007-09-07.train-a sample #20578]: gold_parent_idx=33, gold_msg_idx=1000, C=35, msg_i_idx=1004, candidate_range=[955, 1001]
2026-05-18 21:20:14,548 - data_loader - INFO -   LABEL CHECK [2007-09-07.train-a sample #20579]: gold_parent_idx=7, gold_msg_idx=967, C=35, msg_i_idx=1005, candidate_range=[956, 1004]
2026-05-18 21:20:14,605 - data_loader - INFO -   Created 413 samples for 2007-09-07.train-a
2026-05-18 21:20:14,606 - data_loader - INFO -   File 61/153: 2007-09-07.train-a - 1759 messages, 20990 total samples so far
2026-05-18 21:20:14,606 - data_loader - INFO - Loading conversation from /home/s4901673/workspace/irc-disentanglement-bert-pytorch/data/train/2007-10-24.train-c.ascii.txt
2026-05-18 21:20:14,607 - data_loader - INFO -   Read 1500 lines from ASCII file
2026-05-18 21:20:14,611 - data_loader - INFO -   Parsed 1500 messages, found 206 unique users
2026-05-18 21:20:15,170 - data_loader - INFO -   Loaded 500 gold links from annotation file
2026-05-18 21:20:15,170 - data_loader - INFO -   Conversation '2007-10-24.train-c' loaded in 0.56s
2026-05-18 21:20:15,170 - data_loader - INFO -   Creating samples for 2007-10-24.train-c: messages 0 to 1500 (limited)
2026-05-18 21:20:15,177 - data_loader - INFO -   LABEL CHECK [2007-10-24.train-c sample #20990]: gold_parent_idx=46, gold_msg_idx=998, C=49, msg_i_idx=1001, candidate_range=[952, 1000]
2026-05-18 21:20:15,177 - data_loader - INFO -   LABEL CHECK [2007-10-24.train-c sample #20991]: gold_parent_idx=22, gold_msg_idx=975, C=49, msg_i_idx=1002, candidate_range=[953, 1001]
2026-05-18 21:20:15,178 - data_loader - INFO -   LABEL CHECK [2007-10-24.train-c sample #20992]: gold_parent_idx=45, gold_msg_idx=999, C=49, msg_i_idx=1003, candidate_range=[954, 1002]
2026-05-18 21:20:15,246 - data_loader - INFO -   Created 374 samples for 2007-10-24.train-c
2026-05-18 21:20:15,246 - data_loader - INFO -   File 62/153: 2007-10-24.train-c - 1500 messages, 21364 total samples so far
2026-05-18 21:20:15,246 - data_loader - INFO - Loading conversation from /home/s4901673/workspace/irc-disentanglement-bert-pytorch/data/train/2007-12-17.train-a.ascii.txt
2026-05-18 21:20:15,248 - data_loader - INFO -   Read 1650 lines from ASCII file
2026-05-18 21:20:15,252 - data_loader - INFO -   Parsed 1650 messages, found 170 unique users
2026-05-18 21:20:15,766 - data_loader - INFO -   Loaded 650 gold links from annotation file
2026-05-18 21:20:15,767 - data_loader - INFO -   Conversation '2007-12-17.train-a' loaded in 0.52s
2026-05-18 21:20:15,767 - data_loader - INFO -   Creating samples for 2007-12-17.train-a: messages 0 to 1650 (limited)
2026-05-18 21:20:15,773 - data_loader - INFO -   LABEL CHECK [2007-12-17.train-a sample #21364]: gold_parent_idx=38, gold_msg_idx=993, C=45, msg_i_idx=1000, candidate_range=[951, 999]
2026-05-18 21:20:15,774 - data_loader - INFO -   LABEL CHECK [2007-12-17.train-a sample #21365]: gold_parent_idx=44, gold_msg_idx=1000, C=45, msg_i_idx=1001, candidate_range=[952, 1000]
2026-05-18 21:20:15,774 - data_loader - INFO -   LABEL CHECK [2007-12-17.train-a sample #21366]: gold_parent_idx=1, gold_msg_idx=955, C=45, msg_i_idx=1003, candidate_range=[954, 1002]
2026-05-18 21:20:15,883 - data_loader - INFO -   Created 548 samples for 2007-12-17.train-a
2026-05-18 21:20:15,883 - data_loader - INFO -   File 63/153: 2007-12-17.train-a - 1650 messages, 21912 total samples so far
2026-05-18 21:20:15,883 - data_loader - INFO - Loading conversation from /home/s4901673/workspace/irc-disentanglement-bert-pytorch/data/train/2008-01-02.train-c.ascii.txt
2026-05-18 21:20:15,885 - data_loader - INFO -   Read 1500 lines from ASCII file
2026-05-18 21:20:15,889 - data_loader - INFO -   Parsed 1500 messages, found 159 unique users
2026-05-18 21:20:16,322 - data_loader - INFO -   Loaded 500 gold links from annotation file
2026-05-18 21:20:16,322 - data_loader - INFO -   Conversation '2008-01-02.train-c' loaded in 0.44s
2026-05-18 21:20:16,322 - data_loader - INFO -   Creating samples for 2008-01-02.train-c: messages 0 to 1500 (limited)
2026-05-18 21:20:16,329 - data_loader - INFO -   LABEL CHECK [2008-01-02.train-c sample #21912]: gold_parent_idx=46, gold_msg_idx=998, C=49, msg_i_idx=1001, candidate_range=[952, 1000]
2026-05-18 21:20:16,329 - data_loader - INFO -   LABEL CHECK [2008-01-02.train-c sample #21913]: gold_parent_idx=41, gold_msg_idx=994, C=49, msg_i_idx=1002, candidate_range=[953, 1001]
2026-05-18 21:20:16,330 - data_loader - INFO -   LABEL CHECK [2008-01-02.train-c sample #21914]: gold_parent_idx=46, gold_msg_idx=1000, C=49, msg_i_idx=1003, candidate_range=[954, 1002]
2026-05-18 21:20:16,412 - data_loader - INFO -   Created 383 samples for 2008-01-02.train-c
2026-05-18 21:20:16,413 - data_loader - INFO -   File 64/153: 2008-01-02.train-c - 1500 messages, 22295 total samples so far
2026-05-18 21:20:16,413 - data_loader - INFO - Loading conversation from /home/s4901673/workspace/irc-disentanglement-bert-pytorch/data/train/2008-01-03.train-c.ascii.txt
2026-05-18 21:20:16,414 - data_loader - INFO -   Read 1500 lines from ASCII file
2026-05-18 21:20:16,419 - data_loader - INFO -   Parsed 1500 messages, found 180 unique users
2026-05-18 21:20:16,948 - data_loader - INFO -   Loaded 500 gold links from annotation file
2026-05-18 21:20:16,948 - data_loader - INFO -   Conversation '2008-01-03.train-c' loaded in 0.54s
2026-05-18 21:20:16,948 - data_loader - INFO -   Creating samples for 2008-01-03.train-c: messages 0 to 1500 (limited)
2026-05-18 21:20:16,956 - data_loader - INFO -   LABEL CHECK [2008-01-03.train-c sample #22295]: gold_parent_idx=46, gold_msg_idx=998, C=48, msg_i_idx=1000, candidate_range=[951, 999]
2026-05-18 21:20:16,957 - data_loader - INFO -   LABEL CHECK [2008-01-03.train-c sample #22296]: gold_parent_idx=44, gold_msg_idx=997, C=48, msg_i_idx=1001, candidate_range=[952, 1000]
2026-05-18 21:20:16,957 - data_loader - INFO -   LABEL CHECK [2008-01-03.train-c sample #22297]: gold_parent_idx=46, gold_msg_idx=1000, C=48, msg_i_idx=1002, candidate_range=[953, 1001]
2026-05-18 21:20:17,049 - data_loader - INFO -   Created 393 samples for 2008-01-03.train-c
2026-05-18 21:20:17,049 - data_loader - INFO -   File 65/153: 2008-01-03.train-c - 1500 messages, 22688 total samples so far
2026-05-18 21:20:17,049 - data_loader - INFO - Loading conversation from /home/s4901673/workspace/irc-disentanglement-bert-pytorch/data/train/2008-02-07.train-c.ascii.txt
2026-05-18 21:20:17,050 - data_loader - INFO -   Read 1500 lines from ASCII file
2026-05-18 21:20:17,055 - data_loader - INFO -   Parsed 1500 messages, found 193 unique users
2026-05-18 21:20:17,639 - data_loader - INFO -   Loaded 500 gold links from annotation file
2026-05-18 21:20:17,639 - data_loader - INFO -   Conversation '2008-02-07.train-c' loaded in 0.59s
2026-05-18 21:20:17,640 - data_loader - INFO -   Creating samples for 2008-02-07.train-c: messages 0 to 1500 (limited)
2026-05-18 21:20:17,647 - data_loader - INFO -   LABEL CHECK [2008-02-07.train-c sample #22688]: gold_parent_idx=44, gold_msg_idx=995, C=48, msg_i_idx=1000, candidate_range=[951, 998]
2026-05-18 21:20:17,647 - data_loader - INFO -   LABEL CHECK [2008-02-07.train-c sample #22689]: gold_parent_idx=17, gold_msg_idx=969, C=48, msg_i_idx=1001, candidate_range=[952, 1000]
2026-05-18 21:20:17,647 - data_loader - INFO -   LABEL CHECK [2008-02-07.train-c sample #22690]: gold_parent_idx=42, gold_msg_idx=996, C=48, msg_i_idx=1003, candidate_range=[954, 1002]
2026-05-18 21:20:17,716 - data_loader - INFO -   Created 352 samples for 2008-02-07.train-c
2026-05-18 21:20:17,716 - data_loader - INFO -   File 66/153: 2008-02-07.train-c - 1500 messages, 23040 total samples so far
2026-05-18 21:20:17,716 - data_loader - INFO - Loading conversation from /home/s4901673/workspace/irc-disentanglement-bert-pytorch/data/train/2008-02-14.train-c.ascii.txt
2026-05-18 21:20:17,717 - data_loader - INFO -   Read 1500 lines from ASCII file
2026-05-18 21:20:17,721 - data_loader - INFO -   Parsed 1500 messages, found 197 unique users
2026-05-18 21:20:18,253 - data_loader - INFO -   Loaded 500 gold links from annotation file
2026-05-18 21:20:18,253 - data_loader - INFO -   Conversation '2008-02-14.train-c' loaded in 0.54s
2026-05-18 21:20:18,253 - data_loader - INFO -   Creating samples for 2008-02-14.train-c: messages 0 to 1500 (limited)
2026-05-18 21:20:18,260 - data_loader - INFO -   LABEL CHECK [2008-02-14.train-c sample #23040]: gold_parent_idx=8, gold_msg_idx=961, C=47, msg_i_idx=1001, candidate_range=[952, 1000]
2026-05-18 21:20:18,260 - data_loader - INFO -   LABEL CHECK [2008-02-14.train-c sample #23041]: gold_parent_idx=24, gold_msg_idx=979, C=47, msg_i_idx=1002, candidate_range=[953, 1001]
2026-05-18 21:20:18,261 - data_loader - INFO -   LABEL CHECK [2008-02-14.train-c sample #23042]: gold_parent_idx=45, gold_msg_idx=1001, C=47, msg_i_idx=1003, candidate_range=[954, 1002]
2026-05-18 21:20:18,333 - data_loader - INFO -   Created 368 samples for 2008-02-14.train-c
2026-05-18 21:20:18,333 - data_loader - INFO -   File 67/153: 2008-02-14.train-c - 1500 messages, 23408 total samples so far
2026-05-18 21:20:18,333 - data_loader - INFO - Loading conversation from /home/s4901673/workspace/irc-disentanglement-bert-pytorch/data/train/2008-03-01.train-c.ascii.txt
2026-05-18 21:20:18,335 - data_loader - INFO -   Read 1500 lines from ASCII file
2026-05-18 21:20:18,339 - data_loader - INFO -   Parsed 1500 messages, found 127 unique users
2026-05-18 21:20:18,729 - data_loader - INFO -   Loaded 500 gold links from annotation file
2026-05-18 21:20:18,729 - data_loader - INFO -   Conversation '2008-03-01.train-c' loaded in 0.40s
2026-05-18 21:20:18,729 - data_loader - INFO -   Creating samples for 2008-03-01.train-c: messages 0 to 1500 (limited)
2026-05-18 21:20:18,737 - data_loader - INFO -   LABEL CHECK [2008-03-01.train-c sample #23408]: gold_parent_idx=37, gold_msg_idx=989, C=48, msg_i_idx=1000, candidate_range=[951, 999]
2026-05-18 21:20:18,737 - data_loader - INFO -   LABEL CHECK [2008-03-01.train-c sample #23409]: gold_parent_idx=39, gold_msg_idx=992, C=48, msg_i_idx=1001, candidate_range=[952, 1000]
2026-05-18 21:20:18,738 - data_loader - INFO -   LABEL CHECK [2008-03-01.train-c sample #23410]: gold_parent_idx=45, gold_msg_idx=1000, C=48, msg_i_idx=1003, candidate_range=[954, 1002]
2026-05-18 21:20:18,836 - data_loader - INFO -   Created 406 samples for 2008-03-01.train-c
2026-05-18 21:20:18,837 - data_loader - INFO -   File 68/153: 2008-03-01.train-c - 1500 messages, 23814 total samples so far
2026-05-18 21:20:18,837 - data_loader - INFO - Loading conversation from /home/s4901673/workspace/irc-disentanglement-bert-pytorch/data/train/2008-04-20.train-a.ascii.txt
2026-05-18 21:20:18,839 - data_loader - INFO -   Read 1378 lines from ASCII file
2026-05-18 21:20:18,843 - data_loader - INFO -   Parsed 1378 messages, found 132 unique users
2026-05-18 21:20:19,193 - data_loader - INFO -   Loaded 378 gold links from annotation file
2026-05-18 21:20:19,193 - data_loader - INFO -   Conversation '2008-04-20.train-a' loaded in 0.36s
2026-05-18 21:20:19,193 - data_loader - INFO -   Creating samples for 2008-04-20.train-a: messages 0 to 1378 (limited)
2026-05-18 21:20:19,200 - data_loader - INFO -   LABEL CHECK [2008-04-20.train-a sample #23814]: gold_parent_idx=34, gold_msg_idx=985, C=49, msg_i_idx=1000, candidate_range=[951, 999]
2026-05-18 21:20:19,200 - data_loader - INFO -   LABEL CHECK [2008-04-20.train-a sample #23815]: gold_parent_idx=45, gold_msg_idx=997, C=49, msg_i_idx=1001, candidate_range=[952, 1000]
2026-05-18 21:20:19,200 - data_loader - INFO -   LABEL CHECK [2008-04-20.train-a sample #23816]: gold_parent_idx=32, gold_msg_idx=985, C=49, msg_i_idx=1002, candidate_range=[953, 1001]
2026-05-18 21:20:19,262 - data_loader - INFO -   Created 320 samples for 2008-04-20.train-a
2026-05-18 21:20:19,262 - data_loader - INFO -   File 69/153: 2008-04-20.train-a - 1378 messages, 24134 total samples so far
2026-05-18 21:20:19,262 - data_loader - INFO - Loading conversation from /home/s4901673/workspace/irc-disentanglement-bert-pytorch/data/train/2008-04-27.train-a.ascii.txt
2026-05-18 21:20:19,264 - data_loader - INFO -   Read 1979 lines from ASCII file
2026-05-18 21:20:19,269 - data_loader - INFO -   Parsed 1979 messages, found 179 unique users
2026-05-18 21:20:19,903 - data_loader - INFO -   Loaded 979 gold links from annotation file
2026-05-18 21:20:19,903 - data_loader - INFO -   Conversation '2008-04-27.train-a' loaded in 0.64s
2026-05-18 21:20:19,903 - data_loader - INFO -   Creating samples for 2008-04-27.train-a: messages 0 to 1979 (limited)
2026-05-18 21:20:19,910 - data_loader - INFO -   LABEL CHECK [2008-04-27.train-a sample #24134]: gold_parent_idx=46, gold_msg_idx=998, C=48, msg_i_idx=1000, candidate_range=[951, 999]
2026-05-18 21:20:19,910 - data_loader - INFO -   LABEL CHECK [2008-04-27.train-a sample #24135]: gold_parent_idx=46, gold_msg_idx=999, C=48, msg_i_idx=1001, candidate_range=[952, 1000]
2026-05-18 21:20:19,910 - data_loader - INFO -   LABEL CHECK [2008-04-27.train-a sample #24136]: gold_parent_idx=40, gold_msg_idx=994, C=48, msg_i_idx=1002, candidate_range=[953, 1001]
2026-05-18 21:20:20,073 - data_loader - INFO -   Created 831 samples for 2008-04-27.train-a
2026-05-18 21:20:20,073 - data_loader - INFO -   File 70/153: 2008-04-27.train-a - 1979 messages, 24965 total samples so far
2026-05-18 21:20:20,073 - data_loader - INFO - Loading conversation from /home/s4901673/workspace/irc-disentanglement-bert-pytorch/data/train/2008-04-30.train-a.ascii.txt
2026-05-18 21:20:20,075 - data_loader - INFO -   Read 1699 lines from ASCII file
2026-05-18 21:20:20,080 - data_loader - INFO -   Parsed 1699 messages, found 172 unique users
2026-05-18 21:20:20,598 - data_loader - INFO -   Loaded 699 gold links from annotation file
2026-05-18 21:20:20,599 - data_loader - INFO -   Conversation '2008-04-30.train-a' loaded in 0.53s
2026-05-18 21:20:20,599 - data_loader - INFO -   Creating samples for 2008-04-30.train-a: messages 0 to 1699 (limited)
2026-05-18 21:20:20,605 - data_loader - INFO -   LABEL CHECK [2008-04-30.train-a sample #24965]: gold_parent_idx=10, gold_msg_idx=961, C=49, msg_i_idx=1000, candidate_range=[951, 999]
2026-05-18 21:20:20,606 - data_loader - INFO -   LABEL CHECK [2008-04-30.train-a sample #24966]: gold_parent_idx=40, gold_msg_idx=993, C=49, msg_i_idx=1002, candidate_range=[953, 1001]
2026-05-18 21:20:20,606 - data_loader - INFO -   LABEL CHECK [2008-04-30.train-a sample #24967]: gold_parent_idx=41, gold_msg_idx=995, C=49, msg_i_idx=1003, candidate_range=[954, 1002]
2026-05-18 21:20:20,714 - data_loader - INFO -   Created 579 samples for 2008-04-30.train-a
2026-05-18 21:20:20,714 - data_loader - INFO -   File 71/153: 2008-04-30.train-a - 1699 messages, 25544 total samples so far
2026-05-18 21:20:20,714 - data_loader - INFO - Loading conversation from /home/s4901673/workspace/irc-disentanglement-bert-pytorch/data/train/2008-05-24.train-c.ascii.txt
2026-05-18 21:20:20,715 - data_loader - INFO -   Read 1500 lines from ASCII file
2026-05-18 21:20:20,719 - data_loader - INFO -   Parsed 1500 messages, found 147 unique users
2026-05-18 21:20:21,083 - data_loader - INFO -   Loaded 500 gold links from annotation file
2026-05-18 21:20:21,083 - data_loader - INFO -   Conversation '2008-05-24.train-c' loaded in 0.37s
2026-05-18 21:20:21,084 - data_loader - INFO -   Creating samples for 2008-05-24.train-c: messages 0 to 1500 (limited)
2026-05-18 21:20:21,091 - data_loader - INFO -   LABEL CHECK [2008-05-24.train-c sample #25544]: gold_parent_idx=45, gold_msg_idx=996, C=49, msg_i_idx=1000, candidate_range=[951, 999]
2026-05-18 21:20:21,091 - data_loader - INFO -   LABEL CHECK [2008-05-24.train-c sample #25545]: gold_parent_idx=48, gold_msg_idx=1000, C=49, msg_i_idx=1001, candidate_range=[952, 1000]
2026-05-18 21:20:21,091 - data_loader - INFO -   LABEL CHECK [2008-05-24.train-c sample #25546]: gold_parent_idx=48, gold_msg_idx=1001, C=49, msg_i_idx=1002, candidate_range=[953, 1001]
2026-05-18 21:20:21,169 - data_loader - INFO -   Created 399 samples for 2008-05-24.train-c
2026-05-18 21:20:21,169 - data_loader - INFO -   File 72/153: 2008-05-24.train-c - 1500 messages, 25943 total samples so far
2026-05-18 21:20:21,169 - data_loader - INFO - Loading conversation from /home/s4901673/workspace/irc-disentanglement-bert-pytorch/data/train/2008-06-03.train-a.ascii.txt
2026-05-18 21:20:21,171 - data_loader - INFO -   Read 1436 lines from ASCII file
2026-05-18 21:20:21,175 - data_loader - INFO -   Parsed 1436 messages, found 140 unique users
2026-05-18 21:20:21,544 - data_loader - INFO -   Loaded 436 gold links from annotation file
2026-05-18 21:20:21,544 - data_loader - INFO -   Conversation '2008-06-03.train-a' loaded in 0.37s
2026-05-18 21:20:21,544 - data_loader - INFO -   Creating samples for 2008-06-03.train-a: messages 0 to 1436 (limited)
2026-05-18 21:20:21,552 - data_loader - INFO -   LABEL CHECK [2008-06-03.train-a sample #25943]: gold_parent_idx=44, gold_msg_idx=995, C=49, msg_i_idx=1000, candidate_range=[951, 999]
2026-05-18 21:20:21,552 - data_loader - INFO -   LABEL CHECK [2008-06-03.train-a sample #25944]: gold_parent_idx=47, gold_msg_idx=1000, C=48, msg_i_idx=1002, candidate_range=[953, 1000]
2026-05-18 21:20:21,553 - data_loader - INFO -   LABEL CHECK [2008-06-03.train-a sample #25945]: gold_parent_idx=32, gold_msg_idx=986, C=48, msg_i_idx=1003, candidate_range=[954, 1002]
2026-05-18 21:20:21,626 - data_loader - INFO -   Created 375 samples for 2008-06-03.train-a
2026-05-18 21:20:21,626 - data_loader - INFO -   File 73/153: 2008-06-03.train-a - 1436 messages, 26318 total samples so far
2026-05-18 21:20:21,626 - data_loader - INFO - Loading conversation from /home/s4901673/workspace/irc-disentanglement-bert-pytorch/data/train/2008-07-03.train-c.ascii.txt
2026-05-18 21:20:21,628 - data_loader - INFO -   Read 1500 lines from ASCII file
2026-05-18 21:20:21,633 - data_loader - INFO -   Parsed 1500 messages, found 154 unique users
2026-05-18 21:20:22,019 - data_loader - INFO -   Loaded 500 gold links from annotation file
2026-05-18 21:20:22,019 - data_loader - INFO -   Conversation '2008-07-03.train-c' loaded in 0.39s
2026-05-18 21:20:22,020 - data_loader - INFO -   Creating samples for 2008-07-03.train-c: messages 0 to 1500 (limited)
2026-05-18 21:20:22,026 - data_loader - INFO -   LABEL CHECK [2008-07-03.train-c sample #26318]: gold_parent_idx=43, gold_msg_idx=994, C=48, msg_i_idx=1000, candidate_range=[951, 999]
2026-05-18 21:20:22,027 - data_loader - INFO -   LABEL CHECK [2008-07-03.train-c sample #26319]: gold_parent_idx=47, gold_msg_idx=1001, C=48, msg_i_idx=1002, candidate_range=[953, 1001]
2026-05-18 21:20:22,027 - data_loader - INFO -   LABEL CHECK [2008-07-03.train-c sample #26320]: gold_parent_idx=47, gold_msg_idx=1002, C=48, msg_i_idx=1003, candidate_range=[954, 1002]
2026-05-18 21:20:22,104 - data_loader - INFO -   Created 399 samples for 2008-07-03.train-c
2026-05-18 21:20:22,104 - data_loader - INFO -   File 74/153: 2008-07-03.train-c - 1500 messages, 26717 total samples so far
2026-05-18 21:20:22,104 - data_loader - INFO - Loading conversation from /home/s4901673/workspace/irc-disentanglement-bert-pytorch/data/train/2008-10-02.train-c.ascii.txt
2026-05-18 21:20:22,106 - data_loader - INFO -   Read 1500 lines from ASCII file
2026-05-18 21:20:22,110 - data_loader - INFO -   Parsed 1500 messages, found 156 unique users
2026-05-18 21:20:22,504 - data_loader - INFO -   Loaded 500 gold links from annotation file
2026-05-18 21:20:22,505 - data_loader - INFO -   Conversation '2008-10-02.train-c' loaded in 0.40s
2026-05-18 21:20:22,505 - data_loader - INFO -   Creating samples for 2008-10-02.train-c: messages 0 to 1500 (limited)
2026-05-18 21:20:22,512 - data_loader - INFO -   LABEL CHECK [2008-10-02.train-c sample #26717]: gold_parent_idx=40, gold_msg_idx=992, C=49, msg_i_idx=1001, candidate_range=[952, 1000]
2026-05-18 21:20:22,512 - data_loader - INFO -   LABEL CHECK [2008-10-02.train-c sample #26718]: gold_parent_idx=48, gold_msg_idx=1001, C=49, msg_i_idx=1002, candidate_range=[953, 1001]
2026-05-18 21:20:22,512 - data_loader - INFO -   LABEL CHECK [2008-10-02.train-c sample #26719]: gold_parent_idx=45, gold_msg_idx=1002, C=49, msg_i_idx=1006, candidate_range=[957, 1005]
2026-05-18 21:20:22,590 - data_loader - INFO -   Created 398 samples for 2008-10-02.train-c
2026-05-18 21:20:22,590 - data_loader - INFO -   File 75/153: 2008-10-02.train-c - 1500 messages, 27115 total samples so far
2026-05-18 21:20:22,590 - data_loader - INFO - Loading conversation from /home/s4901673/workspace/irc-disentanglement-bert-pytorch/data/train/2009-01-05.train-a.ascii.txt
2026-05-18 21:20:22,592 - data_loader - INFO -   Read 1312 lines from ASCII file
2026-05-18 21:20:22,595 - data_loader - INFO -   Parsed 1312 messages, found 126 unique users
2026-05-18 21:20:22,901 - data_loader - INFO -   Loaded 312 gold links from annotation file
2026-05-18 21:20:22,901 - data_loader - INFO -   Conversation '2009-01-05.train-a' loaded in 0.31s
2026-05-18 21:20:22,902 - data_loader - INFO -   Creating samples for 2009-01-05.train-a: messages 0 to 1312 (limited)
2026-05-18 21:20:22,909 - data_loader - INFO -   LABEL CHECK [2009-01-05.train-a sample #27115]: gold_parent_idx=39, gold_msg_idx=990, C=48, msg_i_idx=1000, candidate_range=[951, 999]
2026-05-18 21:20:22,909 - data_loader - INFO -   LABEL CHECK [2009-01-05.train-a sample #27116]: gold_parent_idx=45, gold_msg_idx=998, C=48, msg_i_idx=1001, candidate_range=[952, 1000]
2026-05-18 21:20:22,909 - data_loader - INFO -   LABEL CHECK [2009-01-05.train-a sample #27117]: gold_parent_idx=44, gold_msg_idx=998, C=48, msg_i_idx=1002, candidate_range=[953, 1001]
2026-05-18 21:20:22,962 - data_loader - INFO -   Created 261 samples for 2009-01-05.train-a
2026-05-18 21:20:22,962 - data_loader - INFO -   File 76/153: 2009-01-05.train-a - 1312 messages, 27376 total samples so far
2026-05-18 21:20:22,962 - data_loader - INFO - Loading conversation from /home/s4901673/workspace/irc-disentanglement-bert-pytorch/data/train/2009-03-25.train-a.ascii.txt
2026-05-18 21:20:22,963 - data_loader - INFO -   Read 1350 lines from ASCII file
2026-05-18 21:20:22,967 - data_loader - INFO -   Parsed 1350 messages, found 163 unique users
2026-05-18 21:20:23,322 - data_loader - INFO -   Loaded 350 gold links from annotation file
2026-05-18 21:20:23,323 - data_loader - INFO -   Conversation '2009-03-25.train-a' loaded in 0.36s
2026-05-18 21:20:23,323 - data_loader - INFO -   Creating samples for 2009-03-25.train-a: messages 0 to 1350 (limited)
2026-05-18 21:20:23,329 - data_loader - INFO -   LABEL CHECK [2009-03-25.train-a sample #27376]: gold_parent_idx=37, gold_msg_idx=989, C=46, msg_i_idx=1000, candidate_range=[951, 998]
2026-05-18 21:20:23,330 - data_loader - INFO -   LABEL CHECK [2009-03-25.train-a sample #27377]: gold_parent_idx=45, gold_msg_idx=1002, C=46, msg_i_idx=1003, candidate_range=[954, 1002]
2026-05-18 21:20:23,330 - data_loader - INFO -   LABEL CHECK [2009-03-25.train-a sample #27378]: gold_parent_idx=43, gold_msg_idx=1001, C=46, msg_i_idx=1004, candidate_range=[955, 1003]
2026-05-18 21:20:23,383 - data_loader - INFO -   Created 305 samples for 2009-03-25.train-a
2026-05-18 21:20:23,383 - data_loader - INFO -   File 77/153: 2009-03-25.train-a - 1350 messages, 27681 total samples so far
2026-05-18 21:20:23,384 - data_loader - INFO - Loading conversation from /home/s4901673/workspace/irc-disentanglement-bert-pytorch/data/train/2009-05-04.train-c.ascii.txt
2026-05-18 21:20:23,385 - data_loader - INFO -   Read 1500 lines from ASCII file
2026-05-18 21:20:23,389 - data_loader - INFO -   Parsed 1500 messages, found 157 unique users
2026-05-18 21:20:23,821 - data_loader - INFO -   Loaded 500 gold links from annotation file
2026-05-18 21:20:23,821 - data_loader - INFO -   Conversation '2009-05-04.train-c' loaded in 0.44s
2026-05-18 21:20:23,821 - data_loader - INFO -   Creating samples for 2009-05-04.train-c: messages 0 to 1500 (limited)
2026-05-18 21:20:23,828 - data_loader - INFO -   LABEL CHECK [2009-05-04.train-c sample #27681]: gold_parent_idx=36, gold_msg_idx=988, C=49, msg_i_idx=1001, candidate_range=[952, 1000]
2026-05-18 21:20:23,828 - data_loader - INFO -   LABEL CHECK [2009-05-04.train-c sample #27682]: gold_parent_idx=40, gold_msg_idx=993, C=49, msg_i_idx=1002, candidate_range=[953, 1001]
2026-05-18 21:20:23,828 - data_loader - INFO -   LABEL CHECK [2009-05-04.train-c sample #27683]: gold_parent_idx=43, gold_msg_idx=997, C=49, msg_i_idx=1003, candidate_range=[954, 1002]
2026-05-18 21:20:23,896 - data_loader - INFO -   Created 365 samples for 2009-05-04.train-c
2026-05-18 21:20:23,896 - data_loader - INFO -   File 78/153: 2009-05-04.train-c - 1500 messages, 28046 total samples so far
2026-05-18 21:20:23,896 - data_loader - INFO - Loading conversation from /home/s4901673/workspace/irc-disentanglement-bert-pytorch/data/train/2009-05-08.train-c.ascii.txt
2026-05-18 21:20:23,898 - data_loader - INFO -   Read 1500 lines from ASCII file
2026-05-18 21:20:23,902 - data_loader - INFO -   Parsed 1500 messages, found 154 unique users
2026-05-18 21:20:24,324 - data_loader - INFO -   Loaded 500 gold links from annotation file
2026-05-18 21:20:24,324 - data_loader - INFO -   Conversation '2009-05-08.train-c' loaded in 0.43s
2026-05-18 21:20:24,324 - data_loader - INFO -   Creating samples for 2009-05-08.train-c: messages 0 to 1500 (limited)
2026-05-18 21:20:24,332 - data_loader - INFO -   LABEL CHECK [2009-05-08.train-c sample #28046]: gold_parent_idx=38, gold_msg_idx=994, C=45, msg_i_idx=1002, candidate_range=[953, 1001]
2026-05-18 21:20:24,333 - data_loader - INFO -   LABEL CHECK [2009-05-08.train-c sample #28047]: gold_parent_idx=42, gold_msg_idx=1002, C=43, msg_i_idx=1005, candidate_range=[956, 1002]
2026-05-18 21:20:24,333 - data_loader - INFO -   LABEL CHECK [2009-05-08.train-c sample #28048]: gold_parent_idx=28, gold_msg_idx=990, C=42, msg_i_idx=1008, candidate_range=[959, 1007]
2026-05-18 21:20:24,422 - data_loader - INFO -   Created 415 samples for 2009-05-08.train-c
2026-05-18 21:20:24,422 - data_loader - INFO -   File 79/153: 2009-05-08.train-c - 1500 messages, 28461 total samples so far
2026-05-18 21:20:24,422 - data_loader - INFO - Loading conversation from /home/s4901673/workspace/irc-disentanglement-bert-pytorch/data/train/2009-07-02.train-c.ascii.txt
2026-05-18 21:20:24,424 - data_loader - INFO -   Read 1500 lines from ASCII file
2026-05-18 21:20:24,429 - data_loader - INFO -   Parsed 1500 messages, found 156 unique users
2026-05-18 21:20:24,848 - data_loader - INFO -   Loaded 500 gold links from annotation file
2026-05-18 21:20:24,848 - data_loader - INFO -   Conversation '2009-07-02.train-c' loaded in 0.43s
2026-05-18 21:20:24,848 - data_loader - INFO -   Creating samples for 2009-07-02.train-c: messages 0 to 1500 (limited)
2026-05-18 21:20:24,855 - data_loader - INFO -   LABEL CHECK [2009-07-02.train-c sample #28461]: gold_parent_idx=45, gold_msg_idx=996, C=49, msg_i_idx=1000, candidate_range=[951, 999]
2026-05-18 21:20:24,855 - data_loader - INFO -   LABEL CHECK [2009-07-02.train-c sample #28462]: gold_parent_idx=18, gold_msg_idx=970, C=49, msg_i_idx=1001, candidate_range=[952, 1000]
2026-05-18 21:20:24,856 - data_loader - INFO -   LABEL CHECK [2009-07-02.train-c sample #28463]: gold_parent_idx=37, gold_msg_idx=991, C=49, msg_i_idx=1003, candidate_range=[954, 1002]
2026-05-18 21:20:24,948 - data_loader - INFO -   Created 414 samples for 2009-07-02.train-c
2026-05-18 21:20:24,948 - data_loader - INFO -   File 80/153: 2009-07-02.train-c - 1500 messages, 28875 total samples so far
2026-05-18 21:20:24,948 - data_loader - INFO - Loading conversation from /home/s4901673/workspace/irc-disentanglement-bert-pytorch/data/train/2009-11-13.train-c.ascii.txt
2026-05-18 21:20:24,950 - data_loader - INFO -   Read 1500 lines from ASCII file
2026-05-18 21:20:24,954 - data_loader - INFO -   Parsed 1500 messages, found 182 unique users
2026-05-18 21:20:25,394 - data_loader - INFO -   Loaded 500 gold links from annotation file
2026-05-18 21:20:25,394 - data_loader - INFO -   Conversation '2009-11-13.train-c' loaded in 0.45s
2026-05-18 21:20:25,394 - data_loader - INFO -   Creating samples for 2009-11-13.train-c: messages 0 to 1500 (limited)
2026-05-18 21:20:25,401 - data_loader - INFO -   LABEL CHECK [2009-11-13.train-c sample #28875]: gold_parent_idx=43, gold_msg_idx=995, C=48, msg_i_idx=1000, candidate_range=[951, 999]
2026-05-18 21:20:25,401 - data_loader - INFO -   LABEL CHECK [2009-11-13.train-c sample #28876]: gold_parent_idx=47, gold_msg_idx=1000, C=48, msg_i_idx=1001, candidate_range=[952, 1000]
2026-05-18 21:20:25,402 - data_loader - INFO -   LABEL CHECK [2009-11-13.train-c sample #28877]: gold_parent_idx=47, gold_msg_idx=1005, C=49, msg_i_idx=1007, candidate_range=[958, 1006]
2026-05-18 21:20:25,479 - data_loader - INFO -   Created 396 samples for 2009-11-13.train-c
2026-05-18 21:20:25,479 - data_loader - INFO -   File 81/153: 2009-11-13.train-c - 1500 messages, 29271 total samples so far
2026-05-18 21:20:25,479 - data_loader - INFO - Loading conversation from /home/s4901673/workspace/irc-disentanglement-bert-pytorch/data/train/2009-12-05.train-c.ascii.txt
2026-05-18 21:20:25,481 - data_loader - INFO -   Read 1500 lines from ASCII file
2026-05-18 21:20:25,485 - data_loader - INFO -   Parsed 1500 messages, found 169 unique users
2026-05-18 21:20:25,913 - data_loader - INFO -   Loaded 500 gold links from annotation file
2026-05-18 21:20:25,913 - data_loader - INFO -   Conversation '2009-12-05.train-c' loaded in 0.43s
2026-05-18 21:20:25,913 - data_loader - INFO -   Creating samples for 2009-12-05.train-c: messages 0 to 1500 (limited)
2026-05-18 21:20:25,921 - data_loader - INFO -   LABEL CHECK [2009-12-05.train-c sample #29271]: gold_parent_idx=44, gold_msg_idx=999, C=45, msg_i_idx=1000, candidate_range=[951, 999]
2026-05-18 21:20:25,921 - data_loader - INFO -   LABEL CHECK [2009-12-05.train-c sample #29272]: gold_parent_idx=37, gold_msg_idx=993, C=45, msg_i_idx=1001, candidate_range=[952, 1000]
2026-05-18 21:20:25,921 - data_loader - INFO -   LABEL CHECK [2009-12-05.train-c sample #29273]: gold_parent_idx=44, gold_msg_idx=1002, C=45, msg_i_idx=1003, candidate_range=[954, 1002]
2026-05-18 21:20:25,994 - data_loader - INFO -   Created 418 samples for 2009-12-05.train-c
2026-05-18 21:20:25,994 - data_loader - INFO -   File 82/153: 2009-12-05.train-c - 1500 messages, 29689 total samples so far
2026-05-18 21:20:25,994 - data_loader - INFO - Loading conversation from /home/s4901673/workspace/irc-disentanglement-bert-pytorch/data/train/2010-01-04.train-c.ascii.txt
2026-05-18 21:20:25,997 - data_loader - INFO -   Read 1500 lines from ASCII file
2026-05-18 21:20:26,000 - data_loader - INFO -   Parsed 1500 messages, found 191 unique users
2026-05-18 21:20:26,490 - data_loader - INFO -   Loaded 500 gold links from annotation file
2026-05-18 21:20:26,491 - data_loader - INFO -   Conversation '2010-01-04.train-c' loaded in 0.50s
2026-05-18 21:20:26,491 - data_loader - INFO -   Creating samples for 2010-01-04.train-c: messages 0 to 1500 (limited)
2026-05-18 21:20:26,498 - data_loader - INFO -   LABEL CHECK [2010-01-04.train-c sample #29689]: gold_parent_idx=47, gold_msg_idx=1000, C=48, msg_i_idx=1001, candidate_range=[952, 1000]
2026-05-18 21:20:26,498 - data_loader - INFO -   LABEL CHECK [2010-01-04.train-c sample #29690]: gold_parent_idx=46, gold_msg_idx=1000, C=48, msg_i_idx=1002, candidate_range=[953, 1001]
2026-05-18 21:20:26,499 - data_loader - INFO -   LABEL CHECK [2010-01-04.train-c sample #29691]: gold_parent_idx=45, gold_msg_idx=1000, C=48, msg_i_idx=1003, candidate_range=[954, 1002]
2026-05-18 21:20:26,584 - data_loader - INFO -   Created 388 samples for 2010-01-04.train-c
2026-05-18 21:20:26,584 - data_loader - INFO -   File 83/153: 2010-01-04.train-c - 1500 messages, 30077 total samples so far
2026-05-18 21:20:26,584 - data_loader - INFO - Loading conversation from /home/s4901673/workspace/irc-disentanglement-bert-pytorch/data/train/2010-02-13.train-a.ascii.txt
2026-05-18 21:20:26,585 - data_loader - INFO -   Read 1318 lines from ASCII file
2026-05-18 21:20:26,590 - data_loader - INFO -   Parsed 1318 messages, found 141 unique users
2026-05-18 21:20:26,924 - data_loader - INFO -   Loaded 318 gold links from annotation file
2026-05-18 21:20:26,925 - data_loader - INFO -   Conversation '2010-02-13.train-a' loaded in 0.34s
2026-05-18 21:20:26,925 - data_loader - INFO -   Creating samples for 2010-02-13.train-a: messages 0 to 1318 (limited)
2026-05-18 21:20:26,931 - data_loader - INFO -   LABEL CHECK [2010-02-13.train-a sample #30077]: gold_parent_idx=48, gold_msg_idx=999, C=49, msg_i_idx=1000, candidate_range=[951, 999]
2026-05-18 21:20:26,931 - data_loader - INFO -   LABEL CHECK [2010-02-13.train-a sample #30078]: gold_parent_idx=38, gold_msg_idx=990, C=49, msg_i_idx=1001, candidate_range=[952, 1000]
2026-05-18 21:20:26,932 - data_loader - INFO -   LABEL CHECK [2010-02-13.train-a sample #30079]: gold_parent_idx=39, gold_msg_idx=992, C=49, msg_i_idx=1002, candidate_range=[953, 1001]
2026-05-18 21:20:26,980 - data_loader - INFO -   Created 267 samples for 2010-02-13.train-a
2026-05-18 21:20:26,980 - data_loader - INFO -   File 84/153: 2010-02-13.train-a - 1318 messages, 30344 total samples so far
2026-05-18 21:20:26,980 - data_loader - INFO - Loading conversation from /home/s4901673/workspace/irc-disentanglement-bert-pytorch/data/train/2010-03-08.train-c.ascii.txt
2026-05-18 21:20:26,982 - data_loader - INFO -   Read 1500 lines from ASCII file
2026-05-18 21:20:26,986 - data_loader - INFO -   Parsed 1500 messages, found 237 unique users
2026-05-18 21:20:27,581 - data_loader - INFO -   Loaded 500 gold links from annotation file
2026-05-18 21:20:27,581 - data_loader - INFO -   Conversation '2010-03-08.train-c' loaded in 0.60s
2026-05-18 21:20:27,581 - data_loader - INFO -   Creating samples for 2010-03-08.train-c: messages 0 to 1500 (limited)
2026-05-18 21:20:27,588 - data_loader - INFO -   LABEL CHECK [2010-03-08.train-c sample #30344]: gold_parent_idx=48, gold_msg_idx=999, C=49, msg_i_idx=1000, candidate_range=[951, 999]
2026-05-18 21:20:27,588 - data_loader - INFO -   LABEL CHECK [2010-03-08.train-c sample #30345]: gold_parent_idx=42, gold_msg_idx=996, C=49, msg_i_idx=1003, candidate_range=[954, 1002]
2026-05-18 21:20:27,588 - data_loader - INFO -   LABEL CHECK [2010-03-08.train-c sample #30346]: gold_parent_idx=48, gold_msg_idx=1009, C=49, msg_i_idx=1010, candidate_range=[961, 1009]
2026-05-18 21:20:28,013 - data_loader - INFO -   Created 387 samples for 2010-03-08.train-c
2026-05-18 21:20:28,013 - data_loader - INFO -   File 85/153: 2010-03-08.train-c - 1500 messages, 30731 total samples so far
2026-05-18 21:20:28,013 - data_loader - INFO - Loading conversation from /home/s4901673/workspace/irc-disentanglement-bert-pytorch/data/train/2010-03-20.train-c.ascii.txt
2026-05-18 21:20:28,015 - data_loader - INFO -   Read 1500 lines from ASCII file
2026-05-18 21:20:28,019 - data_loader - INFO -   Parsed 1500 messages, found 177 unique users
2026-05-18 21:20:28,491 - data_loader - INFO -   Loaded 500 gold links from annotation file
2026-05-18 21:20:28,491 - data_loader - INFO -   Conversation '2010-03-20.train-c' loaded in 0.48s
2026-05-18 21:20:28,491 - data_loader - INFO -   Creating samples for 2010-03-20.train-c: messages 0 to 1500 (limited)
2026-05-18 21:20:28,497 - data_loader - INFO -   LABEL CHECK [2010-03-20.train-c sample #30731]: gold_parent_idx=35, gold_msg_idx=989, C=47, msg_i_idx=1001, candidate_range=[953, 1000]
2026-05-18 21:20:28,498 - data_loader - INFO -   LABEL CHECK [2010-03-20.train-c sample #30732]: gold_parent_idx=39, gold_msg_idx=993, C=48, msg_i_idx=1002, candidate_range=[953, 1001]
2026-05-18 21:20:28,498 - data_loader - INFO -   LABEL CHECK [2010-03-20.train-c sample #30733]: gold_parent_idx=38, gold_msg_idx=993, C=48, msg_i_idx=1003, candidate_range=[954, 1002]
2026-05-18 21:20:28,574 - data_loader - INFO -   Created 393 samples for 2010-03-20.train-c
2026-05-18 21:20:28,574 - data_loader - INFO -   File 86/153: 2010-03-20.train-c - 1500 messages, 31124 total samples so far
2026-05-18 21:20:28,574 - data_loader - INFO - Loading conversation from /home/s4901673/workspace/irc-disentanglement-bert-pytorch/data/train/2010-04-12.train-c.ascii.txt
2026-05-18 21:20:28,576 - data_loader - INFO -   Read 1500 lines from ASCII file
2026-05-18 21:20:28,580 - data_loader - INFO -   Parsed 1500 messages, found 162 unique users
2026-05-18 21:20:28,979 - data_loader - INFO -   Loaded 500 gold links from annotation file
2026-05-18 21:20:28,980 - data_loader - INFO -   Conversation '2010-04-12.train-c' loaded in 0.41s
2026-05-18 21:20:28,980 - data_loader - INFO -   Creating samples for 2010-04-12.train-c: messages 0 to 1500 (limited)
2026-05-18 21:20:28,986 - data_loader - INFO -   LABEL CHECK [2010-04-12.train-c sample #31124]: gold_parent_idx=48, gold_msg_idx=1000, C=49, msg_i_idx=1001, candidate_range=[952, 1000]
2026-05-18 21:20:28,987 - data_loader - INFO -   LABEL CHECK [2010-04-12.train-c sample #31125]: gold_parent_idx=42, gold_msg_idx=997, C=49, msg_i_idx=1004, candidate_range=[955, 1003]
2026-05-18 21:20:28,987 - data_loader - INFO -   LABEL CHECK [2010-04-12.train-c sample #31126]: gold_parent_idx=43, gold_msg_idx=999, C=49, msg_i_idx=1005, candidate_range=[956, 1004]
2026-05-18 21:20:29,060 - data_loader - INFO -   Created 414 samples for 2010-04-12.train-c
2026-05-18 21:20:29,061 - data_loader - INFO -   File 87/153: 2010-04-12.train-c - 1500 messages, 31538 total samples so far
2026-05-18 21:20:29,061 - data_loader - INFO - Loading conversation from /home/s4901673/workspace/irc-disentanglement-bert-pytorch/data/train/2010-05-30.train-c.ascii.txt
2026-05-18 21:20:29,062 - data_loader - INFO -   Read 1500 lines from ASCII file
2026-05-18 21:20:29,066 - data_loader - INFO -   Parsed 1500 messages, found 196 unique users
2026-05-18 21:20:29,581 - data_loader - INFO -   Loaded 500 gold links from annotation file
2026-05-18 21:20:29,581 - data_loader - INFO -   Conversation '2010-05-30.train-c' loaded in 0.52s
2026-05-18 21:20:29,581 - data_loader - INFO -   Creating samples for 2010-05-30.train-c: messages 0 to 1500 (limited)
2026-05-18 21:20:29,588 - data_loader - INFO -   LABEL CHECK [2010-05-30.train-c sample #31538]: gold_parent_idx=48, gold_msg_idx=999, C=49, msg_i_idx=1000, candidate_range=[951, 999]
2026-05-18 21:20:29,588 - data_loader - INFO -   LABEL CHECK [2010-05-30.train-c sample #31539]: gold_parent_idx=48, gold_msg_idx=1000, C=49, msg_i_idx=1001, candidate_range=[952, 1000]
2026-05-18 21:20:29,588 - data_loader - INFO -   LABEL CHECK [2010-05-30.train-c sample #31540]: gold_parent_idx=43, gold_msg_idx=996, C=49, msg_i_idx=1002, candidate_range=[953, 1001]
2026-05-18 21:20:29,664 - data_loader - INFO -   Created 379 samples for 2010-05-30.train-c
2026-05-18 21:20:29,664 - data_loader - INFO -   File 88/153: 2010-05-30.train-c - 1500 messages, 31917 total samples so far
2026-05-18 21:20:29,664 - data_loader - INFO - Loading conversation from /home/s4901673/workspace/irc-disentanglement-bert-pytorch/data/train/2010-06-21.train-c.ascii.txt
2026-05-18 21:20:29,666 - data_loader - INFO -   Read 1500 lines from ASCII file
2026-05-18 21:20:29,670 - data_loader - INFO -   Parsed 1500 messages, found 120 unique users
2026-05-18 21:20:29,971 - data_loader - INFO -   Loaded 500 gold links from annotation file
2026-05-18 21:20:29,971 - data_loader - INFO -   Conversation '2010-06-21.train-c' loaded in 0.31s
2026-05-18 21:20:29,971 - data_loader - INFO -   Creating samples for 2010-06-21.train-c: messages 0 to 1500 (limited)
2026-05-18 21:20:29,978 - data_loader - INFO -   LABEL CHECK [2010-06-21.train-c sample #31917]: gold_parent_idx=48, gold_msg_idx=999, C=49, msg_i_idx=1000, candidate_range=[951, 999]
2026-05-18 21:20:29,978 - data_loader - INFO -   LABEL CHECK [2010-06-21.train-c sample #31918]: gold_parent_idx=43, gold_msg_idx=995, C=49, msg_i_idx=1001, candidate_range=[952, 1000]
2026-05-18 21:20:29,978 - data_loader - INFO -   LABEL CHECK [2010-06-21.train-c sample #31919]: gold_parent_idx=47, gold_msg_idx=1000, C=49, msg_i_idx=1002, candidate_range=[953, 1001]
2026-05-18 21:20:30,058 - data_loader - INFO -   Created 445 samples for 2010-06-21.train-c
2026-05-18 21:20:30,058 - data_loader - INFO -   File 89/153: 2010-06-21.train-c - 1500 messages, 32362 total samples so far
2026-05-18 21:20:30,058 - data_loader - INFO - Loading conversation from /home/s4901673/workspace/irc-disentanglement-bert-pytorch/data/train/2010-08-05.train-a.ascii.txt
2026-05-18 21:20:30,060 - data_loader - INFO -   Read 1279 lines from ASCII file
2026-05-18 21:20:30,063 - data_loader - INFO -   Parsed 1279 messages, found 152 unique users
2026-05-18 21:20:30,405 - data_loader - INFO -   Loaded 279 gold links from annotation file
2026-05-18 21:20:30,405 - data_loader - INFO -   Conversation '2010-08-05.train-a' loaded in 0.35s
2026-05-18 21:20:30,406 - data_loader - INFO -   Creating samples for 2010-08-05.train-a: messages 0 to 1279 (limited)
2026-05-18 21:20:30,412 - data_loader - INFO -   LABEL CHECK [2010-08-05.train-a sample #32362]: gold_parent_idx=47, gold_msg_idx=998, C=49, msg_i_idx=1000, candidate_range=[951, 999]
2026-05-18 21:20:30,413 - data_loader - INFO -   LABEL CHECK [2010-08-05.train-a sample #32363]: gold_parent_idx=48, gold_msg_idx=1000, C=49, msg_i_idx=1001, candidate_range=[952, 1000]
2026-05-18 21:20:30,413 - data_loader - INFO -   LABEL CHECK [2010-08-05.train-a sample #32364]: gold_parent_idx=47, gold_msg_idx=1005, C=49, msg_i_idx=1007, candidate_range=[958, 1006]
2026-05-18 21:20:30,456 - data_loader - INFO -   Created 223 samples for 2010-08-05.train-a
2026-05-18 21:20:30,456 - data_loader - INFO -   File 90/153: 2010-08-05.train-a - 1279 messages, 32585 total samples so far
2026-05-18 21:20:30,456 - data_loader - INFO - Loading conversation from /home/s4901673/workspace/irc-disentanglement-bert-pytorch/data/train/2010-08-15.train-c.ascii.txt
2026-05-18 21:20:30,458 - data_loader - INFO -   Read 1500 lines from ASCII file
2026-05-18 21:20:30,462 - data_loader - INFO -   Parsed 1500 messages, found 139 unique users
2026-05-18 21:20:30,836 - data_loader - INFO -   Loaded 500 gold links from annotation file
2026-05-18 21:20:30,836 - data_loader - INFO -   Conversation '2010-08-15.train-c' loaded in 0.38s
2026-05-18 21:20:30,837 - data_loader - INFO -   Creating samples for 2010-08-15.train-c: messages 0 to 1500 (limited)
2026-05-18 21:20:30,843 - data_loader - INFO -   LABEL CHECK [2010-08-15.train-c sample #32585]: gold_parent_idx=47, gold_msg_idx=999, C=49, msg_i_idx=1001, candidate_range=[952, 1000]
2026-05-18 21:20:30,844 - data_loader - INFO -   LABEL CHECK [2010-08-15.train-c sample #32586]: gold_parent_idx=47, gold_msg_idx=1000, C=49, msg_i_idx=1002, candidate_range=[953, 1001]
2026-05-18 21:20:30,844 - data_loader - INFO -   LABEL CHECK [2010-08-15.train-c sample #32587]: gold_parent_idx=48, gold_msg_idx=1002, C=49, msg_i_idx=1003, candidate_range=[954, 1002]
2026-05-18 21:20:30,929 - data_loader - INFO -   Created 415 samples for 2010-08-15.train-c
2026-05-18 21:20:30,929 - data_loader - INFO -   File 91/153: 2010-08-15.train-c - 1500 messages, 33000 total samples so far
2026-05-18 21:20:30,929 - data_loader - INFO - Loading conversation from /home/s4901673/workspace/irc-disentanglement-bert-pytorch/data/train/2010-08-29.train-a.ascii.txt
2026-05-18 21:20:30,931 - data_loader - INFO -   Read 1428 lines from ASCII file
2026-05-18 21:20:30,935 - data_loader - INFO -   Parsed 1428 messages, found 171 unique users
2026-05-18 21:20:31,408 - data_loader - INFO -   Loaded 428 gold links from annotation file
2026-05-18 21:20:31,408 - data_loader - INFO -   Conversation '2010-08-29.train-a' loaded in 0.48s
2026-05-18 21:20:31,408 - data_loader - INFO -   Creating samples for 2010-08-29.train-a: messages 0 to 1428 (limited)
2026-05-18 21:20:31,415 - data_loader - INFO -   LABEL CHECK [2010-08-29.train-a sample #33000]: gold_parent_idx=42, gold_msg_idx=993, C=49, msg_i_idx=1000, candidate_range=[951, 999]
2026-05-18 21:20:31,415 - data_loader - INFO -   LABEL CHECK [2010-08-29.train-a sample #33001]: gold_parent_idx=42, gold_msg_idx=995, C=49, msg_i_idx=1002, candidate_range=[953, 1001]
2026-05-18 21:20:31,415 - data_loader - INFO -   LABEL CHECK [2010-08-29.train-a sample #33002]: gold_parent_idx=37, gold_msg_idx=991, C=49, msg_i_idx=1003, candidate_range=[954, 1002]
2026-05-18 21:20:31,507 - data_loader - INFO -   Created 370 samples for 2010-08-29.train-a
2026-05-18 21:20:31,507 - data_loader - INFO -   File 92/153: 2010-08-29.train-a - 1428 messages, 33370 total samples so far
2026-05-18 21:20:31,507 - data_loader - INFO - Loading conversation from /home/s4901673/workspace/irc-disentanglement-bert-pytorch/data/train/2010-10-17.train-c.ascii.txt
2026-05-18 21:20:31,509 - data_loader - INFO -   Read 1500 lines from ASCII file
2026-05-18 21:20:31,513 - data_loader - INFO -   Parsed 1500 messages, found 119 unique users
2026-05-18 21:20:31,842 - data_loader - INFO -   Loaded 500 gold links from annotation file
2026-05-18 21:20:31,842 - data_loader - INFO -   Conversation '2010-10-17.train-c' loaded in 0.33s
2026-05-18 21:20:31,842 - data_loader - INFO -   Creating samples for 2010-10-17.train-c: messages 0 to 1500 (limited)
2026-05-18 21:20:31,848 - data_loader - INFO -   LABEL CHECK [2010-10-17.train-c sample #33370]: gold_parent_idx=42, gold_msg_idx=996, C=47, msg_i_idx=1001, candidate_range=[952, 1000]
2026-05-18 21:20:31,849 - data_loader - INFO -   LABEL CHECK [2010-10-17.train-c sample #33371]: gold_parent_idx=42, gold_msg_idx=997, C=47, msg_i_idx=1002, candidate_range=[953, 1001]
2026-05-18 21:20:31,849 - data_loader - INFO -   LABEL CHECK [2010-10-17.train-c sample #33372]: gold_parent_idx=44, gold_msg_idx=1002, C=46, msg_i_idx=1005, candidate_range=[956, 1004]
2026-05-18 21:20:31,943 - data_loader - INFO -   Created 402 samples for 2010-10-17.train-c
2026-05-18 21:20:31,943 - data_loader - INFO -   File 93/153: 2010-10-17.train-c - 1500 messages, 33772 total samples so far
2026-05-18 21:20:31,943 - data_loader - INFO - Loading conversation from /home/s4901673/workspace/irc-disentanglement-bert-pytorch/data/train/2010-10-27.train-c.ascii.txt
2026-05-18 21:20:31,945 - data_loader - INFO -   Read 1500 lines from ASCII file
2026-05-18 21:20:31,949 - data_loader - INFO -   Parsed 1500 messages, found 171 unique users
2026-05-18 21:20:32,397 - data_loader - INFO -   Loaded 500 gold links from annotation file
2026-05-18 21:20:32,397 - data_loader - INFO -   Conversation '2010-10-27.train-c' loaded in 0.45s
2026-05-18 21:20:32,398 - data_loader - INFO -   Creating samples for 2010-10-27.train-c: messages 0 to 1500 (limited)
2026-05-18 21:20:32,404 - data_loader - INFO -   LABEL CHECK [2010-10-27.train-c sample #33772]: gold_parent_idx=48, gold_msg_idx=1000, C=49, msg_i_idx=1001, candidate_range=[952, 1000]
2026-05-18 21:20:32,404 - data_loader - INFO -   LABEL CHECK [2010-10-27.train-c sample #33773]: gold_parent_idx=45, gold_msg_idx=998, C=49, msg_i_idx=1002, candidate_range=[953, 1001]
2026-05-18 21:20:32,405 - data_loader - INFO -   LABEL CHECK [2010-10-27.train-c sample #33774]: gold_parent_idx=47, gold_msg_idx=1001, C=49, msg_i_idx=1003, candidate_range=[954, 1002]
2026-05-18 21:20:32,485 - data_loader - INFO -   Created 419 samples for 2010-10-27.train-c
2026-05-18 21:20:32,485 - data_loader - INFO -   File 94/153: 2010-10-27.train-c - 1500 messages, 34191 total samples so far
2026-05-18 21:20:32,485 - data_loader - INFO - Loading conversation from /home/s4901673/workspace/irc-disentanglement-bert-pytorch/data/train/2011-02-13.train-c.ascii.txt
2026-05-18 21:20:32,487 - data_loader - INFO -   Read 1500 lines from ASCII file
2026-05-18 21:20:32,491 - data_loader - INFO -   Parsed 1500 messages, found 124 unique users
2026-05-18 21:20:32,834 - data_loader - INFO -   Loaded 500 gold links from annotation file
2026-05-18 21:20:32,834 - data_loader - INFO -   Conversation '2011-02-13.train-c' loaded in 0.35s
2026-05-18 21:20:32,834 - data_loader - INFO -   Creating samples for 2011-02-13.train-c: messages 0 to 1500 (limited)
2026-05-18 21:20:32,841 - data_loader - INFO -   LABEL CHECK [2011-02-13.train-c sample #34191]: gold_parent_idx=46, gold_msg_idx=1000, C=47, msg_i_idx=1001, candidate_range=[952, 1000]
2026-05-18 21:20:32,841 - data_loader - INFO -   LABEL CHECK [2011-02-13.train-c sample #34192]: gold_parent_idx=44, gold_msg_idx=999, C=47, msg_i_idx=1002, candidate_range=[953, 1001]
2026-05-18 21:20:32,842 - data_loader - INFO -   LABEL CHECK [2011-02-13.train-c sample #34193]: gold_parent_idx=37, gold_msg_idx=993, C=47, msg_i_idx=1003, candidate_range=[954, 1002]
2026-05-18 21:20:32,918 - data_loader - INFO -   Created 414 samples for 2011-02-13.train-c
2026-05-18 21:20:32,918 - data_loader - INFO -   File 95/153: 2011-02-13.train-c - 1500 messages, 34605 total samples so far
2026-05-18 21:20:32,918 - data_loader - INFO - Loading conversation from /home/s4901673/workspace/irc-disentanglement-bert-pytorch/data/train/2011-02-23.train-c.ascii.txt
2026-05-18 21:20:32,920 - data_loader - INFO -   Read 1500 lines from ASCII file
2026-05-18 21:20:32,924 - data_loader - INFO -   Parsed 1500 messages, found 199 unique users
2026-05-18 21:20:33,468 - data_loader - INFO -   Loaded 500 gold links from annotation file
2026-05-18 21:20:33,469 - data_loader - INFO -   Conversation '2011-02-23.train-c' loaded in 0.55s
2026-05-18 21:20:33,469 - data_loader - INFO -   Creating samples for 2011-02-23.train-c: messages 0 to 1500 (limited)
2026-05-18 21:20:33,476 - data_loader - INFO -   LABEL CHECK [2011-02-23.train-c sample #34605]: gold_parent_idx=37, gold_msg_idx=995, C=42, msg_i_idx=1000, candidate_range=[951, 999]
2026-05-18 21:20:33,476 - data_loader - INFO -   LABEL CHECK [2011-02-23.train-c sample #34606]: gold_parent_idx=39, gold_msg_idx=998, C=42, msg_i_idx=1001, candidate_range=[952, 1000]
2026-05-18 21:20:33,476 - data_loader - INFO -   LABEL CHECK [2011-02-23.train-c sample #34607]: gold_parent_idx=39, gold_msg_idx=1000, C=42, msg_i_idx=1003, candidate_range=[954, 1002]
2026-05-18 21:20:33,549 - data_loader - INFO -   Created 376 samples for 2011-02-23.train-c
2026-05-18 21:20:33,549 - data_loader - INFO -   File 96/153: 2011-02-23.train-c - 1500 messages, 34981 total samples so far
2026-05-18 21:20:33,549 - data_loader - INFO - Loading conversation from /home/s4901673/workspace/irc-disentanglement-bert-pytorch/data/train/2011-03-18.train-c.ascii.txt
2026-05-18 21:20:33,551 - data_loader - INFO -   Read 1500 lines from ASCII file
2026-05-18 21:20:33,555 - data_loader - INFO -   Parsed 1500 messages, found 161 unique users
2026-05-18 21:20:33,950 - data_loader - INFO -   Loaded 500 gold links from annotation file
2026-05-18 21:20:33,950 - data_loader - INFO -   Conversation '2011-03-18.train-c' loaded in 0.40s
2026-05-18 21:20:33,950 - data_loader - INFO -   Creating samples for 2011-03-18.train-c: messages 0 to 1500 (limited)
2026-05-18 21:20:33,957 - data_loader - INFO -   LABEL CHECK [2011-03-18.train-c sample #34981]: gold_parent_idx=48, gold_msg_idx=999, C=49, msg_i_idx=1000, candidate_range=[951, 999]
2026-05-18 21:20:33,957 - data_loader - INFO -   LABEL CHECK [2011-03-18.train-c sample #34982]: gold_parent_idx=48, gold_msg_idx=1000, C=49, msg_i_idx=1001, candidate_range=[952, 1000]
2026-05-18 21:20:33,957 - data_loader - INFO -   LABEL CHECK [2011-03-18.train-c sample #34983]: gold_parent_idx=48, gold_msg_idx=1001, C=49, msg_i_idx=1002, candidate_range=[953, 1001]
2026-05-18 21:20:34,042 - data_loader - INFO -   Created 408 samples for 2011-03-18.train-c
2026-05-18 21:20:34,043 - data_loader - INFO -   File 97/153: 2011-03-18.train-c - 1500 messages, 35389 total samples so far
2026-05-18 21:20:34,043 - data_loader - INFO - Loading conversation from /home/s4901673/workspace/irc-disentanglement-bert-pytorch/data/train/2011-04-14.train-c.ascii.txt
2026-05-18 21:20:34,045 - data_loader - INFO -   Read 1500 lines from ASCII file
2026-05-18 21:20:34,048 - data_loader - INFO -   Parsed 1500 messages, found 129 unique users
2026-05-18 21:20:34,370 - data_loader - INFO -   Loaded 500 gold links from annotation file
2026-05-18 21:20:34,370 - data_loader - INFO -   Conversation '2011-04-14.train-c' loaded in 0.33s
2026-05-18 21:20:34,370 - data_loader - INFO -   Creating samples for 2011-04-14.train-c: messages 0 to 1500 (limited)
2026-05-18 21:20:34,377 - data_loader - INFO -   LABEL CHECK [2011-04-14.train-c sample #35389]: gold_parent_idx=43, gold_msg_idx=995, C=47, msg_i_idx=1000, candidate_range=[951, 999]
2026-05-18 21:20:34,377 - data_loader - INFO -   LABEL CHECK [2011-04-14.train-c sample #35390]: gold_parent_idx=43, gold_msg_idx=998, C=47, msg_i_idx=1002, candidate_range=[953, 1001]
2026-05-18 21:20:34,377 - data_loader - INFO -   LABEL CHECK [2011-04-14.train-c sample #35391]: gold_parent_idx=44, gold_msg_idx=1000, C=47, msg_i_idx=1003, candidate_range=[954, 1002]
2026-05-18 21:20:34,462 - data_loader - INFO -   Created 422 samples for 2011-04-14.train-c
2026-05-18 21:20:34,462 - data_loader - INFO -   File 98/153: 2011-04-14.train-c - 1500 messages, 35811 total samples so far
2026-05-18 21:20:34,462 - data_loader - INFO - Loading conversation from /home/s4901673/workspace/irc-disentanglement-bert-pytorch/data/train/2011-04-17.train-c.ascii.txt
2026-05-18 21:20:34,464 - data_loader - INFO -   Read 1500 lines from ASCII file
2026-05-18 21:20:34,468 - data_loader - INFO -   Parsed 1500 messages, found 141 unique users
2026-05-18 21:20:34,831 - data_loader - INFO -   Loaded 500 gold links from annotation file
2026-05-18 21:20:34,831 - data_loader - INFO -   Conversation '2011-04-17.train-c' loaded in 0.37s
2026-05-18 21:20:34,831 - data_loader - INFO -   Creating samples for 2011-04-17.train-c: messages 0 to 1500 (limited)
2026-05-18 21:20:34,838 - data_loader - INFO -   LABEL CHECK [2011-04-17.train-c sample #35811]: gold_parent_idx=47, gold_msg_idx=998, C=49, msg_i_idx=1000, candidate_range=[951, 999]
2026-05-18 21:20:34,838 - data_loader - INFO -   LABEL CHECK [2011-04-17.train-c sample #35812]: gold_parent_idx=47, gold_msg_idx=1002, C=49, msg_i_idx=1004, candidate_range=[955, 1003]
2026-05-18 21:20:34,839 - data_loader - INFO -   LABEL CHECK [2011-04-17.train-c sample #35813]: gold_parent_idx=46, gold_msg_idx=1002, C=49, msg_i_idx=1005, candidate_range=[956, 1004]
2026-05-18 21:20:34,925 - data_loader - INFO -   Created 418 samples for 2011-04-17.train-c
2026-05-18 21:20:34,925 - data_loader - INFO -   File 99/153: 2011-04-17.train-c - 1500 messages, 36229 total samples so far
2026-05-18 21:20:34,925 - data_loader - INFO - Loading conversation from /home/s4901673/workspace/irc-disentanglement-bert-pytorch/data/train/2011-04-28.train-a.ascii.txt
2026-05-18 21:20:34,927 - data_loader - INFO -   Read 1411 lines from ASCII file
2026-05-18 21:20:34,930 - data_loader - INFO -   Parsed 1411 messages, found 168 unique users
2026-05-18 21:20:35,304 - data_loader - INFO -   Loaded 411 gold links from annotation file
2026-05-18 21:20:35,305 - data_loader - INFO -   Conversation '2011-04-28.train-a' loaded in 0.38s
2026-05-18 21:20:35,305 - data_loader - INFO -   Creating samples for 2011-04-28.train-a: messages 0 to 1411 (limited)
2026-05-18 21:20:35,311 - data_loader - INFO -   LABEL CHECK [2011-04-28.train-a sample #36229]: gold_parent_idx=46, gold_msg_idx=1002, C=47, msg_i_idx=1003, candidate_range=[954, 1002]
2026-05-18 21:20:35,312 - data_loader - INFO -   LABEL CHECK [2011-04-28.train-a sample #36230]: gold_parent_idx=46, gold_msg_idx=1003, C=47, msg_i_idx=1004, candidate_range=[955, 1003]
2026-05-18 21:20:35,312 - data_loader - INFO -   LABEL CHECK [2011-04-28.train-a sample #36231]: gold_parent_idx=46, gold_msg_idx=1006, C=47, msg_i_idx=1007, candidate_range=[958, 1006]
2026-05-18 21:20:35,371 - data_loader - INFO -   Created 320 samples for 2011-04-28.train-a
2026-05-18 21:20:35,371 - data_loader - INFO -   File 100/153: 2011-04-28.train-a - 1411 messages, 36549 total samples so far
2026-05-18 21:20:35,372 - data_loader - INFO - Loading conversation from /home/s4901673/workspace/irc-disentanglement-bert-pytorch/data/train/2011-08-17.train-a.ascii.txt
2026-05-18 21:20:35,373 - data_loader - INFO -   Read 1137 lines from ASCII file
2026-05-18 21:20:35,376 - data_loader - INFO -   Parsed 1137 messages, found 119 unique users
2026-05-18 21:20:35,604 - data_loader - INFO -   Loaded 137 gold links from annotation file
2026-05-18 21:20:35,605 - data_loader - INFO -   Conversation '2011-08-17.train-a' loaded in 0.23s
2026-05-18 21:20:35,605 - data_loader - INFO -   Creating samples for 2011-08-17.train-a: messages 0 to 1137 (limited)
2026-05-18 21:20:35,611 - data_loader - INFO -   LABEL CHECK [2011-08-17.train-a sample #36549]: gold_parent_idx=45, gold_msg_idx=999, C=47, msg_i_idx=1001, candidate_range=[952, 1000]
2026-05-18 21:20:35,612 - data_loader - INFO -   LABEL CHECK [2011-08-17.train-a sample #36550]: gold_parent_idx=45, gold_msg_idx=1000, C=47, msg_i_idx=1002, candidate_range=[953, 1001]
2026-05-18 21:20:35,612 - data_loader - INFO -   LABEL CHECK [2011-08-17.train-a sample #36551]: gold_parent_idx=46, gold_msg_idx=1002, C=47, msg_i_idx=1003, candidate_range=[954, 1002]
2026-05-18 21:20:35,632 - data_loader - INFO -   Created 107 samples for 2011-08-17.train-a
2026-05-18 21:20:35,632 - data_loader - INFO -   File 101/153: 2011-08-17.train-a - 1137 messages, 36656 total samples so far
2026-05-18 21:20:35,632 - data_loader - INFO - Loading conversation from /home/s4901673/workspace/irc-disentanglement-bert-pytorch/data/train/2011-08-22.train-c.ascii.txt
2026-05-18 21:20:35,633 - data_loader - INFO -   Read 1500 lines from ASCII file
2026-05-18 21:20:35,637 - data_loader - INFO -   Parsed 1500 messages, found 158 unique users
2026-05-18 21:20:36,039 - data_loader - INFO -   Loaded 500 gold links from annotation file
2026-05-18 21:20:36,040 - data_loader - INFO -   Conversation '2011-08-22.train-c' loaded in 0.41s
2026-05-18 21:20:36,040 - data_loader - INFO -   Creating samples for 2011-08-22.train-c: messages 0 to 1500 (limited)
2026-05-18 21:20:36,046 - data_loader - INFO -   LABEL CHECK [2011-08-22.train-c sample #36656]: gold_parent_idx=47, gold_msg_idx=1000, C=48, msg_i_idx=1001, candidate_range=[952, 1000]
2026-05-18 21:20:36,047 - data_loader - INFO -   LABEL CHECK [2011-08-22.train-c sample #36657]: gold_parent_idx=47, gold_msg_idx=1001, C=48, msg_i_idx=1002, candidate_range=[953, 1001]
2026-05-18 21:20:36,047 - data_loader - INFO -   LABEL CHECK [2011-08-22.train-c sample #36658]: gold_parent_idx=47, gold_msg_idx=1002, C=48, msg_i_idx=1003, candidate_range=[954, 1002]
2026-05-18 21:20:36,123 - data_loader - INFO -   Created 386 samples for 2011-08-22.train-c
2026-05-18 21:20:36,123 - data_loader - INFO -   File 102/153: 2011-08-22.train-c - 1500 messages, 37042 total samples so far
2026-05-18 21:20:36,123 - data_loader - INFO - Loading conversation from /home/s4901673/workspace/irc-disentanglement-bert-pytorch/data/train/2011-11-24.train-c.ascii.txt
2026-05-18 21:20:36,125 - data_loader - INFO -   Read 1500 lines from ASCII file
2026-05-18 21:20:36,129 - data_loader - INFO -   Parsed 1500 messages, found 161 unique users
2026-05-18 21:20:36,527 - data_loader - INFO -   Loaded 500 gold links from annotation file
2026-05-18 21:20:36,527 - data_loader - INFO -   Conversation '2011-11-24.train-c' loaded in 0.40s
2026-05-18 21:20:36,527 - data_loader - INFO -   Creating samples for 2011-11-24.train-c: messages 0 to 1500 (limited)
2026-05-18 21:20:36,535 - data_loader - INFO -   LABEL CHECK [2011-11-24.train-c sample #37042]: gold_parent_idx=48, gold_msg_idx=1000, C=49, msg_i_idx=1001, candidate_range=[952, 1000]
2026-05-18 21:20:36,535 - data_loader - INFO -   LABEL CHECK [2011-11-24.train-c sample #37043]: gold_parent_idx=46, gold_msg_idx=999, C=49, msg_i_idx=1002, candidate_range=[953, 1001]
2026-05-18 21:20:36,535 - data_loader - INFO -   LABEL CHECK [2011-11-24.train-c sample #37044]: gold_parent_idx=48, gold_msg_idx=1002, C=49, msg_i_idx=1003, candidate_range=[954, 1002]
2026-05-18 21:20:36,612 - data_loader - INFO -   Created 410 samples for 2011-11-24.train-c
2026-05-18 21:20:36,612 - data_loader - INFO -   File 103/153: 2011-11-24.train-c - 1500 messages, 37452 total samples so far
2026-05-18 21:20:36,612 - data_loader - INFO - Loading conversation from /home/s4901673/workspace/irc-disentanglement-bert-pytorch/data/train/2011-12-07.train-c.ascii.txt
2026-05-18 21:20:36,613 - data_loader - INFO -   Read 1500 lines from ASCII file
2026-05-18 21:20:36,618 - data_loader - INFO -   Parsed 1500 messages, found 142 unique users
2026-05-18 21:20:36,949 - data_loader - INFO -   Loaded 500 gold links from annotation file
2026-05-18 21:20:36,949 - data_loader - INFO -   Conversation '2011-12-07.train-c' loaded in 0.34s
2026-05-18 21:20:36,949 - data_loader - INFO -   Creating samples for 2011-12-07.train-c: messages 0 to 1500 (limited)
2026-05-18 21:20:36,956 - data_loader - INFO -   LABEL CHECK [2011-12-07.train-c sample #37452]: gold_parent_idx=43, gold_msg_idx=995, C=47, msg_i_idx=1000, candidate_range=[951, 999]
2026-05-18 21:20:36,956 - data_loader - INFO -   LABEL CHECK [2011-12-07.train-c sample #37453]: gold_parent_idx=46, gold_msg_idx=1000, C=47, msg_i_idx=1001, candidate_range=[952, 1000]
2026-05-18 21:20:36,956 - data_loader - INFO -   LABEL CHECK [2011-12-07.train-c sample #37454]: gold_parent_idx=45, gold_msg_idx=1000, C=47, msg_i_idx=1002, candidate_range=[953, 1001]
2026-05-18 21:20:37,027 - data_loader - INFO -   Created 378 samples for 2011-12-07.train-c
2026-05-18 21:20:37,027 - data_loader - INFO -   File 104/153: 2011-12-07.train-c - 1500 messages, 37830 total samples so far
2026-05-18 21:20:37,027 - data_loader - INFO - Loading conversation from /home/s4901673/workspace/irc-disentanglement-bert-pytorch/data/train/2012-02-03.train-a.ascii.txt
2026-05-18 21:20:37,029 - data_loader - INFO -   Read 1242 lines from ASCII file
2026-05-18 21:20:37,032 - data_loader - INFO -   Parsed 1242 messages, found 153 unique users
2026-05-18 21:20:37,358 - data_loader - INFO -   Loaded 242 gold links from annotation file
2026-05-18 21:20:37,358 - data_loader - INFO -   Conversation '2012-02-03.train-a' loaded in 0.33s
2026-05-18 21:20:37,359 - data_loader - INFO -   Creating samples for 2012-02-03.train-a: messages 0 to 1242 (limited)
2026-05-18 21:20:37,366 - data_loader - INFO -   LABEL CHECK [2012-02-03.train-a sample #37830]: gold_parent_idx=45, gold_msg_idx=998, C=47, msg_i_idx=1000, candidate_range=[951, 999]
2026-05-18 21:20:37,366 - data_loader - INFO -   LABEL CHECK [2012-02-03.train-a sample #37831]: gold_parent_idx=45, gold_msg_idx=1000, C=47, msg_i_idx=1002, candidate_range=[953, 1001]
2026-05-18 21:20:37,367 - data_loader - INFO -   LABEL CHECK [2012-02-03.train-a sample #37832]: gold_parent_idx=46, gold_msg_idx=1002, C=47, msg_i_idx=1003, candidate_range=[954, 1002]
2026-05-18 21:20:37,401 - data_loader - INFO -   Created 188 samples for 2012-02-03.train-a
2026-05-18 21:20:37,401 - data_loader - INFO -   File 105/153: 2012-02-03.train-a - 1242 messages, 38018 total samples so far
2026-05-18 21:20:37,401 - data_loader - INFO - Loading conversation from /home/s4901673/workspace/irc-disentanglement-bert-pytorch/data/train/2012-03-24.train-c.ascii.txt
2026-05-18 21:20:37,403 - data_loader - INFO -   Read 1500 lines from ASCII file
2026-05-18 21:20:37,406 - data_loader - INFO -   Parsed 1500 messages, found 163 unique users
2026-05-18 21:20:37,862 - data_loader - INFO -   Loaded 500 gold links from annotation file
2026-05-18 21:20:37,862 - data_loader - INFO -   Conversation '2012-03-24.train-c' loaded in 0.46s
2026-05-18 21:20:37,863 - data_loader - INFO -   Creating samples for 2012-03-24.train-c: messages 0 to 1500 (limited)
2026-05-18 21:20:37,869 - data_loader - INFO -   LABEL CHECK [2012-03-24.train-c sample #38018]: gold_parent_idx=43, gold_msg_idx=995, C=48, msg_i_idx=1000, candidate_range=[951, 999]
2026-05-18 21:20:37,870 - data_loader - INFO -   LABEL CHECK [2012-03-24.train-c sample #38019]: gold_parent_idx=41, gold_msg_idx=994, C=48, msg_i_idx=1001, candidate_range=[952, 1000]
2026-05-18 21:20:37,870 - data_loader - INFO -   LABEL CHECK [2012-03-24.train-c sample #38020]: gold_parent_idx=47, gold_msg_idx=1002, C=48, msg_i_idx=1003, candidate_range=[954, 1002]
2026-05-18 21:20:37,971 - data_loader - INFO -   Created 413 samples for 2012-03-24.train-c
2026-05-18 21:20:37,971 - data_loader - INFO -   File 106/153: 2012-03-24.train-c - 1500 messages, 38431 total samples so far
2026-05-18 21:20:37,971 - data_loader - INFO - Loading conversation from /home/s4901673/workspace/irc-disentanglement-bert-pytorch/data/train/2012-05-04.train-a.ascii.txt
2026-05-18 21:20:37,973 - data_loader - INFO -   Read 1211 lines from ASCII file
2026-05-18 21:20:37,977 - data_loader - INFO -   Parsed 1211 messages, found 136 unique users
2026-05-18 21:20:38,275 - data_loader - INFO -   Loaded 211 gold links from annotation file
2026-05-18 21:20:38,275 - data_loader - INFO -   Conversation '2012-05-04.train-a' loaded in 0.30s
2026-05-18 21:20:38,275 - data_loader - INFO -   Creating samples for 2012-05-04.train-a: messages 0 to 1211 (limited)
2026-05-18 21:20:38,282 - data_loader - INFO -   LABEL CHECK [2012-05-04.train-a sample #38431]: gold_parent_idx=44, gold_msg_idx=996, C=47, msg_i_idx=1000, candidate_range=[951, 998]
2026-05-18 21:20:38,282 - data_loader - INFO -   LABEL CHECK [2012-05-04.train-a sample #38432]: gold_parent_idx=45, gold_msg_idx=1001, C=47, msg_i_idx=1003, candidate_range=[954, 1002]
2026-05-18 21:20:38,282 - data_loader - INFO -   LABEL CHECK [2012-05-04.train-a sample #38433]: gold_parent_idx=40, gold_msg_idx=996, C=47, msg_i_idx=1004, candidate_range=[955, 1003]
2026-05-18 21:20:38,320 - data_loader - INFO -   Created 186 samples for 2012-05-04.train-a
2026-05-18 21:20:38,320 - data_loader - INFO -   File 107/153: 2012-05-04.train-a - 1211 messages, 38617 total samples so far
2026-05-18 21:20:38,320 - data_loader - INFO - Loading conversation from /home/s4901673/workspace/irc-disentanglement-bert-pytorch/data/train/2012-05-20.train-a.ascii.txt
2026-05-18 21:20:38,322 - data_loader - INFO -   Read 1365 lines from ASCII file
2026-05-18 21:20:38,325 - data_loader - INFO -   Parsed 1365 messages, found 131 unique users
2026-05-18 21:20:38,659 - data_loader - INFO -   Loaded 365 gold links from annotation file
2026-05-18 21:20:38,659 - data_loader - INFO -   Conversation '2012-05-20.train-a' loaded in 0.34s
2026-05-18 21:20:38,659 - data_loader - INFO -   Creating samples for 2012-05-20.train-a: messages 0 to 1365 (limited)
2026-05-18 21:20:38,666 - data_loader - INFO -   LABEL CHECK [2012-05-20.train-a sample #38617]: gold_parent_idx=45, gold_msg_idx=998, C=47, msg_i_idx=1000, candidate_range=[951, 999]
2026-05-18 21:20:38,667 - data_loader - INFO -   LABEL CHECK [2012-05-20.train-a sample #38618]: gold_parent_idx=44, gold_msg_idx=998, C=47, msg_i_idx=1001, candidate_range=[952, 1000]
2026-05-18 21:20:38,667 - data_loader - INFO -   LABEL CHECK [2012-05-20.train-a sample #38619]: gold_parent_idx=41, gold_msg_idx=996, C=47, msg_i_idx=1002, candidate_range=[953, 1001]
2026-05-18 21:20:38,730 - data_loader - INFO -   Created 311 samples for 2012-05-20.train-a
2026-05-18 21:20:38,730 - data_loader - INFO -   File 108/153: 2012-05-20.train-a - 1365 messages, 38928 total samples so far
2026-05-18 21:20:38,730 - data_loader - INFO - Loading conversation from /home/s4901673/workspace/irc-disentanglement-bert-pytorch/data/train/2012-06-02.train-a.ascii.txt
2026-05-18 21:20:38,732 - data_loader - INFO -   Read 1141 lines from ASCII file
2026-05-18 21:20:38,735 - data_loader - INFO -   Parsed 1141 messages, found 169 unique users
2026-05-18 21:20:39,060 - data_loader - INFO -   Loaded 141 gold links from annotation file
2026-05-18 21:20:39,060 - data_loader - INFO -   Conversation '2012-06-02.train-a' loaded in 0.33s
2026-05-18 21:20:39,061 - data_loader - INFO -   Creating samples for 2012-06-02.train-a: messages 0 to 1141 (limited)
2026-05-18 21:20:39,067 - data_loader - INFO -   LABEL CHECK [2012-06-02.train-a sample #38928]: gold_parent_idx=46, gold_msg_idx=1000, C=47, msg_i_idx=1001, candidate_range=[952, 1000]
2026-05-18 21:20:39,067 - data_loader - INFO -   LABEL CHECK [2012-06-02.train-a sample #38929]: gold_parent_idx=46, gold_msg_idx=1001, C=47, msg_i_idx=1002, candidate_range=[953, 1001]
2026-05-18 21:20:39,068 - data_loader - INFO -   LABEL CHECK [2012-06-02.train-a sample #38930]: gold_parent_idx=18, gold_msg_idx=972, C=47, msg_i_idx=1003, candidate_range=[954, 1002]
2026-05-18 21:20:39,087 - data_loader - INFO -   Created 108 samples for 2012-06-02.train-a
2026-05-18 21:20:39,087 - data_loader - INFO -   File 109/153: 2012-06-02.train-a - 1141 messages, 39036 total samples so far
2026-05-18 21:20:39,087 - data_loader - INFO - Loading conversation from /home/s4901673/workspace/irc-disentanglement-bert-pytorch/data/train/2012-06-20.train-c.ascii.txt
2026-05-18 21:20:39,089 - data_loader - INFO -   Read 1500 lines from ASCII file
2026-05-18 21:20:39,093 - data_loader - INFO -   Parsed 1500 messages, found 147 unique users
2026-05-18 21:20:39,458 - data_loader - INFO -   Loaded 500 gold links from annotation file
2026-05-18 21:20:39,458 - data_loader - INFO -   Conversation '2012-06-20.train-c' loaded in 0.37s
2026-05-18 21:20:39,458 - data_loader - INFO -   Creating samples for 2012-06-20.train-c: messages 0 to 1500 (limited)
2026-05-18 21:20:39,465 - data_loader - INFO -   LABEL CHECK [2012-06-20.train-c sample #39036]: gold_parent_idx=32, gold_msg_idx=984, C=47, msg_i_idx=1000, candidate_range=[951, 999]
2026-05-18 21:20:39,465 - data_loader - INFO -   LABEL CHECK [2012-06-20.train-c sample #39037]: gold_parent_idx=31, gold_msg_idx=984, C=47, msg_i_idx=1001, candidate_range=[952, 1000]
2026-05-18 21:20:39,465 - data_loader - INFO -   LABEL CHECK [2012-06-20.train-c sample #39038]: gold_parent_idx=46, gold_msg_idx=1001, C=47, msg_i_idx=1002, candidate_range=[953, 1001]
2026-05-18 21:20:39,547 - data_loader - INFO -   Created 423 samples for 2012-06-20.train-c
2026-05-18 21:20:39,548 - data_loader - INFO -   File 110/153: 2012-06-20.train-c - 1500 messages, 39459 total samples so far
2026-05-18 21:20:39,548 - data_loader - INFO - Loading conversation from /home/s4901673/workspace/irc-disentanglement-bert-pytorch/data/train/2012-11-24.train-a.ascii.txt
2026-05-18 21:20:39,549 - data_loader - INFO -   Read 1216 lines from ASCII file
2026-05-18 21:20:39,552 - data_loader - INFO -   Parsed 1216 messages, found 125 unique users
2026-05-18 21:20:39,800 - data_loader - INFO -   Loaded 216 gold links from annotation file
2026-05-18 21:20:39,800 - data_loader - INFO -   Conversation '2012-11-24.train-a' loaded in 0.25s
2026-05-18 21:20:39,800 - data_loader - INFO -   Creating samples for 2012-11-24.train-a: messages 0 to 1216 (limited)
2026-05-18 21:20:39,806 - data_loader - INFO -   LABEL CHECK [2012-11-24.train-a sample #39459]: gold_parent_idx=46, gold_msg_idx=999, C=47, msg_i_idx=1000, candidate_range=[951, 999]
2026-05-18 21:20:39,807 - data_loader - INFO -   LABEL CHECK [2012-11-24.train-a sample #39460]: gold_parent_idx=46, gold_msg_idx=1000, C=47, msg_i_idx=1001, candidate_range=[952, 1000]
2026-05-18 21:20:39,807 - data_loader - INFO -   LABEL CHECK [2012-11-24.train-a sample #39461]: gold_parent_idx=46, gold_msg_idx=1001, C=47, msg_i_idx=1002, candidate_range=[953, 1001]
2026-05-18 21:20:39,843 - data_loader - INFO -   Created 193 samples for 2012-11-24.train-a
2026-05-18 21:20:39,843 - data_loader - INFO -   File 111/153: 2012-11-24.train-a - 1216 messages, 39652 total samples so far
2026-05-18 21:20:39,843 - data_loader - INFO - Loading conversation from /home/s4901673/workspace/irc-disentanglement-bert-pytorch/data/train/2012-11-30.train-a.ascii.txt
2026-05-18 21:20:39,845 - data_loader - INFO -   Read 1284 lines from ASCII file
2026-05-18 21:20:39,848 - data_loader - INFO -   Parsed 1284 messages, found 133 unique users
2026-05-18 21:20:40,116 - data_loader - INFO -   Loaded 284 gold links from annotation file
2026-05-18 21:20:40,116 - data_loader - INFO -   Conversation '2012-11-30.train-a' loaded in 0.27s
2026-05-18 21:20:40,116 - data_loader - INFO -   Creating samples for 2012-11-30.train-a: messages 0 to 1284 (limited)
2026-05-18 21:20:40,123 - data_loader - INFO -   LABEL CHECK [2012-11-30.train-a sample #39652]: gold_parent_idx=43, gold_msg_idx=994, C=49, msg_i_idx=1000, candidate_range=[951, 999]
2026-05-18 21:20:40,123 - data_loader - INFO -   LABEL CHECK [2012-11-30.train-a sample #39653]: gold_parent_idx=44, gold_msg_idx=996, C=49, msg_i_idx=1001, candidate_range=[952, 1000]
2026-05-18 21:20:40,123 - data_loader - INFO -   LABEL CHECK [2012-11-30.train-a sample #39654]: gold_parent_idx=44, gold_msg_idx=997, C=49, msg_i_idx=1002, candidate_range=[953, 1001]
2026-05-18 21:20:40,172 - data_loader - INFO -   Created 252 samples for 2012-11-30.train-a
2026-05-18 21:20:40,172 - data_loader - INFO -   File 112/153: 2012-11-30.train-a - 1284 messages, 39904 total samples so far
2026-05-18 21:20:40,172 - data_loader - INFO - Loading conversation from /home/s4901673/workspace/irc-disentanglement-bert-pytorch/data/train/2012-12-15.train-a.ascii.txt
2026-05-18 21:20:40,174 - data_loader - INFO -   Read 1175 lines from ASCII file
2026-05-18 21:20:40,177 - data_loader - INFO -   Parsed 1175 messages, found 137 unique users
2026-05-18 21:20:40,480 - data_loader - INFO -   Loaded 175 gold links from annotation file
2026-05-18 21:20:40,480 - data_loader - INFO -   Conversation '2012-12-15.train-a' loaded in 0.31s
2026-05-18 21:20:40,481 - data_loader - INFO -   Creating samples for 2012-12-15.train-a: messages 0 to 1175 (limited)
2026-05-18 21:20:40,487 - data_loader - INFO -   LABEL CHECK [2012-12-15.train-a sample #39904]: gold_parent_idx=38, gold_msg_idx=996, C=41, msg_i_idx=1000, candidate_range=[951, 998]
2026-05-18 21:20:40,488 - data_loader - INFO -   LABEL CHECK [2012-12-15.train-a sample #39905]: gold_parent_idx=37, gold_msg_idx=1008, C=38, msg_i_idx=1009, candidate_range=[961, 1008]
2026-05-18 21:20:40,488 - data_loader - INFO -   LABEL CHECK [2012-12-15.train-a sample #39906]: gold_parent_idx=35, gold_msg_idx=1005, C=39, msg_i_idx=1010, candidate_range=[961, 1009]
2026-05-18 21:20:40,516 - data_loader - INFO -   Created 144 samples for 2012-12-15.train-a
2026-05-18 21:20:40,516 - data_loader - INFO -   File 113/153: 2012-12-15.train-a - 1175 messages, 40048 total samples so far
2026-05-18 21:20:40,516 - data_loader - INFO - Loading conversation from /home/s4901673/workspace/irc-disentanglement-bert-pytorch/data/train/2013-01-11.train-a.ascii.txt
2026-05-18 21:20:40,517 - data_loader - INFO -   Read 1079 lines from ASCII file
2026-05-18 21:20:40,520 - data_loader - INFO -   Parsed 1079 messages, found 109 unique users
2026-05-18 21:20:40,716 - data_loader - INFO -   Loaded 79 gold links from annotation file
2026-05-18 21:20:40,716 - data_loader - INFO -   Conversation '2013-01-11.train-a' loaded in 0.20s
2026-05-18 21:20:40,716 - data_loader - INFO -   Creating samples for 2013-01-11.train-a: messages 0 to 1079 (limited)
2026-05-18 21:20:40,723 - data_loader - INFO -   LABEL CHECK [2013-01-11.train-a sample #40048]: gold_parent_idx=46, gold_msg_idx=999, C=47, msg_i_idx=1000, candidate_range=[951, 999]
2026-05-18 21:20:40,723 - data_loader - INFO -   LABEL CHECK [2013-01-11.train-a sample #40049]: gold_parent_idx=45, gold_msg_idx=999, C=47, msg_i_idx=1001, candidate_range=[952, 1000]
2026-05-18 21:20:40,724 - data_loader - INFO -   LABEL CHECK [2013-01-11.train-a sample #40050]: gold_parent_idx=46, gold_msg_idx=1002, C=47, msg_i_idx=1003, candidate_range=[954, 1002]
2026-05-18 21:20:40,733 - data_loader - INFO -   Created 53 samples for 2013-01-11.train-a
2026-05-18 21:20:40,733 - data_loader - INFO -   File 114/153: 2013-01-11.train-a - 1079 messages, 40101 total samples so far
2026-05-18 21:20:40,733 - data_loader - INFO - Loading conversation from /home/s4901673/workspace/irc-disentanglement-bert-pytorch/data/train/2013-01-30.train-a.ascii.txt
2026-05-18 21:20:40,735 - data_loader - INFO -   Read 1292 lines from ASCII file
2026-05-18 21:20:40,739 - data_loader - INFO -   Parsed 1292 messages, found 137 unique users
2026-05-18 21:20:41,031 - data_loader - INFO -   Loaded 292 gold links from annotation file
2026-05-18 21:20:41,031 - data_loader - INFO -   Conversation '2013-01-30.train-a' loaded in 0.30s
2026-05-18 21:20:41,032 - data_loader - INFO -   Creating samples for 2013-01-30.train-a: messages 0 to 1292 (limited)
2026-05-18 21:20:41,038 - data_loader - INFO -   LABEL CHECK [2013-01-30.train-a sample #40101]: gold_parent_idx=48, gold_msg_idx=999, C=49, msg_i_idx=1000, candidate_range=[951, 999]
2026-05-18 21:20:41,038 - data_loader - INFO -   LABEL CHECK [2013-01-30.train-a sample #40102]: gold_parent_idx=47, gold_msg_idx=999, C=49, msg_i_idx=1001, candidate_range=[952, 1000]
2026-05-18 21:20:41,039 - data_loader - INFO -   LABEL CHECK [2013-01-30.train-a sample #40103]: gold_parent_idx=48, gold_msg_idx=1001, C=49, msg_i_idx=1002, candidate_range=[953, 1001]
2026-05-18 21:20:41,087 - data_loader - INFO -   Created 261 samples for 2013-01-30.train-a
2026-05-18 21:20:41,087 - data_loader - INFO -   File 115/153: 2013-01-30.train-a - 1292 messages, 40362 total samples so far
2026-05-18 21:20:41,087 - data_loader - INFO - Loading conversation from /home/s4901673/workspace/irc-disentanglement-bert-pytorch/data/train/2013-02-24.train-a.ascii.txt
2026-05-18 21:20:41,089 - data_loader - INFO -   Read 1281 lines from ASCII file
2026-05-18 21:20:41,092 - data_loader - INFO -   Parsed 1281 messages, found 103 unique users
2026-05-18 21:20:41,320 - data_loader - INFO -   Loaded 281 gold links from annotation file
2026-05-18 21:20:41,320 - data_loader - INFO -   Conversation '2013-02-24.train-a' loaded in 0.23s
2026-05-18 21:20:41,320 - data_loader - INFO -   Creating samples for 2013-02-24.train-a: messages 0 to 1281 (limited)
2026-05-18 21:20:41,327 - data_loader - INFO -   LABEL CHECK [2013-02-24.train-a sample #40362]: gold_parent_idx=21, gold_msg_idx=972, C=48, msg_i_idx=1000, candidate_range=[951, 999]
2026-05-18 21:20:41,327 - data_loader - INFO -   LABEL CHECK [2013-02-24.train-a sample #40363]: gold_parent_idx=40, gold_msg_idx=993, C=48, msg_i_idx=1001, candidate_range=[952, 1000]
2026-05-18 21:20:41,327 - data_loader - INFO -   LABEL CHECK [2013-02-24.train-a sample #40364]: gold_parent_idx=46, gold_msg_idx=1000, C=48, msg_i_idx=1002, candidate_range=[953, 1001]
2026-05-18 21:20:41,378 - data_loader - INFO -   Created 250 samples for 2013-02-24.train-a
2026-05-18 21:20:41,378 - data_loader - INFO -   File 116/153: 2013-02-24.train-a - 1281 messages, 40612 total samples so far
2026-05-18 21:20:41,378 - data_loader - INFO - Loading conversation from /home/s4901673/workspace/irc-disentanglement-bert-pytorch/data/train/2013-05-05.train-a.ascii.txt
2026-05-18 21:20:41,380 - data_loader - INFO -   Read 1163 lines from ASCII file
2026-05-18 21:20:41,383 - data_loader - INFO -   Parsed 1163 messages, found 131 unique users
2026-05-18 21:20:41,642 - data_loader - INFO -   Loaded 163 gold links from annotation file
2026-05-18 21:20:41,642 - data_loader - INFO -   Conversation '2013-05-05.train-a' loaded in 0.26s
2026-05-18 21:20:41,642 - data_loader - INFO -   Creating samples for 2013-05-05.train-a: messages 0 to 1163 (limited)
2026-05-18 21:20:41,648 - data_loader - INFO -   LABEL CHECK [2013-05-05.train-a sample #40612]: gold_parent_idx=46, gold_msg_idx=999, C=47, msg_i_idx=1000, candidate_range=[951, 999]
2026-05-18 21:20:41,649 - data_loader - INFO -   LABEL CHECK [2013-05-05.train-a sample #40613]: gold_parent_idx=46, gold_msg_idx=1002, C=47, msg_i_idx=1003, candidate_range=[954, 1002]
2026-05-18 21:20:41,649 - data_loader - INFO -   LABEL CHECK [2013-05-05.train-a sample #40614]: gold_parent_idx=46, gold_msg_idx=1003, C=47, msg_i_idx=1004, candidate_range=[955, 1003]
2026-05-18 21:20:41,674 - data_loader - INFO -   Created 130 samples for 2013-05-05.train-a
2026-05-18 21:20:41,674 - data_loader - INFO -   File 117/153: 2013-05-05.train-a - 1163 messages, 40742 total samples so far
2026-05-18 21:20:41,674 - data_loader - INFO - Loading conversation from /home/s4901673/workspace/irc-disentanglement-bert-pytorch/data/train/2013-05-07.train-a.ascii.txt
2026-05-18 21:20:41,675 - data_loader - INFO -   Read 1147 lines from ASCII file
2026-05-18 21:20:41,678 - data_loader - INFO -   Parsed 1147 messages, found 116 unique users
2026-05-18 21:20:41,904 - data_loader - INFO -   Loaded 147 gold links from annotation file
2026-05-18 21:20:41,904 - data_loader - INFO -   Conversation '2013-05-07.train-a' loaded in 0.23s
2026-05-18 21:20:41,904 - data_loader - INFO -   Creating samples for 2013-05-07.train-a: messages 0 to 1147 (limited)
2026-05-18 21:20:41,910 - data_loader - INFO -   LABEL CHECK [2013-05-07.train-a sample #40742]: gold_parent_idx=24, gold_msg_idx=977, C=46, msg_i_idx=1000, candidate_range=[951, 999]
2026-05-18 21:20:41,911 - data_loader - INFO -   LABEL CHECK [2013-05-07.train-a sample #40743]: gold_parent_idx=45, gold_msg_idx=1000, C=46, msg_i_idx=1001, candidate_range=[952, 1000]
2026-05-18 21:20:41,911 - data_loader - INFO -   LABEL CHECK [2013-05-07.train-a sample #40744]: gold_parent_idx=45, gold_msg_idx=1002, C=46, msg_i_idx=1003, candidate_range=[954, 1002]
2026-05-18 21:20:41,939 - data_loader - INFO -   Created 128 samples for 2013-05-07.train-a
2026-05-18 21:20:41,939 - data_loader - INFO -   File 118/153: 2013-05-07.train-a - 1147 messages, 40870 total samples so far
2026-05-18 21:20:41,939 - data_loader - INFO - Loading conversation from /home/s4901673/workspace/irc-disentanglement-bert-pytorch/data/train/2013-05-19.train-a.ascii.txt
2026-05-18 21:20:41,941 - data_loader - INFO -   Read 1181 lines from ASCII file
2026-05-18 21:20:41,944 - data_loader - INFO -   Parsed 1181 messages, found 131 unique users
2026-05-18 21:20:42,195 - data_loader - INFO -   Loaded 181 gold links from annotation file
2026-05-18 21:20:42,195 - data_loader - INFO -   Conversation '2013-05-19.train-a' loaded in 0.26s
2026-05-18 21:20:42,196 - data_loader - INFO -   Creating samples for 2013-05-19.train-a: messages 0 to 1181 (limited)
2026-05-18 21:20:42,202 - data_loader - INFO -   LABEL CHECK [2013-05-19.train-a sample #40870]: gold_parent_idx=45, gold_msg_idx=997, C=46, msg_i_idx=1000, candidate_range=[951, 997]
2026-05-18 21:20:42,202 - data_loader - INFO -   LABEL CHECK [2013-05-19.train-a sample #40871]: gold_parent_idx=45, gold_msg_idx=1000, C=46, msg_i_idx=1001, candidate_range=[952, 1000]
2026-05-18 21:20:42,203 - data_loader - INFO -   LABEL CHECK [2013-05-19.train-a sample #40872]: gold_parent_idx=45, gold_msg_idx=1001, C=46, msg_i_idx=1002, candidate_range=[953, 1001]
2026-05-18 21:20:42,238 - data_loader - INFO -   Created 151 samples for 2013-05-19.train-a
2026-05-18 21:20:42,238 - data_loader - INFO -   File 119/153: 2013-05-19.train-a - 1181 messages, 41021 total samples so far
2026-05-18 21:20:42,238 - data_loader - INFO - Loading conversation from /home/s4901673/workspace/irc-disentanglement-bert-pytorch/data/train/2013-05-28.train-c.ascii.txt
2026-05-18 21:20:42,239 - data_loader - INFO -   Read 1500 lines from ASCII file
2026-05-18 21:20:42,245 - data_loader - INFO -   Parsed 1500 messages, found 145 unique users
2026-05-18 21:20:42,621 - data_loader - INFO -   Loaded 500 gold links from annotation file
2026-05-18 21:20:42,621 - data_loader - INFO -   Conversation '2013-05-28.train-c' loaded in 0.38s
2026-05-18 21:20:42,621 - data_loader - INFO -   Creating samples for 2013-05-28.train-c: messages 0 to 1500 (limited)
2026-05-18 21:20:42,628 - data_loader - INFO -   LABEL CHECK [2013-05-28.train-c sample #41021]: gold_parent_idx=47, gold_msg_idx=1000, C=48, msg_i_idx=1001, candidate_range=[952, 1000]
2026-05-18 21:20:42,628 - data_loader - INFO -   LABEL CHECK [2013-05-28.train-c sample #41022]: gold_parent_idx=46, gold_msg_idx=1000, C=48, msg_i_idx=1002, candidate_range=[953, 1001]
2026-05-18 21:20:42,628 - data_loader - INFO -   LABEL CHECK [2013-05-28.train-c sample #41023]: gold_parent_idx=46, gold_msg_idx=1001, C=48, msg_i_idx=1003, candidate_range=[954, 1002]
2026-05-18 21:20:42,709 - data_loader - INFO -   Created 400 samples for 2013-05-28.train-c
2026-05-18 21:20:42,709 - data_loader - INFO -   File 120/153: 2013-05-28.train-c - 1500 messages, 41421 total samples so far
2026-05-18 21:20:42,709 - data_loader - INFO - Loading conversation from /home/s4901673/workspace/irc-disentanglement-bert-pytorch/data/train/2013-07-10.train-a.ascii.txt
2026-05-18 21:20:42,711 - data_loader - INFO -   Read 1140 lines from ASCII file
2026-05-18 21:20:42,714 - data_loader - INFO -   Parsed 1140 messages, found 104 unique users
2026-05-18 21:20:42,914 - data_loader - INFO -   Loaded 140 gold links from annotation file
2026-05-18 21:20:42,914 - data_loader - INFO -   Conversation '2013-07-10.train-a' loaded in 0.21s
2026-05-18 21:20:42,914 - data_loader - INFO -   Creating samples for 2013-07-10.train-a: messages 0 to 1140 (limited)
2026-05-18 21:20:42,921 - data_loader - INFO -   LABEL CHECK [2013-07-10.train-a sample #41421]: gold_parent_idx=41, gold_msg_idx=1002, C=42, msg_i_idx=1003, candidate_range=[954, 1002]
2026-05-18 21:20:42,921 - data_loader - INFO -   LABEL CHECK [2013-07-10.train-a sample #41422]: gold_parent_idx=40, gold_msg_idx=1003, C=42, msg_i_idx=1005, candidate_range=[956, 1004]
2026-05-18 21:20:42,921 - data_loader - INFO -   LABEL CHECK [2013-07-10.train-a sample #41423]: gold_parent_idx=40, gold_msg_idx=1005, C=41, msg_i_idx=1007, candidate_range=[958, 1005]
2026-05-18 21:20:42,946 - data_loader - INFO -   Created 123 samples for 2013-07-10.train-a
2026-05-18 21:20:42,946 - data_loader - INFO -   File 121/153: 2013-07-10.train-a - 1140 messages, 41544 total samples so far
2026-05-18 21:20:42,947 - data_loader - INFO - Loading conversation from /home/s4901673/workspace/irc-disentanglement-bert-pytorch/data/train/2013-07-19.train-a.ascii.txt
2026-05-18 21:20:42,948 - data_loader - INFO -   Read 1192 lines from ASCII file
2026-05-18 21:20:42,951 - data_loader - INFO -   Parsed 1192 messages, found 92 unique users
2026-05-18 21:20:43,125 - data_loader - INFO -   Loaded 192 gold links from annotation file
2026-05-18 21:20:43,125 - data_loader - INFO -   Conversation '2013-07-19.train-a' loaded in 0.18s
2026-05-18 21:20:43,125 - data_loader - INFO -   Creating samples for 2013-07-19.train-a: messages 0 to 1192 (limited)
2026-05-18 21:20:43,131 - data_loader - INFO -   LABEL CHECK [2013-07-19.train-a sample #41544]: gold_parent_idx=46, gold_msg_idx=999, C=47, msg_i_idx=1000, candidate_range=[951, 999]
2026-05-18 21:20:43,132 - data_loader - INFO -   LABEL CHECK [2013-07-19.train-a sample #41545]: gold_parent_idx=45, gold_msg_idx=999, C=47, msg_i_idx=1001, candidate_range=[952, 1000]
2026-05-18 21:20:43,132 - data_loader - INFO -   LABEL CHECK [2013-07-19.train-a sample #41546]: gold_parent_idx=24, gold_msg_idx=978, C=47, msg_i_idx=1002, candidate_range=[953, 1001]
2026-05-18 21:20:43,581 - data_loader - INFO -   Created 177 samples for 2013-07-19.train-a
2026-05-18 21:20:43,581 - data_loader - INFO -   File 122/153: 2013-07-19.train-a - 1192 messages, 41721 total samples so far
2026-05-18 21:20:43,581 - data_loader - INFO - Loading conversation from /home/s4901673/workspace/irc-disentanglement-bert-pytorch/data/train/2013-08-29.train-c.ascii.txt
2026-05-18 21:20:43,583 - data_loader - INFO -   Read 1500 lines from ASCII file
2026-05-18 21:20:43,587 - data_loader - INFO -   Parsed 1500 messages, found 128 unique users
2026-05-18 21:20:43,906 - data_loader - INFO -   Loaded 500 gold links from annotation file
2026-05-18 21:20:43,906 - data_loader - INFO -   Conversation '2013-08-29.train-c' loaded in 0.32s
2026-05-18 21:20:43,906 - data_loader - INFO -   Creating samples for 2013-08-29.train-c: messages 0 to 1500 (limited)
2026-05-18 21:20:43,913 - data_loader - INFO -   LABEL CHECK [2013-08-29.train-c sample #41721]: gold_parent_idx=45, gold_msg_idx=998, C=47, msg_i_idx=1000, candidate_range=[951, 999]
2026-05-18 21:20:43,913 - data_loader - INFO -   LABEL CHECK [2013-08-29.train-c sample #41722]: gold_parent_idx=46, gold_msg_idx=1000, C=47, msg_i_idx=1001, candidate_range=[952, 1000]
2026-05-18 21:20:43,913 - data_loader - INFO -   LABEL CHECK [2013-08-29.train-c sample #41723]: gold_parent_idx=44, gold_msg_idx=999, C=47, msg_i_idx=1002, candidate_range=[953, 1001]
2026-05-18 21:20:43,998 - data_loader - INFO -   Created 432 samples for 2013-08-29.train-c
2026-05-18 21:20:43,998 - data_loader - INFO -   File 123/153: 2013-08-29.train-c - 1500 messages, 42153 total samples so far
2026-05-18 21:20:43,998 - data_loader - INFO - Loading conversation from /home/s4901673/workspace/irc-disentanglement-bert-pytorch/data/train/2013-08-30.train-a.ascii.txt
2026-05-18 21:20:44,000 - data_loader - INFO -   Read 1126 lines from ASCII file
2026-05-18 21:20:44,003 - data_loader - INFO -   Parsed 1126 messages, found 97 unique users
2026-05-18 21:20:44,189 - data_loader - INFO -   Loaded 126 gold links from annotation file
2026-05-18 21:20:44,189 - data_loader - INFO -   Conversation '2013-08-30.train-a' loaded in 0.19s
2026-05-18 21:20:44,190 - data_loader - INFO -   Creating samples for 2013-08-30.train-a: messages 0 to 1126 (limited)
2026-05-18 21:20:44,196 - data_loader - INFO -   LABEL CHECK [2013-08-30.train-a sample #42153]: gold_parent_idx=45, gold_msg_idx=997, C=47, msg_i_idx=1000, candidate_range=[951, 998]
2026-05-18 21:20:44,196 - data_loader - INFO -   LABEL CHECK [2013-08-30.train-a sample #42154]: gold_parent_idx=46, gold_msg_idx=1002, C=47, msg_i_idx=1003, candidate_range=[954, 1002]
2026-05-18 21:20:44,197 - data_loader - INFO -   LABEL CHECK [2013-08-30.train-a sample #42155]: gold_parent_idx=43, gold_msg_idx=1000, C=47, msg_i_idx=1004, candidate_range=[955, 1003]
2026-05-18 21:20:44,218 - data_loader - INFO -   Created 104 samples for 2013-08-30.train-a
2026-05-18 21:20:44,218 - data_loader - INFO -   File 124/153: 2013-08-30.train-a - 1126 messages, 42257 total samples so far
2026-05-18 21:20:44,218 - data_loader - INFO - Loading conversation from /home/s4901673/workspace/irc-disentanglement-bert-pytorch/data/train/2013-09-12.train-a.ascii.txt
2026-05-18 21:20:44,220 - data_loader - INFO -   Read 1256 lines from ASCII file
2026-05-18 21:20:44,224 - data_loader - INFO -   Parsed 1256 messages, found 110 unique users
2026-05-18 21:20:44,446 - data_loader - INFO -   Loaded 256 gold links from annotation file
2026-05-18 21:20:44,446 - data_loader - INFO -   Conversation '2013-09-12.train-a' loaded in 0.23s
2026-05-18 21:20:44,446 - data_loader - INFO -   Creating samples for 2013-09-12.train-a: messages 0 to 1256 (limited)
2026-05-18 21:20:44,453 - data_loader - INFO -   LABEL CHECK [2013-09-12.train-a sample #42257]: gold_parent_idx=46, gold_msg_idx=997, C=49, msg_i_idx=1000, candidate_range=[951, 999]
2026-05-18 21:20:44,453 - data_loader - INFO -   LABEL CHECK [2013-09-12.train-a sample #42258]: gold_parent_idx=47, gold_msg_idx=999, C=49, msg_i_idx=1001, candidate_range=[952, 1000]
2026-05-18 21:20:44,453 - data_loader - INFO -   LABEL CHECK [2013-09-12.train-a sample #42259]: gold_parent_idx=43, gold_msg_idx=996, C=49, msg_i_idx=1002, candidate_range=[953, 1001]
2026-05-18 21:20:44,500 - data_loader - INFO -   Created 238 samples for 2013-09-12.train-a
2026-05-18 21:20:44,500 - data_loader - INFO -   File 125/153: 2013-09-12.train-a - 1256 messages, 42495 total samples so far
2026-05-18 21:20:44,500 - data_loader - INFO - Loading conversation from /home/s4901673/workspace/irc-disentanglement-bert-pytorch/data/train/2013-09-16.train-c.ascii.txt
2026-05-18 21:20:44,502 - data_loader - INFO -   Read 1500 lines from ASCII file
2026-05-18 21:20:44,506 - data_loader - INFO -   Parsed 1500 messages, found 124 unique users
2026-05-18 21:20:44,868 - data_loader - INFO -   Loaded 500 gold links from annotation file
2026-05-18 21:20:44,868 - data_loader - INFO -   Conversation '2013-09-16.train-c' loaded in 0.37s
2026-05-18 21:20:44,868 - data_loader - INFO -   Creating samples for 2013-09-16.train-c: messages 0 to 1500 (limited)
2026-05-18 21:20:44,875 - data_loader - INFO -   LABEL CHECK [2013-09-16.train-c sample #42495]: gold_parent_idx=40, gold_msg_idx=999, C=41, msg_i_idx=1000, candidate_range=[951, 999]
2026-05-18 21:20:44,875 - data_loader - INFO -   LABEL CHECK [2013-09-16.train-c sample #42496]: gold_parent_idx=39, gold_msg_idx=999, C=41, msg_i_idx=1001, candidate_range=[952, 1000]
2026-05-18 21:20:44,876 - data_loader - INFO -   LABEL CHECK [2013-09-16.train-c sample #42497]: gold_parent_idx=40, gold_msg_idx=1001, C=41, msg_i_idx=1002, candidate_range=[953, 1001]
2026-05-18 21:20:44,958 - data_loader - INFO -   Created 423 samples for 2013-09-16.train-c
2026-05-18 21:20:44,959 - data_loader - INFO -   File 126/153: 2013-09-16.train-c - 1500 messages, 42918 total samples so far
2026-05-18 21:20:44,959 - data_loader - INFO - Loading conversation from /home/s4901673/workspace/irc-disentanglement-bert-pytorch/data/train/2013-10-04.train-a.ascii.txt
2026-05-18 21:20:44,960 - data_loader - INFO -   Read 1062 lines from ASCII file
2026-05-18 21:20:44,963 - data_loader - INFO -   Parsed 1062 messages, found 97 unique users
2026-05-18 21:20:45,135 - data_loader - INFO -   Loaded 62 gold links from annotation file
2026-05-18 21:20:45,135 - data_loader - INFO -   Conversation '2013-10-04.train-a' loaded in 0.18s
2026-05-18 21:20:45,136 - data_loader - INFO -   Creating samples for 2013-10-04.train-a: messages 0 to 1062 (limited)
2026-05-18 21:20:45,142 - data_loader - INFO -   LABEL CHECK [2013-10-04.train-a sample #42918]: gold_parent_idx=45, gold_msg_idx=998, C=47, msg_i_idx=1000, candidate_range=[951, 999]
2026-05-18 21:20:45,142 - data_loader - INFO -   LABEL CHECK [2013-10-04.train-a sample #42919]: gold_parent_idx=44, gold_msg_idx=1006, C=45, msg_i_idx=1007, candidate_range=[958, 1006]
2026-05-18 21:20:45,143 - data_loader - INFO -   LABEL CHECK [2013-10-04.train-a sample #42920]: gold_parent_idx=43, gold_msg_idx=1006, C=45, msg_i_idx=1008, candidate_range=[959, 1007]
2026-05-18 21:20:45,150 - data_loader - INFO -   Created 44 samples for 2013-10-04.train-a
2026-05-18 21:20:45,150 - data_loader - INFO -   File 127/153: 2013-10-04.train-a - 1062 messages, 42962 total samples so far
2026-05-18 21:20:45,150 - data_loader - INFO - Loading conversation from /home/s4901673/workspace/irc-disentanglement-bert-pytorch/data/train/2013-10-11.train-a.ascii.txt
2026-05-18 21:20:45,151 - data_loader - INFO -   Read 1084 lines from ASCII file
2026-05-18 21:20:45,154 - data_loader - INFO -   Parsed 1084 messages, found 108 unique users
2026-05-18 21:20:45,354 - data_loader - INFO -   Loaded 84 gold links from annotation file
2026-05-18 21:20:45,354 - data_loader - INFO -   Conversation '2013-10-11.train-a' loaded in 0.20s
2026-05-18 21:20:45,354 - data_loader - INFO -   Creating samples for 2013-10-11.train-a: messages 0 to 1084 (limited)
2026-05-18 21:20:45,361 - data_loader - INFO -   LABEL CHECK [2013-10-11.train-a sample #42962]: gold_parent_idx=43, gold_msg_idx=1000, C=44, msg_i_idx=1001, candidate_range=[952, 1000]
2026-05-18 21:20:45,361 - data_loader - INFO -   LABEL CHECK [2013-10-11.train-a sample #42963]: gold_parent_idx=43, gold_msg_idx=1002, C=44, msg_i_idx=1003, candidate_range=[954, 1002]
2026-05-18 21:20:45,362 - data_loader - INFO -   LABEL CHECK [2013-10-11.train-a sample #42964]: gold_parent_idx=42, gold_msg_idx=1002, C=44, msg_i_idx=1004, candidate_range=[955, 1003]
2026-05-18 21:20:45,372 - data_loader - INFO -   Created 59 samples for 2013-10-11.train-a
2026-05-18 21:20:45,372 - data_loader - INFO -   File 128/153: 2013-10-11.train-a - 1084 messages, 43021 total samples so far
2026-05-18 21:20:45,372 - data_loader - INFO - Loading conversation from /home/s4901673/workspace/irc-disentanglement-bert-pytorch/data/train/2013-10-28.train-a.ascii.txt
2026-05-18 21:20:45,374 - data_loader - INFO -   Read 1307 lines from ASCII file
2026-05-18 21:20:45,377 - data_loader - INFO -   Parsed 1307 messages, found 143 unique users
2026-05-18 21:20:45,687 - data_loader - INFO -   Loaded 307 gold links from annotation file
2026-05-18 21:20:45,687 - data_loader - INFO -   Conversation '2013-10-28.train-a' loaded in 0.32s
2026-05-18 21:20:45,688 - data_loader - INFO -   Creating samples for 2013-10-28.train-a: messages 0 to 1307 (limited)
2026-05-18 21:20:45,694 - data_loader - INFO -   LABEL CHECK [2013-10-28.train-a sample #43021]: gold_parent_idx=46, gold_msg_idx=1001, C=48, msg_i_idx=1003, candidate_range=[954, 1002]
2026-05-18 21:20:45,695 - data_loader - INFO -   LABEL CHECK [2013-10-28.train-a sample #43022]: gold_parent_idx=47, gold_msg_idx=1003, C=48, msg_i_idx=1004, candidate_range=[955, 1003]
2026-05-18 21:20:45,695 - data_loader - INFO -   LABEL CHECK [2013-10-28.train-a sample #43023]: gold_parent_idx=45, gold_msg_idx=1002, C=48, msg_i_idx=1005, candidate_range=[956, 1004]
2026-05-18 21:20:45,741 - data_loader - INFO -   Created 257 samples for 2013-10-28.train-a
2026-05-18 21:20:45,741 - data_loader - INFO -   File 129/153: 2013-10-28.train-a - 1307 messages, 43278 total samples so far
2026-05-18 21:20:45,741 - data_loader - INFO - Loading conversation from /home/s4901673/workspace/irc-disentanglement-bert-pytorch/data/train/2013-12-02.train-a.ascii.txt
2026-05-18 21:20:45,743 - data_loader - INFO -   Read 1181 lines from ASCII file
2026-05-18 21:20:45,746 - data_loader - INFO -   Parsed 1181 messages, found 141 unique users
2026-05-18 21:20:46,030 - data_loader - INFO -   Loaded 181 gold links from annotation file
2026-05-18 21:20:46,030 - data_loader - INFO -   Conversation '2013-12-02.train-a' loaded in 0.29s
2026-05-18 21:20:46,030 - data_loader - INFO -   Creating samples for 2013-12-02.train-a: messages 0 to 1181 (limited)
2026-05-18 21:20:46,036 - data_loader - INFO -   LABEL CHECK [2013-12-02.train-a sample #43278]: gold_parent_idx=38, gold_msg_idx=992, C=46, msg_i_idx=1000, candidate_range=[951, 999]
2026-05-18 21:20:46,037 - data_loader - INFO -   LABEL CHECK [2013-12-02.train-a sample #43279]: gold_parent_idx=45, gold_msg_idx=1002, C=46, msg_i_idx=1004, candidate_range=[955, 1002]
2026-05-18 21:20:46,037 - data_loader - INFO -   LABEL CHECK [2013-12-02.train-a sample #43280]: gold_parent_idx=44, gold_msg_idx=1002, C=46, msg_i_idx=1005, candidate_range=[956, 1004]
2026-05-18 21:20:46,064 - data_loader - INFO -   Created 137 samples for 2013-12-02.train-a
2026-05-18 21:20:46,064 - data_loader - INFO -   File 130/153: 2013-12-02.train-a - 1181 messages, 43415 total samples so far
2026-05-18 21:20:46,064 - data_loader - INFO - Loading conversation from /home/s4901673/workspace/irc-disentanglement-bert-pytorch/data/train/2014-01-08.train-c.ascii.txt
2026-05-18 21:20:46,068 - data_loader - INFO -   Read 1500 lines from ASCII file
2026-05-18 21:20:46,072 - data_loader - INFO -   Parsed 1500 messages, found 84 unique users
2026-05-18 21:20:46,275 - data_loader - INFO -   Loaded 500 gold links from annotation file
2026-05-18 21:20:46,275 - data_loader - INFO -   Conversation '2014-01-08.train-c' loaded in 0.21s
2026-05-18 21:20:46,275 - data_loader - INFO -   Creating samples for 2014-01-08.train-c: messages 0 to 1500 (limited)
2026-05-18 21:20:46,282 - data_loader - INFO -   LABEL CHECK [2014-01-08.train-c sample #43415]: gold_parent_idx=43, gold_msg_idx=996, C=47, msg_i_idx=1000, candidate_range=[951, 999]
2026-05-18 21:20:46,282 - data_loader - INFO -   LABEL CHECK [2014-01-08.train-c sample #43416]: gold_parent_idx=46, gold_msg_idx=1000, C=47, msg_i_idx=1001, candidate_range=[952, 1000]
2026-05-18 21:20:46,282 - data_loader - INFO -   LABEL CHECK [2014-01-08.train-c sample #43417]: gold_parent_idx=45, gold_msg_idx=1001, C=46, msg_i_idx=1003, candidate_range=[954, 1001]
2026-05-18 21:20:46,364 - data_loader - INFO -   Created 419 samples for 2014-01-08.train-c
2026-05-18 21:20:46,365 - data_loader - INFO -   File 131/153: 2014-01-08.train-c - 1500 messages, 43834 total samples so far
2026-05-18 21:20:46,365 - data_loader - INFO - Loading conversation from /home/s4901673/workspace/irc-disentanglement-bert-pytorch/data/train/2014-08-14.train-c.ascii.txt
2026-05-18 21:20:46,366 - data_loader - INFO -   Read 1500 lines from ASCII file
2026-05-18 21:20:46,371 - data_loader - INFO -   Parsed 1500 messages, found 135 unique users
2026-05-18 21:20:46,717 - data_loader - INFO -   Loaded 500 gold links from annotation file
2026-05-18 21:20:46,718 - data_loader - INFO -   Conversation '2014-08-14.train-c' loaded in 0.35s
2026-05-18 21:20:46,718 - data_loader - INFO -   Creating samples for 2014-08-14.train-c: messages 0 to 1500 (limited)
2026-05-18 21:20:46,724 - data_loader - INFO -   LABEL CHECK [2014-08-14.train-c sample #43834]: gold_parent_idx=45, gold_msg_idx=999, C=46, msg_i_idx=1000, candidate_range=[951, 999]
2026-05-18 21:20:46,725 - data_loader - INFO -   LABEL CHECK [2014-08-14.train-c sample #43835]: gold_parent_idx=45, gold_msg_idx=1000, C=46, msg_i_idx=1001, candidate_range=[952, 1000]
2026-05-18 21:20:46,725 - data_loader - INFO -   LABEL CHECK [2014-08-14.train-c sample #43836]: gold_parent_idx=43, gold_msg_idx=999, C=46, msg_i_idx=1002, candidate_range=[954, 1001]
2026-05-18 21:20:46,802 - data_loader - INFO -   Created 422 samples for 2014-08-14.train-c
2026-05-18 21:20:46,802 - data_loader - INFO -   File 132/153: 2014-08-14.train-c - 1500 messages, 44256 total samples so far
2026-05-18 21:20:46,802 - data_loader - INFO - Loading conversation from /home/s4901673/workspace/irc-disentanglement-bert-pytorch/data/train/2014-09-29.train-c.ascii.txt
2026-05-18 21:20:46,804 - data_loader - INFO -   Read 1500 lines from ASCII file
2026-05-18 21:20:46,808 - data_loader - INFO -   Parsed 1500 messages, found 152 unique users
2026-05-18 21:20:47,188 - data_loader - INFO -   Loaded 500 gold links from annotation file
2026-05-18 21:20:47,188 - data_loader - INFO -   Conversation '2014-09-29.train-c' loaded in 0.39s
2026-05-18 21:20:47,188 - data_loader - INFO -   Creating samples for 2014-09-29.train-c: messages 0 to 1500 (limited)
2026-05-18 21:20:47,195 - data_loader - INFO -   LABEL CHECK [2014-09-29.train-c sample #44256]: gold_parent_idx=43, gold_msg_idx=997, C=46, msg_i_idx=1000, candidate_range=[951, 999]
2026-05-18 21:20:47,195 - data_loader - INFO -   LABEL CHECK [2014-09-29.train-c sample #44257]: gold_parent_idx=45, gold_msg_idx=1000, C=46, msg_i_idx=1001, candidate_range=[952, 1000]
2026-05-18 21:20:47,196 - data_loader - INFO -   LABEL CHECK [2014-09-29.train-c sample #44258]: gold_parent_idx=41, gold_msg_idx=998, C=46, msg_i_idx=1003, candidate_range=[954, 1002]
2026-05-18 21:20:47,270 - data_loader - INFO -   Created 401 samples for 2014-09-29.train-c
2026-05-18 21:20:47,270 - data_loader - INFO -   File 133/153: 2014-09-29.train-c - 1500 messages, 44657 total samples so far
2026-05-18 21:20:47,270 - data_loader - INFO - Loading conversation from /home/s4901673/workspace/irc-disentanglement-bert-pytorch/data/train/2014-12-21.train-c.ascii.txt
2026-05-18 21:20:47,272 - data_loader - INFO -   Read 1500 lines from ASCII file
2026-05-18 21:20:47,276 - data_loader - INFO -   Parsed 1500 messages, found 137 unique users
2026-05-18 21:20:47,653 - data_loader - INFO -   Loaded 500 gold links from annotation file
2026-05-18 21:20:47,653 - data_loader - INFO -   Conversation '2014-12-21.train-c' loaded in 0.38s
2026-05-18 21:20:47,653 - data_loader - INFO -   Creating samples for 2014-12-21.train-c: messages 0 to 1500 (limited)
2026-05-18 21:20:47,661 - data_loader - INFO -   LABEL CHECK [2014-12-21.train-c sample #44657]: gold_parent_idx=42, gold_msg_idx=998, C=44, msg_i_idx=1001, candidate_range=[955, 1000]
2026-05-18 21:20:47,661 - data_loader - INFO -   LABEL CHECK [2014-12-21.train-c sample #44658]: gold_parent_idx=43, gold_msg_idx=1000, C=45, msg_i_idx=1002, candidate_range=[955, 1001]
2026-05-18 21:20:47,662 - data_loader - INFO -   LABEL CHECK [2014-12-21.train-c sample #44659]: gold_parent_idx=44, gold_msg_idx=1001, C=46, msg_i_idx=1003, candidate_range=[955, 1002]
2026-05-18 21:20:47,731 - data_loader - INFO -   Created 380 samples for 2014-12-21.train-c
2026-05-18 21:20:47,731 - data_loader - INFO -   File 134/153: 2014-12-21.train-c - 1500 messages, 45037 total samples so far
2026-05-18 21:20:47,731 - data_loader - INFO - Loading conversation from /home/s4901673/workspace/irc-disentanglement-bert-pytorch/data/train/2014-12-27.train-c.ascii.txt
2026-05-18 21:20:47,733 - data_loader - INFO -   Read 1500 lines from ASCII file
2026-05-18 21:20:47,737 - data_loader - INFO -   Parsed 1500 messages, found 142 unique users
2026-05-18 21:20:48,122 - data_loader - INFO -   Loaded 500 gold links from annotation file
2026-05-18 21:20:48,122 - data_loader - INFO -   Conversation '2014-12-27.train-c' loaded in 0.39s
2026-05-18 21:20:48,122 - data_loader - INFO -   Creating samples for 2014-12-27.train-c: messages 0 to 1500 (limited)
2026-05-18 21:20:48,129 - data_loader - INFO -   LABEL CHECK [2014-12-27.train-c sample #45037]: gold_parent_idx=45, gold_msg_idx=999, C=46, msg_i_idx=1000, candidate_range=[951, 999]
2026-05-18 21:20:48,129 - data_loader - INFO -   LABEL CHECK [2014-12-27.train-c sample #45038]: gold_parent_idx=45, gold_msg_idx=1000, C=46, msg_i_idx=1001, candidate_range=[952, 1000]
2026-05-18 21:20:48,129 - data_loader - INFO -   LABEL CHECK [2014-12-27.train-c sample #45039]: gold_parent_idx=45, gold_msg_idx=1001, C=46, msg_i_idx=1002, candidate_range=[953, 1001]
2026-05-18 21:20:48,208 - data_loader - INFO -   Created 399 samples for 2014-12-27.train-c
2026-05-18 21:20:48,208 - data_loader - INFO -   File 135/153: 2014-12-27.train-c - 1500 messages, 45436 total samples so far
2026-05-18 21:20:48,208 - data_loader - INFO - Loading conversation from /home/s4901673/workspace/irc-disentanglement-bert-pytorch/data/train/2015-01-20.train-b.ascii.txt
2026-05-18 21:20:48,210 - data_loader - INFO -   Read 1100 lines from ASCII file
2026-05-18 21:20:48,213 - data_loader - INFO -   Parsed 1100 messages, found 91 unique users
2026-05-18 21:20:48,392 - data_loader - INFO -   Loaded 100 gold links from annotation file
2026-05-18 21:20:48,392 - data_loader - INFO -   Conversation '2015-01-20.train-b' loaded in 0.18s
2026-05-18 21:20:48,392 - data_loader - INFO -   Creating samples for 2015-01-20.train-b: messages 0 to 1100 (limited)
2026-05-18 21:20:48,399 - data_loader - INFO -   LABEL CHECK [2015-01-20.train-b sample #45436]: gold_parent_idx=42, gold_msg_idx=994, C=48, msg_i_idx=1000, candidate_range=[951, 999]
2026-05-18 21:20:48,399 - data_loader - INFO -   LABEL CHECK [2015-01-20.train-b sample #45437]: gold_parent_idx=47, gold_msg_idx=1000, C=48, msg_i_idx=1001, candidate_range=[952, 1000]
2026-05-18 21:20:48,400 - data_loader - INFO -   LABEL CHECK [2015-01-20.train-b sample #45438]: gold_parent_idx=47, gold_msg_idx=1001, C=48, msg_i_idx=1002, candidate_range=[953, 1001]
2026-05-18 21:20:48,420 - data_loader - INFO -   Created 95 samples for 2015-01-20.train-b
2026-05-18 21:20:48,420 - data_loader - INFO -   File 136/153: 2015-01-20.train-b - 1100 messages, 45531 total samples so far
2026-05-18 21:20:48,420 - data_loader - INFO - Loading conversation from /home/s4901673/workspace/irc-disentanglement-bert-pytorch/data/train/2015-02-04.train-b.ascii.txt
2026-05-18 21:20:48,421 - data_loader - INFO -   Read 1100 lines from ASCII file
2026-05-18 21:20:48,424 - data_loader - INFO -   Parsed 1100 messages, found 139 unique users
2026-05-18 21:20:48,693 - data_loader - INFO -   Loaded 100 gold links from annotation file
2026-05-18 21:20:48,694 - data_loader - INFO -   Conversation '2015-02-04.train-b' loaded in 0.27s
2026-05-18 21:20:48,694 - data_loader - INFO -   Creating samples for 2015-02-04.train-b: messages 0 to 1100 (limited)
2026-05-18 21:20:48,700 - data_loader - INFO -   LABEL CHECK [2015-02-04.train-b sample #45531]: gold_parent_idx=41, gold_msg_idx=1000, C=42, msg_i_idx=1002, candidate_range=[953, 1000]
2026-05-18 21:20:48,701 - data_loader - INFO -   LABEL CHECK [2015-02-04.train-b sample #45532]: gold_parent_idx=41, gold_msg_idx=1002, C=42, msg_i_idx=1003, candidate_range=[954, 1002]
2026-05-18 21:20:48,701 - data_loader - INFO -   LABEL CHECK [2015-02-04.train-b sample #45533]: gold_parent_idx=41, gold_msg_idx=1003, C=42, msg_i_idx=1004, candidate_range=[955, 1003]
2026-05-18 21:20:48,717 - data_loader - INFO -   Created 84 samples for 2015-02-04.train-b
2026-05-18 21:20:48,717 - data_loader - INFO -   File 137/153: 2015-02-04.train-b - 1100 messages, 45615 total samples so far
2026-05-18 21:20:48,717 - data_loader - INFO - Loading conversation from /home/s4901673/workspace/irc-disentanglement-bert-pytorch/data/train/2015-04-19.train-b.ascii.txt
2026-05-18 21:20:48,719 - data_loader - INFO -   Read 1100 lines from ASCII file
2026-05-18 21:20:48,722 - data_loader - INFO -   Parsed 1100 messages, found 131 unique users
2026-05-18 21:20:48,988 - data_loader - INFO -   Loaded 100 gold links from annotation file
2026-05-18 21:20:48,989 - data_loader - INFO -   Conversation '2015-04-19.train-b' loaded in 0.27s
2026-05-18 21:20:48,989 - data_loader - INFO -   Creating samples for 2015-04-19.train-b: messages 0 to 1100 (limited)
2026-05-18 21:20:48,995 - data_loader - INFO -   LABEL CHECK [2015-04-19.train-b sample #45615]: gold_parent_idx=46, gold_msg_idx=998, C=48, msg_i_idx=1000, candidate_range=[951, 999]
2026-05-18 21:20:48,996 - data_loader - INFO -   LABEL CHECK [2015-04-19.train-b sample #45616]: gold_parent_idx=37, gold_msg_idx=990, C=48, msg_i_idx=1001, candidate_range=[952, 1000]
2026-05-18 21:20:48,996 - data_loader - INFO -   LABEL CHECK [2015-04-19.train-b sample #45617]: gold_parent_idx=47, gold_msg_idx=1001, C=48, msg_i_idx=1002, candidate_range=[953, 1001]
2026-05-18 21:20:49,016 - data_loader - INFO -   Created 93 samples for 2015-04-19.train-b
2026-05-18 21:20:49,016 - data_loader - INFO -   File 138/153: 2015-04-19.train-b - 1100 messages, 45708 total samples so far
2026-05-18 21:20:49,016 - data_loader - INFO - Loading conversation from /home/s4901673/workspace/irc-disentanglement-bert-pytorch/data/train/2015-05-08.train-c.ascii.txt
2026-05-18 21:20:49,017 - data_loader - INFO -   Read 1500 lines from ASCII file
2026-05-18 21:20:49,021 - data_loader - INFO -   Parsed 1500 messages, found 115 unique users
2026-05-18 21:20:49,319 - data_loader - INFO -   Loaded 500 gold links from annotation file
2026-05-18 21:20:49,319 - data_loader - INFO -   Conversation '2015-05-08.train-c' loaded in 0.30s
2026-05-18 21:20:49,319 - data_loader - INFO -   Creating samples for 2015-05-08.train-c: messages 0 to 1500 (limited)
2026-05-18 21:20:49,326 - data_loader - INFO -   LABEL CHECK [2015-05-08.train-c sample #45708]: gold_parent_idx=46, gold_msg_idx=998, C=48, msg_i_idx=1000, candidate_range=[951, 999]
2026-05-18 21:20:49,326 - data_loader - INFO -   LABEL CHECK [2015-05-08.train-c sample #45709]: gold_parent_idx=47, gold_msg_idx=1000, C=48, msg_i_idx=1001, candidate_range=[952, 1000]
2026-05-18 21:20:49,327 - data_loader - INFO -   LABEL CHECK [2015-05-08.train-c sample #45710]: gold_parent_idx=47, gold_msg_idx=1001, C=48, msg_i_idx=1002, candidate_range=[953, 1001]
2026-05-18 21:20:49,400 - data_loader - INFO -   Created 410 samples for 2015-05-08.train-c
2026-05-18 21:20:49,400 - data_loader - INFO -   File 139/153: 2015-05-08.train-c - 1500 messages, 46118 total samples so far
2026-05-18 21:20:49,400 - data_loader - INFO - Loading conversation from /home/s4901673/workspace/irc-disentanglement-bert-pytorch/data/train/2015-06-12.train-b.ascii.txt
2026-05-18 21:20:49,402 - data_loader - INFO -   Read 1100 lines from ASCII file
2026-05-18 21:20:49,405 - data_loader - INFO -   Parsed 1100 messages, found 142 unique users
2026-05-18 21:20:49,688 - data_loader - INFO -   Loaded 100 gold links from annotation file
2026-05-18 21:20:49,688 - data_loader - INFO -   Conversation '2015-06-12.train-b' loaded in 0.29s
2026-05-18 21:20:49,688 - data_loader - INFO -   Creating samples for 2015-06-12.train-b: messages 0 to 1100 (limited)
2026-05-18 21:20:49,695 - data_loader - INFO -   LABEL CHECK [2015-06-12.train-b sample #46118]: gold_parent_idx=47, gold_msg_idx=998, C=49, msg_i_idx=1000, candidate_range=[951, 999]
2026-05-18 21:20:49,695 - data_loader - INFO -   LABEL CHECK [2015-06-12.train-b sample #46119]: gold_parent_idx=48, gold_msg_idx=1000, C=49, msg_i_idx=1001, candidate_range=[952, 1000]
2026-05-18 21:20:49,695 - data_loader - INFO -   LABEL CHECK [2015-06-12.train-b sample #46120]: gold_parent_idx=21, gold_msg_idx=974, C=49, msg_i_idx=1002, candidate_range=[953, 1001]
2026-05-18 21:20:49,712 - data_loader - INFO -   Created 75 samples for 2015-06-12.train-b
2026-05-18 21:20:49,712 - data_loader - INFO -   File 140/153: 2015-06-12.train-b - 1100 messages, 46193 total samples so far
2026-05-18 21:20:49,712 - data_loader - INFO - Loading conversation from /home/s4901673/workspace/irc-disentanglement-bert-pytorch/data/train/2015-08-10.train-b.ascii.txt
2026-05-18 21:20:49,714 - data_loader - INFO -   Read 1100 lines from ASCII file
2026-05-18 21:20:49,717 - data_loader - INFO -   Parsed 1100 messages, found 94 unique users
2026-05-18 21:20:49,900 - data_loader - INFO -   Loaded 100 gold links from annotation file
2026-05-18 21:20:49,900 - data_loader - INFO -   Conversation '2015-08-10.train-b' loaded in 0.19s
2026-05-18 21:20:49,901 - data_loader - INFO -   Creating samples for 2015-08-10.train-b: messages 0 to 1100 (limited)
2026-05-18 21:20:49,907 - data_loader - INFO -   LABEL CHECK [2015-08-10.train-b sample #46193]: gold_parent_idx=42, gold_msg_idx=998, C=44, msg_i_idx=1000, candidate_range=[951, 999]
2026-05-18 21:20:49,908 - data_loader - INFO -   LABEL CHECK [2015-08-10.train-b sample #46194]: gold_parent_idx=40, gold_msg_idx=998, C=44, msg_i_idx=1002, candidate_range=[953, 1001]
2026-05-18 21:20:49,908 - data_loader - INFO -   LABEL CHECK [2015-08-10.train-b sample #46195]: gold_parent_idx=42, gold_msg_idx=1002, C=44, msg_i_idx=1004, candidate_range=[955, 1003]
2026-05-18 21:20:49,923 - data_loader - INFO -   Created 84 samples for 2015-08-10.train-b
2026-05-18 21:20:49,923 - data_loader - INFO -   File 141/153: 2015-08-10.train-b - 1100 messages, 46277 total samples so far
2026-05-18 21:20:49,923 - data_loader - INFO - Loading conversation from /home/s4901673/workspace/irc-disentanglement-bert-pytorch/data/train/2015-09-25.train-b.ascii.txt
2026-05-18 21:20:49,925 - data_loader - INFO -   Read 1100 lines from ASCII file
2026-05-18 21:20:49,928 - data_loader - INFO -   Parsed 1100 messages, found 142 unique users
2026-05-18 21:20:50,205 - data_loader - INFO -   Loaded 100 gold links from annotation file
2026-05-18 21:20:50,205 - data_loader - INFO -   Conversation '2015-09-25.train-b' loaded in 0.28s
2026-05-18 21:20:50,205 - data_loader - INFO -   Creating samples for 2015-09-25.train-b: messages 0 to 1100 (limited)
2026-05-18 21:20:50,212 - data_loader - INFO -   LABEL CHECK [2015-09-25.train-b sample #46277]: gold_parent_idx=41, gold_msg_idx=1002, C=42, msg_i_idx=1003, candidate_range=[955, 1002]
2026-05-18 21:20:50,212 - data_loader - INFO -   LABEL CHECK [2015-09-25.train-b sample #46278]: gold_parent_idx=42, gold_msg_idx=1003, C=43, msg_i_idx=1004, candidate_range=[955, 1003]
2026-05-18 21:20:50,213 - data_loader - INFO -   LABEL CHECK [2015-09-25.train-b sample #46279]: gold_parent_idx=42, gold_msg_idx=1005, C=43, msg_i_idx=1006, candidate_range=[957, 1005]
2026-05-18 21:20:50,229 - data_loader - INFO -   Created 84 samples for 2015-09-25.train-b
2026-05-18 21:20:50,229 - data_loader - INFO -   File 142/153: 2015-09-25.train-b - 1100 messages, 46361 total samples so far
2026-05-18 21:20:50,229 - data_loader - INFO - Loading conversation from /home/s4901673/workspace/irc-disentanglement-bert-pytorch/data/train/2015-10-14.train-b.ascii.txt
2026-05-18 21:20:50,231 - data_loader - INFO -   Read 1100 lines from ASCII file
2026-05-18 21:20:50,234 - data_loader - INFO -   Parsed 1100 messages, found 121 unique users
2026-05-18 21:20:50,456 - data_loader - INFO -   Loaded 100 gold links from annotation file
2026-05-18 21:20:50,456 - data_loader - INFO -   Conversation '2015-10-14.train-b' loaded in 0.23s
2026-05-18 21:20:50,456 - data_loader - INFO -   Creating samples for 2015-10-14.train-b: messages 0 to 1100 (limited)
2026-05-18 21:20:50,462 - data_loader - INFO -   LABEL CHECK [2015-10-14.train-b sample #46361]: gold_parent_idx=41, gold_msg_idx=994, C=45, msg_i_idx=1000, candidate_range=[951, 998]
2026-05-18 21:20:50,463 - data_loader - INFO -   LABEL CHECK [2015-10-14.train-b sample #46362]: gold_parent_idx=44, gold_msg_idx=1001, C=45, msg_i_idx=1002, candidate_range=[953, 1001]
2026-05-18 21:20:50,463 - data_loader - INFO -   LABEL CHECK [2015-10-14.train-b sample #46363]: gold_parent_idx=42, gold_msg_idx=1000, C=45, msg_i_idx=1003, candidate_range=[954, 1002]
2026-05-18 21:20:50,479 - data_loader - INFO -   Created 94 samples for 2015-10-14.train-b
2026-05-18 21:20:50,479 - data_loader - INFO -   File 143/153: 2015-10-14.train-b - 1100 messages, 46455 total samples so far
2026-05-18 21:20:50,479 - data_loader - INFO - Loading conversation from /home/s4901673/workspace/irc-disentanglement-bert-pytorch/data/train/2015-10-19.train-b.ascii.txt
2026-05-18 21:20:50,481 - data_loader - INFO -   Read 1100 lines from ASCII file
2026-05-18 21:20:50,484 - data_loader - INFO -   Parsed 1100 messages, found 114 unique users
2026-05-18 21:20:50,695 - data_loader - INFO -   Loaded 100 gold links from annotation file
2026-05-18 21:20:50,696 - data_loader - INFO -   Conversation '2015-10-19.train-b' loaded in 0.22s
2026-05-18 21:20:50,696 - data_loader - INFO -   Creating samples for 2015-10-19.train-b: messages 0 to 1100 (limited)
2026-05-18 21:20:50,703 - data_loader - INFO -   LABEL CHECK [2015-10-19.train-b sample #46455]: gold_parent_idx=48, gold_msg_idx=999, C=49, msg_i_idx=1000, candidate_range=[951, 999]
2026-05-18 21:20:50,704 - data_loader - INFO -   LABEL CHECK [2015-10-19.train-b sample #46456]: gold_parent_idx=46, gold_msg_idx=999, C=48, msg_i_idx=1002, candidate_range=[953, 1000]
2026-05-18 21:20:50,704 - data_loader - INFO -   LABEL CHECK [2015-10-19.train-b sample #46457]: gold_parent_idx=46, gold_msg_idx=1003, C=48, msg_i_idx=1005, candidate_range=[956, 1004]
2026-05-18 21:20:50,724 - data_loader - INFO -   Created 84 samples for 2015-10-19.train-b
2026-05-18 21:20:50,724 - data_loader - INFO -   File 144/153: 2015-10-19.train-b - 1100 messages, 46539 total samples so far
2026-05-18 21:20:50,724 - data_loader - INFO - Loading conversation from /home/s4901673/workspace/irc-disentanglement-bert-pytorch/data/train/2015-11-26.train-b.ascii.txt
2026-05-18 21:20:50,725 - data_loader - INFO -   Read 1100 lines from ASCII file
2026-05-18 21:20:50,729 - data_loader - INFO -   Parsed 1100 messages, found 100 unique users
2026-05-18 21:20:50,923 - data_loader - INFO -   Loaded 100 gold links from annotation file
2026-05-18 21:20:50,923 - data_loader - INFO -   Conversation '2015-11-26.train-b' loaded in 0.20s
2026-05-18 21:20:50,923 - data_loader - INFO -   Creating samples for 2015-11-26.train-b: messages 0 to 1100 (limited)
2026-05-18 21:20:50,929 - data_loader - INFO -   LABEL CHECK [2015-11-26.train-b sample #46539]: gold_parent_idx=35, gold_msg_idx=1000, C=36, msg_i_idx=1001, candidate_range=[952, 1000]
2026-05-18 21:20:50,929 - data_loader - INFO -   LABEL CHECK [2015-11-26.train-b sample #46540]: gold_parent_idx=35, gold_msg_idx=1002, C=36, msg_i_idx=1003, candidate_range=[954, 1002]
2026-05-18 21:20:50,929 - data_loader - INFO -   LABEL CHECK [2015-11-26.train-b sample #46541]: gold_parent_idx=35, gold_msg_idx=1003, C=36, msg_i_idx=1004, candidate_range=[955, 1003]
2026-05-18 21:20:50,941 - data_loader - INFO -   Created 68 samples for 2015-11-26.train-b
2026-05-18 21:20:50,941 - data_loader - INFO -   File 145/153: 2015-11-26.train-b - 1100 messages, 46607 total samples so far
2026-05-18 21:20:50,941 - data_loader - INFO - Loading conversation from /home/s4901673/workspace/irc-disentanglement-bert-pytorch/data/train/2015-12-28.train-b.ascii.txt
2026-05-18 21:20:50,943 - data_loader - INFO -   Read 1100 lines from ASCII file
2026-05-18 21:20:50,946 - data_loader - INFO -   Parsed 1100 messages, found 131 unique users
2026-05-18 21:20:51,188 - data_loader - INFO -   Loaded 100 gold links from annotation file
2026-05-18 21:20:51,188 - data_loader - INFO -   Conversation '2015-12-28.train-b' loaded in 0.25s
2026-05-18 21:20:51,188 - data_loader - INFO -   Creating samples for 2015-12-28.train-b: messages 0 to 1100 (limited)
2026-05-18 21:20:51,195 - data_loader - INFO -   LABEL CHECK [2015-12-28.train-b sample #46607]: gold_parent_idx=43, gold_msg_idx=998, C=44, msg_i_idx=1000, candidate_range=[951, 998]
2026-05-18 21:20:51,195 - data_loader - INFO -   LABEL CHECK [2015-12-28.train-b sample #46608]: gold_parent_idx=41, gold_msg_idx=996, C=44, msg_i_idx=1001, candidate_range=[952, 1000]
2026-05-18 21:20:51,196 - data_loader - INFO -   LABEL CHECK [2015-12-28.train-b sample #46609]: gold_parent_idx=41, gold_msg_idx=998, C=44, msg_i_idx=1002, candidate_range=[953, 1001]
2026-05-18 21:20:51,209 - data_loader - INFO -   Created 81 samples for 2015-12-28.train-b
2026-05-18 21:20:51,209 - data_loader - INFO -   File 146/153: 2015-12-28.train-b - 1100 messages, 46688 total samples so far
2026-05-18 21:20:51,210 - data_loader - INFO - Loading conversation from /home/s4901673/workspace/irc-disentanglement-bert-pytorch/data/train/2017-02-06.train-c.ascii.txt
2026-05-18 21:20:51,211 - data_loader - INFO -   Read 1500 lines from ASCII file
2026-05-18 21:20:51,215 - data_loader - INFO -   Parsed 1500 messages, found 156 unique users
2026-05-18 21:20:51,661 - data_loader - INFO -   Loaded 500 gold links from annotation file
2026-05-18 21:20:51,661 - data_loader - INFO -   Conversation '2017-02-06.train-c' loaded in 0.45s
2026-05-18 21:20:51,662 - data_loader - INFO -   Creating samples for 2017-02-06.train-c: messages 0 to 1500 (limited)
2026-05-18 21:20:51,670 - data_loader - INFO -   LABEL CHECK [2017-02-06.train-c sample #46688]: gold_parent_idx=42, gold_msg_idx=995, C=47, msg_i_idx=1000, candidate_range=[951, 999]
2026-05-18 21:20:51,670 - data_loader - INFO -   LABEL CHECK [2017-02-06.train-c sample #46689]: gold_parent_idx=45, gold_msg_idx=999, C=47, msg_i_idx=1001, candidate_range=[952, 1000]
2026-05-18 21:20:51,670 - data_loader - INFO -   LABEL CHECK [2017-02-06.train-c sample #46690]: gold_parent_idx=44, gold_msg_idx=999, C=47, msg_i_idx=1002, candidate_range=[953, 1001]
2026-05-18 21:20:51,754 - data_loader - INFO -   Created 389 samples for 2017-02-06.train-c
2026-05-18 21:20:51,754 - data_loader - INFO -   File 147/153: 2017-02-06.train-c - 1500 messages, 47077 total samples so far
2026-05-18 21:20:51,754 - data_loader - INFO - Loading conversation from /home/s4901673/workspace/irc-disentanglement-bert-pytorch/data/train/2017-03-02.train-c.ascii.txt
2026-05-18 21:20:51,756 - data_loader - INFO -   Read 1500 lines from ASCII file
2026-05-18 21:20:51,760 - data_loader - INFO -   Parsed 1500 messages, found 158 unique users
2026-05-18 21:20:52,155 - data_loader - INFO -   Loaded 500 gold links from annotation file
2026-05-18 21:20:52,155 - data_loader - INFO -   Conversation '2017-03-02.train-c' loaded in 0.40s
2026-05-18 21:20:52,155 - data_loader - INFO -   Creating samples for 2017-03-02.train-c: messages 0 to 1500 (limited)
2026-05-18 21:20:52,163 - data_loader - INFO -   LABEL CHECK [2017-03-02.train-c sample #47077]: gold_parent_idx=45, gold_msg_idx=997, C=48, msg_i_idx=1000, candidate_range=[951, 999]
2026-05-18 21:20:52,163 - data_loader - INFO -   LABEL CHECK [2017-03-02.train-c sample #47078]: gold_parent_idx=45, gold_msg_idx=998, C=48, msg_i_idx=1001, candidate_range=[952, 1000]
2026-05-18 21:20:52,163 - data_loader - INFO -   LABEL CHECK [2017-03-02.train-c sample #47079]: gold_parent_idx=47, gold_msg_idx=1001, C=48, msg_i_idx=1002, candidate_range=[953, 1001]
2026-05-18 21:20:52,239 - data_loader - INFO -   Created 415 samples for 2017-03-02.train-c
2026-05-18 21:20:52,239 - data_loader - INFO -   File 148/153: 2017-03-02.train-c - 1500 messages, 47492 total samples so far
2026-05-18 21:20:52,239 - data_loader - INFO - Loading conversation from /home/s4901673/workspace/irc-disentanglement-bert-pytorch/data/train/2017-03-23.train-c.ascii.txt
2026-05-18 21:20:52,241 - data_loader - INFO -   Read 1500 lines from ASCII file
2026-05-18 21:20:52,245 - data_loader - INFO -   Parsed 1500 messages, found 138 unique users
2026-05-18 21:20:52,600 - data_loader - INFO -   Loaded 500 gold links from annotation file
2026-05-18 21:20:52,600 - data_loader - INFO -   Conversation '2017-03-23.train-c' loaded in 0.36s
2026-05-18 21:20:52,600 - data_loader - INFO -   Creating samples for 2017-03-23.train-c: messages 0 to 1500 (limited)
2026-05-18 21:20:52,607 - data_loader - INFO -   LABEL CHECK [2017-03-23.train-c sample #47492]: gold_parent_idx=34, gold_msg_idx=986, C=49, msg_i_idx=1001, candidate_range=[952, 1000]
2026-05-18 21:20:52,607 - data_loader - INFO -   LABEL CHECK [2017-03-23.train-c sample #47493]: gold_parent_idx=48, gold_msg_idx=1001, C=49, msg_i_idx=1002, candidate_range=[953, 1001]
2026-05-18 21:20:52,607 - data_loader - INFO -   LABEL CHECK [2017-03-23.train-c sample #47494]: gold_parent_idx=46, gold_msg_idx=1000, C=49, msg_i_idx=1003, candidate_range=[954, 1002]
2026-05-18 21:20:52,694 - data_loader - INFO -   Created 428 samples for 2017-03-23.train-c
2026-05-18 21:20:52,695 - data_loader - INFO -   File 149/153: 2017-03-23.train-c - 1500 messages, 47920 total samples so far
2026-05-18 21:20:52,695 - data_loader - INFO - Loading conversation from /home/s4901673/workspace/irc-disentanglement-bert-pytorch/data/train/2017-05-09.train-c.ascii.txt
2026-05-18 21:20:52,696 - data_loader - INFO -   Read 1500 lines from ASCII file
2026-05-18 21:20:52,701 - data_loader - INFO -   Parsed 1500 messages, found 114 unique users
2026-05-18 21:20:53,016 - data_loader - INFO -   Loaded 500 gold links from annotation file
2026-05-18 21:20:53,016 - data_loader - INFO -   Conversation '2017-05-09.train-c' loaded in 0.32s
2026-05-18 21:20:53,016 - data_loader - INFO -   Creating samples for 2017-05-09.train-c: messages 0 to 1500 (limited)
2026-05-18 21:20:53,023 - data_loader - INFO -   LABEL CHECK [2017-05-09.train-c sample #47920]: gold_parent_idx=38, gold_msg_idx=999, C=39, msg_i_idx=1001, candidate_range=[952, 999]
2026-05-18 21:20:53,023 - data_loader - INFO -   LABEL CHECK [2017-05-09.train-c sample #47921]: gold_parent_idx=37, gold_msg_idx=999, C=39, msg_i_idx=1002, candidate_range=[953, 1001]
2026-05-18 21:20:53,023 - data_loader - INFO -   LABEL CHECK [2017-05-09.train-c sample #47922]: gold_parent_idx=36, gold_msg_idx=999, C=39, msg_i_idx=1003, candidate_range=[954, 1002]
2026-05-18 21:20:53,113 - data_loader - INFO -   Created 444 samples for 2017-05-09.train-c
2026-05-18 21:20:53,113 - data_loader - INFO -   File 150/153: 2017-05-09.train-c - 1500 messages, 48364 total samples so far
2026-05-18 21:20:53,113 - data_loader - INFO - Loading conversation from /home/s4901673/workspace/irc-disentanglement-bert-pytorch/data/train/2017-07-15.train-c.ascii.txt
2026-05-18 21:20:53,115 - data_loader - INFO -   Read 1500 lines from ASCII file
2026-05-18 21:20:53,119 - data_loader - INFO -   Parsed 1500 messages, found 83 unique users
2026-05-18 21:20:53,343 - data_loader - INFO -   Loaded 500 gold links from annotation file
2026-05-18 21:20:53,343 - data_loader - INFO -   Conversation '2017-07-15.train-c' loaded in 0.23s
2026-05-18 21:20:53,343 - data_loader - INFO -   Creating samples for 2017-07-15.train-c: messages 0 to 1500 (limited)
2026-05-18 21:20:53,350 - data_loader - INFO -   LABEL CHECK [2017-07-15.train-c sample #48364]: gold_parent_idx=47, gold_msg_idx=1002, C=48, msg_i_idx=1003, candidate_range=[954, 1002]
2026-05-18 21:20:53,350 - data_loader - INFO -   LABEL CHECK [2017-07-15.train-c sample #48365]: gold_parent_idx=46, gold_msg_idx=1002, C=48, msg_i_idx=1004, candidate_range=[955, 1003]
2026-05-18 21:20:53,350 - data_loader - INFO -   LABEL CHECK [2017-07-15.train-c sample #48366]: gold_parent_idx=47, gold_msg_idx=1004, C=48, msg_i_idx=1005, candidate_range=[956, 1004]
2026-05-18 21:20:53,469 - data_loader - INFO -   Created 465 samples for 2017-07-15.train-c
2026-05-18 21:20:53,469 - data_loader - INFO -   File 151/153: 2017-07-15.train-c - 1500 messages, 48829 total samples so far
2026-05-18 21:20:53,469 - data_loader - INFO - Loading conversation from /home/s4901673/workspace/irc-disentanglement-bert-pytorch/data/train/2017-09-02.train-c.ascii.txt
2026-05-18 21:20:53,470 - data_loader - INFO -   Read 1500 lines from ASCII file
2026-05-18 21:20:53,475 - data_loader - INFO -   Parsed 1500 messages, found 110 unique users
2026-05-18 21:20:53,793 - data_loader - INFO -   Loaded 500 gold links from annotation file
2026-05-18 21:20:53,793 - data_loader - INFO -   Conversation '2017-09-02.train-c' loaded in 0.32s
2026-05-18 21:20:53,793 - data_loader - INFO -   Creating samples for 2017-09-02.train-c: messages 0 to 1500 (limited)
2026-05-18 21:20:53,801 - data_loader - INFO -   LABEL CHECK [2017-09-02.train-c sample #48829]: gold_parent_idx=42, gold_msg_idx=995, C=48, msg_i_idx=1001, candidate_range=[952, 1000]
2026-05-18 21:20:53,801 - data_loader - INFO -   LABEL CHECK [2017-09-02.train-c sample #48830]: gold_parent_idx=46, gold_msg_idx=1001, C=48, msg_i_idx=1003, candidate_range=[954, 1002]
2026-05-18 21:20:53,802 - data_loader - INFO -   LABEL CHECK [2017-09-02.train-c sample #48831]: gold_parent_idx=47, gold_msg_idx=1004, C=48, msg_i_idx=1005, candidate_range=[956, 1004]
2026-05-18 21:20:53,908 - data_loader - INFO -   Created 459 samples for 2017-09-02.train-c
2026-05-18 21:20:53,908 - data_loader - INFO -   File 152/153: 2017-09-02.train-c - 1500 messages, 49288 total samples so far
2026-05-18 21:20:53,908 - data_loader - INFO - Loading conversation from /home/s4901673/workspace/irc-disentanglement-bert-pytorch/data/train/2018-02-27.train-c.ascii.txt
2026-05-18 21:20:53,909 - data_loader - INFO -   Read 1500 lines from ASCII file
2026-05-18 21:20:53,914 - data_loader - INFO -   Parsed 1500 messages, found 148 unique users
2026-05-18 21:20:54,287 - data_loader - INFO -   Loaded 500 gold links from annotation file
2026-05-18 21:20:54,287 - data_loader - INFO -   Conversation '2018-02-27.train-c' loaded in 0.38s
2026-05-18 21:20:54,287 - data_loader - INFO -   Creating samples for 2018-02-27.train-c: messages 0 to 1500 (limited)
2026-05-18 21:20:54,294 - data_loader - INFO -   LABEL CHECK [2018-02-27.train-c sample #49288]: gold_parent_idx=38, gold_msg_idx=1011, C=39, msg_i_idx=1012, candidate_range=[963, 1011]
2026-05-18 21:20:54,295 - data_loader - INFO -   LABEL CHECK [2018-02-27.train-c sample #49289]: gold_parent_idx=38, gold_msg_idx=1012, C=39, msg_i_idx=1013, candidate_range=[964, 1012]
2026-05-18 21:20:54,295 - data_loader - INFO -   LABEL CHECK [2018-02-27.train-c sample #49290]: gold_parent_idx=36, gold_msg_idx=1011, C=39, msg_i_idx=1014, candidate_range=[965, 1013]
2026-05-18 21:20:54,372 - data_loader - INFO -   Created 388 samples for 2018-02-27.train-c
2026-05-18 21:20:54,372 - data_loader - INFO -   File 153/153: 2018-02-27.train-c - 1500 messages, 49676 total samples so far
2026-05-18 21:20:54,372 - data_loader - INFO - Dataset initialization complete: 49676 samples from 153 conversations in 58.22s
2026-05-18 21:20:54,372 - __main__ - INFO -   Train dataset created: 49676 samples
2026-05-18 21:20:54,372 - __main__ - INFO - Loading 10 dev files...
2026-05-18 21:20:54,372 - data_loader - INFO - Initializing IRCDisentanglementDataset with 10 files
2026-05-18 21:20:54,373 - data_loader - INFO -   max_dist=50, max_length=96, skip_labels=False
2026-05-18 21:20:54,373 - data_loader - INFO -   test_start=0, test_end=1000000000
2026-05-18 21:20:54,373 - data_loader - INFO - Loading conversation from /home/s4901673/workspace/irc-disentanglement-bert-pytorch/data/dev/2004-11-15_03.ascii.txt
2026-05-18 21:20:54,374 - data_loader - INFO -   Read 1250 lines from ASCII file
2026-05-18 21:20:54,378 - data_loader - INFO -   Parsed 1250 messages, found 76 unique users
2026-05-18 21:20:54,504 - data_loader - INFO -   Loaded 250 gold links from annotation file
2026-05-18 21:20:54,504 - data_loader - INFO -   Conversation '2004-11-15_03' loaded in 0.13s
2026-05-18 21:20:54,504 - data_loader - INFO -   Creating samples for 2004-11-15_03: all 1250 messages
2026-05-18 21:20:54,511 - data_loader - INFO -   LABEL CHECK [2004-11-15_03 sample #0]: gold_parent_idx=30, gold_msg_idx=1002, C=31, msg_i_idx=1003, candidate_range=[954, 1002]
2026-05-18 21:20:54,511 - data_loader - INFO -   LABEL CHECK [2004-11-15_03 sample #1]: gold_parent_idx=30, gold_msg_idx=1003, C=31, msg_i_idx=1004, candidate_range=[955, 1003]
2026-05-18 21:20:54,511 - data_loader - INFO -   LABEL CHECK [2004-11-15_03 sample #2]: gold_parent_idx=29, gold_msg_idx=1003, C=31, msg_i_idx=1005, candidate_range=[956, 1004]
2026-05-18 21:20:54,537 - data_loader - INFO -   Created 182 samples for 2004-11-15_03
2026-05-18 21:20:54,537 - data_loader - INFO -   File 1/10: 2004-11-15_03 - 1250 messages, 182 total samples so far
2026-05-18 21:20:54,537 - data_loader - INFO - Loading conversation from /home/s4901673/workspace/irc-disentanglement-bert-pytorch/data/dev/2005-06-27_12.ascii.txt
2026-05-18 21:20:54,539 - data_loader - INFO -   Read 1250 lines from ASCII file
2026-05-18 21:20:54,542 - data_loader - INFO -   Parsed 1250 messages, found 77 unique users
2026-05-18 21:20:54,662 - data_loader - INFO -   Loaded 250 gold links from annotation file
2026-05-18 21:20:54,662 - data_loader - INFO -   Conversation '2005-06-27_12' loaded in 0.12s
2026-05-18 21:20:54,662 - data_loader - INFO -   Creating samples for 2005-06-27_12: all 1250 messages
2026-05-18 21:20:54,668 - data_loader - INFO -   LABEL CHECK [2005-06-27_12 sample #182]: gold_parent_idx=43, gold_msg_idx=1000, C=45, msg_i_idx=1002, candidate_range=[954, 1001]
2026-05-18 21:20:54,668 - data_loader - INFO -   LABEL CHECK [2005-06-27_12 sample #183]: gold_parent_idx=45, gold_msg_idx=1002, C=46, msg_i_idx=1003, candidate_range=[954, 1002]
2026-05-18 21:20:54,669 - data_loader - INFO -   LABEL CHECK [2005-06-27_12 sample #184]: gold_parent_idx=44, gold_msg_idx=1002, C=46, msg_i_idx=1004, candidate_range=[955, 1003]
2026-05-18 21:20:54,699 - data_loader - INFO -   Created 205 samples for 2005-06-27_12
2026-05-18 21:20:54,699 - data_loader - INFO -   File 2/10: 2005-06-27_12 - 1250 messages, 387 total samples so far
2026-05-18 21:20:54,699 - data_loader - INFO - Loading conversation from /home/s4901673/workspace/irc-disentanglement-bert-pytorch/data/dev/2005-08-08_01.ascii.txt
2026-05-18 21:20:54,700 - data_loader - INFO -   Read 1250 lines from ASCII file
2026-05-18 21:20:54,703 - data_loader - INFO -   Parsed 1250 messages, found 95 unique users
2026-05-18 21:20:54,859 - data_loader - INFO -   Loaded 250 gold links from annotation file
2026-05-18 21:20:54,860 - data_loader - INFO -   Conversation '2005-08-08_01' loaded in 0.16s
2026-05-18 21:20:54,860 - data_loader - INFO -   Creating samples for 2005-08-08_01: all 1250 messages
2026-05-18 21:20:54,866 - data_loader - INFO -   LABEL CHECK [2005-08-08_01 sample #387]: gold_parent_idx=17, gold_msg_idx=975, C=39, msg_i_idx=1001, candidate_range=[952, 1000]
2026-05-18 21:20:54,866 - data_loader - INFO -   LABEL CHECK [2005-08-08_01 sample #388]: gold_parent_idx=36, gold_msg_idx=999, C=39, msg_i_idx=1002, candidate_range=[955, 1001]
2026-05-18 21:20:54,866 - data_loader - INFO -   LABEL CHECK [2005-08-08_01 sample #389]: gold_parent_idx=39, gold_msg_idx=1002, C=40, msg_i_idx=1003, candidate_range=[955, 1002]
2026-05-18 21:20:54,894 - data_loader - INFO -   Created 177 samples for 2005-08-08_01
2026-05-18 21:20:54,894 - data_loader - INFO -   File 3/10: 2005-08-08_01 - 1250 messages, 564 total samples so far
2026-05-18 21:20:54,894 - data_loader - INFO - Loading conversation from /home/s4901673/workspace/irc-disentanglement-bert-pytorch/data/dev/2008-12-11_11.ascii.txt
2026-05-18 21:20:54,896 - data_loader - INFO -   Read 1250 lines from ASCII file
2026-05-18 21:20:54,899 - data_loader - INFO -   Parsed 1250 messages, found 142 unique users
2026-05-18 21:20:55,187 - data_loader - INFO -   Loaded 250 gold links from annotation file
2026-05-18 21:20:55,187 - data_loader - INFO -   Conversation '2008-12-11_11' loaded in 0.29s
2026-05-18 21:20:55,188 - data_loader - INFO -   Creating samples for 2008-12-11_11: all 1250 messages
2026-05-18 21:20:55,194 - data_loader - INFO -   LABEL CHECK [2008-12-11_11 sample #564]: gold_parent_idx=47, gold_msg_idx=999, C=48, msg_i_idx=1000, candidate_range=[951, 999]
2026-05-18 21:20:55,194 - data_loader - INFO -   LABEL CHECK [2008-12-11_11 sample #565]: gold_parent_idx=44, gold_msg_idx=997, C=48, msg_i_idx=1001, candidate_range=[952, 1000]
2026-05-18 21:20:55,195 - data_loader - INFO -   LABEL CHECK [2008-12-11_11 sample #566]: gold_parent_idx=47, gold_msg_idx=1002, C=48, msg_i_idx=1003, candidate_range=[954, 1002]
2026-05-18 21:20:55,231 - data_loader - INFO -   Created 196 samples for 2008-12-11_11
2026-05-18 21:20:55,231 - data_loader - INFO -   File 4/10: 2008-12-11_11 - 1250 messages, 760 total samples so far
2026-05-18 21:20:55,231 - data_loader - INFO - Loading conversation from /home/s4901673/workspace/irc-disentanglement-bert-pytorch/data/dev/2009-02-23_10.ascii.txt
2026-05-18 21:20:55,233 - data_loader - INFO -   Read 1250 lines from ASCII file
2026-05-18 21:20:55,236 - data_loader - INFO -   Parsed 1250 messages, found 111 unique users
2026-05-18 21:20:55,459 - data_loader - INFO -   Loaded 250 gold links from annotation file
2026-05-18 21:20:55,459 - data_loader - INFO -   Conversation '2009-02-23_10' loaded in 0.23s
2026-05-18 21:20:55,460 - data_loader - INFO -   Creating samples for 2009-02-23_10: all 1250 messages
2026-05-18 21:20:55,466 - data_loader - INFO -   LABEL CHECK [2009-02-23_10 sample #760]: gold_parent_idx=48, gold_msg_idx=999, C=49, msg_i_idx=1000, candidate_range=[951, 999]
2026-05-18 21:20:55,466 - data_loader - INFO -   LABEL CHECK [2009-02-23_10 sample #761]: gold_parent_idx=45, gold_msg_idx=999, C=48, msg_i_idx=1003, candidate_range=[954, 1002]
2026-05-18 21:20:55,467 - data_loader - INFO -   LABEL CHECK [2009-02-23_10 sample #762]: gold_parent_idx=46, gold_msg_idx=1002, C=48, msg_i_idx=1004, candidate_range=[955, 1003]
2026-05-18 21:20:55,501 - data_loader - INFO -   Created 190 samples for 2009-02-23_10
2026-05-18 21:20:55,501 - data_loader - INFO -   File 5/10: 2009-02-23_10 - 1250 messages, 950 total samples so far
2026-05-18 21:20:55,501 - data_loader - INFO - Loading conversation from /home/s4901673/workspace/irc-disentanglement-bert-pytorch/data/dev/2009-03-03_10.ascii.txt
2026-05-18 21:20:55,503 - data_loader - INFO -   Read 1250 lines from ASCII file
2026-05-18 21:20:55,506 - data_loader - INFO -   Parsed 1250 messages, found 134 unique users
2026-05-18 21:20:55,785 - data_loader - INFO -   Loaded 250 gold links from annotation file
2026-05-18 21:20:55,785 - data_loader - INFO -   Conversation '2009-03-03_10' loaded in 0.28s
2026-05-18 21:20:55,785 - data_loader - INFO -   Creating samples for 2009-03-03_10: all 1250 messages
2026-05-18 21:20:55,792 - data_loader - INFO -   LABEL CHECK [2009-03-03_10 sample #950]: gold_parent_idx=44, gold_msg_idx=999, C=45, msg_i_idx=1000, candidate_range=[951, 999]
2026-05-18 21:20:55,792 - data_loader - INFO -   LABEL CHECK [2009-03-03_10 sample #951]: gold_parent_idx=44, gold_msg_idx=1000, C=45, msg_i_idx=1001, candidate_range=[952, 1000]
2026-05-18 21:20:55,792 - data_loader - INFO -   LABEL CHECK [2009-03-03_10 sample #952]: gold_parent_idx=41, gold_msg_idx=998, C=45, msg_i_idx=1002, candidate_range=[953, 1001]
2026-05-18 21:20:55,832 - data_loader - INFO -   Created 215 samples for 2009-03-03_10
2026-05-18 21:20:55,832 - data_loader - INFO -   File 6/10: 2009-03-03_10 - 1250 messages, 1165 total samples so far
2026-05-18 21:20:55,832 - data_loader - INFO - Loading conversation from /home/s4901673/workspace/irc-disentanglement-bert-pytorch/data/dev/2009-10-01_17.ascii.txt
2026-05-18 21:20:55,834 - data_loader - INFO -   Read 1250 lines from ASCII file
2026-05-18 21:20:55,837 - data_loader - INFO -   Parsed 1250 messages, found 166 unique users
2026-05-18 21:20:56,182 - data_loader - INFO -   Loaded 250 gold links from annotation file
2026-05-18 21:20:56,182 - data_loader - INFO -   Conversation '2009-10-01_17' loaded in 0.35s
2026-05-18 21:20:56,182 - data_loader - INFO -   Creating samples for 2009-10-01_17: all 1250 messages
2026-05-18 21:20:56,189 - data_loader - INFO -   LABEL CHECK [2009-10-01_17 sample #1165]: gold_parent_idx=41, gold_msg_idx=995, C=45, msg_i_idx=1000, candidate_range=[951, 999]
2026-05-18 21:20:56,189 - data_loader - INFO -   LABEL CHECK [2009-10-01_17 sample #1166]: gold_parent_idx=41, gold_msg_idx=997, C=45, msg_i_idx=1001, candidate_range=[952, 1000]
2026-05-18 21:20:56,189 - data_loader - INFO -   LABEL CHECK [2009-10-01_17 sample #1167]: gold_parent_idx=42, gold_msg_idx=1000, C=45, msg_i_idx=1003, candidate_range=[954, 1002]
2026-05-18 21:20:56,229 - data_loader - INFO -   Created 203 samples for 2009-10-01_17
2026-05-18 21:20:56,229 - data_loader - INFO -   File 7/10: 2009-10-01_17 - 1250 messages, 1368 total samples so far
2026-05-18 21:20:56,229 - data_loader - INFO - Loading conversation from /home/s4901673/workspace/irc-disentanglement-bert-pytorch/data/dev/2011-05-29_19.ascii.txt
2026-05-18 21:20:56,230 - data_loader - INFO -   Read 1250 lines from ASCII file
2026-05-18 21:20:56,234 - data_loader - INFO -   Parsed 1250 messages, found 152 unique users
2026-05-18 21:20:56,561 - data_loader - INFO -   Loaded 250 gold links from annotation file
2026-05-18 21:20:56,561 - data_loader - INFO -   Conversation '2011-05-29_19' loaded in 0.33s
2026-05-18 21:20:56,561 - data_loader - INFO -   Creating samples for 2011-05-29_19: all 1250 messages
2026-05-18 21:20:56,567 - data_loader - INFO -   LABEL CHECK [2011-05-29_19 sample #1368]: gold_parent_idx=46, gold_msg_idx=999, C=48, msg_i_idx=1001, candidate_range=[952, 1000]
2026-05-18 21:20:56,568 - data_loader - INFO -   LABEL CHECK [2011-05-29_19 sample #1369]: gold_parent_idx=44, gold_msg_idx=998, C=48, msg_i_idx=1002, candidate_range=[953, 1001]
2026-05-18 21:20:56,568 - data_loader - INFO -   LABEL CHECK [2011-05-29_19 sample #1370]: gold_parent_idx=45, gold_msg_idx=1000, C=48, msg_i_idx=1003, candidate_range=[954, 1002]
2026-05-18 21:20:56,606 - data_loader - INFO -   Created 206 samples for 2011-05-29_19
2026-05-18 21:20:56,606 - data_loader - INFO -   File 8/10: 2011-05-29_19 - 1250 messages, 1574 total samples so far
2026-05-18 21:20:56,606 - data_loader - INFO - Loading conversation from /home/s4901673/workspace/irc-disentanglement-bert-pytorch/data/dev/2011-11-13_02.ascii.txt
2026-05-18 21:20:56,607 - data_loader - INFO -   Read 1250 lines from ASCII file
2026-05-18 21:20:56,611 - data_loader - INFO -   Parsed 1250 messages, found 164 unique users
2026-05-18 21:20:56,953 - data_loader - INFO -   Loaded 250 gold links from annotation file
2026-05-18 21:20:56,954 - data_loader - INFO -   Conversation '2011-11-13_02' loaded in 0.35s
2026-05-18 21:20:56,954 - data_loader - INFO -   Creating samples for 2011-11-13_02: all 1250 messages
2026-05-18 21:20:56,960 - data_loader - INFO -   LABEL CHECK [2011-11-13_02 sample #1574]: gold_parent_idx=42, gold_msg_idx=993, C=47, msg_i_idx=1000, candidate_range=[951, 998]
2026-05-18 21:20:56,961 - data_loader - INFO -   LABEL CHECK [2011-11-13_02 sample #1575]: gold_parent_idx=46, gold_msg_idx=1003, C=47, msg_i_idx=1004, candidate_range=[955, 1003]
2026-05-18 21:20:56,961 - data_loader - INFO -   LABEL CHECK [2011-11-13_02 sample #1576]: gold_parent_idx=45, gold_msg_idx=1003, C=47, msg_i_idx=1005, candidate_range=[956, 1004]
2026-05-18 21:20:57,001 - data_loader - INFO -   Created 206 samples for 2011-11-13_02
2026-05-18 21:20:57,001 - data_loader - INFO -   File 9/10: 2011-11-13_02 - 1250 messages, 1780 total samples so far
2026-05-18 21:20:57,001 - data_loader - INFO - Loading conversation from /home/s4901673/workspace/irc-disentanglement-bert-pytorch/data/dev/2016-12-19_20.ascii.txt
2026-05-18 21:20:57,003 - data_loader - INFO -   Read 1250 lines from ASCII file
2026-05-18 21:20:57,006 - data_loader - INFO -   Parsed 1250 messages, found 165 unique users
2026-05-18 21:20:57,348 - data_loader - INFO -   Loaded 250 gold links from annotation file
2026-05-18 21:20:57,348 - data_loader - INFO -   Conversation '2016-12-19_20' loaded in 0.35s
2026-05-18 21:20:57,348 - data_loader - INFO -   Creating samples for 2016-12-19_20: all 1250 messages
2026-05-18 21:20:57,355 - data_loader - INFO -   LABEL CHECK [2016-12-19_20 sample #1780]: gold_parent_idx=47, gold_msg_idx=999, C=48, msg_i_idx=1000, candidate_range=[951, 999]
2026-05-18 21:20:57,355 - data_loader - INFO -   LABEL CHECK [2016-12-19_20 sample #1781]: gold_parent_idx=46, gold_msg_idx=999, C=48, msg_i_idx=1001, candidate_range=[952, 1000]
2026-05-18 21:20:57,356 - data_loader - INFO -   LABEL CHECK [2016-12-19_20 sample #1782]: gold_parent_idx=47, gold_msg_idx=1001, C=48, msg_i_idx=1002, candidate_range=[953, 1001]
2026-05-18 21:20:57,398 - data_loader - INFO -   Created 214 samples for 2016-12-19_20
2026-05-18 21:20:57,398 - data_loader - INFO -   File 10/10: 2016-12-19_20 - 1250 messages, 1994 total samples so far
2026-05-18 21:20:57,398 - data_loader - INFO - Dataset initialization complete: 1994 samples from 10 conversations in 3.03s
2026-05-18 21:20:57,398 - __main__ - INFO -   Dev dataset created: 1994 samples
2026-05-18 21:20:57,399 - __main__ - INFO -   Train dataset: 49676 samples
2026-05-18 21:20:57,399 - __main__ - INFO - Training: 49676 samples | 12419 batches/epoch | batch_size=4 | max_dist=50 | max_length=96
2026-05-18 21:20:57,399 - __main__ - INFO -   Dev dataset: 1994 samples
2026-05-18 21:20:57,399 - __main__ - INFO - Validation: 1994 samples | 499 batches
2026-05-18 21:20:57,399 - __main__ - INFO - Creating model...
2026-05-18 21:20:57,640 - httpx - INFO - HTTP Request: HEAD https://huggingface.co/microsoft/deberta-v3-base/resolve/main/config.json "HTTP/1.1 307 Temporary Redirect"
2026-05-18 21:20:57,647 - httpx - INFO - HTTP Request: HEAD https://huggingface.co/api/resolve-cache/models/microsoft/deberta-v3-base/8ccc9b6f36199bec6961081d44eb72fb3f7353f3/config.json "HTTP/1.1 200 OK"
2026-05-18 21:20:58,427 - httpx - INFO - HTTP Request: HEAD https://huggingface.co/microsoft/deberta-v3-base/resolve/main/model.safetensors "HTTP/1.1 404 Not Found"
2026-05-18 21:20:58,660 - httpx - INFO - HTTP Request: GET https://huggingface.co/api/models/microsoft/deberta-v3-base "HTTP/1.1 200 OK"
2026-05-18 21:20:58,901 - httpx - INFO - HTTP Request: GET https://huggingface.co/api/models/microsoft/deberta-v3-base/commits/main "HTTP/1.1 200 OK"
2026-05-18 21:20:59,159 - httpx - INFO - HTTP Request: GET https://huggingface.co/api/models/microsoft/deberta-v3-base/discussions?p=0 "HTTP/1.1 200 OK"
2026-05-18 21:20:59,404 - httpx - INFO - HTTP Request: GET https://huggingface.co/api/models/microsoft/deberta-v3-base/commits/refs%2Fpr%2F14 "HTTP/1.1 200 OK"
2026-05-18 21:20:59,639 - httpx - INFO - HTTP Request: HEAD https://huggingface.co/microsoft/deberta-v3-base/resolve/main/config.json "HTTP/1.1 307 Temporary Redirect"
2026-05-18 21:20:59,645 - httpx - INFO - HTTP Request: HEAD https://huggingface.co/microsoft/deberta-v3-base/resolve/refs%2Fpr%2F14/model.safetensors.index.json "HTTP/1.1 404 Not Found"
2026-05-18 21:20:59,646 - httpx - INFO - HTTP Request: HEAD https://huggingface.co/api/resolve-cache/models/microsoft/deberta-v3-base/8ccc9b6f36199bec6961081d44eb72fb3f7353f3/config.json "HTTP/1.1 200 OK"
2026-05-18 21:20:59,887 - httpx - INFO - HTTP Request: HEAD https://huggingface.co/microsoft/deberta-v3-base/resolve/refs%2Fpr%2F14/model.safetensors "HTTP/1.1 302 Found"
2026-05-18 21:21:00,119 - __main__ - INFO -   Parameters: 183,832,326 trainable, 183,832,326 total
2026-05-18 21:21:00,119 - __main__ - INFO -   BERT hidden size: 768
2026-05-18 21:21:00,119 - __main__ - INFO -   Combined size: 773
2026-05-18 21:21:00,120 - __main__ - INFO - Created AdamW optimizer with lr=5e-05
2026-05-18 21:21:00,120 - __main__ - INFO - Scheduler config: total_steps=31047, warmup_steps=3104, warmup_ratio=0.1, accumulation_steps=4
2026-05-18 21:21:00,120 - __main__ - INFO - Created scheduler with 3104 warmup steps (10% of 31047 total optimizer steps)
2026-05-18 21:21:00,120 - __main__ - INFO - Starting training from epoch 1...
2026-05-18 21:21:00,120 - __main__ - INFO - ================================================================================
2026-05-18 21:21:00,120 - __main__ - INFO - Gradient accumulation: 4 steps, effective batch size = 16
2026-05-18 21:21:00,120 - __main__ - INFO - Epoch 1/10
2026-05-18 21:21:00,120 - __main__ - INFO - --------------------------------------------------------------------------------
2026-05-18 21:21:00,121 - __main__ - INFO - Epoch 1: Peak memory stats reset.
2026-05-18 21:21:00,121 - __main__ - INFO - Starting epoch 1 with 12419 batches
2026-05-18 21:21:00,169 - __main__ - INFO -   [Epoch 1 Batch 0 SANITY CHECK]
2026-05-18 21:21:00,169 - __main__ - INFO -     input_ids shape : [4, 49, 96]  (batch x max_C x seq_len)
2026-05-18 21:21:00,169 - __main__ - INFO -     features shape  : [4, 49, 5]
2026-05-18 21:21:00,169 - __main__ - INFO -     labels shape    : [4]
2026-05-18 21:21:00,169 - __main__ - INFO -     Candidate counts per sample: min=38 max=49 Mean=42.8
2026-05-18 21:21:00,169 - __main__ - INFO -     Label values: [36, 39, 42, 42]
2026-05-18 21:21:00,169 - __main__ - INFO -     Label distribution (this batch): {36: 1, 39: 1, 42: 2}
2026-05-18 21:21:00,915 - __main__ - ERROR -   Batch 1: CUDA Out of Memory (OOM) during forward pass!
2026-05-18 21:21:00,916 - __main__ - ERROR -   Memory at OOM: 9280/9386MB
2026-05-18 21:21:01,290 - __main__ - ERROR -   Batch 2: CUDA Out of Memory (OOM) during forward pass!
2026-05-18 21:21:01,291 - __main__ - ERROR -   Memory at OOM: 8967/9386MB
2026-05-18 21:21:01,542 - __main__ - ERROR -   Batch 3: CUDA Out of Memory (OOM) during forward pass!
2026-05-18 21:21:01,542 - __main__ - ERROR -   Memory at OOM: 8967/9386MB
2026-05-18 21:21:01,792 - __main__ - ERROR -   Batch 4: CUDA Out of Memory (OOM) during forward pass!
2026-05-18 21:21:01,792 - __main__ - ERROR -   Memory at OOM: 8579/9386MB
2026-05-18 21:21:02,044 - __main__ - ERROR -   Batch 5: CUDA Out of Memory (OOM) during forward pass!
2026-05-18 21:21:02,044 - __main__ - ERROR -   Memory at OOM: 8967/9386MB
2026-05-18 21:21:02,299 - __main__ - ERROR -   Batch 6: CUDA Out of Memory (OOM) during forward pass!
2026-05-18 21:21:02,300 - __main__ - ERROR -   Memory at OOM: 8967/9386MB
2026-05-18 21:21:02,551 - __main__ - ERROR -   Batch 7: CUDA Out of Memory (OOM) during forward pass!
2026-05-18 21:21:02,552 - __main__ - ERROR -   Memory at OOM: 8967/9386MB
2026-05-18 21:21:02,809 - __main__ - ERROR -   Batch 8: CUDA Out of Memory (OOM) during forward pass!
2026-05-18 21:21:02,810 - __main__ - ERROR -   Memory at OOM: 8967/9386MB
2026-05-18 21:21:03,061 - __main__ - ERROR -   Batch 9: CUDA Out of Memory (OOM) during forward pass!
2026-05-18 21:21:03,062 - __main__ - ERROR -   Memory at OOM: 8967/9386MB
2026-05-18 21:21:03,314 - __main__ - ERROR -   Batch 10: CUDA Out of Memory (OOM) during forward pass!
2026-05-18 21:21:03,315 - __main__ - ERROR -   Memory at OOM: 8967/9386MB
2026-05-18 21:21:03,315 - __main__ - ERROR - Fatal error during training:
Traceback (most recent call last):
  File "/home/s4901673/workspace/irc-disentanglement-bert-pytorch/src/train.py", line 725, in train_epoch
    outputs = model(
  File "/scratch/user/s4901673/conda-envs/ircbert/lib/python3.10/site-packages/torch/nn/modules/module.py", line 1739, in _wrapped_call_impl
    return self._call_impl(*args, **kwargs)
  File "/scratch/user/s4901673/conda-envs/ircbert/lib/python3.10/site-packages/torch/nn/modules/module.py", line 1750, in _call_impl
    return forward_call(*args, **kwargs)
  File "/home/s4901673/workspace/irc-disentanglement-bert-pytorch/src/model.py", line 129, in forward
    bert_outputs = self.bert(
  File "/scratch/user/s4901673/conda-envs/ircbert/lib/python3.10/site-packages/torch/nn/modules/module.py", line 1739, in _wrapped_call_impl
    return self._call_impl(*args, **kwargs)
  File "/scratch/user/s4901673/conda-envs/ircbert/lib/python3.10/site-packages/torch/nn/modules/module.py", line 1750, in _call_impl
    return forward_call(*args, **kwargs)
  File "/scratch/user/s4901673/conda-envs/ircbert/lib/python3.10/site-packages/transformers/models/deberta_v2/modeling_deberta_v2.py", line 765, in forward
    encoder_outputs = self.encoder(
  File "/scratch/user/s4901673/conda-envs/ircbert/lib/python3.10/site-packages/torch/nn/modules/module.py", line 1739, in _wrapped_call_impl
    return self._call_impl(*args, **kwargs)
  File "/scratch/user/s4901673/conda-envs/ircbert/lib/python3.10/site-packages/torch/nn/modules/module.py", line 1750, in _call_impl
    return forward_call(*args, **kwargs)
  File "/scratch/user/s4901673/conda-envs/ircbert/lib/python3.10/site-packages/transformers/models/deberta_v2/modeling_deberta_v2.py", line 653, in forward
    output_states, attn_weights = layer_module(
  File "/scratch/user/s4901673/conda-envs/ircbert/lib/python3.10/site-packages/transformers/modeling_layers.py", line 93, in __call__
    return super().__call__(*args, **kwargs)
  File "/scratch/user/s4901673/conda-envs/ircbert/lib/python3.10/site-packages/torch/nn/modules/module.py", line 1739, in _wrapped_call_impl
    return self._call_impl(*args, **kwargs)
  File "/scratch/user/s4901673/conda-envs/ircbert/lib/python3.10/site-packages/torch/nn/modules/module.py", line 1750, in _call_impl
    return forward_call(*args, **kwargs)
  File "/scratch/user/s4901673/conda-envs/ircbert/lib/python3.10/site-packages/transformers/models/deberta_v2/modeling_deberta_v2.py", line 432, in forward
    attention_output, att_matrix = self.attention(
  File "/scratch/user/s4901673/conda-envs/ircbert/lib/python3.10/site-packages/torch/nn/modules/module.py", line 1739, in _wrapped_call_impl
    return self._call_impl(*args, **kwargs)
  File "/scratch/user/s4901673/conda-envs/ircbert/lib/python3.10/site-packages/torch/nn/modules/module.py", line 1750, in _call_impl
    return forward_call(*args, **kwargs)
  File "/scratch/user/s4901673/conda-envs/ircbert/lib/python3.10/site-packages/transformers/models/deberta_v2/modeling_deberta_v2.py", line 365, in forward
    self_output, att_matrix = self.self(
  File "/scratch/user/s4901673/conda-envs/ircbert/lib/python3.10/site-packages/torch/nn/modules/module.py", line 1739, in _wrapped_call_impl
    return self._call_impl(*args, **kwargs)
  File "/scratch/user/s4901673/conda-envs/ircbert/lib/python3.10/site-packages/torch/nn/modules/module.py", line 1750, in _call_impl
    return forward_call(*args, **kwargs)
  File "/scratch/user/s4901673/conda-envs/ircbert/lib/python3.10/site-packages/transformers/models/deberta_v2/modeling_deberta_v2.py", line 246, in forward
    rel_att = self.disentangled_attention_bias(
  File "/scratch/user/s4901673/conda-envs/ircbert/lib/python3.10/site-packages/transformers/models/deberta_v2/modeling_deberta_v2.py", line 317, in disentangled_attention_bias
    c2p_att = torch.bmm(query_layer, pos_key_layer.transpose(-1, -2))
torch.OutOfMemoryError: CUDA out of memory. Tried to allocate 222.00 MiB. GPU 0 has a total capacity of 9.50 GiB of which 193.00 MiB is free. Process 1091693 has 424.00 MiB memory in use. Including non-PyTorch memory, this process has 9.27 GiB memory in use. Of the allocated memory 8.76 GiB is allocated by PyTorch, and 419.37 MiB is reserved by PyTorch but unallocated. If reserved but unallocated memory is large try setting PYTORCH_CUDA_ALLOC_CONF=expandable_segments:True to avoid fragmentation.  See documentation for Memory Management  (https://pytorch.org/docs/stable/notes/cuda.html#environment-variables)

During handling of the above exception, another exception occurred:

Traceback (most recent call last):
  File "/home/s4901673/workspace/irc-disentanglement-bert-pytorch/src/train.py", line 1372, in <module>
    main()
  File "/home/s4901673/workspace/irc-disentanglement-bert-pytorch/src/train.py", line 1270, in main
    train_loss = train_epoch(
  File "/home/s4901673/workspace/irc-disentanglement-bert-pytorch/src/train.py", line 779, in train_epoch
    raise RuntimeError(
RuntimeError: OOM cascade: 10 consecutive OOM batches. Reduce --batch-size or --max-dist and resubmit.
