2026-05-10 19:51:40,221 - __main__ - INFO - ================================================================================
2026-05-10 19:51:40,222 - __main__ - INFO - IRC Conversation Disentanglement Training
2026-05-10 19:51:40,222 - __main__ - INFO - ================================================================================
2026-05-10 19:51:40,222 - __main__ - INFO - --- System Diagnostics ---
2026-05-10 19:51:40,222 - __main__ - INFO - OS: Linux 5.14.0-611.24.1.el9_7.x86_64
2026-05-10 19:51:40,222 - __main__ - INFO - Python: 3.10.20
2026-05-10 19:51:40,222 - __main__ - INFO - RAM: 2003.13 GB total, 1874.47 GB available
2026-05-10 19:51:40,239 - __main__ - INFO - GPU 0: NVIDIA H100 PCIe
2026-05-10 19:51:40,240 - __main__ - INFO -   Total Memory: 81081 MB
2026-05-10 19:51:40,240 - __main__ - INFO -   Compute Capability: 9.0
2026-05-10 19:51:40,240 - __main__ - INFO - --------------------------
2026-05-10 19:51:40,240 - __main__ - INFO - Mode: test
2026-05-10 19:51:40,240 - __main__ - INFO - Device: cuda
2026-05-10 19:51:40,240 - __main__ - INFO - Model: microsoft/deberta-v3-base
2026-05-10 19:51:40,240 - __main__ - INFO - Batch size: 4
2026-05-10 19:51:40,240 - __main__ - INFO - Learning rate: 5e-05
2026-05-10 19:51:40,240 - __main__ - INFO - Epochs: 3
2026-05-10 19:51:40,240 - __main__ - INFO - Max dist: 15
2026-05-10 19:51:40,240 - __main__ - INFO - Max length: 128
2026-05-10 19:51:40,240 - __main__ - INFO - Output dir: checkpoints
2026-05-10 19:51:40,240 - __main__ - INFO - Using device: cuda
2026-05-10 19:51:40,240 - __main__ - INFO - Loading tokenizer: microsoft/deberta-v3-base
2026-05-10 19:51:40,508 - httpx - INFO - HTTP Request: HEAD https://huggingface.co/microsoft/deberta-v3-base/resolve/main/config.json "HTTP/1.1 307 Temporary Redirect"
2026-05-10 19:51:40,515 - httpx - INFO - HTTP Request: HEAD https://huggingface.co/api/resolve-cache/models/microsoft/deberta-v3-base/8ccc9b6f36199bec6961081d44eb72fb3f7353f3/config.json "HTTP/1.1 200 OK"
2026-05-10 19:51:40,754 - httpx - INFO - HTTP Request: HEAD https://huggingface.co/microsoft/deberta-v3-base/resolve/main/tokenizer_config.json "HTTP/1.1 307 Temporary Redirect"
2026-05-10 19:51:40,754 - huggingface_hub.utils._http - WARNING - Warning: You are sending unauthenticated requests to the HF Hub. Please set a HF_TOKEN to enable higher rate limits and faster downloads.
2026-05-10 19:51:40,759 - httpx - INFO - HTTP Request: HEAD https://huggingface.co/api/resolve-cache/models/microsoft/deberta-v3-base/8ccc9b6f36199bec6961081d44eb72fb3f7353f3/tokenizer_config.json "HTTP/1.1 200 OK"
2026-05-10 19:51:40,991 - httpx - INFO - HTTP Request: GET https://huggingface.co/api/models/microsoft/deberta-v3-base/tree/main/additional_chat_templates?recursive=false&expand=false "HTTP/1.1 404 Not Found"
2026-05-10 19:51:41,232 - httpx - INFO - HTTP Request: GET https://huggingface.co/api/models/microsoft/deberta-v3-base/tree/main?recursive=true&expand=false "HTTP/1.1 200 OK"
2026-05-10 19:51:41,746 - httpx - INFO - HTTP Request: GET https://huggingface.co/api/models/microsoft/deberta-v3-base "HTTP/1.1 200 OK"
2026-05-10 19:51:41,750 - __main__ - INFO - Tokenizer loaded: DebertaV2Tokenizer
2026-05-10 19:51:41,750 - __main__ - INFO - Creating dataloaders...
2026-05-10 19:51:41,784 - __main__ - INFO - Loading 153 train files...
2026-05-10 19:51:41,784 - data_loader - INFO - Initializing IRCDisentanglementDataset with 153 files
2026-05-10 19:51:41,784 - data_loader - INFO -   max_dist=15, max_length=128, skip_labels=False
2026-05-10 19:51:41,784 - data_loader - INFO -   test_start=0, test_end=1000000
2026-05-10 19:51:41,785 - data_loader - INFO - Loading conversation from data/train/2004-12-25.train-c.ascii.txt
2026-05-10 19:51:41,786 - data_loader - INFO -   Read 1500 lines from ASCII file
2026-05-10 19:51:41,790 - data_loader - INFO -   Parsed 1500 messages, found 94 unique users
2026-05-10 19:51:41,967 - data_loader - INFO -   Loaded 382 gold links from annotation file
2026-05-10 19:51:41,971 - data_loader - INFO -   Conversation '2004-12-25.train-c' loaded in 0.19s
2026-05-10 19:51:41,971 - data_loader - INFO -   Creating samples for 2004-12-25.train-c: messages 0 to 1500 (limited)
2026-05-10 19:51:41,974 - data_loader - INFO -   LABEL CHECK [2004-12-25.train-c sample #0]: gold_parent_idx=9, gold_msg_idx=1000, C=10, msg_i_idx=1000, candidate_range=[986, 1000]
2026-05-10 19:51:41,974 - data_loader - INFO -   LABEL CHECK [2004-12-25.train-c sample #1]: gold_parent_idx=9, gold_msg_idx=1001, C=10, msg_i_idx=1001, candidate_range=[988, 1001]
2026-05-10 19:51:41,975 - data_loader - INFO -   LABEL CHECK [2004-12-25.train-c sample #2]: gold_parent_idx=9, gold_msg_idx=1002, C=10, msg_i_idx=1002, candidate_range=[988, 1002]
2026-05-10 19:51:41,984 - data_loader - INFO -   Created 174 samples for 2004-12-25.train-c
2026-05-10 19:51:41,984 - data_loader - INFO -   File 1/153: 2004-12-25.train-c - 1500 messages, 174 total samples so far
2026-05-10 19:51:41,984 - data_loader - INFO - Loading conversation from data/train/2005-02-06.train-c.ascii.txt
2026-05-10 19:51:41,985 - data_loader - INFO -   Read 1500 lines from ASCII file
2026-05-10 19:51:41,989 - data_loader - INFO -   Parsed 1500 messages, found 70 unique users
2026-05-10 19:51:42,134 - data_loader - INFO -   Loaded 346 gold links from annotation file
2026-05-10 19:51:42,134 - data_loader - INFO -   Conversation '2005-02-06.train-c' loaded in 0.15s
2026-05-10 19:51:42,134 - data_loader - INFO -   Creating samples for 2005-02-06.train-c: messages 0 to 1500 (limited)
2026-05-10 19:51:42,137 - data_loader - INFO -   LABEL CHECK [2005-02-06.train-c sample #174]: gold_parent_idx=14, gold_msg_idx=1008, C=15, msg_i_idx=1008, candidate_range=[994, 1008]
2026-05-10 19:51:42,137 - data_loader - INFO -   LABEL CHECK [2005-02-06.train-c sample #175]: gold_parent_idx=14, gold_msg_idx=1020, C=15, msg_i_idx=1020, candidate_range=[1006, 1020]
2026-05-10 19:51:42,137 - data_loader - INFO -   LABEL CHECK [2005-02-06.train-c sample #176]: gold_parent_idx=13, gold_msg_idx=1026, C=14, msg_i_idx=1026, candidate_range=[1012, 1026]
2026-05-10 19:51:42,144 - data_loader - INFO -   Created 98 samples for 2005-02-06.train-c
2026-05-10 19:51:42,144 - data_loader - INFO -   File 2/153: 2005-02-06.train-c - 1500 messages, 272 total samples so far
2026-05-10 19:51:42,144 - data_loader - INFO - Loading conversation from data/train/2005-02-08.train-a.ascii.txt
2026-05-10 19:51:42,145 - data_loader - INFO -   Read 1246 lines from ASCII file
2026-05-10 19:51:42,148 - data_loader - INFO -   Parsed 1246 messages, found 71 unique users
2026-05-10 19:51:42,248 - data_loader - INFO -   Loaded 214 gold links from annotation file
2026-05-10 19:51:42,248 - data_loader - INFO -   Conversation '2005-02-08.train-a' loaded in 0.10s
2026-05-10 19:51:42,248 - data_loader - INFO -   Creating samples for 2005-02-08.train-a: messages 0 to 1246 (limited)
2026-05-10 19:51:42,251 - data_loader - INFO -   LABEL CHECK [2005-02-08.train-a sample #272]: gold_parent_idx=12, gold_msg_idx=1005, C=13, msg_i_idx=1005, candidate_range=[991, 1005]
2026-05-10 19:51:42,251 - data_loader - INFO -   LABEL CHECK [2005-02-08.train-a sample #273]: gold_parent_idx=12, gold_msg_idx=1007, C=13, msg_i_idx=1007, candidate_range=[993, 1007]
2026-05-10 19:51:42,251 - data_loader - INFO -   LABEL CHECK [2005-02-08.train-a sample #274]: gold_parent_idx=12, gold_msg_idx=1010, C=13, msg_i_idx=1010, candidate_range=[996, 1010]
2026-05-10 19:51:42,255 - data_loader - INFO -   Created 84 samples for 2005-02-08.train-a
2026-05-10 19:51:42,255 - data_loader - INFO -   File 3/153: 2005-02-08.train-a - 1246 messages, 356 total samples so far
2026-05-10 19:51:42,255 - data_loader - INFO - Loading conversation from data/train/2005-02-27.train-c.ascii.txt
2026-05-10 19:51:42,256 - data_loader - INFO -   Read 1500 lines from ASCII file
2026-05-10 19:51:42,261 - data_loader - INFO -   Parsed 1500 messages, found 74 unique users
2026-05-10 19:51:42,419 - data_loader - INFO -   Loaded 355 gold links from annotation file
2026-05-10 19:51:42,419 - data_loader - INFO -   Conversation '2005-02-27.train-c' loaded in 0.16s
2026-05-10 19:51:42,420 - data_loader - INFO -   Creating samples for 2005-02-27.train-c: messages 0 to 1500 (limited)
2026-05-10 19:51:42,422 - data_loader - INFO -   LABEL CHECK [2005-02-27.train-c sample #356]: gold_parent_idx=12, gold_msg_idx=1002, C=13, msg_i_idx=1002, candidate_range=[989, 1002]
2026-05-10 19:51:42,423 - data_loader - INFO -   LABEL CHECK [2005-02-27.train-c sample #357]: gold_parent_idx=13, gold_msg_idx=1006, C=14, msg_i_idx=1006, candidate_range=[993, 1006]
2026-05-10 19:51:42,423 - data_loader - INFO -   LABEL CHECK [2005-02-27.train-c sample #358]: gold_parent_idx=14, gold_msg_idx=1070, C=15, msg_i_idx=1070, candidate_range=[1056, 1070]
2026-05-10 19:51:42,430 - data_loader - INFO -   Created 109 samples for 2005-02-27.train-c
2026-05-10 19:51:42,431 - data_loader - INFO -   File 4/153: 2005-02-27.train-c - 1500 messages, 465 total samples so far
2026-05-10 19:51:42,431 - data_loader - INFO - Loading conversation from data/train/2005-05-14.train-c.ascii.txt
2026-05-10 19:51:42,432 - data_loader - INFO -   Read 1500 lines from ASCII file
2026-05-10 19:51:42,436 - data_loader - INFO -   Parsed 1500 messages, found 85 unique users
2026-05-10 19:51:42,608 - data_loader - INFO -   Loaded 370 gold links from annotation file
2026-05-10 19:51:42,608 - data_loader - INFO -   Conversation '2005-05-14.train-c' loaded in 0.18s
2026-05-10 19:51:42,608 - data_loader - INFO -   Creating samples for 2005-05-14.train-c: messages 0 to 1500 (limited)
2026-05-10 19:51:42,611 - data_loader - INFO -   LABEL CHECK [2005-05-14.train-c sample #465]: gold_parent_idx=12, gold_msg_idx=1004, C=13, msg_i_idx=1004, candidate_range=[990, 1004]
2026-05-10 19:51:42,611 - data_loader - INFO -   LABEL CHECK [2005-05-14.train-c sample #466]: gold_parent_idx=12, gold_msg_idx=1005, C=13, msg_i_idx=1005, candidate_range=[992, 1005]
2026-05-10 19:51:42,611 - data_loader - INFO -   LABEL CHECK [2005-05-14.train-c sample #467]: gold_parent_idx=12, gold_msg_idx=1007, C=13, msg_i_idx=1007, candidate_range=[993, 1007]
2026-05-10 19:51:42,620 - data_loader - INFO -   Created 147 samples for 2005-05-14.train-c
2026-05-10 19:51:42,620 - data_loader - INFO -   File 5/153: 2005-05-14.train-c - 1500 messages, 612 total samples so far
2026-05-10 19:51:42,620 - data_loader - INFO - Loading conversation from data/train/2005-05-19.train-a.ascii.txt
2026-05-10 19:51:42,621 - data_loader - INFO -   Read 1191 lines from ASCII file
2026-05-10 19:51:42,624 - data_loader - INFO -   Parsed 1191 messages, found 68 unique users
2026-05-10 19:51:42,728 - data_loader - INFO -   Loaded 165 gold links from annotation file
2026-05-10 19:51:42,729 - data_loader - INFO -   Conversation '2005-05-19.train-a' loaded in 0.11s
2026-05-10 19:51:42,729 - data_loader - INFO -   Creating samples for 2005-05-19.train-a: messages 0 to 1191 (limited)
2026-05-10 19:51:42,731 - data_loader - INFO -   LABEL CHECK [2005-05-19.train-a sample #612]: gold_parent_idx=14, gold_msg_idx=1006, C=15, msg_i_idx=1006, candidate_range=[992, 1006]
2026-05-10 19:51:42,732 - data_loader - INFO -   LABEL CHECK [2005-05-19.train-a sample #613]: gold_parent_idx=14, gold_msg_idx=1012, C=15, msg_i_idx=1012, candidate_range=[998, 1012]
2026-05-10 19:51:42,872 - data_loader - INFO -   LABEL CHECK [2005-05-19.train-a sample #614]: gold_parent_idx=14, gold_msg_idx=1030, C=15, msg_i_idx=1030, candidate_range=[1016, 1030]
2026-05-10 19:51:42,875 - data_loader - INFO -   Created 62 samples for 2005-05-19.train-a
2026-05-10 19:51:42,876 - data_loader - INFO -   File 6/153: 2005-05-19.train-a - 1191 messages, 674 total samples so far
2026-05-10 19:51:42,876 - data_loader - INFO - Loading conversation from data/train/2005-06-06.train-c.ascii.txt
2026-05-10 19:51:42,877 - data_loader - INFO -   Read 1500 lines from ASCII file
2026-05-10 19:51:42,880 - data_loader - INFO -   Parsed 1500 messages, found 97 unique users
2026-05-10 19:51:43,058 - data_loader - INFO -   Loaded 388 gold links from annotation file
2026-05-10 19:51:43,059 - data_loader - INFO -   Conversation '2005-06-06.train-c' loaded in 0.18s
2026-05-10 19:51:43,059 - data_loader - INFO -   Creating samples for 2005-06-06.train-c: messages 0 to 1500 (limited)
2026-05-10 19:51:43,062 - data_loader - INFO -   LABEL CHECK [2005-06-06.train-c sample #674]: gold_parent_idx=11, gold_msg_idx=1002, C=12, msg_i_idx=1002, candidate_range=[988, 1002]
2026-05-10 19:51:43,062 - data_loader - INFO -   LABEL CHECK [2005-06-06.train-c sample #675]: gold_parent_idx=10, gold_msg_idx=1003, C=11, msg_i_idx=1003, candidate_range=[989, 1003]
2026-05-10 19:51:43,062 - data_loader - INFO -   LABEL CHECK [2005-06-06.train-c sample #676]: gold_parent_idx=11, gold_msg_idx=1007, C=12, msg_i_idx=1007, candidate_range=[994, 1007]
2026-05-10 19:51:43,071 - data_loader - INFO -   Created 163 samples for 2005-06-06.train-c
2026-05-10 19:51:43,072 - data_loader - INFO -   File 7/153: 2005-06-06.train-c - 1500 messages, 837 total samples so far
2026-05-10 19:51:43,072 - data_loader - INFO - Loading conversation from data/train/2005-06-12.train-c.ascii.txt
2026-05-10 19:51:43,073 - data_loader - INFO -   Read 1500 lines from ASCII file
2026-05-10 19:51:43,077 - data_loader - INFO -   Parsed 1500 messages, found 93 unique users
2026-05-10 19:51:43,286 - data_loader - INFO -   Loaded 371 gold links from annotation file
2026-05-10 19:51:43,286 - data_loader - INFO -   Conversation '2005-06-12.train-c' loaded in 0.21s
2026-05-10 19:51:43,286 - data_loader - INFO -   Creating samples for 2005-06-12.train-c: messages 0 to 1500 (limited)
2026-05-10 19:51:43,289 - data_loader - INFO -   LABEL CHECK [2005-06-12.train-c sample #837]: gold_parent_idx=12, gold_msg_idx=1002, C=13, msg_i_idx=1002, candidate_range=[988, 1002]
2026-05-10 19:51:43,289 - data_loader - INFO -   LABEL CHECK [2005-06-12.train-c sample #838]: gold_parent_idx=13, gold_msg_idx=1008, C=14, msg_i_idx=1008, candidate_range=[995, 1008]
2026-05-10 19:51:43,289 - data_loader - INFO -   LABEL CHECK [2005-06-12.train-c sample #839]: gold_parent_idx=14, gold_msg_idx=1010, C=15, msg_i_idx=1010, candidate_range=[996, 1010]
2026-05-10 19:51:43,297 - data_loader - INFO -   Created 116 samples for 2005-06-12.train-c
2026-05-10 19:51:43,297 - data_loader - INFO -   File 8/153: 2005-06-12.train-c - 1500 messages, 953 total samples so far
2026-05-10 19:51:43,298 - data_loader - INFO - Loading conversation from data/train/2005-06-16.train-c.ascii.txt
2026-05-10 19:51:43,299 - data_loader - INFO -   Read 1500 lines from ASCII file
2026-05-10 19:51:43,302 - data_loader - INFO -   Parsed 1500 messages, found 90 unique users
2026-05-10 19:51:43,476 - data_loader - INFO -   Loaded 388 gold links from annotation file
2026-05-10 19:51:43,476 - data_loader - INFO -   Conversation '2005-06-16.train-c' loaded in 0.18s
2026-05-10 19:51:43,476 - data_loader - INFO -   Creating samples for 2005-06-16.train-c: messages 0 to 1500 (limited)
2026-05-10 19:51:43,479 - data_loader - INFO -   LABEL CHECK [2005-06-16.train-c sample #953]: gold_parent_idx=13, gold_msg_idx=1008, C=14, msg_i_idx=1008, candidate_range=[995, 1008]
2026-05-10 19:51:43,479 - data_loader - INFO -   LABEL CHECK [2005-06-16.train-c sample #954]: gold_parent_idx=14, gold_msg_idx=1009, C=15, msg_i_idx=1009, candidate_range=[995, 1009]
2026-05-10 19:51:43,479 - data_loader - INFO -   LABEL CHECK [2005-06-16.train-c sample #955]: gold_parent_idx=13, gold_msg_idx=1010, C=14, msg_i_idx=1010, candidate_range=[996, 1010]
2026-05-10 19:51:43,487 - data_loader - INFO -   Created 98 samples for 2005-06-16.train-c
2026-05-10 19:51:43,487 - data_loader - INFO -   File 9/153: 2005-06-16.train-c - 1500 messages, 1051 total samples so far
2026-05-10 19:51:43,487 - data_loader - INFO - Loading conversation from data/train/2005-06-20.train-a.ascii.txt
2026-05-10 19:51:43,488 - data_loader - INFO -   Read 1457 lines from ASCII file
2026-05-10 19:51:43,492 - data_loader - INFO -   Parsed 1457 messages, found 77 unique users
2026-05-10 19:51:43,641 - data_loader - INFO -   Loaded 326 gold links from annotation file
2026-05-10 19:51:43,641 - data_loader - INFO -   Conversation '2005-06-20.train-a' loaded in 0.15s
2026-05-10 19:51:43,641 - data_loader - INFO -   Creating samples for 2005-06-20.train-a: messages 0 to 1457 (limited)
2026-05-10 19:51:43,644 - data_loader - INFO -   LABEL CHECK [2005-06-20.train-a sample #1051]: gold_parent_idx=10, gold_msg_idx=1001, C=11, msg_i_idx=1001, candidate_range=[988, 1001]
2026-05-10 19:51:43,644 - data_loader - INFO -   LABEL CHECK [2005-06-20.train-a sample #1052]: gold_parent_idx=11, gold_msg_idx=1002, C=12, msg_i_idx=1002, candidate_range=[988, 1002]
2026-05-10 19:51:43,644 - data_loader - INFO -   LABEL CHECK [2005-06-20.train-a sample #1053]: gold_parent_idx=10, gold_msg_idx=1004, C=11, msg_i_idx=1004, candidate_range=[990, 1004]
2026-05-10 19:51:43,652 - data_loader - INFO -   Created 123 samples for 2005-06-20.train-a
2026-05-10 19:51:43,652 - data_loader - INFO -   File 10/153: 2005-06-20.train-a - 1457 messages, 1174 total samples so far
2026-05-10 19:51:43,652 - data_loader - INFO - Loading conversation from data/train/2005-07-25.train-a.ascii.txt
2026-05-10 19:51:43,653 - data_loader - INFO -   Read 1283 lines from ASCII file
2026-05-10 19:51:43,657 - data_loader - INFO -   Parsed 1283 messages, found 88 unique users
2026-05-10 19:51:43,802 - data_loader - INFO -   Loaded 217 gold links from annotation file
2026-05-10 19:51:43,802 - data_loader - INFO -   Conversation '2005-07-25.train-a' loaded in 0.15s
2026-05-10 19:51:43,802 - data_loader - INFO -   Creating samples for 2005-07-25.train-a: messages 0 to 1283 (limited)
2026-05-10 19:51:43,805 - data_loader - INFO -   LABEL CHECK [2005-07-25.train-a sample #1174]: gold_parent_idx=5, gold_msg_idx=1001, C=6, msg_i_idx=1001, candidate_range=[987, 1001]
2026-05-10 19:51:43,805 - data_loader - INFO -   LABEL CHECK [2005-07-25.train-a sample #1175]: gold_parent_idx=4, gold_msg_idx=1002, C=5, msg_i_idx=1002, candidate_range=[988, 1002]
2026-05-10 19:51:43,805 - data_loader - INFO -   LABEL CHECK [2005-07-25.train-a sample #1176]: gold_parent_idx=4, gold_msg_idx=1003, C=5, msg_i_idx=1003, candidate_range=[989, 1003]
2026-05-10 19:51:43,811 - data_loader - INFO -   Created 104 samples for 2005-07-25.train-a
2026-05-10 19:51:43,811 - data_loader - INFO -   File 11/153: 2005-07-25.train-a - 1283 messages, 1278 total samples so far
2026-05-10 19:51:43,811 - data_loader - INFO - Loading conversation from data/train/2005-07-29.train-c.ascii.txt
2026-05-10 19:51:43,812 - data_loader - INFO -   Read 1500 lines from ASCII file
2026-05-10 19:51:43,816 - data_loader - INFO -   Parsed 1500 messages, found 84 unique users
2026-05-10 19:51:43,989 - data_loader - INFO -   Loaded 396 gold links from annotation file
2026-05-10 19:51:43,989 - data_loader - INFO -   Conversation '2005-07-29.train-c' loaded in 0.18s
2026-05-10 19:51:43,990 - data_loader - INFO -   Creating samples for 2005-07-29.train-c: messages 0 to 1500 (limited)
2026-05-10 19:51:43,992 - data_loader - INFO -   LABEL CHECK [2005-07-29.train-c sample #1278]: gold_parent_idx=12, gold_msg_idx=1002, C=13, msg_i_idx=1002, candidate_range=[988, 1002]
2026-05-10 19:51:43,992 - data_loader - INFO -   LABEL CHECK [2005-07-29.train-c sample #1279]: gold_parent_idx=12, gold_msg_idx=1007, C=13, msg_i_idx=1007, candidate_range=[995, 1007]
2026-05-10 19:51:43,993 - data_loader - INFO -   LABEL CHECK [2005-07-29.train-c sample #1280]: gold_parent_idx=13, gold_msg_idx=1009, C=14, msg_i_idx=1009, candidate_range=[995, 1009]
2026-05-10 19:51:44,001 - data_loader - INFO -   Created 152 samples for 2005-07-29.train-c
2026-05-10 19:51:44,002 - data_loader - INFO -   File 12/153: 2005-07-29.train-c - 1500 messages, 1430 total samples so far
2026-05-10 19:51:44,002 - data_loader - INFO - Loading conversation from data/train/2005-09-26.train-c.ascii.txt
2026-05-10 19:51:44,003 - data_loader - INFO -   Read 1500 lines from ASCII file
2026-05-10 19:51:44,007 - data_loader - INFO -   Parsed 1500 messages, found 114 unique users
2026-05-10 19:51:44,233 - data_loader - INFO -   Loaded 403 gold links from annotation file
2026-05-10 19:51:44,233 - data_loader - INFO -   Conversation '2005-09-26.train-c' loaded in 0.23s
2026-05-10 19:51:44,233 - data_loader - INFO -   Creating samples for 2005-09-26.train-c: messages 0 to 1500 (limited)
2026-05-10 19:51:44,236 - data_loader - INFO -   LABEL CHECK [2005-09-26.train-c sample #1430]: gold_parent_idx=14, gold_msg_idx=1009, C=15, msg_i_idx=1009, candidate_range=[995, 1009]
2026-05-10 19:51:44,236 - data_loader - INFO -   LABEL CHECK [2005-09-26.train-c sample #1431]: gold_parent_idx=14, gold_msg_idx=1010, C=15, msg_i_idx=1010, candidate_range=[996, 1010]
2026-05-10 19:51:44,237 - data_loader - INFO -   LABEL CHECK [2005-09-26.train-c sample #1432]: gold_parent_idx=14, gold_msg_idx=1013, C=15, msg_i_idx=1013, candidate_range=[999, 1013]
2026-05-10 19:51:44,245 - data_loader - INFO -   Created 119 samples for 2005-09-26.train-c
2026-05-10 19:51:44,245 - data_loader - INFO -   File 13/153: 2005-09-26.train-c - 1500 messages, 1549 total samples so far
2026-05-10 19:51:44,245 - data_loader - INFO - Loading conversation from data/train/2005-10-07.train-c.ascii.txt
2026-05-10 19:51:44,246 - data_loader - INFO -   Read 1500 lines from ASCII file
2026-05-10 19:51:44,250 - data_loader - INFO -   Parsed 1500 messages, found 99 unique users
2026-05-10 19:51:44,433 - data_loader - INFO -   Loaded 375 gold links from annotation file
2026-05-10 19:51:44,433 - data_loader - INFO -   Conversation '2005-10-07.train-c' loaded in 0.19s
2026-05-10 19:51:44,434 - data_loader - INFO -   Creating samples for 2005-10-07.train-c: messages 0 to 1500 (limited)
2026-05-10 19:51:44,436 - data_loader - INFO -   LABEL CHECK [2005-10-07.train-c sample #1549]: gold_parent_idx=13, gold_msg_idx=1003, C=14, msg_i_idx=1003, candidate_range=[989, 1003]
2026-05-10 19:51:44,437 - data_loader - INFO -   LABEL CHECK [2005-10-07.train-c sample #1550]: gold_parent_idx=14, gold_msg_idx=1014, C=15, msg_i_idx=1014, candidate_range=[1000, 1014]
2026-05-10 19:51:44,437 - data_loader - INFO -   LABEL CHECK [2005-10-07.train-c sample #1551]: gold_parent_idx=14, gold_msg_idx=1015, C=15, msg_i_idx=1015, candidate_range=[1001, 1015]
2026-05-10 19:51:44,446 - data_loader - INFO -   Created 151 samples for 2005-10-07.train-c
2026-05-10 19:51:44,446 - data_loader - INFO -   File 14/153: 2005-10-07.train-c - 1500 messages, 1700 total samples so far
2026-05-10 19:51:44,446 - data_loader - INFO - Loading conversation from data/train/2005-10-12.train-c.ascii.txt
2026-05-10 19:51:44,447 - data_loader - INFO -   Read 1500 lines from ASCII file
2026-05-10 19:51:44,451 - data_loader - INFO -   Parsed 1500 messages, found 138 unique users
2026-05-10 19:51:44,701 - data_loader - INFO -   Loaded 370 gold links from annotation file
2026-05-10 19:51:44,701 - data_loader - INFO -   Conversation '2005-10-12.train-c' loaded in 0.25s
2026-05-10 19:51:44,701 - data_loader - INFO -   Creating samples for 2005-10-12.train-c: messages 0 to 1500 (limited)
2026-05-10 19:51:44,703 - data_loader - INFO -   LABEL CHECK [2005-10-12.train-c sample #1700]: gold_parent_idx=14, gold_msg_idx=1003, C=15, msg_i_idx=1003, candidate_range=[989, 1003]
2026-05-10 19:51:44,704 - data_loader - INFO -   LABEL CHECK [2005-10-12.train-c sample #1701]: gold_parent_idx=13, gold_msg_idx=1010, C=14, msg_i_idx=1010, candidate_range=[996, 1010]
2026-05-10 19:51:44,704 - data_loader - INFO -   LABEL CHECK [2005-10-12.train-c sample #1702]: gold_parent_idx=13, gold_msg_idx=1011, C=14, msg_i_idx=1011, candidate_range=[997, 1011]
2026-05-10 19:51:44,712 - data_loader - INFO -   Created 139 samples for 2005-10-12.train-c
2026-05-10 19:51:44,712 - data_loader - INFO -   File 15/153: 2005-10-12.train-c - 1500 messages, 1839 total samples so far
2026-05-10 19:51:44,712 - data_loader - INFO - Loading conversation from data/train/2005-12-03.train-c.ascii.txt
2026-05-10 19:51:44,713 - data_loader - INFO -   Read 1500 lines from ASCII file
2026-05-10 19:51:44,717 - data_loader - INFO -   Parsed 1500 messages, found 104 unique users
2026-05-10 19:51:44,921 - data_loader - INFO -   Loaded 387 gold links from annotation file
2026-05-10 19:51:44,921 - data_loader - INFO -   Conversation '2005-12-03.train-c' loaded in 0.21s
2026-05-10 19:51:44,921 - data_loader - INFO -   Creating samples for 2005-12-03.train-c: messages 0 to 1500 (limited)
2026-05-10 19:51:44,924 - data_loader - INFO -   LABEL CHECK [2005-12-03.train-c sample #1839]: gold_parent_idx=12, gold_msg_idx=1000, C=13, msg_i_idx=1000, candidate_range=[986, 1000]
2026-05-10 19:51:44,924 - data_loader - INFO -   LABEL CHECK [2005-12-03.train-c sample #1840]: gold_parent_idx=12, gold_msg_idx=1003, C=13, msg_i_idx=1003, candidate_range=[989, 1003]
2026-05-10 19:51:44,924 - data_loader - INFO -   LABEL CHECK [2005-12-03.train-c sample #1841]: gold_parent_idx=12, gold_msg_idx=1004, C=13, msg_i_idx=1004, candidate_range=[990, 1004]
2026-05-10 19:51:44,933 - data_loader - INFO -   Created 161 samples for 2005-12-03.train-c
2026-05-10 19:51:44,933 - data_loader - INFO -   File 16/153: 2005-12-03.train-c - 1500 messages, 2000 total samples so far
2026-05-10 19:51:44,933 - data_loader - INFO - Loading conversation from data/train/2005-12-04.train-c.ascii.txt
2026-05-10 19:51:44,934 - data_loader - INFO -   Read 1500 lines from ASCII file
2026-05-10 19:51:44,938 - data_loader - INFO -   Parsed 1500 messages, found 128 unique users
2026-05-10 19:51:45,184 - data_loader - INFO -   Loaded 399 gold links from annotation file
2026-05-10 19:51:45,184 - data_loader - INFO -   Conversation '2005-12-04.train-c' loaded in 0.25s
2026-05-10 19:51:45,185 - data_loader - INFO -   Creating samples for 2005-12-04.train-c: messages 0 to 1500 (limited)
2026-05-10 19:51:45,187 - data_loader - INFO -   LABEL CHECK [2005-12-04.train-c sample #2000]: gold_parent_idx=11, gold_msg_idx=1003, C=12, msg_i_idx=1003, candidate_range=[990, 1003]
2026-05-10 19:51:45,187 - data_loader - INFO -   LABEL CHECK [2005-12-04.train-c sample #2001]: gold_parent_idx=11, gold_msg_idx=1006, C=12, msg_i_idx=1006, candidate_range=[994, 1006]
2026-05-10 19:51:45,188 - data_loader - INFO -   LABEL CHECK [2005-12-04.train-c sample #2002]: gold_parent_idx=12, gold_msg_idx=1010, C=13, msg_i_idx=1010, candidate_range=[996, 1010]
2026-05-10 19:51:45,198 - data_loader - INFO -   Created 190 samples for 2005-12-04.train-c
2026-05-10 19:51:45,198 - data_loader - INFO -   File 17/153: 2005-12-04.train-c - 1500 messages, 2190 total samples so far
2026-05-10 19:51:45,198 - data_loader - INFO - Loading conversation from data/train/2005-12-16.train-c.ascii.txt
2026-05-10 19:51:45,199 - data_loader - INFO -   Read 1500 lines from ASCII file
2026-05-10 19:51:45,204 - data_loader - INFO -   Parsed 1500 messages, found 83 unique users
2026-05-10 19:51:45,375 - data_loader - INFO -   Loaded 371 gold links from annotation file
2026-05-10 19:51:45,376 - data_loader - INFO -   Conversation '2005-12-16.train-c' loaded in 0.18s
2026-05-10 19:51:45,376 - data_loader - INFO -   Creating samples for 2005-12-16.train-c: messages 0 to 1500 (limited)
2026-05-10 19:51:45,378 - data_loader - INFO -   LABEL CHECK [2005-12-16.train-c sample #2190]: gold_parent_idx=14, gold_msg_idx=1010, C=15, msg_i_idx=1010, candidate_range=[996, 1010]
2026-05-10 19:51:45,379 - data_loader - INFO -   LABEL CHECK [2005-12-16.train-c sample #2191]: gold_parent_idx=14, gold_msg_idx=1011, C=15, msg_i_idx=1011, candidate_range=[997, 1011]
2026-05-10 19:51:45,379 - data_loader - INFO -   LABEL CHECK [2005-12-16.train-c sample #2192]: gold_parent_idx=13, gold_msg_idx=1012, C=14, msg_i_idx=1012, candidate_range=[998, 1012]
2026-05-10 19:51:45,385 - data_loader - INFO -   Created 82 samples for 2005-12-16.train-c
2026-05-10 19:51:45,385 - data_loader - INFO -   File 18/153: 2005-12-16.train-c - 1500 messages, 2272 total samples so far
2026-05-10 19:51:45,385 - data_loader - INFO - Loading conversation from data/train/2005-12-23.train-c.ascii.txt
2026-05-10 19:51:45,387 - data_loader - INFO -   Read 1500 lines from ASCII file
2026-05-10 19:51:45,391 - data_loader - INFO -   Parsed 1500 messages, found 117 unique users
2026-05-10 19:51:45,609 - data_loader - INFO -   Loaded 380 gold links from annotation file
2026-05-10 19:51:45,609 - data_loader - INFO -   Conversation '2005-12-23.train-c' loaded in 0.22s
2026-05-10 19:51:45,609 - data_loader - INFO -   Creating samples for 2005-12-23.train-c: messages 0 to 1500 (limited)
2026-05-10 19:51:45,612 - data_loader - INFO -   LABEL CHECK [2005-12-23.train-c sample #2272]: gold_parent_idx=14, gold_msg_idx=1004, C=15, msg_i_idx=1004, candidate_range=[990, 1004]
2026-05-10 19:51:45,612 - data_loader - INFO -   LABEL CHECK [2005-12-23.train-c sample #2273]: gold_parent_idx=13, gold_msg_idx=1006, C=14, msg_i_idx=1006, candidate_range=[992, 1006]
2026-05-10 19:51:45,613 - data_loader - INFO -   LABEL CHECK [2005-12-23.train-c sample #2274]: gold_parent_idx=12, gold_msg_idx=1009, C=13, msg_i_idx=1009, candidate_range=[995, 1009]
2026-05-10 19:51:45,622 - data_loader - INFO -   Created 170 samples for 2005-12-23.train-c
2026-05-10 19:51:45,623 - data_loader - INFO -   File 19/153: 2005-12-23.train-c - 1500 messages, 2442 total samples so far
2026-05-10 19:51:45,623 - data_loader - INFO - Loading conversation from data/train/2006-01-02.train-c.ascii.txt
2026-05-10 19:51:45,624 - data_loader - INFO -   Read 1500 lines from ASCII file
2026-05-10 19:51:45,628 - data_loader - INFO -   Parsed 1500 messages, found 120 unique users
2026-05-10 19:51:45,870 - data_loader - INFO -   Loaded 371 gold links from annotation file
2026-05-10 19:51:45,870 - data_loader - INFO -   Conversation '2006-01-02.train-c' loaded in 0.25s
2026-05-10 19:51:45,870 - data_loader - INFO -   Creating samples for 2006-01-02.train-c: messages 0 to 1500 (limited)
2026-05-10 19:51:45,873 - data_loader - INFO -   LABEL CHECK [2006-01-02.train-c sample #2442]: gold_parent_idx=9, gold_msg_idx=1001, C=10, msg_i_idx=1001, candidate_range=[987, 1001]
2026-05-10 19:51:45,873 - data_loader - INFO -   LABEL CHECK [2006-01-02.train-c sample #2443]: gold_parent_idx=10, gold_msg_idx=1004, C=11, msg_i_idx=1004, candidate_range=[991, 1004]
2026-05-10 19:51:45,873 - data_loader - INFO -   LABEL CHECK [2006-01-02.train-c sample #2444]: gold_parent_idx=11, gold_msg_idx=1008, C=12, msg_i_idx=1008, candidate_range=[994, 1008]
2026-05-10 19:51:45,884 - data_loader - INFO -   Created 174 samples for 2006-01-02.train-c
2026-05-10 19:51:45,884 - data_loader - INFO -   File 20/153: 2006-01-02.train-c - 1500 messages, 2616 total samples so far
2026-05-10 19:51:45,884 - data_loader - INFO - Loading conversation from data/train/2006-01-12.train-c.ascii.txt
2026-05-10 19:51:45,885 - data_loader - INFO -   Read 1500 lines from ASCII file
2026-05-10 19:51:45,889 - data_loader - INFO -   Parsed 1500 messages, found 115 unique users
2026-05-10 19:51:46,110 - data_loader - INFO -   Loaded 378 gold links from annotation file
2026-05-10 19:51:46,110 - data_loader - INFO -   Conversation '2006-01-12.train-c' loaded in 0.23s
2026-05-10 19:51:46,110 - data_loader - INFO -   Creating samples for 2006-01-12.train-c: messages 0 to 1500 (limited)
2026-05-10 19:51:46,113 - data_loader - INFO -   LABEL CHECK [2006-01-12.train-c sample #2616]: gold_parent_idx=13, gold_msg_idx=1002, C=14, msg_i_idx=1002, candidate_range=[988, 1002]
2026-05-10 19:51:46,113 - data_loader - INFO -   LABEL CHECK [2006-01-12.train-c sample #2617]: gold_parent_idx=12, gold_msg_idx=1005, C=13, msg_i_idx=1005, candidate_range=[991, 1005]
2026-05-10 19:51:46,113 - data_loader - INFO -   LABEL CHECK [2006-01-12.train-c sample #2618]: gold_parent_idx=12, gold_msg_idx=1012, C=13, msg_i_idx=1012, candidate_range=[999, 1012]
2026-05-10 19:51:46,122 - data_loader - INFO -   Created 128 samples for 2006-01-12.train-c
2026-05-10 19:51:46,122 - data_loader - INFO -   File 21/153: 2006-01-12.train-c - 1500 messages, 2744 total samples so far
2026-05-10 19:51:46,122 - data_loader - INFO - Loading conversation from data/train/2006-02-20.train-c.ascii.txt
2026-05-10 19:51:46,123 - data_loader - INFO -   Read 1500 lines from ASCII file
2026-05-10 19:51:46,127 - data_loader - INFO -   Parsed 1500 messages, found 115 unique users
2026-05-10 19:51:46,342 - data_loader - INFO -   Loaded 385 gold links from annotation file
2026-05-10 19:51:46,342 - data_loader - INFO -   Conversation '2006-02-20.train-c' loaded in 0.22s
2026-05-10 19:51:46,343 - data_loader - INFO -   Creating samples for 2006-02-20.train-c: messages 0 to 1500 (limited)
2026-05-10 19:51:46,345 - data_loader - INFO -   LABEL CHECK [2006-02-20.train-c sample #2744]: gold_parent_idx=10, gold_msg_idx=1000, C=11, msg_i_idx=1000, candidate_range=[987, 1000]
2026-05-10 19:51:46,345 - data_loader - INFO -   LABEL CHECK [2006-02-20.train-c sample #2745]: gold_parent_idx=11, gold_msg_idx=1004, C=12, msg_i_idx=1004, candidate_range=[990, 1004]
2026-05-10 19:51:46,346 - data_loader - INFO -   LABEL CHECK [2006-02-20.train-c sample #2746]: gold_parent_idx=10, gold_msg_idx=1005, C=11, msg_i_idx=1005, candidate_range=[991, 1005]
2026-05-10 19:51:46,355 - data_loader - INFO -   Created 169 samples for 2006-02-20.train-c
2026-05-10 19:51:46,355 - data_loader - INFO -   File 22/153: 2006-02-20.train-c - 1500 messages, 2913 total samples so far
2026-05-10 19:51:46,356 - data_loader - INFO - Loading conversation from data/train/2006-02-24.train-a.ascii.txt
2026-05-10 19:51:46,357 - data_loader - INFO -   Read 1331 lines from ASCII file
2026-05-10 19:51:46,360 - data_loader - INFO -   Parsed 1331 messages, found 102 unique users
2026-05-10 19:51:46,549 - data_loader - INFO -   Loaded 280 gold links from annotation file
2026-05-10 19:51:46,549 - data_loader - INFO -   Conversation '2006-02-24.train-a' loaded in 0.19s
2026-05-10 19:51:46,550 - data_loader - INFO -   Creating samples for 2006-02-24.train-a: messages 0 to 1331 (limited)
2026-05-10 19:51:46,552 - data_loader - INFO -   LABEL CHECK [2006-02-24.train-a sample #2913]: gold_parent_idx=12, gold_msg_idx=1001, C=13, msg_i_idx=1001, candidate_range=[987, 1001]
2026-05-10 19:51:46,553 - data_loader - INFO -   LABEL CHECK [2006-02-24.train-a sample #2914]: gold_parent_idx=11, gold_msg_idx=1003, C=12, msg_i_idx=1003, candidate_range=[989, 1003]
2026-05-10 19:51:46,553 - data_loader - INFO -   LABEL CHECK [2006-02-24.train-a sample #2915]: gold_parent_idx=11, gold_msg_idx=1007, C=12, msg_i_idx=1007, candidate_range=[993, 1007]
2026-05-10 19:51:46,559 - data_loader - INFO -   Created 110 samples for 2006-02-24.train-a
2026-05-10 19:51:46,559 - data_loader - INFO -   File 23/153: 2006-02-24.train-a - 1331 messages, 3023 total samples so far
2026-05-10 19:51:46,559 - data_loader - INFO - Loading conversation from data/train/2006-02-28.train-c.ascii.txt
2026-05-10 19:51:46,561 - data_loader - INFO -   Read 1500 lines from ASCII file
2026-05-10 19:51:46,565 - data_loader - INFO -   Parsed 1500 messages, found 137 unique users
2026-05-10 19:51:46,822 - data_loader - INFO -   Loaded 380 gold links from annotation file
2026-05-10 19:51:46,822 - data_loader - INFO -   Conversation '2006-02-28.train-c' loaded in 0.26s
2026-05-10 19:51:46,823 - data_loader - INFO -   Creating samples for 2006-02-28.train-c: messages 0 to 1500 (limited)
2026-05-10 19:51:46,825 - data_loader - INFO -   LABEL CHECK [2006-02-28.train-c sample #3023]: gold_parent_idx=13, gold_msg_idx=1004, C=14, msg_i_idx=1004, candidate_range=[990, 1004]
2026-05-10 19:51:46,825 - data_loader - INFO -   LABEL CHECK [2006-02-28.train-c sample #3024]: gold_parent_idx=13, gold_msg_idx=1006, C=14, msg_i_idx=1006, candidate_range=[992, 1006]
2026-05-10 19:51:46,826 - data_loader - INFO -   LABEL CHECK [2006-02-28.train-c sample #3025]: gold_parent_idx=13, gold_msg_idx=1007, C=14, msg_i_idx=1007, candidate_range=[993, 1007]
2026-05-10 19:51:46,837 - data_loader - INFO -   Created 208 samples for 2006-02-28.train-c
2026-05-10 19:51:46,837 - data_loader - INFO -   File 24/153: 2006-02-28.train-c - 1500 messages, 3231 total samples so far
2026-05-10 19:51:46,838 - data_loader - INFO - Loading conversation from data/train/2006-03-05.train-c.ascii.txt
2026-05-10 19:51:46,839 - data_loader - INFO -   Read 1500 lines from ASCII file
2026-05-10 19:51:46,843 - data_loader - INFO -   Parsed 1500 messages, found 130 unique users
2026-05-10 19:51:47,111 - data_loader - INFO -   Loaded 364 gold links from annotation file
2026-05-10 19:51:47,112 - data_loader - INFO -   Conversation '2006-03-05.train-c' loaded in 0.27s
2026-05-10 19:51:47,112 - data_loader - INFO -   Creating samples for 2006-03-05.train-c: messages 0 to 1500 (limited)
2026-05-10 19:51:47,114 - data_loader - INFO -   LABEL CHECK [2006-03-05.train-c sample #3231]: gold_parent_idx=11, gold_msg_idx=1001, C=12, msg_i_idx=1001, candidate_range=[987, 1001]
2026-05-10 19:51:47,115 - data_loader - INFO -   LABEL CHECK [2006-03-05.train-c sample #3232]: gold_parent_idx=11, gold_msg_idx=1004, C=12, msg_i_idx=1004, candidate_range=[990, 1004]
2026-05-10 19:51:47,115 - data_loader - INFO -   LABEL CHECK [2006-03-05.train-c sample #3233]: gold_parent_idx=11, gold_msg_idx=1006, C=12, msg_i_idx=1006, candidate_range=[993, 1006]
2026-05-10 19:51:47,124 - data_loader - INFO -   Created 134 samples for 2006-03-05.train-c
2026-05-10 19:51:47,124 - data_loader - INFO -   File 25/153: 2006-03-05.train-c - 1500 messages, 3365 total samples so far
2026-05-10 19:51:47,124 - data_loader - INFO - Loading conversation from data/train/2006-05-02.train-c.ascii.txt
2026-05-10 19:51:47,125 - data_loader - INFO -   Read 1500 lines from ASCII file
2026-05-10 19:51:47,338 - data_loader - INFO -   Parsed 1500 messages, found 124 unique users
2026-05-10 19:51:47,588 - data_loader - INFO -   Loaded 398 gold links from annotation file
2026-05-10 19:51:47,588 - data_loader - INFO -   Conversation '2006-05-02.train-c' loaded in 0.46s
2026-05-10 19:51:47,588 - data_loader - INFO -   Creating samples for 2006-05-02.train-c: messages 0 to 1500 (limited)
2026-05-10 19:51:47,591 - data_loader - INFO -   LABEL CHECK [2006-05-02.train-c sample #3365]: gold_parent_idx=13, gold_msg_idx=1003, C=14, msg_i_idx=1003, candidate_range=[989, 1003]
2026-05-10 19:51:47,591 - data_loader - INFO -   LABEL CHECK [2006-05-02.train-c sample #3366]: gold_parent_idx=12, gold_msg_idx=1006, C=13, msg_i_idx=1006, candidate_range=[992, 1006]
2026-05-10 19:51:47,591 - data_loader - INFO -   LABEL CHECK [2006-05-02.train-c sample #3367]: gold_parent_idx=13, gold_msg_idx=1008, C=14, msg_i_idx=1008, candidate_range=[994, 1008]
2026-05-10 19:51:47,601 - data_loader - INFO -   Created 187 samples for 2006-05-02.train-c
2026-05-10 19:51:47,602 - data_loader - INFO -   File 26/153: 2006-05-02.train-c - 1500 messages, 3552 total samples so far
2026-05-10 19:51:47,602 - data_loader - INFO - Loading conversation from data/train/2006-05-15.train-c.ascii.txt
2026-05-10 19:51:47,603 - data_loader - INFO -   Read 1500 lines from ASCII file
2026-05-10 19:51:47,606 - data_loader - INFO -   Parsed 1500 messages, found 101 unique users
2026-05-10 19:51:47,809 - data_loader - INFO -   Loaded 369 gold links from annotation file
2026-05-10 19:51:47,809 - data_loader - INFO -   Conversation '2006-05-15.train-c' loaded in 0.21s
2026-05-10 19:51:47,809 - data_loader - INFO -   Creating samples for 2006-05-15.train-c: messages 0 to 1500 (limited)
2026-05-10 19:51:47,812 - data_loader - INFO -   LABEL CHECK [2006-05-15.train-c sample #3552]: gold_parent_idx=13, gold_msg_idx=1000, C=14, msg_i_idx=1000, candidate_range=[986, 1000]
2026-05-10 19:51:47,812 - data_loader - INFO -   LABEL CHECK [2006-05-15.train-c sample #3553]: gold_parent_idx=12, gold_msg_idx=1003, C=13, msg_i_idx=1003, candidate_range=[989, 1003]
2026-05-10 19:51:47,812 - data_loader - INFO -   LABEL CHECK [2006-05-15.train-c sample #3554]: gold_parent_idx=12, gold_msg_idx=1005, C=13, msg_i_idx=1005, candidate_range=[991, 1005]
2026-05-10 19:51:47,824 - data_loader - INFO -   Created 199 samples for 2006-05-15.train-c
2026-05-10 19:51:47,824 - data_loader - INFO -   File 27/153: 2006-05-15.train-c - 1500 messages, 3751 total samples so far
2026-05-10 19:51:47,824 - data_loader - INFO - Loading conversation from data/train/2006-05-27.train-c.ascii.txt
2026-05-10 19:51:47,825 - data_loader - INFO -   Read 1500 lines from ASCII file
2026-05-10 19:51:47,829 - data_loader - INFO -   Parsed 1500 messages, found 117 unique users
2026-05-10 19:51:48,013 - data_loader - INFO -   Loaded 415 gold links from annotation file
2026-05-10 19:51:48,013 - data_loader - INFO -   Conversation '2006-05-27.train-c' loaded in 0.19s
2026-05-10 19:51:48,013 - data_loader - INFO -   Creating samples for 2006-05-27.train-c: messages 0 to 1500 (limited)
2026-05-10 19:51:48,016 - data_loader - INFO -   LABEL CHECK [2006-05-27.train-c sample #3751]: gold_parent_idx=13, gold_msg_idx=1002, C=14, msg_i_idx=1002, candidate_range=[988, 1002]
2026-05-10 19:51:48,016 - data_loader - INFO -   LABEL CHECK [2006-05-27.train-c sample #3752]: gold_parent_idx=12, gold_msg_idx=1003, C=13, msg_i_idx=1003, candidate_range=[990, 1003]
2026-05-10 19:51:48,016 - data_loader - INFO -   LABEL CHECK [2006-05-27.train-c sample #3753]: gold_parent_idx=12, gold_msg_idx=1006, C=13, msg_i_idx=1006, candidate_range=[992, 1006]
2026-05-10 19:51:48,028 - data_loader - INFO -   Created 261 samples for 2006-05-27.train-c
2026-05-10 19:51:48,028 - data_loader - INFO -   File 28/153: 2006-05-27.train-c - 1500 messages, 4012 total samples so far
2026-05-10 19:51:48,028 - data_loader - INFO - Loading conversation from data/train/2006-05-29.train-c.ascii.txt
2026-05-10 19:51:48,029 - data_loader - INFO -   Read 1500 lines from ASCII file
2026-05-10 19:51:48,033 - data_loader - INFO -   Parsed 1500 messages, found 115 unique users
2026-05-10 19:51:48,250 - data_loader - INFO -   Loaded 371 gold links from annotation file
2026-05-10 19:51:48,251 - data_loader - INFO -   Conversation '2006-05-29.train-c' loaded in 0.22s
2026-05-10 19:51:48,251 - data_loader - INFO -   Creating samples for 2006-05-29.train-c: messages 0 to 1500 (limited)
2026-05-10 19:51:48,253 - data_loader - INFO -   LABEL CHECK [2006-05-29.train-c sample #4012]: gold_parent_idx=9, gold_msg_idx=1000, C=10, msg_i_idx=1000, candidate_range=[988, 1000]
2026-05-10 19:51:48,254 - data_loader - INFO -   LABEL CHECK [2006-05-29.train-c sample #4013]: gold_parent_idx=12, gold_msg_idx=1007, C=13, msg_i_idx=1007, candidate_range=[993, 1007]
2026-05-10 19:51:48,254 - data_loader - INFO -   LABEL CHECK [2006-05-29.train-c sample #4014]: gold_parent_idx=11, gold_msg_idx=1010, C=12, msg_i_idx=1010, candidate_range=[997, 1010]
2026-05-10 19:51:48,265 - data_loader - INFO -   Created 212 samples for 2006-05-29.train-c
2026-05-10 19:51:48,265 - data_loader - INFO -   File 29/153: 2006-05-29.train-c - 1500 messages, 4224 total samples so far
2026-05-10 19:51:48,265 - data_loader - INFO - Loading conversation from data/train/2006-06-01.train-a.ascii.txt
2026-05-10 19:51:48,266 - data_loader - INFO -   Read 2165 lines from ASCII file
2026-05-10 19:51:48,272 - data_loader - INFO -   Parsed 2165 messages, found 223 unique users
2026-05-10 19:51:48,880 - data_loader - INFO -   Loaded 844 gold links from annotation file
2026-05-10 19:51:48,881 - data_loader - INFO -   Conversation '2006-06-01.train-a' loaded in 0.62s
2026-05-10 19:51:48,881 - data_loader - INFO -   Creating samples for 2006-06-01.train-a: messages 0 to 2165 (limited)
2026-05-10 19:51:48,883 - data_loader - INFO -   LABEL CHECK [2006-06-01.train-a sample #4224]: gold_parent_idx=11, gold_msg_idx=1000, C=12, msg_i_idx=1000, candidate_range=[986, 1000]
2026-05-10 19:51:48,884 - data_loader - INFO -   LABEL CHECK [2006-06-01.train-a sample #4225]: gold_parent_idx=12, gold_msg_idx=1006, C=13, msg_i_idx=1006, candidate_range=[994, 1006]
2026-05-10 19:51:48,884 - data_loader - INFO -   LABEL CHECK [2006-06-01.train-a sample #4226]: gold_parent_idx=13, gold_msg_idx=1009, C=14, msg_i_idx=1009, candidate_range=[995, 1009]
2026-05-10 19:51:48,906 - data_loader - INFO -   Created 361 samples for 2006-06-01.train-a
2026-05-10 19:51:48,906 - data_loader - INFO -   File 30/153: 2006-06-01.train-a - 2165 messages, 4585 total samples so far
2026-05-10 19:51:48,906 - data_loader - INFO - Loading conversation from data/train/2006-06-05.train-a.ascii.txt
2026-05-10 19:51:48,907 - data_loader - INFO -   Read 1753 lines from ASCII file
2026-05-10 19:51:48,912 - data_loader - INFO -   Parsed 1753 messages, found 135 unique users
2026-05-10 19:51:49,230 - data_loader - INFO -   Loaded 582 gold links from annotation file
2026-05-10 19:51:49,230 - data_loader - INFO -   Conversation '2006-06-05.train-a' loaded in 0.32s
2026-05-10 19:51:49,230 - data_loader - INFO -   Creating samples for 2006-06-05.train-a: messages 0 to 1753 (limited)
2026-05-10 19:51:49,233 - data_loader - INFO -   LABEL CHECK [2006-06-05.train-a sample #4585]: gold_parent_idx=9, gold_msg_idx=1001, C=10, msg_i_idx=1001, candidate_range=[988, 1001]
2026-05-10 19:51:49,233 - data_loader - INFO -   LABEL CHECK [2006-06-05.train-a sample #4586]: gold_parent_idx=11, gold_msg_idx=1008, C=12, msg_i_idx=1008, candidate_range=[994, 1008]
2026-05-10 19:51:49,233 - data_loader - INFO -   LABEL CHECK [2006-06-05.train-a sample #4587]: gold_parent_idx=10, gold_msg_idx=1010, C=11, msg_i_idx=1010, candidate_range=[997, 1010]
2026-05-10 19:51:49,248 - data_loader - INFO -   Created 232 samples for 2006-06-05.train-a
2026-05-10 19:51:49,248 - data_loader - INFO -   File 31/153: 2006-06-05.train-a - 1753 messages, 4817 total samples so far
2026-05-10 19:51:49,248 - data_loader - INFO - Loading conversation from data/train/2006-06-08.train-c.ascii.txt
2026-05-10 19:51:49,249 - data_loader - INFO -   Read 1500 lines from ASCII file
2026-05-10 19:51:49,253 - data_loader - INFO -   Parsed 1500 messages, found 110 unique users
2026-05-10 19:51:49,481 - data_loader - INFO -   Loaded 385 gold links from annotation file
2026-05-10 19:51:49,481 - data_loader - INFO -   Conversation '2006-06-08.train-c' loaded in 0.23s
2026-05-10 19:51:49,481 - data_loader - INFO -   Creating samples for 2006-06-08.train-c: messages 0 to 1500 (limited)
2026-05-10 19:51:49,484 - data_loader - INFO -   LABEL CHECK [2006-06-08.train-c sample #4817]: gold_parent_idx=10, gold_msg_idx=1000, C=11, msg_i_idx=1000, candidate_range=[986, 1000]
2026-05-10 19:51:49,484 - data_loader - INFO -   LABEL CHECK [2006-06-08.train-c sample #4818]: gold_parent_idx=9, gold_msg_idx=1001, C=10, msg_i_idx=1001, candidate_range=[987, 1001]
2026-05-10 19:51:49,484 - data_loader - INFO -   LABEL CHECK [2006-06-08.train-c sample #4819]: gold_parent_idx=8, gold_msg_idx=1002, C=9, msg_i_idx=1002, candidate_range=[990, 1002]
2026-05-10 19:51:49,492 - data_loader - INFO -   Created 134 samples for 2006-06-08.train-c
2026-05-10 19:51:49,492 - data_loader - INFO -   File 32/153: 2006-06-08.train-c - 1500 messages, 4951 total samples so far
2026-05-10 19:51:49,492 - data_loader - INFO - Loading conversation from data/train/2006-06-21.train-c.ascii.txt
2026-05-10 19:51:49,493 - data_loader - INFO -   Read 1500 lines from ASCII file
2026-05-10 19:51:49,497 - data_loader - INFO -   Parsed 1500 messages, found 145 unique users
2026-05-10 19:51:49,767 - data_loader - INFO -   Loaded 385 gold links from annotation file
2026-05-10 19:51:49,767 - data_loader - INFO -   Conversation '2006-06-21.train-c' loaded in 0.27s
2026-05-10 19:51:49,767 - data_loader - INFO -   Creating samples for 2006-06-21.train-c: messages 0 to 1500 (limited)
2026-05-10 19:51:49,770 - data_loader - INFO -   LABEL CHECK [2006-06-21.train-c sample #4951]: gold_parent_idx=8, gold_msg_idx=1000, C=9, msg_i_idx=1000, candidate_range=[987, 1000]
2026-05-10 19:51:49,770 - data_loader - INFO -   LABEL CHECK [2006-06-21.train-c sample #4952]: gold_parent_idx=8, gold_msg_idx=1003, C=9, msg_i_idx=1003, candidate_range=[989, 1003]
2026-05-10 19:51:49,770 - data_loader - INFO -   LABEL CHECK [2006-06-21.train-c sample #4953]: gold_parent_idx=7, gold_msg_idx=1004, C=8, msg_i_idx=1004, candidate_range=[991, 1004]
2026-05-10 19:51:49,783 - data_loader - INFO -   Created 255 samples for 2006-06-21.train-c
2026-05-10 19:51:49,783 - data_loader - INFO -   File 33/153: 2006-06-21.train-c - 1500 messages, 5206 total samples so far
2026-05-10 19:51:49,783 - data_loader - INFO - Loading conversation from data/train/2006-06-28.train-c.ascii.txt
2026-05-10 19:51:49,784 - data_loader - INFO -   Read 1500 lines from ASCII file
2026-05-10 19:51:49,789 - data_loader - INFO -   Parsed 1500 messages, found 127 unique users
2026-05-10 19:51:50,024 - data_loader - INFO -   Loaded 392 gold links from annotation file
2026-05-10 19:51:50,024 - data_loader - INFO -   Conversation '2006-06-28.train-c' loaded in 0.24s
2026-05-10 19:51:50,024 - data_loader - INFO -   Creating samples for 2006-06-28.train-c: messages 0 to 1500 (limited)
2026-05-10 19:51:50,026 - data_loader - INFO -   LABEL CHECK [2006-06-28.train-c sample #5206]: gold_parent_idx=5, gold_msg_idx=1000, C=6, msg_i_idx=1000, candidate_range=[986, 1000]
2026-05-10 19:51:50,027 - data_loader - INFO -   LABEL CHECK [2006-06-28.train-c sample #5207]: gold_parent_idx=4, gold_msg_idx=1001, C=5, msg_i_idx=1001, candidate_range=[987, 1001]
2026-05-10 19:51:50,027 - data_loader - INFO -   LABEL CHECK [2006-06-28.train-c sample #5208]: gold_parent_idx=3, gold_msg_idx=1002, C=4, msg_i_idx=1002, candidate_range=[988, 1002]
2026-05-10 19:51:50,038 - data_loader - INFO -   Created 207 samples for 2006-06-28.train-c
2026-05-10 19:51:50,038 - data_loader - INFO -   File 34/153: 2006-06-28.train-c - 1500 messages, 5413 total samples so far
2026-05-10 19:51:50,038 - data_loader - INFO - Loading conversation from data/train/2006-07-01.train-c.ascii.txt
2026-05-10 19:51:50,039 - data_loader - INFO -   Read 1500 lines from ASCII file
2026-05-10 19:51:50,043 - data_loader - INFO -   Parsed 1500 messages, found 107 unique users
2026-05-10 19:51:50,245 - data_loader - INFO -   Loaded 379 gold links from annotation file
2026-05-10 19:51:50,245 - data_loader - INFO -   Conversation '2006-07-01.train-c' loaded in 0.21s
2026-05-10 19:51:50,245 - data_loader - INFO -   Creating samples for 2006-07-01.train-c: messages 0 to 1500 (limited)
2026-05-10 19:51:50,247 - data_loader - INFO -   LABEL CHECK [2006-07-01.train-c sample #5413]: gold_parent_idx=14, gold_msg_idx=1001, C=15, msg_i_idx=1001, candidate_range=[987, 1001]
2026-05-10 19:51:50,248 - data_loader - INFO -   LABEL CHECK [2006-07-01.train-c sample #5414]: gold_parent_idx=14, gold_msg_idx=1015, C=15, msg_i_idx=1015, candidate_range=[1001, 1015]
2026-05-10 19:51:50,248 - data_loader - INFO -   LABEL CHECK [2006-07-01.train-c sample #5415]: gold_parent_idx=13, gold_msg_idx=1020, C=14, msg_i_idx=1020, candidate_range=[1006, 1020]
2026-05-10 19:51:50,257 - data_loader - INFO -   Created 164 samples for 2006-07-01.train-c
2026-05-10 19:51:50,257 - data_loader - INFO -   File 35/153: 2006-07-01.train-c - 1500 messages, 5577 total samples so far
2026-05-10 19:51:50,257 - data_loader - INFO - Loading conversation from data/train/2006-08-06.train-c.ascii.txt
2026-05-10 19:51:50,258 - data_loader - INFO -   Read 1500 lines from ASCII file
2026-05-10 19:51:50,263 - data_loader - INFO -   Parsed 1500 messages, found 116 unique users
2026-05-10 19:51:50,513 - data_loader - INFO -   Loaded 407 gold links from annotation file
2026-05-10 19:51:50,513 - data_loader - INFO -   Conversation '2006-08-06.train-c' loaded in 0.26s
2026-05-10 19:51:50,513 - data_loader - INFO -   Creating samples for 2006-08-06.train-c: messages 0 to 1500 (limited)
2026-05-10 19:51:50,516 - data_loader - INFO -   LABEL CHECK [2006-08-06.train-c sample #5577]: gold_parent_idx=9, gold_msg_idx=1000, C=10, msg_i_idx=1000, candidate_range=[987, 1000]
2026-05-10 19:51:50,516 - data_loader - INFO -   LABEL CHECK [2006-08-06.train-c sample #5578]: gold_parent_idx=10, gold_msg_idx=1006, C=11, msg_i_idx=1006, candidate_range=[994, 1006]
2026-05-10 19:51:50,516 - data_loader - INFO -   LABEL CHECK [2006-08-06.train-c sample #5579]: gold_parent_idx=11, gold_msg_idx=1008, C=12, msg_i_idx=1008, candidate_range=[994, 1008]
2026-05-10 19:51:50,527 - data_loader - INFO -   Created 189 samples for 2006-08-06.train-c
2026-05-10 19:51:50,527 - data_loader - INFO -   File 36/153: 2006-08-06.train-c - 1500 messages, 5766 total samples so far
2026-05-10 19:51:50,527 - data_loader - INFO - Loading conversation from data/train/2006-08-11.train-c.ascii.txt
2026-05-10 19:51:50,529 - data_loader - INFO -   Read 1500 lines from ASCII file
2026-05-10 19:51:50,533 - data_loader - INFO -   Parsed 1500 messages, found 88 unique users
2026-05-10 19:51:50,726 - data_loader - INFO -   Loaded 394 gold links from annotation file
2026-05-10 19:51:50,726 - data_loader - INFO -   Conversation '2006-08-11.train-c' loaded in 0.20s
2026-05-10 19:51:50,727 - data_loader - INFO -   Creating samples for 2006-08-11.train-c: messages 0 to 1500 (limited)
2026-05-10 19:51:50,729 - data_loader - INFO -   LABEL CHECK [2006-08-11.train-c sample #5766]: gold_parent_idx=14, gold_msg_idx=1009, C=15, msg_i_idx=1009, candidate_range=[995, 1009]
2026-05-10 19:51:50,729 - data_loader - INFO -   LABEL CHECK [2006-08-11.train-c sample #5767]: gold_parent_idx=13, gold_msg_idx=1010, C=14, msg_i_idx=1010, candidate_range=[996, 1010]
2026-05-10 19:51:50,730 - data_loader - INFO -   LABEL CHECK [2006-08-11.train-c sample #5768]: gold_parent_idx=13, gold_msg_idx=1013, C=14, msg_i_idx=1013, candidate_range=[999, 1013]
2026-05-10 19:51:50,738 - data_loader - INFO -   Created 122 samples for 2006-08-11.train-c
2026-05-10 19:51:50,738 - data_loader - INFO -   File 37/153: 2006-08-11.train-c - 1500 messages, 5888 total samples so far
2026-05-10 19:51:50,738 - data_loader - INFO - Loading conversation from data/train/2006-08-13.train-c.ascii.txt
2026-05-10 19:51:50,739 - data_loader - INFO -   Read 1500 lines from ASCII file
2026-05-10 19:51:50,743 - data_loader - INFO -   Parsed 1500 messages, found 84 unique users
2026-05-10 19:51:50,920 - data_loader - INFO -   Loaded 385 gold links from annotation file
2026-05-10 19:51:50,921 - data_loader - INFO -   Conversation '2006-08-13.train-c' loaded in 0.18s
2026-05-10 19:51:50,921 - data_loader - INFO -   Creating samples for 2006-08-13.train-c: messages 0 to 1500 (limited)
2026-05-10 19:51:50,924 - data_loader - INFO -   LABEL CHECK [2006-08-13.train-c sample #5888]: gold_parent_idx=12, gold_msg_idx=1005, C=13, msg_i_idx=1005, candidate_range=[992, 1005]
2026-05-10 19:51:50,924 - data_loader - INFO -   LABEL CHECK [2006-08-13.train-c sample #5889]: gold_parent_idx=12, gold_msg_idx=1007, C=13, msg_i_idx=1007, candidate_range=[993, 1007]
2026-05-10 19:51:50,924 - data_loader - INFO -   LABEL CHECK [2006-08-13.train-c sample #5890]: gold_parent_idx=12, gold_msg_idx=1008, C=13, msg_i_idx=1008, candidate_range=[994, 1008]
2026-05-10 19:51:50,934 - data_loader - INFO -   Created 171 samples for 2006-08-13.train-c
2026-05-10 19:51:50,934 - data_loader - INFO -   File 38/153: 2006-08-13.train-c - 1500 messages, 6059 total samples so far
2026-05-10 19:51:50,934 - data_loader - INFO - Loading conversation from data/train/2006-08-15.train-c.ascii.txt
2026-05-10 19:51:50,935 - data_loader - INFO -   Read 1500 lines from ASCII file
2026-05-10 19:51:50,939 - data_loader - INFO -   Parsed 1500 messages, found 106 unique users
2026-05-10 19:51:51,163 - data_loader - INFO -   Loaded 393 gold links from annotation file
2026-05-10 19:51:51,163 - data_loader - INFO -   Conversation '2006-08-15.train-c' loaded in 0.23s
2026-05-10 19:51:51,163 - data_loader - INFO -   Creating samples for 2006-08-15.train-c: messages 0 to 1500 (limited)
2026-05-10 19:51:51,166 - data_loader - INFO -   LABEL CHECK [2006-08-15.train-c sample #6059]: gold_parent_idx=14, gold_msg_idx=1005, C=15, msg_i_idx=1005, candidate_range=[991, 1005]
2026-05-10 19:51:51,166 - data_loader - INFO -   LABEL CHECK [2006-08-15.train-c sample #6060]: gold_parent_idx=13, gold_msg_idx=1007, C=14, msg_i_idx=1007, candidate_range=[993, 1007]
2026-05-10 19:51:51,166 - data_loader - INFO -   LABEL CHECK [2006-08-15.train-c sample #6061]: gold_parent_idx=13, gold_msg_idx=1016, C=14, msg_i_idx=1016, candidate_range=[1002, 1016]
2026-05-10 19:51:51,175 - data_loader - INFO -   Created 141 samples for 2006-08-15.train-c
2026-05-10 19:51:51,175 - data_loader - INFO -   File 39/153: 2006-08-15.train-c - 1500 messages, 6200 total samples so far
2026-05-10 19:51:51,175 - data_loader - INFO - Loading conversation from data/train/2006-08-23.train-a.ascii.txt
2026-05-10 19:51:51,177 - data_loader - INFO -   Read 1673 lines from ASCII file
2026-05-10 19:51:51,181 - data_loader - INFO -   Parsed 1673 messages, found 148 unique users
2026-05-10 19:51:51,521 - data_loader - INFO -   Loaded 475 gold links from annotation file
2026-05-10 19:51:51,521 - data_loader - INFO -   Conversation '2006-08-23.train-a' loaded in 0.35s
2026-05-10 19:51:51,521 - data_loader - INFO -   Creating samples for 2006-08-23.train-a: messages 0 to 1673 (limited)
2026-05-10 19:51:51,524 - data_loader - INFO -   LABEL CHECK [2006-08-23.train-a sample #6200]: gold_parent_idx=14, gold_msg_idx=1000, C=15, msg_i_idx=1000, candidate_range=[986, 1000]
2026-05-10 19:51:51,524 - data_loader - INFO -   LABEL CHECK [2006-08-23.train-a sample #6201]: gold_parent_idx=14, gold_msg_idx=1004, C=15, msg_i_idx=1004, candidate_range=[990, 1004]
2026-05-10 19:51:51,524 - data_loader - INFO -   LABEL CHECK [2006-08-23.train-a sample #6202]: gold_parent_idx=13, gold_msg_idx=1005, C=14, msg_i_idx=1005, candidate_range=[991, 1005]
2026-05-10 19:51:51,536 - data_loader - INFO -   Created 186 samples for 2006-08-23.train-a
2026-05-10 19:51:51,536 - data_loader - INFO -   File 40/153: 2006-08-23.train-a - 1673 messages, 6386 total samples so far
2026-05-10 19:51:51,536 - data_loader - INFO - Loading conversation from data/train/2006-09-13.train-c.ascii.txt
2026-05-10 19:51:51,537 - data_loader - INFO -   Read 1500 lines from ASCII file
2026-05-10 19:51:51,541 - data_loader - INFO -   Parsed 1500 messages, found 98 unique users
2026-05-10 19:51:51,729 - data_loader - INFO -   Loaded 388 gold links from annotation file
2026-05-10 19:51:51,729 - data_loader - INFO -   Conversation '2006-09-13.train-c' loaded in 0.19s
2026-05-10 19:51:51,730 - data_loader - INFO -   Creating samples for 2006-09-13.train-c: messages 0 to 1500 (limited)
2026-05-10 19:51:51,732 - data_loader - INFO -   LABEL CHECK [2006-09-13.train-c sample #6386]: gold_parent_idx=11, gold_msg_idx=1001, C=12, msg_i_idx=1001, candidate_range=[988, 1001]
2026-05-10 19:51:51,732 - data_loader - INFO -   LABEL CHECK [2006-09-13.train-c sample #6387]: gold_parent_idx=14, gold_msg_idx=1014, C=15, msg_i_idx=1014, candidate_range=[1000, 1014]
2026-05-10 19:51:51,733 - data_loader - INFO -   LABEL CHECK [2006-09-13.train-c sample #6388]: gold_parent_idx=14, gold_msg_idx=1016, C=15, msg_i_idx=1016, candidate_range=[1002, 1016]
2026-05-10 19:51:51,742 - data_loader - INFO -   Created 156 samples for 2006-09-13.train-c
2026-05-10 19:51:51,742 - data_loader - INFO -   File 41/153: 2006-09-13.train-c - 1500 messages, 6542 total samples so far
2026-05-10 19:51:51,742 - data_loader - INFO - Loading conversation from data/train/2006-09-24.train-c.ascii.txt
2026-05-10 19:51:51,743 - data_loader - INFO -   Read 1500 lines from ASCII file
2026-05-10 19:51:51,747 - data_loader - INFO -   Parsed 1500 messages, found 114 unique users
2026-05-10 19:51:51,969 - data_loader - INFO -   Loaded 417 gold links from annotation file
2026-05-10 19:51:51,969 - data_loader - INFO -   Conversation '2006-09-24.train-c' loaded in 0.23s
2026-05-10 19:51:51,970 - data_loader - INFO -   Creating samples for 2006-09-24.train-c: messages 0 to 1500 (limited)
2026-05-10 19:51:51,972 - data_loader - INFO -   LABEL CHECK [2006-09-24.train-c sample #6542]: gold_parent_idx=10, gold_msg_idx=1001, C=11, msg_i_idx=1001, candidate_range=[987, 1001]
2026-05-10 19:51:51,973 - data_loader - INFO -   LABEL CHECK [2006-09-24.train-c sample #6543]: gold_parent_idx=10, gold_msg_idx=1003, C=11, msg_i_idx=1003, candidate_range=[991, 1003]
2026-05-10 19:51:51,973 - data_loader - INFO -   LABEL CHECK [2006-09-24.train-c sample #6544]: gold_parent_idx=11, gold_msg_idx=1006, C=12, msg_i_idx=1006, candidate_range=[992, 1006]
2026-05-10 19:51:51,983 - data_loader - INFO -   Created 188 samples for 2006-09-24.train-c
2026-05-10 19:51:51,984 - data_loader - INFO -   File 42/153: 2006-09-24.train-c - 1500 messages, 6730 total samples so far
2026-05-10 19:51:51,984 - data_loader - INFO - Loading conversation from data/train/2006-11-01.train-c.ascii.txt
2026-05-10 19:51:51,985 - data_loader - INFO -   Read 1500 lines from ASCII file
2026-05-10 19:51:51,988 - data_loader - INFO -   Parsed 1500 messages, found 126 unique users
2026-05-10 19:51:52,220 - data_loader - INFO -   Loaded 383 gold links from annotation file
2026-05-10 19:51:52,220 - data_loader - INFO -   Conversation '2006-11-01.train-c' loaded in 0.24s
2026-05-10 19:51:52,220 - data_loader - INFO -   Creating samples for 2006-11-01.train-c: messages 0 to 1500 (limited)
2026-05-10 19:51:52,223 - data_loader - INFO -   LABEL CHECK [2006-11-01.train-c sample #6730]: gold_parent_idx=9, gold_msg_idx=1002, C=10, msg_i_idx=1002, candidate_range=[990, 1002]
2026-05-10 19:51:52,223 - data_loader - INFO -   LABEL CHECK [2006-11-01.train-c sample #6731]: gold_parent_idx=9, gold_msg_idx=1003, C=10, msg_i_idx=1003, candidate_range=[990, 1003]
2026-05-10 19:51:52,223 - data_loader - INFO -   LABEL CHECK [2006-11-01.train-c sample #6732]: gold_parent_idx=9, gold_msg_idx=1005, C=10, msg_i_idx=1005, candidate_range=[993, 1005]
2026-05-10 19:51:52,235 - data_loader - INFO -   Created 216 samples for 2006-11-01.train-c
2026-05-10 19:51:52,235 - data_loader - INFO -   File 43/153: 2006-11-01.train-c - 1500 messages, 6946 total samples so far
2026-05-10 19:51:52,236 - data_loader - INFO - Loading conversation from data/train/2006-12-06.train-c.ascii.txt
2026-05-10 19:51:52,237 - data_loader - INFO -   Read 1500 lines from ASCII file
2026-05-10 19:51:52,241 - data_loader - INFO -   Parsed 1500 messages, found 110 unique users
2026-05-10 19:51:52,434 - data_loader - INFO -   Loaded 404 gold links from annotation file
2026-05-10 19:51:52,434 - data_loader - INFO -   Conversation '2006-12-06.train-c' loaded in 0.20s
2026-05-10 19:51:52,434 - data_loader - INFO -   Creating samples for 2006-12-06.train-c: messages 0 to 1500 (limited)
2026-05-10 19:51:52,436 - data_loader - INFO -   LABEL CHECK [2006-12-06.train-c sample #6946]: gold_parent_idx=11, gold_msg_idx=1000, C=12, msg_i_idx=1000, candidate_range=[986, 1000]
2026-05-10 19:51:52,437 - data_loader - INFO -   LABEL CHECK [2006-12-06.train-c sample #6947]: gold_parent_idx=10, gold_msg_idx=1001, C=11, msg_i_idx=1001, candidate_range=[987, 1001]
2026-05-10 19:51:52,437 - data_loader - INFO -   LABEL CHECK [2006-12-06.train-c sample #6948]: gold_parent_idx=10, gold_msg_idx=1003, C=11, msg_i_idx=1003, candidate_range=[989, 1003]
2026-05-10 19:51:52,448 - data_loader - INFO -   Created 212 samples for 2006-12-06.train-c
2026-05-10 19:51:52,448 - data_loader - INFO -   File 44/153: 2006-12-06.train-c - 1500 messages, 7158 total samples so far
2026-05-10 19:51:52,448 - data_loader - INFO - Loading conversation from data/train/2006-12-10.train-a.ascii.txt
2026-05-10 19:51:52,449 - data_loader - INFO -   Read 1681 lines from ASCII file
2026-05-10 19:51:52,453 - data_loader - INFO -   Parsed 1681 messages, found 147 unique users
2026-05-10 19:51:52,750 - data_loader - INFO -   Loaded 561 gold links from annotation file
2026-05-10 19:51:52,751 - data_loader - INFO -   Conversation '2006-12-10.train-a' loaded in 0.30s
2026-05-10 19:51:52,751 - data_loader - INFO -   Creating samples for 2006-12-10.train-a: messages 0 to 1681 (limited)
2026-05-10 19:51:52,753 - data_loader - INFO -   LABEL CHECK [2006-12-10.train-a sample #7158]: gold_parent_idx=12, gold_msg_idx=1006, C=13, msg_i_idx=1006, candidate_range=[992, 1006]
2026-05-10 19:51:52,754 - data_loader - INFO -   LABEL CHECK [2006-12-10.train-a sample #7159]: gold_parent_idx=13, gold_msg_idx=1012, C=14, msg_i_idx=1012, candidate_range=[998, 1012]
2026-05-10 19:51:52,754 - data_loader - INFO -   LABEL CHECK [2006-12-10.train-a sample #7160]: gold_parent_idx=13, gold_msg_idx=1026, C=14, msg_i_idx=1026, candidate_range=[1013, 1026]
2026-05-10 19:51:52,767 - data_loader - INFO -   Created 259 samples for 2006-12-10.train-a
2026-05-10 19:51:52,767 - data_loader - INFO -   File 45/153: 2006-12-10.train-a - 1681 messages, 7417 total samples so far
2026-05-10 19:51:52,767 - data_loader - INFO - Loading conversation from data/train/2006-12-20.train-c.ascii.txt
2026-05-10 19:51:52,769 - data_loader - INFO -   Read 1500 lines from ASCII file
2026-05-10 19:51:52,965 - data_loader - INFO -   Parsed 1500 messages, found 115 unique users
2026-05-10 19:51:53,188 - data_loader - INFO -   Loaded 383 gold links from annotation file
2026-05-10 19:51:53,188 - data_loader - INFO -   Conversation '2006-12-20.train-c' loaded in 0.42s
2026-05-10 19:51:53,188 - data_loader - INFO -   Creating samples for 2006-12-20.train-c: messages 0 to 1500 (limited)
2026-05-10 19:51:53,190 - data_loader - INFO -   LABEL CHECK [2006-12-20.train-c sample #7417]: gold_parent_idx=7, gold_msg_idx=1001, C=8, msg_i_idx=1001, candidate_range=[987, 1001]
2026-05-10 19:51:53,190 - data_loader - INFO -   LABEL CHECK [2006-12-20.train-c sample #7418]: gold_parent_idx=9, gold_msg_idx=1004, C=10, msg_i_idx=1004, candidate_range=[991, 1004]
2026-05-10 19:51:53,191 - data_loader - INFO -   LABEL CHECK [2006-12-20.train-c sample #7419]: gold_parent_idx=9, gold_msg_idx=1005, C=10, msg_i_idx=1005, candidate_range=[991, 1005]
2026-05-10 19:51:53,201 - data_loader - INFO -   Created 170 samples for 2006-12-20.train-c
2026-05-10 19:51:53,201 - data_loader - INFO -   File 46/153: 2006-12-20.train-c - 1500 messages, 7587 total samples so far
2026-05-10 19:51:53,201 - data_loader - INFO - Loading conversation from data/train/2007-01-12.train-c.ascii.txt
2026-05-10 19:51:53,202 - data_loader - INFO -   Read 1500 lines from ASCII file
2026-05-10 19:51:53,206 - data_loader - INFO -   Parsed 1500 messages, found 113 unique users
2026-05-10 19:51:53,435 - data_loader - INFO -   Loaded 407 gold links from annotation file
2026-05-10 19:51:53,435 - data_loader - INFO -   Conversation '2007-01-12.train-c' loaded in 0.23s
2026-05-10 19:51:53,435 - data_loader - INFO -   Creating samples for 2007-01-12.train-c: messages 0 to 1500 (limited)
2026-05-10 19:51:53,438 - data_loader - INFO -   LABEL CHECK [2007-01-12.train-c sample #7587]: gold_parent_idx=12, gold_msg_idx=1002, C=13, msg_i_idx=1002, candidate_range=[988, 1002]
2026-05-10 19:51:53,438 - data_loader - INFO -   LABEL CHECK [2007-01-12.train-c sample #7588]: gold_parent_idx=12, gold_msg_idx=1005, C=13, msg_i_idx=1005, candidate_range=[992, 1005]
2026-05-10 19:51:53,438 - data_loader - INFO -   LABEL CHECK [2007-01-12.train-c sample #7589]: gold_parent_idx=13, gold_msg_idx=1007, C=14, msg_i_idx=1007, candidate_range=[993, 1007]
2026-05-10 19:51:53,450 - data_loader - INFO -   Created 226 samples for 2007-01-12.train-c
2026-05-10 19:51:53,451 - data_loader - INFO -   File 47/153: 2007-01-12.train-c - 1500 messages, 7813 total samples so far
2026-05-10 19:51:53,451 - data_loader - INFO - Loading conversation from data/train/2007-01-19.train-a.ascii.txt
2026-05-10 19:51:53,452 - data_loader - INFO -   Read 1740 lines from ASCII file
2026-05-10 19:51:53,457 - data_loader - INFO -   Parsed 1740 messages, found 102 unique users
2026-05-10 19:51:53,713 - data_loader - INFO -   Loaded 540 gold links from annotation file
2026-05-10 19:51:53,713 - data_loader - INFO -   Conversation '2007-01-19.train-a' loaded in 0.26s
2026-05-10 19:51:53,713 - data_loader - INFO -   Creating samples for 2007-01-19.train-a: messages 0 to 1740 (limited)
2026-05-10 19:51:53,716 - data_loader - INFO -   LABEL CHECK [2007-01-19.train-a sample #7813]: gold_parent_idx=14, gold_msg_idx=1011, C=15, msg_i_idx=1011, candidate_range=[997, 1011]
2026-05-10 19:51:53,716 - data_loader - INFO -   LABEL CHECK [2007-01-19.train-a sample #7814]: gold_parent_idx=13, gold_msg_idx=1017, C=14, msg_i_idx=1017, candidate_range=[1003, 1017]
2026-05-10 19:51:53,717 - data_loader - INFO -   LABEL CHECK [2007-01-19.train-a sample #7815]: gold_parent_idx=12, gold_msg_idx=1019, C=13, msg_i_idx=1019, candidate_range=[1005, 1019]
2026-05-10 19:51:53,727 - data_loader - INFO -   Created 146 samples for 2007-01-19.train-a
2026-05-10 19:51:53,727 - data_loader - INFO -   File 48/153: 2007-01-19.train-a - 1740 messages, 7959 total samples so far
2026-05-10 19:51:53,727 - data_loader - INFO - Loading conversation from data/train/2007-01-21.train-c.ascii.txt
2026-05-10 19:51:53,728 - data_loader - INFO -   Read 1500 lines from ASCII file
2026-05-10 19:51:53,732 - data_loader - INFO -   Parsed 1500 messages, found 127 unique users
2026-05-10 19:51:53,991 - data_loader - INFO -   Loaded 379 gold links from annotation file
2026-05-10 19:51:53,991 - data_loader - INFO -   Conversation '2007-01-21.train-c' loaded in 0.26s
2026-05-10 19:51:53,991 - data_loader - INFO -   Creating samples for 2007-01-21.train-c: messages 0 to 1500 (limited)
2026-05-10 19:51:53,994 - data_loader - INFO -   LABEL CHECK [2007-01-21.train-c sample #7959]: gold_parent_idx=12, gold_msg_idx=1000, C=13, msg_i_idx=1000, candidate_range=[986, 1000]
2026-05-10 19:51:53,994 - data_loader - INFO -   LABEL CHECK [2007-01-21.train-c sample #7960]: gold_parent_idx=12, gold_msg_idx=1005, C=13, msg_i_idx=1005, candidate_range=[991, 1005]
2026-05-10 19:51:53,994 - data_loader - INFO -   LABEL CHECK [2007-01-21.train-c sample #7961]: gold_parent_idx=12, gold_msg_idx=1006, C=13, msg_i_idx=1006, candidate_range=[992, 1006]
2026-05-10 19:51:54,007 - data_loader - INFO -   Created 239 samples for 2007-01-21.train-c
2026-05-10 19:51:54,007 - data_loader - INFO -   File 49/153: 2007-01-21.train-c - 1500 messages, 8198 total samples so far
2026-05-10 19:51:54,007 - data_loader - INFO - Loading conversation from data/train/2007-01-29.train-c.ascii.txt
2026-05-10 19:51:54,008 - data_loader - INFO -   Read 1500 lines from ASCII file
2026-05-10 19:51:54,012 - data_loader - INFO -   Parsed 1500 messages, found 115 unique users
2026-05-10 19:51:54,254 - data_loader - INFO -   Loaded 389 gold links from annotation file
2026-05-10 19:51:54,254 - data_loader - INFO -   Conversation '2007-01-29.train-c' loaded in 0.25s
2026-05-10 19:51:54,254 - data_loader - INFO -   Creating samples for 2007-01-29.train-c: messages 0 to 1500 (limited)
2026-05-10 19:51:54,257 - data_loader - INFO -   LABEL CHECK [2007-01-29.train-c sample #8198]: gold_parent_idx=13, gold_msg_idx=1006, C=14, msg_i_idx=1006, candidate_range=[992, 1006]
2026-05-10 19:51:54,257 - data_loader - INFO -   LABEL CHECK [2007-01-29.train-c sample #8199]: gold_parent_idx=12, gold_msg_idx=1009, C=13, msg_i_idx=1009, candidate_range=[995, 1009]
2026-05-10 19:51:54,257 - data_loader - INFO -   LABEL CHECK [2007-01-29.train-c sample #8200]: gold_parent_idx=11, gold_msg_idx=1010, C=12, msg_i_idx=1010, candidate_range=[996, 1010]
2026-05-10 19:51:54,268 - data_loader - INFO -   Created 168 samples for 2007-01-29.train-c
2026-05-10 19:51:54,268 - data_loader - INFO -   File 50/153: 2007-01-29.train-c - 1500 messages, 8366 total samples so far
2026-05-10 19:51:54,268 - data_loader - INFO - Loading conversation from data/train/2007-02-06.train-c.ascii.txt
2026-05-10 19:51:54,269 - data_loader - INFO -   Read 1500 lines from ASCII file
2026-05-10 19:51:54,273 - data_loader - INFO -   Parsed 1500 messages, found 131 unique users
2026-05-10 19:51:54,532 - data_loader - INFO -   Loaded 387 gold links from annotation file
2026-05-10 19:51:54,532 - data_loader - INFO -   Conversation '2007-02-06.train-c' loaded in 0.26s
2026-05-10 19:51:54,532 - data_loader - INFO -   Creating samples for 2007-02-06.train-c: messages 0 to 1500 (limited)
2026-05-10 19:51:54,535 - data_loader - INFO -   LABEL CHECK [2007-02-06.train-c sample #8366]: gold_parent_idx=10, gold_msg_idx=1000, C=11, msg_i_idx=1000, candidate_range=[986, 1000]
2026-05-10 19:51:54,535 - data_loader - INFO -   LABEL CHECK [2007-02-06.train-c sample #8367]: gold_parent_idx=10, gold_msg_idx=1001, C=11, msg_i_idx=1001, candidate_range=[989, 1001]
2026-05-10 19:51:54,535 - data_loader - INFO -   LABEL CHECK [2007-02-06.train-c sample #8368]: gold_parent_idx=11, gold_msg_idx=1004, C=12, msg_i_idx=1004, candidate_range=[990, 1004]
2026-05-10 19:51:54,547 - data_loader - INFO -   Created 225 samples for 2007-02-06.train-c
2026-05-10 19:51:54,547 - data_loader - INFO -   File 51/153: 2007-02-06.train-c - 1500 messages, 8591 total samples so far
2026-05-10 19:51:54,548 - data_loader - INFO - Loading conversation from data/train/2007-02-07.train-c.ascii.txt
2026-05-10 19:51:54,549 - data_loader - INFO -   Read 1500 lines from ASCII file
2026-05-10 19:51:54,552 - data_loader - INFO -   Parsed 1500 messages, found 112 unique users
2026-05-10 19:51:54,778 - data_loader - INFO -   Loaded 369 gold links from annotation file
2026-05-10 19:51:54,778 - data_loader - INFO -   Conversation '2007-02-07.train-c' loaded in 0.23s
2026-05-10 19:51:54,778 - data_loader - INFO -   Creating samples for 2007-02-07.train-c: messages 0 to 1500 (limited)
2026-05-10 19:51:54,780 - data_loader - INFO -   LABEL CHECK [2007-02-07.train-c sample #8591]: gold_parent_idx=13, gold_msg_idx=1007, C=14, msg_i_idx=1007, candidate_range=[993, 1007]
2026-05-10 19:51:54,781 - data_loader - INFO -   LABEL CHECK [2007-02-07.train-c sample #8592]: gold_parent_idx=13, gold_msg_idx=1010, C=14, msg_i_idx=1010, candidate_range=[996, 1010]
2026-05-10 19:51:54,781 - data_loader - INFO -   LABEL CHECK [2007-02-07.train-c sample #8593]: gold_parent_idx=13, gold_msg_idx=1012, C=14, msg_i_idx=1012, candidate_range=[998, 1012]
2026-05-10 19:51:54,790 - data_loader - INFO -   Created 145 samples for 2007-02-07.train-c
2026-05-10 19:51:54,790 - data_loader - INFO -   File 52/153: 2007-02-07.train-c - 1500 messages, 8736 total samples so far
2026-05-10 19:51:54,790 - data_loader - INFO - Loading conversation from data/train/2007-02-15.train-c.ascii.txt
2026-05-10 19:51:54,791 - data_loader - INFO -   Read 1500 lines from ASCII file
2026-05-10 19:51:54,795 - data_loader - INFO -   Parsed 1500 messages, found 121 unique users
2026-05-10 19:51:55,030 - data_loader - INFO -   Loaded 414 gold links from annotation file
2026-05-10 19:51:55,030 - data_loader - INFO -   Conversation '2007-02-15.train-c' loaded in 0.24s
2026-05-10 19:51:55,031 - data_loader - INFO -   Creating samples for 2007-02-15.train-c: messages 0 to 1500 (limited)
2026-05-10 19:51:55,033 - data_loader - INFO -   LABEL CHECK [2007-02-15.train-c sample #8736]: gold_parent_idx=10, gold_msg_idx=1002, C=11, msg_i_idx=1002, candidate_range=[988, 1002]
2026-05-10 19:51:55,034 - data_loader - INFO -   LABEL CHECK [2007-02-15.train-c sample #8737]: gold_parent_idx=9, gold_msg_idx=1005, C=10, msg_i_idx=1005, candidate_range=[991, 1005]
2026-05-10 19:51:55,034 - data_loader - INFO -   LABEL CHECK [2007-02-15.train-c sample #8738]: gold_parent_idx=8, gold_msg_idx=1006, C=9, msg_i_idx=1006, candidate_range=[992, 1006]
2026-05-10 19:51:55,046 - data_loader - INFO -   Created 236 samples for 2007-02-15.train-c
2026-05-10 19:51:55,046 - data_loader - INFO -   File 53/153: 2007-02-15.train-c - 1500 messages, 8972 total samples so far
2026-05-10 19:51:55,046 - data_loader - INFO - Loading conversation from data/train/2007-06-01.train-c.ascii.txt
2026-05-10 19:51:55,048 - data_loader - INFO -   Read 1500 lines from ASCII file
2026-05-10 19:51:55,052 - data_loader - INFO -   Parsed 1500 messages, found 93 unique users
2026-05-10 19:51:55,231 - data_loader - INFO -   Loaded 394 gold links from annotation file
2026-05-10 19:51:55,231 - data_loader - INFO -   Conversation '2007-06-01.train-c' loaded in 0.18s
2026-05-10 19:51:55,231 - data_loader - INFO -   Creating samples for 2007-06-01.train-c: messages 0 to 1500 (limited)
2026-05-10 19:51:55,234 - data_loader - INFO -   LABEL CHECK [2007-06-01.train-c sample #8972]: gold_parent_idx=13, gold_msg_idx=1000, C=14, msg_i_idx=1000, candidate_range=[986, 1000]
2026-05-10 19:51:55,234 - data_loader - INFO -   LABEL CHECK [2007-06-01.train-c sample #8973]: gold_parent_idx=13, gold_msg_idx=1002, C=14, msg_i_idx=1002, candidate_range=[988, 1002]
2026-05-10 19:51:55,234 - data_loader - INFO -   LABEL CHECK [2007-06-01.train-c sample #8974]: gold_parent_idx=12, gold_msg_idx=1004, C=13, msg_i_idx=1004, candidate_range=[990, 1004]
2026-05-10 19:51:55,244 - data_loader - INFO -   Created 161 samples for 2007-06-01.train-c
2026-05-10 19:51:55,244 - data_loader - INFO -   File 54/153: 2007-06-01.train-c - 1500 messages, 9133 total samples so far
2026-05-10 19:51:55,245 - data_loader - INFO - Loading conversation from data/train/2007-06-04.train-a.ascii.txt
2026-05-10 19:51:55,246 - data_loader - INFO -   Read 1910 lines from ASCII file
2026-05-10 19:51:55,251 - data_loader - INFO -   Parsed 1910 messages, found 152 unique users
2026-05-10 19:51:55,629 - data_loader - INFO -   Loaded 763 gold links from annotation file
2026-05-10 19:51:55,629 - data_loader - INFO -   Conversation '2007-06-04.train-a' loaded in 0.38s
2026-05-10 19:51:55,630 - data_loader - INFO -   Creating samples for 2007-06-04.train-a: messages 0 to 1910 (limited)
2026-05-10 19:51:55,632 - data_loader - INFO -   LABEL CHECK [2007-06-04.train-a sample #9133]: gold_parent_idx=10, gold_msg_idx=1004, C=11, msg_i_idx=1004, candidate_range=[990, 1004]
2026-05-10 19:51:55,632 - data_loader - INFO -   LABEL CHECK [2007-06-04.train-a sample #9134]: gold_parent_idx=10, gold_msg_idx=1007, C=11, msg_i_idx=1007, candidate_range=[994, 1007]
2026-05-10 19:51:55,632 - data_loader - INFO -   LABEL CHECK [2007-06-04.train-a sample #9135]: gold_parent_idx=10, gold_msg_idx=1008, C=11, msg_i_idx=1008, candidate_range=[994, 1008]
2026-05-10 19:51:55,652 - data_loader - INFO -   Created 343 samples for 2007-06-04.train-a
2026-05-10 19:51:55,652 - data_loader - INFO -   File 55/153: 2007-06-04.train-a - 1910 messages, 9476 total samples so far
2026-05-10 19:51:55,652 - data_loader - INFO - Loading conversation from data/train/2007-06-17.train-a.ascii.txt
2026-05-10 19:51:55,654 - data_loader - INFO -   Read 1764 lines from ASCII file
2026-05-10 19:51:55,658 - data_loader - INFO -   Parsed 1764 messages, found 146 unique users
2026-05-10 19:51:55,973 - data_loader - INFO -   Loaded 585 gold links from annotation file
2026-05-10 19:51:55,974 - data_loader - INFO -   Conversation '2007-06-17.train-a' loaded in 0.32s
2026-05-10 19:51:55,974 - data_loader - INFO -   Creating samples for 2007-06-17.train-a: messages 0 to 1764 (limited)
2026-05-10 19:51:55,976 - data_loader - INFO -   LABEL CHECK [2007-06-17.train-a sample #9476]: gold_parent_idx=11, gold_msg_idx=1004, C=12, msg_i_idx=1004, candidate_range=[991, 1004]
2026-05-10 19:51:55,977 - data_loader - INFO -   LABEL CHECK [2007-06-17.train-a sample #9477]: gold_parent_idx=11, gold_msg_idx=1005, C=12, msg_i_idx=1005, candidate_range=[991, 1005]
2026-05-10 19:51:55,977 - data_loader - INFO -   LABEL CHECK [2007-06-17.train-a sample #9478]: gold_parent_idx=10, gold_msg_idx=1006, C=11, msg_i_idx=1006, candidate_range=[992, 1006]
2026-05-10 19:51:55,992 - data_loader - INFO -   Created 267 samples for 2007-06-17.train-a
2026-05-10 19:51:55,992 - data_loader - INFO -   File 56/153: 2007-06-17.train-a - 1764 messages, 9743 total samples so far
2026-05-10 19:51:55,992 - data_loader - INFO - Loading conversation from data/train/2007-07-03.train-a.ascii.txt
2026-05-10 19:51:55,993 - data_loader - INFO -   Read 1800 lines from ASCII file
2026-05-10 19:51:55,998 - data_loader - INFO -   Parsed 1800 messages, found 138 unique users
2026-05-10 19:51:56,336 - data_loader - INFO -   Loaded 625 gold links from annotation file
2026-05-10 19:51:56,337 - data_loader - INFO -   Conversation '2007-07-03.train-a' loaded in 0.34s
2026-05-10 19:51:56,337 - data_loader - INFO -   Creating samples for 2007-07-03.train-a: messages 0 to 1800 (limited)
2026-05-10 19:51:56,340 - data_loader - INFO -   LABEL CHECK [2007-07-03.train-a sample #9743]: gold_parent_idx=10, gold_msg_idx=1001, C=11, msg_i_idx=1001, candidate_range=[987, 1001]
2026-05-10 19:51:56,340 - data_loader - INFO -   LABEL CHECK [2007-07-03.train-a sample #9744]: gold_parent_idx=10, gold_msg_idx=1003, C=11, msg_i_idx=1003, candidate_range=[989, 1003]
2026-05-10 19:51:56,340 - data_loader - INFO -   LABEL CHECK [2007-07-03.train-a sample #9745]: gold_parent_idx=9, gold_msg_idx=1004, C=10, msg_i_idx=1004, candidate_range=[991, 1004]
2026-05-10 19:51:56,356 - data_loader - INFO -   Created 304 samples for 2007-07-03.train-a
2026-05-10 19:51:56,356 - data_loader - INFO -   File 57/153: 2007-07-03.train-a - 1800 messages, 10047 total samples so far
2026-05-10 19:51:56,356 - data_loader - INFO - Loading conversation from data/train/2007-08-19.train-a.ascii.txt
2026-05-10 19:51:56,358 - data_loader - INFO -   Read 1708 lines from ASCII file
2026-05-10 19:51:56,362 - data_loader - INFO -   Parsed 1708 messages, found 134 unique users
2026-05-10 19:51:56,679 - data_loader - INFO -   Loaded 581 gold links from annotation file
2026-05-10 19:51:56,679 - data_loader - INFO -   Conversation '2007-08-19.train-a' loaded in 0.32s
2026-05-10 19:51:56,679 - data_loader - INFO -   Creating samples for 2007-08-19.train-a: messages 0 to 1708 (limited)
2026-05-10 19:51:56,682 - data_loader - INFO -   LABEL CHECK [2007-08-19.train-a sample #10047]: gold_parent_idx=13, gold_msg_idx=1001, C=14, msg_i_idx=1001, candidate_range=[987, 1001]
2026-05-10 19:51:56,682 - data_loader - INFO -   LABEL CHECK [2007-08-19.train-a sample #10048]: gold_parent_idx=14, gold_msg_idx=1004, C=15, msg_i_idx=1004, candidate_range=[990, 1004]
2026-05-10 19:51:56,682 - data_loader - INFO -   LABEL CHECK [2007-08-19.train-a sample #10049]: gold_parent_idx=13, gold_msg_idx=1005, C=14, msg_i_idx=1005, candidate_range=[991, 1005]
2026-05-10 19:51:56,698 - data_loader - INFO -   Created 268 samples for 2007-08-19.train-a
2026-05-10 19:51:56,698 - data_loader - INFO -   File 58/153: 2007-08-19.train-a - 1708 messages, 10315 total samples so far
2026-05-10 19:51:56,698 - data_loader - INFO - Loading conversation from data/train/2007-08-22.train-c.ascii.txt
2026-05-10 19:51:56,700 - data_loader - INFO -   Read 1500 lines from ASCII file
2026-05-10 19:51:56,703 - data_loader - INFO -   Parsed 1500 messages, found 96 unique users
2026-05-10 19:51:56,910 - data_loader - INFO -   Loaded 409 gold links from annotation file
2026-05-10 19:51:56,910 - data_loader - INFO -   Conversation '2007-08-22.train-c' loaded in 0.21s
2026-05-10 19:51:56,910 - data_loader - INFO -   Creating samples for 2007-08-22.train-c: messages 0 to 1500 (limited)
2026-05-10 19:51:56,913 - data_loader - INFO -   LABEL CHECK [2007-08-22.train-c sample #10315]: gold_parent_idx=9, gold_msg_idx=1000, C=10, msg_i_idx=1000, candidate_range=[986, 1000]
2026-05-10 19:51:56,913 - data_loader - INFO -   LABEL CHECK [2007-08-22.train-c sample #10316]: gold_parent_idx=8, gold_msg_idx=1004, C=9, msg_i_idx=1004, candidate_range=[991, 1004]
2026-05-10 19:51:56,914 - data_loader - INFO -   LABEL CHECK [2007-08-22.train-c sample #10317]: gold_parent_idx=8, gold_msg_idx=1006, C=9, msg_i_idx=1006, candidate_range=[992, 1006]
2026-05-10 19:51:56,924 - data_loader - INFO -   Created 148 samples for 2007-08-22.train-c
2026-05-10 19:51:56,924 - data_loader - INFO -   File 59/153: 2007-08-22.train-c - 1500 messages, 10463 total samples so far
2026-05-10 19:51:56,924 - data_loader - INFO - Loading conversation from data/train/2007-08-24.train-c.ascii.txt
2026-05-10 19:51:56,925 - data_loader - INFO -   Read 1500 lines from ASCII file
2026-05-10 19:51:56,928 - data_loader - INFO -   Parsed 1500 messages, found 103 unique users
2026-05-10 19:51:57,149 - data_loader - INFO -   Loaded 414 gold links from annotation file
2026-05-10 19:51:57,149 - data_loader - INFO -   Conversation '2007-08-24.train-c' loaded in 0.23s
2026-05-10 19:51:57,149 - data_loader - INFO -   Creating samples for 2007-08-24.train-c: messages 0 to 1500 (limited)
2026-05-10 19:51:57,152 - data_loader - INFO -   LABEL CHECK [2007-08-24.train-c sample #10463]: gold_parent_idx=11, gold_msg_idx=1000, C=12, msg_i_idx=1000, candidate_range=[986, 1000]
2026-05-10 19:51:57,152 - data_loader - INFO -   LABEL CHECK [2007-08-24.train-c sample #10464]: gold_parent_idx=13, gold_msg_idx=1006, C=14, msg_i_idx=1006, candidate_range=[992, 1006]
2026-05-10 19:51:57,152 - data_loader - INFO -   LABEL CHECK [2007-08-24.train-c sample #10465]: gold_parent_idx=12, gold_msg_idx=1007, C=13, msg_i_idx=1007, candidate_range=[993, 1007]
2026-05-10 19:51:57,162 - data_loader - INFO -   Created 171 samples for 2007-08-24.train-c
2026-05-10 19:51:57,162 - data_loader - INFO -   File 60/153: 2007-08-24.train-c - 1500 messages, 10634 total samples so far
2026-05-10 19:51:57,162 - data_loader - INFO - Loading conversation from data/train/2007-09-07.train-a.ascii.txt
2026-05-10 19:51:57,163 - data_loader - INFO -   Read 1759 lines from ASCII file
2026-05-10 19:51:57,167 - data_loader - INFO -   Parsed 1759 messages, found 149 unique users
2026-05-10 19:51:57,523 - data_loader - INFO -   Loaded 591 gold links from annotation file
2026-05-10 19:51:57,523 - data_loader - INFO -   Conversation '2007-09-07.train-a' loaded in 0.36s
2026-05-10 19:51:57,523 - data_loader - INFO -   Creating samples for 2007-09-07.train-a: messages 0 to 1759 (limited)
2026-05-10 19:51:57,525 - data_loader - INFO -   LABEL CHECK [2007-09-07.train-a sample #10634]: gold_parent_idx=12, gold_msg_idx=1002, C=13, msg_i_idx=1002, candidate_range=[988, 1002]
2026-05-10 19:51:57,526 - data_loader - INFO -   LABEL CHECK [2007-09-07.train-a sample #10635]: gold_parent_idx=11, gold_msg_idx=1003, C=12, msg_i_idx=1003, candidate_range=[989, 1003]
2026-05-10 19:51:57,526 - data_loader - INFO -   LABEL CHECK [2007-09-07.train-a sample #10636]: gold_parent_idx=12, gold_msg_idx=1013, C=13, msg_i_idx=1013, candidate_range=[999, 1013]
2026-05-10 19:51:57,542 - data_loader - INFO -   Created 313 samples for 2007-09-07.train-a
2026-05-10 19:51:57,542 - data_loader - INFO -   File 61/153: 2007-09-07.train-a - 1759 messages, 10947 total samples so far
2026-05-10 19:51:57,542 - data_loader - INFO - Loading conversation from data/train/2007-10-24.train-c.ascii.txt
2026-05-10 19:51:57,543 - data_loader - INFO -   Read 1500 lines from ASCII file
2026-05-10 19:51:57,548 - data_loader - INFO -   Parsed 1500 messages, found 206 unique users
2026-05-10 19:51:58,143 - data_loader - INFO -   Loaded 380 gold links from annotation file
2026-05-10 19:51:58,143 - data_loader - INFO -   Conversation '2007-10-24.train-c' loaded in 0.60s
2026-05-10 19:51:58,143 - data_loader - INFO -   Creating samples for 2007-10-24.train-c: messages 0 to 1500 (limited)
2026-05-10 19:51:58,146 - data_loader - INFO -   LABEL CHECK [2007-10-24.train-c sample #10947]: gold_parent_idx=14, gold_msg_idx=1000, C=15, msg_i_idx=1000, candidate_range=[986, 1000]
2026-05-10 19:51:58,146 - data_loader - INFO -   LABEL CHECK [2007-10-24.train-c sample #10948]: gold_parent_idx=14, gold_msg_idx=1004, C=15, msg_i_idx=1004, candidate_range=[990, 1004]
2026-05-10 19:51:58,146 - data_loader - INFO -   LABEL CHECK [2007-10-24.train-c sample #10949]: gold_parent_idx=14, gold_msg_idx=1006, C=15, msg_i_idx=1006, candidate_range=[992, 1006]
2026-05-10 19:51:58,155 - data_loader - INFO -   Created 117 samples for 2007-10-24.train-c
2026-05-10 19:51:58,156 - data_loader - INFO -   File 62/153: 2007-10-24.train-c - 1500 messages, 11064 total samples so far
2026-05-10 19:51:58,156 - data_loader - INFO - Loading conversation from data/train/2007-12-17.train-a.ascii.txt
2026-05-10 19:51:58,157 - data_loader - INFO -   Read 1650 lines from ASCII file
2026-05-10 19:51:58,162 - data_loader - INFO -   Parsed 1650 messages, found 170 unique users
2026-05-10 19:51:58,717 - data_loader - INFO -   Loaded 472 gold links from annotation file
2026-05-10 19:51:58,717 - data_loader - INFO -   Conversation '2007-12-17.train-a' loaded in 0.56s
2026-05-10 19:51:58,717 - data_loader - INFO -   Creating samples for 2007-12-17.train-a: messages 0 to 1650 (limited)
2026-05-10 19:51:58,720 - data_loader - INFO -   LABEL CHECK [2007-12-17.train-a sample #11064]: gold_parent_idx=13, gold_msg_idx=1002, C=14, msg_i_idx=1002, candidate_range=[988, 1002]
2026-05-10 19:51:58,720 - data_loader - INFO -   LABEL CHECK [2007-12-17.train-a sample #11065]: gold_parent_idx=14, gold_msg_idx=1008, C=15, msg_i_idx=1008, candidate_range=[994, 1008]
2026-05-10 19:51:58,721 - data_loader - INFO -   LABEL CHECK [2007-12-17.train-a sample #11066]: gold_parent_idx=14, gold_msg_idx=1009, C=15, msg_i_idx=1009, candidate_range=[995, 1009]
2026-05-10 19:51:58,728 - data_loader - INFO -   Created 73 samples for 2007-12-17.train-a
2026-05-10 19:51:58,728 - data_loader - INFO -   File 63/153: 2007-12-17.train-a - 1650 messages, 11137 total samples so far
2026-05-10 19:51:58,728 - data_loader - INFO - Loading conversation from data/train/2008-01-02.train-c.ascii.txt
2026-05-10 19:51:58,729 - data_loader - INFO -   Read 1500 lines from ASCII file
2026-05-10 19:51:58,733 - data_loader - INFO -   Parsed 1500 messages, found 159 unique users
2026-05-10 19:51:59,181 - data_loader - INFO -   Loaded 342 gold links from annotation file
2026-05-10 19:51:59,181 - data_loader - INFO -   Conversation '2008-01-02.train-c' loaded in 0.45s
2026-05-10 19:51:59,182 - data_loader - INFO -   Creating samples for 2008-01-02.train-c: messages 0 to 1500 (limited)
2026-05-10 19:51:59,184 - data_loader - INFO -   LABEL CHECK [2008-01-02.train-c sample #11137]: gold_parent_idx=14, gold_msg_idx=1000, C=15, msg_i_idx=1000, candidate_range=[986, 1000]
2026-05-10 19:51:59,184 - data_loader - INFO -   LABEL CHECK [2008-01-02.train-c sample #11138]: gold_parent_idx=14, gold_msg_idx=1008, C=15, msg_i_idx=1008, candidate_range=[994, 1008]
2026-05-10 19:51:59,185 - data_loader - INFO -   LABEL CHECK [2008-01-02.train-c sample #11139]: gold_parent_idx=14, gold_msg_idx=1009, C=15, msg_i_idx=1009, candidate_range=[995, 1009]
2026-05-10 19:51:59,193 - data_loader - INFO -   Created 103 samples for 2008-01-02.train-c
2026-05-10 19:51:59,193 - data_loader - INFO -   File 64/153: 2008-01-02.train-c - 1500 messages, 11240 total samples so far
2026-05-10 19:51:59,193 - data_loader - INFO - Loading conversation from data/train/2008-01-03.train-c.ascii.txt
2026-05-10 19:51:59,195 - data_loader - INFO -   Read 1500 lines from ASCII file
2026-05-10 19:51:59,199 - data_loader - INFO -   Parsed 1500 messages, found 180 unique users
2026-05-10 19:51:59,710 - data_loader - INFO -   Loaded 364 gold links from annotation file
2026-05-10 19:51:59,711 - data_loader - INFO -   Conversation '2008-01-03.train-c' loaded in 0.52s
2026-05-10 19:51:59,711 - data_loader - INFO -   Creating samples for 2008-01-03.train-c: messages 0 to 1500 (limited)
2026-05-10 19:51:59,713 - data_loader - INFO -   LABEL CHECK [2008-01-03.train-c sample #11240]: gold_parent_idx=14, gold_msg_idx=1006, C=15, msg_i_idx=1006, candidate_range=[992, 1006]
2026-05-10 19:51:59,714 - data_loader - INFO -   LABEL CHECK [2008-01-03.train-c sample #11241]: gold_parent_idx=14, gold_msg_idx=1009, C=15, msg_i_idx=1009, candidate_range=[995, 1009]
2026-05-10 19:51:59,714 - data_loader - INFO -   LABEL CHECK [2008-01-03.train-c sample #11242]: gold_parent_idx=14, gold_msg_idx=1014, C=15, msg_i_idx=1014, candidate_range=[1000, 1014]
2026-05-10 19:51:59,723 - data_loader - INFO -   Created 103 samples for 2008-01-03.train-c
2026-05-10 19:51:59,723 - data_loader - INFO -   File 65/153: 2008-01-03.train-c - 1500 messages, 11343 total samples so far
2026-05-10 19:51:59,723 - data_loader - INFO - Loading conversation from data/train/2008-02-07.train-c.ascii.txt
2026-05-10 19:51:59,724 - data_loader - INFO -   Read 1500 lines from ASCII file
2026-05-10 19:51:59,729 - data_loader - INFO -   Parsed 1500 messages, found 193 unique users
2026-05-10 19:52:00,302 - data_loader - INFO -   Loaded 352 gold links from annotation file
2026-05-10 19:52:00,302 - data_loader - INFO -   Conversation '2008-02-07.train-c' loaded in 0.58s
2026-05-10 19:52:00,302 - data_loader - INFO -   Creating samples for 2008-02-07.train-c: messages 0 to 1500 (limited)
2026-05-10 19:52:00,305 - data_loader - INFO -   LABEL CHECK [2008-02-07.train-c sample #11343]: gold_parent_idx=13, gold_msg_idx=1002, C=14, msg_i_idx=1002, candidate_range=[988, 1002]
2026-05-10 19:52:00,305 - data_loader - INFO -   LABEL CHECK [2008-02-07.train-c sample #11344]: gold_parent_idx=14, gold_msg_idx=1019, C=15, msg_i_idx=1019, candidate_range=[1005, 1019]
2026-05-10 19:52:00,306 - data_loader - INFO -   LABEL CHECK [2008-02-07.train-c sample #11345]: gold_parent_idx=14, gold_msg_idx=1020, C=15, msg_i_idx=1020, candidate_range=[1006, 1020]
2026-05-10 19:52:00,317 - data_loader - INFO -   Created 137 samples for 2008-02-07.train-c
2026-05-10 19:52:00,317 - data_loader - INFO -   File 66/153: 2008-02-07.train-c - 1500 messages, 11480 total samples so far
2026-05-10 19:52:00,317 - data_loader - INFO - Loading conversation from data/train/2008-02-14.train-c.ascii.txt
2026-05-10 19:52:00,318 - data_loader - INFO -   Read 1500 lines from ASCII file
2026-05-10 19:52:00,323 - data_loader - INFO -   Parsed 1500 messages, found 197 unique users
2026-05-10 19:52:00,903 - data_loader - INFO -   Loaded 365 gold links from annotation file
2026-05-10 19:52:00,903 - data_loader - INFO -   Conversation '2008-02-14.train-c' loaded in 0.59s
2026-05-10 19:52:00,903 - data_loader - INFO -   Creating samples for 2008-02-14.train-c: messages 0 to 1500 (limited)
2026-05-10 19:52:00,906 - data_loader - INFO -   LABEL CHECK [2008-02-14.train-c sample #11480]: gold_parent_idx=14, gold_msg_idx=1000, C=15, msg_i_idx=1000, candidate_range=[986, 1000]
2026-05-10 19:52:00,906 - data_loader - INFO -   LABEL CHECK [2008-02-14.train-c sample #11481]: gold_parent_idx=14, gold_msg_idx=1004, C=15, msg_i_idx=1004, candidate_range=[990, 1004]
2026-05-10 19:52:00,906 - data_loader - INFO -   LABEL CHECK [2008-02-14.train-c sample #11482]: gold_parent_idx=13, gold_msg_idx=1010, C=14, msg_i_idx=1010, candidate_range=[996, 1010]
2026-05-10 19:52:00,917 - data_loader - INFO -   Created 129 samples for 2008-02-14.train-c
2026-05-10 19:52:00,917 - data_loader - INFO -   File 67/153: 2008-02-14.train-c - 1500 messages, 11609 total samples so far
2026-05-10 19:52:00,917 - data_loader - INFO - Loading conversation from data/train/2008-03-01.train-c.ascii.txt
2026-05-10 19:52:00,919 - data_loader - INFO -   Read 1500 lines from ASCII file
2026-05-10 19:52:00,923 - data_loader - INFO -   Parsed 1500 messages, found 127 unique users
2026-05-10 19:52:01,313 - data_loader - INFO -   Loaded 374 gold links from annotation file
2026-05-10 19:52:01,313 - data_loader - INFO -   Conversation '2008-03-01.train-c' loaded in 0.40s
2026-05-10 19:52:01,313 - data_loader - INFO -   Creating samples for 2008-03-01.train-c: messages 0 to 1500 (limited)
2026-05-10 19:52:01,316 - data_loader - INFO -   LABEL CHECK [2008-03-01.train-c sample #11609]: gold_parent_idx=14, gold_msg_idx=1002, C=15, msg_i_idx=1002, candidate_range=[988, 1002]
2026-05-10 19:52:01,316 - data_loader - INFO -   LABEL CHECK [2008-03-01.train-c sample #11610]: gold_parent_idx=14, gold_msg_idx=1019, C=15, msg_i_idx=1019, candidate_range=[1005, 1019]
2026-05-10 19:52:01,316 - data_loader - INFO -   LABEL CHECK [2008-03-01.train-c sample #11611]: gold_parent_idx=14, gold_msg_idx=1023, C=15, msg_i_idx=1023, candidate_range=[1009, 1023]
2026-05-10 19:52:01,323 - data_loader - INFO -   Created 76 samples for 2008-03-01.train-c
2026-05-10 19:52:01,323 - data_loader - INFO -   File 68/153: 2008-03-01.train-c - 1500 messages, 11685 total samples so far
2026-05-10 19:52:01,323 - data_loader - INFO - Loading conversation from data/train/2008-04-20.train-a.ascii.txt
2026-05-10 19:52:01,324 - data_loader - INFO -   Read 1378 lines from ASCII file
2026-05-10 19:52:01,328 - data_loader - INFO -   Parsed 1378 messages, found 132 unique users
2026-05-10 19:52:01,663 - data_loader - INFO -   Loaded 265 gold links from annotation file
2026-05-10 19:52:01,663 - data_loader - INFO -   Conversation '2008-04-20.train-a' loaded in 0.34s
2026-05-10 19:52:01,663 - data_loader - INFO -   Creating samples for 2008-04-20.train-a: messages 0 to 1378 (limited)
2026-05-10 19:52:01,666 - data_loader - INFO -   LABEL CHECK [2008-04-20.train-a sample #11685]: gold_parent_idx=14, gold_msg_idx=1015, C=15, msg_i_idx=1015, candidate_range=[1001, 1015]
2026-05-10 19:52:01,667 - data_loader - INFO -   LABEL CHECK [2008-04-20.train-a sample #11686]: gold_parent_idx=14, gold_msg_idx=1018, C=15, msg_i_idx=1018, candidate_range=[1004, 1018]
2026-05-10 19:52:01,667 - data_loader - INFO -   LABEL CHECK [2008-04-20.train-a sample #11687]: gold_parent_idx=14, gold_msg_idx=1022, C=15, msg_i_idx=1022, candidate_range=[1008, 1022]
2026-05-10 19:52:01,671 - data_loader - INFO -   Created 45 samples for 2008-04-20.train-a
2026-05-10 19:52:01,671 - data_loader - INFO -   File 69/153: 2008-04-20.train-a - 1378 messages, 11730 total samples so far
2026-05-10 19:52:01,671 - data_loader - INFO - Loading conversation from data/train/2008-04-27.train-a.ascii.txt
2026-05-10 19:52:01,672 - data_loader - INFO -   Read 1979 lines from ASCII file
2026-05-10 19:52:01,678 - data_loader - INFO -   Parsed 1979 messages, found 179 unique users
2026-05-10 19:52:02,336 - data_loader - INFO -   Loaded 755 gold links from annotation file
2026-05-10 19:52:02,336 - data_loader - INFO -   Conversation '2008-04-27.train-a' loaded in 0.66s
2026-05-10 19:52:02,336 - data_loader - INFO -   Creating samples for 2008-04-27.train-a: messages 0 to 1979 (limited)
2026-05-10 19:52:02,339 - data_loader - INFO -   LABEL CHECK [2008-04-27.train-a sample #11730]: gold_parent_idx=13, gold_msg_idx=1003, C=14, msg_i_idx=1003, candidate_range=[989, 1003]
2026-05-10 19:52:02,339 - data_loader - INFO -   LABEL CHECK [2008-04-27.train-a sample #11731]: gold_parent_idx=14, gold_msg_idx=1024, C=15, msg_i_idx=1024, candidate_range=[1010, 1024]
2026-05-10 19:52:02,339 - data_loader - INFO -   LABEL CHECK [2008-04-27.train-a sample #11732]: gold_parent_idx=14, gold_msg_idx=1034, C=15, msg_i_idx=1034, candidate_range=[1020, 1034]
2026-05-10 19:52:02,350 - data_loader - INFO -   Created 107 samples for 2008-04-27.train-a
2026-05-10 19:52:02,350 - data_loader - INFO -   File 70/153: 2008-04-27.train-a - 1979 messages, 11837 total samples so far
2026-05-10 19:52:02,350 - data_loader - INFO - Loading conversation from data/train/2008-04-30.train-a.ascii.txt
2026-05-10 19:52:02,351 - data_loader - INFO -   Read 1699 lines from ASCII file
2026-05-10 19:52:02,611 - data_loader - INFO -   Parsed 1699 messages, found 172 unique users
2026-05-10 19:52:03,140 - data_loader - INFO -   Loaded 483 gold links from annotation file
2026-05-10 19:52:03,140 - data_loader - INFO -   Conversation '2008-04-30.train-a' loaded in 0.79s
2026-05-10 19:52:03,140 - data_loader - INFO -   Creating samples for 2008-04-30.train-a: messages 0 to 1699 (limited)
2026-05-10 19:52:03,143 - data_loader - INFO -   LABEL CHECK [2008-04-30.train-a sample #11837]: gold_parent_idx=14, gold_msg_idx=1001, C=15, msg_i_idx=1001, candidate_range=[987, 1001]
2026-05-10 19:52:03,143 - data_loader - INFO -   LABEL CHECK [2008-04-30.train-a sample #11838]: gold_parent_idx=14, gold_msg_idx=1014, C=15, msg_i_idx=1014, candidate_range=[1000, 1014]
2026-05-10 19:52:03,144 - data_loader - INFO -   LABEL CHECK [2008-04-30.train-a sample #11839]: gold_parent_idx=14, gold_msg_idx=1032, C=15, msg_i_idx=1032, candidate_range=[1018, 1032]
2026-05-10 19:52:03,151 - data_loader - INFO -   Created 75 samples for 2008-04-30.train-a
2026-05-10 19:52:03,151 - data_loader - INFO -   File 71/153: 2008-04-30.train-a - 1699 messages, 11912 total samples so far
2026-05-10 19:52:03,151 - data_loader - INFO - Loading conversation from data/train/2008-05-24.train-c.ascii.txt
2026-05-10 19:52:03,152 - data_loader - INFO -   Read 1500 lines from ASCII file
2026-05-10 19:52:03,156 - data_loader - INFO -   Parsed 1500 messages, found 147 unique users
2026-05-10 19:52:03,530 - data_loader - INFO -   Loaded 369 gold links from annotation file
2026-05-10 19:52:03,530 - data_loader - INFO -   Conversation '2008-05-24.train-c' loaded in 0.38s
2026-05-10 19:52:03,530 - data_loader - INFO -   Creating samples for 2008-05-24.train-c: messages 0 to 1500 (limited)
2026-05-10 19:52:03,533 - data_loader - INFO -   LABEL CHECK [2008-05-24.train-c sample #11912]: gold_parent_idx=14, gold_msg_idx=1005, C=15, msg_i_idx=1005, candidate_range=[991, 1005]
2026-05-10 19:52:03,533 - data_loader - INFO -   LABEL CHECK [2008-05-24.train-c sample #11913]: gold_parent_idx=14, gold_msg_idx=1012, C=15, msg_i_idx=1012, candidate_range=[998, 1012]
2026-05-10 19:52:03,533 - data_loader - INFO -   LABEL CHECK [2008-05-24.train-c sample #11914]: gold_parent_idx=14, gold_msg_idx=1021, C=15, msg_i_idx=1021, candidate_range=[1007, 1021]
2026-05-10 19:52:03,542 - data_loader - INFO -   Created 97 samples for 2008-05-24.train-c
2026-05-10 19:52:03,542 - data_loader - INFO -   File 72/153: 2008-05-24.train-c - 1500 messages, 12009 total samples so far
2026-05-10 19:52:03,542 - data_loader - INFO - Loading conversation from data/train/2008-06-03.train-a.ascii.txt
2026-05-10 19:52:03,543 - data_loader - INFO -   Read 1436 lines from ASCII file
2026-05-10 19:52:03,547 - data_loader - INFO -   Parsed 1436 messages, found 140 unique users
2026-05-10 19:52:03,906 - data_loader - INFO -   Loaded 310 gold links from annotation file
2026-05-10 19:52:03,906 - data_loader - INFO -   Conversation '2008-06-03.train-a' loaded in 0.36s
2026-05-10 19:52:03,906 - data_loader - INFO -   Creating samples for 2008-06-03.train-a: messages 0 to 1436 (limited)
2026-05-10 19:52:03,909 - data_loader - INFO -   LABEL CHECK [2008-06-03.train-a sample #12009]: gold_parent_idx=14, gold_msg_idx=1001, C=15, msg_i_idx=1001, candidate_range=[987, 1001]
2026-05-10 19:52:03,909 - data_loader - INFO -   LABEL CHECK [2008-06-03.train-a sample #12010]: gold_parent_idx=13, gold_msg_idx=1010, C=14, msg_i_idx=1010, candidate_range=[996, 1010]
2026-05-10 19:52:03,909 - data_loader - INFO -   LABEL CHECK [2008-06-03.train-a sample #12011]: gold_parent_idx=13, gold_msg_idx=1011, C=14, msg_i_idx=1011, candidate_range=[997, 1011]
2026-05-10 19:52:03,914 - data_loader - INFO -   Created 53 samples for 2008-06-03.train-a
2026-05-10 19:52:03,914 - data_loader - INFO -   File 73/153: 2008-06-03.train-a - 1436 messages, 12062 total samples so far
2026-05-10 19:52:03,914 - data_loader - INFO - Loading conversation from data/train/2008-07-03.train-c.ascii.txt
2026-05-10 19:52:03,915 - data_loader - INFO -   Read 1500 lines from ASCII file
2026-05-10 19:52:03,920 - data_loader - INFO -   Parsed 1500 messages, found 154 unique users
2026-05-10 19:52:04,322 - data_loader - INFO -   Loaded 344 gold links from annotation file
2026-05-10 19:52:04,323 - data_loader - INFO -   Conversation '2008-07-03.train-c' loaded in 0.41s
2026-05-10 19:52:04,323 - data_loader - INFO -   Creating samples for 2008-07-03.train-c: messages 0 to 1500 (limited)
2026-05-10 19:52:04,325 - data_loader - INFO -   LABEL CHECK [2008-07-03.train-c sample #12062]: gold_parent_idx=13, gold_msg_idx=1001, C=14, msg_i_idx=1001, candidate_range=[987, 1001]
2026-05-10 19:52:04,326 - data_loader - INFO -   LABEL CHECK [2008-07-03.train-c sample #12063]: gold_parent_idx=13, gold_msg_idx=1004, C=14, msg_i_idx=1004, candidate_range=[990, 1004]
2026-05-10 19:52:04,326 - data_loader - INFO -   LABEL CHECK [2008-07-03.train-c sample #12064]: gold_parent_idx=13, gold_msg_idx=1005, C=14, msg_i_idx=1005, candidate_range=[991, 1005]
2026-05-10 19:52:04,335 - data_loader - INFO -   Created 99 samples for 2008-07-03.train-c
2026-05-10 19:52:04,335 - data_loader - INFO -   File 74/153: 2008-07-03.train-c - 1500 messages, 12161 total samples so far
2026-05-10 19:52:04,335 - data_loader - INFO - Loading conversation from data/train/2008-10-02.train-c.ascii.txt
2026-05-10 19:52:04,336 - data_loader - INFO -   Read 1500 lines from ASCII file
2026-05-10 19:52:04,340 - data_loader - INFO -   Parsed 1500 messages, found 156 unique users
2026-05-10 19:52:04,746 - data_loader - INFO -   Loaded 364 gold links from annotation file
2026-05-10 19:52:04,746 - data_loader - INFO -   Conversation '2008-10-02.train-c' loaded in 0.41s
2026-05-10 19:52:04,746 - data_loader - INFO -   Creating samples for 2008-10-02.train-c: messages 0 to 1500 (limited)
2026-05-10 19:52:04,750 - data_loader - INFO -   LABEL CHECK [2008-10-02.train-c sample #12161]: gold_parent_idx=14, gold_msg_idx=1000, C=15, msg_i_idx=1000, candidate_range=[986, 1000]
2026-05-10 19:52:04,750 - data_loader - INFO -   LABEL CHECK [2008-10-02.train-c sample #12162]: gold_parent_idx=14, gold_msg_idx=1003, C=15, msg_i_idx=1003, candidate_range=[989, 1003]
2026-05-10 19:52:04,750 - data_loader - INFO -   LABEL CHECK [2008-10-02.train-c sample #12163]: gold_parent_idx=14, gold_msg_idx=1004, C=15, msg_i_idx=1004, candidate_range=[990, 1004]
2026-05-10 19:52:04,757 - data_loader - INFO -   Created 87 samples for 2008-10-02.train-c
2026-05-10 19:52:04,757 - data_loader - INFO -   File 75/153: 2008-10-02.train-c - 1500 messages, 12248 total samples so far
2026-05-10 19:52:04,757 - data_loader - INFO - Loading conversation from data/train/2009-01-05.train-a.ascii.txt
2026-05-10 19:52:04,758 - data_loader - INFO -   Read 1312 lines from ASCII file
2026-05-10 19:52:04,762 - data_loader - INFO -   Parsed 1312 messages, found 126 unique users
2026-05-10 19:52:05,083 - data_loader - INFO -   Loaded 211 gold links from annotation file
2026-05-10 19:52:05,083 - data_loader - INFO -   Conversation '2009-01-05.train-a' loaded in 0.33s
2026-05-10 19:52:05,084 - data_loader - INFO -   Creating samples for 2009-01-05.train-a: messages 0 to 1312 (limited)
2026-05-10 19:52:05,086 - data_loader - INFO -   LABEL CHECK [2009-01-05.train-a sample #12248]: gold_parent_idx=13, gold_msg_idx=1004, C=14, msg_i_idx=1004, candidate_range=[990, 1004]
2026-05-10 19:52:05,086 - data_loader - INFO -   LABEL CHECK [2009-01-05.train-a sample #12249]: gold_parent_idx=13, gold_msg_idx=1005, C=14, msg_i_idx=1005, candidate_range=[991, 1005]
2026-05-10 19:52:05,087 - data_loader - INFO -   LABEL CHECK [2009-01-05.train-a sample #12250]: gold_parent_idx=14, gold_msg_idx=1011, C=15, msg_i_idx=1011, candidate_range=[997, 1011]
2026-05-10 19:52:05,091 - data_loader - INFO -   Created 46 samples for 2009-01-05.train-a
2026-05-10 19:52:05,091 - data_loader - INFO -   File 76/153: 2009-01-05.train-a - 1312 messages, 12294 total samples so far
2026-05-10 19:52:05,091 - data_loader - INFO - Loading conversation from data/train/2009-03-25.train-a.ascii.txt
2026-05-10 19:52:05,092 - data_loader - INFO -   Read 1350 lines from ASCII file
2026-05-10 19:52:05,097 - data_loader - INFO -   Parsed 1350 messages, found 163 unique users
2026-05-10 19:52:05,472 - data_loader - INFO -   Loaded 242 gold links from annotation file
2026-05-10 19:52:05,472 - data_loader - INFO -   Conversation '2009-03-25.train-a' loaded in 0.38s
2026-05-10 19:52:05,472 - data_loader - INFO -   Creating samples for 2009-03-25.train-a: messages 0 to 1350 (limited)
2026-05-10 19:52:05,475 - data_loader - INFO -   LABEL CHECK [2009-03-25.train-a sample #12294]: gold_parent_idx=12, gold_msg_idx=1001, C=13, msg_i_idx=1001, candidate_range=[987, 1001]
2026-05-10 19:52:05,475 - data_loader - INFO -   LABEL CHECK [2009-03-25.train-a sample #12295]: gold_parent_idx=12, gold_msg_idx=1002, C=13, msg_i_idx=1002, candidate_range=[988, 1002]
2026-05-10 19:52:05,475 - data_loader - INFO -   LABEL CHECK [2009-03-25.train-a sample #12296]: gold_parent_idx=14, gold_msg_idx=1016, C=15, msg_i_idx=1016, candidate_range=[1002, 1016]
2026-05-10 19:52:05,478 - data_loader - INFO -   Created 33 samples for 2009-03-25.train-a
2026-05-10 19:52:05,478 - data_loader - INFO -   File 77/153: 2009-03-25.train-a - 1350 messages, 12327 total samples so far
2026-05-10 19:52:05,478 - data_loader - INFO - Loading conversation from data/train/2009-05-04.train-c.ascii.txt
2026-05-10 19:52:05,480 - data_loader - INFO -   Read 1500 lines from ASCII file
2026-05-10 19:52:05,484 - data_loader - INFO -   Parsed 1500 messages, found 157 unique users
2026-05-10 19:52:05,921 - data_loader - INFO -   Loaded 368 gold links from annotation file
2026-05-10 19:52:05,921 - data_loader - INFO -   Conversation '2009-05-04.train-c' loaded in 0.44s
2026-05-10 19:52:05,921 - data_loader - INFO -   Creating samples for 2009-05-04.train-c: messages 0 to 1500 (limited)
2026-05-10 19:52:05,924 - data_loader - INFO -   LABEL CHECK [2009-05-04.train-c sample #12327]: gold_parent_idx=14, gold_msg_idx=1000, C=15, msg_i_idx=1000, candidate_range=[986, 1000]
2026-05-10 19:52:05,924 - data_loader - INFO -   LABEL CHECK [2009-05-04.train-c sample #12328]: gold_parent_idx=14, gold_msg_idx=1007, C=15, msg_i_idx=1007, candidate_range=[993, 1007]
2026-05-10 19:52:05,924 - data_loader - INFO -   LABEL CHECK [2009-05-04.train-c sample #12329]: gold_parent_idx=14, gold_msg_idx=1009, C=15, msg_i_idx=1009, candidate_range=[995, 1009]
2026-05-10 19:52:05,935 - data_loader - INFO -   Created 134 samples for 2009-05-04.train-c
2026-05-10 19:52:05,935 - data_loader - INFO -   File 78/153: 2009-05-04.train-c - 1500 messages, 12461 total samples so far
2026-05-10 19:52:05,935 - data_loader - INFO - Loading conversation from data/train/2009-05-08.train-c.ascii.txt
2026-05-10 19:52:05,936 - data_loader - INFO -   Read 1500 lines from ASCII file
2026-05-10 19:52:05,940 - data_loader - INFO -   Parsed 1500 messages, found 154 unique users
2026-05-10 19:52:06,354 - data_loader - INFO -   Loaded 339 gold links from annotation file
2026-05-10 19:52:06,354 - data_loader - INFO -   Conversation '2009-05-08.train-c' loaded in 0.42s
2026-05-10 19:52:06,354 - data_loader - INFO -   Creating samples for 2009-05-08.train-c: messages 0 to 1500 (limited)
2026-05-10 19:52:06,357 - data_loader - INFO -   LABEL CHECK [2009-05-08.train-c sample #12461]: gold_parent_idx=13, gold_msg_idx=1000, C=14, msg_i_idx=1000, candidate_range=[986, 1000]
2026-05-10 19:52:06,357 - data_loader - INFO -   LABEL CHECK [2009-05-08.train-c sample #12462]: gold_parent_idx=12, gold_msg_idx=1001, C=13, msg_i_idx=1001, candidate_range=[987, 1001]
2026-05-10 19:52:06,357 - data_loader - INFO -   LABEL CHECK [2009-05-08.train-c sample #12463]: gold_parent_idx=13, gold_msg_idx=1003, C=14, msg_i_idx=1003, candidate_range=[989, 1003]
2026-05-10 19:52:06,364 - data_loader - INFO -   Created 77 samples for 2009-05-08.train-c
2026-05-10 19:52:06,364 - data_loader - INFO -   File 79/153: 2009-05-08.train-c - 1500 messages, 12538 total samples so far
2026-05-10 19:52:06,365 - data_loader - INFO - Loading conversation from data/train/2009-07-02.train-c.ascii.txt
2026-05-10 19:52:06,366 - data_loader - INFO -   Read 1500 lines from ASCII file
2026-05-10 19:52:06,370 - data_loader - INFO -   Parsed 1500 messages, found 156 unique users
2026-05-10 19:52:06,805 - data_loader - INFO -   Loaded 376 gold links from annotation file
2026-05-10 19:52:06,806 - data_loader - INFO -   Conversation '2009-07-02.train-c' loaded in 0.44s
2026-05-10 19:52:06,806 - data_loader - INFO -   Creating samples for 2009-07-02.train-c: messages 0 to 1500 (limited)
2026-05-10 19:52:06,809 - data_loader - INFO -   LABEL CHECK [2009-07-02.train-c sample #12538]: gold_parent_idx=14, gold_msg_idx=1002, C=15, msg_i_idx=1002, candidate_range=[988, 1002]
2026-05-10 19:52:06,809 - data_loader - INFO -   LABEL CHECK [2009-07-02.train-c sample #12539]: gold_parent_idx=14, gold_msg_idx=1007, C=15, msg_i_idx=1007, candidate_range=[993, 1007]
2026-05-10 19:52:06,809 - data_loader - INFO -   LABEL CHECK [2009-07-02.train-c sample #12540]: gold_parent_idx=14, gold_msg_idx=1012, C=15, msg_i_idx=1012, candidate_range=[998, 1012]
2026-05-10 19:52:06,816 - data_loader - INFO -   Created 70 samples for 2009-07-02.train-c
2026-05-10 19:52:06,817 - data_loader - INFO -   File 80/153: 2009-07-02.train-c - 1500 messages, 12608 total samples so far
2026-05-10 19:52:06,817 - data_loader - INFO - Loading conversation from data/train/2009-11-13.train-c.ascii.txt
2026-05-10 19:52:06,818 - data_loader - INFO -   Read 1500 lines from ASCII file
2026-05-10 19:52:06,822 - data_loader - INFO -   Parsed 1500 messages, found 182 unique users
2026-05-10 19:52:07,275 - data_loader - INFO -   Loaded 349 gold links from annotation file
2026-05-10 19:52:07,275 - data_loader - INFO -   Conversation '2009-11-13.train-c' loaded in 0.46s
2026-05-10 19:52:07,275 - data_loader - INFO -   Creating samples for 2009-11-13.train-c: messages 0 to 1500 (limited)
2026-05-10 19:52:07,278 - data_loader - INFO -   LABEL CHECK [2009-11-13.train-c sample #12608]: gold_parent_idx=14, gold_msg_idx=1002, C=15, msg_i_idx=1002, candidate_range=[988, 1002]
2026-05-10 19:52:07,278 - data_loader - INFO -   LABEL CHECK [2009-11-13.train-c sample #12609]: gold_parent_idx=14, gold_msg_idx=1003, C=15, msg_i_idx=1003, candidate_range=[989, 1003]
2026-05-10 19:52:07,279 - data_loader - INFO -   LABEL CHECK [2009-11-13.train-c sample #12610]: gold_parent_idx=14, gold_msg_idx=1004, C=15, msg_i_idx=1004, candidate_range=[990, 1004]
2026-05-10 19:52:07,287 - data_loader - INFO -   Created 103 samples for 2009-11-13.train-c
2026-05-10 19:52:07,287 - data_loader - INFO -   File 81/153: 2009-11-13.train-c - 1500 messages, 12711 total samples so far
2026-05-10 19:52:07,287 - data_loader - INFO - Loading conversation from data/train/2009-12-05.train-c.ascii.txt
2026-05-10 19:52:07,288 - data_loader - INFO -   Read 1500 lines from ASCII file
2026-05-10 19:52:07,293 - data_loader - INFO -   Parsed 1500 messages, found 169 unique users
2026-05-10 19:52:07,737 - data_loader - INFO -   Loaded 355 gold links from annotation file
2026-05-10 19:52:07,737 - data_loader - INFO -   Conversation '2009-12-05.train-c' loaded in 0.45s
2026-05-10 19:52:07,737 - data_loader - INFO -   Creating samples for 2009-12-05.train-c: messages 0 to 1500 (limited)
2026-05-10 19:52:07,740 - data_loader - INFO -   LABEL CHECK [2009-12-05.train-c sample #12711]: gold_parent_idx=14, gold_msg_idx=1002, C=15, msg_i_idx=1002, candidate_range=[988, 1002]
2026-05-10 19:52:07,740 - data_loader - INFO -   LABEL CHECK [2009-12-05.train-c sample #12712]: gold_parent_idx=14, gold_msg_idx=1004, C=15, msg_i_idx=1004, candidate_range=[990, 1004]
2026-05-10 19:52:07,740 - data_loader - INFO -   LABEL CHECK [2009-12-05.train-c sample #12713]: gold_parent_idx=14, gold_msg_idx=1018, C=15, msg_i_idx=1018, candidate_range=[1004, 1018]
2026-05-10 19:52:07,747 - data_loader - INFO -   Created 72 samples for 2009-12-05.train-c
2026-05-10 19:52:07,747 - data_loader - INFO -   File 82/153: 2009-12-05.train-c - 1500 messages, 12783 total samples so far
2026-05-10 19:52:07,747 - data_loader - INFO - Loading conversation from data/train/2010-01-04.train-c.ascii.txt
2026-05-10 19:52:07,748 - data_loader - INFO -   Read 1500 lines from ASCII file
2026-05-10 19:52:07,752 - data_loader - INFO -   Parsed 1500 messages, found 191 unique users
2026-05-10 19:52:08,261 - data_loader - INFO -   Loaded 354 gold links from annotation file
2026-05-10 19:52:08,261 - data_loader - INFO -   Conversation '2010-01-04.train-c' loaded in 0.51s
2026-05-10 19:52:08,261 - data_loader - INFO -   Creating samples for 2010-01-04.train-c: messages 0 to 1500 (limited)
2026-05-10 19:52:08,264 - data_loader - INFO -   LABEL CHECK [2010-01-04.train-c sample #12783]: gold_parent_idx=14, gold_msg_idx=1000, C=15, msg_i_idx=1000, candidate_range=[986, 1000]
2026-05-10 19:52:08,264 - data_loader - INFO -   LABEL CHECK [2010-01-04.train-c sample #12784]: gold_parent_idx=14, gold_msg_idx=1006, C=15, msg_i_idx=1006, candidate_range=[992, 1006]
2026-05-10 19:52:08,264 - data_loader - INFO -   LABEL CHECK [2010-01-04.train-c sample #12785]: gold_parent_idx=14, gold_msg_idx=1013, C=15, msg_i_idx=1013, candidate_range=[999, 1013]
2026-05-10 19:52:08,274 - data_loader - INFO -   Created 110 samples for 2010-01-04.train-c
2026-05-10 19:52:08,274 - data_loader - INFO -   File 83/153: 2010-01-04.train-c - 1500 messages, 12893 total samples so far
2026-05-10 19:52:08,274 - data_loader - INFO - Loading conversation from data/train/2010-02-13.train-a.ascii.txt
2026-05-10 19:52:08,275 - data_loader - INFO -   Read 1318 lines from ASCII file
2026-05-10 19:52:08,279 - data_loader - INFO -   Parsed 1318 messages, found 141 unique users
2026-05-10 19:52:08,604 - data_loader - INFO -   Loaded 218 gold links from annotation file
2026-05-10 19:52:08,604 - data_loader - INFO -   Conversation '2010-02-13.train-a' loaded in 0.33s
2026-05-10 19:52:08,604 - data_loader - INFO -   Creating samples for 2010-02-13.train-a: messages 0 to 1318 (limited)
2026-05-10 19:52:08,607 - data_loader - INFO -   LABEL CHECK [2010-02-13.train-a sample #12893]: gold_parent_idx=14, gold_msg_idx=1004, C=15, msg_i_idx=1004, candidate_range=[990, 1004]
2026-05-10 19:52:08,607 - data_loader - INFO -   LABEL CHECK [2010-02-13.train-a sample #12894]: gold_parent_idx=14, gold_msg_idx=1005, C=15, msg_i_idx=1005, candidate_range=[991, 1005]
2026-05-10 19:52:08,607 - data_loader - INFO -   LABEL CHECK [2010-02-13.train-a sample #12895]: gold_parent_idx=14, gold_msg_idx=1007, C=15, msg_i_idx=1007, candidate_range=[993, 1007]
2026-05-10 19:52:08,611 - data_loader - INFO -   Created 37 samples for 2010-02-13.train-a
2026-05-10 19:52:08,611 - data_loader - INFO -   File 84/153: 2010-02-13.train-a - 1318 messages, 12930 total samples so far
2026-05-10 19:52:08,611 - data_loader - INFO - Loading conversation from data/train/2010-03-08.train-c.ascii.txt
2026-05-10 19:52:08,612 - data_loader - INFO -   Read 1500 lines from ASCII file
2026-05-10 19:52:08,616 - data_loader - INFO -   Parsed 1500 messages, found 237 unique users
2026-05-10 19:52:09,275 - data_loader - INFO -   Loaded 363 gold links from annotation file
2026-05-10 19:52:09,275 - data_loader - INFO -   Conversation '2010-03-08.train-c' loaded in 0.66s
2026-05-10 19:52:09,275 - data_loader - INFO -   Creating samples for 2010-03-08.train-c: messages 0 to 1500 (limited)
2026-05-10 19:52:09,278 - data_loader - INFO -   LABEL CHECK [2010-03-08.train-c sample #12930]: gold_parent_idx=14, gold_msg_idx=1001, C=15, msg_i_idx=1001, candidate_range=[987, 1001]
2026-05-10 19:52:09,278 - data_loader - INFO -   LABEL CHECK [2010-03-08.train-c sample #12931]: gold_parent_idx=14, gold_msg_idx=1002, C=15, msg_i_idx=1002, candidate_range=[988, 1002]
2026-05-10 19:52:09,278 - data_loader - INFO -   LABEL CHECK [2010-03-08.train-c sample #12932]: gold_parent_idx=14, gold_msg_idx=1004, C=15, msg_i_idx=1004, candidate_range=[990, 1004]
2026-05-10 19:52:09,288 - data_loader - INFO -   Created 112 samples for 2010-03-08.train-c
2026-05-10 19:52:09,288 - data_loader - INFO -   File 85/153: 2010-03-08.train-c - 1500 messages, 13042 total samples so far
2026-05-10 19:52:09,288 - data_loader - INFO - Loading conversation from data/train/2010-03-20.train-c.ascii.txt
2026-05-10 19:52:09,289 - data_loader - INFO -   Read 1500 lines from ASCII file
2026-05-10 19:52:09,293 - data_loader - INFO -   Parsed 1500 messages, found 177 unique users
2026-05-10 19:52:09,769 - data_loader - INFO -   Loaded 375 gold links from annotation file
2026-05-10 19:52:09,769 - data_loader - INFO -   Conversation '2010-03-20.train-c' loaded in 0.48s
2026-05-10 19:52:09,769 - data_loader - INFO -   Creating samples for 2010-03-20.train-c: messages 0 to 1500 (limited)
2026-05-10 19:52:09,772 - data_loader - INFO -   LABEL CHECK [2010-03-20.train-c sample #13042]: gold_parent_idx=14, gold_msg_idx=1000, C=15, msg_i_idx=1000, candidate_range=[986, 1000]
2026-05-10 19:52:09,773 - data_loader - INFO -   LABEL CHECK [2010-03-20.train-c sample #13043]: gold_parent_idx=14, gold_msg_idx=1004, C=15, msg_i_idx=1004, candidate_range=[990, 1004]
2026-05-10 19:52:09,773 - data_loader - INFO -   LABEL CHECK [2010-03-20.train-c sample #13044]: gold_parent_idx=14, gold_msg_idx=1005, C=15, msg_i_idx=1005, candidate_range=[991, 1005]
2026-05-10 19:52:09,781 - data_loader - INFO -   Created 101 samples for 2010-03-20.train-c
2026-05-10 19:52:09,781 - data_loader - INFO -   File 86/153: 2010-03-20.train-c - 1500 messages, 13143 total samples so far
2026-05-10 19:52:09,781 - data_loader - INFO - Loading conversation from data/train/2010-04-12.train-c.ascii.txt
2026-05-10 19:52:09,782 - data_loader - INFO -   Read 1500 lines from ASCII file
2026-05-10 19:52:09,787 - data_loader - INFO -   Parsed 1500 messages, found 162 unique users
2026-05-10 19:52:10,195 - data_loader - INFO -   Loaded 344 gold links from annotation file
2026-05-10 19:52:10,195 - data_loader - INFO -   Conversation '2010-04-12.train-c' loaded in 0.41s
2026-05-10 19:52:10,195 - data_loader - INFO -   Creating samples for 2010-04-12.train-c: messages 0 to 1500 (limited)
2026-05-10 19:52:10,198 - data_loader - INFO -   LABEL CHECK [2010-04-12.train-c sample #13143]: gold_parent_idx=14, gold_msg_idx=1000, C=15, msg_i_idx=1000, candidate_range=[986, 1000]
2026-05-10 19:52:10,198 - data_loader - INFO -   LABEL CHECK [2010-04-12.train-c sample #13144]: gold_parent_idx=14, gold_msg_idx=1002, C=15, msg_i_idx=1002, candidate_range=[988, 1002]
2026-05-10 19:52:10,198 - data_loader - INFO -   LABEL CHECK [2010-04-12.train-c sample #13145]: gold_parent_idx=14, gold_msg_idx=1003, C=15, msg_i_idx=1003, candidate_range=[989, 1003]
2026-05-10 19:52:10,204 - data_loader - INFO -   Created 73 samples for 2010-04-12.train-c
2026-05-10 19:52:10,205 - data_loader - INFO -   File 87/153: 2010-04-12.train-c - 1500 messages, 13216 total samples so far
2026-05-10 19:52:10,205 - data_loader - INFO - Loading conversation from data/train/2010-05-30.train-c.ascii.txt
2026-05-10 19:52:10,206 - data_loader - INFO -   Read 1500 lines from ASCII file
2026-05-10 19:52:10,210 - data_loader - INFO -   Parsed 1500 messages, found 196 unique users
2026-05-10 19:52:10,742 - data_loader - INFO -   Loaded 345 gold links from annotation file
2026-05-10 19:52:10,742 - data_loader - INFO -   Conversation '2010-05-30.train-c' loaded in 0.54s
2026-05-10 19:52:10,742 - data_loader - INFO -   Creating samples for 2010-05-30.train-c: messages 0 to 1500 (limited)
2026-05-10 19:52:10,745 - data_loader - INFO -   LABEL CHECK [2010-05-30.train-c sample #13216]: gold_parent_idx=14, gold_msg_idx=1009, C=15, msg_i_idx=1009, candidate_range=[995, 1009]
2026-05-10 19:52:10,745 - data_loader - INFO -   LABEL CHECK [2010-05-30.train-c sample #13217]: gold_parent_idx=14, gold_msg_idx=1023, C=15, msg_i_idx=1023, candidate_range=[1009, 1023]
2026-05-10 19:52:10,745 - data_loader - INFO -   LABEL CHECK [2010-05-30.train-c sample #13218]: gold_parent_idx=14, gold_msg_idx=1025, C=15, msg_i_idx=1025, candidate_range=[1011, 1025]
2026-05-10 19:52:10,754 - data_loader - INFO -   Created 112 samples for 2010-05-30.train-c
2026-05-10 19:52:10,755 - data_loader - INFO -   File 88/153: 2010-05-30.train-c - 1500 messages, 13328 total samples so far
2026-05-10 19:52:10,755 - data_loader - INFO - Loading conversation from data/train/2010-06-21.train-c.ascii.txt
2026-05-10 19:52:10,756 - data_loader - INFO -   Read 1500 lines from ASCII file
2026-05-10 19:52:10,760 - data_loader - INFO -   Parsed 1500 messages, found 120 unique users
2026-05-10 19:52:11,076 - data_loader - INFO -   Loaded 356 gold links from annotation file
2026-05-10 19:52:11,077 - data_loader - INFO -   Conversation '2010-06-21.train-c' loaded in 0.32s
2026-05-10 19:52:11,077 - data_loader - INFO -   Creating samples for 2010-06-21.train-c: messages 0 to 1500 (limited)
2026-05-10 19:52:11,079 - data_loader - INFO -   LABEL CHECK [2010-06-21.train-c sample #13328]: gold_parent_idx=14, gold_msg_idx=1003, C=15, msg_i_idx=1003, candidate_range=[989, 1003]
2026-05-10 19:52:11,080 - data_loader - INFO -   LABEL CHECK [2010-06-21.train-c sample #13329]: gold_parent_idx=14, gold_msg_idx=1004, C=15, msg_i_idx=1004, candidate_range=[990, 1004]
2026-05-10 19:52:11,080 - data_loader - INFO -   LABEL CHECK [2010-06-21.train-c sample #13330]: gold_parent_idx=14, gold_msg_idx=1008, C=15, msg_i_idx=1008, candidate_range=[994, 1008]
2026-05-10 19:52:11,085 - data_loader - INFO -   Created 52 samples for 2010-06-21.train-c
2026-05-10 19:52:11,085 - data_loader - INFO -   File 89/153: 2010-06-21.train-c - 1500 messages, 13380 total samples so far
2026-05-10 19:52:11,085 - data_loader - INFO - Loading conversation from data/train/2010-08-05.train-a.ascii.txt
2026-05-10 19:52:11,086 - data_loader - INFO -   Read 1279 lines from ASCII file
2026-05-10 19:52:11,090 - data_loader - INFO -   Parsed 1279 messages, found 152 unique users
2026-05-10 19:52:11,450 - data_loader - INFO -   Loaded 227 gold links from annotation file
2026-05-10 19:52:11,450 - data_loader - INFO -   Conversation '2010-08-05.train-a' loaded in 0.36s
2026-05-10 19:52:11,450 - data_loader - INFO -   Creating samples for 2010-08-05.train-a: messages 0 to 1279 (limited)
2026-05-10 19:52:11,453 - data_loader - INFO -   LABEL CHECK [2010-08-05.train-a sample #13380]: gold_parent_idx=14, gold_msg_idx=1002, C=15, msg_i_idx=1002, candidate_range=[988, 1002]
2026-05-10 19:52:11,453 - data_loader - INFO -   LABEL CHECK [2010-08-05.train-a sample #13381]: gold_parent_idx=14, gold_msg_idx=1003, C=15, msg_i_idx=1003, candidate_range=[989, 1003]
2026-05-10 19:52:11,453 - data_loader - INFO -   LABEL CHECK [2010-08-05.train-a sample #13382]: gold_parent_idx=14, gold_msg_idx=1004, C=15, msg_i_idx=1004, candidate_range=[990, 1004]
2026-05-10 19:52:11,457 - data_loader - INFO -   Created 46 samples for 2010-08-05.train-a
2026-05-10 19:52:11,457 - data_loader - INFO -   File 90/153: 2010-08-05.train-a - 1279 messages, 13426 total samples so far
2026-05-10 19:52:11,457 - data_loader - INFO - Loading conversation from data/train/2010-08-15.train-c.ascii.txt
2026-05-10 19:52:11,459 - data_loader - INFO -   Read 1500 lines from ASCII file
2026-05-10 19:52:11,464 - data_loader - INFO -   Parsed 1500 messages, found 139 unique users
2026-05-10 19:52:11,847 - data_loader - INFO -   Loaded 346 gold links from annotation file
2026-05-10 19:52:11,847 - data_loader - INFO -   Conversation '2010-08-15.train-c' loaded in 0.39s
2026-05-10 19:52:11,847 - data_loader - INFO -   Creating samples for 2010-08-15.train-c: messages 0 to 1500 (limited)
2026-05-10 19:52:11,850 - data_loader - INFO -   LABEL CHECK [2010-08-15.train-c sample #13426]: gold_parent_idx=14, gold_msg_idx=1000, C=15, msg_i_idx=1000, candidate_range=[986, 1000]
2026-05-10 19:52:11,850 - data_loader - INFO -   LABEL CHECK [2010-08-15.train-c sample #13427]: gold_parent_idx=14, gold_msg_idx=1007, C=15, msg_i_idx=1007, candidate_range=[993, 1007]
2026-05-10 19:52:11,850 - data_loader - INFO -   LABEL CHECK [2010-08-15.train-c sample #13428]: gold_parent_idx=14, gold_msg_idx=1018, C=15, msg_i_idx=1018, candidate_range=[1004, 1018]
2026-05-10 19:52:11,857 - data_loader - INFO -   Created 77 samples for 2010-08-15.train-c
2026-05-10 19:52:11,857 - data_loader - INFO -   File 91/153: 2010-08-15.train-c - 1500 messages, 13503 total samples so far
2026-05-10 19:52:11,857 - data_loader - INFO - Loading conversation from data/train/2010-08-29.train-a.ascii.txt
2026-05-10 19:52:11,858 - data_loader - INFO -   Read 1428 lines from ASCII file
2026-05-10 19:52:11,862 - data_loader - INFO -   Parsed 1428 messages, found 171 unique users
2026-05-10 19:52:12,316 - data_loader - INFO -   Loaded 329 gold links from annotation file
2026-05-10 19:52:12,317 - data_loader - INFO -   Conversation '2010-08-29.train-a' loaded in 0.46s
2026-05-10 19:52:12,317 - data_loader - INFO -   Creating samples for 2010-08-29.train-a: messages 0 to 1428 (limited)
2026-05-10 19:52:12,320 - data_loader - INFO -   LABEL CHECK [2010-08-29.train-a sample #13503]: gold_parent_idx=14, gold_msg_idx=1001, C=15, msg_i_idx=1001, candidate_range=[987, 1001]
2026-05-10 19:52:12,320 - data_loader - INFO -   LABEL CHECK [2010-08-29.train-a sample #13504]: gold_parent_idx=14, gold_msg_idx=1005, C=15, msg_i_idx=1005, candidate_range=[991, 1005]
2026-05-10 19:52:12,320 - data_loader - INFO -   LABEL CHECK [2010-08-29.train-a sample #13505]: gold_parent_idx=14, gold_msg_idx=1022, C=15, msg_i_idx=1022, candidate_range=[1008, 1022]
2026-05-10 19:52:12,325 - data_loader - INFO -   Created 54 samples for 2010-08-29.train-a
2026-05-10 19:52:12,325 - data_loader - INFO -   File 92/153: 2010-08-29.train-a - 1428 messages, 13557 total samples so far
2026-05-10 19:52:12,326 - data_loader - INFO - Loading conversation from data/train/2010-10-17.train-c.ascii.txt
2026-05-10 19:52:12,327 - data_loader - INFO -   Read 1500 lines from ASCII file
2026-05-10 19:52:12,331 - data_loader - INFO -   Parsed 1500 messages, found 119 unique users
2026-05-10 19:52:12,645 - data_loader - INFO -   Loaded 350 gold links from annotation file
2026-05-10 19:52:12,645 - data_loader - INFO -   Conversation '2010-10-17.train-c' loaded in 0.32s
2026-05-10 19:52:12,645 - data_loader - INFO -   Creating samples for 2010-10-17.train-c: messages 0 to 1500 (limited)
2026-05-10 19:52:12,648 - data_loader - INFO -   LABEL CHECK [2010-10-17.train-c sample #13557]: gold_parent_idx=14, gold_msg_idx=1000, C=15, msg_i_idx=1000, candidate_range=[986, 1000]
2026-05-10 19:52:12,648 - data_loader - INFO -   LABEL CHECK [2010-10-17.train-c sample #13558]: gold_parent_idx=14, gold_msg_idx=1003, C=15, msg_i_idx=1003, candidate_range=[989, 1003]
2026-05-10 19:52:12,648 - data_loader - INFO -   LABEL CHECK [2010-10-17.train-c sample #13559]: gold_parent_idx=13, gold_msg_idx=1004, C=14, msg_i_idx=1004, candidate_range=[990, 1004]
2026-05-10 19:52:12,656 - data_loader - INFO -   Created 95 samples for 2010-10-17.train-c
2026-05-10 19:52:12,657 - data_loader - INFO -   File 93/153: 2010-10-17.train-c - 1500 messages, 13652 total samples so far
2026-05-10 19:52:12,657 - data_loader - INFO - Loading conversation from data/train/2010-10-27.train-c.ascii.txt
2026-05-10 19:52:12,658 - data_loader - INFO -   Read 1500 lines from ASCII file
2026-05-10 19:52:12,662 - data_loader - INFO -   Parsed 1500 messages, found 171 unique users
2026-05-10 19:52:13,133 - data_loader - INFO -   Loaded 359 gold links from annotation file
2026-05-10 19:52:13,134 - data_loader - INFO -   Conversation '2010-10-27.train-c' loaded in 0.48s
2026-05-10 19:52:13,134 - data_loader - INFO -   Creating samples for 2010-10-27.train-c: messages 0 to 1500 (limited)
2026-05-10 19:52:13,137 - data_loader - INFO -   LABEL CHECK [2010-10-27.train-c sample #13652]: gold_parent_idx=14, gold_msg_idx=1000, C=15, msg_i_idx=1000, candidate_range=[986, 1000]
2026-05-10 19:52:13,137 - data_loader - INFO -   LABEL CHECK [2010-10-27.train-c sample #13653]: gold_parent_idx=14, gold_msg_idx=1005, C=15, msg_i_idx=1005, candidate_range=[991, 1005]
2026-05-10 19:52:13,137 - data_loader - INFO -   LABEL CHECK [2010-10-27.train-c sample #13654]: gold_parent_idx=14, gold_msg_idx=1013, C=15, msg_i_idx=1013, candidate_range=[999, 1013]
2026-05-10 19:52:13,144 - data_loader - INFO -   Created 75 samples for 2010-10-27.train-c
2026-05-10 19:52:13,144 - data_loader - INFO -   File 94/153: 2010-10-27.train-c - 1500 messages, 13727 total samples so far
2026-05-10 19:52:13,144 - data_loader - INFO - Loading conversation from data/train/2011-02-13.train-c.ascii.txt
2026-05-10 19:52:13,145 - data_loader - INFO -   Read 1500 lines from ASCII file
2026-05-10 19:52:13,149 - data_loader - INFO -   Parsed 1500 messages, found 124 unique users
2026-05-10 19:52:13,469 - data_loader - INFO -   Loaded 340 gold links from annotation file
2026-05-10 19:52:13,469 - data_loader - INFO -   Conversation '2011-02-13.train-c' loaded in 0.32s
2026-05-10 19:52:13,469 - data_loader - INFO -   Creating samples for 2011-02-13.train-c: messages 0 to 1500 (limited)
2026-05-10 19:52:13,472 - data_loader - INFO -   LABEL CHECK [2011-02-13.train-c sample #13727]: gold_parent_idx=14, gold_msg_idx=1000, C=15, msg_i_idx=1000, candidate_range=[986, 1000]
2026-05-10 19:52:13,472 - data_loader - INFO -   LABEL CHECK [2011-02-13.train-c sample #13728]: gold_parent_idx=14, gold_msg_idx=1004, C=15, msg_i_idx=1004, candidate_range=[990, 1004]
2026-05-10 19:52:13,472 - data_loader - INFO -   LABEL CHECK [2011-02-13.train-c sample #13729]: gold_parent_idx=14, gold_msg_idx=1006, C=15, msg_i_idx=1006, candidate_range=[992, 1006]
2026-05-10 19:52:13,479 - data_loader - INFO -   Created 80 samples for 2011-02-13.train-c
2026-05-10 19:52:13,479 - data_loader - INFO -   File 95/153: 2011-02-13.train-c - 1500 messages, 13807 total samples so far
2026-05-10 19:52:13,479 - data_loader - INFO - Loading conversation from data/train/2011-02-23.train-c.ascii.txt
2026-05-10 19:52:13,481 - data_loader - INFO -   Read 1500 lines from ASCII file
2026-05-10 19:52:13,485 - data_loader - INFO -   Parsed 1500 messages, found 199 unique users
2026-05-10 19:52:14,019 - data_loader - INFO -   Loaded 365 gold links from annotation file
2026-05-10 19:52:14,019 - data_loader - INFO -   Conversation '2011-02-23.train-c' loaded in 0.54s
2026-05-10 19:52:14,019 - data_loader - INFO -   Creating samples for 2011-02-23.train-c: messages 0 to 1500 (limited)
2026-05-10 19:52:14,022 - data_loader - INFO -   LABEL CHECK [2011-02-23.train-c sample #13807]: gold_parent_idx=12, gold_msg_idx=1002, C=13, msg_i_idx=1002, candidate_range=[989, 1002]
2026-05-10 19:52:14,022 - data_loader - INFO -   LABEL CHECK [2011-02-23.train-c sample #13808]: gold_parent_idx=14, gold_msg_idx=1010, C=15, msg_i_idx=1010, candidate_range=[996, 1010]
2026-05-10 19:52:14,023 - data_loader - INFO -   LABEL CHECK [2011-02-23.train-c sample #13809]: gold_parent_idx=14, gold_msg_idx=1019, C=15, msg_i_idx=1019, candidate_range=[1005, 1019]
2026-05-10 19:52:14,032 - data_loader - INFO -   Created 110 samples for 2011-02-23.train-c
2026-05-10 19:52:14,032 - data_loader - INFO -   File 96/153: 2011-02-23.train-c - 1500 messages, 13917 total samples so far
2026-05-10 19:52:14,032 - data_loader - INFO - Loading conversation from data/train/2011-03-18.train-c.ascii.txt
2026-05-10 19:52:14,033 - data_loader - INFO -   Read 1500 lines from ASCII file
2026-05-10 19:52:14,037 - data_loader - INFO -   Parsed 1500 messages, found 161 unique users
2026-05-10 19:52:14,446 - data_loader - INFO -   Loaded 369 gold links from annotation file
2026-05-10 19:52:14,446 - data_loader - INFO -   Conversation '2011-03-18.train-c' loaded in 0.41s
2026-05-10 19:52:14,446 - data_loader - INFO -   Creating samples for 2011-03-18.train-c: messages 0 to 1500 (limited)
2026-05-10 19:52:14,449 - data_loader - INFO -   LABEL CHECK [2011-03-18.train-c sample #13917]: gold_parent_idx=14, gold_msg_idx=1005, C=15, msg_i_idx=1005, candidate_range=[991, 1005]
2026-05-10 19:52:14,449 - data_loader - INFO -   LABEL CHECK [2011-03-18.train-c sample #13918]: gold_parent_idx=14, gold_msg_idx=1007, C=15, msg_i_idx=1007, candidate_range=[993, 1007]
2026-05-10 19:52:14,450 - data_loader - INFO -   LABEL CHECK [2011-03-18.train-c sample #13919]: gold_parent_idx=14, gold_msg_idx=1009, C=15, msg_i_idx=1009, candidate_range=[995, 1009]
2026-05-10 19:52:14,458 - data_loader - INFO -   Created 90 samples for 2011-03-18.train-c
2026-05-10 19:52:14,458 - data_loader - INFO -   File 97/153: 2011-03-18.train-c - 1500 messages, 14007 total samples so far
2026-05-10 19:52:14,458 - data_loader - INFO - Loading conversation from data/train/2011-04-14.train-c.ascii.txt
2026-05-10 19:52:14,459 - data_loader - INFO -   Read 1500 lines from ASCII file
2026-05-10 19:52:14,463 - data_loader - INFO -   Parsed 1500 messages, found 129 unique users
2026-05-10 19:52:14,801 - data_loader - INFO -   Loaded 363 gold links from annotation file
2026-05-10 19:52:14,801 - data_loader - INFO -   Conversation '2011-04-14.train-c' loaded in 0.34s
2026-05-10 19:52:14,801 - data_loader - INFO -   Creating samples for 2011-04-14.train-c: messages 0 to 1500 (limited)
2026-05-10 19:52:14,804 - data_loader - INFO -   LABEL CHECK [2011-04-14.train-c sample #14007]: gold_parent_idx=13, gold_msg_idx=1001, C=14, msg_i_idx=1001, candidate_range=[987, 1001]
2026-05-10 19:52:14,804 - data_loader - INFO -   LABEL CHECK [2011-04-14.train-c sample #14008]: gold_parent_idx=13, gold_msg_idx=1011, C=14, msg_i_idx=1011, candidate_range=[997, 1011]
2026-05-10 19:52:14,804 - data_loader - INFO -   LABEL CHECK [2011-04-14.train-c sample #14009]: gold_parent_idx=13, gold_msg_idx=1014, C=14, msg_i_idx=1014, candidate_range=[1000, 1014]
2026-05-10 19:52:14,811 - data_loader - INFO -   Created 72 samples for 2011-04-14.train-c
2026-05-10 19:52:14,811 - data_loader - INFO -   File 98/153: 2011-04-14.train-c - 1500 messages, 14079 total samples so far
2026-05-10 19:52:14,811 - data_loader - INFO - Loading conversation from data/train/2011-04-17.train-c.ascii.txt
2026-05-10 19:52:14,813 - data_loader - INFO -   Read 1500 lines from ASCII file
2026-05-10 19:52:14,817 - data_loader - INFO -   Parsed 1500 messages, found 141 unique users
2026-05-10 19:52:15,198 - data_loader - INFO -   Loaded 361 gold links from annotation file
2026-05-10 19:52:15,198 - data_loader - INFO -   Conversation '2011-04-17.train-c' loaded in 0.39s
2026-05-10 19:52:15,199 - data_loader - INFO -   Creating samples for 2011-04-17.train-c: messages 0 to 1500 (limited)
2026-05-10 19:52:15,201 - data_loader - INFO -   LABEL CHECK [2011-04-17.train-c sample #14079]: gold_parent_idx=14, gold_msg_idx=1001, C=15, msg_i_idx=1001, candidate_range=[987, 1001]
2026-05-10 19:52:15,201 - data_loader - INFO -   LABEL CHECK [2011-04-17.train-c sample #14080]: gold_parent_idx=14, gold_msg_idx=1002, C=15, msg_i_idx=1002, candidate_range=[988, 1002]
2026-05-10 19:52:15,202 - data_loader - INFO -   LABEL CHECK [2011-04-17.train-c sample #14081]: gold_parent_idx=14, gold_msg_idx=1003, C=15, msg_i_idx=1003, candidate_range=[989, 1003]
2026-05-10 19:52:15,209 - data_loader - INFO -   Created 75 samples for 2011-04-17.train-c
2026-05-10 19:52:15,209 - data_loader - INFO -   File 99/153: 2011-04-17.train-c - 1500 messages, 14154 total samples so far
2026-05-10 19:52:15,209 - data_loader - INFO - Loading conversation from data/train/2011-04-28.train-a.ascii.txt
2026-05-10 19:52:15,210 - data_loader - INFO -   Read 1411 lines from ASCII file
2026-05-10 19:52:15,214 - data_loader - INFO -   Parsed 1411 messages, found 168 unique users
2026-05-10 19:52:15,624 - data_loader - INFO -   Loaded 270 gold links from annotation file
2026-05-10 19:52:15,625 - data_loader - INFO -   Conversation '2011-04-28.train-a' loaded in 0.42s
2026-05-10 19:52:15,625 - data_loader - INFO -   Creating samples for 2011-04-28.train-a: messages 0 to 1411 (limited)
2026-05-10 19:52:15,628 - data_loader - INFO -   LABEL CHECK [2011-04-28.train-a sample #14154]: gold_parent_idx=13, gold_msg_idx=1000, C=14, msg_i_idx=1000, candidate_range=[986, 1000]
2026-05-10 19:52:15,628 - data_loader - INFO -   LABEL CHECK [2011-04-28.train-a sample #14155]: gold_parent_idx=13, gold_msg_idx=1001, C=14, msg_i_idx=1001, candidate_range=[987, 1001]
2026-05-10 19:52:15,628 - data_loader - INFO -   LABEL CHECK [2011-04-28.train-a sample #14156]: gold_parent_idx=13, gold_msg_idx=1002, C=14, msg_i_idx=1002, candidate_range=[988, 1002]
2026-05-10 19:52:15,635 - data_loader - INFO -   Created 78 samples for 2011-04-28.train-a
2026-05-10 19:52:15,635 - data_loader - INFO -   File 100/153: 2011-04-28.train-a - 1411 messages, 14232 total samples so far
2026-05-10 19:52:15,635 - data_loader - INFO - Loading conversation from data/train/2011-08-17.train-a.ascii.txt
2026-05-10 19:52:15,636 - data_loader - INFO -   Read 1137 lines from ASCII file
2026-05-10 19:52:15,640 - data_loader - INFO -   Parsed 1137 messages, found 119 unique users
2026-05-10 19:52:15,883 - data_loader - INFO -   Loaded 90 gold links from annotation file
2026-05-10 19:52:15,883 - data_loader - INFO -   Conversation '2011-08-17.train-a' loaded in 0.25s
2026-05-10 19:52:15,883 - data_loader - INFO -   Creating samples for 2011-08-17.train-a: messages 0 to 1137 (limited)
2026-05-10 19:52:15,886 - data_loader - INFO -   LABEL CHECK [2011-08-17.train-a sample #14232]: gold_parent_idx=13, gold_msg_idx=1000, C=14, msg_i_idx=1000, candidate_range=[986, 1000]
2026-05-10 19:52:15,886 - data_loader - INFO -   LABEL CHECK [2011-08-17.train-a sample #14233]: gold_parent_idx=13, gold_msg_idx=1008, C=14, msg_i_idx=1008, candidate_range=[994, 1008]
2026-05-10 19:52:15,886 - data_loader - INFO -   LABEL CHECK [2011-08-17.train-a sample #14234]: gold_parent_idx=14, gold_msg_idx=1015, C=15, msg_i_idx=1015, candidate_range=[1001, 1015]
2026-05-10 19:52:15,889 - data_loader - INFO -   Created 30 samples for 2011-08-17.train-a
2026-05-10 19:52:15,889 - data_loader - INFO -   File 101/153: 2011-08-17.train-a - 1137 messages, 14262 total samples so far
2026-05-10 19:52:15,889 - data_loader - INFO - Loading conversation from data/train/2011-08-22.train-c.ascii.txt
2026-05-10 19:52:15,890 - data_loader - INFO -   Read 1500 lines from ASCII file
2026-05-10 19:52:15,895 - data_loader - INFO -   Parsed 1500 messages, found 158 unique users
2026-05-10 19:52:16,306 - data_loader - INFO -   Loaded 349 gold links from annotation file
2026-05-10 19:52:16,306 - data_loader - INFO -   Conversation '2011-08-22.train-c' loaded in 0.42s
2026-05-10 19:52:16,306 - data_loader - INFO -   Creating samples for 2011-08-22.train-c: messages 0 to 1500 (limited)
2026-05-10 19:52:16,309 - data_loader - INFO -   LABEL CHECK [2011-08-22.train-c sample #14262]: gold_parent_idx=13, gold_msg_idx=1000, C=14, msg_i_idx=1000, candidate_range=[986, 1000]
2026-05-10 19:52:16,309 - data_loader - INFO -   LABEL CHECK [2011-08-22.train-c sample #14263]: gold_parent_idx=13, gold_msg_idx=1005, C=14, msg_i_idx=1005, candidate_range=[991, 1005]
2026-05-10 19:52:16,309 - data_loader - INFO -   LABEL CHECK [2011-08-22.train-c sample #14264]: gold_parent_idx=13, gold_msg_idx=1012, C=14, msg_i_idx=1012, candidate_range=[998, 1012]
2026-05-10 19:52:16,319 - data_loader - INFO -   Created 110 samples for 2011-08-22.train-c
2026-05-10 19:52:16,319 - data_loader - INFO -   File 102/153: 2011-08-22.train-c - 1500 messages, 14372 total samples so far
2026-05-10 19:52:16,319 - data_loader - INFO - Loading conversation from data/train/2011-11-24.train-c.ascii.txt
2026-05-10 19:52:16,320 - data_loader - INFO -   Read 1500 lines from ASCII file
2026-05-10 19:52:16,325 - data_loader - INFO -   Parsed 1500 messages, found 161 unique users
2026-05-10 19:52:16,732 - data_loader - INFO -   Loaded 361 gold links from annotation file
2026-05-10 19:52:16,732 - data_loader - INFO -   Conversation '2011-11-24.train-c' loaded in 0.41s
2026-05-10 19:52:16,732 - data_loader - INFO -   Creating samples for 2011-11-24.train-c: messages 0 to 1500 (limited)
2026-05-10 19:52:16,735 - data_loader - INFO -   LABEL CHECK [2011-11-24.train-c sample #14372]: gold_parent_idx=14, gold_msg_idx=1000, C=15, msg_i_idx=1000, candidate_range=[986, 1000]
2026-05-10 19:52:16,735 - data_loader - INFO -   LABEL CHECK [2011-11-24.train-c sample #14373]: gold_parent_idx=14, gold_msg_idx=1004, C=15, msg_i_idx=1004, candidate_range=[990, 1004]
2026-05-10 19:52:16,735 - data_loader - INFO -   LABEL CHECK [2011-11-24.train-c sample #14374]: gold_parent_idx=14, gold_msg_idx=1005, C=15, msg_i_idx=1005, candidate_range=[991, 1005]
2026-05-10 19:52:16,742 - data_loader - INFO -   Created 84 samples for 2011-11-24.train-c
2026-05-10 19:52:16,743 - data_loader - INFO -   File 103/153: 2011-11-24.train-c - 1500 messages, 14456 total samples so far
2026-05-10 19:52:16,743 - data_loader - INFO - Loading conversation from data/train/2011-12-07.train-c.ascii.txt
2026-05-10 19:52:16,744 - data_loader - INFO -   Read 1500 lines from ASCII file
2026-05-10 19:52:16,748 - data_loader - INFO -   Parsed 1500 messages, found 142 unique users
2026-05-10 19:52:17,098 - data_loader - INFO -   Loaded 369 gold links from annotation file
2026-05-10 19:52:17,098 - data_loader - INFO -   Conversation '2011-12-07.train-c' loaded in 0.36s
2026-05-10 19:52:17,098 - data_loader - INFO -   Creating samples for 2011-12-07.train-c: messages 0 to 1500 (limited)
2026-05-10 19:52:17,101 - data_loader - INFO -   LABEL CHECK [2011-12-07.train-c sample #14456]: gold_parent_idx=13, gold_msg_idx=1004, C=14, msg_i_idx=1004, candidate_range=[990, 1004]
2026-05-10 19:52:17,101 - data_loader - INFO -   LABEL CHECK [2011-12-07.train-c sample #14457]: gold_parent_idx=14, gold_msg_idx=1018, C=15, msg_i_idx=1018, candidate_range=[1004, 1018]
2026-05-10 19:52:17,101 - data_loader - INFO -   LABEL CHECK [2011-12-07.train-c sample #14458]: gold_parent_idx=13, gold_msg_idx=1020, C=14, msg_i_idx=1020, candidate_range=[1006, 1020]
2026-05-10 19:52:17,111 - data_loader - INFO -   Created 119 samples for 2011-12-07.train-c
2026-05-10 19:52:17,111 - data_loader - INFO -   File 104/153: 2011-12-07.train-c - 1500 messages, 14575 total samples so far
2026-05-10 19:52:17,111 - data_loader - INFO - Loading conversation from data/train/2012-02-03.train-a.ascii.txt
2026-05-10 19:52:17,112 - data_loader - INFO -   Read 1242 lines from ASCII file
2026-05-10 19:52:17,115 - data_loader - INFO -   Parsed 1242 messages, found 153 unique users
2026-05-10 19:52:17,443 - data_loader - INFO -   Loaded 167 gold links from annotation file
2026-05-10 19:52:17,443 - data_loader - INFO -   Conversation '2012-02-03.train-a' loaded in 0.33s
2026-05-10 19:52:17,443 - data_loader - INFO -   Creating samples for 2012-02-03.train-a: messages 0 to 1242 (limited)
2026-05-10 19:52:17,446 - data_loader - INFO -   LABEL CHECK [2012-02-03.train-a sample #14575]: gold_parent_idx=13, gold_msg_idx=1001, C=14, msg_i_idx=1001, candidate_range=[987, 1001]
2026-05-10 19:52:17,446 - data_loader - INFO -   LABEL CHECK [2012-02-03.train-a sample #14576]: gold_parent_idx=13, gold_msg_idx=1007, C=14, msg_i_idx=1007, candidate_range=[993, 1007]
2026-05-10 19:52:17,446 - data_loader - INFO -   LABEL CHECK [2012-02-03.train-a sample #14577]: gold_parent_idx=14, gold_msg_idx=1014, C=15, msg_i_idx=1014, candidate_range=[1000, 1014]
2026-05-10 19:52:17,752 - data_loader - INFO -   Created 49 samples for 2012-02-03.train-a
2026-05-10 19:52:17,752 - data_loader - INFO -   File 105/153: 2012-02-03.train-a - 1242 messages, 14624 total samples so far
2026-05-10 19:52:17,752 - data_loader - INFO - Loading conversation from data/train/2012-03-24.train-c.ascii.txt
2026-05-10 19:52:17,754 - data_loader - INFO -   Read 1500 lines from ASCII file
2026-05-10 19:52:17,758 - data_loader - INFO -   Parsed 1500 messages, found 163 unique users
2026-05-10 19:52:18,200 - data_loader - INFO -   Loaded 342 gold links from annotation file
2026-05-10 19:52:18,201 - data_loader - INFO -   Conversation '2012-03-24.train-c' loaded in 0.45s
2026-05-10 19:52:18,201 - data_loader - INFO -   Creating samples for 2012-03-24.train-c: messages 0 to 1500 (limited)
2026-05-10 19:52:18,204 - data_loader - INFO -   LABEL CHECK [2012-03-24.train-c sample #14624]: gold_parent_idx=14, gold_msg_idx=1002, C=15, msg_i_idx=1002, candidate_range=[988, 1002]
2026-05-10 19:52:18,204 - data_loader - INFO -   LABEL CHECK [2012-03-24.train-c sample #14625]: gold_parent_idx=14, gold_msg_idx=1014, C=15, msg_i_idx=1014, candidate_range=[1000, 1014]
2026-05-10 19:52:18,204 - data_loader - INFO -   LABEL CHECK [2012-03-24.train-c sample #14626]: gold_parent_idx=14, gold_msg_idx=1015, C=15, msg_i_idx=1015, candidate_range=[1001, 1015]
2026-05-10 19:52:18,212 - data_loader - INFO -   Created 80 samples for 2012-03-24.train-c
2026-05-10 19:52:18,212 - data_loader - INFO -   File 106/153: 2012-03-24.train-c - 1500 messages, 14704 total samples so far
2026-05-10 19:52:18,212 - data_loader - INFO - Loading conversation from data/train/2012-05-04.train-a.ascii.txt
2026-05-10 19:52:18,213 - data_loader - INFO -   Read 1211 lines from ASCII file
2026-05-10 19:52:18,217 - data_loader - INFO -   Parsed 1211 messages, found 136 unique users
2026-05-10 19:52:18,515 - data_loader - INFO -   Loaded 154 gold links from annotation file
2026-05-10 19:52:18,515 - data_loader - INFO -   Conversation '2012-05-04.train-a' loaded in 0.30s
2026-05-10 19:52:18,515 - data_loader - INFO -   Creating samples for 2012-05-04.train-a: messages 0 to 1211 (limited)
2026-05-10 19:52:18,518 - data_loader - INFO -   LABEL CHECK [2012-05-04.train-a sample #14704]: gold_parent_idx=13, gold_msg_idx=1001, C=14, msg_i_idx=1001, candidate_range=[987, 1001]
2026-05-10 19:52:18,518 - data_loader - INFO -   LABEL CHECK [2012-05-04.train-a sample #14705]: gold_parent_idx=13, gold_msg_idx=1002, C=14, msg_i_idx=1002, candidate_range=[988, 1002]
2026-05-10 19:52:18,518 - data_loader - INFO -   LABEL CHECK [2012-05-04.train-a sample #14706]: gold_parent_idx=14, gold_msg_idx=1017, C=15, msg_i_idx=1017, candidate_range=[1003, 1017]
2026-05-10 19:52:18,520 - data_loader - INFO -   Created 21 samples for 2012-05-04.train-a
2026-05-10 19:52:18,520 - data_loader - INFO -   File 107/153: 2012-05-04.train-a - 1211 messages, 14725 total samples so far
2026-05-10 19:52:18,520 - data_loader - INFO - Loading conversation from data/train/2012-05-20.train-a.ascii.txt
2026-05-10 19:52:18,521 - data_loader - INFO -   Read 1365 lines from ASCII file
2026-05-10 19:52:18,525 - data_loader - INFO -   Parsed 1365 messages, found 131 unique users
2026-05-10 19:52:18,881 - data_loader - INFO -   Loaded 288 gold links from annotation file
2026-05-10 19:52:18,881 - data_loader - INFO -   Conversation '2012-05-20.train-a' loaded in 0.36s
2026-05-10 19:52:18,881 - data_loader - INFO -   Creating samples for 2012-05-20.train-a: messages 0 to 1365 (limited)
2026-05-10 19:52:18,884 - data_loader - INFO -   LABEL CHECK [2012-05-20.train-a sample #14725]: gold_parent_idx=14, gold_msg_idx=1004, C=15, msg_i_idx=1004, candidate_range=[990, 1004]
2026-05-10 19:52:18,884 - data_loader - INFO -   LABEL CHECK [2012-05-20.train-a sample #14726]: gold_parent_idx=14, gold_msg_idx=1007, C=15, msg_i_idx=1007, candidate_range=[993, 1007]
2026-05-10 19:52:18,884 - data_loader - INFO -   LABEL CHECK [2012-05-20.train-a sample #14727]: gold_parent_idx=14, gold_msg_idx=1018, C=15, msg_i_idx=1018, candidate_range=[1004, 1018]
2026-05-10 19:52:18,888 - data_loader - INFO -   Created 47 samples for 2012-05-20.train-a
2026-05-10 19:52:18,889 - data_loader - INFO -   File 108/153: 2012-05-20.train-a - 1365 messages, 14772 total samples so far
2026-05-10 19:52:18,889 - data_loader - INFO - Loading conversation from data/train/2012-06-02.train-a.ascii.txt
2026-05-10 19:52:18,890 - data_loader - INFO -   Read 1141 lines from ASCII file
2026-05-10 19:52:18,893 - data_loader - INFO -   Parsed 1141 messages, found 169 unique users
2026-05-10 19:52:19,228 - data_loader - INFO -   Loaded 115 gold links from annotation file
2026-05-10 19:52:19,228 - data_loader - INFO -   Conversation '2012-06-02.train-a' loaded in 0.34s
2026-05-10 19:52:19,228 - data_loader - INFO -   Creating samples for 2012-06-02.train-a: messages 0 to 1141 (limited)
2026-05-10 19:52:19,231 - data_loader - INFO -   LABEL CHECK [2012-06-02.train-a sample #14772]: gold_parent_idx=12, gold_msg_idx=1000, C=13, msg_i_idx=1000, candidate_range=[987, 1000]
2026-05-10 19:52:19,231 - data_loader - INFO -   LABEL CHECK [2012-06-02.train-a sample #14773]: gold_parent_idx=14, gold_msg_idx=1016, C=15, msg_i_idx=1016, candidate_range=[1002, 1016]
2026-05-10 19:52:19,231 - data_loader - INFO -   LABEL CHECK [2012-06-02.train-a sample #14774]: gold_parent_idx=14, gold_msg_idx=1018, C=15, msg_i_idx=1018, candidate_range=[1004, 1018]
2026-05-10 19:52:19,234 - data_loader - INFO -   Created 29 samples for 2012-06-02.train-a
2026-05-10 19:52:19,234 - data_loader - INFO -   File 109/153: 2012-06-02.train-a - 1141 messages, 14801 total samples so far
2026-05-10 19:52:19,234 - data_loader - INFO - Loading conversation from data/train/2012-06-20.train-c.ascii.txt
2026-05-10 19:52:19,235 - data_loader - INFO -   Read 1500 lines from ASCII file
2026-05-10 19:52:19,239 - data_loader - INFO -   Parsed 1500 messages, found 147 unique users
2026-05-10 19:52:19,620 - data_loader - INFO -   Loaded 372 gold links from annotation file
2026-05-10 19:52:19,620 - data_loader - INFO -   Conversation '2012-06-20.train-c' loaded in 0.39s
2026-05-10 19:52:19,620 - data_loader - INFO -   Creating samples for 2012-06-20.train-c: messages 0 to 1500 (limited)
2026-05-10 19:52:19,623 - data_loader - INFO -   LABEL CHECK [2012-06-20.train-c sample #14801]: gold_parent_idx=14, gold_msg_idx=1008, C=15, msg_i_idx=1008, candidate_range=[994, 1008]
2026-05-10 19:52:19,623 - data_loader - INFO -   LABEL CHECK [2012-06-20.train-c sample #14802]: gold_parent_idx=14, gold_msg_idx=1027, C=15, msg_i_idx=1027, candidate_range=[1013, 1027]
2026-05-10 19:52:19,624 - data_loader - INFO -   LABEL CHECK [2012-06-20.train-c sample #14803]: gold_parent_idx=14, gold_msg_idx=1034, C=15, msg_i_idx=1034, candidate_range=[1020, 1034]
2026-05-10 19:52:19,631 - data_loader - INFO -   Created 73 samples for 2012-06-20.train-c
2026-05-10 19:52:19,631 - data_loader - INFO -   File 110/153: 2012-06-20.train-c - 1500 messages, 14874 total samples so far
2026-05-10 19:52:19,631 - data_loader - INFO - Loading conversation from data/train/2012-11-24.train-a.ascii.txt
2026-05-10 19:52:19,632 - data_loader - INFO -   Read 1216 lines from ASCII file
2026-05-10 19:52:19,635 - data_loader - INFO -   Parsed 1216 messages, found 125 unique users
2026-05-10 19:52:19,898 - data_loader - INFO -   Loaded 154 gold links from annotation file
2026-05-10 19:52:19,899 - data_loader - INFO -   Conversation '2012-11-24.train-a' loaded in 0.27s
2026-05-10 19:52:19,899 - data_loader - INFO -   Creating samples for 2012-11-24.train-a: messages 0 to 1216 (limited)
2026-05-10 19:52:19,901 - data_loader - INFO -   LABEL CHECK [2012-11-24.train-a sample #14874]: gold_parent_idx=13, gold_msg_idx=1010, C=14, msg_i_idx=1010, candidate_range=[996, 1010]
2026-05-10 19:52:19,902 - data_loader - INFO -   LABEL CHECK [2012-11-24.train-a sample #14875]: gold_parent_idx=13, gold_msg_idx=1015, C=14, msg_i_idx=1015, candidate_range=[1001, 1015]
2026-05-10 19:52:19,902 - data_loader - INFO -   LABEL CHECK [2012-11-24.train-a sample #14876]: gold_parent_idx=14, gold_msg_idx=1029, C=15, msg_i_idx=1029, candidate_range=[1015, 1029]
2026-05-10 19:52:19,904 - data_loader - INFO -   Created 19 samples for 2012-11-24.train-a
2026-05-10 19:52:19,904 - data_loader - INFO -   File 111/153: 2012-11-24.train-a - 1216 messages, 14893 total samples so far
2026-05-10 19:52:19,904 - data_loader - INFO - Loading conversation from data/train/2012-11-30.train-a.ascii.txt
2026-05-10 19:52:19,905 - data_loader - INFO -   Read 1284 lines from ASCII file
2026-05-10 19:52:19,909 - data_loader - INFO -   Parsed 1284 messages, found 133 unique users
2026-05-10 19:52:20,197 - data_loader - INFO -   Loaded 207 gold links from annotation file
2026-05-10 19:52:20,197 - data_loader - INFO -   Conversation '2012-11-30.train-a' loaded in 0.29s
2026-05-10 19:52:20,197 - data_loader - INFO -   Creating samples for 2012-11-30.train-a: messages 0 to 1284 (limited)
2026-05-10 19:52:20,200 - data_loader - INFO -   LABEL CHECK [2012-11-30.train-a sample #14893]: gold_parent_idx=13, gold_msg_idx=1012, C=14, msg_i_idx=1012, candidate_range=[998, 1012]
2026-05-10 19:52:20,200 - data_loader - INFO -   LABEL CHECK [2012-11-30.train-a sample #14894]: gold_parent_idx=12, gold_msg_idx=1017, C=13, msg_i_idx=1017, candidate_range=[1003, 1017]
2026-05-10 19:52:20,200 - data_loader - INFO -   LABEL CHECK [2012-11-30.train-a sample #14895]: gold_parent_idx=11, gold_msg_idx=1019, C=12, msg_i_idx=1019, candidate_range=[1005, 1019]
2026-05-10 19:52:20,203 - data_loader - INFO -   Created 29 samples for 2012-11-30.train-a
2026-05-10 19:52:20,203 - data_loader - INFO -   File 112/153: 2012-11-30.train-a - 1284 messages, 14922 total samples so far
2026-05-10 19:52:20,203 - data_loader - INFO - Loading conversation from data/train/2012-12-15.train-a.ascii.txt
2026-05-10 19:52:20,204 - data_loader - INFO -   Read 1175 lines from ASCII file
2026-05-10 19:52:20,207 - data_loader - INFO -   Parsed 1175 messages, found 137 unique users
2026-05-10 19:52:20,513 - data_loader - INFO -   Loaded 127 gold links from annotation file
2026-05-10 19:52:20,513 - data_loader - INFO -   Conversation '2012-12-15.train-a' loaded in 0.31s
2026-05-10 19:52:20,513 - data_loader - INFO -   Creating samples for 2012-12-15.train-a: messages 0 to 1175 (limited)
2026-05-10 19:52:20,516 - data_loader - INFO -   LABEL CHECK [2012-12-15.train-a sample #14922]: gold_parent_idx=12, gold_msg_idx=1002, C=13, msg_i_idx=1002, candidate_range=[988, 1002]
2026-05-10 19:52:20,516 - data_loader - INFO -   LABEL CHECK [2012-12-15.train-a sample #14923]: gold_parent_idx=11, gold_msg_idx=1003, C=12, msg_i_idx=1003, candidate_range=[989, 1003]
2026-05-10 19:52:20,516 - data_loader - INFO -   LABEL CHECK [2012-12-15.train-a sample #14924]: gold_parent_idx=10, gold_msg_idx=1004, C=11, msg_i_idx=1004, candidate_range=[990, 1004]
2026-05-10 19:52:20,519 - data_loader - INFO -   Created 28 samples for 2012-12-15.train-a
2026-05-10 19:52:20,519 - data_loader - INFO -   File 113/153: 2012-12-15.train-a - 1175 messages, 14950 total samples so far
2026-05-10 19:52:20,519 - data_loader - INFO - Loading conversation from data/train/2013-01-11.train-a.ascii.txt
2026-05-10 19:52:20,520 - data_loader - INFO -   Read 1079 lines from ASCII file
2026-05-10 19:52:20,523 - data_loader - INFO -   Parsed 1079 messages, found 109 unique users
2026-05-10 19:52:20,729 - data_loader - INFO -   Loaded 54 gold links from annotation file
2026-05-10 19:52:20,729 - data_loader - INFO -   Conversation '2013-01-11.train-a' loaded in 0.21s
2026-05-10 19:52:20,730 - data_loader - INFO -   Creating samples for 2013-01-11.train-a: messages 0 to 1079 (limited)
2026-05-10 19:52:20,732 - data_loader - INFO -   LABEL CHECK [2013-01-11.train-a sample #14950]: gold_parent_idx=13, gold_msg_idx=1002, C=14, msg_i_idx=1002, candidate_range=[988, 1002]
2026-05-10 19:52:20,733 - data_loader - INFO -   LABEL CHECK [2013-01-11.train-a sample #14951]: gold_parent_idx=13, gold_msg_idx=1004, C=14, msg_i_idx=1004, candidate_range=[990, 1004]
2026-05-10 19:52:20,733 - data_loader - INFO -   LABEL CHECK [2013-01-11.train-a sample #14952]: gold_parent_idx=13, gold_msg_idx=1007, C=14, msg_i_idx=1007, candidate_range=[993, 1007]
2026-05-10 19:52:20,734 - data_loader - INFO -   Created 25 samples for 2013-01-11.train-a
2026-05-10 19:52:20,734 - data_loader - INFO -   File 114/153: 2013-01-11.train-a - 1079 messages, 14975 total samples so far
2026-05-10 19:52:20,734 - data_loader - INFO - Loading conversation from data/train/2013-01-30.train-a.ascii.txt
2026-05-10 19:52:20,735 - data_loader - INFO -   Read 1292 lines from ASCII file
2026-05-10 19:52:20,739 - data_loader - INFO -   Parsed 1292 messages, found 137 unique users
2026-05-10 19:52:21,033 - data_loader - INFO -   Loaded 255 gold links from annotation file
2026-05-10 19:52:21,033 - data_loader - INFO -   Conversation '2013-01-30.train-a' loaded in 0.30s
2026-05-10 19:52:21,033 - data_loader - INFO -   Creating samples for 2013-01-30.train-a: messages 0 to 1292 (limited)
2026-05-10 19:52:21,036 - data_loader - INFO -   LABEL CHECK [2013-01-30.train-a sample #14975]: gold_parent_idx=14, gold_msg_idx=1010, C=15, msg_i_idx=1010, candidate_range=[996, 1010]
2026-05-10 19:52:21,036 - data_loader - INFO -   LABEL CHECK [2013-01-30.train-a sample #14976]: gold_parent_idx=14, gold_msg_idx=1011, C=15, msg_i_idx=1011, candidate_range=[997, 1011]
2026-05-10 19:52:21,037 - data_loader - INFO -   LABEL CHECK [2013-01-30.train-a sample #14977]: gold_parent_idx=13, gold_msg_idx=1012, C=14, msg_i_idx=1012, candidate_range=[998, 1012]
2026-05-10 19:52:21,039 - data_loader - INFO -   Created 29 samples for 2013-01-30.train-a
2026-05-10 19:52:21,039 - data_loader - INFO -   File 115/153: 2013-01-30.train-a - 1292 messages, 15004 total samples so far
2026-05-10 19:52:21,040 - data_loader - INFO - Loading conversation from data/train/2013-02-24.train-a.ascii.txt
2026-05-10 19:52:21,041 - data_loader - INFO -   Read 1281 lines from ASCII file
2026-05-10 19:52:21,044 - data_loader - INFO -   Parsed 1281 messages, found 103 unique users
2026-05-10 19:52:21,285 - data_loader - INFO -   Loaded 227 gold links from annotation file
2026-05-10 19:52:21,285 - data_loader - INFO -   Conversation '2013-02-24.train-a' loaded in 0.25s
2026-05-10 19:52:21,285 - data_loader - INFO -   Creating samples for 2013-02-24.train-a: messages 0 to 1281 (limited)
2026-05-10 19:52:21,288 - data_loader - INFO -   LABEL CHECK [2013-02-24.train-a sample #15004]: gold_parent_idx=14, gold_msg_idx=1006, C=15, msg_i_idx=1006, candidate_range=[992, 1006]
2026-05-10 19:52:21,288 - data_loader - INFO -   LABEL CHECK [2013-02-24.train-a sample #15005]: gold_parent_idx=14, gold_msg_idx=1011, C=15, msg_i_idx=1011, candidate_range=[997, 1011]
2026-05-10 19:52:21,289 - data_loader - INFO -   LABEL CHECK [2013-02-24.train-a sample #15006]: gold_parent_idx=14, gold_msg_idx=1015, C=15, msg_i_idx=1015, candidate_range=[1001, 1015]
2026-05-10 19:52:21,292 - data_loader - INFO -   Created 25 samples for 2013-02-24.train-a
2026-05-10 19:52:21,292 - data_loader - INFO -   File 116/153: 2013-02-24.train-a - 1281 messages, 15029 total samples so far
2026-05-10 19:52:21,292 - data_loader - INFO - Loading conversation from data/train/2013-05-05.train-a.ascii.txt
2026-05-10 19:52:21,293 - data_loader - INFO -   Read 1163 lines from ASCII file
2026-05-10 19:52:21,296 - data_loader - INFO -   Parsed 1163 messages, found 131 unique users
2026-05-10 19:52:21,554 - data_loader - INFO -   Loaded 130 gold links from annotation file
2026-05-10 19:52:21,555 - data_loader - INFO -   Conversation '2013-05-05.train-a' loaded in 0.26s
2026-05-10 19:52:21,555 - data_loader - INFO -   Creating samples for 2013-05-05.train-a: messages 0 to 1163 (limited)
2026-05-10 19:52:21,557 - data_loader - INFO -   LABEL CHECK [2013-05-05.train-a sample #15029]: gold_parent_idx=14, gold_msg_idx=1001, C=15, msg_i_idx=1001, candidate_range=[987, 1001]
2026-05-10 19:52:21,558 - data_loader - INFO -   LABEL CHECK [2013-05-05.train-a sample #15030]: gold_parent_idx=13, gold_msg_idx=1002, C=14, msg_i_idx=1002, candidate_range=[988, 1002]
2026-05-10 19:52:21,558 - data_loader - INFO -   LABEL CHECK [2013-05-05.train-a sample #15031]: gold_parent_idx=13, gold_msg_idx=1005, C=14, msg_i_idx=1005, candidate_range=[991, 1005]
2026-05-10 19:52:21,561 - data_loader - INFO -   Created 33 samples for 2013-05-05.train-a
2026-05-10 19:52:21,561 - data_loader - INFO -   File 117/153: 2013-05-05.train-a - 1163 messages, 15062 total samples so far
2026-05-10 19:52:21,561 - data_loader - INFO - Loading conversation from data/train/2013-05-07.train-a.ascii.txt
2026-05-10 19:52:21,562 - data_loader - INFO -   Read 1147 lines from ASCII file
2026-05-10 19:52:21,565 - data_loader - INFO -   Parsed 1147 messages, found 116 unique users
2026-05-10 19:52:21,801 - data_loader - INFO -   Loaded 127 gold links from annotation file
2026-05-10 19:52:21,801 - data_loader - INFO -   Conversation '2013-05-07.train-a' loaded in 0.24s
2026-05-10 19:52:21,801 - data_loader - INFO -   Creating samples for 2013-05-07.train-a: messages 0 to 1147 (limited)
2026-05-10 19:52:21,804 - data_loader - INFO -   LABEL CHECK [2013-05-07.train-a sample #15062]: gold_parent_idx=14, gold_msg_idx=1002, C=15, msg_i_idx=1002, candidate_range=[988, 1002]
2026-05-10 19:52:21,804 - data_loader - INFO -   LABEL CHECK [2013-05-07.train-a sample #15063]: gold_parent_idx=14, gold_msg_idx=1015, C=15, msg_i_idx=1015, candidate_range=[1001, 1015]
2026-05-10 19:52:21,804 - data_loader - INFO -   LABEL CHECK [2013-05-07.train-a sample #15064]: gold_parent_idx=14, gold_msg_idx=1017, C=15, msg_i_idx=1017, candidate_range=[1003, 1017]
2026-05-10 19:52:21,806 - data_loader - INFO -   Created 18 samples for 2013-05-07.train-a
2026-05-10 19:52:21,806 - data_loader - INFO -   File 118/153: 2013-05-07.train-a - 1147 messages, 15080 total samples so far
2026-05-10 19:52:21,806 - data_loader - INFO - Loading conversation from data/train/2013-05-19.train-a.ascii.txt
2026-05-10 19:52:21,807 - data_loader - INFO -   Read 1181 lines from ASCII file
2026-05-10 19:52:21,810 - data_loader - INFO -   Parsed 1181 messages, found 131 unique users
2026-05-10 19:52:22,089 - data_loader - INFO -   Loaded 127 gold links from annotation file
2026-05-10 19:52:22,089 - data_loader - INFO -   Conversation '2013-05-19.train-a' loaded in 0.28s
2026-05-10 19:52:22,089 - data_loader - INFO -   Creating samples for 2013-05-19.train-a: messages 0 to 1181 (limited)
2026-05-10 19:52:22,092 - data_loader - INFO -   LABEL CHECK [2013-05-19.train-a sample #15080]: gold_parent_idx=12, gold_msg_idx=1004, C=13, msg_i_idx=1004, candidate_range=[990, 1004]
2026-05-10 19:52:22,092 - data_loader - INFO -   LABEL CHECK [2013-05-19.train-a sample #15081]: gold_parent_idx=12, gold_msg_idx=1005, C=13, msg_i_idx=1005, candidate_range=[991, 1005]
2026-05-10 19:52:22,092 - data_loader - INFO -   LABEL CHECK [2013-05-19.train-a sample #15082]: gold_parent_idx=11, gold_msg_idx=1006, C=12, msg_i_idx=1006, candidate_range=[992, 1006]
2026-05-10 19:52:22,095 - data_loader - INFO -   Created 28 samples for 2013-05-19.train-a
2026-05-10 19:52:22,095 - data_loader - INFO -   File 119/153: 2013-05-19.train-a - 1181 messages, 15108 total samples so far
2026-05-10 19:52:22,095 - data_loader - INFO - Loading conversation from data/train/2013-05-28.train-c.ascii.txt
2026-05-10 19:52:22,096 - data_loader - INFO -   Read 1500 lines from ASCII file
2026-05-10 19:52:22,100 - data_loader - INFO -   Parsed 1500 messages, found 145 unique users
2026-05-10 19:52:22,476 - data_loader - INFO -   Loaded 353 gold links from annotation file
2026-05-10 19:52:22,477 - data_loader - INFO -   Conversation '2013-05-28.train-c' loaded in 0.38s
2026-05-10 19:52:22,477 - data_loader - INFO -   Creating samples for 2013-05-28.train-c: messages 0 to 1500 (limited)
2026-05-10 19:52:22,480 - data_loader - INFO -   LABEL CHECK [2013-05-28.train-c sample #15108]: gold_parent_idx=13, gold_msg_idx=1000, C=14, msg_i_idx=1000, candidate_range=[986, 1000]
2026-05-10 19:52:22,480 - data_loader - INFO -   LABEL CHECK [2013-05-28.train-c sample #15109]: gold_parent_idx=14, gold_msg_idx=1004, C=15, msg_i_idx=1004, candidate_range=[990, 1004]
2026-05-10 19:52:22,480 - data_loader - INFO -   LABEL CHECK [2013-05-28.train-c sample #15110]: gold_parent_idx=14, gold_msg_idx=1006, C=15, msg_i_idx=1006, candidate_range=[992, 1006]
2026-05-10 19:52:22,488 - data_loader - INFO -   Created 98 samples for 2013-05-28.train-c
2026-05-10 19:52:22,488 - data_loader - INFO -   File 120/153: 2013-05-28.train-c - 1500 messages, 15206 total samples so far
2026-05-10 19:52:22,488 - data_loader - INFO - Loading conversation from data/train/2013-07-10.train-a.ascii.txt
2026-05-10 19:52:22,489 - data_loader - INFO -   Read 1140 lines from ASCII file
2026-05-10 19:52:22,493 - data_loader - INFO -   Parsed 1140 messages, found 104 unique users
2026-05-10 19:52:22,703 - data_loader - INFO -   Loaded 107 gold links from annotation file
2026-05-10 19:52:22,703 - data_loader - INFO -   Conversation '2013-07-10.train-a' loaded in 0.22s
2026-05-10 19:52:22,703 - data_loader - INFO -   Creating samples for 2013-07-10.train-a: messages 0 to 1140 (limited)
2026-05-10 19:52:22,706 - data_loader - INFO -   LABEL CHECK [2013-07-10.train-a sample #15206]: gold_parent_idx=12, gold_msg_idx=1000, C=13, msg_i_idx=1000, candidate_range=[986, 1000]
2026-05-10 19:52:22,706 - data_loader - INFO -   LABEL CHECK [2013-07-10.train-a sample #15207]: gold_parent_idx=12, gold_msg_idx=1001, C=13, msg_i_idx=1001, candidate_range=[988, 1001]
2026-05-10 19:52:22,706 - data_loader - INFO -   LABEL CHECK [2013-07-10.train-a sample #15208]: gold_parent_idx=12, gold_msg_idx=1002, C=13, msg_i_idx=1002, candidate_range=[988, 1002]
2026-05-10 19:52:22,708 - data_loader - INFO -   Created 17 samples for 2013-07-10.train-a
2026-05-10 19:52:22,708 - data_loader - INFO -   File 121/153: 2013-07-10.train-a - 1140 messages, 15223 total samples so far
2026-05-10 19:52:22,708 - data_loader - INFO - Loading conversation from data/train/2013-07-19.train-a.ascii.txt
2026-05-10 19:52:22,709 - data_loader - INFO -   Read 1192 lines from ASCII file
2026-05-10 19:52:22,713 - data_loader - INFO -   Parsed 1192 messages, found 92 unique users
2026-05-10 19:52:22,899 - data_loader - INFO -   Loaded 130 gold links from annotation file
2026-05-10 19:52:22,900 - data_loader - INFO -   Conversation '2013-07-19.train-a' loaded in 0.19s
2026-05-10 19:52:22,900 - data_loader - INFO -   Creating samples for 2013-07-19.train-a: messages 0 to 1192 (limited)
2026-05-10 19:52:22,903 - data_loader - INFO -   LABEL CHECK [2013-07-19.train-a sample #15223]: gold_parent_idx=14, gold_msg_idx=1030, C=15, msg_i_idx=1030, candidate_range=[1016, 1030]
2026-05-10 19:52:22,903 - data_loader - INFO -   LABEL CHECK [2013-07-19.train-a sample #15224]: gold_parent_idx=14, gold_msg_idx=1031, C=15, msg_i_idx=1031, candidate_range=[1017, 1031]
2026-05-10 19:52:22,903 - data_loader - INFO -   LABEL CHECK [2013-07-19.train-a sample #15225]: gold_parent_idx=14, gold_msg_idx=1038, C=15, msg_i_idx=1038, candidate_range=[1024, 1038]
2026-05-10 19:52:22,904 - data_loader - INFO -   Created 13 samples for 2013-07-19.train-a
2026-05-10 19:52:22,904 - data_loader - INFO -   File 122/153: 2013-07-19.train-a - 1192 messages, 15236 total samples so far
2026-05-10 19:52:22,904 - data_loader - INFO - Loading conversation from data/train/2013-08-29.train-c.ascii.txt
2026-05-10 19:52:22,905 - data_loader - INFO -   Read 1500 lines from ASCII file
2026-05-10 19:52:22,909 - data_loader - INFO -   Parsed 1500 messages, found 128 unique users
2026-05-10 19:52:23,254 - data_loader - INFO -   Loaded 358 gold links from annotation file
2026-05-10 19:52:23,254 - data_loader - INFO -   Conversation '2013-08-29.train-c' loaded in 0.35s
2026-05-10 19:52:23,254 - data_loader - INFO -   Creating samples for 2013-08-29.train-c: messages 0 to 1500 (limited)
2026-05-10 19:52:23,257 - data_loader - INFO -   LABEL CHECK [2013-08-29.train-c sample #15236]: gold_parent_idx=14, gold_msg_idx=1007, C=15, msg_i_idx=1007, candidate_range=[993, 1007]
2026-05-10 19:52:23,258 - data_loader - INFO -   LABEL CHECK [2013-08-29.train-c sample #15237]: gold_parent_idx=14, gold_msg_idx=1011, C=15, msg_i_idx=1011, candidate_range=[997, 1011]
2026-05-10 19:52:23,258 - data_loader - INFO -   LABEL CHECK [2013-08-29.train-c sample #15238]: gold_parent_idx=14, gold_msg_idx=1012, C=15, msg_i_idx=1012, candidate_range=[998, 1012]
2026-05-10 19:52:23,265 - data_loader - INFO -   Created 67 samples for 2013-08-29.train-c
2026-05-10 19:52:23,265 - data_loader - INFO -   File 123/153: 2013-08-29.train-c - 1500 messages, 15303 total samples so far
2026-05-10 19:52:23,265 - data_loader - INFO - Loading conversation from data/train/2013-08-30.train-a.ascii.txt
2026-05-10 19:52:23,266 - data_loader - INFO -   Read 1126 lines from ASCII file
2026-05-10 19:52:23,269 - data_loader - INFO -   Parsed 1126 messages, found 97 unique users
2026-05-10 19:52:23,467 - data_loader - INFO -   Loaded 95 gold links from annotation file
2026-05-10 19:52:23,467 - data_loader - INFO -   Conversation '2013-08-30.train-a' loaded in 0.20s
2026-05-10 19:52:23,468 - data_loader - INFO -   Creating samples for 2013-08-30.train-a: messages 0 to 1126 (limited)
2026-05-10 19:52:23,470 - data_loader - INFO -   LABEL CHECK [2013-08-30.train-a sample #15303]: gold_parent_idx=13, gold_msg_idx=1001, C=14, msg_i_idx=1001, candidate_range=[987, 1001]
2026-05-10 19:52:23,470 - data_loader - INFO -   LABEL CHECK [2013-08-30.train-a sample #15304]: gold_parent_idx=13, gold_msg_idx=1002, C=14, msg_i_idx=1002, candidate_range=[988, 1002]
2026-05-10 19:52:23,471 - data_loader - INFO -   LABEL CHECK [2013-08-30.train-a sample #15305]: gold_parent_idx=13, gold_msg_idx=1005, C=14, msg_i_idx=1005, candidate_range=[991, 1005]
2026-05-10 19:52:23,472 - data_loader - INFO -   Created 20 samples for 2013-08-30.train-a
2026-05-10 19:52:23,472 - data_loader - INFO -   File 124/153: 2013-08-30.train-a - 1126 messages, 15323 total samples so far
2026-05-10 19:52:23,472 - data_loader - INFO - Loading conversation from data/train/2013-09-12.train-a.ascii.txt
2026-05-10 19:52:23,473 - data_loader - INFO -   Read 1256 lines from ASCII file
2026-05-10 19:52:23,477 - data_loader - INFO -   Parsed 1256 messages, found 110 unique users
2026-05-10 19:52:23,708 - data_loader - INFO -   Loaded 216 gold links from annotation file
2026-05-10 19:52:23,708 - data_loader - INFO -   Conversation '2013-09-12.train-a' loaded in 0.24s
2026-05-10 19:52:23,708 - data_loader - INFO -   Creating samples for 2013-09-12.train-a: messages 0 to 1256 (limited)
2026-05-10 19:52:23,711 - data_loader - INFO -   LABEL CHECK [2013-09-12.train-a sample #15323]: gold_parent_idx=14, gold_msg_idx=1025, C=15, msg_i_idx=1025, candidate_range=[1011, 1025]
2026-05-10 19:52:23,711 - data_loader - INFO -   LABEL CHECK [2013-09-12.train-a sample #15324]: gold_parent_idx=14, gold_msg_idx=1044, C=15, msg_i_idx=1044, candidate_range=[1030, 1044]
2026-05-10 19:52:23,711 - data_loader - INFO -   LABEL CHECK [2013-09-12.train-a sample #15325]: gold_parent_idx=14, gold_msg_idx=1045, C=15, msg_i_idx=1045, candidate_range=[1031, 1045]
2026-05-10 19:52:23,713 - data_loader - INFO -   Created 17 samples for 2013-09-12.train-a
2026-05-10 19:52:23,713 - data_loader - INFO -   File 125/153: 2013-09-12.train-a - 1256 messages, 15340 total samples so far
2026-05-10 19:52:23,713 - data_loader - INFO - Loading conversation from data/train/2013-09-16.train-c.ascii.txt
2026-05-10 19:52:23,714 - data_loader - INFO -   Read 1500 lines from ASCII file
2026-05-10 19:52:23,718 - data_loader - INFO -   Parsed 1500 messages, found 124 unique users
2026-05-10 19:52:24,050 - data_loader - INFO -   Loaded 360 gold links from annotation file
2026-05-10 19:52:24,050 - data_loader - INFO -   Conversation '2013-09-16.train-c' loaded in 0.34s
2026-05-10 19:52:24,051 - data_loader - INFO -   Creating samples for 2013-09-16.train-c: messages 0 to 1500 (limited)
2026-05-10 19:52:24,053 - data_loader - INFO -   LABEL CHECK [2013-09-16.train-c sample #15340]: gold_parent_idx=14, gold_msg_idx=1070, C=15, msg_i_idx=1070, candidate_range=[1056, 1070]
2026-05-10 19:52:24,054 - data_loader - INFO -   LABEL CHECK [2013-09-16.train-c sample #15341]: gold_parent_idx=14, gold_msg_idx=1079, C=15, msg_i_idx=1079, candidate_range=[1065, 1079]
2026-05-10 19:52:24,054 - data_loader - INFO -   LABEL CHECK [2013-09-16.train-c sample #15342]: gold_parent_idx=14, gold_msg_idx=1093, C=15, msg_i_idx=1093, candidate_range=[1079, 1093]
2026-05-10 19:52:24,061 - data_loader - INFO -   Created 77 samples for 2013-09-16.train-c
2026-05-10 19:52:24,061 - data_loader - INFO -   File 126/153: 2013-09-16.train-c - 1500 messages, 15417 total samples so far
2026-05-10 19:52:24,061 - data_loader - INFO - Loading conversation from data/train/2013-10-04.train-a.ascii.txt
2026-05-10 19:52:24,062 - data_loader - INFO -   Read 1062 lines from ASCII file
2026-05-10 19:52:24,065 - data_loader - INFO -   Parsed 1062 messages, found 97 unique users
2026-05-10 19:52:24,241 - data_loader - INFO -   Loaded 39 gold links from annotation file
2026-05-10 19:52:24,242 - data_loader - INFO -   Conversation '2013-10-04.train-a' loaded in 0.18s
2026-05-10 19:52:24,242 - data_loader - INFO -   Creating samples for 2013-10-04.train-a: messages 0 to 1062 (limited)
2026-05-10 19:52:24,244 - data_loader - INFO -   LABEL CHECK [2013-10-04.train-a sample #15417]: gold_parent_idx=13, gold_msg_idx=1001, C=14, msg_i_idx=1001, candidate_range=[987, 1001]
2026-05-10 19:52:24,245 - data_loader - INFO -   LABEL CHECK [2013-10-04.train-a sample #15418]: gold_parent_idx=13, gold_msg_idx=1002, C=14, msg_i_idx=1002, candidate_range=[988, 1002]
2026-05-10 19:52:24,245 - data_loader - INFO -   LABEL CHECK [2013-10-04.train-a sample #15419]: gold_parent_idx=13, gold_msg_idx=1003, C=14, msg_i_idx=1003, candidate_range=[989, 1003]
2026-05-10 19:52:24,246 - data_loader - INFO -   Created 18 samples for 2013-10-04.train-a
2026-05-10 19:52:24,246 - data_loader - INFO -   File 127/153: 2013-10-04.train-a - 1062 messages, 15435 total samples so far
2026-05-10 19:52:24,246 - data_loader - INFO - Loading conversation from data/train/2013-10-11.train-a.ascii.txt
2026-05-10 19:52:24,247 - data_loader - INFO -   Read 1084 lines from ASCII file
2026-05-10 19:52:24,251 - data_loader - INFO -   Parsed 1084 messages, found 108 unique users
2026-05-10 19:52:24,454 - data_loader - INFO -   Loaded 61 gold links from annotation file
2026-05-10 19:52:24,454 - data_loader - INFO -   Conversation '2013-10-11.train-a' loaded in 0.21s
2026-05-10 19:52:24,454 - data_loader - INFO -   Creating samples for 2013-10-11.train-a: messages 0 to 1084 (limited)
2026-05-10 19:52:24,457 - data_loader - INFO -   LABEL CHECK [2013-10-11.train-a sample #15435]: gold_parent_idx=14, gold_msg_idx=1000, C=15, msg_i_idx=1000, candidate_range=[986, 1000]
2026-05-10 19:52:24,457 - data_loader - INFO -   LABEL CHECK [2013-10-11.train-a sample #15436]: gold_parent_idx=14, gold_msg_idx=1002, C=15, msg_i_idx=1002, candidate_range=[988, 1002]
2026-05-10 19:52:24,457 - data_loader - INFO -   LABEL CHECK [2013-10-11.train-a sample #15437]: gold_parent_idx=14, gold_msg_idx=1005, C=15, msg_i_idx=1005, candidate_range=[991, 1005]
2026-05-10 19:52:24,459 - data_loader - INFO -   Created 23 samples for 2013-10-11.train-a
2026-05-10 19:52:24,459 - data_loader - INFO -   File 128/153: 2013-10-11.train-a - 1084 messages, 15458 total samples so far
2026-05-10 19:52:24,459 - data_loader - INFO - Loading conversation from data/train/2013-10-28.train-a.ascii.txt
2026-05-10 19:52:24,460 - data_loader - INFO -   Read 1307 lines from ASCII file
2026-05-10 19:52:24,464 - data_loader - INFO -   Parsed 1307 messages, found 143 unique users
2026-05-10 19:52:24,795 - data_loader - INFO -   Loaded 226 gold links from annotation file
2026-05-10 19:52:24,795 - data_loader - INFO -   Conversation '2013-10-28.train-a' loaded in 0.34s
2026-05-10 19:52:24,795 - data_loader - INFO -   Creating samples for 2013-10-28.train-a: messages 0 to 1307 (limited)
2026-05-10 19:52:24,798 - data_loader - INFO -   LABEL CHECK [2013-10-28.train-a sample #15458]: gold_parent_idx=13, gold_msg_idx=1000, C=14, msg_i_idx=1000, candidate_range=[986, 1000]
2026-05-10 19:52:24,798 - data_loader - INFO -   LABEL CHECK [2013-10-28.train-a sample #15459]: gold_parent_idx=13, gold_msg_idx=1001, C=14, msg_i_idx=1001, candidate_range=[987, 1001]
2026-05-10 19:52:24,798 - data_loader - INFO -   LABEL CHECK [2013-10-28.train-a sample #15460]: gold_parent_idx=13, gold_msg_idx=1002, C=14, msg_i_idx=1002, candidate_range=[988, 1002]
2026-05-10 19:52:24,802 - data_loader - INFO -   Created 45 samples for 2013-10-28.train-a
2026-05-10 19:52:24,802 - data_loader - INFO -   File 129/153: 2013-10-28.train-a - 1307 messages, 15503 total samples so far
2026-05-10 19:52:24,802 - data_loader - INFO - Loading conversation from data/train/2013-12-02.train-a.ascii.txt
2026-05-10 19:52:24,803 - data_loader - INFO -   Read 1181 lines from ASCII file
2026-05-10 19:52:24,807 - data_loader - INFO -   Parsed 1181 messages, found 141 unique users
2026-05-10 19:52:25,101 - data_loader - INFO -   Loaded 132 gold links from annotation file
2026-05-10 19:52:25,102 - data_loader - INFO -   Conversation '2013-12-02.train-a' loaded in 0.30s
2026-05-10 19:52:25,102 - data_loader - INFO -   Creating samples for 2013-12-02.train-a: messages 0 to 1181 (limited)
2026-05-10 19:52:25,105 - data_loader - INFO -   LABEL CHECK [2013-12-02.train-a sample #15503]: gold_parent_idx=13, gold_msg_idx=1001, C=14, msg_i_idx=1001, candidate_range=[987, 1001]
2026-05-10 19:52:25,105 - data_loader - INFO -   LABEL CHECK [2013-12-02.train-a sample #15504]: gold_parent_idx=13, gold_msg_idx=1002, C=14, msg_i_idx=1002, candidate_range=[988, 1002]
2026-05-10 19:52:25,105 - data_loader - INFO -   LABEL CHECK [2013-12-02.train-a sample #15505]: gold_parent_idx=13, gold_msg_idx=1003, C=14, msg_i_idx=1003, candidate_range=[989, 1003]
2026-05-10 19:52:25,108 - data_loader - INFO -   Created 43 samples for 2013-12-02.train-a
2026-05-10 19:52:25,108 - data_loader - INFO -   File 130/153: 2013-12-02.train-a - 1181 messages, 15546 total samples so far
2026-05-10 19:52:25,108 - data_loader - INFO - Loading conversation from data/train/2014-01-08.train-c.ascii.txt
2026-05-10 19:52:25,110 - data_loader - INFO -   Read 1500 lines from ASCII file
2026-05-10 19:52:25,114 - data_loader - INFO -   Parsed 1500 messages, found 84 unique users
2026-05-10 19:52:25,326 - data_loader - INFO -   Loaded 389 gold links from annotation file
2026-05-10 19:52:25,326 - data_loader - INFO -   Conversation '2014-01-08.train-c' loaded in 0.22s
2026-05-10 19:52:25,326 - data_loader - INFO -   Creating samples for 2014-01-08.train-c: messages 0 to 1500 (limited)
2026-05-10 19:52:25,329 - data_loader - INFO -   LABEL CHECK [2014-01-08.train-c sample #15546]: gold_parent_idx=13, gold_msg_idx=1002, C=14, msg_i_idx=1002, candidate_range=[988, 1002]
2026-05-10 19:52:25,329 - data_loader - INFO -   LABEL CHECK [2014-01-08.train-c sample #15547]: gold_parent_idx=14, gold_msg_idx=1037, C=15, msg_i_idx=1037, candidate_range=[1023, 1037]
2026-05-10 19:52:25,330 - data_loader - INFO -   LABEL CHECK [2014-01-08.train-c sample #15548]: gold_parent_idx=14, gold_msg_idx=1055, C=15, msg_i_idx=1055, candidate_range=[1041, 1055]
2026-05-10 19:52:25,336 - data_loader - INFO -   Created 81 samples for 2014-01-08.train-c
2026-05-10 19:52:25,336 - data_loader - INFO -   File 131/153: 2014-01-08.train-c - 1500 messages, 15627 total samples so far
2026-05-10 19:52:25,336 - data_loader - INFO - Loading conversation from data/train/2014-08-14.train-c.ascii.txt
2026-05-10 19:52:25,337 - data_loader - INFO -   Read 1500 lines from ASCII file
2026-05-10 19:52:25,342 - data_loader - INFO -   Parsed 1500 messages, found 135 unique users
2026-05-10 19:52:25,697 - data_loader - INFO -   Loaded 370 gold links from annotation file
2026-05-10 19:52:25,697 - data_loader - INFO -   Conversation '2014-08-14.train-c' loaded in 0.36s
2026-05-10 19:52:25,697 - data_loader - INFO -   Creating samples for 2014-08-14.train-c: messages 0 to 1500 (limited)
2026-05-10 19:52:25,700 - data_loader - INFO -   LABEL CHECK [2014-08-14.train-c sample #15627]: gold_parent_idx=14, gold_msg_idx=1035, C=15, msg_i_idx=1035, candidate_range=[1021, 1035]
2026-05-10 19:52:25,700 - data_loader - INFO -   LABEL CHECK [2014-08-14.train-c sample #15628]: gold_parent_idx=14, gold_msg_idx=1042, C=15, msg_i_idx=1042, candidate_range=[1028, 1042]
2026-05-10 19:52:25,700 - data_loader - INFO -   LABEL CHECK [2014-08-14.train-c sample #15629]: gold_parent_idx=13, gold_msg_idx=1043, C=14, msg_i_idx=1043, candidate_range=[1029, 1043]
2026-05-10 19:52:25,707 - data_loader - INFO -   Created 78 samples for 2014-08-14.train-c
2026-05-10 19:52:25,707 - data_loader - INFO -   File 132/153: 2014-08-14.train-c - 1500 messages, 15705 total samples so far
2026-05-10 19:52:25,707 - data_loader - INFO - Loading conversation from data/train/2014-09-29.train-c.ascii.txt
2026-05-10 19:52:25,708 - data_loader - INFO -   Read 1500 lines from ASCII file
2026-05-10 19:52:25,712 - data_loader - INFO -   Parsed 1500 messages, found 152 unique users
2026-05-10 19:52:26,112 - data_loader - INFO -   Loaded 370 gold links from annotation file
2026-05-10 19:52:26,112 - data_loader - INFO -   Conversation '2014-09-29.train-c' loaded in 0.41s
2026-05-10 19:52:26,112 - data_loader - INFO -   Creating samples for 2014-09-29.train-c: messages 0 to 1500 (limited)
2026-05-10 19:52:26,115 - data_loader - INFO -   LABEL CHECK [2014-09-29.train-c sample #15705]: gold_parent_idx=14, gold_msg_idx=1002, C=15, msg_i_idx=1002, candidate_range=[988, 1002]
2026-05-10 19:52:26,115 - data_loader - INFO -   LABEL CHECK [2014-09-29.train-c sample #15706]: gold_parent_idx=14, gold_msg_idx=1006, C=15, msg_i_idx=1006, candidate_range=[992, 1006]
2026-05-10 19:52:26,116 - data_loader - INFO -   LABEL CHECK [2014-09-29.train-c sample #15707]: gold_parent_idx=14, gold_msg_idx=1007, C=15, msg_i_idx=1007, candidate_range=[993, 1007]
2026-05-10 19:52:26,124 - data_loader - INFO -   Created 97 samples for 2014-09-29.train-c
2026-05-10 19:52:26,124 - data_loader - INFO -   File 133/153: 2014-09-29.train-c - 1500 messages, 15802 total samples so far
2026-05-10 19:52:26,124 - data_loader - INFO - Loading conversation from data/train/2014-12-21.train-c.ascii.txt
2026-05-10 19:52:26,125 - data_loader - INFO -   Read 1500 lines from ASCII file
2026-05-10 19:52:26,129 - data_loader - INFO -   Parsed 1500 messages, found 137 unique users
2026-05-10 19:52:26,472 - data_loader - INFO -   Loaded 366 gold links from annotation file
2026-05-10 19:52:26,472 - data_loader - INFO -   Conversation '2014-12-21.train-c' loaded in 0.35s
2026-05-10 19:52:26,472 - data_loader - INFO -   Creating samples for 2014-12-21.train-c: messages 0 to 1500 (limited)
2026-05-10 19:52:26,475 - data_loader - INFO -   LABEL CHECK [2014-12-21.train-c sample #15802]: gold_parent_idx=13, gold_msg_idx=1000, C=14, msg_i_idx=1000, candidate_range=[986, 1000]
2026-05-10 19:52:26,475 - data_loader - INFO -   LABEL CHECK [2014-12-21.train-c sample #15803]: gold_parent_idx=13, gold_msg_idx=1004, C=14, msg_i_idx=1004, candidate_range=[990, 1004]
2026-05-10 19:52:26,476 - data_loader - INFO -   LABEL CHECK [2014-12-21.train-c sample #15804]: gold_parent_idx=12, gold_msg_idx=1005, C=13, msg_i_idx=1005, candidate_range=[991, 1005]
2026-05-10 19:52:26,485 - data_loader - INFO -   Created 120 samples for 2014-12-21.train-c
2026-05-10 19:52:26,485 - data_loader - INFO -   File 134/153: 2014-12-21.train-c - 1500 messages, 15922 total samples so far
2026-05-10 19:52:26,485 - data_loader - INFO - Loading conversation from data/train/2014-12-27.train-c.ascii.txt
2026-05-10 19:52:26,486 - data_loader - INFO -   Read 1500 lines from ASCII file
2026-05-10 19:52:26,490 - data_loader - INFO -   Parsed 1500 messages, found 142 unique users
2026-05-10 19:52:26,847 - data_loader - INFO -   Loaded 370 gold links from annotation file
2026-05-10 19:52:26,847 - data_loader - INFO -   Conversation '2014-12-27.train-c' loaded in 0.36s
2026-05-10 19:52:26,847 - data_loader - INFO -   Creating samples for 2014-12-27.train-c: messages 0 to 1500 (limited)
2026-05-10 19:52:26,850 - data_loader - INFO -   LABEL CHECK [2014-12-27.train-c sample #15922]: gold_parent_idx=12, gold_msg_idx=1004, C=13, msg_i_idx=1004, candidate_range=[990, 1004]
2026-05-10 19:52:26,850 - data_loader - INFO -   LABEL CHECK [2014-12-27.train-c sample #15923]: gold_parent_idx=12, gold_msg_idx=1005, C=13, msg_i_idx=1005, candidate_range=[991, 1005]
2026-05-10 19:52:26,850 - data_loader - INFO -   LABEL CHECK [2014-12-27.train-c sample #15924]: gold_parent_idx=14, gold_msg_idx=1014, C=15, msg_i_idx=1014, candidate_range=[1000, 1014]
2026-05-10 19:52:26,858 - data_loader - INFO -   Created 92 samples for 2014-12-27.train-c
2026-05-10 19:52:26,858 - data_loader - INFO -   File 135/153: 2014-12-27.train-c - 1500 messages, 16014 total samples so far
2026-05-10 19:52:26,858 - data_loader - INFO - Loading conversation from data/train/2015-01-20.train-b.ascii.txt
2026-05-10 19:52:26,859 - data_loader - INFO -   Read 1100 lines from ASCII file
2026-05-10 19:52:26,862 - data_loader - INFO -   Parsed 1100 messages, found 91 unique users
2026-05-10 19:52:27,037 - data_loader - INFO -   Loaded 74 gold links from annotation file
2026-05-10 19:52:27,037 - data_loader - INFO -   Conversation '2015-01-20.train-b' loaded in 0.18s
2026-05-10 19:52:27,037 - data_loader - INFO -   Creating samples for 2015-01-20.train-b: messages 0 to 1100 (limited)
2026-05-10 19:52:27,040 - data_loader - INFO -   LABEL CHECK [2015-01-20.train-b sample #16014]: gold_parent_idx=14, gold_msg_idx=1010, C=15, msg_i_idx=1010, candidate_range=[996, 1010]
2026-05-10 19:52:27,040 - data_loader - INFO -   LABEL CHECK [2015-01-20.train-b sample #16015]: gold_parent_idx=14, gold_msg_idx=1031, C=15, msg_i_idx=1031, candidate_range=[1017, 1031]
2026-05-10 19:52:27,040 - data_loader - INFO -   LABEL CHECK [2015-01-20.train-b sample #16016]: gold_parent_idx=13, gold_msg_idx=1033, C=14, msg_i_idx=1033, candidate_range=[1019, 1033]
2026-05-10 19:52:27,041 - data_loader - INFO -   Created 5 samples for 2015-01-20.train-b
2026-05-10 19:52:27,041 - data_loader - INFO -   File 136/153: 2015-01-20.train-b - 1100 messages, 16019 total samples so far
2026-05-10 19:52:27,041 - data_loader - INFO - Loading conversation from data/train/2015-02-04.train-b.ascii.txt
2026-05-10 19:52:27,042 - data_loader - INFO -   Read 1100 lines from ASCII file
2026-05-10 19:52:27,045 - data_loader - INFO -   Parsed 1100 messages, found 139 unique users
2026-05-10 19:52:27,312 - data_loader - INFO -   Loaded 69 gold links from annotation file
2026-05-10 19:52:27,312 - data_loader - INFO -   Conversation '2015-02-04.train-b' loaded in 0.27s
2026-05-10 19:52:27,312 - data_loader - INFO -   Creating samples for 2015-02-04.train-b: messages 0 to 1100 (limited)
2026-05-10 19:52:27,315 - data_loader - INFO -   LABEL CHECK [2015-02-04.train-b sample #16019]: gold_parent_idx=13, gold_msg_idx=1000, C=14, msg_i_idx=1000, candidate_range=[986, 1000]
2026-05-10 19:52:27,315 - data_loader - INFO -   LABEL CHECK [2015-02-04.train-b sample #16020]: gold_parent_idx=13, gold_msg_idx=1001, C=14, msg_i_idx=1001, candidate_range=[987, 1001]
2026-05-10 19:52:27,315 - data_loader - INFO -   LABEL CHECK [2015-02-04.train-b sample #16021]: gold_parent_idx=12, gold_msg_idx=1007, C=13, msg_i_idx=1007, candidate_range=[993, 1007]
2026-05-10 19:52:27,317 - data_loader - INFO -   Created 15 samples for 2015-02-04.train-b
2026-05-10 19:52:27,317 - data_loader - INFO -   File 137/153: 2015-02-04.train-b - 1100 messages, 16034 total samples so far
2026-05-10 19:52:27,317 - data_loader - INFO - Loading conversation from data/train/2015-04-19.train-b.ascii.txt
2026-05-10 19:52:27,318 - data_loader - INFO -   Read 1100 lines from ASCII file
2026-05-10 19:52:27,321 - data_loader - INFO -   Parsed 1100 messages, found 131 unique users
2026-05-10 19:52:27,577 - data_loader - INFO -   Loaded 75 gold links from annotation file
2026-05-10 19:52:27,577 - data_loader - INFO -   Conversation '2015-04-19.train-b' loaded in 0.26s
2026-05-10 19:52:27,577 - data_loader - INFO -   Creating samples for 2015-04-19.train-b: messages 0 to 1100 (limited)
2026-05-10 19:52:27,580 - data_loader - INFO -   LABEL CHECK [2015-04-19.train-b sample #16034]: gold_parent_idx=14, gold_msg_idx=1019, C=15, msg_i_idx=1019, candidate_range=[1005, 1019]
2026-05-10 19:52:27,580 - data_loader - INFO -   LABEL CHECK [2015-04-19.train-b sample #16035]: gold_parent_idx=13, gold_msg_idx=1032, C=14, msg_i_idx=1032, candidate_range=[1018, 1032]
2026-05-10 19:52:27,580 - data_loader - INFO -   LABEL CHECK [2015-04-19.train-b sample #16036]: gold_parent_idx=14, gold_msg_idx=1063, C=15, msg_i_idx=1063, candidate_range=[1049, 1063]
2026-05-10 19:52:27,581 - data_loader - INFO -   Created 6 samples for 2015-04-19.train-b
2026-05-10 19:52:27,581 - data_loader - INFO -   File 138/153: 2015-04-19.train-b - 1100 messages, 16040 total samples so far
2026-05-10 19:52:27,581 - data_loader - INFO - Loading conversation from data/train/2015-05-08.train-c.ascii.txt
2026-05-10 19:52:27,582 - data_loader - INFO -   Read 1500 lines from ASCII file
2026-05-10 19:52:27,586 - data_loader - INFO -   Parsed 1500 messages, found 115 unique users
2026-05-10 19:52:27,887 - data_loader - INFO -   Loaded 367 gold links from annotation file
2026-05-10 19:52:27,887 - data_loader - INFO -   Conversation '2015-05-08.train-c' loaded in 0.31s
2026-05-10 19:52:27,887 - data_loader - INFO -   Creating samples for 2015-05-08.train-c: messages 0 to 1500 (limited)
2026-05-10 19:52:27,890 - data_loader - INFO -   LABEL CHECK [2015-05-08.train-c sample #16040]: gold_parent_idx=14, gold_msg_idx=1011, C=15, msg_i_idx=1011, candidate_range=[997, 1011]
2026-05-10 19:52:27,890 - data_loader - INFO -   LABEL CHECK [2015-05-08.train-c sample #16041]: gold_parent_idx=14, gold_msg_idx=1012, C=15, msg_i_idx=1012, candidate_range=[998, 1012]
2026-05-10 19:52:27,891 - data_loader - INFO -   LABEL CHECK [2015-05-08.train-c sample #16042]: gold_parent_idx=14, gold_msg_idx=1015, C=15, msg_i_idx=1015, candidate_range=[1001, 1015]
2026-05-10 19:52:27,898 - data_loader - INFO -   Created 91 samples for 2015-05-08.train-c
2026-05-10 19:52:27,898 - data_loader - INFO -   File 139/153: 2015-05-08.train-c - 1500 messages, 16131 total samples so far
2026-05-10 19:52:27,898 - data_loader - INFO - Loading conversation from data/train/2015-06-12.train-b.ascii.txt
2026-05-10 19:52:27,899 - data_loader - INFO -   Read 1100 lines from ASCII file
2026-05-10 19:52:27,902 - data_loader - INFO -   Parsed 1100 messages, found 142 unique users
2026-05-10 19:52:28,171 - data_loader - INFO -   Loaded 74 gold links from annotation file
2026-05-10 19:52:28,171 - data_loader - INFO -   Conversation '2015-06-12.train-b' loaded in 0.27s
2026-05-10 19:52:28,171 - data_loader - INFO -   Creating samples for 2015-06-12.train-b: messages 0 to 1100 (limited)
2026-05-10 19:52:28,174 - data_loader - INFO -   LABEL CHECK [2015-06-12.train-b sample #16131]: gold_parent_idx=14, gold_msg_idx=1008, C=15, msg_i_idx=1008, candidate_range=[994, 1008]
2026-05-10 19:52:28,174 - data_loader - INFO -   LABEL CHECK [2015-06-12.train-b sample #16132]: gold_parent_idx=13, gold_msg_idx=1010, C=14, msg_i_idx=1010, candidate_range=[996, 1010]
2026-05-10 19:52:28,174 - data_loader - INFO -   LABEL CHECK [2015-06-12.train-b sample #16133]: gold_parent_idx=12, gold_msg_idx=1011, C=13, msg_i_idx=1011, candidate_range=[997, 1011]
2026-05-10 19:52:28,176 - data_loader - INFO -   Created 25 samples for 2015-06-12.train-b
2026-05-10 19:52:28,176 - data_loader - INFO -   File 140/153: 2015-06-12.train-b - 1100 messages, 16156 total samples so far
2026-05-10 19:52:28,177 - data_loader - INFO - Loading conversation from data/train/2015-08-10.train-b.ascii.txt
2026-05-10 19:52:28,178 - data_loader - INFO -   Read 1100 lines from ASCII file
2026-05-10 19:52:28,182 - data_loader - INFO -   Parsed 1100 messages, found 94 unique users
2026-05-10 19:52:28,378 - data_loader - INFO -   Loaded 69 gold links from annotation file
2026-05-10 19:52:28,378 - data_loader - INFO -   Conversation '2015-08-10.train-b' loaded in 0.20s
2026-05-10 19:52:28,378 - data_loader - INFO -   Creating samples for 2015-08-10.train-b: messages 0 to 1100 (limited)
2026-05-10 19:52:28,381 - data_loader - INFO -   LABEL CHECK [2015-08-10.train-b sample #16156]: gold_parent_idx=13, gold_msg_idx=1001, C=14, msg_i_idx=1001, candidate_range=[987, 1001]
2026-05-10 19:52:28,381 - data_loader - INFO -   LABEL CHECK [2015-08-10.train-b sample #16157]: gold_parent_idx=13, gold_msg_idx=1003, C=14, msg_i_idx=1003, candidate_range=[990, 1003]
2026-05-10 19:52:28,381 - data_loader - INFO -   LABEL CHECK [2015-08-10.train-b sample #16158]: gold_parent_idx=14, gold_msg_idx=1013, C=15, msg_i_idx=1013, candidate_range=[999, 1013]
2026-05-10 19:52:28,382 - data_loader - INFO -   Created 14 samples for 2015-08-10.train-b
2026-05-10 19:52:28,382 - data_loader - INFO -   File 141/153: 2015-08-10.train-b - 1100 messages, 16170 total samples so far
2026-05-10 19:52:28,382 - data_loader - INFO - Loading conversation from data/train/2015-09-25.train-b.ascii.txt
2026-05-10 19:52:28,384 - data_loader - INFO -   Read 1100 lines from ASCII file
2026-05-10 19:52:28,387 - data_loader - INFO -   Parsed 1100 messages, found 142 unique users
2026-05-10 19:52:28,676 - data_loader - INFO -   Loaded 75 gold links from annotation file
2026-05-10 19:52:28,676 - data_loader - INFO -   Conversation '2015-09-25.train-b' loaded in 0.29s
2026-05-10 19:52:28,677 - data_loader - INFO -   Creating samples for 2015-09-25.train-b: messages 0 to 1100 (limited)
2026-05-10 19:52:28,679 - data_loader - INFO -   LABEL CHECK [2015-09-25.train-b sample #16170]: gold_parent_idx=13, gold_msg_idx=1000, C=14, msg_i_idx=1000, candidate_range=[986, 1000]
2026-05-10 19:52:28,679 - data_loader - INFO -   LABEL CHECK [2015-09-25.train-b sample #16171]: gold_parent_idx=13, gold_msg_idx=1001, C=14, msg_i_idx=1001, candidate_range=[988, 1001]
2026-05-10 19:52:28,680 - data_loader - INFO -   LABEL CHECK [2015-09-25.train-b sample #16172]: gold_parent_idx=13, gold_msg_idx=1005, C=14, msg_i_idx=1005, candidate_range=[991, 1005]
2026-05-10 19:52:28,681 - data_loader - INFO -   Created 15 samples for 2015-09-25.train-b
2026-05-10 19:52:28,681 - data_loader - INFO -   File 142/153: 2015-09-25.train-b - 1100 messages, 16185 total samples so far
2026-05-10 19:52:28,681 - data_loader - INFO - Loading conversation from data/train/2015-10-14.train-b.ascii.txt
2026-05-10 19:52:28,682 - data_loader - INFO -   Read 1100 lines from ASCII file
2026-05-10 19:52:28,685 - data_loader - INFO -   Parsed 1100 messages, found 121 unique users
2026-05-10 19:52:28,931 - data_loader - INFO -   Loaded 70 gold links from annotation file
2026-05-10 19:52:28,931 - data_loader - INFO -   Conversation '2015-10-14.train-b' loaded in 0.25s
2026-05-10 19:52:28,931 - data_loader - INFO -   Creating samples for 2015-10-14.train-b: messages 0 to 1100 (limited)
2026-05-10 19:52:28,934 - data_loader - INFO -   LABEL CHECK [2015-10-14.train-b sample #16185]: gold_parent_idx=11, gold_msg_idx=1001, C=12, msg_i_idx=1001, candidate_range=[987, 1001]
2026-05-10 19:52:28,934 - data_loader - INFO -   LABEL CHECK [2015-10-14.train-b sample #16186]: gold_parent_idx=13, gold_msg_idx=1011, C=14, msg_i_idx=1011, candidate_range=[997, 1011]
2026-05-10 19:52:28,934 - data_loader - INFO -   LABEL CHECK [2015-10-14.train-b sample #16187]: gold_parent_idx=14, gold_msg_idx=1070, C=15, msg_i_idx=1070, candidate_range=[1056, 1070]
2026-05-10 19:52:28,934 - data_loader - INFO -   Created 6 samples for 2015-10-14.train-b
2026-05-10 19:52:28,935 - data_loader - INFO -   File 143/153: 2015-10-14.train-b - 1100 messages, 16191 total samples so far
2026-05-10 19:52:28,935 - data_loader - INFO - Loading conversation from data/train/2015-10-19.train-b.ascii.txt
2026-05-10 19:52:28,936 - data_loader - INFO -   Read 1100 lines from ASCII file
2026-05-10 19:52:28,939 - data_loader - INFO -   Parsed 1100 messages, found 114 unique users
2026-05-10 19:52:29,156 - data_loader - INFO -   Loaded 71 gold links from annotation file
2026-05-10 19:52:29,156 - data_loader - INFO -   Conversation '2015-10-19.train-b' loaded in 0.22s
2026-05-10 19:52:29,156 - data_loader - INFO -   Creating samples for 2015-10-19.train-b: messages 0 to 1100 (limited)
2026-05-10 19:52:29,159 - data_loader - INFO -   LABEL CHECK [2015-10-19.train-b sample #16191]: gold_parent_idx=14, gold_msg_idx=1001, C=15, msg_i_idx=1001, candidate_range=[987, 1001]
2026-05-10 19:52:29,159 - data_loader - INFO -   LABEL CHECK [2015-10-19.train-b sample #16192]: gold_parent_idx=13, gold_msg_idx=1004, C=14, msg_i_idx=1004, candidate_range=[990, 1004]
2026-05-10 19:52:29,159 - data_loader - INFO -   LABEL CHECK [2015-10-19.train-b sample #16193]: gold_parent_idx=14, gold_msg_idx=1017, C=15, msg_i_idx=1017, candidate_range=[1003, 1017]
2026-05-10 19:52:29,160 - data_loader - INFO -   Created 15 samples for 2015-10-19.train-b
2026-05-10 19:52:29,161 - data_loader - INFO -   File 144/153: 2015-10-19.train-b - 1100 messages, 16206 total samples so far
2026-05-10 19:52:29,161 - data_loader - INFO - Loading conversation from data/train/2015-11-26.train-b.ascii.txt
2026-05-10 19:52:29,162 - data_loader - INFO -   Read 1100 lines from ASCII file
2026-05-10 19:52:29,164 - data_loader - INFO -   Parsed 1100 messages, found 100 unique users
2026-05-10 19:52:29,351 - data_loader - INFO -   Loaded 66 gold links from annotation file
2026-05-10 19:52:29,351 - data_loader - INFO -   Conversation '2015-11-26.train-b' loaded in 0.19s
2026-05-10 19:52:29,351 - data_loader - INFO -   Creating samples for 2015-11-26.train-b: messages 0 to 1100 (limited)
2026-05-10 19:52:29,353 - data_loader - INFO -   LABEL CHECK [2015-11-26.train-b sample #16206]: gold_parent_idx=9, gold_msg_idx=1000, C=10, msg_i_idx=1000, candidate_range=[989, 1000]
2026-05-10 19:52:29,354 - data_loader - INFO -   LABEL CHECK [2015-11-26.train-b sample #16207]: gold_parent_idx=11, gold_msg_idx=1002, C=12, msg_i_idx=1002, candidate_range=[989, 1002]
2026-05-10 19:52:29,354 - data_loader - INFO -   LABEL CHECK [2015-11-26.train-b sample #16208]: gold_parent_idx=13, gold_msg_idx=1012, C=14, msg_i_idx=1012, candidate_range=[998, 1012]
2026-05-10 19:52:29,356 - data_loader - INFO -   Created 32 samples for 2015-11-26.train-b
2026-05-10 19:52:29,356 - data_loader - INFO -   File 145/153: 2015-11-26.train-b - 1100 messages, 16238 total samples so far
2026-05-10 19:52:29,356 - data_loader - INFO - Loading conversation from data/train/2015-12-28.train-b.ascii.txt
2026-05-10 19:52:29,357 - data_loader - INFO -   Read 1100 lines from ASCII file
2026-05-10 19:52:29,360 - data_loader - INFO -   Parsed 1100 messages, found 131 unique users
2026-05-10 19:52:29,628 - data_loader - INFO -   Loaded 72 gold links from annotation file
2026-05-10 19:52:29,628 - data_loader - INFO -   Conversation '2015-12-28.train-b' loaded in 0.27s
2026-05-10 19:52:29,628 - data_loader - INFO -   Creating samples for 2015-12-28.train-b: messages 0 to 1100 (limited)
2026-05-10 19:52:29,631 - data_loader - INFO -   LABEL CHECK [2015-12-28.train-b sample #16238]: gold_parent_idx=14, gold_msg_idx=1025, C=15, msg_i_idx=1025, candidate_range=[1011, 1025]
2026-05-10 19:52:29,631 - data_loader - INFO -   LABEL CHECK [2015-12-28.train-b sample #16239]: gold_parent_idx=14, gold_msg_idx=1031, C=15, msg_i_idx=1031, candidate_range=[1017, 1031]
2026-05-10 19:52:29,631 - data_loader - INFO -   LABEL CHECK [2015-12-28.train-b sample #16240]: gold_parent_idx=13, gold_msg_idx=1032, C=14, msg_i_idx=1032, candidate_range=[1018, 1032]
2026-05-10 19:52:29,632 - data_loader - INFO -   Created 19 samples for 2015-12-28.train-b
2026-05-10 19:52:29,633 - data_loader - INFO -   File 146/153: 2015-12-28.train-b - 1100 messages, 16257 total samples so far
2026-05-10 19:52:29,633 - data_loader - INFO - Loading conversation from data/train/2017-02-06.train-c.ascii.txt
2026-05-10 19:52:29,634 - data_loader - INFO -   Read 1500 lines from ASCII file
2026-05-10 19:52:29,639 - data_loader - INFO -   Parsed 1500 messages, found 156 unique users
2026-05-10 19:52:30,042 - data_loader - INFO -   Loaded 388 gold links from annotation file
2026-05-10 19:52:30,042 - data_loader - INFO -   Conversation '2017-02-06.train-c' loaded in 0.41s
2026-05-10 19:52:30,043 - data_loader - INFO -   Creating samples for 2017-02-06.train-c: messages 0 to 1500 (limited)
2026-05-10 19:52:30,045 - data_loader - INFO -   LABEL CHECK [2017-02-06.train-c sample #16257]: gold_parent_idx=14, gold_msg_idx=1003, C=15, msg_i_idx=1003, candidate_range=[989, 1003]
2026-05-10 19:52:30,046 - data_loader - INFO -   LABEL CHECK [2017-02-06.train-c sample #16258]: gold_parent_idx=13, gold_msg_idx=1007, C=14, msg_i_idx=1007, candidate_range=[993, 1007]
2026-05-10 19:52:30,046 - data_loader - INFO -   LABEL CHECK [2017-02-06.train-c sample #16259]: gold_parent_idx=13, gold_msg_idx=1012, C=14, msg_i_idx=1012, candidate_range=[998, 1012]
2026-05-10 19:52:30,054 - data_loader - INFO -   Created 110 samples for 2017-02-06.train-c
2026-05-10 19:52:30,054 - data_loader - INFO -   File 147/153: 2017-02-06.train-c - 1500 messages, 16367 total samples so far
2026-05-10 19:52:30,054 - data_loader - INFO - Loading conversation from data/train/2017-03-02.train-c.ascii.txt
2026-05-10 19:52:30,056 - data_loader - INFO -   Read 1500 lines from ASCII file
2026-05-10 19:52:30,060 - data_loader - INFO -   Parsed 1500 messages, found 158 unique users
2026-05-10 19:52:30,466 - data_loader - INFO -   Loaded 363 gold links from annotation file
2026-05-10 19:52:30,467 - data_loader - INFO -   Conversation '2017-03-02.train-c' loaded in 0.41s
2026-05-10 19:52:30,467 - data_loader - INFO -   Creating samples for 2017-03-02.train-c: messages 0 to 1500 (limited)
2026-05-10 19:52:30,470 - data_loader - INFO -   LABEL CHECK [2017-03-02.train-c sample #16367]: gold_parent_idx=14, gold_msg_idx=1035, C=15, msg_i_idx=1035, candidate_range=[1021, 1035]
2026-05-10 19:52:30,470 - data_loader - INFO -   LABEL CHECK [2017-03-02.train-c sample #16368]: gold_parent_idx=13, gold_msg_idx=1037, C=14, msg_i_idx=1037, candidate_range=[1023, 1037]
2026-05-10 19:52:30,470 - data_loader - INFO -   LABEL CHECK [2017-03-02.train-c sample #16369]: gold_parent_idx=13, gold_msg_idx=1038, C=14, msg_i_idx=1038, candidate_range=[1024, 1038]
2026-05-10 19:52:30,477 - data_loader - INFO -   Created 85 samples for 2017-03-02.train-c
2026-05-10 19:52:30,477 - data_loader - INFO -   File 148/153: 2017-03-02.train-c - 1500 messages, 16452 total samples so far
2026-05-10 19:52:30,477 - data_loader - INFO - Loading conversation from data/train/2017-03-23.train-c.ascii.txt
2026-05-10 19:52:30,479 - data_loader - INFO -   Read 1500 lines from ASCII file
2026-05-10 19:52:30,483 - data_loader - INFO -   Parsed 1500 messages, found 138 unique users
2026-05-10 19:52:30,834 - data_loader - INFO -   Loaded 375 gold links from annotation file
2026-05-10 19:52:30,834 - data_loader - INFO -   Conversation '2017-03-23.train-c' loaded in 0.36s
2026-05-10 19:52:30,834 - data_loader - INFO -   Creating samples for 2017-03-23.train-c: messages 0 to 1500 (limited)
2026-05-10 19:52:30,837 - data_loader - INFO -   LABEL CHECK [2017-03-23.train-c sample #16452]: gold_parent_idx=14, gold_msg_idx=1000, C=15, msg_i_idx=1000, candidate_range=[986, 1000]
2026-05-10 19:52:30,837 - data_loader - INFO -   LABEL CHECK [2017-03-23.train-c sample #16453]: gold_parent_idx=14, gold_msg_idx=1010, C=15, msg_i_idx=1010, candidate_range=[996, 1010]
2026-05-10 19:52:30,837 - data_loader - INFO -   LABEL CHECK [2017-03-23.train-c sample #16454]: gold_parent_idx=14, gold_msg_idx=1024, C=15, msg_i_idx=1024, candidate_range=[1010, 1024]
2026-05-10 19:52:30,844 - data_loader - INFO -   Created 68 samples for 2017-03-23.train-c
2026-05-10 19:52:30,844 - data_loader - INFO -   File 149/153: 2017-03-23.train-c - 1500 messages, 16520 total samples so far
2026-05-10 19:52:30,844 - data_loader - INFO - Loading conversation from data/train/2017-05-09.train-c.ascii.txt
2026-05-10 19:52:30,845 - data_loader - INFO -   Read 1500 lines from ASCII file
2026-05-10 19:52:30,849 - data_loader - INFO -   Parsed 1500 messages, found 114 unique users
2026-05-10 19:52:31,150 - data_loader - INFO -   Loaded 347 gold links from annotation file
2026-05-10 19:52:31,150 - data_loader - INFO -   Conversation '2017-05-09.train-c' loaded in 0.31s
2026-05-10 19:52:31,150 - data_loader - INFO -   Creating samples for 2017-05-09.train-c: messages 0 to 1500 (limited)
2026-05-10 19:52:31,153 - data_loader - INFO -   LABEL CHECK [2017-05-09.train-c sample #16520]: gold_parent_idx=10, gold_msg_idx=1000, C=11, msg_i_idx=1000, candidate_range=[986, 1000]
2026-05-10 19:52:31,153 - data_loader - INFO -   LABEL CHECK [2017-05-09.train-c sample #16521]: gold_parent_idx=10, gold_msg_idx=1004, C=11, msg_i_idx=1004, candidate_range=[990, 1004]
2026-05-10 19:52:31,153 - data_loader - INFO -   LABEL CHECK [2017-05-09.train-c sample #16522]: gold_parent_idx=11, gold_msg_idx=1010, C=12, msg_i_idx=1010, candidate_range=[996, 1010]
2026-05-10 19:52:31,159 - data_loader - INFO -   Created 50 samples for 2017-05-09.train-c
2026-05-10 19:52:31,159 - data_loader - INFO -   File 150/153: 2017-05-09.train-c - 1500 messages, 16570 total samples so far
2026-05-10 19:52:31,159 - data_loader - INFO - Loading conversation from data/train/2017-07-15.train-c.ascii.txt
2026-05-10 19:52:31,160 - data_loader - INFO -   Read 1500 lines from ASCII file
2026-05-10 19:52:31,164 - data_loader - INFO -   Parsed 1500 messages, found 83 unique users
2026-05-10 19:52:31,401 - data_loader - INFO -   Loaded 350 gold links from annotation file
2026-05-10 19:52:31,401 - data_loader - INFO -   Conversation '2017-07-15.train-c' loaded in 0.24s
2026-05-10 19:52:31,402 - data_loader - INFO -   Creating samples for 2017-07-15.train-c: messages 0 to 1500 (limited)
2026-05-10 19:52:31,404 - data_loader - INFO -   LABEL CHECK [2017-07-15.train-c sample #16570]: gold_parent_idx=14, gold_msg_idx=1000, C=15, msg_i_idx=1000, candidate_range=[986, 1000]
2026-05-10 19:52:31,404 - data_loader - INFO -   LABEL CHECK [2017-07-15.train-c sample #16571]: gold_parent_idx=14, gold_msg_idx=1001, C=15, msg_i_idx=1001, candidate_range=[987, 1001]
2026-05-10 19:52:31,405 - data_loader - INFO -   LABEL CHECK [2017-07-15.train-c sample #16572]: gold_parent_idx=14, gold_msg_idx=1002, C=15, msg_i_idx=1002, candidate_range=[988, 1002]
2026-05-10 19:52:31,409 - data_loader - INFO -   Created 35 samples for 2017-07-15.train-c
2026-05-10 19:52:31,409 - data_loader - INFO -   File 151/153: 2017-07-15.train-c - 1500 messages, 16605 total samples so far
2026-05-10 19:52:31,409 - data_loader - INFO - Loading conversation from data/train/2017-09-02.train-c.ascii.txt
2026-05-10 19:52:31,411 - data_loader - INFO -   Read 1500 lines from ASCII file
2026-05-10 19:52:31,415 - data_loader - INFO -   Parsed 1500 messages, found 110 unique users
2026-05-10 19:52:31,706 - data_loader - INFO -   Loaded 365 gold links from annotation file
2026-05-10 19:52:31,706 - data_loader - INFO -   Conversation '2017-09-02.train-c' loaded in 0.30s
2026-05-10 19:52:31,706 - data_loader - INFO -   Creating samples for 2017-09-02.train-c: messages 0 to 1500 (limited)
2026-05-10 19:52:31,709 - data_loader - INFO -   LABEL CHECK [2017-09-02.train-c sample #16605]: gold_parent_idx=14, gold_msg_idx=1004, C=15, msg_i_idx=1004, candidate_range=[990, 1004]
2026-05-10 19:52:31,709 - data_loader - INFO -   LABEL CHECK [2017-09-02.train-c sample #16606]: gold_parent_idx=14, gold_msg_idx=1040, C=15, msg_i_idx=1040, candidate_range=[1026, 1040]
2026-05-10 19:52:31,710 - data_loader - INFO -   LABEL CHECK [2017-09-02.train-c sample #16607]: gold_parent_idx=14, gold_msg_idx=1057, C=15, msg_i_idx=1057, candidate_range=[1043, 1057]
2026-05-10 19:52:31,714 - data_loader - INFO -   Created 36 samples for 2017-09-02.train-c
2026-05-10 19:52:31,714 - data_loader - INFO -   File 152/153: 2017-09-02.train-c - 1500 messages, 16641 total samples so far
2026-05-10 19:52:31,714 - data_loader - INFO - Loading conversation from data/train/2018-02-27.train-c.ascii.txt
2026-05-10 19:52:31,715 - data_loader - INFO -   Read 1500 lines from ASCII file
2026-05-10 19:52:31,719 - data_loader - INFO -   Parsed 1500 messages, found 148 unique users
2026-05-10 19:52:32,100 - data_loader - INFO -   Loaded 375 gold links from annotation file
2026-05-10 19:52:32,101 - data_loader - INFO -   Conversation '2018-02-27.train-c' loaded in 0.39s
2026-05-10 19:52:32,101 - data_loader - INFO -   Creating samples for 2018-02-27.train-c: messages 0 to 1500 (limited)
2026-05-10 19:52:32,103 - data_loader - INFO -   LABEL CHECK [2018-02-27.train-c sample #16641]: gold_parent_idx=12, gold_msg_idx=1000, C=13, msg_i_idx=1000, candidate_range=[986, 1000]
2026-05-10 19:52:32,104 - data_loader - INFO -   LABEL CHECK [2018-02-27.train-c sample #16642]: gold_parent_idx=12, gold_msg_idx=1001, C=13, msg_i_idx=1001, candidate_range=[987, 1001]
2026-05-10 19:52:32,104 - data_loader - INFO -   LABEL CHECK [2018-02-27.train-c sample #16643]: gold_parent_idx=11, gold_msg_idx=1002, C=12, msg_i_idx=1002, candidate_range=[988, 1002]
2026-05-10 19:52:32,112 - data_loader - INFO -   Created 113 samples for 2018-02-27.train-c
2026-05-10 19:52:32,112 - data_loader - INFO -   File 153/153: 2018-02-27.train-c - 1500 messages, 16754 total samples so far
2026-05-10 19:52:32,112 - data_loader - INFO - Dataset initialization complete: 16754 samples from 153 conversations in 50.33s
2026-05-10 19:52:32,112 - __main__ - INFO -   Train dataset created: 16754 samples
2026-05-10 19:52:32,112 - __main__ - INFO - Loading 10 dev files...
2026-05-10 19:52:32,112 - data_loader - INFO - Initializing IRCDisentanglementDataset with 10 files
2026-05-10 19:52:32,112 - data_loader - INFO -   max_dist=15, max_length=128, skip_labels=False
2026-05-10 19:52:32,113 - data_loader - INFO -   test_start=0, test_end=1000000000
2026-05-10 19:52:32,113 - data_loader - INFO - Loading conversation from data/dev/2004-11-15_03.ascii.txt
2026-05-10 19:52:32,114 - data_loader - INFO -   Read 1250 lines from ASCII file
2026-05-10 19:52:32,118 - data_loader - INFO -   Parsed 1250 messages, found 76 unique users
2026-05-10 19:52:32,244 - data_loader - INFO -   Loaded 189 gold links from annotation file
2026-05-10 19:52:32,244 - data_loader - INFO -   Conversation '2004-11-15_03' loaded in 0.13s
2026-05-10 19:52:32,244 - data_loader - INFO -   Creating samples for 2004-11-15_03: all 1250 messages
2026-05-10 19:52:32,247 - data_loader - INFO -   LABEL CHECK [2004-11-15_03 sample #0]: gold_parent_idx=3, gold_msg_idx=1000, C=4, msg_i_idx=1000, candidate_range=[993, 1000]
2026-05-10 19:52:32,247 - data_loader - INFO -   LABEL CHECK [2004-11-15_03 sample #1]: gold_parent_idx=4, gold_msg_idx=1001, C=5, msg_i_idx=1001, candidate_range=[993, 1001]
2026-05-10 19:52:32,247 - data_loader - INFO -   LABEL CHECK [2004-11-15_03 sample #2]: gold_parent_idx=4, gold_msg_idx=1002, C=5, msg_i_idx=1002, candidate_range=[993, 1002]
2026-05-10 19:52:32,251 - data_loader - INFO -   Created 65 samples for 2004-11-15_03
2026-05-10 19:52:32,251 - data_loader - INFO -   File 1/10: 2004-11-15_03 - 1250 messages, 65 total samples so far
2026-05-10 19:52:32,251 - data_loader - INFO - Loading conversation from data/dev/2005-06-27_12.ascii.txt
2026-05-10 19:52:32,252 - data_loader - INFO -   Read 1250 lines from ASCII file
2026-05-10 19:52:32,256 - data_loader - INFO -   Parsed 1250 messages, found 77 unique users
2026-05-10 19:52:32,380 - data_loader - INFO -   Loaded 182 gold links from annotation file
2026-05-10 19:52:32,380 - data_loader - INFO -   Conversation '2005-06-27_12' loaded in 0.13s
2026-05-10 19:52:32,380 - data_loader - INFO -   Creating samples for 2005-06-27_12: all 1250 messages
2026-05-10 19:52:32,382 - data_loader - INFO -   LABEL CHECK [2005-06-27_12 sample #65]: gold_parent_idx=13, gold_msg_idx=1000, C=14, msg_i_idx=1000, candidate_range=[986, 1000]
2026-05-10 19:52:32,383 - data_loader - INFO -   LABEL CHECK [2005-06-27_12 sample #66]: gold_parent_idx=14, gold_msg_idx=1015, C=15, msg_i_idx=1015, candidate_range=[1001, 1015]
2026-05-10 19:52:32,383 - data_loader - INFO -   LABEL CHECK [2005-06-27_12 sample #67]: gold_parent_idx=13, gold_msg_idx=1018, C=14, msg_i_idx=1018, candidate_range=[1004, 1018]
2026-05-10 19:52:32,758 - data_loader - INFO -   Created 41 samples for 2005-06-27_12
2026-05-10 19:52:32,758 - data_loader - INFO -   File 2/10: 2005-06-27_12 - 1250 messages, 106 total samples so far
2026-05-10 19:52:32,758 - data_loader - INFO - Loading conversation from data/dev/2005-08-08_01.ascii.txt
2026-05-10 19:52:32,759 - data_loader - INFO -   Read 1250 lines from ASCII file
2026-05-10 19:52:32,762 - data_loader - INFO -   Parsed 1250 messages, found 95 unique users
2026-05-10 19:52:32,925 - data_loader - INFO -   Loaded 186 gold links from annotation file
2026-05-10 19:52:32,925 - data_loader - INFO -   Conversation '2005-08-08_01' loaded in 0.17s
2026-05-10 19:52:32,925 - data_loader - INFO -   Creating samples for 2005-08-08_01: all 1250 messages
2026-05-10 19:52:32,928 - data_loader - INFO -   LABEL CHECK [2005-08-08_01 sample #106]: gold_parent_idx=11, gold_msg_idx=1000, C=12, msg_i_idx=1000, candidate_range=[986, 1000]
2026-05-10 19:52:32,928 - data_loader - INFO -   LABEL CHECK [2005-08-08_01 sample #107]: gold_parent_idx=13, gold_msg_idx=1005, C=14, msg_i_idx=1005, candidate_range=[991, 1005]
2026-05-10 19:52:32,928 - data_loader - INFO -   LABEL CHECK [2005-08-08_01 sample #108]: gold_parent_idx=13, gold_msg_idx=1010, C=14, msg_i_idx=1010, candidate_range=[996, 1010]
2026-05-10 19:52:32,932 - data_loader - INFO -   Created 70 samples for 2005-08-08_01
2026-05-10 19:52:32,932 - data_loader - INFO -   File 3/10: 2005-08-08_01 - 1250 messages, 176 total samples so far
2026-05-10 19:52:32,933 - data_loader - INFO - Loading conversation from data/dev/2008-12-11_11.ascii.txt
2026-05-10 19:52:32,934 - data_loader - INFO -   Read 1250 lines from ASCII file
2026-05-10 19:52:32,938 - data_loader - INFO -   Parsed 1250 messages, found 142 unique users
2026-05-10 19:52:33,245 - data_loader - INFO -   Loaded 172 gold links from annotation file
2026-05-10 19:52:33,245 - data_loader - INFO -   Conversation '2008-12-11_11' loaded in 0.31s
2026-05-10 19:52:33,245 - data_loader - INFO -   Creating samples for 2008-12-11_11: all 1250 messages
2026-05-10 19:52:33,248 - data_loader - INFO -   LABEL CHECK [2008-12-11_11 sample #176]: gold_parent_idx=14, gold_msg_idx=1002, C=15, msg_i_idx=1002, candidate_range=[988, 1002]
2026-05-10 19:52:33,248 - data_loader - INFO -   LABEL CHECK [2008-12-11_11 sample #177]: gold_parent_idx=14, gold_msg_idx=1006, C=15, msg_i_idx=1006, candidate_range=[992, 1006]
2026-05-10 19:52:33,249 - data_loader - INFO -   LABEL CHECK [2008-12-11_11 sample #178]: gold_parent_idx=13, gold_msg_idx=1008, C=14, msg_i_idx=1008, candidate_range=[994, 1008]
2026-05-10 19:52:33,252 - data_loader - INFO -   Created 44 samples for 2008-12-11_11
2026-05-10 19:52:33,252 - data_loader - INFO -   File 4/10: 2008-12-11_11 - 1250 messages, 220 total samples so far
2026-05-10 19:52:33,252 - data_loader - INFO - Loading conversation from data/dev/2009-02-23_10.ascii.txt
2026-05-10 19:52:33,254 - data_loader - INFO -   Read 1250 lines from ASCII file
2026-05-10 19:52:33,258 - data_loader - INFO -   Parsed 1250 messages, found 111 unique users
2026-05-10 19:52:33,489 - data_loader - INFO -   Loaded 186 gold links from annotation file
2026-05-10 19:52:33,490 - data_loader - INFO -   Conversation '2009-02-23_10' loaded in 0.24s
2026-05-10 19:52:33,490 - data_loader - INFO -   Creating samples for 2009-02-23_10: all 1250 messages
2026-05-10 19:52:33,492 - data_loader - INFO -   LABEL CHECK [2009-02-23_10 sample #220]: gold_parent_idx=13, gold_msg_idx=1002, C=14, msg_i_idx=1002, candidate_range=[988, 1002]
2026-05-10 19:52:33,493 - data_loader - INFO -   LABEL CHECK [2009-02-23_10 sample #221]: gold_parent_idx=13, gold_msg_idx=1011, C=14, msg_i_idx=1011, candidate_range=[997, 1011]
2026-05-10 19:52:33,493 - data_loader - INFO -   LABEL CHECK [2009-02-23_10 sample #222]: gold_parent_idx=14, gold_msg_idx=1028, C=15, msg_i_idx=1028, candidate_range=[1014, 1028]
2026-05-10 19:52:33,497 - data_loader - INFO -   Created 53 samples for 2009-02-23_10
2026-05-10 19:52:33,497 - data_loader - INFO -   File 5/10: 2009-02-23_10 - 1250 messages, 273 total samples so far
2026-05-10 19:52:33,497 - data_loader - INFO - Loading conversation from data/dev/2009-03-03_10.ascii.txt
2026-05-10 19:52:33,498 - data_loader - INFO -   Read 1250 lines from ASCII file
2026-05-10 19:52:33,502 - data_loader - INFO -   Parsed 1250 messages, found 134 unique users
2026-05-10 19:52:33,782 - data_loader - INFO -   Loaded 188 gold links from annotation file
2026-05-10 19:52:33,782 - data_loader - INFO -   Conversation '2009-03-03_10' loaded in 0.28s
2026-05-10 19:52:33,782 - data_loader - INFO -   Creating samples for 2009-03-03_10: all 1250 messages
2026-05-10 19:52:33,785 - data_loader - INFO -   LABEL CHECK [2009-03-03_10 sample #273]: gold_parent_idx=14, gold_msg_idx=1005, C=15, msg_i_idx=1005, candidate_range=[991, 1005]
2026-05-10 19:52:33,785 - data_loader - INFO -   LABEL CHECK [2009-03-03_10 sample #274]: gold_parent_idx=14, gold_msg_idx=1011, C=15, msg_i_idx=1011, candidate_range=[997, 1011]
2026-05-10 19:52:33,785 - data_loader - INFO -   LABEL CHECK [2009-03-03_10 sample #275]: gold_parent_idx=13, gold_msg_idx=1016, C=14, msg_i_idx=1016, candidate_range=[1002, 1016]
2026-05-10 19:52:33,788 - data_loader - INFO -   Created 28 samples for 2009-03-03_10
2026-05-10 19:52:33,788 - data_loader - INFO -   File 6/10: 2009-03-03_10 - 1250 messages, 301 total samples so far
2026-05-10 19:52:33,788 - data_loader - INFO - Loading conversation from data/dev/2009-10-01_17.ascii.txt
2026-05-10 19:52:33,789 - data_loader - INFO -   Read 1250 lines from ASCII file
2026-05-10 19:52:33,793 - data_loader - INFO -   Parsed 1250 messages, found 166 unique users
2026-05-10 19:52:34,148 - data_loader - INFO -   Loaded 171 gold links from annotation file
2026-05-10 19:52:34,149 - data_loader - INFO -   Conversation '2009-10-01_17' loaded in 0.36s
2026-05-10 19:52:34,149 - data_loader - INFO -   Creating samples for 2009-10-01_17: all 1250 messages
2026-05-10 19:52:34,152 - data_loader - INFO -   LABEL CHECK [2009-10-01_17 sample #301]: gold_parent_idx=13, gold_msg_idx=1008, C=14, msg_i_idx=1008, candidate_range=[994, 1008]
2026-05-10 19:52:34,152 - data_loader - INFO -   LABEL CHECK [2009-10-01_17 sample #302]: gold_parent_idx=13, gold_msg_idx=1010, C=14, msg_i_idx=1010, candidate_range=[997, 1010]
2026-05-10 19:52:34,152 - data_loader - INFO -   LABEL CHECK [2009-10-01_17 sample #303]: gold_parent_idx=14, gold_msg_idx=1017, C=15, msg_i_idx=1017, candidate_range=[1003, 1017]
2026-05-10 19:52:34,156 - data_loader - INFO -   Created 45 samples for 2009-10-01_17
2026-05-10 19:52:34,156 - data_loader - INFO -   File 7/10: 2009-10-01_17 - 1250 messages, 346 total samples so far
2026-05-10 19:52:34,156 - data_loader - INFO - Loading conversation from data/dev/2011-05-29_19.ascii.txt
2026-05-10 19:52:34,157 - data_loader - INFO -   Read 1250 lines from ASCII file
2026-05-10 19:52:34,161 - data_loader - INFO -   Parsed 1250 messages, found 152 unique users
2026-05-10 19:52:34,490 - data_loader - INFO -   Loaded 181 gold links from annotation file
2026-05-10 19:52:34,490 - data_loader - INFO -   Conversation '2011-05-29_19' loaded in 0.33s
2026-05-10 19:52:34,490 - data_loader - INFO -   Creating samples for 2011-05-29_19: all 1250 messages
2026-05-10 19:52:34,493 - data_loader - INFO -   LABEL CHECK [2011-05-29_19 sample #346]: gold_parent_idx=13, gold_msg_idx=1000, C=14, msg_i_idx=1000, candidate_range=[986, 1000]
2026-05-10 19:52:34,493 - data_loader - INFO -   LABEL CHECK [2011-05-29_19 sample #347]: gold_parent_idx=14, gold_msg_idx=1016, C=15, msg_i_idx=1016, candidate_range=[1002, 1016]
2026-05-10 19:52:34,494 - data_loader - INFO -   LABEL CHECK [2011-05-29_19 sample #348]: gold_parent_idx=14, gold_msg_idx=1018, C=15, msg_i_idx=1018, candidate_range=[1004, 1018]
2026-05-10 19:52:34,498 - data_loader - INFO -   Created 42 samples for 2011-05-29_19
2026-05-10 19:52:34,498 - data_loader - INFO -   File 8/10: 2011-05-29_19 - 1250 messages, 388 total samples so far
2026-05-10 19:52:34,498 - data_loader - INFO - Loading conversation from data/dev/2011-11-13_02.ascii.txt
2026-05-10 19:52:34,499 - data_loader - INFO -   Read 1250 lines from ASCII file
2026-05-10 19:52:34,502 - data_loader - INFO -   Parsed 1250 messages, found 164 unique users
2026-05-10 19:52:34,876 - data_loader - INFO -   Loaded 165 gold links from annotation file
2026-05-10 19:52:34,876 - data_loader - INFO -   Conversation '2011-11-13_02' loaded in 0.38s
2026-05-10 19:52:34,876 - data_loader - INFO -   Creating samples for 2011-11-13_02: all 1250 messages
2026-05-10 19:52:34,879 - data_loader - INFO -   LABEL CHECK [2011-11-13_02 sample #388]: gold_parent_idx=12, gold_msg_idx=1001, C=13, msg_i_idx=1001, candidate_range=[987, 1001]
2026-05-10 19:52:34,879 - data_loader - INFO -   LABEL CHECK [2011-11-13_02 sample #389]: gold_parent_idx=12, gold_msg_idx=1002, C=13, msg_i_idx=1002, candidate_range=[988, 1002]
2026-05-10 19:52:34,879 - data_loader - INFO -   LABEL CHECK [2011-11-13_02 sample #390]: gold_parent_idx=12, gold_msg_idx=1003, C=13, msg_i_idx=1003, candidate_range=[989, 1003]
2026-05-10 19:52:34,883 - data_loader - INFO -   Created 39 samples for 2011-11-13_02
2026-05-10 19:52:34,883 - data_loader - INFO -   File 9/10: 2011-11-13_02 - 1250 messages, 427 total samples so far
2026-05-10 19:52:34,883 - data_loader - INFO - Loading conversation from data/dev/2016-12-19_20.ascii.txt
2026-05-10 19:52:34,884 - data_loader - INFO -   Read 1250 lines from ASCII file
2026-05-10 19:52:34,887 - data_loader - INFO -   Parsed 1250 messages, found 165 unique users
2026-05-10 19:52:35,234 - data_loader - INFO -   Loaded 176 gold links from annotation file
2026-05-10 19:52:35,234 - data_loader - INFO -   Conversation '2016-12-19_20' loaded in 0.35s
2026-05-10 19:52:35,234 - data_loader - INFO -   Creating samples for 2016-12-19_20: all 1250 messages
2026-05-10 19:52:35,237 - data_loader - INFO -   LABEL CHECK [2016-12-19_20 sample #427]: gold_parent_idx=14, gold_msg_idx=1003, C=15, msg_i_idx=1003, candidate_range=[989, 1003]
2026-05-10 19:52:35,237 - data_loader - INFO -   LABEL CHECK [2016-12-19_20 sample #428]: gold_parent_idx=13, gold_msg_idx=1011, C=14, msg_i_idx=1011, candidate_range=[997, 1011]
2026-05-10 19:52:35,238 - data_loader - INFO -   LABEL CHECK [2016-12-19_20 sample #429]: gold_parent_idx=13, gold_msg_idx=1013, C=14, msg_i_idx=1013, candidate_range=[999, 1013]
2026-05-10 19:52:35,241 - data_loader - INFO -   Created 35 samples for 2016-12-19_20
2026-05-10 19:52:35,241 - data_loader - INFO -   File 10/10: 2016-12-19_20 - 1250 messages, 462 total samples so far
2026-05-10 19:52:35,241 - data_loader - INFO - Dataset initialization complete: 462 samples from 10 conversations in 3.13s
2026-05-10 19:52:35,241 - __main__ - INFO -   Dev dataset created: 462 samples
2026-05-10 19:52:35,241 - __main__ - INFO -   Train dataset: 16754 samples
2026-05-10 19:52:35,241 - __main__ - INFO - Training: 16754 samples | 4189 batches/epoch | batch_size=4 | max_dist=15 | max_length=128
2026-05-10 19:52:35,241 - __main__ - INFO -   Dev dataset: 462 samples
2026-05-10 19:52:35,241 - __main__ - INFO - Validation: 462 samples | 116 batches
2026-05-10 19:52:35,242 - __main__ - INFO - Creating model...
2026-05-10 19:52:35,475 - httpx - INFO - HTTP Request: HEAD https://huggingface.co/microsoft/deberta-v3-base/resolve/main/config.json "HTTP/1.1 307 Temporary Redirect"
2026-05-10 19:52:35,481 - httpx - INFO - HTTP Request: HEAD https://huggingface.co/api/resolve-cache/models/microsoft/deberta-v3-base/8ccc9b6f36199bec6961081d44eb72fb3f7353f3/config.json "HTTP/1.1 200 OK"
2026-05-10 19:52:36,128 - httpx - INFO - HTTP Request: HEAD https://huggingface.co/microsoft/deberta-v3-base/resolve/main/model.safetensors "HTTP/1.1 404 Not Found"
2026-05-10 19:52:36,363 - httpx - INFO - HTTP Request: GET https://huggingface.co/api/models/microsoft/deberta-v3-base "HTTP/1.1 200 OK"
2026-05-10 19:52:36,613 - httpx - INFO - HTTP Request: GET https://huggingface.co/api/models/microsoft/deberta-v3-base/commits/main "HTTP/1.1 200 OK"
2026-05-10 19:52:36,867 - httpx - INFO - HTTP Request: GET https://huggingface.co/api/models/microsoft/deberta-v3-base/discussions?p=0 "HTTP/1.1 200 OK"
2026-05-10 19:52:37,115 - httpx - INFO - HTTP Request: GET https://huggingface.co/api/models/microsoft/deberta-v3-base/commits/refs%2Fpr%2F14 "HTTP/1.1 200 OK"
2026-05-10 19:52:37,347 - httpx - INFO - HTTP Request: HEAD https://huggingface.co/microsoft/deberta-v3-base/resolve/refs%2Fpr%2F14/model.safetensors.index.json "HTTP/1.1 404 Not Found"
2026-05-10 19:52:37,591 - httpx - INFO - HTTP Request: HEAD https://huggingface.co/microsoft/deberta-v3-base/resolve/refs%2Fpr%2F14/model.safetensors "HTTP/1.1 302 Found"
2026-05-10 19:52:37,626 - httpx - INFO - HTTP Request: HEAD https://huggingface.co/microsoft/deberta-v3-base/resolve/main/config.json "HTTP/1.1 307 Temporary Redirect"
2026-05-10 19:52:37,632 - httpx - INFO - HTTP Request: HEAD https://huggingface.co/api/resolve-cache/models/microsoft/deberta-v3-base/8ccc9b6f36199bec6961081d44eb72fb3f7353f3/config.json "HTTP/1.1 200 OK"
2026-05-10 19:52:38,186 - __main__ - INFO -   Parameters: 183,832,326 trainable, 183,832,326 total
2026-05-10 19:52:38,186 - __main__ - INFO -   BERT hidden size: 768
2026-05-10 19:52:38,186 - __main__ - INFO -   Combined size: 773
2026-05-10 19:52:38,186 - __main__ - INFO - Resuming from checkpoint: /scratch/user/s4901673/ircbert_runs/debug_checkpoints/checkpoint_epoch_5.pt
2026-05-10 19:52:38,186 - __main__ - INFO - Loading checkpoint from /scratch/user/s4901673/ircbert_runs/debug_checkpoints/checkpoint_epoch_5.pt
2026-05-10 19:52:39,132 - __main__ - INFO - Loaded checkpoint from /scratch/user/s4901673/ircbert_runs/debug_checkpoints/checkpoint_epoch_5.pt (epoch 5)
2026-05-10 19:52:39,133 - __main__ - INFO - Running test evaluation...
2026-05-10 19:52:39,133 - __main__ - INFO - ================================================================================
2026-05-10 19:52:39,134 - __main__ - INFO - Starting evaluation on 462 samples
2026-05-10 19:52:40,377 - __main__ - INFO -   Evaluation progress: 10/116 batches (8.04 batches/s)
2026-05-10 19:52:40,675 - __main__ - INFO -   Evaluation progress: 20/116 batches (12.98 batches/s)
2026-05-10 19:52:40,974 - __main__ - INFO -   Evaluation progress: 30/116 batches (16.31 batches/s)
2026-05-10 19:52:41,274 - __main__ - INFO -   Evaluation progress: 40/116 batches (18.69 batches/s)
2026-05-10 19:52:41,581 - __main__ - INFO -   Evaluation progress: 50/116 batches (20.43 batches/s)
2026-05-10 19:52:41,901 - __main__ - INFO -   Evaluation progress: 60/116 batches (21.68 batches/s)
2026-05-10 19:52:42,215 - __main__ - INFO -   Evaluation progress: 70/116 batches (22.72 batches/s)
2026-05-10 19:52:42,534 - __main__ - INFO -   Evaluation progress: 80/116 batches (23.53 batches/s)
2026-05-10 19:52:42,848 - __main__ - INFO -   Evaluation progress: 90/116 batches (24.23 batches/s)
2026-05-10 19:52:43,160 - __main__ - INFO -   Evaluation progress: 100/116 batches (24.84 batches/s)
2026-05-10 19:52:43,480 - __main__ - INFO -   Evaluation progress: 110/116 batches (25.31 batches/s)
2026-05-10 19:52:43,664 - __main__ - INFO -   Prediction sample (first 20):
2026-05-10 19:52:43,664 - __main__ - INFO -     Predicted: [3, 4, 4, 13, 12, 12, 11, 10, 10, 9, 8, 10, 11, 11, 12, 11, 10, 9, 10, 10]
2026-05-10 19:52:43,664 - __main__ - INFO -     Gold:      [3, 4, 4, 13, 12, 12, 11, 10, 10, 9, 8, 10, 11, 11, 12, 11, 10, 9, 10, 10]
2026-05-10 19:52:43,664 - __main__ - INFO -     Abs error: [0, 0, 0, 0, 0, 0, 0, 0, 0, 0, 0, 0, 0, 0, 0, 0, 0, 0, 0, 0] (mean=0.00)
2026-05-10 19:52:43,664 - __main__ - INFO -   Per-position accuracy (top 10 classes):
2026-05-10 19:52:43,664 - __main__ - INFO -     Position  3: 1.000 accuracy (1 samples)
2026-05-10 19:52:43,665 - __main__ - INFO -     Position  4: 1.000 accuracy (2 samples)
2026-05-10 19:52:43,665 - __main__ - INFO -     Position  7: 1.000 accuracy (1 samples)
2026-05-10 19:52:43,665 - __main__ - INFO -     Position  8: 1.000 accuracy (3 samples)
2026-05-10 19:52:43,665 - __main__ - INFO -     Position  9: 1.000 accuracy (17 samples)
2026-05-10 19:52:43,665 - __main__ - INFO - Evaluation complete in 4.53s
2026-05-10 19:52:43,665 - __main__ - INFO -   Loss: 1.5334, Accuracy: 1.0000, Precision: 0.6667, Recall: 0.6667, F1: 0.6667
2026-05-10 19:52:43,665 - __main__ - INFO - Test Results:
2026-05-10 19:52:43,665 - __main__ - INFO - Loss: 1.5334
2026-05-10 19:52:43,665 - __main__ - INFO - Accuracy: 1.0000
2026-05-10 19:52:43,665 - __main__ - INFO - Precision: 0.6667
2026-05-10 19:52:43,665 - __main__ - INFO - Recall: 0.6667
2026-05-10 19:52:43,665 - __main__ - INFO - F1: 0.6667
2026-05-10 19:52:43,667 - __main__ - INFO - Results saved to checkpoints/test_results.json
2026-05-10 19:52:43,667 - __main__ - INFO - ================================================================================
2026-05-10 19:52:43,667 - __main__ - INFO - Done!
2026-05-10 19:52:43,667 - __main__ - INFO - ================================================================================
2026-05-10 19:52:43,667 - __main__ - INFO - Log file: /home/s4901673/workspace/irc-disentanglement-bert-pytorch/logs/train_20260510_195140.log
